case,factors,geometry,noise,quotes,calibration_quotes,holdout_quotes,invalid_observed_quotes,true_quadrature_max_error_spot,quote,holdout,strike,tau,true_price_spot,observed_price_spot,true_iv,observed_iv
f2_909131_000,2,rich,0.0,126,84,42,0,2.178257574314557e-14,0,False,0.8,0.0821917808219178,0.20243872716781885,0.20243872716781885,0.4696727116361483,0.4696727116361483
f2_909131_000,2,rich,0.0,126,84,42,0,2.178257574314557e-14,1,False,0.8200000000000001,0.0821917808219178,0.18378904071619695,0.18378904071619695,0.46975939329695315,0.46975939329695315
f2_909131_000,2,rich,0.0,126,84,42,0,2.178257574314557e-14,2,True,0.8400000000000001,0.0821917808219178,0.16568435589551184,0.16568435589551184,0.4699576533001022,0.4699576533001022
f2_909131_000,2,rich,0.0,126,84,42,0,2.178257574314557e-14,3,False,0.86,0.0821917808219178,0.14825447792361554,0.14825447792361554,0.4702618888131303,0.4702618888131303
f2_909131_000,2,rich,0.0,126,84,42,0,2.178257574314557e-14,4,False,0.88,0.0821917808219178,0.13162991824649334,0.13162991824649334,0.4706667309454588,0.4706667309454588
f2_909131_000,2,rich,0.0,126,84,42,0,2.178257574314557e-14,5,True,0.9,0.0821917808219178,0.11593371649897787,0.11593371649897787,0.47116702632828233,0.47116702632828233
f2_909131_000,2,rich,0.0,126,84,42,0,2.178257574314557e-14,6,False,0.92,0.0821917808219178,0.10127345987259787,0.10127345987259787,0.4717578205968423,0.4717578205968423
f2_909131_000,2,rich,0.0,126,84,42,0,2.178257574314557e-14,7,False,0.9400000000000001,0.0821917808219178,0.08773446298127298,0.08773446298127298,0.4724343436381747,0.4724343436381747
f2_909131_000,2,rich,0.0,126,84,42,0,2.178257574314557e-14,8,True,0.96,0.0821917808219178,0.0753748649213329,0.0753748649213329,0.4731919964694413,0.4731919964694413
f2_909131_000,2,rich,0.0,126,84,42,0,2.178257574314557e-14,9,False,0.98,0.0821917808219178,0.06422308027557076,0.06422308027557076,0.47402633962194485,0.47402633962194485
f2_909131_000,2,rich,0.0,126,84,42,0,2.178257574314557e-14,10,False,1.0,0.0821917808219178,0.05427768391655918,0.05427768391655918,0.47493308292001923,0.47493308292001923
f2_909131_000,2,rich,0.0,126,84,42,0,2.178257574314557e-14,11,True,1.02,0.0821917808219178,0.04550948807029532,0.04550948807029532,0.4759080765587965,0.4759080765587965
f2_909131_000,2,rich,0.0,126,84,42,0,2.178257574314557e-14,12,False,1.04,0.0821917808219178,0.03786533585669945,0.03786533585669945,0.47694730339814984,0.47694730339814984
f2_909131_000,2,rich,0.0,126,84,42,0,2.178257574314557e-14,13,False,1.06,0.0821917808219178,0.031273011891893784,0.031273011891893784,0.47804687240024674,0.47804687240024674
f2_909131_000,2,rich,0.0,126,84,42,0,2.178257574314557e-14,14,True,1.08,0.0821917808219178,0.025646654335485825,0.025646654335485825,0.479203013144083,0.479203013144083
f2_909131_000,2,rich,0.0,126,84,42,0,2.178257574314557e-14,15,False,1.1,0.0821917808219178,0.020892121714040677,0.020892121714040677,0.4804120713520931,0.4804120713520931
f2_909131_000,2,rich,0.0,126,84,42,0,2.178257574314557e-14,16,False,1.12,0.0821917808219178,0.01691189037651064,0.01691189037651064,0.48167050536166556,0.48167050536166556
f2_909131_000,2,rich,0.0,126,84,42,0,2.178257574314557e-14,17,True,1.1400000000000001,0.0821917808219178,0.013609202572587891,0.013609202572587891,0.48297488346880124,0.48297488346880124
f2_909131_000,2,rich,0.0,126,84,42,0,2.178257574314557e-14,18,False,1.16,0.0821917808219178,0.010891324685790467,0.010891324685790467,0.48432188206329563,0.48432188206329563
f2_909131_000,2,rich,0.0,126,84,42,0,2.178257574314557e-14,19,False,1.18,0.0821917808219178,0.008671892583130112,0.008671892583130112,0.4857082844658847,0.4857082844658847
f2_909131_000,2,rich,0.0,126,84,42,0,2.178257574314557e-14,20,True,1.2,0.0821917808219178,0.006872407731472474,0.006872407731472474,0.48713098036875757,0.48713098036875757
f2_909131_000,2,rich,0.0,126,84,42,0,2.178257574314557e-14,21,False,0.8,0.1643835616438356,0.21036040874721104,0.21036040874721104,0.47337701683497485,0.47337701683497485
f2_909131_000,2,rich,0.0,126,84,42,0,2.178257574314557e-14,22,False,0.8200000000000001,0.1643835616438356,0.19354531435691794,0.19354531435691794,0.47359437558774725,0.47359437558774725
f2_909131_000,2,rich,0.0,126,84,42,0,2.178257574314557e-14,23,True,0.8400000000000001,0.1643835616438356,0.17739617861602328,0.17739617861602328,0.4738944118200938,0.4738944118200938
f2_909131_000,2,rich,0.0,126,84,42,0,2.178257574314557e-14,24,False,0.86,0.1643835616438356,0.1619736385010519,0.1619736385010519,0.47427252979626805,0.47427252979626805
f2_909131_000,2,rich,0.0,126,84,42,0,2.178257574314557e-14,25,False,0.88,0.1643835616438356,0.1473295531051707,0.1473295531051707,0.4747243577877693,0.4747243577877693
f2_909131_000,2,rich,0.0,126,84,42,0,2.178257574314557e-14,26,True,0.9,0.1643835616438356,0.13350537657399722,0.13350537657399722,0.4752457330856309,0.4752457330856309
f2_909131_000,2,rich,0.0,126,84,42,0,2.178257574314557e-14,27,False,0.92,0.1643835616438356,0.12053108461215473,0.12053108461215473,0.47583268877320917,0.47583268877320917
f2_909131_000,2,rich,0.0,126,84,42,0,2.178257574314557e-14,28,False,0.9400000000000001,0.1643835616438356,0.10842467751647528,0.10842467751647528,0.47648144197027975,0.47648144197027975
f2_909131_000,2,rich,0.0,126,84,42,0,2.178257574314557e-14,29,True,0.96,0.1643835616438356,0.09719223563357526,0.09719223563357526,0.47718838330642555,0.47718838330642555
f2_909131_000,2,rich,0.0,126,84,42,0,2.178257574314557e-14,30,False,0.98,0.1643835616438356,0.0868284652571064,0.0868284652571064,0.47795006742363305,0.47795006742363305
f2_909131_000,2,rich,0.0,126,84,42,0,2.178257574314557e-14,31,False,1.0,0.1643835616438356,0.07731764665221602,0.07731764665221602,0.47876320434487485,0.47876320434487485
f2_909131_000,2,rich,0.0,126,84,42,0,2.178257574314557e-14,32,True,1.02,0.1643835616438356,0.06863488161222324,0.06863488161222324,0.4796246515769929,0.4796246515769929
f2_909131_000,2,rich,0.0,126,84,42,0,2.178257574314557e-14,33,False,1.04,0.1643835616438356,0.060747534698773566,0.060747534698773566,0.4805314068427431,0.4805314068427431
f2_909131_000,2,rich,0.0,126,84,42,0,2.178257574314557e-14,34,False,1.06,0.1643835616438356,0.05361676807206168,0.05361676807206168,0.4814806013587592,0.4814806013587592
f2_909131_000,2,rich,0.0,126,84,42,0,2.178257574314557e-14,35,True,1.08,0.1643835616438356,0.04719908206898878,0.04719908206898878,0.482469493593774,0.482469493593774
f2_909131_000,2,rich,0.0,126,84,42,0,2.178257574314557e-14,36,False,1.1,0.1643835616438356,0.04144778986244574,0.04144778986244574,0.4834954634552868,0.4834954634552868
f2_909131_000,2,rich,0.0,126,84,42,0,2.178257574314557e-14,37,False,1.12,0.1643835616438356,0.036314372320502476,0.036314372320502476,0.4845560068634847,0.4845560068634847
f2_909131_000,2,rich,0.0,126,84,42,0,2.178257574314557e-14,38,True,1.1400000000000001,0.1643835616438356,0.03174967671410594,0.03174967671410594,0.4856487306790599,0.4856487306790599
f2_909131_000,2,rich,0.0,126,84,42,0,2.178257574314557e-14,39,False,1.16,0.1643835616438356,0.02770493885394236,0.02770493885394236,0.48677134795725474,0.48677134795725474
f2_909131_000,2,rich,0.0,126,84,42,0,2.178257574314557e-14,40,False,1.18,0.1643835616438356,0.024132621742688237,0.024132621742688237,0.48792167350429516,0.48792167350429516
f2_909131_000,2,rich,0.0,126,84,42,0,2.178257574314557e-14,41,True,1.2,0.1643835616438356,0.02098707452509143,0.02098707452509143,0.4890976197149436,0.4890976197149436
f2_909131_000,2,rich,0.0,126,84,42,0,2.178257574314557e-14,42,False,0.8,0.2465753424657534,0.21947458807046072,0.21947458807046072,0.47589466208175624,0.47589466208175624
f2_909131_000,2,rich,0.0,126,84,42,0,2.178257574314557e-14,43,False,0.8200000000000001,0.2465753424657534,0.203904641062259,0.203904641062259,0.47618727985420495,0.47618727985420495
f2_909131_000,2,rich,0.0,126,84,42,0,2.178257574314557e-14,44,True,0.8400000000000001,0.2465753424657534,0.18898477158110769,0.18898477158110769,0.47654340269261086,0.47654340269261086
f2_909131_000,2,rich,0.0,126,84,42,0,2.178257574314557e-14,45,False,0.86,0.2465753424657534,0.1747447332928817,0.1747447332928817,0.476959222851056,0.476959222851056
f2_909131_000,2,rich,0.0,126,84,42,0,2.178257574314557e-14,46,False,0.88,0.2465753424657534,0.16120723605911857,0.16120723605911857,0.4774311385726359,0.4774311385726359
f2_909131_000,2,rich,0.0,126,84,42,0,2.178257574314557e-14,47,True,0.9,0.2465753424657534,0.14838772027332078,0.14838772027332078,0.47795574077640957,0.47795574077640957
f2_909131_000,2,rich,0.0,126,84,42,0,2.178257574314557e-14,48,False,0.92,0.2465753424657534,0.13629438052537873,0.13629438052537873,0.4785298011264109,0.4785298011264109
f2_909131_000,2,rich,0.0,126,84,42,0,2.178257574314557e-14,49,False,0.9400000000000001,0.2465753424657534,0.12492841075780309,0.12492841075780309,0.47915026125271887,0.47915026125271887
f2_909131_000,2,rich,0.0,126,84,42,0,2.178257574314557e-14,50,True,0.96,0.2465753424657534,0.11428443505335906,0.11428443505335906,0.479814222937379,0.479814222937379
f2_909131_000,2,rich,0.0,126,84,42,0,2.178257574314557e-14,51,False,0.98,0.2465753424657534,0.10435108385280421,0.10435108385280421,0.4805189391137314,0.4805189391137314
f2_909131_000,2,rich,0.0,126,84,42,0,2.178257574314557e-14,52,False,1.0,0.2465753424657534,0.09511167434027606,0.09511167434027606,0.4812618055573459,0.4812618055573459
f2_909131_000,2,rich,0.0,126,84,42,0,2.178257574314557e-14,53,True,1.02,0.2465753424657534,0.08654495535718329,0.08654495535718329,0.4820403531711298,0.4820403531711298
f2_909131_000,2,rich,0.0,126,84,42,0,2.178257574314557e-14,54,False,1.04,0.2465753424657534,0.07862588083179164,0.07862588083179164,0.4828522407869941,0.4828522407869941
f2_909131_000,2,rich,0.0,126,84,42,0,2.178257574314557e-14,55,False,1.06,0.2465753424657534,0.0713263806594844,0.0713263806594844,0.48369524842237416,0.48369524842237416
f2_909131_000,2,rich,0.0,126,84,42,0,2.178257574314557e-14,56,True,1.08,0.2465753424657534,0.06461610361812092,0.06461610361812092,0.4845672709426192,0.4845672709426192
f2_909131_000,2,rich,0.0,126,84,42,0,2.178257574314557e-14,57,False,1.1,0.2465753424657534,0.05846311273404937,0.05846311273404937,0.48546631209019436,0.48546631209019436
f2_909131_000,2,rich,0.0,126,84,42,0,2.178257574314557e-14,58,False,1.12,0.2465753424657534,0.05283451912439673,0.05283451912439673,0.48639047884938574,0.48639047884938574
f2_909131_000,2,rich,0.0,126,84,42,0,2.178257574314557e-14,59,True,1.1400000000000001,0.2465753424657534,0.04769704544581755,0.04769704544581755,0.4873379761210885,0.4873379761210885
f2_909131_000,2,rich,0.0,126,84,42,0,2.178257574314557e-14,60,False,1.16,0.2465753424657534,0.04301751450275031,0.04301751450275031,0.4883071016867168,0.4883071016867168
f2_909131_000,2,rich,0.0,126,84,42,0,2.178257574314557e-14,61,False,1.18,0.2465753424657534,0.03876326222477626,0.03876326222477626,0.4892962414435581,0.4892962414435581
f2_909131_000,2,rich,0.0,126,84,42,0,2.178257574314557e-14,62,True,1.2,0.2465753424657534,0.03490247710021923,0.03490247710021923,0.490303864896303,0.490303864896303
f2_909131_000,2,rich,0.0,126,84,42,0,2.178257574314557e-14,63,False,0.8,0.4931506849315068,0.24539240301016818,0.24539240301016818,0.47916596385673543,0.47916596385673543
f2_909131_000,2,rich,0.0,126,84,42,0,2.178257574314557e-14,64,False,0.8200000000000001,0.4931506849315068,0.2319408695154436,0.2319408695154436,0.479539895388675,0.479539895388675
f2_909131_000,2,rich,0.0,126,84,42,0,2.178257574314557e-14,65,True,0.8400000000000001,0.4931506849315068,0.21903382639841076,0.21903382639841076,0.47994632839859874,0.47994632839859874
f2_909131_000,2,rich,0.0,126,84,42,0,2.178257574314557e-14,66,False,0.86,0.4931506849315068,0.20667267855762644,0.20667267855762644,0.4803829738370147,0.4803829738370147
f2_909131_000,2,rich,0.0,126,84,42,0,2.178257574314557e-14,67,False,0.88,0.4931506849315068,0.1948558260454534,0.1948558260454534,0.4808476953819797,0.4808476953819797
f2_909131_000,2,rich,0.0,126,84,42,0,2.178257574314557e-14,68,True,0.9,0.4931506849315068,0.18357889784901577,0.18357889784901577,0.48133849803365614,0.48133849803365614
f2_909131_000,2,rich,0.0,126,84,42,0,2.178257574314557e-14,69,False,0.92,0.4931506849315068,0.17283500906161522,0.17283500906161522,0.4818535177580586,0.4818535177580586
f2_909131_000,2,rich,0.0,126,84,42,0,2.178257574314557e-14,70,False,0.9400000000000001,0.4931506849315068,0.16261503216500287,0.16261503216500287,0.482391012050414,0.482391012050414
f2_909131_000,2,rich,0.0,126,84,42,0,2.178257574314557e-14,71,True,0.96,0.4931506849315068,0.152907874255488,0.152907874255488,0.48294935130936556,0.48294935130936556
f2_909131_000,2,rich,0.0,126,84,42,0,2.178257574314557e-14,72,False,0.98,0.4931506849315068,0.14370075324542703,0.14370075324542703,0.4835270109301648,0.4835270109301648
f2_909131_000,2,rich,0.0,126,84,42,0,2.178257574314557e-14,73,False,1.0,0.4931506849315068,0.13497946728505372,0.13497946728505372,0.48412256403887693,0.48412256403887693
f2_909131_000,2,rich,0.0,126,84,42,0,2.178257574314557e-14,74,True,1.02,0.4931506849315068,0.12672865282329882,0.12672865282329882,0.4847346748009824,0.4847346748009824
f2_909131_000,2,rich,0.0,126,84,42,0,2.178257574314557e-14,75,False,1.04,0.4931506849315068,0.11893202782093296,0.11893202782093296,0.4853620922471278,0.4853620922471278
f2_909131_000,2,rich,0.0,126,84,42,0,2.178257574314557e-14,76,False,1.06,0.4931506849315068,0.11157261761915792,0.11157261761915792,0.48600364456650175,0.48600364456650175
f2_909131_000,2,rich,0.0,126,84,42,0,2.178257574314557e-14,77,True,1.08,0.4931506849315068,0.10463296183698358,0.10463296183698358,0.48665823382474593,0.48665823382474593
f2_909131_000,2,rich,0.0,126,84,42,0,2.178257574314557e-14,78,False,1.1,0.4931506849315068,0.09809530141564796,0.09809530141564796,0.48732483106862523,0.48732483106862523
f2_909131_000,2,rich,0.0,126,84,42,0,2.178257574314557e-14,79,False,1.12,0.4931506849315068,0.09194174554910038,0.09194174554910038,0.4880024717841943,0.4880024717841943
f2_909131_000,2,rich,0.0,126,84,42,0,2.178257574314557e-14,80,True,1.1400000000000001,0.4931506849315068,0.08615441874226516,0.08615441874226516,0.488690251678942,0.488690251678942
f2_909131_000,2,rich,0.0,126,84,42,0,2.178257574314557e-14,81,False,1.16,0.4931506849315068,0.08071558863285558,0.08071558863285558,0.4893873227615956,0.4893873227615956
f2_909131_000,2,rich,0.0,126,84,42,0,2.178257574314557e-14,82,False,1.18,0.4931506849315068,0.07560777550933373,0.07560777550933373,0.4900928896959967,0.4900928896959967
f2_909131_000,2,rich,0.0,126,84,42,0,2.178257574314557e-14,83,True,1.2,0.4931506849315068,0.0708138446695675,0.0708138446695675,0.4908062064077928,0.4908062064077928
f2_909131_000,2,rich,0.0,126,84,42,0,2.178257574314557e-14,84,False,0.8,1.0,0.2880386701855015,0.2880386701855015,0.47888173564016473,0.47888173564016473
f2_909131_000,2,rich,0.0,126,84,42,0,2.178257574314557e-14,85,False,0.8200000000000001,1.0,0.27656325158378836,0.27656325158378836,0.4792374485535481,0.4792374485535481
f2_909131_000,2,rich,0.0,126,84,42,0,2.178257574314557e-14,86,True,0.8400000000000001,1.0,0.2654987536598403,0.2654987536598403,0.47960342534853356,0.47960342534853356
f2_909131_000,2,rich,0.0,126,84,42,0,2.178257574314557e-14,87,False,0.86,1.0,0.25483777218692305,0.25483777218692305,0.4799787389866706,0.4799787389866706
f2_909131_000,2,rich,0.0,126,84,42,0,2.178257574314557e-14,88,False,0.88,1.0,0.24457214536263333,0.24457214536263333,0.48036253853378974,0.48036253853378974
f2_909131_000,2,rich,0.0,126,84,42,0,2.178257574314557e-14,89,True,0.9,1.0,0.23469307198120026,0.23469307198120026,0.4807540420900688,0.4807540420900688
f2_909131_000,2,rich,0.0,126,84,42,0,2.178257574314557e-14,90,False,0.92,1.0,0.22519122154891155,0.22519122154891155,0.48115253048195,0.48115253048195
f2_909131_000,2,rich,0.0,126,84,42,0,2.178257574314557e-14,91,False,0.9400000000000001,1.0,0.2160568360423974,0.2160568360423974,0.4815573416208425,0.4815573416208425
f2_909131_000,2,rich,0.0,126,84,42,0,2.178257574314557e-14,92,True,0.96,1.0,0.20727982321483054,0.20727982321483054,0.4819678654471439,0.4819678654471439
f2_909131_000,2,rich,0.0,126,84,42,0,2.178257574314557e-14,93,False,0.98,1.0,0.1988498415199398,0.1988498415199398,0.48238353938951495,0.48238353938951495
f2_909131_000,2,rich,0.0,126,84,42,0,2.178257574314557e-14,94,False,1.0,1.0,0.19075637685305075,0.19075637685305075,0.4828038442789459,0.4828038442789459
f2_909131_000,2,rich,0.0,126,84,42,0,2.178257574314557e-14,95,True,1.02,1.0,0.18298881140696927,0.18298881140696927,0.48322830066524797,0.48322830066524797
f2_909131_000,2,rich,0.0,126,84,42,0,2.178257574314557e-14,96,False,1.04,1.0,0.17553648501297392,0.17553648501297392,0.4836564654905071,0.4836564654905071
f2_909131_000,2,rich,0.0,126,84,42,0,2.178257574314557e-14,97,False,1.06,1.0,0.16838874938762782,0.16838874938762782,0.4840879290798793,0.4840879290798793
f2_909131_000,2,rich,0.0,126,84,42,0,2.178257574314557e-14,98,True,1.08,1.0,0.16153501573835452,0.16153501573835452,0.48452231241512417,0.48452231241512417
f2_909131_000,2,rich,0.0,126,84,42,0,2.178257574314557e-14,99,False,1.1,1.0,0.15496479619806697,0.15496479619806697,0.48495926466056405,0.48495926466056405
f2_909131_000,2,rich,0.0,126,84,42,0,2.178257574314557e-14,100,False,1.12,1.0,0.1486677395645358,0.1486677395645358,0.4853984609148491,0.4853984609148491
f2_909131_000,2,rich,0.0,126,84,42,0,2.178257574314557e-14,101,True,1.1400000000000001,1.0,0.14263366181614778,0.14263366181614778,0.48583960016508676,0.48583960016508676
f2_909131_000,2,rich,0.0,126,84,42,0,2.178257574314557e-14,102,False,1.16,1.0,0.1368525718644028,0.1368525718644028,0.48628240342266577,0.48628240342266577
f2_909131_000,2,rich,0.0,126,84,42,0,2.178257574314557e-14,103,False,1.18,1.0,0.1313146929867402,0.1313146929867402,0.48672661202248285,0.48672661202248285
f2_909131_000,2,rich,0.0,126,84,42,0,2.178257574314557e-14,104,True,1.2,1.0,0.1260104803625924,0.1260104803625924,0.48717198606936507,0.48717198606936507
f2_909131_000,2,rich,0.0,126,84,42,0,2.178257574314557e-14,105,False,0.8,2.0,0.3496627115565816,0.3496627115565816,0.4761791884196869,0.4761791884196869
f2_909131_000,2,rich,0.0,126,84,42,0,2.178257574314557e-14,106,False,0.8200000000000001,2.0,0.33997405316632234,0.33997405316632234,0.47644268774111526,0.47644268774111526
f2_909131_000,2,rich,0.0,126,84,42,0,2.178257574314557e-14,107,True,0.8400000000000001,2.0,0.33057967775647557,0.33057967775647557,0.4767065127398561,0.4767065127398561
f2_909131_000,2,rich,0.0,126,84,42,0,2.178257574314557e-14,108,False,0.86,2.0,0.3214715378817771,0.3214715378817771,0.4769704785037122,0.4769704785037122
f2_909131_000,2,rich,0.0,126,84,42,0,2.178257574314557e-14,109,False,0.88,2.0,0.31264161999264645,0.31264161999264645,0.4772344199052279,0.4772344199052279
f2_909131_000,2,rich,0.0,126,84,42,0,2.178257574314557e-14,110,True,0.9,2.0,0.3040819714495769,0.3040819714495769,0.47749818941630473,0.47749818941630473
f2_909131_000,2,rich,0.0,126,84,42,0,2.178257574314557e-14,111,False,0.92,2.0,0.2957847236434273,0.2957847236434273,0.47776165519330266,0.47776165519330266
f2_909131_000,2,rich,0.0,126,84,42,0,2.178257574314557e-14,112,False,0.9400000000000001,2.0,0.2877421116331757,0.2877421116331757,0.47802469939496045,0.47802469939496045
f2_909131_000,2,rich,0.0,126,84,42,0,2.178257574314557e-14,113,True,0.96,2.0,0.27994649067821326,0.27994649067821326,0.478287216701306,0.478287216701306
f2_909131_000,2,rich,0.0,126,84,42,0,2.178257574314557e-14,114,False,0.98,2.0,0.2723903500092087,0.2723903500092087,0.4785491130065855,0.4785491130065855
f2_909131_000,2,rich,0.0,126,84,42,0,2.178257574314557e-14,115,False,1.0,2.0,0.2650663241502461,0.2650663241502461,0.4788103042632757,0.4788103042632757
f2_909131_000,2,rich,0.0,126,84,42,0,2.178257574314557e-14,116,True,1.02,2.0,0.2579672020755332,0.2579672020755332,0.4790707154576068,0.4790707154576068
f2_909131_000,2,rich,0.0,126,84,42,0,2.178257574314557e-14,117,False,1.04,2.0,0.2510859344565919,0.2510859344565919,0.47933027969984593,0.47933027969984593
f2_909131_000,2,rich,0.0,126,84,42,0,2.178257574314557e-14,118,False,1.06,2.0,0.2444156392304991,0.2444156392304991,0.4795889374149776,0.4795889374149776
f2_909131_000,2,rich,0.0,126,84,42,0,2.178257574314557e-14,119,True,1.08,2.0,0.2379496056964088,0.2379496056964088,0.4798466356214008,0.4798466356214008
f2_909131_000,2,rich,0.0,126,84,42,0,2.178257574314557e-14,120,False,1.1,2.0,0.23168129732620574,0.23168129732620574,0.4801033272869737,0.4801033272869737
f2_909131_000,2,rich,0.0,126,84,42,0,2.178257574314557e-14,121,False,1.12,2.0,0.2256043534556269,0.2256043534556269,0.4803589707531689,0.4803589707531689
f2_909131_000,2,rich,0.0,126,84,42,0,2.178257574314557e-14,122,True,1.1400000000000001,2.0,0.21971259000442073,0.21971259000442073,0.4806135292193253,0.4806135292193253
f2_909131_000,2,rich,0.0,126,84,42,0,2.178257574314557e-14,123,False,1.16,2.0,0.2139999993580145,0.2139999993580145,0.4808669702800379,0.4808669702800379
f2_909131_000,2,rich,0.0,126,84,42,0,2.178257574314557e-14,124,False,1.18,2.0,0.20846074952857624,0.20846074952857624,0.4811192655096084,0.4811192655096084
f2_909131_000,2,rich,0.0,126,84,42,0,2.178257574314557e-14,125,True,1.2,2.0,0.20308918270020576,0.20308918270020576,0.48137039008826316,0.48137039008826316
f2_909131_001,2,rich,0.0,126,84,42,0,1.41886502547095e-14,0,False,0.8,0.0821917808219178,0.2005492759311551,0.2005492759311551,0.3646766528593224,0.3646766528593224
f2_909131_001,2,rich,0.0,126,84,42,0,1.41886502547095e-14,1,False,0.8200000000000001,0.0821917808219178,0.18103517101756975,0.18103517101756975,0.3637760291688021,0.3637760291688021
f2_909131_001,2,rich,0.0,126,84,42,0,1.41886502547095e-14,2,True,0.8400000000000001,0.0821917808219178,0.16184774252959527,0.16184774252959527,0.36291601804032625,0.36291601804032625
f2_909131_001,2,rich,0.0,126,84,42,0,1.41886502547095e-14,3,False,0.86,0.0821917808219178,0.1431355073803515,0.1431355073803515,0.36209494098695627,0.36209494098695627
f2_909131_001,2,rich,0.0,126,84,42,0,1.41886502547095e-14,4,False,0.88,0.0821917808219178,0.1250764901345856,0.1250764901345856,0.3613112051767701,0.3613112051767701
f2_909131_001,2,rich,0.0,126,84,42,0,1.41886502547095e-14,5,True,0.9,0.0821917808219178,0.10786848419297065,0.10786848419297065,0.3605632963364893,0.3605632963364893
f2_909131_001,2,rich,0.0,126,84,42,0,1.41886502547095e-14,6,False,0.92,0.0821917808219178,0.09171409037664081,0.09171409037664081,0.35984977252207956,0.35984977252207956
f2_909131_001,2,rich,0.0,126,84,42,0,1.41886502547095e-14,7,False,0.9400000000000001,0.0821917808219178,0.07680250341423768,0.07680250341423768,0.35916925863861165,0.35916925863861165
f2_909131_001,2,rich,0.0,126,84,42,0,1.41886502547095e-14,8,True,0.96,0.0821917808219178,0.06329098535104329,0.06329098535104329,0.3585204416082521,0.3585204416082521
f2_909131_001,2,rich,0.0,126,84,42,0,1.41886502547095e-14,9,False,0.98,0.0821917808219178,0.05128921595344313,0.05128921595344313,0.3579020660989716,0.3579020660989716
f2_909131_001,2,rich,0.0,126,84,42,0,1.41886502547095e-14,10,False,1.0,0.0821917808219178,0.04084916077879208,0.04084916077879208,0.357312930738661,0.357312930738661
f2_909131_001,2,rich,0.0,126,84,42,0,1.41886502547095e-14,11,True,1.02,0.0821917808219178,0.031961928489444895,0.031961928489444895,0.35675188474930186,0.35675188474930186
f2_909131_001,2,rich,0.0,126,84,42,0,1.41886502547095e-14,12,False,1.04,0.0821917808219178,0.02456166102083323,0.02456166102083323,0.3562178249446892,0.3562178249446892
f2_909131_001,2,rich,0.0,126,84,42,0,1.41886502547095e-14,13,False,1.06,0.0821917808219178,0.018535211770403286,0.018535211770403286,0.35570969304267963,0.35570969304267963
f2_909131_001,2,rich,0.0,126,84,42,0,1.41886502547095e-14,14,True,1.08,0.0821917808219178,0.01373551912089891,0.01373551912089891,0.35522647324947376,0.35522647324947376
f2_909131_001,2,rich,0.0,126,84,42,0,1.41886502547095e-14,15,False,1.1,0.0821917808219178,0.00999630248773496,0.00999630248773496,0.3547671900791085,0.3547671900791085
f2_909131_001,2,rich,0.0,126,84,42,0,1.41886502547095e-14,16,False,1.12,0.0821917808219178,0.007145946750813029,0.007145946750813029,0.3543309063762826,0.3543309063762826
f2_909131_001,2,rich,0.0,126,84,42,0,1.41886502547095e-14,17,True,1.1400000000000001,0.0821917808219178,0.005019028597976145,0.005019028597976145,0.35391672151495057,0.35391672151495057
f2_909131_001,2,rich,0.0,126,84,42,0,1.41886502547095e-14,18,False,1.16,0.0821917808219178,0.0034646626702281393,0.0034646626702281393,0.3535237697488543,0.3535237697488543
f2_909131_001,2,rich,0.0,126,84,42,0,1.41886502547095e-14,19,False,1.18,0.0821917808219178,0.0023515204689176267,0.0023515204689176267,0.3531512186935025,0.3531512186935025
f2_909131_001,2,rich,0.0,126,84,42,0,1.41886502547095e-14,20,True,1.2,0.0821917808219178,0.0015698812507804942,0.0015698812507804942,0.3527982679219232,0.3527982679219232
f2_909131_001,2,rich,0.0,126,84,42,0,1.41886502547095e-14,21,False,0.8,0.1643835616438356,0.20275055851562698,0.20275055851562698,0.3403571258310828,0.3403571258310828
f2_909131_001,2,rich,0.0,126,84,42,0,1.41886502547095e-14,22,False,0.8200000000000001,0.1643835616438356,0.18416506542735883,0.18416506542735883,0.3396106291072682,0.3396106291072682
f2_909131_001,2,rich,0.0,126,84,42,0,1.41886502547095e-14,23,True,0.8400000000000001,0.1643835616438356,0.16611327116465313,0.16611327116465313,0.33890114829893087,0.33890114829893087
f2_909131_001,2,rich,0.0,126,84,42,0,1.41886502547095e-14,24,False,0.86,0.1643835616438356,0.1487157123518235,0.1487157123518235,0.33822707927954443,0.33822707927954443
f2_909131_001,2,rich,0.0,126,84,42,0,1.41886502547095e-14,25,False,0.88,0.1643835616438356,0.13209437562197074,0.13209437562197074,0.33758690114378903,0.33758690114378903
f2_909131_001,2,rich,0.0,126,84,42,0,1.41886502547095e-14,26,True,0.9,0.1643835616438356,0.11636593190021315,0.11636593190021315,0.3369791695806935,0.3369791695806935
f2_909131_001,2,rich,0.0,126,84,42,0,1.41886502547095e-14,27,False,0.92,0.1643835616438356,0.10163490349403576,0.10163490349403576,0.33640251103360935,0.33640251103360935
f2_909131_001,2,rich,0.0,126,84,42,0,1.41886502547095e-14,28,False,0.9400000000000001,0.1643835616438356,0.08798749139199412,0.08798749139199412,0.33585561753885734,0.33585561753885734
f2_909131_001,2,rich,0.0,126,84,42,0,1.41886502547095e-14,29,True,0.96,0.1643835616438356,0.07548669795485789,0.07548669795485789,0.3353372421502814,0.3353372421502814
f2_909131_001,2,rich,0.0,126,84,42,0,1.41886502547095e-14,30,False,0.98,0.1643835616438356,0.06416919652845003,0.06416919652845003,0.3348461948702818,0.3348461948702818
f2_909131_001,2,rich,0.0,126,84,42,0,1.41886502547095e-14,31,False,1.0,0.1643835616438356,0.054044163397950706,0.054044163397950706,0.33438133901890477,0.33438133901890477
f2_909131_001,2,rich,0.0,126,84,42,0,1.41886502547095e-14,32,True,1.02,0.1643835616438356,0.045094043356539354,0.045094043356539354,0.33394158798215506,0.33394158798215506
f2_909131_001,2,rich,0.0,126,84,42,0,1.41886502547095e-14,33,False,1.04,0.1643835616438356,0.03727700778168139,0.03727700778168139,0.33352590228885315,0.33352590228885315
f2_909131_001,2,rich,0.0,126,84,42,0,1.41886502547095e-14,34,False,1.06,0.1643835616438356,0.030530711466567863,0.030530711466567863,0.33313328697227207,0.33313328697227207
f2_909131_001,2,rich,0.0,126,84,42,0,1.41886502547095e-14,35,True,1.08,0.1643835616438356,0.024776874431325372,0.024776874431325372,0.33276278917889485,0.33276278917889485
f2_909131_001,2,rich,0.0,126,84,42,0,1.41886502547095e-14,36,False,1.1,0.1643835616438356,0.019926205969607185,0.019926205969607185,0.3324134959917684,0.3324134959917684
f2_909131_001,2,rich,0.0,126,84,42,0,1.41886502547095e-14,37,False,1.12,0.1643835616438356,0.015883237665354082,0.015883237665354082,0.33208453244044145,0.33208453244044145
f2_909131_001,2,rich,0.0,126,84,42,0,1.41886502547095e-14,38,True,1.1400000000000001,0.1643835616438356,0.012550721168546372,0.012550721168546372,0.3317750596733533,0.3317750596733533
f2_909131_001,2,rich,0.0,126,84,42,0,1.41886502547095e-14,39,False,1.16,0.1643835616438356,0.009833354755049572,0.009833354755049572,0.3314842732719188,0.3314842732719188
f2_909131_001,2,rich,0.0,126,84,42,0,1.41886502547095e-14,40,False,1.18,0.1643835616438356,0.007640711959924559,0.007640711959924559,0.3312114016884694,0.3312114016884694
f2_909131_001,2,rich,0.0,126,84,42,0,1.41886502547095e-14,41,True,1.2,0.1643835616438356,0.00588934225489362,0.00588934225489362,0.33095570479269676,0.33095570479269676
f2_909131_001,2,rich,0.0,126,84,42,0,1.41886502547095e-14,42,False,0.8,0.2465753424657534,0.20536090091176576,0.20536090091176576,0.3231583547697927,0.3231583547697927
f2_909131_001,2,rich,0.0,126,84,42,0,1.41886502547095e-14,43,False,0.8200000000000001,0.2465753424657534,0.1874905247933811,0.1874905247933811,0.3225524719900592,0.3225524719900592
f2_909131_001,2,rich,0.0,126,84,42,0,1.41886502547095e-14,44,True,0.8400000000000001,0.2465753424657534,0.1702240914830603,0.1702240914830603,0.3219798667181686,0.3219798667181686
f2_909131_001,2,rich,0.0,126,84,42,0,1.41886502547095e-14,45,False,0.86,0.2465753424657534,0.1536542145885943,0.1536542145885943,0.32143903580398675,0.32143903580398675
f2_909131_001,2,rich,0.0,126,84,42,0,1.41886502547095e-14,46,False,0.88,0.2465753424657534,0.1378684584122023,0.1378684584122023,0.3209285563865602,0.3209285563865602
f2_909131_001,2,rich,0.0,126,84,42,0,1.41886502547095e-14,47,True,0.9,0.2465753424657534,0.12294537986470108,0.12294537986470108,0.3204470795887489,0.3204470795887489
f2_909131_001,2,rich,0.0,126,84,42,0,1.41886502547095e-14,48,False,0.92,0.2465753424657534,0.10895103292706237,0.10895103292706237,0.3199933249364952,0.3199933249364952
f2_909131_001,2,rich,0.0,126,84,42,0,1.41886502547095e-14,49,False,0.9400000000000001,0.2465753424657534,0.09593620378263336,0.09593620378263336,0.3195660754038515,0.3195660754038515
f2_909131_001,2,rich,0.0,126,84,42,0,1.41886502547095e-14,50,True,0.96,0.2465753424657534,0.08393456022454768,0.08393456022454768,0.31916417299921584,0.31916417299921584
f2_909131_001,2,rich,0.0,126,84,42,0,1.41886502547095e-14,51,False,0.98,0.2465753424657534,0.07296180106178753,0.07296180106178753,0.3187865148204765,0.3187865148204765
f2_909131_001,2,rich,0.0,126,84,42,0,1.41886502547095e-14,52,False,1.0,0.2465753424657534,0.06301579415794645,0.06301579415794645,0.3184320495169976,0.3184320495169976
f2_909131_001,2,rich,0.0,126,84,42,0,1.41886502547095e-14,53,True,1.02,0.2465753424657534,0.05407760737772148,0.05407760737772148,0.31809977410515045,0.31809977410515045
f2_909131_001,2,rich,0.0,126,84,42,0,1.41886502547095e-14,54,False,1.04,0.2465753424657534,0.04611327331869142,0.04611327331869142,0.3177887310915227,0.3177887310915227
f2_909131_001,2,rich,0.0,126,84,42,0,1.41886502547095e-14,55,False,1.06,0.2465753424657534,0.03907609024110933,0.03907609024110933,0.3174980058643113,0.3174980058643113
f2_909131_001,2,rich,0.0,126,84,42,0,1.41886502547095e-14,56,True,1.08,0.2465753424657534,0.03290924806126867,0.03290924806126867,0.3172267243188454,0.3172267243188454
f2_909131_001,2,rich,0.0,126,84,42,0,1.41886502547095e-14,57,False,1.1,0.2465753424657534,0.027548576496895273,0.027548576496895273,0.3169740506878861,0.3169740506878861
f2_909131_001,2,rich,0.0,126,84,42,0,1.41886502547095e-14,58,False,1.12,0.2465753424657534,0.0229252373050969,0.0229252373050969,0.3167391855513576,0.3167391855513576
f2_909131_001,2,rich,0.0,126,84,42,0,1.41886502547095e-14,59,True,1.1400000000000001,0.2465753424657534,0.01896821805977442,0.01896821805977442,0.31652136400366365,0.31652136400366365
f2_909131_001,2,rich,0.0,126,84,42,0,1.41886502547095e-14,60,False,1.16,0.2465753424657534,0.015606525251144098,0.015606525251144098,0.3163198539597093,0.3163198539597093
f2_909131_001,2,rich,0.0,126,84,42,0,1.41886502547095e-14,61,False,1.18,0.2465753424657534,0.012771014681856454,0.012771014681856454,0.3161339545833679,0.3161339545833679
f2_909131_001,2,rich,0.0,126,84,42,0,1.41886502547095e-14,62,True,1.2,0.2465753424657534,0.010395833452026331,0.010395833452026331,0.31596299482432444,0.31596299482432444
f2_909131_001,2,rich,0.0,126,84,42,0,1.41886502547095e-14,63,False,0.8,0.4931506849315068,0.21326549901041716,0.21326549901041716,0.29508528027789177,0.29508528027789177
f2_909131_001,2,rich,0.0,126,84,42,0,1.41886502547095e-14,64,False,0.8200000000000001,0.4931506849315068,0.19682814830237969,0.19682814830237969,0.2947682508234991,0.2947682508234991
f2_909131_001,2,rich,0.0,126,84,42,0,1.41886502547095e-14,65,True,0.8400000000000001,0.4931506849315068,0.1810342853335126,0.1810342853335126,0.29447571058453503,0.29447571058453503
f2_909131_001,2,rich,0.0,126,84,42,0,1.41886502547095e-14,66,False,0.86,0.4931506849315068,0.16593183315949392,0.16593183315949392,0.294206472577769,0.294206472577769
f2_909131_001,2,rich,0.0,126,84,42,0,1.41886502547095e-14,67,False,0.88,0.4931506849315068,0.15156150661018042,0.15156150661018042,0.29395941677648885,0.29395941677648885
f2_909131_001,2,rich,0.0,126,84,42,0,1.41886502547095e-14,68,True,0.9,0.4931506849315068,0.13795582751257837,0.13795582751257837,0.29373348479538486,0.29373348479538486
f2_909131_001,2,rich,0.0,126,84,42,0,1.41886502547095e-14,69,False,0.92,0.4931506849315068,0.1251384837640724,0.1251384837640724,0.2935276751637965,0.2935276751637965
f2_909131_001,2,rich,0.0,126,84,42,0,1.41886502547095e-14,70,False,0.9400000000000001,0.4931506849315068,0.1131240376769584,0.1131240376769584,0.2933410391091174,0.2933410391091174
f2_909131_001,2,rich,0.0,126,84,42,0,1.41886502547095e-14,71,True,0.96,0.4931506849315068,0.10191796752902338,0.10191796752902338,0.2931726767836315,0.2931726767836315
f2_909131_001,2,rich,0.0,126,84,42,0,1.41886502547095e-14,72,False,0.98,0.4931506849315068,0.09151700883998183,0.09151700883998183,0.29302173387771074,0.29302173387771074
f2_909131_001,2,rich,0.0,126,84,42,0,1.41886502547095e-14,73,False,1.0,0.4931506849315068,0.08190974929581368,0.08190974929581368,0.2928873985704008,0.2928873985704008
f2_909131_001,2,rich,0.0,126,84,42,0,1.41886502547095e-14,74,True,1.02,0.4931506849315068,0.07307742362415466,0.07307742362415466,0.2927688987753012,0.2927688987753012
f2_909131_001,2,rich,0.0,126,84,42,0,1.41886502547095e-14,75,False,1.04,0.4931506849315068,0.06499485177145625,0.06499485177145625,0.29266549964544747,0.29266549964544747
f2_909131_001,2,rich,0.0,126,84,42,0,1.41886502547095e-14,76,False,1.06,0.4931506849315068,0.057631464796612374,0.057631464796612374,0.2925765013058479,0.2925765013058479
f2_909131_001,2,rich,0.0,126,84,42,0,1.41886502547095e-14,77,True,1.08,0.4931506849315068,0.0509523671277405,0.0509523671277405,0.29250123678656653,0.29250123678656653
f2_909131_001,2,rich,0.0,126,84,42,0,1.41886502547095e-14,78,False,1.1,0.4931506849315068,0.04491939030712803,0.04491939030712803,0.29243907013283765,0.29243907013283765
f2_909131_001,2,rich,0.0,126,84,42,0,1.41886502547095e-14,79,False,1.12,0.4931506849315068,0.039492101179662564,0.039492101179662564,0.29238939467181524,0.29238939467181524
f2_909131_001,2,rich,0.0,126,84,42,0,1.41886502547095e-14,80,True,1.1400000000000001,0.4931506849315068,0.03462873586692244,0.03462873586692244,0.29235163141820847,0.29235163141820847
f2_909131_001,2,rich,0.0,126,84,42,0,1.41886502547095e-14,81,False,1.16,0.4931506849315068,0.030287039159201407,0.030287039159201407,0.2923252276033676,0.2923252276033676
f2_909131_001,2,rich,0.0,126,84,42,0,1.41886502547095e-14,82,False,1.18,0.4931506849315068,0.02642499665811776,0.02642499665811776,0.29230965531436165,0.29230965531436165
f2_909131_001,2,rich,0.0,126,84,42,0,1.41886502547095e-14,83,True,1.2,0.4931506849315068,0.023001453779234425,0.023001453779234425,0.2923044102312993,0.2923044102312993
f2_909131_001,2,rich,0.0,126,84,42,0,1.41886502547095e-14,84,False,0.8,1.0,0.2290717157269107,0.2290717157269107,0.2760113149236734,0.2760113149236734
f2_909131_001,2,rich,0.0,126,84,42,0,1.41886502547095e-14,85,False,0.8200000000000001,1.0,0.21436296985559172,0.21436296985559172,0.2759161287302958,0.2759161287302958
f2_909131_001,2,rich,0.0,126,84,42,0,1.41886502547095e-14,86,True,0.8400000000000001,1.0,0.20025060602573444,0.20025060602573444,0.2758380242359412,0.2758380242359412
f2_909131_001,2,rich,0.0,126,84,42,0,1.41886502547095e-14,87,False,0.86,1.0,0.18674944053907758,0.18674944053907758,0.2757760867130316,0.2757760867130316
f2_909131_001,2,rich,0.0,126,84,42,0,1.41886502547095e-14,88,False,0.88,1.0,0.17386959986922218,0.17386959986922218,0.2757294574625064,0.2757294574625064
f2_909131_001,2,rich,0.0,126,84,42,0,1.41886502547095e-14,89,True,0.9,1.0,0.16161659926677532,0.16161659926677532,0.27569732919470796,0.27569732919470796
f2_909131_001,2,rich,0.0,126,84,42,0,1.41886502547095e-14,90,False,0.92,1.0,0.1499915171139706,0.1499915171139706,0.27567894191001324,0.27567894191001324
f2_909131_001,2,rich,0.0,126,84,42,0,1.41886502547095e-14,91,False,0.9400000000000001,1.0,0.13899124904197352,0.13899124904197352,0.2756735792148356,0.2756735792148356
f2_909131_001,2,rich,0.0,126,84,42,0,1.41886502547095e-14,92,True,0.96,1.0,0.12860882515953218,0.12860882515953218,0.27568056501800037,0.27568056501800037
f2_909131_001,2,rich,0.0,126,84,42,0,1.41886502547095e-14,93,False,0.98,1.0,0.11883377392609534,0.11883377392609534,0.2756992605603267,0.2756992605603267
f2_909131_001,2,rich,0.0,126,84,42,0,1.41886502547095e-14,94,False,1.0,1.0,0.10965251705982498,0.10965251705982498,0.27572906173688194,0.27572906173688194
f2_909131_001,2,rich,0.0,126,84,42,0,1.41886502547095e-14,95,True,1.02,1.0,0.10104878122444454,0.10104878122444454,0.27576939667693545,0.27576939667693545
f2_909131_001,2,rich,0.0,126,84,42,0,1.41886502547095e-14,96,False,1.04,1.0,0.09300401392319639,0.09300401392319639,0.275819723551347,0.275819723551347
f2_909131_001,2,rich,0.0,126,84,42,0,1.41886502547095e-14,97,False,1.06,1.0,0.08549779289693721,0.08549779289693721,0.27587952858115916,0.27587952858115916
f2_909131_001,2,rich,0.0,126,84,42,0,1.41886502547095e-14,98,True,1.08,1.0,0.078508220253525,0.078508220253525,0.27594832422456833,0.27594832422456833
f2_909131_001,2,rich,0.0,126,84,42,0,1.41886502547095e-14,99,False,1.1,1.0,0.07201229444904612,0.07201229444904612,0.27602564752238573,0.27602564752238573
f2_909131_001,2,rich,0.0,126,84,42,0,1.41886502547095e-14,100,False,1.12,1.0,0.0659862550243973,0.0659862550243973,0.27611105858461193,0.27611105858461193
f2_909131_001,2,rich,0.0,126,84,42,0,1.41886502547095e-14,101,True,1.1400000000000001,1.0,0.060405896622072415,0.060405896622072415,0.27620413920290754,0.27620413920290754
f2_909131_001,2,rich,0.0,126,84,42,0,1.41886502547095e-14,102,False,1.16,1.0,0.05524685023613344,0.05524685023613344,0.2763044915756232,0.2763044915756232
f2_909131_001,2,rich,0.0,126,84,42,0,1.41886502547095e-14,103,False,1.18,1.0,0.050484830868053755,0.050484830868053755,0.27641173713365225,0.27641173713365225
f2_909131_001,2,rich,0.0,126,84,42,0,1.41886502547095e-14,104,True,1.2,1.0,0.046095851770229464,0.046095851770229464,0.2765255154567877,0.2765255154567877
f2_909131_001,2,rich,0.0,126,84,42,0,1.41886502547095e-14,105,False,0.8,2.0,0.2570430048529668,0.2570430048529668,0.26648105899551794,0.26648105899551794
f2_909131_001,2,rich,0.0,126,84,42,0,1.41886502547095e-14,106,False,0.8200000000000001,2.0,0.24415855118512136,0.24415855118512136,0.2664972450288841,0.2664972450288841
f2_909131_001,2,rich,0.0,126,84,42,0,1.41886502547095e-14,107,True,0.8400000000000001,2.0,0.2317676325895584,0.2317676325895584,0.2665252201538184,0.2665252201538184
f2_909131_001,2,rich,0.0,126,84,42,0,1.41886502547095e-14,108,False,0.86,2.0,0.21986828508238188,0.21986828508238188,0.2665642604704423,0.2665642604704423
f2_909131_001,2,rich,0.0,126,84,42,0,1.41886502547095e-14,109,False,0.88,2.0,0.20845656322523992,0.20845656322523992,0.2666136931672255,0.2666136931672255
f2_909131_001,2,rich,0.0,126,84,42,0,1.41886502547095e-14,110,True,0.9,2.0,0.19752672051411305,0.19752672051411305,0.2666728919150341,0.2666728919150341
f2_909131_001,2,rich,0.0,126,84,42,0,1.41886502547095e-14,111,False,0.92,2.0,0.18707139473820886,0.18707139473820886,0.2667412727712115,0.2667412727712115
f2_909131_001,2,rich,0.0,126,84,42,0,1.41886502547095e-14,112,False,0.9400000000000001,2.0,0.17708179427025558,0.17708179427025558,0.26681829052791106,0.26681829052791106
f2_909131_001,2,rich,0.0,126,84,42,0,1.41886502547095e-14,113,True,0.96,2.0,0.1675478818875786,0.1675478818875786,0.2669034354484915,0.2669034354484915
f2_909131_001,2,rich,0.0,126,84,42,0,1.41886502547095e-14,114,False,0.98,2.0,0.15845855333615044,0.15845855333615044,0.2669962303438184,0.2669962303438184
f2_909131_001,2,rich,0.0,126,84,42,0,1.41886502547095e-14,115,False,1.0,2.0,0.14980180842234153,0.14980180842234153,0.26709622794707255,0.26709622794707255
f2_909131_001,2,rich,0.0,126,84,42,0,1.41886502547095e-14,116,True,1.02,2.0,0.14156491293951975,0.14156491293951975,0.2672030085513681,0.2672030085513681
f2_909131_001,2,rich,0.0,126,84,42,0,1.41886502547095e-14,117,False,1.04,2.0,0.13373455020331376,0.13373455020331376,0.2673161778793081,0.2673161778793081
f2_909131_001,2,rich,0.0,126,84,42,0,1.41886502547095e-14,118,False,1.06,2.0,0.12629696137797686,0.12629696137797686,0.26743536515770755,0.26743536515770755
f2_909131_001,2,rich,0.0,126,84,42,0,1.41886502547095e-14,119,True,1.08,2.0,0.11923807412718682,0.11923807412718682,0.26756022137420904,0.26756022137420904
f2_909131_001,2,rich,0.0,126,84,42,0,1.41886502547095e-14,120,False,1.1,2.0,0.11254361941798244,0.11254361941798244,0.26769041769550195,0.26769041769550195
f2_909131_001,2,rich,0.0,126,84,42,0,1.41886502547095e-14,121,False,1.12,2.0,0.10619923654992182,0.10619923654992182,0.26782564402942033,0.26782564402942033
f2_909131_001,2,rich,0.0,126,84,42,0,1.41886502547095e-14,122,True,1.1400000000000001,2.0,0.1001905666773339,0.1001905666773339,0.2679656077153976,0.2679656077153976
f2_909131_001,2,rich,0.0,126,84,42,0,1.41886502547095e-14,123,False,1.16,2.0,0.09450333524559683,0.09450333524559683,0.26811003232964736,0.26811003232964736
f2_909131_001,2,rich,0.0,126,84,42,0,1.41886502547095e-14,124,False,1.18,2.0,0.08912342387776975,0.08912342387776975,0.26825865659309284,0.26825865659309284
f2_909131_001,2,rich,0.0,126,84,42,0,1.41886502547095e-14,125,True,1.2,2.0,0.08403693233062634,0.08403693233062634,0.268411233371476,0.268411233371476
f2_909131_002,2,rich,0.0,126,84,42,0,1.9118040484045194e-14,0,False,0.8,0.0821917808219178,0.20152088733359205,0.20152088733359205,0.4294247998012067,0.4294247998012067
f2_909131_002,2,rich,0.0,126,84,42,0,1.9118040484045194e-14,1,False,0.8200000000000001,0.0821917808219178,0.18252672176463014,0.18252672176463014,0.42982502606151046,0.42982502606151046
f2_909131_002,2,rich,0.0,126,84,42,0,1.9118040484045194e-14,2,True,0.8400000000000001,0.0821917808219178,0.16402169552969187,0.16402169552969187,0.4303396225079932,0.4303396225079932
f2_909131_002,2,rich,0.0,126,84,42,0,1.9118040484045194e-14,3,False,0.86,0.0821917808219178,0.1461518170459661,0.1461518170459661,0.4309625212383378,0.4309625212383378
f2_909131_002,2,rich,0.0,126,84,42,0,1.9118040484045194e-14,4,False,0.88,0.0821917808219178,0.12907056033030603,0.12907056033030603,0.43168757700817956,0.43168757700817956
f2_909131_002,2,rich,0.0,126,84,42,0,1.9118040484045194e-14,5,True,0.9,0.0821917808219178,0.1129282020319161,0.1129282020319161,0.4325085919015909,0.4325085919015909
f2_909131_002,2,rich,0.0,126,84,42,0,1.9118040484045194e-14,6,False,0.92,0.0821917808219178,0.09786053551774707,0.09786053551774707,0.43341934431307605,0.43341934431307605
f2_909131_002,2,rich,0.0,126,84,42,0,1.9118040484045194e-14,7,False,0.9400000000000001,0.0821917808219178,0.08397858281373084,0.08397858281373084,0.43441362118821975,0.43441362118821975
f2_909131_002,2,rich,0.0,126,84,42,0,1.9118040484045194e-14,8,True,0.96,0.0821917808219178,0.07136071664195348,0.07136071664195348,0.4354852523653916,0.4354852523653916
f2_909131_002,2,rich,0.0,126,84,42,0,1.9118040484045194e-14,9,False,0.98,0.0821917808219178,0.0600481187608902,0.0600481187608902,0.436628145807761,0.436628145807761
f2_909131_002,2,rich,0.0,126,84,42,0,1.9118040484045194e-14,10,False,1.0,0.0821917808219178,0.05004388356590478,0.05004388356590478,0.43783632252126453,0.43783632252126453
f2_909131_002,2,rich,0.0,126,84,42,0,1.9118040484045194e-14,11,True,1.02,0.0821917808219178,0.04131548490211986,0.04131548490211986,0.4391039500223104,0.4391039500223104
f2_909131_002,2,rich,0.0,126,84,42,0,1.9118040484045194e-14,12,False,1.04,0.0821917808219178,0.03379988048963091,0.03379988048963091,0.4404253733436969,0.4404253733436969
f2_909131_002,2,rich,0.0,126,84,42,0,1.9118040484045194e-14,13,False,1.06,0.0821917808219178,0.02741029221032332,0.02741029221032332,0.44179514273834963,0.44179514273834963
f2_909131_002,2,rich,0.0,126,84,42,0,1.9118040484045194e-14,14,True,1.08,0.0821917808219178,0.022043670208313052,0.022043670208313052,0.4432080374432332,0.4432080374432332
f2_909131_002,2,rich,0.0,126,84,42,0,1.9118040484045194e-14,15,False,1.1,0.0821917808219178,0.01758797857828601,0.01758797857828601,0.44465908508384433,0.44465908508384433
f2_909131_002,2,rich,0.0,126,84,42,0,1.9118040484045194e-14,16,False,1.12,0.0821917808219178,0.013928664433879058,0.013928664433879058,0.44614357651658726,0.44614357651658726
f2_909131_002,2,rich,0.0,126,84,42,0,1.9118040484045194e-14,17,True,1.1400000000000001,0.0821917808219178,0.010953925649271693,0.010953925649271693,0.4476570761076076,0.4476570761076076
f2_909131_002,2,rich,0.0,126,84,42,0,1.9118040484045194e-14,18,False,1.16,0.0821917808219178,0.008558625781849039,0.008558625781849039,0.4491954276211166,0.4491954276211166
f2_909131_002,2,rich,0.0,126,84,42,0,1.9118040484045194e-14,19,False,1.18,0.0821917808219178,0.006646888014843641,0.006646888014843641,0.4507547560306091,0.4507547560306091
f2_909131_002,2,rich,0.0,126,84,42,0,1.9118040484045194e-14,20,True,1.2,0.0821917808219178,0.0051335226509924056,0.0051335226509924056,0.4523314656693814,0.4523314656693814
f2_909131_002,2,rich,0.0,126,84,42,0,1.9118040484045194e-14,21,False,0.8,0.1643835616438356,0.20660633846110424,0.20660633846110424,0.4173844480228122,0.4173844480228122
f2_909131_002,2,rich,0.0,126,84,42,0,1.9118040484045194e-14,22,False,0.8200000000000001,0.1643835616438356,0.18909462770851315,0.18909462770851315,0.4177474788490855,0.4177474788490855
f2_909131_002,2,rich,0.0,126,84,42,0,1.9118040484045194e-14,23,True,0.8400000000000001,0.1643835616438356,0.17223620828654404,0.17223620828654404,0.4181977319293382,0.4181977319293382
f2_909131_002,2,rich,0.0,126,84,42,0,1.9118040484045194e-14,24,False,0.86,0.1643835616438356,0.15611561430771448,0.15611561430771448,0.4187306004682067,0.4187306004682067
f2_909131_002,2,rich,0.0,126,84,42,0,1.9118040484045194e-14,25,False,0.88,0.1643835616438356,0.14080875280812455,0.14080875280812455,0.41934153534952107,0.41934153534952107
f2_909131_002,2,rich,0.0,126,84,42,0,1.9118040484045194e-14,26,True,0.9,0.1643835616438356,0.1263795857420171,0.1263795857420171,0.4200260467329346,0.4200260467329346
f2_909131_002,2,rich,0.0,126,84,42,0,1.9118040484045194e-14,27,False,0.92,0.1643835616438356,0.1128775917811979,0.1128775917811979,0.42077970796578484,0.42077970796578484
f2_909131_002,2,rich,0.0,126,84,42,0,1.9118040484045194e-14,28,False,0.9400000000000001,0.1643835616438356,0.10033616351381208,0.10033616351381208,0.4215981614466636,0.4215981614466636
f2_909131_002,2,rich,0.0,126,84,42,0,1.9118040484045194e-14,29,True,0.96,0.1643835616438356,0.08877198793353969,0.08877198793353969,0.42247712605608867,0.42247712605608867
f2_909131_002,2,rich,0.0,126,84,42,0,1.9118040484045194e-14,30,False,0.98,0.1643835616438356,0.07818535939721333,0.07818535939721333,0.42341240575639305,0.42341240575639305
f2_909131_002,2,rich,0.0,126,84,42,0,1.9118040484045194e-14,31,False,1.0,0.1643835616438356,0.06856129633481745,0.06856129633481745,0.4243998989596782,0.4243998989596782
f2_909131_002,2,rich,0.0,126,84,42,0,1.9118040484045194e-14,32,True,1.02,0.1643835616438356,0.0598712821817144,0.0598712821817144,0.4254356082705849,0.4254356082705849
f2_909131_002,2,rich,0.0,126,84,42,0,1.9118040484045194e-14,33,False,1.04,0.1643835616438356,0.05207542818511854,0.05207542818511854,0.4265156502300904,0.4265156502300904
f2_909131_002,2,rich,0.0,126,84,42,0,1.9118040484045194e-14,34,False,1.06,0.1643835616438356,0.045124857651191376,0.045124857651191376,0.42763626471683713,0.42763626471683713
f2_909131_002,2,rich,0.0,126,84,42,0,1.9118040484045194e-14,35,True,1.08,0.1643835616438356,0.03896413200074232,0.03896413200074232,0.428793823702357,0.428793823702357
f2_909131_002,2,rich,0.0,126,84,42,0,1.9118040484045194e-14,36,False,1.1,0.1643835616438356,0.03353357185588528,0.03353357185588528,0.4299848391038769,0.4299848391038769
f2_909131_002,2,rich,0.0,126,84,42,0,1.9118040484045194e-14,37,False,1.12,0.1643835616438356,0.02877136474719181,0.02877136474719181,0.4312059695307691,0.4312059695307691
f2_909131_002,2,rich,0.0,126,84,42,0,1.9118040484045194e-14,38,True,1.1400000000000001,0.1643835616438356,0.024615389506425955,0.024615389506425955,0.4324540257755242,0.4324540257755242
f2_909131_002,2,rich,0.0,126,84,42,0,1.9118040484045194e-14,39,False,1.16,0.1643835616438356,0.02100472212088408,0.02100472212088408,0.4337259749547339,0.4337259749547339
f2_909131_002,2,rich,0.0,126,84,42,0,1.9118040484045194e-14,40,False,1.18,0.1643835616438356,0.01788081646557896,0.01788081646557896,0.4350189432576378,0.4350189432576378
f2_909131_002,2,rich,0.0,126,84,42,0,1.9118040484045194e-14,41,True,1.2,0.1643835616438356,0.01518837495445613,0.01518837495445613,0.43633021730725774,0.43633021730725774
f2_909131_002,2,rich,0.0,126,84,42,0,1.9118040484045194e-14,42,False,0.8,0.2465753424657534,0.21248386640463368,0.21248386640463368,0.4093047080658373,0.4093047080658373
f2_909131_002,2,rich,0.0,126,84,42,0,1.9118040484045194e-14,43,False,0.8200000000000001,0.2465753424657534,0.19601864377091283,0.19601864377091283,0.4096239328631992,0.4096239328631992
f2_909131_002,2,rich,0.0,126,84,42,0,1.9118040484045194e-14,44,True,0.8400000000000001,0.2465753424657534,0.1802234301225439,0.1802234301225439,0.4100100279951652,0.4100100279951652
f2_909131_002,2,rich,0.0,126,84,42,0,1.9118040484045194e-14,45,False,0.86,0.2465753424657534,0.16514910072544145,0.16514910072544145,0.41045945839515097,0.41045945839515097
f2_909131_002,2,rich,0.0,126,84,42,0,1.9118040484045194e-14,46,False,0.88,0.2465753424657534,0.15083784083158416,0.15083784083158416,0.41096879195737457,0.41096879195737457
f2_909131_002,2,rich,0.0,126,84,42,0,1.9118040484045194e-14,47,True,0.9,0.2465753424657534,0.13732206394406918,0.13732206394406918,0.41153469359055617,0.41153469359055617
f2_909131_002,2,rich,0.0,126,84,42,0,1.9118040484045194e-14,48,False,0.92,0.2465753424657534,0.12462380257899494,0.12462380257899494,0.41215392088782316,0.41215392088782316
f2_909131_002,2,rich,0.0,126,84,42,0,1.9118040484045194e-14,49,False,0.9400000000000001,0.2465753424657534,0.1127545636543437,0.1127545636543437,0.41282332117966325,0.41282332117966325
f2_909131_002,2,rich,0.0,126,84,42,0,1.9118040484045194e-14,50,True,0.96,0.2465753424657534,0.10171560884611366,0.10171560884611366,0.41353982975013615,0.41353982975013615
f2_909131_002,2,rich,0.0,126,84,42,0,1.9118040484045194e-14,51,False,0.98,0.2465753424657534,0.09149859676099331,0.09149859676099331,0.41430046900942363,0.41430046900942363
f2_909131_002,2,rich,0.0,126,84,42,0,1.9118040484045194e-14,52,False,1.0,0.2465753424657534,0.08208650933823042,0.08208650933823042,0.4151023484285348,0.4151023484285348
f2_909131_002,2,rich,0.0,126,84,42,0,1.9118040484045194e-14,53,True,1.02,0.2465753424657534,0.07345477909881652,0.07345477909881652,0.4159426650552281,0.4159426650552281
f2_909131_002,2,rich,0.0,126,84,42,0,1.9118040484045194e-14,54,False,1.04,0.2465753424657534,0.06557253545934225,0.06557253545934225,0.4168187044441672,0.4168187044441672
f2_909131_002,2,rich,0.0,126,84,42,0,1.9118040484045194e-14,55,False,1.06,0.2465753424657534,0.05840389559488981,0.05840389559488981,0.41772784184907613,0.41772784184907613
f2_909131_002,2,rich,0.0,126,84,42,0,1.9118040484045194e-14,56,True,1.08,0.2465753424657534,0.05190923639004452,0.05190923639004452,0.41866754354028635,0.41866754354028635
f2_909131_002,2,rich,0.0,126,84,42,0,1.9118040484045194e-14,57,False,1.1,0.2465753424657534,0.04604639707793016,0.04604639707793016,0.4196353681273445,0.4196353681273445
f2_909131_002,2,rich,0.0,126,84,42,0,1.9118040484045194e-14,58,False,1.12,0.2465753424657534,0.04077177571829725,0.04077177571829725,0.4206289677831331,0.4206289677831331
f2_909131_002,2,rich,0.0,126,84,42,0,1.9118040484045194e-14,59,True,1.1400000000000001,0.2465753424657534,0.036041295543056594,0.036041295543056594,0.42164608928289404,0.42164608928289404
f2_909131_002,2,rich,0.0,126,84,42,0,1.9118040484045194e-14,60,False,1.16,0.2465753424657534,0.03181122860782466,0.03181122860782466,0.4226845747884088,0.4226845747884088
f2_909131_002,2,rich,0.0,126,84,42,0,1.9118040484045194e-14,61,False,1.18,0.2465753424657534,0.028038873679262586,0.028038873679262586,0.42374236232393064,0.42374236232393064
f2_909131_002,2,rich,0.0,126,84,42,0,1.9118040484045194e-14,62,True,1.2,0.2465753424657534,0.024683092692716402,0.024683092692716402,0.4248174859060459,0.4248174859060459
f2_909131_002,2,rich,0.0,126,84,42,0,1.9118040484045194e-14,63,False,0.8,0.4931506849315068,0.2299753881180079,0.2299753881180079,0.39806821806908116,0.39806821806908116
f2_909131_002,2,rich,0.0,126,84,42,0,1.9118040484045194e-14,64,False,0.8200000000000001,0.4931506849315068,0.21540526872827848,0.21540526872827848,0.3982589646546941,0.3982589646546941
f2_909131_002,2,rich,0.0,126,84,42,0,1.9118040484045194e-14,65,True,0.8400000000000001,0.4931506849315068,0.20143902117267268,0.20143902117267268,0.39848384692665356,0.39848384692665356
f2_909131_002,2,rich,0.0,126,84,42,0,1.9118040484045194e-14,66,False,0.86,0.4931506849315068,0.18808978369643695,0.18808978369643695,0.3987409875751999,0.3987409875751999
f2_909131_002,2,rich,0.0,126,84,42,0,1.9118040484045194e-14,67,False,0.88,0.4931506849315068,0.1753658340941089,0.1753658340941089,0.3990286085952767,0.3990286085952767
f2_909131_002,2,rich,0.0,126,84,42,0,1.9118040484045194e-14,68,True,0.9,0.4931506849315068,0.1632707279711869,0.1632707279711869,0.3993450237780421,0.3993450237780421
f2_909131_002,2,rich,0.0,126,84,42,0,1.9118040484045194e-14,69,False,0.92,0.4931506849315068,0.15180353388615023,0.15180353388615023,0.3996886320657596,0.3996886320657596
f2_909131_002,2,rich,0.0,126,84,42,0,1.9118040484045194e-14,70,False,0.9400000000000001,0.4931506849315068,0.14095914642227475,0.14095914642227475,0.400057911650418,0.400057911650418
f2_909131_002,2,rich,0.0,126,84,42,0,1.9118040484045194e-14,71,True,0.96,0.4931506849315068,0.13072865803535505,0.13072865803535505,0.4004514147144669,0.4004514147144669
f2_909131_002,2,rich,0.0,126,84,42,0,1.9118040484045194e-14,72,False,0.98,0.4931506849315068,0.12109977125732053,0.12109977125732053,0.400867762727025,0.400867762727025
f2_909131_002,2,rich,0.0,126,84,42,0,1.9118040484045194e-14,73,False,1.0,0.4931506849315068,0.11205723427548037,0.11205723427548037,0.40130564222154813,0.40130564222154813
f2_909131_002,2,rich,0.0,126,84,42,0,1.9118040484045194e-14,74,True,1.02,0.4931506849315068,0.10358328482984872,0.10358328482984872,0.4017638009915967,0.4017638009915967
f2_909131_002,2,rich,0.0,126,84,42,0,1.9118040484045194e-14,75,False,1.04,0.4931506849315068,0.0956580895758184,0.0956580895758184,0.40224104465029453,0.40224104465029453
f2_909131_002,2,rich,0.0,126,84,42,0,1.9118040484045194e-14,76,False,1.06,0.4931506849315068,0.08826016837579703,0.08826016837579703,0.4027362335067264,0.4027362335067264
f2_909131_002,2,rich,0.0,126,84,42,0,1.9118040484045194e-14,77,True,1.08,0.4931506849315068,0.08136679527458195,0.08136679527458195,0.40324827971897736,0.40324827971897736
f2_909131_002,2,rich,0.0,126,84,42,0,1.9118040484045194e-14,78,False,1.1,0.4931506849315068,0.07495437007649472,0.07495437007649472,0.4037761446890679,0.4037761446890679
f2_909131_002,2,rich,0.0,126,84,42,0,1.9118040484045194e-14,79,False,1.12,0.4931506849315068,0.06899875640652814,0.06899875640652814,0.4043188366697678,0.4043188366697678
f2_909131_002,2,rich,0.0,126,84,42,0,1.9118040484045194e-14,80,True,1.1400000000000001,0.4931506849315068,0.06347558385955188,0.06347558385955188,0.40487540855732396,0.40487540855732396
f2_909131_002,2,rich,0.0,126,84,42,0,1.9118040484045194e-14,81,False,1.16,0.4931506849315068,0.05836051330058835,0.05836051330058835,0.40544495584764306,0.40544495584764306
f2_909131_002,2,rich,0.0,126,84,42,0,1.9118040484045194e-14,82,False,1.18,0.4931506849315068,0.05362946557297837,0.05362946557297837,0.40602661473645746,0.40602661473645746
f2_909131_002,2,rich,0.0,126,84,42,0,1.9118040484045194e-14,83,True,1.2,0.4931506849315068,0.049258814811039865,0.049258814811039865,0.40661956034662966,0.40661956034662966
f2_909131_002,2,rich,0.0,126,84,42,0,1.9118040484045194e-14,84,False,0.8,1.0,0.26262314941674564,0.26262314941674564,0.3956887980326617,0.3956887980326617
f2_909131_002,2,rich,0.0,126,84,42,0,1.9118040484045194e-14,85,False,0.8200000000000001,1.0,0.25001441130541224,0.25001441130541224,0.3957297937012484,0.3957297937012484
f2_909131_002,2,rich,0.0,126,84,42,0,1.9118040484045194e-14,86,True,0.8400000000000001,1.0,0.23788104227832724,0.23788104227832724,0.39578552404656886,0.39578552404656886
f2_909131_002,2,rich,0.0,126,84,42,0,1.9118040484045194e-14,87,False,0.86,1.0,0.22621967080533542,0.22621967080533542,0.3958550903047998,0.3958550903047998
f2_909131_002,2,rich,0.0,126,84,42,0,1.9118040484045194e-14,88,False,0.88,1.0,0.21502526186880985,0.21502526186880985,0.39593765624877975,0.39593765624877975
f2_909131_002,2,rich,0.0,126,84,42,0,1.9118040484045194e-14,89,True,0.9,1.0,0.20429128446492714,0.20429128446492714,0.3960324427724741,0.3960324427724741
f2_909131_002,2,rich,0.0,126,84,42,0,1.9118040484045194e-14,90,False,0.92,1.0,0.19400987935456113,0.19400987935456113,0.3961387230511199,0.3961387230511199
f2_909131_002,2,rich,0.0,126,84,42,0,1.9118040484045194e-14,91,False,0.9400000000000001,1.0,0.18417202421001194,0.18417202421001194,0.3962558182042701,0.3962558182042701
f2_909131_002,2,rich,0.0,126,84,42,0,1.9118040484045194e-14,92,True,0.96,1.0,0.17476769383326818,0.17476769383326818,0.3963830933995657,0.3963830933995657
f2_909131_002,2,rich,0.0,126,84,42,0,1.9118040484045194e-14,93,False,0.98,1.0,0.16578601361013912,0.16578601361013912,0.39651995434393417,0.39651995434393417
f2_909131_002,2,rich,0.0,126,84,42,0,1.9118040484045194e-14,94,False,1.0,1.0,0.1572154048060624,0.1572154048060624,0.3966658441163615,0.3966658441163615
f2_909131_002,2,rich,0.0,126,84,42,0,1.9118040484045194e-14,95,True,1.02,1.0,0.14904372070059566,0.14904372070059566,0.3968202403026584,0.3968202403026584
f2_909131_002,2,rich,0.0,126,84,42,0,1.9118040484045194e-14,96,False,1.04,1.0,0.1412583728979299,0.1412583728979299,0.39698265239795505,0.39698265239795505
f2_909131_002,2,rich,0.0,126,84,42,0,1.9118040484045194e-14,97,False,1.06,1.0,0.13384644744148835,0.13384644744148835,0.3971526194471396,0.3971526194471396
f2_909131_002,2,rich,0.0,126,84,42,0,1.9118040484045194e-14,98,True,1.08,1.0,0.12679481060441775,0.12679481060441775,0.39732970789732325,0.39732970789732325
f2_909131_002,2,rich,0.0,126,84,42,0,1.9118040484045194e-14,99,False,1.1,1.0,0.12009020442801092,0.12009020442801092,0.3975135096396556,0.3975135096396556
f2_909131_002,2,rich,0.0,126,84,42,0,1.9118040484045194e-14,100,False,1.12,1.0,0.1137193322408749,0.1137193322408749,0.39770364022064564,0.39770364022064564
f2_909131_002,2,rich,0.0,126,84,42,0,1.9118040484045194e-14,101,True,1.1400000000000001,1.0,0.10766893451724212,0.10766893451724212,0.3978997372055499,0.3978997372055499
f2_909131_002,2,rich,0.0,126,84,42,0,1.9118040484045194e-14,102,False,1.16,1.0,0.10192585552754257,0.10192585552754257,0.39810145867846614,0.39810145867846614
f2_909131_002,2,rich,0.0,126,84,42,0,1.9118040484045194e-14,103,False,1.18,1.0,0.09647710130242278,0.09647710130242278,0.39830848186557993,0.39830848186557993
f2_909131_002,2,rich,0.0,126,84,42,0,1.9118040484045194e-14,104,True,1.2,1.0,0.09130988947678222,0.09130988947678222,0.3985205018695599,0.3985205018695599
f2_909131_002,2,rich,0.0,126,84,42,0,1.9118040484045194e-14,105,False,0.8,2.0,0.31601222346863445,0.31601222346863445,0.40149000510377103,0.40149000510377103
f2_909131_002,2,rich,0.0,126,84,42,0,1.9118040484045194e-14,106,False,0.8200000000000001,2.0,0.3052978530313817,0.3052978530313817,0.4014488890088989,0.4014488890088989
f2_909131_002,2,rich,0.0,126,84,42,0,1.9118040484045194e-14,107,True,0.8400000000000001,2.0,0.2949276569828486,0.2949276569828486,0.4014145137211953,0.4014145137211953
f2_909131_002,2,rich,0.0,126,84,42,0,1.9118040484045194e-14,108,False,0.86,2.0,0.28489425074115776,0.28489425074115776,0.40138645328010386,0.40138645328010386
f2_909131_002,2,rich,0.0,126,84,42,0,1.9118040484045194e-14,109,False,0.88,2.0,0.27518998225494873,0.27518998225494873,0.4013643146743139,0.4013643146743139
f2_909131_002,2,rich,0.0,126,84,42,0,1.9118040484045194e-14,110,True,0.9,2.0,0.265806989241861,0.265806989241861,0.4013477347069151,0.4013477347069151
f2_909131_002,2,rich,0.0,126,84,42,0,1.9118040484045194e-14,111,False,0.92,2.0,0.25673725105860024,0.25673725105860024,0.4013363772163501,0.4013363772163501
f2_909131_002,2,rich,0.0,126,84,42,0,1.9118040484045194e-14,112,False,0.9400000000000001,2.0,0.24797263548393392,0.24797263548393392,0.4013299306063114,0.4013299306063114
f2_909131_002,2,rich,0.0,126,84,42,0,1.9118040484045194e-14,113,True,0.96,2.0,0.23950494071352552,0.23950494071352552,0.40132810564473975,0.40132810564473975
f2_909131_002,2,rich,0.0,126,84,42,0,1.9118040484045194e-14,114,False,0.98,2.0,0.23132593287446226,0.23132593287446226,0.4013306334979002,0.4013306334979002
f2_909131_002,2,rich,0.0,126,84,42,0,1.9118040484045194e-14,115,False,1.0,2.0,0.2234273793694948,0.2234273793694948,0.40133726397040853,0.40133726397040853
f2_909131_002,2,rich,0.0,126,84,42,0,1.9118040484045194e-14,116,True,1.02,2.0,0.21580107835785953,0.21580107835785953,0.40134776392616506,0.40134776392616506
f2_909131_002,2,rich,0.0,126,84,42,0,1.9118040484045194e-14,117,False,1.04,2.0,0.20843888467236346,0.20843888467236346,0.4013619158686204,0.4013619158686204
f2_909131_002,2,rich,0.0,126,84,42,0,1.9118040484045194e-14,118,False,1.06,2.0,0.2013327324622121,0.2013327324622121,0.40137951666171817,0.40137951666171817
f2_909131_002,2,rich,0.0,126,84,42,0,1.9118040484045194e-14,119,True,1.08,2.0,0.19447465483867776,0.19447465483867776,0.401400376375336,0.401400376375336
f2_909131_002,2,rich,0.0,126,84,42,0,1.9118040484045194e-14,120,False,1.1,2.0,0.18785680078685674,0.18785680078685674,0.40142431724116484,0.40142431724116484
f2_909131_002,2,rich,0.0,126,84,42,0,1.9118040484045194e-14,121,False,1.12,2.0,0.18147144959197886,0.18147144959197886,0.4014511727067701,0.4014511727067701
f2_909131_002,2,rich,0.0,126,84,42,0,1.9118040484045194e-14,122,True,1.1400000000000001,2.0,0.17531102301345924,0.17531102301345924,0.40148078657712255,0.40148078657712255
f2_909131_002,2,rich,0.0,126,84,42,0,1.9118040484045194e-14,123,False,1.16,2.0,0.16936809542447534,0.16936809542447534,0.4015130122342108,0.4015130122342108
f2_909131_002,2,rich,0.0,126,84,42,0,1.9118040484045194e-14,124,False,1.18,2.0,0.16363540211957314,0.16363540211957314,0.40154771192650507,0.40154771192650507
f2_909131_002,2,rich,0.0,126,84,42,0,1.9118040484045194e-14,125,True,1.2,2.0,0.1581058459778581,0.1581058459778581,0.4015847561210119,0.4015847561210119
f2_909131_003,2,rich,0.0,126,84,42,0,1.2390088954816746e-14,0,False,0.8,0.0821917808219178,0.20002185450874796,0.20002185450874796,0.25613144054004566,0.25613144054004566
f2_909131_003,2,rich,0.0,126,84,42,0,1.2390088954816746e-14,1,False,0.8200000000000001,0.0821917808219178,0.18005925340160067,0.18005925340160067,0.2519350505792946,0.2519350505792946
f2_909131_003,2,rich,0.0,126,84,42,0,1.2390088954816746e-14,2,True,0.8400000000000001,0.0821917808219178,0.16015086980118498,0.16015086980118498,0.24793709213833673,0.24793709213833673
f2_909131_003,2,rich,0.0,126,84,42,0,1.2390088954816746e-14,3,False,0.86,0.0821917808219178,0.1403604475598266,0.1403604475598266,0.24416200589367668,0.24416200589367668
f2_909131_003,2,rich,0.0,126,84,42,0,1.2390088954816746e-14,4,False,0.88,0.0821917808219178,0.12080726341723531,0.12080726341723531,0.24063605479214065,0.24063605479214065
f2_909131_003,2,rich,0.0,126,84,42,0,1.2390088954816746e-14,5,True,0.9,0.0821917808219178,0.10169329833458758,0.10169329833458758,0.23738638361659037,0.23738638361659037
f2_909131_003,2,rich,0.0,126,84,42,0,1.2390088954816746e-14,6,False,0.92,0.0821917808219178,0.08332461124662606,0.08332461124662606,0.23443993615914044,0.23443993615914044
f2_909131_003,2,rich,0.0,126,84,42,0,1.2390088954816746e-14,7,False,0.9400000000000001,0.0821917808219178,0.06610988271003983,0.06610988271003983,0.23182234123954143,0.23182234123954143
f2_909131_003,2,rich,0.0,126,84,42,0,1.2390088954816746e-14,8,True,0.96,0.0821917808219178,0.05051900576030956,0.05051900576030956,0.22955684331750298,0.22955684331750298
f2_909131_003,2,rich,0.0,126,84,42,0,1.2390088954816746e-14,9,False,0.98,0.0821917808219178,0.03699803392033522,0.03699803392033522,0.22766328375920664,0.22766328375920664
f2_909131_003,2,rich,0.0,126,84,42,0,1.2390088954816746e-14,10,False,1.0,0.0821917808219178,0.02586177770772613,0.02586177770772613,0.22615707555683334,0.22615707555683334
f2_909131_003,2,rich,0.0,126,84,42,0,1.2390088954816746e-14,11,True,1.02,0.0821917808219178,0.017206649200474936,0.017206649200474936,0.22504810179352172,0.22504810179352172
f2_909131_003,2,rich,0.0,126,84,42,0,1.2390088954816746e-14,12,False,1.04,0.0821917808219178,0.010884735424115992,0.010884735424115992,0.22433953191377592,0.22433953191377592
f2_909131_003,2,rich,0.0,126,84,42,0,1.2390088954816746e-14,13,False,1.06,0.0821917808219178,0.006551273301623693,0.006551273301623693,0.22402668104608878,0.22402668104608878
f2_909131_003,2,rich,0.0,126,84,42,0,1.2390088954816746e-14,14,True,1.08,0.0821917808219178,0.003760600381642594,0.003760600381642594,0.22409618617147317,0.22409618617147317
f2_909131_003,2,rich,0.0,126,84,42,0,1.2390088954816746e-14,15,False,1.1,0.0821917808219178,0.0020665958100216015,0.0020665958100216015,0.2245258549473729,0.2245258549473729
f2_909131_003,2,rich,0.0,126,84,42,0,1.2390088954816746e-14,16,False,1.12,0.0821917808219178,0.001092402237144443,0.001092402237144443,0.22528547533660134,0.22528547533660134
f2_909131_003,2,rich,0.0,126,84,42,0,1.2390088954816746e-14,17,True,1.1400000000000001,0.0821917808219178,0.0005583563056596232,0.0005583563056596232,0.22633863578025576,0.22633863578025576
f2_909131_003,2,rich,0.0,126,84,42,0,1.2390088954816746e-14,18,False,1.16,0.0821917808219178,0.000277420192142124,0.000277420192142124,0.2276452837964332,0.2276452837964332
f2_909131_003,2,rich,0.0,126,84,42,0,1.2390088954816746e-14,19,False,1.18,0.0821917808219178,0.00013465998399727,0.00013465998399727,0.22916450986098869,0.22916450986098869
f2_909131_003,2,rich,0.0,126,84,42,0,1.2390088954816746e-14,20,True,1.2,0.0821917808219178,6.414776068337513e-05,6.414776068337513e-05,0.2308570125117412,0.2308570125117412
f2_909131_003,2,rich,0.0,126,84,42,0,1.2390088954816746e-14,21,False,0.8,0.1643835616438356,0.20048016233816154,0.20048016233816154,0.2529915818328331,0.2529915818328331
f2_909131_003,2,rich,0.0,126,84,42,0,1.2390088954816746e-14,22,False,0.8200000000000001,0.1643835616438356,0.1808627827029779,0.1808627827029779,0.24961942920967908,0.24961942920967908
f2_909131_003,2,rich,0.0,126,84,42,0,1.2390088954816746e-14,23,True,0.8400000000000001,0.1643835616438356,0.16149835034418775,0.16149835034418775,0.24644364160511664,0.24644364160511664
f2_909131_003,2,rich,0.0,126,84,42,0,1.2390088954816746e-14,24,False,0.86,0.1643835616438356,0.14251479759218513,0.14251479759218513,0.24347498424457462,0.24347498424457462
f2_909131_003,2,rich,0.0,126,84,42,0,1.2390088954816746e-14,25,False,0.88,0.1643835616438356,0.12407914247251775,0.12407914247251775,0.24072370845225843,0.24072370845225843
f2_909131_003,2,rich,0.0,126,84,42,0,1.2390088954816746e-14,26,True,0.9,0.1643835616438356,0.10639526415499426,0.10639526415499426,0.23819935216616905,0.23819935216616905
f2_909131_003,2,rich,0.0,126,84,42,0,1.2390088954816746e-14,27,False,0.92,0.1643835616438356,0.08969387212270387,0.08969387212270387,0.23591059278239881,0.23591059278239881
f2_909131_003,2,rich,0.0,126,84,42,0,1.2390088954816746e-14,28,False,0.9400000000000001,0.1643835616438356,0.07421390699143349,0.07421390699143349,0.23386513059142386,0.23386513059142386
f2_909131_003,2,rich,0.0,126,84,42,0,1.2390088954816746e-14,29,True,0.96,0.1643835616438356,0.06017701516817297,0.06017701516817297,0.23206957220091434,0.23206957220091434
f2_909131_003,2,rich,0.0,126,84,42,0,1.2390088954816746e-14,30,False,0.98,0.1643835616438356,0.047759395550173334,0.047759395550173334,0.23052928222097924,0.23052928222097924
f2_909131_003,2,rich,0.0,126,84,42,0,1.2390088954816746e-14,31,False,1.0,0.1643835616438356,0.03706712003859197,0.03706712003859197,0.22924817841848152,0.22924817841848152
f2_909131_003,2,rich,0.0,126,84,42,0,1.2390088954816746e-14,32,True,1.02,0.1643835616438356,0.028120979232044336,0.028120979232044336,0.22822845958589544,0.22822845958589544
f2_909131_003,2,rich,0.0,126,84,42,0,1.2390088954816746e-14,33,False,1.04,0.1643835616438356,0.02085470567818979,0.02085470567818979,0.22747027468872202,0.22747027468872202
f2_909131_003,2,rich,0.0,126,84,42,0,1.2390088954816746e-14,34,False,1.06,0.1643835616438356,0.015126786316293918,0.015126786316293918,0.22697136372619356,0.22697136372619356
f2_909131_003,2,rich,0.0,126,84,42,0,1.2390088954816746e-14,35,True,1.08,0.1643835616438356,0.01074241991660212,0.01074241991660212,0.22672672127826152,0.22672672127826152
f2_909131_003,2,rich,0.0,126,84,42,0,1.2390088954816746e-14,36,False,1.1,0.1643835616438356,0.00747991872578413,0.00747991872578413,0.22672834783240148,0.22672834783240148
f2_909131_003,2,rich,0.0,126,84,42,0,1.2390088954816746e-14,37,False,1.12,0.1643835616438356,0.005115679441792269,0.005115679441792269,0.22696515616517837,0.22696515616517837
f2_909131_003,2,rich,0.0,126,84,42,0,1.2390088954816746e-14,38,True,1.1400000000000001,0.1643835616438356,0.003443458067718076,0.003443458067718076,0.22742308620422527,0.22742308620422527
f2_909131_003,2,rich,0.0,126,84,42,0,1.2390088954816746e-14,39,False,1.16,0.1643835616438356,0.002286111473664065,0.002286111473664065,0.22808545176001316,0.22808545176001316
f2_909131_003,2,rich,0.0,126,84,42,0,1.2390088954816746e-14,40,False,1.18,0.1643835616438356,0.001500181792470913,0.001500181792470913,0.22893350183893402,0.22893350183893402
f2_909131_003,2,rich,0.0,126,84,42,0,1.2390088954816746e-14,41,True,1.2,0.1643835616438356,0.0009750665152189502,0.0009750665152189502,0.2299471385621189,0.2299471385621189
f2_909131_003,2,rich,0.0,126,84,42,0,1.2390088954816746e-14,42,False,0.8,0.2465753424657534,0.20164264524025893,0.20164264524025893,0.25140687940751866,0.25140687940751866
f2_909131_003,2,rich,0.0,126,84,42,0,1.2390088954816746e-14,43,False,0.8200000000000001,0.2465753424657534,0.1825517413201378,0.1825517413201378,0.24866932541346923,0.24866932541346923
f2_909131_003,2,rich,0.0,126,84,42,0,1.2390088954816746e-14,44,True,0.8400000000000001,0.2465753424657534,0.16386598288914508,0.16386598288914508,0.24610199878100752,0.24610199878100752
f2_909131_003,2,rich,0.0,126,84,42,0,1.2390088954816746e-14,45,False,0.86,0.2465753424657534,0.14571402852046564,0.14571402852046564,0.24370790767582923,0.24370790767582923
f2_909131_003,2,rich,0.0,126,84,42,0,1.2390088954816746e-14,46,False,0.88,0.2465753424657534,0.12824210379781364,0.12824210379781364,0.24148976846256184,0.24148976846256184
f2_909131_003,2,rich,0.0,126,84,42,0,1.2390088954816746e-14,47,True,0.9,0.2465753424657534,0.11160742837275012,0.11160742837275012,0.2394500031984169,0.2394500031984169
f2_909131_003,2,rich,0.0,126,84,42,0,1.2390088954816746e-14,48,False,0.92,0.2465753424657534,0.09596864752785411,0.09596864752785411,0.23759073150248344,0.23759073150248344
f2_909131_003,2,rich,0.0,126,84,42,0,1.2390088954816746e-14,49,False,0.9400000000000001,0.2465753424657534,0.08147408831303443,0.08147408831303443,0.23591374723870936,0.23591374723870936
f2_909131_003,2,rich,0.0,126,84,42,0,1.2390088954816746e-14,50,True,0.96,0.2465753424657534,0.06824927754757887,0.06824927754757887,0.23442047278979752,0.23442047278979752
f2_909131_003,2,rich,0.0,126,84,42,0,1.2390088954816746e-14,51,False,0.98,0.2465753424657534,0.05638554638124878,0.05638554638124878,0.23311188685812906,0.23311188685812906
f2_909131_003,2,rich,0.0,126,84,42,0,1.2390088954816746e-14,52,False,1.0,0.2465753424657534,0.04593155236872193,0.04593155236872193,0.2319884254270644,0.2319884254270644
f2_909131_003,2,rich,0.0,126,84,42,0,1.2390088954816746e-14,53,True,1.02,0.2465753424657534,0.036889126019801086,0.036889126019801086,0.23104985948619167,0.23104985948619167
f2_909131_003,2,rich,0.0,126,84,42,0,1.2390088954816746e-14,54,False,1.04,0.2465753424657534,0.029214079360302524,0.029214079360302524,0.23029515708215129,0.23029515708215129
f2_909131_003,2,rich,0.0,126,84,42,0,1.2390088954816746e-14,55,False,1.06,0.2465753424657534,0.02282169778628513,0.02282169778628513,0.22972234085415716,0.22972234085415716
f2_909131_003,2,rich,0.0,126,84,42,0,1.2390088954816746e-14,56,True,1.08,0.2465753424657534,0.01759581837877237,0.01759581837877237,0.22932835501826707,0.22932835501826707
f2_909131_003,2,rich,0.0,126,84,42,0,1.2390088954816746e-14,57,False,1.1,0.2465753424657534,0.01339988276757011,0.01339988276757011,0.22910895728605693,0.22910895728605693
f2_909131_003,2,rich,0.0,126,84,42,0,1.2390088954816746e-14,58,False,1.12,0.2465753424657534,0.01008823805789637,0.01008823805789637,0.22905865097311467,0.22905865097311467
f2_909131_003,2,rich,0.0,126,84,42,0,1.2390088954816746e-14,59,True,1.1400000000000001,0.2465753424657534,0.007516214583321209,0.007516214583321209,0.22917067025435298,0.22917067025435298
f2_909131_003,2,rich,0.0,126,84,42,0,1.2390088954816746e-14,60,False,1.16,0.2465753424657534,0.005548005017227652,0.005548005017227652,0.22943702713896097,0.22943702713896097
f2_909131_003,2,rich,0.0,126,84,42,0,1.2390088954816746e-14,61,False,1.18,0.2465753424657534,0.0040619377122952565,0.0040619377122952565,0.2298486226585545,0.2298486226585545
f2_909131_003,2,rich,0.0,126,84,42,0,1.2390088954816746e-14,62,True,1.2,0.2465753424657534,0.002953232062285832,0.002953232062285832,0.23039541780243825,0.23039541780243825
f2_909131_003,2,rich,0.0,126,84,42,0,1.2390088954816746e-14,63,False,0.8,0.4931506849315068,0.20767026026118468,0.20767026026118468,0.2508008332786411,0.2508008332786411
f2_909131_003,2,rich,0.0,126,84,42,0,1.2390088954816746e-14,64,False,0.8200000000000001,0.4931506849315068,0.19012430209210313,0.19012430209210313,0.24910438079134015,0.24910438079134015
f2_909131_003,2,rich,0.0,126,84,42,0,1.2390088954816746e-14,65,True,0.8400000000000001,0.4931506849315068,0.17316200995881253,0.17316200995881253,0.24750772849694583,0.24750772849694583
f2_909131_003,2,rich,0.0,126,84,42,0,1.2390088954816746e-14,66,False,0.86,0.4931506849315068,0.15686301492690677,0.15686301492690677,0.24600932261688724,0.24600932261688724
f2_909131_003,2,rich,0.0,126,84,42,0,1.2390088954816746e-14,67,False,0.88,0.4931506849315068,0.1413037781622934,0.1413037781622934,0.24460771854189906,0.24460771854189906
f2_909131_003,2,rich,0.0,126,84,42,0,1.2390088954816746e-14,68,True,0.9,0.4931506849315068,0.12655451481743954,0.12655451481743954,0.24330155473317086,0.24330155473317086
f2_909131_003,2,rich,0.0,126,84,42,0,1.2390088954816746e-14,69,False,0.92,0.4931506849315068,0.1126762493650661,0.1126762493650661,0.24208952553076443,0.24208952553076443
f2_909131_003,2,rich,0.0,126,84,42,0,1.2390088954816746e-14,70,False,0.9400000000000001,0.4931506849315068,0.09971822466333338,0.09971822466333338,0.24097035333947162,0.24097035333947162
f2_909131_003,2,rich,0.0,126,84,42,0,1.2390088954816746e-14,71,True,0.96,0.4931506849315068,0.08771586164442059,0.08771586164442059,0.2399427607451743,0.2399427607451743
f2_909131_003,2,rich,0.0,126,84,42,0,1.2390088954816746e-14,72,False,0.98,0.4931506849315068,0.07668941904213179,0.07668941904213179,0.23900544317794148,0.23900544317794148
f2_909131_003,2,rich,0.0,126,84,42,0,1.2390088954816746e-14,73,False,1.0,0.4931506849315068,0.06664343912165482,0.06664343912165482,0.2381570427779328,0.2381570427779328
f2_909131_003,2,rich,0.0,126,84,42,0,1.2390088954816746e-14,74,True,1.02,0.4931506849315068,0.057566994322740796,0.057566994322740796,0.23739612413277061,0.23739612413277061
f2_909131_003,2,rich,0.0,126,84,42,0,1.2390088954816746e-14,75,False,1.04,0.4931506849315068,0.04943468027158009,0.04943468027158009,0.2367211525370921,0.2367211525370921
f2_909131_003,2,rich,0.0,126,84,42,0,1.2390088954816746e-14,76,False,1.06,0.4931506849315068,0.042208241223497055,0.042208241223497055,0.23613047537467854,0.23613047537467854
f2_909131_003,2,rich,0.0,126,84,42,0,1.2390088954816746e-14,77,True,1.08,0.4931506849315068,0.035838671084493186,0.035838671084493186,0.23562230714128574,0.23562230714128574
f2_909131_003,2,rich,0.0,126,84,42,0,1.2390088954816746e-14,78,False,1.1,0.4931506849315068,0.030268610242872654,0.030268610242872654,0.23519471851488155,0.23519471851488155
f2_909131_003,2,rich,0.0,126,84,42,0,1.2390088954816746e-14,79,False,1.12,0.4931506849315068,0.025434855897508563,0.025434855897508563,0.23484562974498502,0.23484562974498502
f2_909131_003,2,rich,0.0,126,84,42,0,1.2390088954816746e-14,80,True,1.1400000000000001,0.4931506849315068,0.021270818966263014,0.021270818966263014,0.23457280848182321,0.23457280848182321
f2_909131_003,2,rich,0.0,126,84,42,0,1.2390088954816746e-14,81,False,1.16,0.4931506849315068,0.017708789540076382,0.017708789540076382,0.23437387200815818,0.23437387200815818
f2_909131_003,2,rich,0.0,126,84,42,0,1.2390088954816746e-14,82,False,1.18,0.4931506849315068,0.014681909736216157,0.014681909736216157,0.2342462936816918,0.2342462936816918
f2_909131_003,2,rich,0.0,126,84,42,0,1.2390088954816746e-14,83,True,1.2,0.4931506849315068,0.012125792195054219,0.012125792195054219,0.23418741325313286,0.23418741325313286
f2_909131_003,2,rich,0.0,126,84,42,0,1.2390088954816746e-14,84,False,0.8,1.0,0.22353614969624402,0.22353614969624402,0.2536819583551943,0.2536819583551943
f2_909131_003,2,rich,0.0,126,84,42,0,1.2390088954816746e-14,85,False,0.8200000000000001,1.0,0.20809050106768276,0.20809050106768276,0.2526869641428012,0.2526869641428012
f2_909131_003,2,rich,0.0,126,84,42,0,1.2390088954816746e-14,86,True,0.8400000000000001,1.0,0.19323273351888087,0.19323273351888087,0.2517405584788123,0.2517405584788123
f2_909131_003,2,rich,0.0,126,84,42,0,1.2390088954816746e-14,87,False,0.86,1.0,0.17899037322888056,0.17899037322888056,0.2508412337503834,0.2508412337503834
f2_909131_003,2,rich,0.0,126,84,42,0,1.2390088954816746e-14,88,False,0.88,1.0,0.16538627311072235,0.16538627311072235,0.24998755553214666,0.24998755553214666
f2_909131_003,2,rich,0.0,126,84,42,0,1.2390088954816746e-14,89,True,0.9,1.0,0.15243825426056157,0.15243825426056157,0.2491781531545289,0.2491781531545289
f2_909131_003,2,rich,0.0,126,84,42,0,1.2390088954816746e-14,90,False,0.92,1.0,0.14015888412953106,0.14015888412953106,0.24841171148157393,0.24841171148157393
f2_909131_003,2,rich,0.0,126,84,42,0,1.2390088954816746e-14,91,False,0.9400000000000001,1.0,0.12855539197067928,0.12855539197067928,0.2476869637727557,0.2476869637727557
f2_909131_003,2,rich,0.0,126,84,42,0,1.2390088954816746e-14,92,True,0.96,1.0,0.11762971640736836,0.11762971640736836,0.24700268551852125,0.24700268551852125
f2_909131_003,2,rich,0.0,126,84,42,0,1.2390088954816746e-14,93,False,0.98,1.0,0.10737867501387718,0.10737867501387718,0.24635768915159648,0.24635768915159648
f2_909131_003,2,rich,0.0,126,84,42,0,1.2390088954816746e-14,94,False,1.0,1.0,0.09779424179809615,0.09779424179809615,0.24575081954597475,0.24575081954597475
f2_909131_003,2,rich,0.0,126,84,42,0,1.2390088954816746e-14,95,True,1.02,1.0,0.08886391554897131,0.08886391554897131,0.24518095022354403,0.24518095022354403
f2_909131_003,2,rich,0.0,126,84,42,0,1.2390088954816746e-14,96,False,1.04,1.0,0.0805711601935566,0.0805711601935566,0.24464698019495365,0.24464698019495365
f2_909131_003,2,rich,0.0,126,84,42,0,1.2390088954816746e-14,97,False,1.06,1.0,0.07289589756180224,0.07289589756180224,0.24414783136685622,0.24414783136685622
f2_909131_003,2,rich,0.0,126,84,42,0,1.2390088954816746e-14,98,True,1.08,1.0,0.06581503318247492,0.06581503318247492,0.24368244645247245,0.24368244645247245
f2_909131_003,2,rich,0.0,126,84,42,0,1.2390088954816746e-14,99,False,1.1,1.0,0.05930299678694268,0.05930299678694268,0.24324978732664332,0.24324978732664332
f2_909131_003,2,rich,0.0,126,84,42,0,1.2390088954816746e-14,100,False,1.12,1.0,0.0533322809071762,0.0533322809071762,0.24284883377042474,0.24284883377042474
f2_909131_003,2,rich,0.0,126,84,42,0,1.2390088954816746e-14,101,True,1.1400000000000001,1.0,0.04787396313652196,0.04787396313652196,0.24247858255390634,0.24247858255390634
f2_909131_003,2,rich,0.0,126,84,42,0,1.2390088954816746e-14,102,False,1.16,1.0,0.042898200095251623,0.042898200095251623,0.24213804680945977,0.24213804680945977
f2_909131_003,2,rich,0.0,126,84,42,0,1.2390088954816746e-14,103,False,1.18,1.0,0.038374683740008804,0.038374683740008804,0.24182625565103952,0.24182625565103952
f2_909131_003,2,rich,0.0,126,84,42,0,1.2390088954816746e-14,104,True,1.2,1.0,0.03427305323153199,0.03427305323153199,0.24154225399857754,0.24154225399857754
f2_909131_003,2,rich,0.0,126,84,42,0,1.2390088954816746e-14,105,False,0.8,2.0,0.25407457401220335,0.25407457401220335,0.2593147634702632,0.2593147634702632
f2_909131_003,2,rich,0.0,126,84,42,0,1.2390088954816746e-14,106,False,0.8200000000000001,2.0,0.24076256355378825,0.24076256355378825,0.2586963788126291,0.2586963788126291
f2_909131_003,2,rich,0.0,126,84,42,0,1.2390088954816746e-14,107,True,0.8400000000000001,2.0,0.227934629385626,0.227934629385626,0.25810303952371694,0.25810303952371694
f2_909131_003,2,rich,0.0,126,84,42,0,1.2390088954816746e-14,108,False,0.86,2.0,0.21559305870723763,0.21559305870723763,0.2575336368720479,0.2575336368720479
f2_909131_003,2,rich,0.0,126,84,42,0,1.2390088954816746e-14,109,False,0.88,2.0,0.20373810316126723,0.20373810316126723,0.2569871291055927,0.2569871291055927
f2_909131_003,2,rich,0.0,126,84,42,0,1.2390088954816746e-14,110,True,0.9,2.0,0.19236808226164057,0.19236808226164057,0.25646253581820283,0.25646253581820283
f2_909131_003,2,rich,0.0,126,84,42,0,1.2390088954816746e-14,111,False,0.92,2.0,0.18147950254378,0.18147950254378,0.2559589329273405,0.2559589329273405
f2_909131_003,2,rich,0.0,126,84,42,0,1.2390088954816746e-14,112,False,0.9400000000000001,2.0,0.1710671888949211,0.1710671888949211,0.2554754481843509,0.2554754481843509
f2_909131_003,2,rich,0.0,126,84,42,0,1.2390088954816746e-14,113,True,0.96,2.0,0.16112442471208002,0.16112442471208002,0.2550112571500462,0.2550112571500462
f2_909131_003,2,rich,0.0,126,84,42,0,1.2390088954816746e-14,114,False,0.98,2.0,0.15164309777903417,0.15164309777903417,0.2545655795780048,0.2545655795780048
f2_909131_003,2,rich,0.0,126,84,42,0,1.2390088954816746e-14,115,False,1.0,2.0,0.14261384903600494,0.14261384903600494,0.2541376761561107,0.2541376761561107
f2_909131_003,2,rich,0.0,126,84,42,0,1.2390088954816746e-14,116,True,1.02,2.0,0.13402622172238748,0.13402622172238748,0.25372684556366,0.25372684556366
f2_909131_003,2,rich,0.0,126,84,42,0,1.2390088954816746e-14,117,False,1.04,2.0,0.12586880869157155,0.12586880869157155,0.2533324218071822,0.2533324218071822
f2_909131_003,2,rich,0.0,126,84,42,0,1.2390088954816746e-14,118,False,1.06,2.0,0.11812939601714681,0.11812939601714681,0.2529537718029998,0.2529537718029998
f2_909131_003,2,rich,0.0,126,84,42,0,1.2390088954816746e-14,119,True,1.08,2.0,0.11079510132306804,0.11079510132306804,0.2525902931787516,0.2525902931787516
f2_909131_003,2,rich,0.0,126,84,42,0,1.2390088954816746e-14,120,False,1.1,2.0,0.10385250556986658,0.10385250556986658,0.2522414122696744,0.2522414122696744
f2_909131_003,2,rich,0.0,126,84,42,0,1.2390088954816746e-14,121,False,1.12,2.0,0.09728777730961129,0.09728777730961129,0.2519065822884963,0.2519065822884963
f2_909131_003,2,rich,0.0,126,84,42,0,1.2390088954816746e-14,122,True,1.1400000000000001,2.0,0.09108678868041063,0.09108678868041063,0.2515852816504336,0.2515852816504336
f2_909131_003,2,rich,0.0,126,84,42,0,1.2390088954816746e-14,123,False,1.16,2.0,0.08523522264445842,0.08523522264445842,0.2512770124370459,0.2512770124370459
f2_909131_003,2,rich,0.0,126,84,42,0,1.2390088954816746e-14,124,False,1.18,2.0,0.07971867118074366,0.07971867118074366,0.2509812989846641,0.2509812989846641
f2_909131_003,2,rich,0.0,126,84,42,0,1.2390088954816746e-14,125,True,1.2,2.0,0.07452272432427243,0.07452272432427243,0.25069768658480585,0.25069768658480585
f2_909131_004,2,rich,0.0,126,84,42,0,1.5520917884259687e-14,0,False,0.8,0.0821917808219178,0.20007160532667304,0.20007160532667304,0.28568053814296435,0.28568053814296435
f2_909131_004,2,rich,0.0,126,84,42,0,1.5520917884259687e-14,1,False,0.8200000000000001,0.0821917808219178,0.1801754202580741,0.1801754202580741,0.2833228140010572,0.2833228140010572
f2_909131_004,2,rich,0.0,126,84,42,0,1.5520917884259687e-14,2,True,0.8400000000000001,0.0821917808219178,0.1603997374553277,0.1603997374553277,0.2810757186598439,0.2810757186598439
f2_909131_004,2,rich,0.0,126,84,42,0,1.5520917884259687e-14,3,False,0.86,0.0821917808219178,0.14084954253679735,0.14084954253679735,0.2789387893949212,0.2789387893949212
f2_909131_004,2,rich,0.0,126,84,42,0,1.5520917884259687e-14,4,False,0.88,0.0821917808219178,0.12168856693321115,0.12168856693321115,0.2769113790814459,0.2769113790814459
f2_909131_004,2,rich,0.0,126,84,42,0,1.5520917884259687e-14,5,True,0.9,0.0821917808219178,0.10314812700318646,0.10314812700318646,0.2749926219233306,0.2749926219233306
f2_909131_004,2,rich,0.0,126,84,42,0,1.5520917884259687e-14,6,False,0.92,0.0821917808219178,0.08552266875358853,0.08552266875358853,0.27318140862629686,0.27318140862629686
f2_909131_004,2,rich,0.0,126,84,42,0,1.5520917884259687e-14,7,False,0.9400000000000001,0.0821917808219178,0.06914668796052047,0.06914668796052047,0.27147637107177863,0.27147637107177863
f2_909131_004,2,rich,0.0,126,84,42,0,1.5520917884259687e-14,8,True,0.96,0.0821917808219178,0.05435321540134105,0.05435321540134105,0.269875876116308,0.269875876116308
f2_909131_004,2,rich,0.0,126,84,42,0,1.5520917884259687e-14,9,False,0.98,0.0821917808219178,0.04142156079968257,0.04142156079968257,0.2683780277705445,0.2683780277705445
f2_909131_004,2,rich,0.0,126,84,42,0,1.5520917884259687e-14,10,False,1.0,0.0821917808219178,0.030527981326846976,0.030527981326846976,0.2669806767339208,0.2669806767339208
f2_909131_004,2,rich,0.0,126,84,42,0,1.5520917884259687e-14,11,True,1.02,0.0821917808219178,0.021713915201048067,0.021713915201048067,0.2656814360858743,0.2656814360858743
f2_909131_004,2,rich,0.0,126,84,42,0,1.5520917884259687e-14,12,False,1.04,0.0821917808219178,0.014881276990403891,0.014881276990403891,0.26447770185904773,0.26447770185904773
f2_909131_004,2,rich,0.0,126,84,42,0,1.5520917884259687e-14,13,False,1.06,0.0821917808219178,0.009815226544486482,0.009815226544486482,0.26336667722960533,0.26336667722960533
f2_909131_004,2,rich,0.0,126,84,42,0,1.5520917884259687e-14,14,True,1.08,0.0821917808219178,0.006226053003325749,0.006226053003325749,0.2623453991339084,0.2623453991339084
f2_909131_004,2,rich,0.0,126,84,42,0,1.5520917884259687e-14,15,False,1.1,0.0821917808219178,0.0037971518775752697,0.0037971518775752697,0.2614107662385858,0.2614107662385858
f2_909131_004,2,rich,0.0,126,84,42,0,1.5520917884259687e-14,16,False,1.12,0.0821917808219178,0.0022268183996111968,0.0022268183996111968,0.2605595673328255,0.2605595673328255
f2_909131_004,2,rich,0.0,126,84,42,0,1.5520917884259687e-14,17,True,1.1400000000000001,0.0821917808219178,0.001256293167878519,0.001256293167878519,0.2597885093624118,0.2597885093624118
f2_909131_004,2,rich,0.0,126,84,42,0,1.5520917884259687e-14,18,False,1.16,0.0821917808219178,0.0006823418161835448,0.0006823418161835448,0.2590942444741842,0.2590942444741842
f2_909131_004,2,rich,0.0,126,84,42,0,1.5520917884259687e-14,19,False,1.18,0.0821917808219178,0.0003571497271136588,0.0003571497271136588,0.2584733955792372,0.2584733955792372
f2_909131_004,2,rich,0.0,126,84,42,0,1.5520917884259687e-14,20,True,1.2,0.0821917808219178,0.00018036662047407094,0.00018036662047407094,0.25792258007106816,0.25792258007106816
f2_909131_004,2,rich,0.0,126,84,42,0,1.5520917884259687e-14,21,False,0.8,0.1643835616438356,0.20129986285299825,0.20129986285299825,0.29536826803770594,0.29536826803770594
f2_909131_004,2,rich,0.0,126,84,42,0,1.5520917884259687e-14,22,False,0.8200000000000001,0.1643835616438356,0.18213017836019696,0.18213017836019696,0.29355011384493723,0.29355011384493723
f2_909131_004,2,rich,0.0,126,84,42,0,1.5520917884259687e-14,23,True,0.8400000000000001,0.1643835616438356,0.16336954273643128,0.16336954273643128,0.2918150701639553,0.2918150701639553
f2_909131_004,2,rich,0.0,126,84,42,0,1.5520917884259687e-14,24,False,0.86,0.1643835616438356,0.14515367303038645,0.14515367303038645,0.29016105429986094,0.29016105429986094
f2_909131_004,2,rich,0.0,126,84,42,0,1.5520917884259687e-14,25,False,0.88,0.1643835616438356,0.1276348242750274,0.1276348242750274,0.28858600010480495,0.28858600010480495
f2_909131_004,2,rich,0.0,126,84,42,0,1.5520917884259687e-14,26,True,0.9,0.1643835616438356,0.11097378823207331,0.11097378823207331,0.28708785041245866,0.28708785041245866
f2_909131_004,2,rich,0.0,126,84,42,0,1.5520917884259687e-14,27,False,0.92,0.1643835616438356,0.09532935014268352,0.09532935014268352,0.28566455162264875,0.28566455162264875
f2_909131_004,2,rich,0.0,126,84,42,0,1.5520917884259687e-14,28,False,0.9400000000000001,0.1643835616438356,0.0808463815137013,0.0808463815137013,0.2843140501448365,0.2843140501448365
f2_909131_004,2,rich,0.0,126,84,42,0,1.5520917884259687e-14,29,True,0.96,0.1643835616438356,0.06764413297950568,0.06764413297950568,0.28303429043323713,0.28303429043323713
f2_909131_004,2,rich,0.0,126,84,42,0,1.5520917884259687e-14,30,False,0.98,0.1643835616438356,0.055806374741863146,0.055806374741863146,0.2818232143704725,0.2818232143704725
f2_909131_004,2,rich,0.0,126,84,42,0,1.5520917884259687e-14,31,False,1.0,0.1643835616438356,0.04537477861268724,0.04537477861268724,0.2806787617798886,0.2806787617798886
f2_909131_004,2,rich,0.0,126,84,42,0,1.5520917884259687e-14,32,True,1.02,0.1643835616438356,0.036346402108995327,0.036346402108995327,0.27959887186866883,0.27959887186866883
f2_909131_004,2,rich,0.0,126,84,42,0,1.5520917884259687e-14,33,False,1.04,0.1643835616438356,0.028675450838451955,0.028675450838451955,0.27858148542408095,0.27858148542408095
f2_909131_004,2,rich,0.0,126,84,42,0,1.5520917884259687e-14,34,False,1.06,0.1643835616438356,0.022278821220037257,0.022278821220037257,0.27762454760348076,0.27762454760348076
f2_909131_004,2,rich,0.0,126,84,42,0,1.5520917884259687e-14,35,True,1.08,0.1643835616438356,0.01704440528918434,0.01704440528918434,0.27672601117517337,0.27672601117517337
f2_909131_004,2,rich,0.0,126,84,42,0,1.5520917884259687e-14,36,False,1.1,0.1643835616438356,0.012840862639075943,0.012840862639075943,0.27588384008199235,0.27588384008199235
f2_909131_004,2,rich,0.0,126,84,42,0,1.5520917884259687e-14,37,False,1.12,0.1643835616438356,0.009527551037027578,0.009527551037027578,0.2750960132128973,0.2750960132128973
f2_909131_004,2,rich,0.0,126,84,42,0,1.5520917884259687e-14,38,True,1.1400000000000001,0.1643835616438356,0.0069635134813971445,0.0069635134813971445,0.2743605282801753,0.2743605282801753
f2_909131_004,2,rich,0.0,126,84,42,0,1.5520917884259687e-14,39,False,1.16,0.1643835616438356,0.005014762344286108,0.005014762344286108,0.2736754057114872,0.2736754057114872
f2_909131_004,2,rich,0.0,126,84,42,0,1.5520917884259687e-14,40,False,1.18,0.1643835616438356,0.00355948706507631,0.00355948706507631,0.27303869247702967,0.27303869247702967
f2_909131_004,2,rich,0.0,126,84,42,0,1.5520917884259687e-14,41,True,1.2,0.1643835616438356,0.002491160987544344,0.002491160987544344,0.272448465782823,0.272448465782823
f2_909131_004,2,rich,0.0,126,84,42,0,1.5520917884259687e-14,42,False,0.8,0.2465753424657534,0.2040246615826538,0.2040246615826538,0.3018820811520584,0.3018820811520584
f2_909131_004,2,rich,0.0,126,84,42,0,1.5520917884259687e-14,43,False,0.8200000000000001,0.2465753424657534,0.18575184901655067,0.18575184901655067,0.30040015269417925,0.30040015269417925
f2_909131_004,2,rich,0.0,126,84,42,0,1.5520917884259687e-14,44,True,0.8400000000000001,0.2465753424657534,0.16802890236689993,0.16802890236689993,0.2989829216994603,0.2989829216994603
f2_909131_004,2,rich,0.0,126,84,42,0,1.5520917884259687e-14,45,False,0.86,0.2465753424657534,0.1509606377923555,0.1509606377923555,0.297628177521581,0.297628177521581
f2_909131_004,2,rich,0.0,126,84,42,0,1.5520917884259687e-14,46,False,0.88,0.2465753424657534,0.13465164776521854,0.13465164776521854,0.2963337962854672,0.2963337962854672
f2_909131_004,2,rich,0.0,126,84,42,0,1.5520917884259687e-14,47,True,0.9,0.2465753424657534,0.1192012489998358,0.1192012489998358,0.295097732686251,0.295097732686251
f2_909131_004,2,rich,0.0,126,84,42,0,1.5520917884259687e-14,48,False,0.92,0.2465753424657534,0.10469839838022747,0.10469839838022747,0.293918012953378,0.293918012953378
f2_909131_004,2,rich,0.0,126,84,42,0,1.5520917884259687e-14,49,False,0.9400000000000001,0.2465753424657534,0.09121704313476413,0.09121704313476413,0.29279272882643315,0.29279272882643315
f2_909131_004,2,rich,0.0,126,84,42,0,1.5520917884259687e-14,50,True,0.96,0.2465753424657534,0.0788123301956347,0.0788123301956347,0.2917200324111853,0.2917200324111853
f2_909131_004,2,rich,0.0,126,84,42,0,1.5520917884259687e-14,51,False,0.98,0.2465753424657534,0.06751800260332676,0.06751800260332676,0.2906981318024384,0.2906981318024384
f2_909131_004,2,rich,0.0,126,84,42,0,1.5520917884259687e-14,52,False,1.0,0.2465753424657534,0.05734517496127689,0.05734517496127689,0.28972528737505165,0.28972528737505165
f2_909131_004,2,rich,0.0,126,84,42,0,1.5520917884259687e-14,53,True,1.02,0.2465753424657534,0.0482825277574305,0.0482825277574305,0.2887998086567685,0.2887998086567685
f2_909131_004,2,rich,0.0,126,84,42,0,1.5520917884259687e-14,54,False,1.04,0.2465753424657534,0.040297815026516304,0.040297815026516304,0.2879200517065047,0.2879200517065047
f2_909131_004,2,rich,0.0,126,84,42,0,1.5520917884259687e-14,55,False,1.06,0.2465753424657534,0.03334046092080571,0.03334046092080571,0.28708441693022735,0.28708441693022735
f2_909131_004,2,rich,0.0,126,84,42,0,1.5520917884259687e-14,56,True,1.08,0.2465753424657534,0.027344941270348564,0.027344941270348564,0.2862913472736065,0.2862913472736065
f2_909131_004,2,rich,0.0,126,84,42,0,1.5520917884259687e-14,57,False,1.1,0.2465753424657534,0.022234611247494603,0.022234611247494603,0.2855393267367244,0.2855393267367244
f2_909131_004,2,rich,0.0,126,84,42,0,1.5520917884259687e-14,58,False,1.12,0.2465753424657534,0.017925647465297286,0.017925647465297286,0.28482687916145233,0.28482687916145233
f2_909131_004,2,rich,0.0,126,84,42,0,1.5520917884259687e-14,59,True,1.1400000000000001,0.2465753424657534,0.014330814189261312,0.014330814189261312,0.2841525672468386,0.2841525672468386
f2_909131_004,2,rich,0.0,126,84,42,0,1.5520917884259687e-14,60,False,1.16,0.2465753424657534,0.011362827488687452,0.011362827488687452,0.2835149917522207,0.2835149917522207
f2_909131_004,2,rich,0.0,126,84,42,0,1.5520917884259687e-14,61,False,1.18,0.2465753424657534,0.008937165937850641,0.008937165937850641,0.2829127908517377,0.2829127908517377
f2_909131_004,2,rich,0.0,126,84,42,0,1.5520917884259687e-14,62,True,1.2,0.2465753424657534,0.006974250959895755,0.006974250959895755,0.2823446396077889,0.2823446396077889
f2_909131_004,2,rich,0.0,126,84,42,0,1.5520917884259687e-14,63,False,0.8,0.4931506849315068,0.2157075417526773,0.2157075417526773,0.31204126042486274,0.31204126042486274
f2_909131_004,2,rich,0.0,126,84,42,0,1.5520917884259687e-14,64,False,0.8200000000000001,0.4931506849315068,0.19949154975192443,0.19949154975192443,0.3110860129946032,0.3110860129946032
f2_909131_004,2,rich,0.0,126,84,42,0,1.5520917884259687e-14,65,True,0.8400000000000001,0.4931506849315068,0.18389352904789907,0.18389352904789907,0.3101680836185142,0.3101680836185142
f2_909131_004,2,rich,0.0,126,84,42,0,1.5520917884259687e-14,66,False,0.86,0.4931506849315068,0.16895546366770606,0.16895546366770606,0.30928585853472756,0.30928585853472756
f2_909131_004,2,rich,0.0,126,84,42,0,1.5520917884259687e-14,67,False,0.88,0.4931506849315068,0.1547134381152564,0.1547134381152564,0.30843782065056563,0.30843782065056563
f2_909131_004,2,rich,0.0,126,84,42,0,1.5520917884259687e-14,68,True,0.9,0.4931506849315068,0.1411968353520093,0.1411968353520093,0.30762254120152704,0.30762254120152704
f2_909131_004,2,rich,0.0,126,84,42,0,1.5520917884259687e-14,69,False,0.92,0.4931506849315068,0.12842777236085126,0.12842777236085126,0.3068386723294699,0.3068386723294699
f2_909131_004,2,rich,0.0,126,84,42,0,1.5520917884259687e-14,70,False,0.9400000000000001,0.4931506849315068,0.11642078384996807,0.11642078384996807,0.30608494046302803,0.30608494046302803
f2_909131_004,2,rich,0.0,126,84,42,0,1.5520917884259687e-14,71,True,0.96,0.4931506849315068,0.1051827509335423,0.1051827509335423,0.3053601404000262,0.3053601404000262
f2_909131_004,2,rich,0.0,126,84,42,0,1.5520917884259687e-14,72,False,0.98,0.4931506849315068,0.09471305957478364,0.09471305957478364,0.3046631300058014,0.3046631300058014
f2_909131_004,2,rich,0.0,126,84,42,0,1.5520917884259687e-14,73,False,1.0,0.4931506849315068,0.0850039638201378,0.0850039638201378,0.3039928254531145,0.3039928254531145
f2_909131_004,2,rich,0.0,126,84,42,0,1.5520917884259687e-14,74,True,1.02,0.4931506849315068,0.07604112174022493,0.07604112174022493,0.30334819693938203,0.30334819693938203
f2_909131_004,2,rich,0.0,126,84,42,0,1.5520917884259687e-14,75,False,1.04,0.4931506849315068,0.06780426761255058,0.06780426761255058,0.30272826482545406,0.30272826482545406
f2_909131_004,2,rich,0.0,126,84,42,0,1.5520917884259687e-14,76,False,1.06,0.4931506849315068,0.060267982102974405,0.060267982102974405,0.3021320961473869,0.3021320961473869
f2_909131_004,2,rich,0.0,126,84,42,0,1.5520917884259687e-14,77,True,1.08,0.4931506849315068,0.05340252272919652,0.05340252272919652,0.3015588014588577,0.3015588014588577
f2_909131_004,2,rich,0.0,126,84,42,0,1.5520917884259687e-14,78,False,1.1,0.4931506849315068,0.047174679310674504,0.047174679310674504,0.3010075319671926,0.3010075319671926
f2_909131_004,2,rich,0.0,126,84,42,0,1.5520917884259687e-14,79,False,1.12,0.4931506849315068,0.0415486229591389,0.0415486229591389,0.3004774769305162,0.3004774769305162
f2_909131_004,2,rich,0.0,126,84,42,0,1.5520917884259687e-14,80,True,1.1400000000000001,0.4931506849315068,0.03648672196673591,0.03648672196673591,0.29996786128752206,0.29996786128752206
f2_909131_004,2,rich,0.0,126,84,42,0,1.5520917884259687e-14,81,False,1.16,0.4931506849315068,0.03195030325789379,0.03195030325789379,0.29947794349475637,0.29947794349475637
f2_909131_004,2,rich,0.0,126,84,42,0,1.5520917884259687e-14,82,False,1.18,0.4931506849315068,0.027900343495041887,0.027900343495041887,0.29900701354928155,0.29900701354928155
f2_909131_004,2,rich,0.0,126,84,42,0,1.5520917884259687e-14,83,True,1.2,0.4931506849315068,0.02429807914791,0.02429807914791,0.29855439117719534,0.29855439117719534
f2_909131_004,2,rich,0.0,126,84,42,0,1.5520917884259687e-14,84,False,0.8,1.0,0.240696610289862,0.240696610289862,0.3196813860811947,0.3196813860811947
f2_909131_004,2,rich,0.0,126,84,42,0,1.5520917884259687e-14,85,False,0.8200000000000001,1.0,0.22670892702132986,0.22670892702132986,0.3191252422578208,0.3191252422578208
f2_909131_004,2,rich,0.0,126,84,42,0,1.5520917884259687e-14,86,True,0.8400000000000001,1.0,0.213255717483473,0.213255717483473,0.31858882853978515,0.31858882853978515
f2_909131_004,2,rich,0.0,126,84,42,0,1.5520917884259687e-14,87,False,0.86,1.0,0.20034394182557114,0.20034394182557114,0.31807121169918035,0.31807121169918035
f2_909131_004,2,rich,0.0,126,84,42,0,1.5520917884259687e-14,88,False,0.88,1.0,0.18797756981941963,0.18797756981941963,0.3175715205510541,0.3175715205510541
f2_909131_004,2,rich,0.0,126,84,42,0,1.5520917884259687e-14,89,True,0.9,1.0,0.1761576904555817,0.1761576904555817,0.3170889405139653,0.3170889405139653
f2_909131_004,2,rich,0.0,126,84,42,0,1.5520917884259687e-14,90,False,0.92,1.0,0.16488265798188217,0.16488265798188217,0.31662270875993115,0.31662270875993115
f2_909131_004,2,rich,0.0,126,84,42,0,1.5520917884259687e-14,91,False,0.9400000000000001,1.0,0.15414826742671955,0.15414826742671955,0.3161721098784004,0.3161721098784004
f2_909131_004,2,rich,0.0,126,84,42,0,1.5520917884259687e-14,92,True,0.96,1.0,0.14394795281636508,0.14394795281636508,0.3157364719899244,0.3157364719899244
f2_909131_004,2,rich,0.0,126,84,42,0,1.5520917884259687e-14,93,False,0.98,1.0,0.13427300164557396,0.13427300164557396,0.31531516325440173,0.31531516325440173
f2_909131_004,2,rich,0.0,126,84,42,0,1.5520917884259687e-14,94,False,1.0,1.0,0.1251127796485263,0.1251127796485263,0.3149075887265344,0.3149075887265344
f2_909131_004,2,rich,0.0,126,84,42,0,1.5520917884259687e-14,95,True,1.02,1.0,0.11645496050014212,0.11645496050014212,0.31451318751762664,0.31451318751762664
f2_909131_004,2,rich,0.0,126,84,42,0,1.5520917884259687e-14,96,False,1.04,1.0,0.1082857557188552,0.1082857557188552,0.3141314302283959,0.3141314302283959
f2_909131_004,2,rich,0.0,126,84,42,0,1.5520917884259687e-14,97,False,1.06,1.0,0.10059014070906708,0.10059014070906708,0.3137618166221263,0.3137618166221263
f2_909131_004,2,rich,0.0,126,84,42,0,1.5520917884259687e-14,98,True,1.08,1.0,0.0933520735484462,0.0933520735484462,0.31340387351148624,0.31340387351148624
f2_909131_004,2,rich,0.0,126,84,42,0,1.5520917884259687e-14,99,False,1.1,1.0,0.08655470377108296,0.08655470377108296,0.31305715283573055,0.31305715283573055
f2_909131_004,2,rich,0.0,126,84,42,0,1.5520917884259687e-14,100,False,1.12,1.0,0.08018056900645229,0.08018056900645229,0.31272122990792534,0.31272122990792534
f2_909131_004,2,rich,0.0,126,84,42,0,1.5520917884259687e-14,101,True,1.1400000000000001,1.0,0.07421177789488997,0.07421177789488997,0.3123957018143324,0.3123957018143324
f2_909131_004,2,rich,0.0,126,84,42,0,1.5520917884259687e-14,102,False,1.16,1.0,0.06863017820555731,0.06863017820555731,0.3120801859502521,0.3120801859502521
f2_909131_004,2,rich,0.0,126,84,42,0,1.5520917884259687e-14,103,False,1.18,1.0,0.06341750952870512,0.06341750952870512,0.31177431867848854,0.31177431867848854
f2_909131_004,2,rich,0.0,126,84,42,0,1.5520917884259687e-14,104,True,1.2,1.0,0.058555540299234266,0.058555540299234266,0.31147775409821304,0.31147775409821304
f2_909131_004,2,rich,0.0,126,84,42,0,1.5520917884259687e-14,105,False,0.8,2.0,0.28261452678443455,0.28261452678443455,0.32625261116503707,0.32625261116503707
f2_909131_004,2,rich,0.0,126,84,42,0,1.5520917884259687e-14,106,False,0.8200000000000001,2.0,0.27068251454866704,0.27068251454866704,0.32593572323573006,0.32593572323573006
f2_909131_004,2,rich,0.0,126,84,42,0,1.5520917884259687e-14,107,True,0.8400000000000001,2.0,0.2591593058915619,0.2591593058915619,0.3256296829255355,0.3256296829255355
f2_909131_004,2,rich,0.0,126,84,42,0,1.5520917884259687e-14,108,False,0.86,2.0,0.24803999866543888,0.24803999866543888,0.3253339448222539,0.3253339448222539
f2_909131_004,2,rich,0.0,126,84,42,0,1.5520917884259687e-14,109,False,0.88,2.0,0.23731882089665843,0.23731882089665843,0.32504800201120393,0.32504800201120393
f2_909131_004,2,rich,0.0,126,84,42,0,1.5520917884259687e-14,110,True,0.9,2.0,0.22698922905843036,0.22698922905843036,0.3247713825762019,0.3247713825762019
f2_909131_004,2,rich,0.0,126,84,42,0,1.5520917884259687e-14,111,False,0.92,2.0,0.21704400260899104,0.21704400260899104,0.32450364648739705,0.32450364648739705
f2_909131_004,2,rich,0.0,126,84,42,0,1.5520917884259687e-14,112,False,0.9400000000000001,2.0,0.2074753341773731,0.2074753341773731,0.3242443828258737,0.3242443828258737
f2_909131_004,2,rich,0.0,126,84,42,0,1.5520917884259687e-14,113,True,0.96,2.0,0.19827491494460842,0.19827491494460842,0.3239932073023102,0.3239932073023102
f2_909131_004,2,rich,0.0,126,84,42,0,1.5520917884259687e-14,114,False,0.98,2.0,0.18943401491132225,0.18943401491132225,0.3237497600331856,0.3237497600331856
f2_909131_004,2,rich,0.0,126,84,42,0,1.5520917884259687e-14,115,False,1.0,2.0,0.18094355786483352,0.18094355786483352,0.3235137035431763,0.3235137035431763
f2_909131_004,2,rich,0.0,126,84,42,0,1.5520917884259687e-14,116,True,1.02,2.0,0.17279419096185408,0.17279419096185408,0.32328472096676364,0.32328472096676364
f2_909131_004,2,rich,0.0,126,84,42,0,1.5520917884259687e-14,117,False,1.04,2.0,0.1649763489284811,0.1649763489284811,0.323062514425738,0.323062514425738
f2_909131_004,2,rich,0.0,126,84,42,0,1.5520917884259687e-14,118,False,1.06,2.0,0.15748031294924467,0.15748031294924467,0.32284680356240875,0.32284680356240875
f2_909131_004,2,rich,0.0,126,84,42,0,1.5520917884259687e-14,119,True,1.08,2.0,0.1502962643732829,0.1502962643732829,0.32263732421097185,0.32263732421097185
f2_909131_004,2,rich,0.0,126,84,42,0,1.5520917884259687e-14,120,False,1.1,2.0,0.14341433340998186,0.14341433340998186,0.3224338271917556,0.3224338271917556
f2_909131_004,2,rich,0.0,126,84,42,0,1.5520917884259687e-14,121,False,1.12,2.0,0.13682464302021352,0.13682464302021352,0.32223607721499675,0.32223607721499675
f2_909131_004,2,rich,0.0,126,84,42,0,1.5520917884259687e-14,122,True,1.1400000000000001,2.0,0.13051734823409822,0.13051734823409822,0.3220438518824448,0.3220438518824448
f2_909131_004,2,rich,0.0,126,84,42,0,1.5520917884259687e-14,123,False,1.16,2.0,0.12448267114336628,0.12448267114336628,0.3218569407765485,0.3218569407765485
f2_909131_004,2,rich,0.0,126,84,42,0,1.5520917884259687e-14,124,False,1.18,2.0,0.11871093182706446,0.11871093182706446,0.32167514462818125,0.32167514462818125
f2_909131_004,2,rich,0.0,126,84,42,0,1.5520917884259687e-14,125,True,1.2,2.0,0.11319257547465067,0.11319257547465067,0.32149827455494456,0.32149827455494456
f2_909131_005,2,rich,0.0,126,84,42,0,1.4388490399142028e-14,0,False,0.8,0.0821917808219178,0.20086650408712572,0.20086650408712572,0.3906232768172622,0.3906232768172622
f2_909131_005,2,rich,0.0,126,84,42,0,1.4388490399142028e-14,1,False,0.8200000000000001,0.0821917808219178,0.18153164289267978,0.18153164289267978,0.38973056441602644,0.38973056441602644
f2_909131_005,2,rich,0.0,126,84,42,0,1.4388490399142028e-14,2,True,0.8400000000000001,0.0821917808219178,0.16258192019339712,0.16258192019339712,0.3888840765639088,0.3888840765639088
f2_909131_005,2,rich,0.0,126,84,42,0,1.4388490399142028e-14,3,False,0.86,0.0821917808219178,0.144164391481564,0.144164391481564,0.38808219492366697,0.38808219492366697
f2_909131_005,2,rich,0.0,126,84,42,0,1.4388490399142028e-14,4,False,0.88,0.0821917808219178,0.1264467084447979,0.1264467084447979,0.38732338565350494,0.38732338565350494
f2_909131_005,2,rich,0.0,126,84,42,0,1.4388490399142028e-14,5,True,0.9,0.0821917808219178,0.10960708891915598,0.10960708891915598,0.38660619058253803,0.38660619058253803
f2_909131_005,2,rich,0.0,126,84,42,0,1.4388490399142028e-14,6,False,0.92,0.0821917808219178,0.09382109595250464,0.09382109595250464,0.38592921941652225,0.38592921941652225
f2_909131_005,2,rich,0.0,126,84,42,0,1.4388490399142028e-14,7,False,0.9400000000000001,0.0821917808219178,0.0792470114925581,0.0792470114925581,0.3852911428548569,0.3852911428548569
f2_909131_005,2,rich,0.0,126,84,42,0,1.4388490399142028e-14,8,True,0.96,0.0821917808219178,0.0660120021535834,0.0660120021535834,0.3846906865166356,0.3846906865166356
f2_909131_005,2,rich,0.0,126,84,42,0,1.4388490399142028e-14,9,False,0.98,0.0821917808219178,0.05420119144563114,0.05420119144563114,0.3841266255872511,0.3841266255872511
f2_909131_005,2,rich,0.0,126,84,42,0,1.4388490399142028e-14,10,False,1.0,0.0821917808219178,0.043851205480271105,0.043851205480271105,0.3835977801086486,0.3835977801086486
f2_909131_005,2,rich,0.0,126,84,42,0,1.4388490399142028e-14,11,True,1.02,0.0821917808219178,0.03494890911771384,0.03494890911771384,0.38310301084571496,0.38310301084571496
f2_909131_005,2,rich,0.0,126,84,42,0,1.4388490399142028e-14,12,False,1.04,0.0821917808219178,0.02743512614382629,0.02743512614382629,0.38264121566926634,0.38264121566926634
f2_909131_005,2,rich,0.0,126,84,42,0,1.4388490399142028e-14,13,False,1.06,0.0821917808219178,0.021212360124659196,0.021212360124659196,0.38221132640263766,0.38221132640263766
f2_909131_005,2,rich,0.0,126,84,42,0,1.4388490399142028e-14,14,True,1.08,0.0821917808219178,0.016155050730821574,0.016155050730821574,0.38181230608440425,0.38181230608440425
f2_909131_005,2,rich,0.0,126,84,42,0,1.4388490399142028e-14,15,False,1.1,0.0821917808219178,0.012120763359691753,0.012120763359691753,0.3814431466043927,0.3814431466043927
f2_909131_005,2,rich,0.0,126,84,42,0,1.4388490399142028e-14,16,False,1.12,0.0821917808219178,0.008960876492599891,0.008960876492599891,0.38110286667409454,0.38110286667409454
f2_909131_005,2,rich,0.0,126,84,42,0,1.4388490399142028e-14,17,True,1.1400000000000001,0.0821917808219178,0.006529700984578731,0.006529700984578731,0.3807905100959256,0.3807905100959256
f2_909131_005,2,rich,0.0,126,84,42,0,1.4388490399142028e-14,18,False,1.16,0.0821917808219178,0.004691418859558846,0.004691418859558846,0.3805051442987344,0.3805051442987344
f2_909131_005,2,rich,0.0,126,84,42,0,1.4388490399142028e-14,19,False,1.18,0.0821917808219178,0.003324661338793713,0.003324661338793713,0.38024585910945774,0.38024585910945774
f2_909131_005,2,rich,0.0,126,84,42,0,1.4388490399142028e-14,20,True,1.2,0.0821917808219178,0.0023248864775274546,0.0023248864775274546,0.380011765733191,0.380011765733191
f2_909131_005,2,rich,0.0,126,84,42,0,1.4388490399142028e-14,21,False,0.8,0.1643835616438356,0.20436754621519101,0.20436754621519101,0.37677780588070175,0.37677780588070175
f2_909131_005,2,rich,0.0,126,84,42,0,1.4388490399142028e-14,22,False,0.8200000000000001,0.1643835616438356,0.18624152605844957,0.18624152605844957,0.37588537021519947,0.37588537021519947
f2_909131_005,2,rich,0.0,126,84,42,0,1.4388490399142028e-14,23,True,0.8400000000000001,0.1643835616438356,0.16869669975708473,0.16869669975708473,0.37503473851467806,0.37503473851467806
f2_909131_005,2,rich,0.0,126,84,42,0,1.4388490399142028e-14,24,False,0.86,0.1643835616438356,0.15183488779859644,0.15183488779859644,0.37422444003812005,0.37422444003812005
f2_909131_005,2,rich,0.0,126,84,42,0,1.4388490399142028e-14,25,False,0.88,0.1643835616438356,0.13575476112841905,0.13575476112841905,0.3734530860283187,0.3734530860283187
f2_909131_005,2,rich,0.0,126,84,42,0,1.4388490399142028e-14,26,True,0.9,0.1643835616438356,0.12054704858883451,0.12054704858883451,0.37271936147512874,0.37271936147512874
f2_909131_005,2,rich,0.0,126,84,42,0,1.4388490399142028e-14,27,False,0.92,0.1643835616438356,0.10629007385444406,0.10629007385444406,0.3720220178117899,0.3720220178117899
f2_909131_005,2,rich,0.0,126,84,42,0,1.4388490399142028e-14,28,False,0.9400000000000001,0.1643835616438356,0.09304601035902359,0.09304601035902359,0.37135986643241725,0.37135986643241725
f2_909131_005,2,rich,0.0,126,84,42,0,1.4388490399142028e-14,29,True,0.96,0.1643835616438356,0.08085815426888338,0.08085815426888338,0.3707317729348202,0.3707317729348202
f2_909131_005,2,rich,0.0,126,84,42,0,1.4388490399142028e-14,30,False,0.98,0.1643835616438356,0.06974939595216544,0.06974939595216544,0.3701366520062329,0.3701366520062329
f2_909131_005,2,rich,0.0,126,84,42,0,1.4388490399142028e-14,31,False,1.0,0.1643835616438356,0.05972193946833215,0.05972193946833215,0.36957346288063353,0.36957346288063353
f2_909131_005,2,rich,0.0,126,84,42,0,1.4388490399142028e-14,32,True,1.02,0.1643835616438356,0.05075819643433937,0.05075819643433937,0.36904120530574014,0.36904120530574014
f2_909131_005,2,rich,0.0,126,84,42,0,1.4388490399142028e-14,33,False,1.04,0.1643835616438356,0.04282268036330639,0.04282268036330639,0.3685389159655273,0.3685389159655273
f2_909131_005,2,rich,0.0,126,84,42,0,1.4388490399142028e-14,34,False,1.06,0.1643835616438356,0.035864659592124454,0.035864659592124454,0.36806566531071994,0.36806566531071994
f2_909131_005,2,rich,0.0,126,84,42,0,1.4388490399142028e-14,35,True,1.08,0.1643835616438356,0.02982129437436972,0.02982129437436972,0.36762055475528277,0.36762055475528277
f2_909131_005,2,rich,0.0,126,84,42,0,1.4388490399142028e-14,36,False,1.1,0.1643835616438356,0.024620984297405404,0.024620984297405404,0.3672027142015876,0.3672027142015876
f2_909131_005,2,rich,0.0,126,84,42,0,1.4388490399142028e-14,37,False,1.12,0.1643835616438356,0.020186679604303034,0.020186679604303034,0.3668112998609645,0.3668112998609645
f2_909131_005,2,rich,0.0,126,84,42,0,1.4388490399142028e-14,38,True,1.1400000000000001,0.1643835616438356,0.016438955822594525,0.016438955822594525,0.36644549233973267,0.36644549233973267
f2_909131_005,2,rich,0.0,126,84,42,0,1.4388490399142028e-14,39,False,1.16,0.1643835616438356,0.013298706440096767,0.013298706440096767,0.36610449496372793,0.36610449496372793
f2_909131_005,2,rich,0.0,126,84,42,0,1.4388490399142028e-14,40,False,1.18,0.1643835616438356,0.010689365242000304,0.010689365242000304,0.3657875323168717,0.3657875323168717
f2_909131_005,2,rich,0.0,126,84,42,0,1.4388490399142028e-14,41,True,1.2,0.1643835616438356,0.008538622105171456,0.008538622105171456,0.3654938489715266,0.3654938489715266
f2_909131_005,2,rich,0.0,126,84,42,0,1.4388490399142028e-14,42,False,0.8,0.2465753424657534,0.20857555178306894,0.20857555178306894,0.3658540667294045,0.3658540667294045
f2_909131_005,2,rich,0.0,126,84,42,0,1.4388490399142028e-14,43,False,0.8200000000000001,0.2465753424657534,0.19134148030995998,0.19134148030995998,0.3649633728812867,0.3649633728812867
f2_909131_005,2,rich,0.0,126,84,42,0,1.4388490399142028e-14,44,True,0.8400000000000001,0.2465753424657534,0.17473223482601782,0.17473223482601782,0.36411099640238903,0.36411099640238903
f2_909131_005,2,rich,0.0,126,84,42,0,1.4388490399142028e-14,45,False,0.86,0.2465753424657534,0.15881774348694352,0.15881774348694352,0.3632955708539596,0.3632955708539596
f2_909131_005,2,rich,0.0,126,84,42,0,1.4388490399142028e-14,46,False,0.88,0.2465753424657534,0.14366154231942452,0.14366154231942452,0.362515808892399,0.362515808892399
f2_909131_005,2,rich,0.0,126,84,42,0,1.4388490399142028e-14,47,True,0.9,0.2465753424657534,0.12931852494534476,0.12931852494534476,0.36177049459420685,0.36177049459420685
f2_909131_005,2,rich,0.0,126,84,42,0,1.4388490399142028e-14,48,False,0.92,0.2465753424657534,0.11583310124308527,0.11583310124308527,0.36105847663927254,0.36105847663927254
f2_909131_005,2,rich,0.0,126,84,42,0,1.4388490399142028e-14,49,False,0.9400000000000001,0.2465753424657534,0.10323786329100153,0.10323786329100153,0.3603786622471215,0.3603786622471215
f2_909131_005,2,rich,0.0,126,84,42,0,1.4388490399142028e-14,50,True,0.96,0.2465753424657534,0.09155281256495819,0.09155281256495819,0.3597300117758496,0.3597300117758496
f2_909131_005,2,rich,0.0,126,84,42,0,1.4388490399142028e-14,51,False,0.98,0.2465753424657534,0.08078515747933002,0.08078515747933002,0.359111533906268,0.359111533906268
f2_909131_005,2,rich,0.0,126,84,42,0,1.4388490399142028e-14,52,False,1.0,0.2465753424657534,0.07092964952534442,0.07092964952534442,0.3585222813443743,0.3585222813443743
f2_909131_005,2,rich,0.0,126,84,42,0,1.4388490399142028e-14,53,True,1.02,0.2465753424657534,0.061969392896775645,0.061969392896775645,0.35796134698418924,0.35796134698418924
f2_909131_005,2,rich,0.0,126,84,42,0,1.4388490399142028e-14,54,False,1.04,0.2465753424657534,0.053877038667460596,0.053877038667460596,0.3574278604805448,0.3574278604805448
f2_909131_005,2,rich,0.0,126,84,42,0,1.4388490399142028e-14,55,False,1.06,0.2465753424657534,0.04661626100701084,0.04661626100701084,0.3569209851877544,0.3569209851877544
f2_909131_005,2,rich,0.0,126,84,42,0,1.4388490399142028e-14,56,True,1.08,0.2465753424657534,0.040143409119986824,0.040143409119986824,0.3564399154254958,0.3564399154254958
f2_909131_005,2,rich,0.0,126,84,42,0,1.4388490399142028e-14,57,False,1.1,0.2465753424657534,0.0344092332095331,0.0344092332095331,0.3559838740378325,0.3559838740378325
f2_909131_005,2,rich,0.0,126,84,42,0,1.4388490399142028e-14,58,False,1.12,0.2465753424657534,0.029360593885062704,0.029360593885062704,0.355552110215217,0.355552110215217
f2_909131_005,2,rich,0.0,126,84,42,0,1.4388490399142028e-14,59,True,1.1400000000000001,0.2465753424657534,0.024942079912916984,0.024942079912916984,0.35514389755267106,0.35514389755267106
f2_909131_005,2,rich,0.0,126,84,42,0,1.4388490399142028e-14,60,False,1.16,0.2465753424657534,0.021097476954381713,0.021097476954381713,0.35475853232024873,0.35475853232024873
f2_909131_005,2,rich,0.0,126,84,42,0,1.4388490399142028e-14,61,False,1.18,0.2465753424657534,0.01777104810304023,0.01777104810304023,0.35439533192435874,0.35439533192435874
f2_909131_005,2,rich,0.0,126,84,42,0,1.4388490399142028e-14,62,True,1.2,0.2465753424657534,0.014908604154486116,0.014908604154486116,0.35405363354069697,0.35405363354069697
f2_909131_005,2,rich,0.0,126,84,42,0,1.4388490399142028e-14,63,False,0.8,0.4931506849315068,0.22070108633035837,0.22070108633035837,0.34413172328301833,0.34413172328301833
f2_909131_005,2,rich,0.0,126,84,42,0,1.4388490399142028e-14,64,False,0.8200000000000001,0.4931506849315068,0.20507039664402216,0.20507039664402216,0.3432530467443623,0.3432530467443623
f2_909131_005,2,rich,0.0,126,84,42,0,1.4388490399142028e-14,65,True,0.8400000000000001,0.4931506849315068,0.19004641419291002,0.19004641419291002,0.3424063287894437,0.3424063287894437
f2_909131_005,2,rich,0.0,126,84,42,0,1.4388490399142028e-14,66,False,0.86,0.4931506849315068,0.17565892022519966,0.17565892022519966,0.341590358065397,0.341590358065397
f2_909131_005,2,rich,0.0,126,84,42,0,1.4388490399142028e-14,67,False,0.88,0.4931506849315068,0.16193236840641986,0.16193236840641986,0.3408039964602018,0.3408039964602018
f2_909131_005,2,rich,0.0,126,84,42,0,1.4388490399142028e-14,68,True,0.9,0.4931506849315068,0.14888553130812957,0.14888553130812957,0.3400461724447648,0.3400461724447648
f2_909131_005,2,rich,0.0,126,84,42,0,1.4388490399142028e-14,69,False,0.92,0.4931506849315068,0.1365313127306298,0.1365313127306298,0.33931587515034506,0.33931587515034506
f2_909131_005,2,rich,0.0,126,84,42,0,1.4388490399142028e-14,70,False,0.9400000000000001,0.4931506849315068,0.12487672023606873,0.12487672023606873,0.33861214908851284,0.33861214908851284
f2_909131_005,2,rich,0.0,126,84,42,0,1.4388490399142028e-14,71,True,0.96,0.4931506849315068,0.11392298602408957,0.11392298602408957,0.33793408943425346,0.33793408943425346
f2_909131_005,2,rich,0.0,126,84,42,0,1.4388490399142028e-14,72,False,0.98,0.4931506849315068,0.10366581940557539,0.10366581940557539,0.3372808378040513,0.3372808378040513
f2_909131_005,2,rich,0.0,126,84,42,0,1.4388490399142028e-14,73,False,1.0,0.4931506849315068,0.09409577069975045,0.09409577069975045,0.33665157847019206,0.33665157847019206
f2_909131_005,2,rich,0.0,126,84,42,0,1.4388490399142028e-14,74,True,1.02,0.4931506849315068,0.08519868436807895,0.08519868436807895,0.3360455349604899,0.3360455349604899
f2_909131_005,2,rich,0.0,126,84,42,0,1.4388490399142028e-14,75,False,1.04,0.4931506849315068,0.07695621849281443,0.07695621849281443,0.33546196699935754,0.33546196699935754
f2_909131_005,2,rich,0.0,126,84,42,0,1.4388490399142028e-14,76,False,1.06,0.4931506849315068,0.06934640813631808,0.06934640813631808,0.3349001677518452,0.3349001677518452
f2_909131_005,2,rich,0.0,126,84,42,0,1.4388490399142028e-14,77,True,1.08,0.4931506849315068,0.06234425147035004,0.06234425147035004,0.33435946133715316,0.33435946133715316
f2_909131_005,2,rich,0.0,126,84,42,0,1.4388490399142028e-14,78,False,1.1,0.4931506849315068,0.055922299617984395,0.055922299617984395,0.33383920058226946,0.33383920058226946
f2_909131_005,2,rich,0.0,126,84,42,0,1.4388490399142028e-14,79,False,1.12,0.4931506849315068,0.050051233682439446,0.050051233682439446,0.33333876498997683,0.33333876498997683
f2_909131_005,2,rich,0.0,126,84,42,0,1.4388490399142028e-14,80,True,1.1400000000000001,0.4931506849315068,0.04470041524060065,0.04470041524060065,0.33285755889853563,0.33285755889853563
f2_909131_005,2,rich,0.0,126,84,42,0,1.4388490399142028e-14,81,False,1.16,0.4931506849315068,0.03983839947333319,0.03983839947333319,0.3323950098130017,0.3323950098130017
f2_909131_005,2,rich,0.0,126,84,42,0,1.4388490399142028e-14,82,False,1.18,0.4931506849315068,0.03543340293972035,0.03543340293972035,0.3319505668904714,0.3319505668904714
f2_909131_005,2,rich,0.0,126,84,42,0,1.4388490399142028e-14,83,True,1.2,0.4931506849315068,0.03145372066112926,0.03145372066112926,0.33152369956349903,0.33152369956349903
f2_909131_005,2,rich,0.0,126,84,42,0,1.4388490399142028e-14,84,False,0.8,1.0,0.2414443041447103,0.2414443041447103,0.32238395717876517,0.32238395717876517
f2_909131_005,2,rich,0.0,126,84,42,0,1.4388490399142028e-14,85,False,0.8200000000000001,1.0,0.22742499979788217,0.22742499979788217,0.32155771743480205,0.32155771743480205
f2_909131_005,2,rich,0.0,126,84,42,0,1.4388490399142028e-14,86,True,0.8400000000000001,1.0,0.21393061254040674,0.21393061254040674,0.32075818193247413,0.32075818193247413
f2_909131_005,2,rich,0.0,126,84,42,0,1.4388490399142028e-14,87,False,0.86,1.0,0.2009688564488138,0.2009688564488138,0.3199842315998211,0.3199842315998211
f2_909131_005,2,rich,0.0,126,84,42,0,1.4388490399142028e-14,88,False,0.88,1.0,0.18854461236958886,0.18854461236958886,0.3192348172629195,0.3192348172629195
f2_909131_005,2,rich,0.0,126,84,42,0,1.4388490399142028e-14,89,True,0.9,1.0,0.17666000223583747,0.17666000223583747,0.3185089535534521,0.3185089535534521
f2_909131_005,2,rich,0.0,126,84,42,0,1.4388490399142028e-14,90,False,0.92,1.0,0.16531449950598615,0.16531449950598615,0.317805713480091,0.317805713480091
f2_909131_005,2,rich,0.0,126,84,42,0,1.4388490399142028e-14,91,False,0.9400000000000001,1.0,0.15450507009689848,0.15450507009689848,0.31712422357896686,0.31712422357896686
f2_909131_005,2,rich,0.0,126,84,42,0,1.4388490399142028e-14,92,True,0.96,1.0,0.14422633810974314,0.14422633810974314,0.3164636595708006,0.3164636595708006
f2_909131_005,2,rich,0.0,126,84,42,0,1.4388490399142028e-14,93,False,0.98,1.0,0.13447077074832894,0.13447077074832894,0.3158232424625958,0.3158232424625958
f2_909131_005,2,rich,0.0,126,84,42,0,1.4388490399142028e-14,94,False,1.0,1.0,0.12522887707447122,0.12522887707447122,0.3152022350404657,0.3152022350404657
f2_909131_005,2,rich,0.0,126,84,42,0,1.4388490399142028e-14,95,True,1.02,1.0,0.11648941560183432,0.11648941560183432,0.3145999387074778,0.3145999387074778
f2_909131_005,2,rich,0.0,126,84,42,0,1.4388490399142028e-14,96,False,1.04,1.0,0.10823960616877851,0.10823960616877851,0.31401569062657875,0.31401569062657875
f2_909131_005,2,rich,0.0,126,84,42,0,1.4388490399142028e-14,97,False,1.06,1.0,0.10046534202478664,0.10046534202478664,0.3134488611339348,0.3134488611339348
f2_909131_005,2,rich,0.0,126,84,42,0,1.4388490399142028e-14,98,True,1.08,1.0,0.0931513985898858,0.0931513985898858,0.31289885139249635,0.31289885139249635
f2_909131_005,2,rich,0.0,126,84,42,0,1.4388490399142028e-14,99,False,1.1,1.0,0.08628163588140118,0.08628163588140118,0.312365091259428,0.312365091259428
f2_909131_005,2,rich,0.0,126,84,42,0,1.4388490399142028e-14,100,False,1.12,1.0,0.07983919213016644,0.07983919213016644,0.3118470373443444,0.3118470373443444
f2_909131_005,2,rich,0.0,126,84,42,0,1.4388490399142028e-14,101,True,1.1400000000000001,1.0,0.07380666661519537,0.07380666661519537,0.31134417123809477,0.31134417123809477
f2_909131_005,2,rich,0.0,126,84,42,0,1.4388490399142028e-14,102,False,1.16,1.0,0.06816629022129271,0.06816629022129271,0.3108559978943156,0.3108559978943156
f2_909131_005,2,rich,0.0,126,84,42,0,1.4388490399142028e-14,103,False,1.18,1.0,0.06290008266056656,0.06290008266056656,0.3103820441480413,0.3103820441480413
f2_909131_005,2,rich,0.0,126,84,42,0,1.4388490399142028e-14,104,True,1.2,1.0,0.05798999569139393,0.05798999569139393,0.3099218573575336,0.3099218573575336
f2_909131_005,2,rich,0.0,126,84,42,0,1.4388490399142028e-14,105,False,0.8,2.0,0.27280989061768646,0.27280989061768646,0.3036686090642303,0.3036686090642303
f2_909131_005,2,rich,0.0,126,84,42,0,1.4388490399142028e-14,106,False,0.8200000000000001,2.0,0.26032693357078796,0.26032693357078796,0.30298053469459696,0.30298053469459696
f2_909131_005,2,rich,0.0,126,84,42,0,1.4388490399142028e-14,107,True,0.8400000000000001,2.0,0.2482704453986315,0.2482704453986315,0.30231378254020985,0.30231378254020985
f2_909131_005,2,rich,0.0,126,84,42,0,1.4388490399142028e-14,108,False,0.86,2.0,0.23663831638599497,0.23663831638599497,0.30166737054292225,0.30166737054292225
f2_909131_005,2,rich,0.0,126,84,42,0,1.4388490399142028e-14,109,False,0.88,2.0,0.2254272617207618,0.2254272617207618,0.3010403810291842,0.3010403810291842
f2_909131_005,2,rich,0.0,126,84,42,0,1.4388490399142028e-14,110,True,0.9,2.0,0.21463291345680482,0.21463291345680482,0.3004319551326372,0.3004319551326372
f2_909131_005,2,rich,0.0,126,84,42,0,1.4388490399142028e-14,111,False,0.92,2.0,0.20424991406747373,0.20424991406747373,0.29984128781577185,0.29984128781577185
f2_909131_005,2,rich,0.0,126,84,42,0,1.4388490399142028e-14,112,False,0.9400000000000001,2.0,0.19427201029299906,0.19427201029299906,0.29926762341448165,0.29926762341448165
f2_909131_005,2,rich,0.0,126,84,42,0,1.4388490399142028e-14,113,True,0.96,2.0,0.184692146157108,0.184692146157108,0.2987102516404465,0.2987102516404465
f2_909131_005,2,rich,0.0,126,84,42,0,1.4388490399142028e-14,114,False,0.98,2.0,0.1755025541931293,0.1755025541931293,0.29816850398557565,0.29816850398557565
f2_909131_005,2,rich,0.0,126,84,42,0,1.4388490399142028e-14,115,False,1.0,2.0,0.16669484407564622,0.16669484407564622,0.29764175048052616,0.29764175048052616
f2_909131_005,2,rich,0.0,126,84,42,0,1.4388490399142028e-14,116,True,1.02,2.0,0.15826008799879387,0.15826008799879387,0.29712939676591127,0.29712939676591127
f2_909131_005,2,rich,0.0,126,84,42,0,1.4388490399142028e-14,117,False,1.04,2.0,0.15018890227559453,0.15018890227559453,0.29663088144035227,0.29663088144035227
f2_909131_005,2,rich,0.0,126,84,42,0,1.4388490399142028e-14,118,False,1.06,2.0,0.14247152475377262,0.14247152475377262,0.29614567365427324,0.29614567365427324
f2_909131_005,2,rich,0.0,126,84,42,0,1.4388490399142028e-14,119,True,1.08,2.0,0.13509788775211853,0.13509788775211853,0.29567327092234197,0.29567327092234197
f2_909131_005,2,rich,0.0,126,84,42,0,1.4388490399142028e-14,120,False,1.1,2.0,0.12805768631784897,0.12805768631784897,0.29521319713091554,0.29521319713091554
f2_909131_005,2,rich,0.0,126,84,42,0,1.4388490399142028e-14,121,False,1.12,2.0,0.12134044168990939,0.12134044168990939,0.2947650007197838,0.2947650007197838
f2_909131_005,2,rich,0.0,126,84,42,0,1.4388490399142028e-14,122,True,1.1400000000000001,2.0,0.11493555992634097,0.11493555992634097,0.29432825302004245,0.29432825302004245
f2_909131_005,2,rich,0.0,126,84,42,0,1.4388490399142028e-14,123,False,1.16,2.0,0.10883238571637485,0.10883238571637485,0.2939025467321142,0.2939025467321142
f2_909131_005,2,rich,0.0,126,84,42,0,1.4388490399142028e-14,124,False,1.18,2.0,0.10302025145057976,0.10302025145057976,0.2934874945298214,0.2934874945298214
f2_909131_005,2,rich,0.0,126,84,42,0,1.4388490399142028e-14,125,True,1.2,2.0,0.09748852166598478,0.09748852166598478,0.2930827277780479,0.2930827277780479
f2_909131_006,2,rich,0.0,126,84,42,0,1.6120438317557272e-14,0,False,0.8,0.0821917808219178,0.20021192157155243,0.20021192157155243,0.3217931815287029,0.3217931815287029
f2_909131_006,2,rich,0.0,126,84,42,0,1.6120438317557272e-14,1,False,0.8200000000000001,0.0821917808219178,0.18046484977840951,0.18046484977840951,0.32145271313089313,0.32145271313089313
f2_909131_006,2,rich,0.0,126,84,42,0,1.6120438317557272e-14,2,True,0.8400000000000001,0.0821917808219178,0.16094742544711488,0.16094742544711488,0.32114894105172026,0.32114894105172026
f2_909131_006,2,rich,0.0,126,84,42,0,1.6120438317557272e-14,3,False,0.86,0.0821917808219178,0.14180397393808278,0.14180397393808278,0.3208803462743956,0.3208803462743956
f2_909131_006,2,rich,0.0,126,84,42,0,1.6120438317557272e-14,4,False,0.88,0.0821917808219178,0.12322562233670226,0.12322562233670226,0.32064548598748643,0.32064548598748643
f2_909131_006,2,rich,0.0,126,84,42,0,1.6120438317557272e-14,5,True,0.9,0.0821917808219178,0.10544298821763255,0.10544298821763255,0.3204429863490543,0.3204429863490543
f2_909131_006,2,rich,0.0,126,84,42,0,1.6120438317557272e-14,6,False,0.92,0.0821917808219178,0.08870862250240476,0.08870862250240476,0.32027153613530857,0.32027153613530857
f2_909131_006,2,rich,0.0,126,84,42,0,1.6120438317557272e-14,7,False,0.9400000000000001,0.0821917808219178,0.07327112515578377,0.07327112515578377,0.32012988116498164,0.32012988116498164
f2_909131_006,2,rich,0.0,126,84,42,0,1.6120438317557272e-14,8,True,0.96,0.0821917808219178,0.05934567409587842,0.05934567409587842,0.32001681940511045,0.32001681940511045
f2_909131_006,2,rich,0.0,126,84,42,0,1.6120438317557272e-14,9,False,0.98,0.0821917808219178,0.04708719787729832,0.04708719787729832,0.3199311966768265,0.3199311966768265
f2_909131_006,2,rich,0.0,126,84,42,0,1.6120438317557272e-14,10,False,1.0,0.0821917808219178,0.036571956757271096,0.036571956757271096,0.31987190289037504,0.31987190289037504
f2_909131_006,2,rich,0.0,126,84,42,0,1.6120438317557272e-14,11,True,1.02,0.0821917808219178,0.027791073862160443,0.027791073862160443,0.3198378687474194,0.3198378687474194
f2_909131_006,2,rich,0.0,126,84,42,0,1.6120438317557272e-14,12,False,1.04,0.0821917808219178,0.02065645833869982,0.02065645833869982,0.3198280628562733,0.3198280628562733
f2_909131_006,2,rich,0.0,126,84,42,0,1.6120438317557272e-14,13,False,1.06,0.0821917808219178,0.015016693633692145,0.015016693633692145,0.31984148921207106,0.31984148921207106
f2_909131_006,2,rich,0.0,126,84,42,0,1.6120438317557272e-14,14,True,1.08,0.0821917808219178,0.010678677140808925,0.010678677140808925,0.31987718499929435,0.31987718499929435
f2_909131_006,2,rich,0.0,126,84,42,0,1.6120438317557272e-14,15,False,1.1,0.0821917808219178,0.007430408044976977,0.007430408044976977,0.3199342186787504,0.3199342186787504
f2_909131_006,2,rich,0.0,126,84,42,0,1.6120438317557272e-14,16,False,1.12,0.0821917808219178,0.005061117425813671,0.005061117425813671,0.32001168832507426,0.32001168832507426
f2_909131_006,2,rich,0.0,126,84,42,0,1.6120438317557272e-14,17,True,1.1400000000000001,0.0821917808219178,0.0033763953884975383,0.0033763953884975383,0.320108720184234,0.320108720184234
f2_909131_006,2,rich,0.0,126,84,42,0,1.6120438317557272e-14,18,False,1.16,0.0821917808219178,0.0022075271360864727,0.0022075271360864727,0.32022446742371125,0.32022446742371125
f2_909131_006,2,rich,0.0,126,84,42,0,1.6120438317557272e-14,19,False,1.18,0.0821917808219178,0.0014154896418538286,0.0014154896418538286,0.3203581090504377,0.3203581090504377
f2_909131_006,2,rich,0.0,126,84,42,0,1.6120438317557272e-14,20,True,1.2,0.0821917808219178,0.0008907972605324526,0.0008907972605324526,0.3205088489742258,0.3205088489742258
f2_909131_006,2,rich,0.0,126,84,42,0,1.6120438317557272e-14,21,False,0.8,0.1643835616438356,0.2022774513087356,0.2022774513087356,0.3276144299150538,0.3276144299150538
f2_909131_006,2,rich,0.0,126,84,42,0,1.6120438317557272e-14,22,False,0.8200000000000001,0.1643835616438356,0.18355496560313886,0.18355496560313886,0.3273505510476522,0.3273505510476522
f2_909131_006,2,rich,0.0,126,84,42,0,1.6120438317557272e-14,23,True,0.8400000000000001,0.1643835616438356,0.16535619554178715,0.16535619554178715,0.3271165542643844,0.3271165542643844
f2_909131_006,2,rich,0.0,126,84,42,0,1.6120438317557272e-14,24,False,0.86,0.1643835616438356,0.14780984849762877,0.14780984849762877,0.32691107035381767,0.32691107035381767
f2_909131_006,2,rich,0.0,126,84,42,0,1.6120438317557272e-14,25,False,0.88,0.1643835616438356,0.131047251291562,0.131047251291562,0.3267328053189332,0.3267328053189332
f2_909131_006,2,rich,0.0,126,84,42,0,1.6120438317557272e-14,26,True,0.9,0.1643835616438356,0.11519450878028217,0.11519450878028217,0.3265805339187709,0.3265805339187709
f2_909131_006,2,rich,0.0,126,84,42,0,1.6120438317557272e-14,27,False,0.92,0.1643835616438356,0.1003645518643609,0.1003645518643609,0.3264530939600993,0.3264530939600993
f2_909131_006,2,rich,0.0,126,84,42,0,1.6120438317557272e-14,28,False,0.9400000000000001,0.1643835616438356,0.08664999679641885,0.08664999679641885,0.32634938124082996,0.32634938124082996
f2_909131_006,2,rich,0.0,126,84,42,0,1.6120438317557272e-14,29,True,0.96,0.1643835616438356,0.07411760521704597,0.07411760521704597,0.32626834506117725,0.32626834506117725
f2_909131_006,2,rich,0.0,126,84,42,0,1.6120438317557272e-14,30,False,0.98,0.1643835616438356,0.06280488090112528,0.06280488090112528,0.3262089842304161,0.3262089842304161
f2_909131_006,2,rich,0.0,126,84,42,0,1.6120438317557272e-14,31,False,1.0,0.1643835616438356,0.052719023927465525,0.052719023927465525,0.32617034350714974,0.32617034350714974
f2_909131_006,2,rich,0.0,126,84,42,0,1.6120438317557272e-14,32,True,1.02,0.1643835616438356,0.04383814961996893,0.04383814961996893,0.3261515104194441,0.3261515104194441
f2_909131_006,2,rich,0.0,126,84,42,0,1.6120438317557272e-14,33,False,1.04,0.1643835616438356,0.03611442133900659,0.03611442133900659,0.3261516124183635,0.3261516124183635
f2_909131_006,2,rich,0.0,126,84,42,0,1.6120438317557272e-14,34,False,1.06,0.1643835616438356,0.029478576213051395,0.029478576213051395,0.3261698143245359,0.3261698143245359
f2_909131_006,2,rich,0.0,126,84,42,0,1.6120438317557272e-14,35,True,1.08,0.1643835616438356,0.02384525168866325,0.02384525168866325,0.3262053160325822,0.3262053160325822
f2_909131_006,2,rich,0.0,126,84,42,0,1.6120438317557272e-14,36,False,1.1,0.1643835616438356,0.019118539210282386,0.019118539210282386,0.32625735044272064,0.32625735044272064
f2_909131_006,2,rich,0.0,126,84,42,0,1.6120438317557272e-14,37,False,1.12,0.1643835616438356,0.015197277199523495,0.015197277199523495,0.3263251815926928,0.3263251815926928
f2_909131_006,2,rich,0.0,126,84,42,0,1.6120438317557272e-14,38,True,1.1400000000000001,0.1643835616438356,0.011979720989478962,0.011979720989478962,0.32640810296645256,0.32640810296645256
f2_909131_006,2,rich,0.0,126,84,42,0,1.6120438317557272e-14,39,False,1.16,0.1643835616438356,0.009367365618753168,0.009367365618753168,0.32650543595895415,0.32650543595895415
f2_909131_006,2,rich,0.0,126,84,42,0,1.6120438317557272e-14,40,False,1.18,0.1643835616438356,0.0072678268732598765,0.0072678268732598765,0.32661652847884226,0.32661652847884226
f2_909131_006,2,rich,0.0,126,84,42,0,1.6120438317557272e-14,41,True,1.2,0.1643835616438356,0.005596792528284755,0.005596792528284755,0.3267407536730147,0.3267407536730147
f2_909131_006,2,rich,0.0,126,84,42,0,1.6120438317557272e-14,42,False,0.8,0.2465753424657534,0.20596699539734153,0.20596699539734153,0.33195408105831586,0.33195408105831586
f2_909131_006,2,rich,0.0,126,84,42,0,1.6120438317557272e-14,43,False,0.8200000000000001,0.2465753424657534,0.18826978428435015,0.18826978428435015,0.3317445187480886,0.3317445187480886
f2_909131_006,2,rich,0.0,126,84,42,0,1.6120438317557272e-14,44,True,0.8400000000000001,0.2465753424657534,0.17119730315171558,0.17119730315171558,0.33155977366107325,0.33155977366107325
f2_909131_006,2,rich,0.0,126,84,42,0,1.6120438317557272e-14,45,False,0.86,0.2465753424657534,0.15483699611719692,0.15483699611719692,0.33139862640222506,0.33139862640222506
f2_909131_006,2,rich,0.0,126,84,42,0,1.6120438317557272e-14,46,False,0.88,0.2465753424657534,0.13926965698490598,0.13926965698490598,0.33125992937677357,0.33125992937677357
f2_909131_006,2,rich,0.0,126,84,42,0,1.6120438317557272e-14,47,True,0.9,0.2465753424657534,0.12456593241828239,0.12456593241828239,0.3311426007932657,0.3311426007932657
f2_909131_006,2,rich,0.0,126,84,42,0,1.6120438317557272e-14,48,False,0.92,0.2465753424657534,0.1107834133174567,0.1107834133174567,0.33104561933279014,0.33104561933279014
f2_909131_006,2,rich,0.0,126,84,42,0,1.6120438317557272e-14,49,False,0.9400000000000001,0.2465753424657534,0.09796451033174908,0.09796451033174908,0.3309680193970417,0.3309680193970417
f2_909131_006,2,rich,0.0,126,84,42,0,1.6120438317557272e-14,50,True,0.96,0.2465753424657534,0.08613522196925685,0.08613522196925685,0.33090888686061204,0.33090888686061204
f2_909131_006,2,rich,0.0,126,84,42,0,1.6120438317557272e-14,51,False,0.98,0.2465753424657534,0.07530481449155697,0.07530481449155697,0.3308673552637695,0.3308673552637695
f2_909131_006,2,rich,0.0,126,84,42,0,1.6120438317557272e-14,52,False,1.0,0.2465753424657534,0.0654663529521633,0.0654663529521633,0.3308426023909924,0.3308426023909924
f2_909131_006,2,rich,0.0,126,84,42,0,1.6120438317557272e-14,53,True,1.02,0.2465753424657534,0.056597960307442276,0.056597960307442276,0.3308338471881927,0.3308338471881927
f2_909131_006,2,rich,0.0,126,84,42,0,1.6120438317557272e-14,54,False,1.04,0.2465753424657534,0.04866464063517284,0.04866464063517284,0.3308403469779858,0.3308403469779858
f2_909131_006,2,rich,0.0,126,84,42,0,1.6120438317557272e-14,55,False,1.06,0.2465753424657534,0.04162048368599081,0.04162048368599081,0.3308613949378612,0.3308613949378612
f2_909131_006,2,rich,0.0,126,84,42,0,1.6120438317557272e-14,56,True,1.08,0.2465753424657534,0.035411068967068686,0.035411068967068686,0.3308963178107572,0.3308963178107572
f2_909131_006,2,rich,0.0,126,84,42,0,1.6120438317557272e-14,57,False,1.1,0.2465753424657534,0.029975904161329888,0.029975904161329888,0.3309444738215181,0.3309444738215181
f2_909131_006,2,rich,0.0,126,84,42,0,1.6120438317557272e-14,58,False,1.12,0.2465753424657534,0.025250759917200025,0.025250759917200025,0.331005250776124,0.331005250776124
f2_909131_006,2,rich,0.0,126,84,42,0,1.6120438317557272e-14,59,True,1.1400000000000001,0.2465753424657534,0.02116979590919218,0.02116979590919218,0.33107806432351616,0.33107806432351616
f2_909131_006,2,rich,0.0,126,84,42,0,1.6120438317557272e-14,60,False,1.16,0.2465753424657534,0.0176674071982251,0.0176674071982251,0.3311623563623339,0.3311623563623339
f2_909131_006,2,rich,0.0,126,84,42,0,1.6120438317557272e-14,61,False,1.18,0.2465753424657534,0.014679751921591155,0.014679751921591155,0.3312575935770869,0.3312575935770869
f2_909131_006,2,rich,0.0,126,84,42,0,1.6120438317557272e-14,62,True,1.2,0.2465753424657534,0.012145948927475425,0.012145948927475425,0.3313632660901276,0.3313632660901276
f2_909131_006,2,rich,0.0,126,84,42,0,1.6120438317557272e-14,63,False,0.8,0.4931506849315068,0.21993843421710563,0.21993843421710563,0.33940870282322216,0.33940870282322216
f2_909131_006,2,rich,0.0,126,84,42,0,1.6120438317557272e-14,64,False,0.8200000000000001,0.4931506849315068,0.2043623051388759,0.2043623051388759,0.33929210116199277,0.33929210116199277
f2_909131_006,2,rich,0.0,126,84,42,0,1.6120438317557272e-14,65,True,0.8400000000000001,0.4931506849315068,0.18941776704272456,0.18941776704272456,0.3391909761740514,0.3391909761740514
f2_909131_006,2,rich,0.0,126,84,42,0,1.6120438317557272e-14,66,False,0.86,0.4931506849315068,0.17513343700043407,0.17513343700043407,0.33910446949884704,0.33910446949884704
f2_909131_006,2,rich,0.0,126,84,42,0,1.6120438317557272e-14,67,False,0.88,0.4931506849315068,0.16153169638085882,0.16153169638085882,0.3390317803043321,0.3390317803043321
f2_909131_006,2,rich,0.0,126,84,42,0,1.6120438317557272e-14,68,True,0.9,0.4931506849315068,0.14862846904054988,0.14862846904054988,0.33897216034446925,0.33897216034446925
f2_909131_006,2,rich,0.0,126,84,42,0,1.6120438317557272e-14,69,False,0.92,0.4931506849315068,0.13643319814379762,0.13643319814379762,0.3389249095465061,0.3389249095465061
f2_909131_006,2,rich,0.0,126,84,42,0,1.6120438317557272e-14,70,False,0.9400000000000001,0.4931506849315068,0.12494900220429726,0.12494900220429726,0.3388893720602646,0.3388893720602646
f2_909131_006,2,rich,0.0,126,84,42,0,1.6120438317557272e-14,71,True,0.96,0.4931506849315068,0.11417298521703614,0.11417298521703614,0.33886493271166734,0.33886493271166734
f2_909131_006,2,rich,0.0,126,84,42,0,1.6120438317557272e-14,72,False,0.98,0.4931506849315068,0.10409667234502412,0.10409667234502412,0.33885101381101385,0.33885101381101385
f2_909131_006,2,rich,0.0,126,84,42,0,1.6120438317557272e-14,73,False,1.0,0.4931506849315068,0.09470654131422523,0.09470654131422523,0.33884707227353605,0.33884707227353605
f2_909131_006,2,rich,0.0,126,84,42,0,1.6120438317557272e-14,74,True,1.02,0.4931506849315068,0.08598462012320944,0.08598462012320944,0.33885259701559584,0.33885259701559584
f2_909131_006,2,rich,0.0,126,84,42,0,1.6120438317557272e-14,75,False,1.04,0.4931506849315068,0.07790912351300455,0.07790912351300455,0.3388671065948714,0.3388671065948714
f2_909131_006,2,rich,0.0,126,84,42,0,1.6120438317557272e-14,76,False,1.06,0.4931506849315068,0.0704551034801428,0.0704551034801428,0.3388901470670779,0.3388901470670779
f2_909131_006,2,rich,0.0,126,84,42,0,1.6120438317557272e-14,77,True,1.08,0.4931506849315068,0.06359509258745714,0.06359509258745714,0.3389212900353393,0.3389212900353393
f2_909131_006,2,rich,0.0,126,84,42,0,1.6120438317557272e-14,78,False,1.1,0.4931506849315068,0.05729972261190375,0.05729972261190375,0.3389601308713867,0.3389601308713867
f2_909131_006,2,rich,0.0,126,84,42,0,1.6120438317557272e-14,79,False,1.12,0.4931506849315068,0.05153830490103635,0.05153830490103635,0.3390062870903675,0.3390062870903675
f2_909131_006,2,rich,0.0,126,84,42,0,1.6120438317557272e-14,80,True,1.1400000000000001,0.4931506849315068,0.046279362483706094,0.046279362483706094,0.33905939686329634,0.33905939686329634
f2_909131_006,2,rich,0.0,126,84,42,0,1.6120438317557272e-14,81,False,1.16,0.4931506849315068,0.04149110734805604,0.04149110734805604,0.3391191176530969,0.3391191176530969
f2_909131_006,2,rich,0.0,126,84,42,0,1.6120438317557272e-14,82,False,1.18,0.4931506849315068,0.037141859265545564,0.037141859265545564,0.33918512496187125,0.33918512496187125
f2_909131_006,2,rich,0.0,126,84,42,0,1.6120438317557272e-14,83,True,1.2,0.4931506849315068,0.03320040505311878,0.03320040505311878,0.33925711117846125,0.33925711117846125
f2_909131_006,2,rich,0.0,126,84,42,0,1.6120438317557272e-14,84,False,0.8,1.0,0.24740584699752644,0.24740584699752644,0.34359316193141665,0.34359316193141665
f2_909131_006,2,rich,0.0,126,84,42,0,1.6120438317557272e-14,85,False,0.8200000000000001,1.0,0.23398058738714123,0.23398058738714123,0.3435467054797269,0.3435467054797269
f2_909131_006,2,rich,0.0,126,84,42,0,1.6120438317557272e-14,86,True,0.8400000000000001,1.0,0.2210776404094905,0.2210776404094905,0.3435076678947798,0.3435076678947798
f2_909131_006,2,rich,0.0,126,84,42,0,1.6120438317557272e-14,87,False,0.86,1.0,0.2086983436873507,0.2086983436873507,0.3434755926310948,0.3434755926310948
f2_909131_006,2,rich,0.0,126,84,42,0,1.6120438317557272e-14,88,False,0.88,1.0,0.19684148507465227,0.19684148507465227,0.34345005739860535,0.34345005739860535
f2_909131_006,2,rich,0.0,126,84,42,0,1.6120438317557272e-14,89,True,0.9,1.0,0.1855034897771202,0.1855034897771202,0.34343067098524366,0.34343067098524366
f2_909131_006,2,rich,0.0,126,84,42,0,1.6120438317557272e-14,90,False,0.92,1.0,0.1746786233389277,0.1746786233389277,0.3434170704333089,0.3434170704333089
f2_909131_006,2,rich,0.0,126,84,42,0,1.6120438317557272e-14,91,False,0.9400000000000001,1.0,0.1643592043555988,0.1643592043555988,0.34340891852369665,0.34340891852369665
f2_909131_006,2,rich,0.0,126,84,42,0,1.6120438317557272e-14,92,True,0.96,1.0,0.15453582152144232,0.15453582152144232,0.34340590152883244,0.34340590152883244
f2_909131_006,2,rich,0.0,126,84,42,0,1.6120438317557272e-14,93,False,0.98,1.0,0.14519755039029575,0.14519755039029575,0.3434077272008388,0.3434077272008388
f2_909131_006,2,rich,0.0,126,84,42,0,1.6120438317557272e-14,94,False,1.0,1.0,0.13633216598886855,0.13633216598886855,0.3434141229662103,0.3434141229662103
f2_909131_006,2,rich,0.0,126,84,42,0,1.6120438317557272e-14,95,True,1.02,1.0,0.12792634814829776,0.12792634814829776,0.34342483430228166,0.34342483430228166
f2_909131_006,2,rich,0.0,126,84,42,0,1.6120438317557272e-14,96,False,1.04,1.0,0.11996587709460886,0.11996587709460886,0.34343962327412464,0.34343962327412464
f2_909131_006,2,rich,0.0,126,84,42,0,1.6120438317557272e-14,97,False,1.06,1.0,0.11243581745165783,0.11243581745165783,0.34345826721339445,0.34345826721339445
f2_909131_006,2,rich,0.0,126,84,42,0,1.6120438317557272e-14,98,True,1.08,1.0,0.10532068935475888,0.10532068935475888,0.3434805575230566,0.3434805575230566
f2_909131_006,2,rich,0.0,126,84,42,0,1.6120438317557272e-14,99,False,1.1,1.0,0.09860462584748066,0.09860462584748066,0.34350629859401327,0.34350629859401327
f2_909131_006,2,rich,0.0,126,84,42,0,1.6120438317557272e-14,100,False,1.12,1.0,0.09227151613888375,0.09227151613888375,0.3435353068214117,0.3435353068214117
f2_909131_006,2,rich,0.0,126,84,42,0,1.6120438317557272e-14,101,True,1.1400000000000001,1.0,0.08630513463683831,0.08630513463683831,0.3435674097099372,0.3435674097099372
f2_909131_006,2,rich,0.0,126,84,42,0,1.6120438317557272e-14,102,False,1.16,1.0,0.08068925594955331,0.08068925594955331,0.34360244505871335,0.34360244505871335
f2_909131_006,2,rich,0.0,126,84,42,0,1.6120438317557272e-14,103,False,1.18,1.0,0.0754077562675678,0.0754077562675678,0.34364026021754746,0.34364026021754746
f2_909131_006,2,rich,0.0,126,84,42,0,1.6120438317557272e-14,104,True,1.2,1.0,0.07044470170821479,0.07044470170821479,0.34368071140724765,0.34368071140724765
f2_909131_006,2,rich,0.0,126,84,42,0,1.6120438317557272e-14,105,False,0.8,2.0,0.2900923848590278,0.2900923848590278,0.34328388893695744,0.34328388893695744
f2_909131_006,2,rich,0.0,126,84,42,0,1.6120438317557272e-14,106,False,0.8200000000000001,2.0,0.2785700723921965,0.2785700723921965,0.3432731922198232,0.3432731922198232
f2_909131_006,2,rich,0.0,126,84,42,0,1.6120438317557272e-14,107,True,0.8400000000000001,2.0,0.2674440148019677,0.2674440148019677,0.34326516632250514,0.34326516632250514
f2_909131_006,2,rich,0.0,126,84,42,0,1.6120438317557272e-14,108,False,0.86,2.0,0.25670757712434433,0.25670757712434433,0.34325963434414947,0.34325963434414947
f2_909131_006,2,rich,0.0,126,84,42,0,1.6120438317557272e-14,109,False,0.88,2.0,0.2463534652666641,0.2463534652666641,0.3432564336140049,0.3432564336140049
f2_909131_006,2,rich,0.0,126,84,42,0,1.6120438317557272e-14,110,True,0.9,2.0,0.23637382219478234,0.23637382219478234,0.34325541429269935,0.34325541429269935
f2_909131_006,2,rich,0.0,126,84,42,0,1.6120438317557272e-14,111,False,0.92,2.0,0.22676031765779936,0.22676031765779936,0.34325643813657797,0.34325643813657797
f2_909131_006,2,rich,0.0,126,84,42,0,1.6120438317557272e-14,112,False,0.9400000000000001,2.0,0.2175042313280919,0.2175042313280919,0.34325937740315327,0.34325937740315327
f2_909131_006,2,rich,0.0,126,84,42,0,1.6120438317557272e-14,113,True,0.96,2.0,0.2085965293592833,0.2085965293592833,0.34326411387906236,0.34326411387906236
f2_909131_006,2,rich,0.0,126,84,42,0,1.6120438317557272e-14,114,False,0.98,2.0,0.2000279344640616,0.2000279344640616,0.343270538014688,0.343270538014688
f2_909131_006,2,rich,0.0,126,84,42,0,1.6120438317557272e-14,115,False,1.0,2.0,0.19178898969099867,0.19178898969099867,0.34327854815193243,0.34327854815193243
f2_909131_006,2,rich,0.0,126,84,42,0,1.6120438317557272e-14,116,True,1.02,2.0,0.18387011613798707,0.18387011613798707,0.3432880498335531,0.3432880498335531
f2_909131_006,2,rich,0.0,126,84,42,0,1.6120438317557272e-14,117,False,1.04,2.0,0.17626166488256595,0.17626166488256595,0.3432989551841152,0.3432989551841152
f2_909131_006,2,rich,0.0,126,84,42,0,1.6120438317557272e-14,118,False,1.06,2.0,0.16895396343884606,0.16895396343884606,0.34331118235397884,0.34331118235397884
f2_909131_006,2,rich,0.0,126,84,42,0,1.6120438317557272e-14,119,True,1.08,2.0,0.16193735706930518,0.16193735706930518,0.34332465501890386,0.34332465501890386
f2_909131_006,2,rich,0.0,126,84,42,0,1.6120438317557272e-14,120,False,1.1,2.0,0.15520224528940016,0.15520224528940016,0.34333930192885204,0.34333930192885204
f2_909131_006,2,rich,0.0,126,84,42,0,1.6120438317557272e-14,121,False,1.12,2.0,0.1487391139054756,0.1487391139054756,0.34335505650038867,0.34335505650038867
f2_909131_006,2,rich,0.0,126,84,42,0,1.6120438317557272e-14,122,True,1.1400000000000001,2.0,0.14253856292332787,0.14253856292332787,0.3433718564478223,0.3433718564478223
f2_909131_006,2,rich,0.0,126,84,42,0,1.6120438317557272e-14,123,False,1.16,2.0,0.13659133065725945,0.13659133065725945,0.34338964344883044,0.34338964344883044
f2_909131_006,2,rich,0.0,126,84,42,0,1.6120438317557272e-14,124,False,1.18,2.0,0.13088831435860282,0.13088831435860282,0.3434083628408403,0.3434083628408403
f2_909131_006,2,rich,0.0,126,84,42,0,1.6120438317557272e-14,125,True,1.2,2.0,0.125420587669383,0.125420587669383,0.3434279633449027,0.3434279633449027
f2_909131_007,2,rich,0.0,126,84,42,0,1.8252066524837574e-14,0,False,0.8,0.0821917808219178,0.20015376516329192,0.20015376516329192,0.3099588505473367,0.3099588505473367
f2_909131_007,2,rich,0.0,126,84,42,0,1.8252066524837574e-14,1,False,0.8200000000000001,0.0821917808219178,0.18034197025700807,0.18034197025700807,0.3081366668482162,0.3081366668482162
f2_909131_007,2,rich,0.0,126,84,42,0,1.8252066524837574e-14,2,True,0.8400000000000001,0.0821917808219178,0.16071168264630922,0.16071168264630922,0.3064267933379238,0.3064267933379238
f2_909131_007,2,rich,0.0,126,84,42,0,1.8252066524837574e-14,3,False,0.86,0.0821917808219178,0.14139029863799982,0.14139029863799982,0.304827219952628,0.304827219952628
f2_909131_007,2,rich,0.0,126,84,42,0,1.8252066524837574e-14,4,False,0.88,0.0821917808219178,0.12255762870053763,0.12255762870053763,0.3033358127535534,0.3033358127535534
f2_909131_007,2,rich,0.0,126,84,42,0,1.8252066524837574e-14,5,True,0.9,0.0821917808219178,0.10444521783550752,0.10444521783550752,0.30195030966946795,0.30195030966946795
f2_909131_007,2,rich,0.0,126,84,42,0,1.8252066524837574e-14,6,False,0.92,0.0821917808219178,0.08732370949032915,0.08732370949032915,0.30066832096692525,0.30066832096692525
f2_909131_007,2,rich,0.0,126,84,42,0,1.8252066524837574e-14,7,False,0.9400000000000001,0.0821917808219178,0.07147746276119903,0.07147746276119903,0.29948733352332874,0.29948733352332874
f2_909131_007,2,rich,0.0,126,84,42,0,1.8252066524837574e-14,8,True,0.96,0.0821917808219178,0.0571698173683793,0.0571698173683793,0.2984047180102083,0.2984047180102083
f2_909131_007,2,rich,0.0,126,84,42,0,1.8252066524837574e-14,9,False,0.98,0.0821917808219178,0.04460622483857798,0.04460622483857798,0.29741773817606354,0.29741773817606354
f2_909131_007,2,rich,0.0,126,84,42,0,1.8252066524837574e-14,10,False,1.0,0.0821917808219178,0.03390413830151051,0.03390413830151051,0.2965235615341238,0.2965235615341238
f2_909131_007,2,rich,0.0,126,84,42,0,1.8252066524837574e-14,11,True,1.02,0.0821917808219178,0.025077135060731486,0.025077135060731486,0.29571927089407785,0.29571927089407785
f2_909131_007,2,rich,0.0,126,84,42,0,1.8252066524837574e-14,12,False,1.04,0.0821917808219178,0.018036710013207963,0.018036710013207963,0.29500187631258706,0.29500187631258706
f2_909131_007,2,rich,0.0,126,84,42,0,1.8252066524837574e-14,13,False,1.06,0.0821917808219178,0.012610176767329678,0.012610176767329678,0.29436832716345157,0.29436832716345157
f2_909131_007,2,rich,0.0,126,84,42,0,1.8252066524837574e-14,14,True,1.08,0.0821917808219178,0.008569097040938148,0.008569097040938148,0.29381552413585316,0.29381552413585316
f2_909131_007,2,rich,0.0,126,84,42,0,1.8252066524837574e-14,15,False,1.1,0.0821917808219178,0.005660924089785766,0.005660924089785766,0.2933403310532993,0.2933403310532993
f2_909131_007,2,rich,0.0,126,84,42,0,1.8252066524837574e-14,16,False,1.12,0.0821917808219178,0.0036372599379724817,0.0036372599379724817,0.29293958646545504,0.29293958646545504
f2_909131_007,2,rich,0.0,126,84,42,0,1.8252066524837574e-14,17,True,1.1400000000000001,0.0821917808219178,0.0022744942217199876,0.0022744942217199876,0.29261011500068124,0.29261011500068124
f2_909131_007,2,rich,0.0,126,84,42,0,1.8252066524837574e-14,18,False,1.16,0.0821917808219178,0.0013854296508233283,0.0013854296508233283,0.2923487384824758,0.2923487384824758
f2_909131_007,2,rich,0.0,126,84,42,0,1.8252066524837574e-14,19,False,1.18,0.0821917808219178,0.0008228128118086153,0.0008228128118086153,0.2921522868115732,0.2921522868115732
f2_909131_007,2,rich,0.0,126,84,42,0,1.8252066524837574e-14,20,True,1.2,0.0821917808219178,0.00047699169395447604,0.00047699169395447604,0.2920176086031041,0.2920176086031041
f2_909131_007,2,rich,0.0,126,84,42,0,1.8252066524837574e-14,21,False,0.8,0.1643835616438356,0.20245077619598445,0.20245077619598445,0.33243785053813113,0.33243785053813113
f2_909131_007,2,rich,0.0,126,84,42,0,1.8252066524837574e-14,22,False,0.8200000000000001,0.1643835616438356,0.18374150098881123,0.18374150098881123,0.3312036303169979,0.3312036303169979
f2_909131_007,2,rich,0.0,126,84,42,0,1.8252066524837574e-14,23,True,0.8400000000000001,0.1643835616438356,0.1655398445172922,0.1655398445172922,0.3300401767471183,0.3300401767471183
f2_909131_007,2,rich,0.0,126,84,42,0,1.8252066524837574e-14,24,False,0.86,0.1643835616438356,0.14796980095503096,0.14796980095503096,0.3289448036250952,0.3289448036250952
f2_909131_007,2,rich,0.0,126,84,42,0,1.8252066524837574e-14,25,False,0.88,0.1643835616438356,0.1311597913679848,0.1311597913679848,0.3279149260862168,0.3279149260862168
f2_909131_007,2,rich,0.0,126,84,42,0,1.8252066524837574e-14,26,True,0.9,0.1643835616438356,0.11523552478489198,0.11523552478489198,0.326948054042846,0.326948054042846
f2_909131_007,2,rich,0.0,126,84,42,0,1.8252066524837574e-14,27,False,0.92,0.1643835616438356,0.10031235270411702,0.10031235270411702,0.32604178650102805,0.32604178650102805
f2_909131_007,2,rich,0.0,126,84,42,0,1.8252066524837574e-14,28,False,0.9400000000000001,0.1643835616438356,0.08648796535268893,0.08648796535268893,0.32519380659597186,0.32519380659597186
f2_909131_007,2,rich,0.0,126,84,42,0,1.8252066524837574e-14,29,True,0.96,0.1643835616438356,0.07383625150666162,0.07383625150666162,0.3244018772181496,0.3244018772181496
f2_909131_007,2,rich,0.0,126,84,42,0,1.8252066524837574e-14,30,False,0.98,0.1643835616438356,0.06240298234344214,0.06240298234344214,0.32366383712741864,0.32366383712741864
f2_909131_007,2,rich,0.0,126,84,42,0,1.8252066524837574e-14,31,False,1.0,0.1643835616438356,0.052203719929138526,0.052203719929138526,0.32297759747338783,0.32297759747338783
f2_909131_007,2,rich,0.0,126,84,42,0,1.8252066524837574e-14,32,True,1.02,0.1643835616438356,0.04322404664958088,0.04322404664958088,0.3223411386569707,0.3223411386569707
f2_909131_007,2,rich,0.0,126,84,42,0,1.8252066524837574e-14,33,False,1.04,0.1643835616438356,0.0354219207040425,0.0354219207040425,0.3217525074815281,0.3217525074815281
f2_909131_007,2,rich,0.0,126,84,42,0,1.8252066524837574e-14,34,False,1.06,0.1643835616438356,0.028731732397611624,0.028731732397611624,0.32120981455240905,0.32120981455240905
f2_909131_007,2,rich,0.0,126,84,42,0,1.8252066524837574e-14,35,True,1.08,0.1643835616438356,0.02306949550325256,0.02306949550325256,0.32071123189195033,0.32071123189195033
f2_909131_007,2,rich,0.0,126,84,42,0,1.8252066524837574e-14,36,False,1.1,0.1643835616438356,0.01833856512408647,0.01833856512408647,0.3202549907432447,0.3202549907432447
f2_909131_007,2,rich,0.0,126,84,42,0,1.8252066524837574e-14,37,False,1.12,0.1643835616438356,0.014435317185893066,0.014435317185893066,0.31983937954076697,0.31983937954076697
f2_909131_007,2,rich,0.0,126,84,42,0,1.8252066524837574e-14,38,True,1.1400000000000001,0.1643835616438356,0.011254331233551084,0.011254331233551084,0.3194627420295581,0.3194627420295581
f2_909131_007,2,rich,0.0,126,84,42,0,1.8252066524837574e-14,39,False,1.16,0.1643835616438356,0.008692758694683271,0.008692758694683271,0.31912347551734227,0.31912347551734227
f2_909131_007,2,rich,0.0,126,84,42,0,1.8252066524837574e-14,40,False,1.18,0.1643835616438356,0.006653705717788999,0.006653705717788999,0.3188200292459465,0.3188200292459465
f2_909131_007,2,rich,0.0,126,84,42,0,1.8252066524837574e-14,41,True,1.2,0.1643835616438356,0.0050485915571825525,0.0050485915571825525,0.31855090286988363,0.31855090286988363
f2_909131_007,2,rich,0.0,126,84,42,0,1.8252066524837574e-14,42,False,0.8,0.2465753424657534,0.20703805881058976,0.20703805881058976,0.346542605082142,0.346542605082142
f2_909131_007,2,rich,0.0,126,84,42,0,1.8252066524837574e-14,43,False,0.8200000000000001,0.2465753424657534,0.18950478620214029,0.18950478620214029,0.34560736346830234,0.34560736346830234
f2_909131_007,2,rich,0.0,126,84,42,0,1.8252066524837574e-14,44,True,0.8400000000000001,0.2465753424657534,0.17258598722072874,0.17258598722072874,0.344721243573156,0.344721243573156
f2_909131_007,2,rich,0.0,126,84,42,0,1.8252066524837574e-14,45,False,0.86,0.2465753424657534,0.15636165552470047,0.15636165552470047,0.34388202453295413,0.34388202453295413
f2_909131_007,2,rich,0.0,126,84,42,0,1.8252066524837574e-14,46,False,0.88,0.2465753424657534,0.1409060451991283,0.1409060451991283,0.3430876100441289,0.3430876100441289
f2_909131_007,2,rich,0.0,126,84,42,0,1.8252066524837574e-14,47,True,0.9,0.2465753424657534,0.1262846996933891,0.1262846996933891,0.34233601875351616,0.34233601875351616
f2_909131_007,2,rich,0.0,126,84,42,0,1.8252066524837574e-14,48,False,0.92,0.2465753424657534,0.1125519030533842,0.1125519030533842,0.34162537563143036,0.34162537563143036
f2_909131_007,2,rich,0.0,126,84,42,0,1.8252066524837574e-14,49,False,0.9400000000000001,0.2465753424657534,0.0997487211119708,0.0997487211119708,0.3409539042034681,0.3409539042034681
f2_909131_007,2,rich,0.0,126,84,42,0,1.8252066524837574e-14,50,True,0.96,0.2465753424657534,0.0879017413433253,0.0879017413433253,0.34031991953560164,0.34031991953560164
f2_909131_007,2,rich,0.0,126,84,42,0,1.8252066524837574e-14,51,False,0.98,0.2465753424657534,0.07702255523475608,0.07702255523475608,0.3397218218824612,0.3397218218824612
f2_909131_007,2,rich,0.0,126,84,42,0,1.8252066524837574e-14,52,False,1.0,0.2465753424657534,0.06710796434451077,0.06710796434451077,0.3391580909215668,0.3391580909215668
f2_909131_007,2,rich,0.0,126,84,42,0,1.8252066524837574e-14,53,True,1.02,0.2465753424657534,0.05814083735135551,0.05814083735135551,0.33862728050695345,0.33862728050695345
f2_909131_007,2,rich,0.0,126,84,42,0,1.8252066524837574e-14,54,False,1.04,0.2465753424657534,0.05009150490352288,0.05009150490352288,0.338128013884632,0.338128013884632
f2_909131_007,2,rich,0.0,126,84,42,0,1.8252066524837574e-14,55,False,1.06,0.2465753424657534,0.04291955412469899,0.04291955412469899,0.337658979319852,0.337658979319852
f2_909131_007,2,rich,0.0,126,84,42,0,1.8252066524837574e-14,56,True,1.08,0.2465753424657534,0.03657587521445609,0.03657587521445609,0.33721892609258214,0.33721892609258214
f2_909131_007,2,rich,0.0,126,84,42,0,1.8252066524837574e-14,57,False,1.1,0.2465753424657534,0.03100481691228007,0.03100481691228007,0.3368066608230206,0.3368066608230206
f2_909131_007,2,rich,0.0,126,84,42,0,1.8252066524837574e-14,58,False,1.12,0.2465753424657534,0.026146322734456676,0.026146322734456676,0.3364210440936124,0.3364210440936124
f2_909131_007,2,rich,0.0,126,84,42,0,1.8252066524837574e-14,59,True,1.1400000000000001,0.2465753424657534,0.02193794234757562,0.02193794234757562,0.33606098733802936,0.33606098733802936
f2_909131_007,2,rich,0.0,126,84,42,0,1.8252066524837574e-14,60,False,1.16,0.2465753424657534,0.018316638707847086,0.018316638707847086,0.3357254499710008,0.3357254499710008
f2_909131_007,2,rich,0.0,126,84,42,0,1.8252066524837574e-14,61,False,1.18,0.2465753424657534,0.015220338566316093,0.015220338566316093,0.33541343673582347,0.33541343673582347
f2_909131_007,2,rich,0.0,126,84,42,0,1.8252066524837574e-14,62,True,1.2,0.2465753424657534,0.012589199161154307,0.012589199161154307,0.33512399524900605,0.33512399524900605
f2_909131_007,2,rich,0.0,126,84,42,0,1.8252066524837574e-14,63,False,0.8,0.4931506849315068,0.22463024411402072,0.22463024411402072,0.36768102490293975,0.36768102490293975
f2_909131_007,2,rich,0.0,126,84,42,0,1.8252066524837574e-14,64,False,0.8200000000000001,0.4931506849315068,0.20944992781020863,0.20944992781020863,0.36713530264988176,0.36713530264988176
f2_909131_007,2,rich,0.0,126,84,42,0,1.8252066524837574e-14,65,True,0.8400000000000001,0.4931506849315068,0.19487137333070317,0.19487137333070317,0.36661285687464074,0.36661285687464074
f2_909131_007,2,rich,0.0,126,84,42,0,1.8252066524837574e-14,66,False,0.86,0.4931506849315068,0.18091634412344768,0.18091634412344768,0.3661125015818711,0.3661125015818711
f2_909131_007,2,rich,0.0,126,84,42,0,1.8252066524837574e-14,67,False,0.88,0.4931506849315068,0.16760157326830613,0.16760157326830613,0.365633132260938,0.365633132260938
f2_909131_007,2,rich,0.0,126,84,42,0,1.8252066524837574e-14,68,True,0.9,0.4931506849315068,0.15493866541239154,0.15493866541239154,0.36517371866360254,0.36517371866360254
f2_909131_007,2,rich,0.0,126,84,42,0,1.8252066524837574e-14,69,False,0.92,0.4931506849315068,0.14293412662636978,0.14293412662636978,0.364733298365843,0.364733298365843
f2_909131_007,2,rich,0.0,126,84,42,0,1.8252066524837574e-14,70,False,0.9400000000000001,0.4931506849315068,0.13158950899911004,0.13158950899911004,0.3643109710136778,0.3643109710136778
f2_909131_007,2,rich,0.0,126,84,42,0,1.8252066524837574e-14,71,True,0.96,0.4931506849315068,0.12090165399507725,0.12090165399507725,0.363905893167444,0.363905893167444
f2_909131_007,2,rich,0.0,126,84,42,0,1.8252066524837574e-14,72,False,0.98,0.4931506849315068,0.11086301696120511,0.11086301696120511,0.3635172736712332,0.3635172736712332
f2_909131_007,2,rich,0.0,126,84,42,0,1.8252066524837574e-14,73,False,1.0,0.4931506849315068,0.10146205456979251,0.10146205456979251,0.36314436948445306,0.36314436948445306
f2_909131_007,2,rich,0.0,126,84,42,0,1.8252066524837574e-14,74,True,1.02,0.4931506849315068,0.09268365726502512,0.09268365726502512,0.3627864819211501,0.3627864819211501
f2_909131_007,2,rich,0.0,126,84,42,0,1.8252066524837574e-14,75,False,1.04,0.4931506849315068,0.08450960976748677,0.08450960976748677,0.36244295325004644,0.36244295325004644
f2_909131_007,2,rich,0.0,126,84,42,0,1.8252066524837574e-14,76,False,1.06,0.4931506849315068,0.07691906420435968,0.07691906420435968,0.36211316361446727,0.36211316361446727
f2_909131_007,2,rich,0.0,126,84,42,0,1.8252066524837574e-14,77,True,1.08,0.4931506849315068,0.06988901230228052,0.06988901230228052,0.36179652823662706,0.36179652823662706
f2_909131_007,2,rich,0.0,126,84,42,0,1.8252066524837574e-14,78,False,1.1,0.4931506849315068,0.06339474515138105,0.06339474515138105,0.3614924948752728,0.3614924948752728
f2_909131_007,2,rich,0.0,126,84,42,0,1.8252066524837574e-14,79,False,1.12,0.4931506849315068,0.05741029119145907,0.05741029119145907,0.36120054150955766,0.36120054150955766
f2_909131_007,2,rich,0.0,126,84,42,0,1.8252066524837574e-14,80,True,1.1400000000000001,0.4931506849315068,0.05190882517767984,0.05190882517767984,0.36092017422534456,0.36092017422534456
f2_909131_007,2,rich,0.0,126,84,42,0,1.8252066524837574e-14,81,False,1.16,0.4931506849315068,0.046863042871775194,0.046863042871775194,0.36065092528302883,0.36065092528302883
f2_909131_007,2,rich,0.0,126,84,42,0,1.8252066524837574e-14,82,False,1.18,0.4931506849315068,0.04224549801695939,0.04224549801695939,0.360392351348438,0.360392351348438
f2_909131_007,2,rich,0.0,126,84,42,0,1.8252066524837574e-14,83,True,1.2,0.4931506849315068,0.03802889975334752,0.03802889975334752,0.36014403187051697,0.36014403187051697
f2_909131_007,2,rich,0.0,126,84,42,0,1.8252066524837574e-14,84,False,0.8,1.0,0.25924146353303235,0.25924146353303235,0.3843115510909797,0.3843115510909797
f2_909131_007,2,rich,0.0,126,84,42,0,1.8252066524837574e-14,85,False,0.8200000000000001,1.0,0.246363787562383,0.246363787562383,0.38400574942111204,0.38400574942111204
f2_909131_007,2,rich,0.0,126,84,42,0,1.8252066524837574e-14,86,True,0.8400000000000001,1.0,0.23396156908774723,0.23396156908774723,0.3837104239636158,0.3837104239636158
f2_909131_007,2,rich,0.0,126,84,42,0,1.8252066524837574e-14,87,False,0.86,1.0,0.22203322008642215,0.22203322008642215,0.38342503560932645,0.38342503560932645
f2_909131_007,2,rich,0.0,126,84,42,0,1.8252066524837574e-14,88,False,0.88,1.0,0.21057542430786447,0.21057542430786447,0.383149083784037,0.383149083784037
f2_909131_007,2,rich,0.0,126,84,42,0,1.8252066524837574e-14,89,True,0.9,1.0,0.19958328380136336,0.19958328380136336,0.38288210292033864,0.38288210292033864
f2_909131_007,2,rich,0.0,126,84,42,0,1.8252066524837574e-14,90,False,0.92,1.0,0.189050469114696,0.189050469114696,0.382623659321509,0.382623659321509
f2_909131_007,2,rich,0.0,126,84,42,0,1.8252066524837574e-14,91,False,0.9400000000000001,1.0,0.17896937031516189,0.17896937031516189,0.3823733483664936,0.3823733483664936
f2_909131_007,2,rich,0.0,126,84,42,0,1.8252066524837574e-14,92,True,0.96,1.0,0.1693312464186467,0.1693312464186467,0.38213079201255157,0.38213079201255157
f2_909131_007,2,rich,0.0,126,84,42,0,1.8252066524837574e-14,93,False,0.98,1.0,0.1601263712250033,0.1601263712250033,0.381895636558454,0.381895636558454
f2_909131_007,2,rich,0.0,126,84,42,0,1.8252066524837574e-14,94,False,1.0,1.0,0.15134417394175065,0.15134417394175065,0.3816675506364046,0.3816675506364046
f2_909131_007,2,rich,0.0,126,84,42,0,1.8252066524837574e-14,95,True,1.02,1.0,0.14297337332827614,0.14297337332827614,0.3814462234052679,0.3814462234052679
f2_909131_007,2,rich,0.0,126,84,42,0,1.8252066524837574e-14,96,False,1.04,1.0,0.1350021044069251,0.1350021044069251,0.38123136292147086,0.38123136292147086
f2_909131_007,2,rich,0.0,126,84,42,0,1.8252066524837574e-14,97,False,1.06,1.0,0.12741803706477828,0.12741803706477828,0.381022694667086,0.381022694667086
f2_909131_007,2,rich,0.0,126,84,42,0,1.8252066524837574e-14,98,True,1.08,1.0,0.12020848611109944,0.12020848611109944,0.38081996021731745,0.38081996021731745
f2_909131_007,2,rich,0.0,126,84,42,0,1.8252066524837574e-14,99,False,1.1,1.0,0.1133605125618302,0.1133605125618302,0.3806229160319106,0.3806229160319106
f2_909131_007,2,rich,0.0,126,84,42,0,1.8252066524837574e-14,100,False,1.12,1.0,0.10686101609623908,0.10686101609623908,0.380431332356953,0.380431332356953
f2_909131_007,2,rich,0.0,126,84,42,0,1.8252066524837574e-14,101,True,1.1400000000000001,1.0,0.10069681877448262,0.10069681877448262,0.3802449922252488,0.3802449922252488
f2_909131_007,2,rich,0.0,126,84,42,0,1.8252066524837574e-14,102,False,1.16,1.0,0.09485474022115743,0.09485474022115743,0.3800636905448746,0.3800636905448746
f2_909131_007,2,rich,0.0,126,84,42,0,1.8252066524837574e-14,103,False,1.18,1.0,0.0893216645718589,0.0893216645718589,0.3798872332667865,0.3798872332667865
f2_909131_007,2,rich,0.0,126,84,42,0,1.8252066524837574e-14,104,True,1.2,1.0,0.08408459955015181,0.08408459955015181,0.3797154366234278,0.3797154366234278
f2_909131_007,2,rich,0.0,126,84,42,0,1.8252066524837574e-14,105,False,0.8,2.0,0.31497941284177583,0.31497941284177583,0.39918758887461686,0.39918758887461686
f2_909131_007,2,rich,0.0,126,84,42,0,1.8252066524837574e-14,106,False,0.8200000000000001,2.0,0.3041699980973227,0.3041699980973227,0.39900541733335004,0.39900541733335004
f2_909131_007,2,rich,0.0,126,84,42,0,1.8252066524837574e-14,107,True,0.8400000000000001,2.0,0.29370256033533254,0.29370256033533254,0.3988286590887092,0.3988286590887092
f2_909131_007,2,rich,0.0,126,84,42,0,1.8252066524837574e-14,108,False,0.86,2.0,0.2835701067425754,0.2835701067425754,0.39865703994374097,0.39865703994374097
f2_909131_007,2,rich,0.0,126,84,42,0,1.8252066524837574e-14,109,False,0.88,2.0,0.2737653727328912,0.2737653727328912,0.3984903053751742,0.3984903053751742
f2_909131_007,2,rich,0.0,126,84,42,0,1.8252066524837574e-14,110,True,0.9,2.0,0.2642808759144846,0.2642808759144846,0.3983282187193243,0.3983282187193243
f2_909131_007,2,rich,0.0,126,84,42,0,1.8252066524837574e-14,111,False,0.92,2.0,0.25510896516018944,0.25510896516018944,0.39817055956099995,0.39817055956099995
f2_909131_007,2,rich,0.0,126,84,42,0,1.8252066524837574e-14,112,False,0.9400000000000001,2.0,0.24624186503581633,0.24624186503581633,0.39801712229885927,0.39801712229885927
f2_909131_007,2,rich,0.0,126,84,42,0,1.8252066524837574e-14,113,True,0.96,2.0,0.23767171585541882,0.23767171585541882,0.39786771486460765,0.39786771486460765
f2_909131_007,2,rich,0.0,126,84,42,0,1.8252066524837574e-14,114,False,0.98,2.0,0.229390609638928,0.229390609638928,0.39772215757674045,0.39772215757674045
f2_909131_007,2,rich,0.0,126,84,42,0,1.8252066524837574e-14,115,False,1.0,2.0,0.22139062224862438,0.22139062224862438,0.397580282112289,0.397580282112289
f2_909131_007,2,rich,0.0,126,84,42,0,1.8252066524837574e-14,116,True,1.02,2.0,0.21366384197758392,0.21366384197758392,0.39744193058233623,0.39744193058233623
f2_909131_007,2,rich,0.0,126,84,42,0,1.8252066524837574e-14,117,False,1.04,2.0,0.20620239485660055,0.20620239485660055,0.3973069546990526,0.3973069546990526
f2_909131_007,2,rich,0.0,126,84,42,0,1.8252066524837574e-14,118,False,1.06,2.0,0.19899846693697965,0.19899846693697965,0.3971752150236207,0.3971752150236207
f2_909131_007,2,rich,0.0,126,84,42,0,1.8252066524837574e-14,119,True,1.08,2.0,0.19204432379573577,0.19204432379573577,0.39704658028585377,0.39704658028585377
f2_909131_007,2,rich,0.0,126,84,42,0,1.8252066524837574e-14,120,False,1.1,2.0,0.1853323274976585,0.1853323274976585,0.39692092676748814,0.39692092676748814
f2_909131_007,2,rich,0.0,126,84,42,0,1.8252066524837574e-14,121,False,1.12,2.0,0.17885495123588915,0.17885495123588915,0.39679813774216677,0.39679813774216677
f2_909131_007,2,rich,0.0,126,84,42,0,1.8252066524837574e-14,122,True,1.1400000000000001,2.0,0.17260479185945204,0.17260479185945204,0.39667810296599737,0.39667810296599737
f2_909131_007,2,rich,0.0,126,84,42,0,1.8252066524837574e-14,123,False,1.16,2.0,0.16657458048285842,0.16657458048285842,0.3965607182133252,0.3965607182133252
f2_909131_007,2,rich,0.0,126,84,42,0,1.8252066524837574e-14,124,False,1.18,2.0,0.1607571913597166,0.1607571913597166,0.3964458848530165,0.3964458848530165
f2_909131_007,2,rich,0.0,126,84,42,0,1.8252066524837574e-14,125,True,1.2,2.0,0.15514564918935214,0.15514564918935214,0.39633350946109414,0.39633350946109414
f2_909131_008,2,rich,0.0,126,84,42,0,1.4521717162097046e-14,0,False,0.8,0.0821917808219178,0.20169166844365566,0.20169166844365566,0.4378014289718274,0.4378014289718274
f2_909131_008,2,rich,0.0,126,84,42,0,1.4521717162097046e-14,1,False,0.8200000000000001,0.0821917808219178,0.1827071338882735,0.1827071338882735,0.4360902589769636,0.4360902589769636
f2_909131_008,2,rich,0.0,126,84,42,0,1.4521717162097046e-14,2,True,0.8400000000000001,0.0821917808219178,0.1641806145139819,0.1641806145139819,0.43442410439880963,0.43442410439880963
f2_909131_008,2,rich,0.0,126,84,42,0,1.4521717162097046e-14,3,False,0.86,0.0821917808219178,0.14624451830044002,0.14624451830044002,0.43280138126820167,0.43280138126820167
f2_909131_008,2,rich,0.0,126,84,42,0,1.4521717162097046e-14,4,False,0.88,0.0821917808219178,0.12904124493080313,0.12904124493080313,0.43122061170455817,0.43122061170455817
f2_909131_008,2,rich,0.0,126,84,42,0,1.4521717162097046e-14,5,True,0.9,0.0821917808219178,0.11271523571575333,0.11271523571575333,0.429680414054398,0.429680414054398
f2_909131_008,2,rich,0.0,126,84,42,0,1.4521717162097046e-14,6,False,0.92,0.0821917808219178,0.0974037283028134,0.0974037283028134,0.428179494073044,0.428179494073044
f2_909131_008,2,rich,0.0,126,84,42,0,1.4521717162097046e-14,7,False,0.9400000000000001,0.0821917808219178,0.08322727773699103,0.08322727773699103,0.4267166370190628,0.4267166370190628
f2_909131_008,2,rich,0.0,126,84,42,0,1.4521717162097046e-14,8,True,0.96,0.0821917808219178,0.0702811979291891,0.0702811979291891,0.42529070055014234,0.42529070055014234
f2_909131_008,2,rich,0.0,126,84,42,0,1.4521717162097046e-14,9,False,0.98,0.0821917808219178,0.05862896444631801,0.05862896444631801,0.42390060832503174,0.42390060832503174
f2_909131_008,2,rich,0.0,126,84,42,0,1.4521717162097046e-14,10,False,1.0,0.0821917808219178,0.04829832790076766,0.04829832790076766,0.42254534422975193,0.42254534422975193
f2_909131_008,2,rich,0.0,126,84,42,0,1.4521717162097046e-14,11,True,1.02,0.0821917808219178,0.03928048282346453,0.03928048282346453,0.42122394715757544,0.42122394715757544
f2_909131_008,2,rich,0.0,126,84,42,0,1.4521717162097046e-14,12,False,1.04,0.0821917808219178,0.031532204700872514,0.031532204700872514,0.41993550628185705,0.41993550628185705
f2_909131_008,2,rich,0.0,126,84,42,0,1.4521717162097046e-14,13,False,1.06,0.0821917808219178,0.024980489760913493,0.024980489760913493,0.41867915676893946,0.41867915676893946
f2_909131_008,2,rich,0.0,126,84,42,0,1.4521717162097046e-14,14,True,1.08,0.0821917808219178,0.019528968592404477,0.019528968592404477,0.41745407588521133,0.41745407588521133
f2_909131_008,2,rich,0.0,126,84,42,0,1.4521717162097046e-14,15,False,1.1,0.0821917808219178,0.015065244668279578,0.015065244668279578,0.4162594794583262,0.4162594794583262
f2_909131_008,2,rich,0.0,126,84,42,0,1.4521717162097046e-14,16,False,1.12,0.0821917808219178,0.01146832887037677,0.01146832887037677,0.41509461865755026,0.41509461865755026
f2_909131_008,2,rich,0.0,126,84,42,0,1.4521717162097046e-14,17,True,1.1400000000000001,0.0821917808219178,0.008615472365985376,0.008615472365985376,0.41395877706251255,0.41395877706251255
f2_909131_008,2,rich,0.0,126,84,42,0,1.4521717162097046e-14,18,False,1.16,0.0821917808219178,0.006387899694640519,0.006387899694640519,0.41285126799331645,0.41285126799331645
f2_909131_008,2,rich,0.0,126,84,42,0,1.4521717162097046e-14,19,False,1.18,0.0821917808219178,0.004675166301276759,0.004675166301276759,0.4117714320780913,0.4117714320780913
f2_909131_008,2,rich,0.0,126,84,42,0,1.4521717162097046e-14,20,True,1.2,0.0821917808219178,0.0033780715320547855,0.0033780715320547855,0.4107186350367914,0.4107186350367914
f2_909131_008,2,rich,0.0,126,84,42,0,1.4521717162097046e-14,21,False,0.8,0.1643835616438356,0.20671771751291443,0.20671771751291443,0.4192205270511492,0.4192205270511492
f2_909131_008,2,rich,0.0,126,84,42,0,1.4521717162097046e-14,22,False,0.8200000000000001,0.1643835616438356,0.18908142720962848,0.18908142720962848,0.41756774173078764,0.41756774173078764
f2_909131_008,2,rich,0.0,126,84,42,0,1.4521717162097046e-14,23,True,0.8400000000000001,0.1643835616438356,0.17204171894173328,0.17204171894173328,0.41595737756725876,0.41595737756725876
f2_909131_008,2,rich,0.0,126,84,42,0,1.4521717162097046e-14,24,False,0.86,0.1643835616438356,0.15567997887952253,0.15567997887952253,0.4143879151784259,0.4143879151784259
f2_909131_008,2,rich,0.0,126,84,42,0,1.4521717162097046e-14,25,False,0.88,0.1643835616438356,0.1400731090079422,0.1400731090079422,0.4128579362187903,0.4128579362187903
f2_909131_008,2,rich,0.0,126,84,42,0,1.4521717162097046e-14,26,True,0.9,0.1643835616438356,0.1252904914758268,0.1252904914758268,0.4113661140654866,0.4113661140654866
f2_909131_008,2,rich,0.0,126,84,42,0,1.4521717162097046e-14,27,False,0.92,0.1643835616438356,0.11139125432305384,0.11139125432305384,0.40991120549430266,0.40991120549430266
f2_909131_008,2,rich,0.0,126,84,42,0,1.4521717162097046e-14,28,False,0.9400000000000001,0.1643835616438356,0.09842202281533152,0.09842202281533152,0.4084920432216975,0.4084920432216975
f2_909131_008,2,rich,0.0,126,84,42,0,1.4521717162097046e-14,29,True,0.96,0.1643835616438356,0.08641529507065072,0.08641529507065072,0.4071075292070356,0.4071075292070356
f2_909131_008,2,rich,0.0,126,84,42,0,1.4521717162097046e-14,30,False,0.98,0.1643835616438356,0.07538852449286221,0.07538852449286221,0.40575662862431916,0.40575662862431916
f2_909131_008,2,rich,0.0,126,84,42,0,1.4521717162097046e-14,31,False,1.0,0.1643835616438356,0.06534393175226172,0.06534393175226172,0.4044383644255889,0.4044383644255889
f2_909131_008,2,rich,0.0,126,84,42,0,1.4521717162097046e-14,32,True,1.02,0.1643835616438356,0.05626901235503288,0.05626901235503288,0.4031518124287706,0.4031518124287706
f2_909131_008,2,rich,0.0,126,84,42,0,1.4521717162097046e-14,33,False,1.04,0.1643835616438356,0.048137657731697175,0.048137657731697175,0.401896096871914,0.401896096871914
f2_909131_008,2,rich,0.0,126,84,42,0,1.4521717162097046e-14,34,False,1.06,0.1643835616438356,0.04091177203807557,0.04091177203807557,0.4006703863834193,0.4006703863834193
f2_909131_008,2,rich,0.0,126,84,42,0,1.4521717162097046e-14,35,True,1.08,0.1643835616438356,0.034543245356917586,0.034543245356917586,0.3994738903243861,0.3994738903243861
f2_909131_008,2,rich,0.0,126,84,42,0,1.4521717162097046e-14,36,False,1.1,0.1643835616438356,0.02897613672762098,0.02897613672762098,0.3983058554648108,0.3983058554648108
f2_909131_008,2,rich,0.0,126,84,42,0,1.4521717162097046e-14,37,False,1.12,0.1643835616438356,0.02414892590540332,0.02414892590540332,0.3971655629601077,0.3971655629601077
f2_909131_008,2,rich,0.0,126,84,42,0,1.4521717162097046e-14,38,True,1.1400000000000001,0.1643835616438356,0.019996708383648098,0.019996708383648098,0.3960523255985063,0.3960523255985063
f2_909131_008,2,rich,0.0,126,84,42,0,1.4521717162097046e-14,39,False,1.16,0.1643835616438356,0.016453230862164863,0.016453230862164863,0.3949654852933902,0.3949654852933902
f2_909131_008,2,rich,0.0,126,84,42,0,1.4521717162097046e-14,40,False,1.18,0.1643835616438356,0.013452690768671222,0.013452690768671222,0.39390441079762745,0.39390441079762745
f2_909131_008,2,rich,0.0,126,84,42,0,1.4521717162097046e-14,41,True,1.2,0.1643835616438356,0.010931250677175885,0.010931250677175885,0.3928684956195717,0.3928684956195717
f2_909131_008,2,rich,0.0,126,84,42,0,1.4521717162097046e-14,42,False,0.8,0.2465753424657534,0.2121041609968195,0.2121041609968195,0.40534614665002916,0.40534614665002916
f2_909131_008,2,rich,0.0,126,84,42,0,1.4521717162097046e-14,43,False,0.8200000000000001,0.2465753424657534,0.19537060576451312,0.19537060576451312,0.40373913083073804,0.40373913083073804
f2_909131_008,2,rich,0.0,126,84,42,0,1.4521717162097046e-14,44,True,0.8400000000000001,0.2465753424657534,0.17924931223652235,0.17924931223652235,0.4021731526589209,0.4021731526589209
f2_909131_008,2,rich,0.0,126,84,42,0,1.4521717162097046e-14,45,False,0.86,0.2465753424657534,0.16379419521015853,0.16379419521015853,0.4006467197176988,0.4006467197176988
f2_909131_008,2,rich,0.0,126,84,42,0,1.4521717162097046e-14,46,False,0.88,0.2465753424657534,0.14905354475638316,0.14905354475638316,0.3991584379994314,0.3991584379994314
f2_909131_008,2,rich,0.0,126,84,42,0,1.4521717162097046e-14,47,True,0.9,0.2465753424657534,0.1350686767693949,0.1350686767693949,0.39770700287745464,0.39770700287745464
f2_909131_008,2,rich,0.0,126,84,42,0,1.4521717162097046e-14,48,False,0.92,0.2465753424657534,0.12187284553868083,0.12187284553868083,0.3962911910422777,0.3962911910422777
f2_909131_008,2,rich,0.0,126,84,42,0,1.4521717162097046e-14,49,False,0.9400000000000001,0.2465753424657534,0.10949046167897941,0.10949046167897941,0.39490985328139483,0.39490985328139483
f2_909131_008,2,rich,0.0,126,84,42,0,1.4521717162097046e-14,50,True,0.96,0.2465753424657534,0.09793663855046059,0.09793663855046059,0.39356190799948865,0.39356190799948865
f2_909131_008,2,rich,0.0,126,84,42,0,1.4521717162097046e-14,51,False,0.98,0.2465753424657534,0.08721707019315109,0.08721707019315109,0.3922463353905738,0.3922463353905738
f2_909131_008,2,rich,0.0,126,84,42,0,1.4521717162097046e-14,52,False,1.0,0.2465753424657534,0.07732822532626465,0.07732822532626465,0.3909621721860084,0.3909621721860084
f2_909131_008,2,rich,0.0,126,84,42,0,1.4521717162097046e-14,53,True,1.02,0.2465753424657534,0.06825782632845623,0.06825782632845623,0.38970850691276165,0.38970850691276165
f2_909131_008,2,rich,0.0,126,84,42,0,1.4521717162097046e-14,54,False,1.04,0.2465753424657534,0.05998557012275039,0.05998557012275039,0.38848447560512117,0.38848447560512117
f2_909131_008,2,rich,0.0,126,84,42,0,1.4521717162097046e-14,55,False,1.06,0.2465753424657534,0.05248403993125958,0.05248403993125958,0.3872892579205364,0.3872892579205364
f2_909131_008,2,rich,0.0,126,84,42,0,1.4521717162097046e-14,56,True,1.08,0.2465753424657534,0.04571975294984161,0.04571975294984161,0.3861220736166314,0.3861220736166314
f2_909131_008,2,rich,0.0,126,84,42,0,1.4521717162097046e-14,57,False,1.1,0.2465753424657534,0.0396542888131745,0.0396542888131745,0.3849821793518659,0.3849821793518659
f2_909131_008,2,rich,0.0,126,84,42,0,1.4521717162097046e-14,58,False,1.12,0.2465753424657534,0.034245446731325534,0.034245446731325534,0.3838688657769435,0.3838688657769435
f2_909131_008,2,rich,0.0,126,84,42,0,1.4521717162097046e-14,59,True,1.1400000000000001,0.2465753424657534,0.029448384686423797,0.029448384686423797,0.3827814548880646,0.3827814548880646
f2_909131_008,2,rich,0.0,126,84,42,0,1.4521717162097046e-14,60,False,1.16,0.2465753424657534,0.025216701325544086,0.025216701325544086,0.38171929761652534,0.38171929761652534
f2_909131_008,2,rich,0.0,126,84,42,0,1.4521717162097046e-14,61,False,1.18,0.2465753424657534,0.021503429426214145,0.021503429426214145,0.3806817716320989,0.3806817716320989
f2_909131_008,2,rich,0.0,126,84,42,0,1.4521717162097046e-14,62,True,1.2,0.2465753424657534,0.018261918364171903,0.018261918364171903,0.3796682793402341,0.3796682793402341
f2_909131_008,2,rich,0.0,126,84,42,0,1.4521717162097046e-14,63,False,0.8,0.4931506849315068,0.2262877070337561,0.2262877070337561,0.37728082335106183,0.37728082335106183
f2_909131_008,2,rich,0.0,126,84,42,0,1.4521717162097046e-14,64,False,0.8200000000000001,0.4931506849315068,0.21107825346143982,0.21107825346143982,0.3757814164515083,0.3757814164515083
f2_909131_008,2,rich,0.0,126,84,42,0,1.4521717162097046e-14,65,True,0.8400000000000001,0.4931506849315068,0.1964391675539874,0.1964391675539874,0.3743212279106498,0.3743212279106498
f2_909131_008,2,rich,0.0,126,84,42,0,1.4521717162097046e-14,66,False,0.86,0.4931506849315068,0.18239292907287707,0.18239292907287707,0.3728987778022873,0.3728987778022873
f2_909131_008,2,rich,0.0,126,84,42,0,1.4521717162097046e-14,67,False,0.88,0.4931506849315068,0.16895793917672877,0.16895793917672877,0.371512681097459,0.371512681097459
f2_909131_008,2,rich,0.0,126,84,42,0,1.4521717162097046e-14,68,True,0.9,0.4931506849315068,0.15614831833969078,0.15614831833969078,0.37016163906478744,0.37016163906478744
f2_909131_008,2,rich,0.0,126,84,42,0,1.4521717162097046e-14,69,False,0.92,0.4931506849315068,0.1439738016443758,0.1439738016443758,0.3688444316030507,0.3688444316030507
f2_909131_008,2,rich,0.0,126,84,42,0,1.4521717162097046e-14,70,False,0.9400000000000001,0.4931506849315068,0.1324397281752266,0.1324397281752266,0.36755991038869684,0.36755991038869684
f2_909131_008,2,rich,0.0,126,84,42,0,1.4521717162097046e-14,71,True,0.96,0.4931506849315068,0.12154711839975675,0.12154711839975675,0.3663069927380629,0.3663069927380629
f2_909131_008,2,rich,0.0,126,84,42,0,1.4521717162097046e-14,72,False,0.98,0.4931506849315068,0.11129283112271066,0.11129283112271066,0.3650846560982652,0.3650846560982652
f2_909131_008,2,rich,0.0,126,84,42,0,1.4521717162097046e-14,73,False,1.0,0.4931506849315068,0.10166978986638547,0.10166978986638547,0.36389193309267354,0.36389193309267354
f2_909131_008,2,rich,0.0,126,84,42,0,1.4521717162097046e-14,74,True,1.02,0.4931506849315068,0.09266726737076975,0.09266726737076975,0.3627279070569618,0.3627279070569618
f2_909131_008,2,rich,0.0,126,84,42,0,1.4521717162097046e-14,75,False,1.04,0.4931506849315068,0.08427121629360647,0.08427121629360647,0.36159170801025114,0.36159170801025114
f2_909131_008,2,rich,0.0,126,84,42,0,1.4521717162097046e-14,76,False,1.06,0.4931506849315068,0.07646463407493359,0.07646463407493359,0.36048250901307527,0.36048250901307527
f2_909131_008,2,rich,0.0,126,84,42,0,1.4521717162097046e-14,77,True,1.08,0.4931506849315068,0.06922795024929984,0.06922795024929984,0.35939952287007554,0.35939952287007554
f2_909131_008,2,rich,0.0,126,84,42,0,1.4521717162097046e-14,78,False,1.1,0.4931506849315068,0.06253942516800491,0.06253942516800491,0.35834199914058334,0.35834199914058334
f2_909131_008,2,rich,0.0,126,84,42,0,1.4521717162097046e-14,79,False,1.12,0.4931506849315068,0.05637555005514776,0.05637555005514776,0.35730922142477556,0.35730922142477556
f2_909131_008,2,rich,0.0,126,84,42,0,1.4521717162097046e-14,80,True,1.1400000000000001,0.4931506849315068,0.050711439486861264,0.050711439486861264,0.35630050489693615,0.35630050489693615
f2_909131_008,2,rich,0.0,126,84,42,0,1.4521717162097046e-14,81,False,1.16,0.4931506849315068,0.04552120867857641,0.04552120867857641,0.35531519406075374,0.35531519406075374
f2_909131_008,2,rich,0.0,126,84,42,0,1.4521717162097046e-14,82,False,1.18,0.4931506849315068,0.04077832932286078,0.04077832932286078,0.3543526607044112,0.3543526607044112
f2_909131_008,2,rich,0.0,126,84,42,0,1.4521717162097046e-14,83,True,1.2,0.4931506849315068,0.036455959081379864,0.036455959081379864,0.35341230203580204,0.35341230203580204
f2_909131_008,2,rich,0.0,126,84,42,0,1.4521717162097046e-14,84,False,0.8,1.0,0.24722272621526128,0.24722272621526128,0.34294982525979334,0.34294982525979334
f2_909131_008,2,rich,0.0,126,84,42,0,1.4521717162097046e-14,85,False,0.8200000000000001,1.0,0.23341051584852185,0.23341051584852185,0.3416528609336238,0.3416528609336238
f2_909131_008,2,rich,0.0,126,84,42,0,1.4521717162097046e-14,86,True,0.8400000000000001,1.0,0.22009187053216753,0.22009187053216753,0.34039216534691036,0.34039216534691036
f2_909131_008,2,rich,0.0,126,84,42,0,1.4521717162097046e-14,87,False,0.86,1.0,0.2072732511802446,0.2072732511802446,0.33916626422704776,0.33916626422704776
f2_909131_008,2,rich,0.0,126,84,42,0,1.4521717162097046e-14,88,False,0.88,1.0,0.19495885367846555,0.19495885367846555,0.33797377431751036,0.33797377431751036
f2_909131_008,2,rich,0.0,126,84,42,0,1.4521717162097046e-14,89,True,0.9,1.0,0.18315065690498214,0.18315065690498214,0.33681339548294603,0.33681339548294603
f2_909131_008,2,rich,0.0,126,84,42,0,1.4521717162097046e-14,90,False,0.92,1.0,0.1718484958043257,0.1718484958043257,0.3356839036772937,0.3356839036772937
f2_909131_008,2,rich,0.0,126,84,42,0,1.4521717162097046e-14,91,False,0.9400000000000001,1.0,0.1610501562815354,0.1610501562815354,0.3345841446642435,0.3345841446642435
f2_909131_008,2,rich,0.0,126,84,42,0,1.4521717162097046e-14,92,True,0.96,1.0,0.15075148857056372,0.15075148857056372,0.3335130283954196,0.3335130283954196
f2_909131_008,2,rich,0.0,126,84,42,0,1.4521717162097046e-14,93,False,0.98,1.0,0.14094653571065902,0.14094653571065902,0.33246952396520235,0.33246952396520235
f2_909131_008,2,rich,0.0,126,84,42,0,1.4521717162097046e-14,94,False,1.0,1.0,0.13162767382441304,0.13162767382441304,0.3314526550724175,0.3314526550724175
f2_909131_008,2,rich,0.0,126,84,42,0,1.4521717162097046e-14,95,True,1.02,1.0,0.12278576101893429,0.12278576101893429,0.33046149592871676,0.33046149592871676
f2_909131_008,2,rich,0.0,126,84,42,0,1.4521717162097046e-14,96,False,1.04,1.0,0.11441029191440726,0.11441029191440726,0.3294951675615702,0.3294951675615702
f2_909131_008,2,rich,0.0,126,84,42,0,1.4521717162097046e-14,97,False,1.06,1.0,0.10648955502979679,0.10648955502979679,0.32855283446669736,0.32855283446669736
f2_909131_008,2,rich,0.0,126,84,42,0,1.4521717162097046e-14,98,True,1.08,1.0,0.09901079051197975,0.09901079051197975,0.3276337015706099,0.3276337015706099
f2_909131_008,2,rich,0.0,126,84,42,0,1.4521717162097046e-14,99,False,1.1,1.0,0.09196034597144824,0.09196034597144824,0.32673701146900236,0.32673701146900236
f2_909131_008,2,rich,0.0,126,84,42,0,1.4521717162097046e-14,100,False,1.12,1.0,0.08532382847529521,0.08532382847529521,0.32586204191100343,0.32586204191100343
f2_909131_008,2,rich,0.0,126,84,42,0,1.4521717162097046e-14,101,True,1.1400000000000001,1.0,0.07908625103811974,0.07908625103811974,0.3250081035030249,0.3250081035030249
f2_909131_008,2,rich,0.0,126,84,42,0,1.4521717162097046e-14,102,False,1.16,1.0,0.073232172236629,0.073232172236629,0.32417453760914056,0.32417453760914056
f2_909131_008,2,rich,0.0,126,84,42,0,1.4521717162097046e-14,103,False,1.18,1.0,0.06774582784821935,0.06774582784821935,0.32336071442768943,0.32336071442768943
f2_909131_008,2,rich,0.0,126,84,42,0,1.4521717162097046e-14,104,True,1.2,1.0,0.06261125367302169,0.06261125367302169,0.32256603122619115,0.32256603122619115
f2_909131_008,2,rich,0.0,126,84,42,0,1.4521717162097046e-14,105,False,0.8,2.0,0.27418908214774007,0.27418908214774007,0.3068659418439783,0.3068659418439783
f2_909131_008,2,rich,0.0,126,84,42,0,1.4521717162097046e-14,106,False,0.8200000000000001,2.0,0.2616485944423472,0.2616485944423472,0.30592484649940715,0.30592484649940715
f2_909131_008,2,rich,0.0,126,84,42,0,1.4521717162097046e-14,107,True,0.8400000000000001,2.0,0.24952601980491856,0.24952601980491856,0.30501204063017334,0.30501204063017334
f2_909131_008,2,rich,0.0,126,84,42,0,1.4521717162097046e-14,108,False,0.86,2.0,0.23782005890452812,0.23782005890452812,0.30412620881499025,0.30412620881499025
f2_909131_008,2,rich,0.0,126,84,42,0,1.4521717162097046e-14,109,False,0.88,2.0,0.22652827950861035,0.22652827950861035,0.3032661212155106,0.3032661212155106
f2_909131_008,2,rich,0.0,126,84,42,0,1.4521717162097046e-14,110,True,0.9,2.0,0.21564719265410834,0.21564719265410834,0.302430626327088,0.302430626327088
f2_909131_008,2,rich,0.0,126,84,42,0,1.4521717162097046e-14,111,False,0.92,2.0,0.2051723316938513,0.2051723316938513,0.3016186444911885,0.3016186444911885
f2_909131_008,2,rich,0.0,126,84,42,0,1.4521717162097046e-14,112,False,0.9400000000000001,2.0,0.1950983330412968,0.1950983330412968,0.3008291620739044,0.3008291620739044
f2_909131_008,2,rich,0.0,126,84,42,0,1.4521717162097046e-14,113,True,0.96,2.0,0.18541901755756743,0.18541901755756743,0.3000612262288923,0.3000612262288923
f2_909131_008,2,rich,0.0,126,84,42,0,1.4521717162097046e-14,114,False,0.98,2.0,0.1761274716458617,0.1761274716458617,0.2993139401746512,0.2993139401746512
f2_909131_008,2,rich,0.0,126,84,42,0,1.4521717162097046e-14,115,False,1.0,2.0,0.1672161272374233,0.1672161272374233,0.2985864589257832,0.2985864589257832
f2_909131_008,2,rich,0.0,126,84,42,0,1.4521717162097046e-14,116,True,1.02,2.0,0.1586768399683963,0.1586768399683963,0.29787798542611343,0.29787798542611343
f2_909131_008,2,rich,0.0,126,84,42,0,1.4521717162097046e-14,117,False,1.04,2.0,0.15050096495655318,0.15050096495655318,0.29718776703846306,0.29718776703846306
f2_909131_008,2,rich,0.0,126,84,42,0,1.4521717162097046e-14,118,False,1.06,2.0,0.14267942968997616,0.14267942968997616,0.29651509235178986,0.29651509235178986
f2_909131_008,2,rich,0.0,126,84,42,0,1.4521717162097046e-14,119,True,1.08,2.0,0.13520280363548084,0.13520280363548084,0.29585928827142743,0.29585928827142743
f2_909131_008,2,rich,0.0,126,84,42,0,1.4521717162097046e-14,120,False,1.1,2.0,0.12806136426244577,0.12806136426244577,0.2952197173624555,0.2952197173624555
f2_909131_008,2,rich,0.0,126,84,42,0,1.4521717162097046e-14,121,False,1.12,2.0,0.1212451592574538,0.1212451592574538,0.2945957754199146,0.2945957754199146
f2_909131_008,2,rich,0.0,126,84,42,0,1.4521717162097046e-14,122,True,1.1400000000000001,2.0,0.11474406477676474,0.11474406477676474,0.2939868892427605,0.2939868892427605
f2_909131_008,2,rich,0.0,126,84,42,0,1.4521717162097046e-14,123,False,1.16,2.0,0.10854783964719379,0.10854783964719379,0.2933925145911776,0.2933925145911776
f2_909131_008,2,rich,0.0,126,84,42,0,1.4521717162097046e-14,124,False,1.18,2.0,0.10264617548175288,0.10264617548175288,0.29281213430925246,0.29281213430925246
f2_909131_008,2,rich,0.0,126,84,42,0,1.4521717162097046e-14,125,True,1.2,2.0,0.09702874272474427,0.09702874272474427,0.2922452565970492,0.2922452565970492
f2_909131_009,2,rich,0.0,126,84,42,0,1.9051427102567686e-14,0,False,0.8,0.0821917808219178,0.20015946357932873,0.20015946357932873,0.3112468003711629,0.3112468003711629
f2_909131_009,2,rich,0.0,126,84,42,0,1.9051427102567686e-14,1,False,0.8200000000000001,0.0821917808219178,0.18032626100570956,0.18032626100570956,0.30621337296443446,0.30621337296443446
f2_909131_009,2,rich,0.0,126,84,42,0,1.9051427102567686e-14,2,True,0.8400000000000001,0.0821917808219178,0.16064075857596016,0.16064075857596016,0.3014123620589487,0.3014123620589487
f2_909131_009,2,rich,0.0,126,84,42,0,1.9051427102567686e-14,3,False,0.86,0.0821917808219178,0.14120747531795155,0.14120747531795155,0.2968682256545992,0.2968682256545992
f2_909131_009,2,rich,0.0,126,84,42,0,1.9051427102567686e-14,4,False,0.88,0.0821917808219178,0.12218228193285766,0.12218228193285766,0.2926067929767984,0.2926067929767984
f2_909131_009,2,rich,0.0,126,84,42,0,1.9051427102567686e-14,5,True,0.9,0.0821917808219178,0.103780894682401,0.103780894682401,0.2886542765851671,0.2886542765851671
f2_909131_009,2,rich,0.0,126,84,42,0,1.9051427102567686e-14,6,False,0.92,0.0821917808219178,0.08627759361462226,0.08627759361462226,0.28503603985667214,0.28503603985667214
f2_909131_009,2,rich,0.0,126,84,42,0,1.9051427102567686e-14,7,False,0.9400000000000001,0.0821917808219178,0.06998830230825064,0.06998830230825064,0.28177516413398473,0.28177516413398473
f2_909131_009,2,rich,0.0,126,84,42,0,1.9051427102567686e-14,8,True,0.96,0.0821917808219178,0.055235477546535634,0.055235477546535634,0.2788909012685674,0.2788909012685674
f2_909131_009,2,rich,0.0,126,84,42,0,1.9051427102567686e-14,9,False,0.98,0.0821917808219178,0.04229895837577181,0.04229895837577181,0.2763971493591964,0.2763971493591964
f2_909131_009,2,rich,0.0,126,84,42,0,1.9051427102567686e-14,10,False,1.0,0.0821917808219178,0.03136461633484783,0.03136461633484783,0.2743011407946884,0.2743011407946884
f2_909131_009,2,rich,0.0,126,84,42,0,1.9051427102567686e-14,11,True,1.02,0.0821917808219178,0.022486903396725606,0.022486903396725606,0.27260255719224297,0.27260255719224297
f2_909131_009,2,rich,0.0,126,84,42,0,1.9051427102567686e-14,12,False,1.04,0.0821917808219178,0.015578516469130381,0.015578516469130381,0.2712932563951335,0.2712932563951335
f2_909131_009,2,rich,0.0,126,84,42,0,1.9051427102567686e-14,13,False,1.06,0.0821917808219178,0.010430721846311794,0.010430721846311794,0.270357700285513,0.270357700285513
f2_909131_009,2,rich,0.0,126,84,42,0,1.9051427102567686e-14,14,True,1.08,0.0821917808219178,0.006756376565250747,0.006756376565250747,0.2697740311873754,0.2697740311873754
f2_909131_009,2,rich,0.0,126,84,42,0,1.9051427102567686e-14,15,False,1.1,0.0821917808219178,0.004240608475915463,0.004240608475915463,0.26951561080649616,0.26951561080649616
f2_909131_009,2,rich,0.0,126,84,42,0,1.9051427102567686e-14,16,False,1.12,0.0821917808219178,0.0025845167221949274,0.0025845167221949274,0.26955276070579864,0.26955276070579864
f2_909131_009,2,rich,0.0,126,84,42,0,1.9051427102567686e-14,17,True,1.1400000000000001,0.0821917808219178,0.0015333358884306767,0.0015333358884306767,0.26985444818462934,0.26985444818462934
f2_909131_009,2,rich,0.0,126,84,42,0,1.9051427102567686e-14,18,False,1.16,0.0821917808219178,0.0008878793818428904,0.0008878793818428904,0.27038972880937984,0.27038972880937984
f2_909131_009,2,rich,0.0,126,84,42,0,1.9051427102567686e-14,19,False,1.18,0.0821917808219178,0.0005031614073507956,0.0005031614073507956,0.27112884884588295,0.27112884884588295
f2_909131_009,2,rich,0.0,126,84,42,0,1.9051427102567686e-14,20,True,1.2,0.0821917808219178,0.0002798064774106719,0.0002798064774106719,0.2720439930714604,0.2720439930714604
f2_909131_009,2,rich,0.0,126,84,42,0,1.9051427102567686e-14,21,False,0.8,0.1643835616438356,0.20221691404890363,0.20221691404890363,0.32588193035840507,0.32588193035840507
f2_909131_009,2,rich,0.0,126,84,42,0,1.9051427102567686e-14,22,False,0.8200000000000001,0.1643835616438356,0.18330562629348376,0.18330562629348376,0.32203611065631665,0.32203611065631665
f2_909131_009,2,rich,0.0,126,84,42,0,1.9051427102567686e-14,23,True,0.8400000000000001,0.1643835616438356,0.1648257536524576,0.1648257536524576,0.318405083878817,0.318405083878817
f2_909131_009,2,rich,0.0,126,84,42,0,1.9051427102567686e-14,24,False,0.86,0.1643835616438356,0.14689894518091842,0.14689894518091842,0.31499687688507727,0.31499687688507727
f2_909131_009,2,rich,0.0,126,84,42,0,1.9051427102567686e-14,25,False,0.88,0.1643835616438356,0.12966077115245214,0.12966077115245214,0.31181911517359884,0.31181911517359884
f2_909131_009,2,rich,0.0,126,84,42,0,1.9051427102567686e-14,26,True,0.9,0.1643835616438356,0.11325481679082612,0.11325481679082612,0.30887870882775736,0.30887870882775736
f2_909131_009,2,rich,0.0,126,84,42,0,1.9051427102567686e-14,27,False,0.92,0.1643835616438356,0.09782441433678075,0.09782441433678075,0.3061815176056018,0.3061815176056018
f2_909131_009,2,rich,0.0,126,84,42,0,1.9051427102567686e-14,28,False,0.9400000000000001,0.1643835616438356,0.08350266818729314,0.08350266818729314,0.3037320090688644,0.3037320090688644
f2_909131_009,2,rich,0.0,126,84,42,0,1.9051427102567686e-14,29,True,0.96,0.1643835616438356,0.07040191231112569,0.07040191231112569,0.301532930715597,0.301532930715597
f2_909131_009,2,rich,0.0,126,84,42,0,1.9051427102567686e-14,30,False,0.98,0.1643835616438356,0.05860406292403094,0.05860406292403094,0.2995850230936427,0.2995850230936427
f2_909131_009,2,rich,0.0,126,84,42,0,1.9051427102567686e-14,31,False,1.0,0.1643835616438356,0.048153363738036414,0.048153363738036414,0.29788680372886783,0.29788680372886783
f2_909131_009,2,rich,0.0,126,84,42,0,1.9051427102567686e-14,32,True,1.02,0.1643835616438356,0.039052708523245626,0.039052708523245626,0.29643444953851894,0.29643444953851894
f2_909131_009,2,rich,0.0,126,84,42,0,1.9051427102567686e-14,33,False,1.04,0.1643835616438356,0.03126411690193606,0.03126411690193606,0.29522179741030347,0.29522179741030347
f2_909131_009,2,rich,0.0,126,84,42,0,1.9051427102567686e-14,34,False,1.06,0.1643835616438356,0.024713187707202745,0.024713187707202745,0.29424046967506223,0.29424046967506223
f2_909131_009,2,rich,0.0,126,84,42,0,1.9051427102567686e-14,35,True,1.08,0.1643835616438356,0.019296664433452192,0.019296664433452192,0.2934801158282279,0.2934801158282279
f2_909131_009,2,rich,0.0,126,84,42,0,1.9051427102567686e-14,36,False,1.1,0.1643835616438356,0.01489179846634958,0.01489179846634958,0.2929287475500067,0.2929287475500067
f2_909131_009,2,rich,0.0,126,84,42,0,1.9051427102567686e-14,37,False,1.12,0.1643835616438356,0.011366077619252311,0.011366077619252311,0.2925731340652199,0.2925731340652199
f2_909131_009,2,rich,0.0,126,84,42,0,1.9051427102567686e-14,38,True,1.1400000000000001,0.1643835616438356,0.008586078553190697,0.008586078553190697,0.2923992210403471,0.2923992210403471
f2_909131_009,2,rich,0.0,126,84,42,0,1.9051427102567686e-14,39,False,1.16,0.1643835616438356,0.006424595141173299,0.006424595141173299,0.2923925385651447,0.2923925385651447
f2_909131_009,2,rich,0.0,126,84,42,0,1.9051427102567686e-14,40,False,1.18,0.1643835616438356,0.004765652254341013,0.004765652254341013,0.29253857077555,0.29253857077555
f2_909131_009,2,rich,0.0,126,84,42,0,1.9051427102567686e-14,41,True,1.2,0.1643835616438356,0.003507417542236804,0.003507417542236804,0.29282306903368166,0.29282306903368166
f2_909131_009,2,rich,0.0,126,84,42,0,1.9051427102567686e-14,42,False,0.8,0.2465753424657534,0.20643003171546193,0.20643003171546193,0.33839624269539054,0.33839624269539054
f2_909131_009,2,rich,0.0,126,84,42,0,1.9051427102567686e-14,43,False,0.8200000000000001,0.2465753424657534,0.188582059705097,0.188582059705097,0.33532552738942617,0.33532552738942617
f2_909131_009,2,rich,0.0,126,84,42,0,1.9051427102567686e-14,44,True,0.8400000000000001,0.2465753424657534,0.17128784178933865,0.17128784178933865,0.33243509491625206,0.33243509491625206
f2_909131_009,2,rich,0.0,126,84,42,0,1.9051427102567686e-14,45,False,0.86,0.2465753424657534,0.15463623941368987,0.15463623941368987,0.3297262697803596,0.3297262697803596
f2_909131_009,2,rich,0.0,126,84,42,0,1.9051427102567686e-14,46,False,0.88,0.2465753424657534,0.1387157736421367,0.1387157736421367,0.32720002914515084,0.32720002914515084
f2_909131_009,2,rich,0.0,126,84,42,0,1.9051427102567686e-14,47,True,0.9,0.2465753424657534,0.12361084085624457,0.12361084085624457,0.3248568850579006,0.3248568850579006
f2_909131_009,2,rich,0.0,126,84,42,0,1.9051427102567686e-14,48,False,0.92,0.2465753424657534,0.10939773757837154,0.10939773757837154,0.3226967709091563,0.3226967709091563
f2_909131_009,2,rich,0.0,126,84,42,0,1.9051427102567686e-14,49,False,0.9400000000000001,0.2465753424657534,0.09614082814067486,0.09614082814067486,0.3207189375410771,0.3207189375410771
f2_909131_009,2,rich,0.0,126,84,42,0,1.9051427102567686e-14,50,True,0.96,0.2465753424657534,0.0838892070260804,0.0838892070260804,0.31892186508956316,0.31892186508956316
f2_909131_009,2,rich,0.0,126,84,42,0,1.9051427102567686e-14,51,False,0.98,0.2465753424657534,0.07267417728617814,0.07267417728617814,0.31730319667607215,0.31730319667607215
f2_909131_009,2,rich,0.0,126,84,42,0,1.9051427102567686e-14,52,False,1.0,0.2465753424657534,0.06250778842941535,0.06250778842941535,0.3158596993271522,0.3158596993271522
f2_909131_009,2,rich,0.0,126,84,42,0,1.9051427102567686e-14,53,True,1.02,0.2465753424657534,0.05338256230637284,0.05338256230637284,0.314587255986312,0.314587255986312
f2_909131_009,2,rich,0.0,126,84,42,0,1.9051427102567686e-14,54,False,1.04,0.2465753424657534,0.04527240250304994,0.04527240250304994,0.3134808903336635,0.3134808903336635
f2_909131_009,2,rich,0.0,126,84,42,0,1.9051427102567686e-14,55,False,1.06,0.2465753424657534,0.038134554122558666,0.038134554122558666,0.31253482361794876,0.31253482361794876
f2_909131_009,2,rich,0.0,126,84,42,0,1.9051427102567686e-14,56,True,1.08,0.2465753424657534,0.03191237766768336,0.03191237766768336,0.31174256019116037,0.31174256019116037
f2_909131_009,2,rich,0.0,126,84,42,0,1.9051427102567686e-14,57,False,1.1,0.2465753424657534,0.026538637847752646,0.026538637847752646,0.3110969962833907,0.3110969962833907
f2_909131_009,2,rich,0.0,126,84,42,0,1.9051427102567686e-14,58,False,1.12,0.2465753424657534,0.021938991211968906,0.021938991211968906,0.31059054505791567,0.31059054505791567
f2_909131_009,2,rich,0.0,126,84,42,0,1.9051427102567686e-14,59,True,1.1400000000000001,0.2465753424657534,0.018035381903606307,0.018035381903606307,0.31021527030597396,0.31021527030597396
f2_909131_009,2,rich,0.0,126,84,42,0,1.9051427102567686e-14,60,False,1.16,0.2465753424657534,0.014749111725237575,0.014749111725237575,0.30996302128649267,0.30996302128649267
f2_909131_009,2,rich,0.0,126,84,42,0,1.9051427102567686e-14,61,False,1.18,0.2465753424657534,0.012003424721650674,0.012003424721650674,0.3098255620622111,0.3098255620622111
f2_909131_009,2,rich,0.0,126,84,42,0,1.9051427102567686e-14,62,True,1.2,0.2465753424657534,0.009725523376575772,0.009725523376575772,0.3097946900156389,0.3097946900156389
f2_909131_009,2,rich,0.0,126,84,42,0,1.9051427102567686e-14,63,False,0.8,0.4931506849315068,0.22415310125875332,0.22415310125875332,0.3648838516562813,0.3648838516562813
f2_909131_009,2,rich,0.0,126,84,42,0,1.9051427102567686e-14,64,False,0.8200000000000001,0.4931506849315068,0.20868164912774226,0.20868164912774226,0.36301532275956633,0.36301532275956633
f2_909131_009,2,rich,0.0,126,84,42,0,1.9051427102567686e-14,65,True,0.8400000000000001,0.4931506849315068,0.19379006534691257,0.19379006534691257,0.3612546046712468,0.3612546046712468
f2_909131_009,2,rich,0.0,126,84,42,0,1.9051427102567686e-14,66,False,0.86,0.4931506849315068,0.1795074608818072,0.1795074608818072,0.3595987493235639,0.3595987493235639
f2_909131_009,2,rich,0.0,126,84,42,0,1.9051427102567686e-14,67,False,0.88,0.4931506849315068,0.16585849657383886,0.16585849657383886,0.35804483514506535,0.35804483514506535
f2_909131_009,2,rich,0.0,126,84,42,0,1.9051427102567686e-14,68,True,0.9,0.4931506849315068,0.15286291411211214,0.15286291411211214,0.3565899520281925,0.3565899520281925
f2_909131_009,2,rich,0.0,126,84,42,0,1.9051427102567686e-14,69,False,0.92,0.4931506849315068,0.14053520338024253,0.14053520338024253,0.3552311896436337,0.3552311896436337
f2_909131_009,2,rich,0.0,126,84,42,0,1.9051427102567686e-14,70,False,0.9400000000000001,0.4931506849315068,0.12888441483761517,0.12888441483761517,0.35396562894735534,0.35396562894735534
f2_909131_009,2,rich,0.0,126,84,42,0,1.9051427102567686e-14,71,True,0.96,0.4931506849315068,0.11791411853491951,0.11791411853491951,0.35279033669573356,0.35279033669573356
f2_909131_009,2,rich,0.0,126,84,42,0,1.9051427102567686e-14,72,False,0.98,0.4931506849315068,0.10762250457481094,0.10762250457481094,0.35170236274944844,0.35170236274944844
f2_909131_009,2,rich,0.0,126,84,42,0,1.9051427102567686e-14,73,False,1.0,0.4931506849315068,0.09800261375331021,0.09800261375331021,0.35069873991190786,0.35069873991190786
f2_909131_009,2,rich,0.0,126,84,42,0,1.9051427102567686e-14,74,True,1.02,0.4931506849315068,0.08904268211074358,0.08904268211074358,0.3497764860161472,0.3497764860161472
f2_909131_009,2,rich,0.0,126,84,42,0,1.9051427102567686e-14,75,False,1.04,0.4931506849315068,0.08072657942368688,0.08072657942368688,0.34893260794847075,0.34893260794847075
f2_909131_009,2,rich,0.0,126,84,42,0,1.9051427102567686e-14,76,False,1.06,0.4931506849315068,0.0730343193974393,0.0730343193974393,0.34816410727957114,0.34816410727957114
f2_909131_009,2,rich,0.0,126,84,42,0,1.9051427102567686e-14,77,True,1.08,0.4931506849315068,0.06594261846587568,0.06594261846587568,0.34746798716585053,0.34746798716585053
f2_909131_009,2,rich,0.0,126,84,42,0,1.9051427102567686e-14,78,False,1.1,0.4931506849315068,0.05942548055892397,0.05942548055892397,0.34684126018560807,0.34684126018560807
f2_909131_009,2,rich,0.0,126,84,42,0,1.9051427102567686e-14,79,False,1.12,0.4931506849315068,0.053454786761286344,0.053454786761286344,0.346280956786422,0.346280956786422
f2_909131_009,2,rich,0.0,126,84,42,0,1.9051427102567686e-14,80,True,1.1400000000000001,0.4931506849315068,0.0480008712092229,0.0480008712092229,0.3457841340404457,0.3457841340404457
f2_909131_009,2,rich,0.0,126,84,42,0,1.9051427102567686e-14,81,False,1.16,0.4931506849315068,0.043033067580886826,0.043033067580886826,0.34534788443206615,0.34534788443206615
f2_909131_009,2,rich,0.0,126,84,42,0,1.9051427102567686e-14,82,False,1.18,0.4931506849315068,0.03852021385834494,0.03852021385834494,0.34496934443562594,0.34496934443562594
f2_909131_009,2,rich,0.0,126,84,42,0,1.9051427102567686e-14,83,True,1.2,0.4931506849315068,0.03443110642936187,0.03443110642936187,0.34464570267782807,0.34464570267782807
f2_909131_009,2,rich,0.0,126,84,42,0,1.9051427102567686e-14,84,False,0.8,1.0,0.261777797816393,0.261777797816393,0.39285363671751483,0.39285363671751483
f2_909131_009,2,rich,0.0,126,84,42,0,1.9051427102567686e-14,85,False,0.8200000000000001,1.0,0.24880863564618927,0.24880863564618927,0.39186598658031296,0.39186598658031296
f2_909131_009,2,rich,0.0,126,84,42,0,1.9051427102567686e-14,86,True,0.8400000000000001,1.0,0.23630229978849562,0.23630229978849562,0.39092900606313874,0.39092900606313874
f2_909131_009,2,rich,0.0,126,84,42,0,1.9051427102567686e-14,87,False,0.86,1.0,0.22425942313763145,0.22425942313763145,0.3900404052998964,0.3900404052998964
f2_909131_009,2,rich,0.0,126,84,42,0,1.9051427102567686e-14,88,False,0.88,1.0,0.21267890514553886,0.21267890514553886,0.3891980215528223,0.3891980215528223
f2_909131_009,2,rich,0.0,126,84,42,0,1.9051427102567686e-14,89,True,0.9,1.0,0.20155801006797916,0.20155801006797916,0.3883998089390891,0.3883998089390891
f2_909131_009,2,rich,0.0,126,84,42,0,1.9051427102567686e-14,90,False,0.92,1.0,0.19089247658143804,0.19089247658143804,0.38764382932209634,0.38764382932209634
f2_909131_009,2,rich,0.0,126,84,42,0,1.9051427102567686e-14,91,False,0.9400000000000001,1.0,0.18067663597556338,0.18067663597556338,0.3869282442109238,0.3869282442109238
f2_909131_009,2,rich,0.0,126,84,42,0,1.9051427102567686e-14,92,True,0.96,1.0,0.17090353628470192,0.17090353628470192,0.38625130753437564,0.38625130753437564
f2_909131_009,2,rich,0.0,126,84,42,0,1.9051427102567686e-14,93,False,0.98,1.0,0.16156506992128886,0.16156506992128886,0.3856113591752703,0.3856113591752703
f2_909131_009,2,rich,0.0,126,84,42,0,1.9051427102567686e-14,94,False,1.0,1.0,0.15265210260194495,0.15265210260194495,0.3850068191669348,0.3850068191669348
f2_909131_009,2,rich,0.0,126,84,42,0,1.9051427102567686e-14,95,True,1.02,1.0,0.1441546016035753,0.1441546016035753,0.38443618246759126,0.38443618246759126
f2_909131_009,2,rich,0.0,126,84,42,0,1.9051427102567686e-14,96,False,1.04,1.0,0.13606176164221742,0.13606176164221742,0.3838980142400355,0.3838980142400355
f2_909131_009,2,rich,0.0,126,84,42,0,1.9051427102567686e-14,97,False,1.06,1.0,0.128362126923796,0.128362126923796,0.3833909455739749,0.3833909455739749
f2_909131_009,2,rich,0.0,126,84,42,0,1.9051427102567686e-14,98,True,1.08,1.0,0.12104370816660409,0.12104370816660409,0.3829136695969066,0.3829136695969066
f2_909131_009,2,rich,0.0,126,84,42,0,1.9051427102567686e-14,99,False,1.1,1.0,0.11409409363488796,0.11409409363488796,0.3824649379267273,0.3824649379267273
f2_909131_009,2,rich,0.0,126,84,42,0,1.9051427102567686e-14,100,False,1.12,1.0,0.1075005534472125,0.1075005534472125,0.38204355742551677,0.38204355742551677
f2_909131_009,2,rich,0.0,126,84,42,0,1.9051427102567686e-14,101,True,1.1400000000000001,1.0,0.10125013662938548,0.10125013662938548,0.38164838721934113,0.38164838721934113
f2_909131_009,2,rich,0.0,126,84,42,0,1.9051427102567686e-14,102,False,1.16,1.0,0.09532976056767095,0.09532976056767095,0.3812783359535587,0.3812783359535587
f2_909131_009,2,rich,0.0,126,84,42,0,1.9051427102567686e-14,103,False,1.18,1.0,0.08972629268279611,0.08972629268279611,0.38093235925713026,0.38093235925713026
f2_909131_009,2,rich,0.0,126,84,42,0,1.9051427102567686e-14,104,True,1.2,1.0,0.08442662428856185,0.08442662428856185,0.38060945739287794,0.38060945739287794
f2_909131_009,2,rich,0.0,126,84,42,0,1.9051427102567686e-14,105,False,0.8,2.0,0.32265911637964156,0.32265911637964156,0.41628617448023003,0.41628617448023003
f2_909131_009,2,rich,0.0,126,84,42,0,1.9051427102567686e-14,106,False,0.8200000000000001,2.0,0.3119278264111779,0.3119278264111779,0.41580136546462815,0.41580136546462815
f2_909131_009,2,rich,0.0,126,84,42,0,1.9051427102567686e-14,107,True,0.8400000000000001,2.0,0.3015255445378171,0.3015255445378171,0.4153379199446751,0.4153379199446751
f2_909131_009,2,rich,0.0,126,84,42,0,1.9051427102567686e-14,108,False,0.86,2.0,0.2914459817554872,0.2914459817554872,0.41489473332833676,0.41489473332833676
f2_909131_009,2,rich,0.0,126,84,42,0,1.9051427102567686e-14,109,False,0.88,2.0,0.281682581467386,0.281682581467386,0.41447077736774895,0.41447077736774895
f2_909131_009,2,rich,0.0,126,84,42,0,1.9051427102567686e-14,110,True,0.9,2.0,0.2722285659132218,0.2722285659132218,0.41406509339028724,0.41406509339028724
f2_909131_009,2,rich,0.0,126,84,42,0,1.9051427102567686e-14,111,False,0.92,2.0,0.2630769789807629,0.2630769789807629,0.41367678626416043,0.41367678626416043
f2_909131_009,2,rich,0.0,126,84,42,0,1.9051427102567686e-14,112,False,0.9400000000000001,2.0,0.25422072551743813,0.25422072551743813,0.4133050190046358,0.4133050190046358
f2_909131_009,2,rich,0.0,126,84,42,0,1.9051427102567686e-14,113,True,0.96,2.0,0.2456526072797796,0.2456526072797796,0.4129490079407364,0.4129490079407364
f2_909131_009,2,rich,0.0,126,84,42,0,1.9051427102567686e-14,114,False,0.98,2.0,0.23736535567303943,0.23736535567303943,0.4126080183737387,0.4126080183737387
f2_909131_009,2,rich,0.0,126,84,42,0,1.9051427102567686e-14,115,False,1.0,2.0,0.22935166144319719,0.22935166144319719,0.41228136066845045,0.41228136066845045
f2_909131_009,2,rich,0.0,126,84,42,0,1.9051427102567686e-14,116,True,1.02,2.0,0.22160420148961316,0.22160420148961316,0.4119683867263573,0.4119683867263573
f2_909131_009,2,rich,0.0,126,84,42,0,1.9051427102567686e-14,117,False,1.04,2.0,0.21411566296942253,0.21411566296942253,0.41166848679660945,0.41166848679660945
f2_909131_009,2,rich,0.0,126,84,42,0,1.9051427102567686e-14,118,False,1.06,2.0,0.206878764865012,0.206878764865012,0.41138108658663436,0.41138108658663436
f2_909131_009,2,rich,0.0,126,84,42,0,1.9051427102567686e-14,119,True,1.08,2.0,0.19988627718406385,0.19988627718406385,0.4111056446391305,0.4111056446391305
f2_909131_009,2,rich,0.0,126,84,42,0,1.9051427102567686e-14,120,False,1.1,2.0,0.1931310379581399,0.1931310379581399,0.4108416499464313,0.4108416499464313
f2_909131_009,2,rich,0.0,126,84,42,0,1.9051427102567686e-14,121,False,1.12,2.0,0.18660596820095954,0.18660596820095954,0.4105886197768575,0.4105886197768575
f2_909131_009,2,rich,0.0,126,84,42,0,1.9051427102567686e-14,122,True,1.1400000000000001,2.0,0.18030408498173595,0.18030408498173595,0.41034609769079916,0.41034609769079916
f2_909131_009,2,rich,0.0,126,84,42,0,1.9051427102567686e-14,123,False,1.16,2.0,0.17421851276241154,0.17421851276241154,0.4101136517269487,0.4101136517269487
f2_909131_009,2,rich,0.0,126,84,42,0,1.9051427102567686e-14,124,False,1.18,2.0,0.16834249314061964,0.16834249314061964,0.40989087274143915,0.40989087274143915
f2_909131_009,2,rich,0.0,126,84,42,0,1.9051427102567686e-14,125,True,1.2,2.0,0.1626693931328618,0.1626693931328618,0.4096773728846434,0.4096773728846434
f2_909131_010,2,rich,0.0,126,84,42,0,1.2723155862204293e-14,0,False,0.8,0.0821917808219178,0.20001006706492241,0.20001006706492241,0.24067388936575293,0.24067388936575293
f2_909131_010,2,rich,0.0,126,84,42,0,1.2723155862204293e-14,1,False,0.8200000000000001,0.0821917808219178,0.1800350601720377,0.1800350601720377,0.23965566004760847,0.23965566004760847
f2_909131_010,2,rich,0.0,126,84,42,0,1.2723155862204293e-14,2,True,0.8400000000000001,0.0821917808219178,0.16010830710667923,0.16010830710667923,0.23871640491143717,0.23871640491143717
f2_909131_010,2,rich,0.0,126,84,42,0,1.2723155862204293e-14,3,False,0.86,0.0821917808219178,0.14029871116240553,0.14029871116240553,0.23785569570363144,0.23785569570363144
f2_909131_010,2,rich,0.0,126,84,42,0,1.2723155862204293e-14,4,False,0.88,0.0821917808219178,0.12074036855165737,0.12074036855165737,0.23707305210407326,0.23707305210407326
f2_909131_010,2,rich,0.0,126,84,42,0,1.2723155862204293e-14,5,True,0.9,0.0821917808219178,0.10166014976867979,0.10166014976867979,0.23636791076507022,0.23636791076507022
f2_909131_010,2,rich,0.0,126,84,42,0,1.2723155862204293e-14,6,False,0.92,0.0821917808219178,0.0833909011857973,0.0833909011857973,0.23573959643065887,0.23573959643065887
f2_909131_010,2,rich,0.0,126,84,42,0,1.2723155862204293e-14,7,False,0.9400000000000001,0.0821917808219178,0.06635316243978856,0.06635316243978856,0.235187295782397,0.235187295782397
f2_909131_010,2,rich,0.0,126,84,42,0,1.2723155862204293e-14,8,True,0.96,0.0821917808219178,0.05099717728672811,0.05099717728672811,0.2347100346784431,0.2347100346784431
f2_909131_010,2,rich,0.0,126,84,42,0,1.2723155862204293e-14,9,False,0.98,0.0821917808219178,0.037715619086220606,0.037715619086220606,0.2343066594315307,0.2343066594315307
f2_909131_010,2,rich,0.0,126,84,42,0,1.2723155862204293e-14,10,False,1.0,0.0821917808219178,0.026755546598618396,0.026755546598618396,0.23397582270233588,0.23397582270233588
f2_909131_010,2,rich,0.0,126,84,42,0,1.2723155862204293e-14,11,True,1.02,0.0821917808219178,0.018162972926251388,0.018162972926251388,0.23371597447076597,0.23371597447076597
f2_909131_010,2,rich,0.0,126,84,42,0,1.2723155862204293e-14,12,False,1.04,0.0821917808219178,0.011780419453854699,0.011780419453854699,0.23352535839249952,0.23352535839249952
f2_909131_010,2,rich,0.0,126,84,42,0,1.2723155862204293e-14,13,False,1.06,0.0821917808219178,0.007294630492891376,0.007294630492891376,0.2334020136621166,0.2334020136621166
f2_909131_010,2,rich,0.0,126,84,42,0,1.2723155862204293e-14,14,True,1.08,0.0821917808219178,0.004312214818577243,0.004312214818577243,0.23334378229901725,0.23334378229901725
f2_909131_010,2,rich,0.0,126,84,42,0,1.2723155862204293e-14,15,False,1.1,0.0821917808219178,0.0024350847874047873,0.0024350847874047873,0.23334832156276836,0.23334832156276836
f2_909131_010,2,rich,0.0,126,84,42,0,1.2723155862204293e-14,16,False,1.12,0.0821917808219178,0.0013150330878339968,0.0013150330878339968,0.23341312100530887,0.23341312100530887
f2_909131_010,2,rich,0.0,126,84,42,0,1.2723155862204293e-14,17,True,1.1400000000000001,0.0821917808219178,0.0006802130489120623,0.0006802130489120623,0.23353552349271078,0.23353552349271078
f2_909131_010,2,rich,0.0,126,84,42,0,1.2723155862204293e-14,18,False,1.16,0.0821917808219178,0.00033764291884072907,0.00033764291884072907,0.23371274939113001,0.23371274939113001
f2_909131_010,2,rich,0.0,126,84,42,0,1.2723155862204293e-14,19,False,1.18,0.0821917808219178,0.0001611748788942284,0.0001611748788942284,0.23394192301839717,0.23394192301839717
f2_909131_010,2,rich,0.0,126,84,42,0,1.2723155862204293e-14,20,True,1.2,0.0821917808219178,7.415792762571778e-05,7.415792762571778e-05,0.23422010042000999,0.23422010042000999
f2_909131_010,2,rich,0.0,126,84,42,0,1.2723155862204293e-14,21,False,0.8,0.1643835616438356,0.2002695712536262,0.2002695712536262,0.2343625481332746,0.2343625481332746
f2_909131_010,2,rich,0.0,126,84,42,0,1.2723155862204293e-14,22,False,0.8200000000000001,0.1643835616438356,0.18055980992156256,0.18055980992156256,0.23349872292978213,0.23349872292978213
f2_909131_010,2,rich,0.0,126,84,42,0,1.2723155862204293e-14,23,True,0.8400000000000001,0.1643835616438356,0.16109224703109962,0.16109224703109962,0.23271103359764506,0.23271103359764506
f2_909131_010,2,rich,0.0,126,84,42,0,1.2723155862204293e-14,24,False,0.86,0.1643835616438356,0.14200935082385371,0.14200935082385371,0.23199837115753283,0.23199837115753283
f2_909131_010,2,rich,0.0,126,84,42,0,1.2723155862204293e-14,25,False,0.88,0.1643835616438356,0.12349764797095228,0.12349764797095228,0.23135959524171706,0.23135959524171706
f2_909131_010,2,rich,0.0,126,84,42,0,1.2723155862204293e-14,26,True,0.9,0.1643835616438356,0.10578103353580279,0.10578103353580279,0.2307935146009436,0.2307935146009436
f2_909131_010,2,rich,0.0,126,84,42,0,1.2723155862204293e-14,27,False,0.92,0.1643835616438356,0.08910461099908479,0.08910461099908479,0.23029886964522955,0.23029886964522955
f2_909131_010,2,rich,0.0,126,84,42,0,1.2723155862204293e-14,28,False,0.9400000000000001,0.1643835616438356,0.07371051024491909,0.07371051024491909,0.22987431722691992,0.22987431722691992
f2_909131_010,2,rich,0.0,126,84,42,0,1.2723155862204293e-14,29,True,0.96,0.1643835616438356,0.05980981071502881,0.05980981071502881,0.22951841787514177,0.22951841787514177
f2_909131_010,2,rich,0.0,126,84,42,0,1.2723155862204293e-14,30,False,0.98,0.1643835616438356,0.04755634389041651,0.04755634389041651,0.2292296256770718,0.2292296256770718
f2_909131_010,2,rich,0.0,126,84,42,0,1.2723155862204293e-14,31,False,1.0,0.1643835616438356,0.037028035765123424,0.037028035765123424,0.22900628097369385,0.22900628097369385
f2_909131_010,2,rich,0.0,126,84,42,0,1.2723155862204293e-14,32,True,1.02,0.1643835616438356,0.028219572335285454,0.028219572335285454,0.22884660599704543,0.22884660599704543
f2_909131_010,2,rich,0.0,126,84,42,0,1.2723155862204293e-14,33,False,1.04,0.1643835616438356,0.021047243533370535,0.021047243533370535,0.2287487035233226,0.2287487035233226
f2_909131_010,2,rich,0.0,126,84,42,0,1.2723155862204293e-14,34,False,1.06,0.1643835616438356,0.01536391145824005,0.01536391145824005,0.22871055855359618,0.22871055855359618
f2_909131_010,2,rich,0.0,126,84,42,0,1.2723155862204293e-14,35,True,1.08,0.1643835616438356,0.010980085656513552,0.010980085656513552,0.2287300429632827,0.2287300429632827
f2_909131_010,2,rich,0.0,126,84,42,0,1.2723155862204293e-14,36,False,1.1,0.1643835616438356,0.007686507755820569,0.007686507755820569,0.22880492298572289,0.22880492298572289
f2_909131_010,2,rich,0.0,126,84,42,0,1.2723155862204293e-14,37,False,1.12,0.1643835616438356,0.005274325954941966,0.005274325954941966,0.22893286931757942,0.22893286931757942
f2_909131_010,2,rich,0.0,126,84,42,0,1.2723155862204293e-14,38,True,1.1400000000000001,0.1643835616438356,0.003550374874732092,0.003550374874732092,0.22911146955803155,0.22911146955803155
f2_909131_010,2,rich,0.0,126,84,42,0,1.2723155862204293e-14,39,False,1.16,0.1643835616438356,0.002346671568779341,0.002346671568779341,0.22933824262450142,0.22933824262450142
f2_909131_010,2,rich,0.0,126,84,42,0,1.2723155862204293e-14,40,False,1.18,0.1643835616438356,0.0015245351672662794,0.0015245351672662794,0.22961065472872547,0.22961065472872547
f2_909131_010,2,rich,0.0,126,84,42,0,1.2723155862204293e-14,41,True,1.2,0.1643835616438356,0.0009745173659493802,0.0009745173659493802,0.22992613645339965,0.22992613645339965
f2_909131_010,2,rich,0.0,126,84,42,0,1.2723155862204293e-14,42,False,0.8,0.2465753424657534,0.2010021129519518,0.2010021129519518,0.23085546630865936,0.23085546630865936
f2_909131_010,2,rich,0.0,126,84,42,0,1.2723155862204293e-14,43,False,0.8200000000000001,0.2465753424657534,0.18172764569694866,0.18172764569694866,0.23012633617944894,0.23012633617944894
f2_909131_010,2,rich,0.0,126,84,42,0,1.2723155862204293e-14,44,True,0.8400000000000001,0.2465753424657534,0.16285300064741032,0.16285300064741032,0.22946918145756934,0.22946918145756934
f2_909131_010,2,rich,0.0,126,84,42,0,1.2723155862204293e-14,45,False,0.86,0.2465753424657534,0.14452427377681562,0.14452427377681562,0.2288823332556477,0.2288823332556477
f2_909131_010,2,rich,0.0,126,84,42,0,1.2723155862204293e-14,46,False,0.88,0.2465753424657534,0.12690663606491018,0.12690663606491018,0.2283641268588217,0.2283641268588217
f2_909131_010,2,rich,0.0,126,84,42,0,1.2723155862204293e-14,47,True,0.9,0.2465753424657534,0.11017435468123264,0.11017435468123264,0.2279128898093214,0.2279128898093214
f2_909131_010,2,rich,0.0,126,84,42,0,1.2723155862204293e-14,48,False,0.92,0.2465753424657534,0.09449781174137412,0.09449781174137412,0.2275269313920685,0.2275269313920685
f2_909131_010,2,rich,0.0,126,84,42,0,1.2723155862204293e-14,49,False,0.9400000000000001,0.2465753424657534,0.08002928357444984,0.08002928357444984,0.22720453354902684,0.22720453354902684
f2_909131_010,2,rich,0.0,126,84,42,0,1.2723155862204293e-14,50,True,0.96,0.2465753424657534,0.06688964018288426,0.06688964018288426,0.22694394326122058,0.22694394326122058
f2_909131_010,2,rich,0.0,126,84,42,0,1.2723155862204293e-14,51,False,0.98,0.2465753424657534,0.05515802652560125,0.05515802652560125,0.2267433664420577,0.2267433664420577
f2_909131_010,2,rich,0.0,126,84,42,0,1.2723155862204293e-14,52,False,1.0,0.2465753424657534,0.04486602328738998,0.04486602328738998,0.22660096338511015,0.22660096338511015
f2_909131_010,2,rich,0.0,126,84,42,0,1.2723155862204293e-14,53,True,1.02,0.2465753424657534,0.035996921566118355,0.035996921566118355,0.22651484580313536,0.22651484580313536
f2_909131_010,2,rich,0.0,126,84,42,0,1.2723155862204293e-14,54,False,1.04,0.2465753424657534,0.02848982187087288,0.02848982187087288,0.22648307548304888,0.22648307548304888
f2_909131_010,2,rich,0.0,126,84,42,0,1.2723155862204293e-14,55,False,1.06,0.2465753424657534,0.02224750956969635,0.02224750956969635,0.22650366456367538,0.22650366456367538
f2_909131_010,2,rich,0.0,126,84,42,0,1.2723155862204293e-14,56,True,1.08,0.2465753424657534,0.017146614397678752,0.017146614397678752,0.22657457741951187,0.22657457741951187
f2_909131_010,2,rich,0.0,126,84,42,0,1.2723155862204293e-14,57,False,1.1,0.2465753424657534,0.013048471601906454,0.013048471601906454,0.22669373410505994,0.22669373410505994
f2_909131_010,2,rich,0.0,126,84,42,0,1.2723155862204293e-14,58,False,1.12,0.2465753424657534,0.009809311907956664,0.009809311907956664,0.22685901528137,0.22685901528137
f2_909131_010,2,rich,0.0,126,84,42,0,1.2723155862204293e-14,59,True,1.1400000000000001,0.2465753424657534,0.007288804176044939,0.007288804176044939,0.22706826851085796,0.22706826851085796
f2_909131_010,2,rich,0.0,126,84,42,0,1.2723155862204293e-14,60,False,1.16,0.2465753424657534,0.00535643275374684,0.00535643275374684,0.22731931577009806,0.22731931577009806
f2_909131_010,2,rich,0.0,126,84,42,0,1.2723155862204293e-14,61,False,1.18,0.2465753424657534,0.0038956077373999945,0.0038956077373999945,0.2276099619954402,0.2276099619954402
f2_909131_010,2,rich,0.0,126,84,42,0,1.2723155862204293e-14,62,True,1.2,0.2465753424657534,0.002805717575177294,0.002805717575177294,0.22793800444556833,0.22793800444556833
f2_909131_010,2,rich,0.0,126,84,42,0,1.2723155862204293e-14,63,False,0.8,0.4931506849315068,0.20534776628688683,0.20534776628688683,0.2283691007157688,0.2283691007157688
f2_909131_010,2,rich,0.0,126,84,42,0,1.2723155862204293e-14,64,False,0.8200000000000001,0.4931506849315068,0.18747274943983633,0.18747274943983633,0.22792751593902813,0.22792751593902813
f2_909131_010,2,rich,0.0,126,84,42,0,1.2723155862204293e-14,65,True,0.8400000000000001,0.4931506849315068,0.17020547139557074,0.17020547139557074,0.2275422578639496,0.2275422578639496
f2_909131_010,2,rich,0.0,126,84,42,0,1.2723155862204293e-14,66,False,0.86,0.4931506849315068,0.15364084022902197,0.15364084022902197,0.2272110060131139,0.2272110060131139
f2_909131_010,2,rich,0.0,126,84,42,0,1.2723155862204293e-14,67,False,0.88,0.4931506849315068,0.13786860638093495,0.13786860638093495,0.22693153766815313,0.22693153766815313
f2_909131_010,2,rich,0.0,126,84,42,0,1.2723155862204293e-14,68,True,0.9,0.4931506849315068,0.12296909035201821,0.12296909035201821,0.2267017196508411,0.2267017196508411
f2_909131_010,2,rich,0.0,126,84,42,0,1.2723155862204293e-14,69,False,0.92,0.4931506849315068,0.10900940710392489,0.10900940710392489,0.22651950060728332,0.22651950060728332
f2_909131_010,2,rich,0.0,126,84,42,0,1.2723155862204293e-14,70,False,0.9400000000000001,0.4931506849315068,0.09604050229634334,0.09604050229634334,0.22638290382069234,0.22638290382069234
f2_909131_010,2,rich,0.0,126,84,42,0,1.2723155862204293e-14,71,True,0.96,0.4931506849315068,0.0840952157038942,0.0840952157038942,0.2262900205760298,0.2262900205760298
f2_909131_010,2,rich,0.0,126,84,42,0,1.2723155862204293e-14,72,False,0.98,0.4931506849315068,0.07318746877880815,0.07318746877880815,0.2262390040958491,0.2262390040958491
f2_909131_010,2,rich,0.0,126,84,42,0,1.2723155862204293e-14,73,False,1.0,0.4931506849315068,0.06331255527641938,0.06331255527641938,0.22622806406161683,0.22622806406161683
f2_909131_010,2,rich,0.0,126,84,42,0,1.2723155862204293e-14,74,True,1.02,0.4931506849315068,0.05444841231664451,0.05444841231664451,0.22625546172904826,0.22625546172904826
f2_909131_010,2,rich,0.0,126,84,42,0,1.2723155862204293e-14,75,False,1.04,0.4931506849315068,0.046557675245315656,0.046557675245315656,0.226319505639802,0.226319505639802
f2_909131_010,2,rich,0.0,126,84,42,0,1.2723155862204293e-14,76,False,1.06,0.4931506849315068,0.03959027813903711,0.03959027813903711,0.22641854792538965,0.22641854792538965
f2_909131_010,2,rich,0.0,126,84,42,0,1.2723155862204293e-14,77,True,1.08,0.4931506849315068,0.033486352058663134,0.033486352058663134,0.22655098119252784,0.22655098119252784
f2_909131_010,2,rich,0.0,126,84,42,0,1.2723155862204293e-14,78,False,1.1,0.4931506849315068,0.028179190179850076,0.028179190179850076,0.22671523597242496,0.22671523597242496
f2_909131_010,2,rich,0.0,126,84,42,0,1.2723155862204293e-14,79,False,1.12,0.4931506849315068,0.023598085166050872,0.023598085166050872,0.22690977870984222,0.22690977870984222
f2_909131_010,2,rich,0.0,126,84,42,0,1.2723155862204293e-14,80,True,1.1400000000000001,0.4931506849315068,0.019670891282408082,0.019670891282408082,0.22713311026133576,0.22713311026133576
f2_909131_010,2,rich,0.0,126,84,42,0,1.2723155862204293e-14,81,False,1.16,0.4931506849315068,0.016326214107386012,0.016326214107386012,0.2273837648659612,0.2273837648659612
f2_909131_010,2,rich,0.0,126,84,42,0,1.2723155862204293e-14,82,False,1.18,0.4931506849315068,0.013495178174183017,0.013495178174183017,0.2276603095462031,0.2276603095462031
f2_909131_010,2,rich,0.0,126,84,42,0,1.2723155862204293e-14,83,True,1.2,0.4931506849315068,0.011112763326162184,0.011112763326162184,0.22796134389208791,0.22796134389208791
f2_909131_010,2,rich,0.0,126,84,42,0,1.2723155862204293e-14,84,False,0.8,1.0,0.2185765311057117,0.2185765311057117,0.2323238009711995,0.2323238009711995
f2_909131_010,2,rich,0.0,126,84,42,0,1.2723155862204293e-14,85,False,0.8200000000000001,1.0,0.20282524786888162,0.20282524786888162,0.23215068861696375,0.23215068861696375
f2_909131_010,2,rich,0.0,126,84,42,0,1.2723155862204293e-14,86,True,0.8400000000000001,1.0,0.1877115181287483,0.1877115181287483,0.23200942161790786,0.23200942161790786
f2_909131_010,2,rich,0.0,126,84,42,0,1.2723155862204293e-14,87,False,0.86,1.0,0.1732684344165872,0.1732684344165872,0.23189822271967972,0.23189822271967972
f2_909131_010,2,rich,0.0,126,84,42,0,1.2723155862204293e-14,88,False,0.88,1.0,0.1595224616308025,0.1595224616308025,0.23181543200678528,0.23181543200678528
f2_909131_010,2,rich,0.0,126,84,42,0,1.2723155862204293e-14,89,True,0.9,1.0,0.1464930403980381,0.1464930403980381,0.2317594967412369,0.2317594967412369
f2_909131_010,2,rich,0.0,126,84,42,0,1.2723155862204293e-14,90,False,0.92,1.0,0.1341924348691684,0.1341924348691684,0.23172896218160796,0.23172896218160796
f2_909131_010,2,rich,0.0,126,84,42,0,1.2723155862204293e-14,91,False,0.9400000000000001,1.0,0.12262580910041539,0.12262580910041539,0.23172246328970408,0.23172246328970408
f2_909131_010,2,rich,0.0,126,84,42,0,1.2723155862204293e-14,92,True,0.96,1.0,0.11179150616656787,0.11179150616656787,0.23173871724037887,0.23173871724037887
f2_909131_010,2,rich,0.0,126,84,42,0,1.2723155862204293e-14,93,False,0.98,1.0,0.10168149726441097,0.10168149726441097,0.23177651665763288,0.23177651665763288
f2_909131_010,2,rich,0.0,126,84,42,0,1.2723155862204293e-14,94,False,1.0,1.0,0.09228196423600449,0.09228196423600449,0.23183472350712844,0.23183472350712844
f2_909131_010,2,rich,0.0,126,84,42,0,1.2723155862204293e-14,95,True,1.02,1.0,0.08357397787865853,0.08357397787865853,0.2319122635816581,0.2319122635816581
f2_909131_010,2,rich,0.0,126,84,42,0,1.2723155862204293e-14,96,False,1.04,1.0,0.07553423565784403,0.07553423565784403,0.23200812152198044,0.23200812152198044
f2_909131_010,2,rich,0.0,126,84,42,0,1.2723155862204293e-14,97,False,1.06,1.0,0.06813582546595447,0.06813582546595447,0.2321213363207648,0.2321213363207648
f2_909131_010,2,rich,0.0,126,84,42,0,1.2723155862204293e-14,98,True,1.08,1.0,0.06134898632323963,0.06134898632323963,0.23225099726228748,0.23225099726228748
f2_909131_010,2,rich,0.0,126,84,42,0,1.2723155862204293e-14,99,False,1.1,1.0,0.05514184188113264,0.05514184188113264,0.23239624025494282,0.23239624025494282
f2_909131_010,2,rich,0.0,126,84,42,0,1.2723155862204293e-14,100,False,1.12,1.0,0.04948108781433842,0.04948108781433842,0.23255624451765594,0.23255624451765594
f2_909131_010,2,rich,0.0,126,84,42,0,1.2723155862204293e-14,101,True,1.1400000000000001,1.0,0.044332619314689355,0.044332619314689355,0.23273022958495518,0.23273022958495518
f2_909131_010,2,rich,0.0,126,84,42,0,1.2723155862204293e-14,102,False,1.16,1.0,0.03966208965739366,0.03966208965739366,0.23291745259875432,0.23291745259875432
f2_909131_010,2,rich,0.0,126,84,42,0,1.2723155862204293e-14,103,False,1.18,1.0,0.035435395018144904,0.035435395018144904,0.23311720585791754,0.23311720585791754
f2_909131_010,2,rich,0.0,126,84,42,0,1.2723155862204293e-14,104,True,1.2,1.0,0.031619084275500316,0.031619084275500316,0.23332881459938953,0.23332881459938953
f2_909131_010,2,rich,0.0,126,84,42,0,1.2723155862204293e-14,105,False,0.8,2.0,0.24575468915005816,0.24575468915005816,0.2388428743454988,0.2388428743454988
f2_909131_010,2,rich,0.0,126,84,42,0,1.2723155862204293e-14,106,False,0.8200000000000001,2.0,0.232235736687483,0.232235736687483,0.23881810518885888,0.23881810518885888
f2_909131_010,2,rich,0.0,126,84,42,0,1.2723155862204293e-14,107,True,0.8400000000000001,2.0,0.2192488658825574,0.2192488658825574,0.23880593149237167,0.23880593149237167
f2_909131_010,2,rich,0.0,126,84,42,0,1.2723155862204293e-14,108,False,0.86,2.0,0.2067963240513764,0.2067963240513764,0.23880554431648549,0.23880554431648549
f2_909131_010,2,rich,0.0,126,84,42,0,1.2723155862204293e-14,109,False,0.88,2.0,0.19487756872806886,0.19487756872806886,0.23881619697970255,0.23881619697970255
f2_909131_010,2,rich,0.0,126,84,42,0,1.2723155862204293e-14,110,True,0.9,2.0,0.18348945951452647,0.18348945951452647,0.23883719911060297,0.23883719911060297
f2_909131_010,2,rich,0.0,126,84,42,0,1.2723155862204293e-14,111,False,0.92,2.0,0.17262647210556165,0.17262647210556165,0.23886791137446792,0.23886791137446792
f2_909131_010,2,rich,0.0,126,84,42,0,1.2723155862204293e-14,112,False,0.9400000000000001,2.0,0.162280927025968,0.162280927025968,0.23890774078691507,0.23890774078691507
f2_909131_010,2,rich,0.0,126,84,42,0,1.2723155862204293e-14,113,True,0.96,2.0,0.1524432263981579,0.1524432263981579,0.23895613653968628,0.23895613653968628
f2_909131_010,2,rich,0.0,126,84,42,0,1.2723155862204293e-14,114,False,0.98,2.0,0.14310209291605705,0.14310209291605705,0.2390125862744146,0.2390125862744146
f2_909131_010,2,rich,0.0,126,84,42,0,1.2723155862204293e-14,115,False,1.0,2.0,0.13424480608374983,0.13424480608374983,0.23907661274922143,0.23907661274922143
f2_909131_010,2,rich,0.0,126,84,42,0,1.2723155862204293e-14,116,True,1.02,2.0,0.125857431647371,0.125857431647371,0.23914777085058825,0.23914777085058825
f2_909131_010,2,rich,0.0,126,84,42,0,1.2723155862204293e-14,117,False,1.04,2.0,0.1179250409770063,0.1179250409770063,0.23922564490941714,0.23922564490941714
f2_909131_010,2,rich,0.0,126,84,42,0,1.2723155862204293e-14,118,False,1.06,2.0,0.11043191792150096,0.11043191792150096,0.23930984628566154,0.23930984628566154
f2_909131_010,2,rich,0.0,126,84,42,0,1.2723155862204293e-14,119,True,1.08,2.0,0.10336175135006677,0.10336175135006677,0.23940001119060217,0.23940001119060217
f2_909131_010,2,rich,0.0,126,84,42,0,1.2723155862204293e-14,120,False,1.1,2.0,0.09669781220340778,0.09669781220340778,0.23949579871983015,0.23949579871983015
f2_909131_010,2,rich,0.0,126,84,42,0,1.2723155862204293e-14,121,False,1.12,2.0,0.09042311440156689,0.09042311440156689,0.23959688907343088,0.23959688907343088
f2_909131_010,2,rich,0.0,126,84,42,0,1.2723155862204293e-14,122,True,1.1400000000000001,2.0,0.08452055939729858,0.08452055939729858,0.23970298194280582,0.23970298194280582
f2_909131_010,2,rich,0.0,126,84,42,0,1.2723155862204293e-14,123,False,1.16,2.0,0.07897306452662849,0.07897306452662849,0.23981379504611244,0.23981379504611244
f2_909131_010,2,rich,0.0,126,84,42,0,1.2723155862204293e-14,124,False,1.18,2.0,0.07376367559831831,0.07376367559831831,0.23992906279648246,0.23992906279648246
f2_909131_010,2,rich,0.0,126,84,42,0,1.2723155862204293e-14,125,True,1.2,2.0,0.06887566438828004,0.06887566438828004,0.24004853508909021,0.24004853508909021
f2_909131_011,2,rich,0.0,126,84,42,0,1.7918999617450027e-14,0,False,0.8,0.0821917808219178,0.20032196165784094,0.20032196165784094,0.3390303074718021,0.3390303074718021
f2_909131_011,2,rich,0.0,126,84,42,0,1.7918999617450027e-14,1,False,0.8200000000000001,0.0821917808219178,0.1806517063167311,0.1806517063167311,0.3378220433957742,0.3378220433957742
f2_909131_011,2,rich,0.0,126,84,42,0,1.7918999617450027e-14,2,True,0.8400000000000001,0.0821917808219178,0.1612430130505843,0.1612430130505843,0.3367402380581188,0.3367402380581188
f2_909131_011,2,rich,0.0,126,84,42,0,1.7918999617450027e-14,3,False,0.86,0.0821917808219178,0.14224116464832956,0.14224116464832956,0.33577793635852465,0.33577793635852465
f2_909131_011,2,rich,0.0,126,84,42,0,1.7918999617450027e-14,4,False,0.88,0.0821917808219178,0.12383236401020659,0.12383236401020659,0.3349282046504561,0.3349282046504561
f2_909131_011,2,rich,0.0,126,84,42,0,1.7918999617450027e-14,5,True,0.9,0.0821917808219178,0.10623580498691695,0.10623580498691695,0.3341842031114733,0.3341842031114733
f2_909131_011,2,rich,0.0,126,84,42,0,1.7918999617450027e-14,6,False,0.92,0.0821917808219178,0.0896872248598358,0.0896872248598358,0.33353924687748426,0.33353924687748426
f2_909131_011,2,rich,0.0,126,84,42,0,1.7918999617450027e-14,7,False,0.9400000000000001,0.0821917808219178,0.07441576523370187,0.07441576523370187,0.33298685546470624,0.33298685546470624
f2_909131_011,2,rich,0.0,126,84,42,0,1.7918999617450027e-14,8,True,0.96,0.0821917808219178,0.06061818118473052,0.06061818118473052,0.3325207908542225,0.3325207908542225
f2_909131_011,2,rich,0.0,126,84,42,0,1.7918999617450027e-14,9,False,0.98,0.0821917808219178,0.048435581252899325,0.048435581252899325,0.3321350851672563,0.3321350851672563
f2_909131_011,2,rich,0.0,126,84,42,0,1.7918999617450027e-14,10,False,1.0,0.0821917808219178,0.037937472517729,0.037937472517729,0.3318240591662486,0.3318240591662486
f2_909131_011,2,rich,0.0,126,84,42,0,1.7918999617450027e-14,11,True,1.02,0.0821917808219178,0.029116071761356603,0.029116071761356603,0.331582332937832,0.331582332937832
f2_909131_011,2,rich,0.0,126,84,42,0,1.7918999617450027e-14,12,False,1.04,0.0821917808219178,0.021891305487329787,0.021891305487329787,0.33140483010667887,0.33140483010667887
f2_909131_011,2,rich,0.0,126,84,42,0,1.7918999617450027e-14,13,False,1.06,0.0821917808219178,0.016124535304110618,0.016124535304110618,0.3312867768413638,0.3312867768413638
f2_909131_011,2,rich,0.0,126,84,42,0,1.7918999617450027e-14,14,True,1.08,0.0821917808219178,0.011637507071891873,0.011637507071891873,0.33122369678170327,0.33122369678170327
f2_909131_011,2,rich,0.0,126,84,42,0,1.7918999617450027e-14,15,False,1.1,0.0821917808219178,0.008232616575878302,0.008232616575878302,0.331211402867068,0.331211402867068
f2_909131_011,2,rich,0.0,126,84,42,0,1.7918999617450027e-14,16,False,1.12,0.0821917808219178,0.005711172528827003,0.005711172528827003,0.331245986893902,0.331245986893902
f2_909131_011,2,rich,0.0,126,84,42,0,1.7918999617450027e-14,17,True,1.1400000000000001,0.0821917808219178,0.003887514312093868,0.003887514312093868,0.3313238074882424,0.3313238074882424
f2_909131_011,2,rich,0.0,126,84,42,0,1.7918999617450027e-14,18,False,1.16,0.0821917808219178,0.0025981464467056186,0.0025981464467056186,0.33144147705087584,0.33144147705087584
f2_909131_011,2,rich,0.0,126,84,42,0,1.7918999617450027e-14,19,False,1.18,0.0821917808219178,0.0017061318399113987,0.0017061318399113987,0.3315958481206682,0.3315958481206682
f2_909131_011,2,rich,0.0,126,84,42,0,1.7918999617450027e-14,20,True,1.2,0.0821917808219178,0.001101667259199604,0.001101667259199604,0.3317839995064528,0.3317839995064528
f2_909131_011,2,rich,0.0,126,84,42,0,1.7918999617450027e-14,21,False,0.8,0.1643835616438356,0.20306061982553647,0.20306061982553647,0.3480710845917142,0.3480710845917142
f2_909131_011,2,rich,0.0,126,84,42,0,1.7918999617450027e-14,22,False,0.8200000000000001,0.1643835616438356,0.18456217465672503,0.18456217465672503,0.3471180437956444,0.3471180437956444
f2_909131_011,2,rich,0.0,126,84,42,0,1.7918999617450027e-14,23,True,0.8400000000000001,0.1643835616438356,0.16660819004829325,0.16660819004829325,0.3462595479504167,0.3462595479504167
f2_909131_011,2,rich,0.0,126,84,42,0,1.7918999617450027e-14,24,False,0.86,0.1643835616438356,0.14931691957446128,0.14931691957446128,0.34549009944701453,0.34549009944701453
f2_909131_011,2,rich,0.0,126,84,42,0,1.7918999617450027e-14,25,False,0.88,0.1643835616438356,0.13280720292445475,0.13280720292445475,0.344804395501571,0.344804395501571
f2_909131_011,2,rich,0.0,126,84,42,0,1.7918999617450027e-14,26,True,0.9,0.1643835616438356,0.11719183251268925,0.11719183251268925,0.3441973403766506,0.3441973403766506
f2_909131_011,2,rich,0.0,126,84,42,0,1.7918999617450027e-14,27,False,0.92,0.1643835616438356,0.10257093531147553,0.10257093531147553,0.34366405406516704,0.34366405406516704
f2_909131_011,2,rich,0.0,126,84,42,0,1.7918999617450027e-14,28,False,0.9400000000000001,0.1643835616438356,0.08902608648135009,0.08902608648135009,0.3431998777313719,0.3431998777313719
f2_909131_011,2,rich,0.0,126,84,42,0,1.7918999617450027e-14,29,True,0.96,0.1643835616438356,0.07661576703980522,0.07661576703980522,0.342800376267765,0.342800376267765
f2_909131_011,2,rich,0.0,126,84,42,0,1.7918999617450027e-14,30,False,0.98,0.1643835616438356,0.06537258311559088,0.06537258311559088,0.34246133835229536,0.34246133835229536
f2_909131_011,2,rich,0.0,126,84,42,0,1.7918999617450027e-14,31,False,1.0,0.1643835616438356,0.05530242171566413,0.05530242171566413,0.3421787743885415,0.3421787743885415
f2_909131_011,2,rich,0.0,126,84,42,0,1.7918999617450027e-14,32,True,1.02,0.1643835616438356,0.04638547430146962,0.04638547430146962,0.3419489126927244,0.3419489126927244
f2_909131_011,2,rich,0.0,126,84,42,0,1.7918999617450027e-14,33,False,1.04,0.1643835616438356,0.038578855194087644,0.038578855194087644,0.3417681942623674,0.3417681942623674
f2_909131_011,2,rich,0.0,126,84,42,0,1.7918999617450027e-14,34,False,1.06,0.1643835616438356,0.031820403291835844,0.031820403291835844,0.34163326642725167,0.34163326642725167
f2_909131_011,2,rich,0.0,126,84,42,0,1.7918999617450027e-14,35,True,1.08,0.1643835616438356,0.02603319254362527,0.02603319254362527,0.3415409756476487,0.3415409756476487
f2_909131_011,2,rich,0.0,126,84,42,0,1.7918999617450027e-14,36,False,1.1,0.1643835616438356,0.02113028385225082,0.02113028385225082,0.34148835968967156,0.34148835968967156
f2_909131_011,2,rich,0.0,126,84,42,0,1.7918999617450027e-14,37,False,1.12,0.1643835616438356,0.017019312857587458,0.017019312857587458,0.3414726393744909,0.3414726393744909
f2_909131_011,2,rich,0.0,126,84,42,0,1.7918999617450027e-14,38,True,1.1400000000000001,0.1643835616438356,0.013606603638524669,0.013606603638524669,0.3414912100676576,0.3414912100676576
f2_909131_011,2,rich,0.0,126,84,42,0,1.7918999617450027e-14,39,False,1.16,0.1643835616438356,0.01080060702691599,0.01080060702691599,0.34154163304740026,0.34154163304740026
f2_909131_011,2,rich,0.0,126,84,42,0,1.7918999617450027e-14,40,False,1.18,0.1643835616438356,0.008514566736926549,0.008514566736926549,0.34162162686629477,0.34162162686629477
f2_909131_011,2,rich,0.0,126,84,42,0,1.7918999617450027e-14,41,True,1.2,0.1643835616438356,0.006668405027579393,0.006668405027579393,0.34172905879939103,0.34172905879939103
f2_909131_011,2,rich,0.0,126,84,42,0,1.7918999617450027e-14,42,False,0.8,0.2465753424657534,0.2076780685590876,0.2076780685590876,0.3547846314939229,0.3547846314939229
f2_909131_011,2,rich,0.0,126,84,42,0,1.7918999617450027e-14,43,False,0.8200000000000001,0.2465753424657534,0.19028561283421147,0.19028561283421147,0.35399935959453216,0.35399935959453216
f2_909131_011,2,rich,0.0,126,84,42,0,1.7918999617450027e-14,44,True,0.8400000000000001,0.2465753424657534,0.1735201547212518,0.1735201547212518,0.35328846743395714,0.35328846743395714
f2_909131_011,2,rich,0.0,126,84,42,0,1.7918999617450027e-14,45,False,0.86,0.2465753424657534,0.15745839753633153,0.15745839753633153,0.3526475793117843,0.3526475793117843
f2_909131_011,2,rich,0.0,126,84,42,0,1.7918999617450027e-14,46,False,0.88,0.2465753424657534,0.14217045315185198,0.14217045315185198,0.3520725310165268,0.3520725310165268
f2_909131_011,2,rich,0.0,126,84,42,0,1.7918999617450027e-14,47,True,0.9,0.2465753424657534,0.1277170734095571,0.1277170734095571,0.35155936470477506,0.35155936470477506
f2_909131_011,2,rich,0.0,126,84,42,0,1.7918999617450027e-14,48,False,0.92,0.2465753424657534,0.11414737064202024,0.11414737064202024,0.35110432332333624,0.35110432332333624
f2_909131_011,2,rich,0.0,126,84,42,0,1.7918999617450027e-14,49,False,0.9400000000000001,0.2465753424657534,0.10149716971609765,0.10149716971609765,0.3507038446302201,0.3507038446302201
f2_909131_011,2,rich,0.0,126,84,42,0,1.7918999617450027e-14,50,True,0.96,0.2465753424657534,0.08978807002238831,0.08978807002238831,0.3503545548789894,0.3503545548789894
f2_909131_011,2,rich,0.0,126,84,42,0,1.7918999617450027e-14,51,False,0.98,0.2465753424657534,0.07902723024176686,0.07902723024176686,0.35005326223374994,0.35005326223374994
f2_909131_011,2,rich,0.0,126,84,42,0,1.7918999617450027e-14,52,False,1.0,0.2465753424657534,0.06920782945163484,0.06920782945163484,0.3497969499812108,0.3497969499812108
f2_909131_011,2,rich,0.0,126,84,42,0,1.7918999617450027e-14,53,True,1.02,0.2465753424657534,0.060310111008524146,0.060310111008524146,0.34958276960304885,0.34958276960304885
f2_909131_011,2,rich,0.0,126,84,42,0,1.7918999617450027e-14,54,False,1.04,0.2465753424657534,0.052302883904765535,0.052302883904765535,0.34940803376732027,0.34940803376732027
f2_909131_011,2,rich,0.0,126,84,42,0,1.7918999617450027e-14,55,False,1.06,0.2465753424657534,0.04514534067064528,0.04514534067064528,0.34927020929247704,0.34927020929247704
f2_909131_011,2,rich,0.0,126,84,42,0,1.7918999617450027e-14,56,True,1.08,0.2465753424657534,0.03878905002390172,0.03878905002390172,0.34916691013206874,0.34916691013206874
f2_909131_011,2,rich,0.0,126,84,42,0,1.7918999617450027e-14,57,False,1.1,0.2465753424657534,0.03317999356775274,0.03317999356775274,0.34909589042266603,0.34909589042266603
f2_909131_011,2,rich,0.0,126,84,42,0,1.7918999617450027e-14,58,False,1.12,0.2465753424657534,0.028260535385562762,0.028260535385562762,0.3490550376321837,0.3490550376321837
f2_909131_011,2,rich,0.0,126,84,42,0,1.7918999617450027e-14,59,True,1.1400000000000001,0.2465753424657534,0.023971237741620112,0.023971237741620112,0.3490423658405534,0.3490423658405534
f2_909131_011,2,rich,0.0,126,84,42,0,1.7918999617450027e-14,60,False,1.16,0.2465753424657534,0.020252461998686418,0.020252461998686418,0.3490560091798346,0.3490560091798346
f2_909131_011,2,rich,0.0,126,84,42,0,1.7918999617450027e-14,61,False,1.18,0.2465753424657534,0.017045718679859302,0.017045718679859302,0.34909421545620395,0.34909421545620395
f2_909131_011,2,rich,0.0,126,84,42,0,1.7918999617450027e-14,62,True,1.2,0.2465753424657534,0.01429475248569434,0.01429475248569434,0.34915533997204784,0.34915533997204784
f2_909131_011,2,rich,0.0,126,84,42,0,1.7918999617450027e-14,63,False,0.8,0.4931506849315068,0.2244353737551654,0.2244353737551654,0.36654052615459326,0.36654052615459326
f2_909131_011,2,rich,0.0,126,84,42,0,1.7918999617450027e-14,64,False,0.8200000000000001,0.4931506849315068,0.20924504261468005,0.20924504261468005,0.36603922253918403,0.36603922253918403
f2_909131_011,2,rich,0.0,126,84,42,0,1.7918999617450027e-14,65,True,0.8400000000000001,0.4931506849315068,0.19466270302198377,0.19466270302198377,0.36558156603751807,0.36558156603751807
f2_909131_011,2,rich,0.0,126,84,42,0,1.7918999617450027e-14,66,False,0.86,0.4931506849315068,0.18071088279213227,0.18071088279213227,0.36516499672552005,0.36516499672552005
f2_909131_011,2,rich,0.0,126,84,42,0,1.7918999617450027e-14,67,False,0.88,0.4931506849315068,0.16740681192811535,0.16740681192811535,0.3647871122699149,0.3647871122699149
f2_909131_011,2,rich,0.0,126,84,42,0,1.7918999617450027e-14,68,True,0.9,0.4931506849315068,0.15476230604936075,0.15476230604936075,0.36444565663821404,0.36444565663821404
f2_909131_011,2,rich,0.0,126,84,42,0,1.7918999617450027e-14,69,False,0.92,0.4931506849315068,0.1427837949126127,0.1427837949126127,0.3641385098744529,0.3641385098744529
f2_909131_011,2,rich,0.0,126,84,42,0,1.7918999617450027e-14,70,False,0.9400000000000001,0.4931506849315068,0.1314724812443738,0.1314724812443738,0.3638636788056392,0.3638636788056392
f2_909131_011,2,rich,0.0,126,84,42,0,1.7918999617450027e-14,71,True,0.96,0.4931506849315068,0.12082461141182811,0.12082461141182811,0.3636192885640642,0.3636192885640642
f2_909131_011,2,rich,0.0,126,84,42,0,1.7918999617450027e-14,72,False,0.98,0.4931506849315068,0.11083183726261221,0.11083183726261221,0.3634035748275816,0.3634035748275816
f2_909131_011,2,rich,0.0,126,84,42,0,1.7918999617450027e-14,73,False,1.0,0.4931506849315068,0.10148164762936329,0.10148164762936329,0.3632148766942973,0.3632148766942973
f2_909131_011,2,rich,0.0,126,84,42,0,1.7918999617450027e-14,74,True,1.02,0.4931506849315068,0.09275784832367763,0.09275784832367763,0.3630516301201857,0.3630516301201857
f2_909131_011,2,rich,0.0,126,84,42,0,1.7918999617450027e-14,75,False,1.04,0.4931506849315068,0.08464107070140107,0.08464107070140107,0.36291236185835535,0.36291236185835535
f2_909131_011,2,rich,0.0,126,84,42,0,1.7918999617450027e-14,76,False,1.06,0.4931506849315068,0.07710929082230254,0.07710929082230254,0.36279568384733807,0.36279568384733807
f2_909131_011,2,rich,0.0,126,84,42,0,1.7918999617450027e-14,77,True,1.08,0.4931506849315068,0.07013834361716652,0.07013834361716652,0.36270028800302884,0.36270028800302884
f2_909131_011,2,rich,0.0,126,84,42,0,1.7918999617450027e-14,78,False,1.1,0.4931506849315068,0.06370241910306836,0.06370241910306836,0.36262494137512413,0.36262494137512413
f2_909131_011,2,rich,0.0,126,84,42,0,1.7918999617450027e-14,79,False,1.12,0.4931506849315068,0.05777453037444301,0.05777453037444301,0.36256848163408245,0.36256848163408245
f2_909131_011,2,rich,0.0,126,84,42,0,1.7918999617450027e-14,80,True,1.1400000000000001,0.4931506849315068,0.05232694570140261,0.05232694570140261,0.3625298128590635,0.3625298128590635
f2_909131_011,2,rich,0.0,126,84,42,0,1.7918999617450027e-14,81,False,1.16,0.4931506849315068,0.04733157948213603,0.04733157948213603,0.3625079016010214,0.3625079016010214
f2_909131_011,2,rich,0.0,126,84,42,0,1.7918999617450027e-14,82,False,1.18,0.4931506849315068,0.04276033895197686,0.04276033895197686,0.36250177319830396,0.36250177319830396
f2_909131_011,2,rich,0.0,126,84,42,0,1.7918999617450027e-14,83,True,1.2,0.4931506849315068,0.03858542540672046,0.03858542540672046,0.3625105083247573,0.3625105083247573
f2_909131_011,2,rich,0.0,126,84,42,0,1.7918999617450027e-14,84,False,0.8,1.0,0.25647916432632567,0.25647916432632567,0.37494293467294515,0.37494293467294515
f2_909131_011,2,rich,0.0,126,84,42,0,1.7918999617450027e-14,85,False,0.8200000000000001,1.0,0.24347991163060723,0.24347991163060723,0.37468591447583915,0.37468591447583915
f2_909131_011,2,rich,0.0,126,84,42,0,1.7918999617450027e-14,86,True,0.8400000000000001,1.0,0.23096999123326872,0.23096999123326872,0.3744507752649383,0.3744507752649383
f2_909131_011,2,rich,0.0,126,84,42,0,1.7918999617450027e-14,87,False,0.86,1.0,0.21894859301318795,0.21894859301318795,0.3742362412005116,0.3742362412005116
f2_909131_011,2,rich,0.0,126,84,42,0,1.7918999617450027e-14,88,False,0.88,1.0,0.2074129227628556,0.2074129227628556,0.3740411240678609,0.3740411240678609
f2_909131_011,2,rich,0.0,126,84,42,0,1.7918999617450027e-14,89,True,0.9,1.0,0.19635836088989977,0.19635836088989977,0.37386431580624957,0.37386431580624957
f2_909131_011,2,rich,0.0,126,84,42,0,1.7918999617450027e-14,90,False,0.92,1.0,0.18577862915070453,0.18577862915070453,0.37370478182812167,0.37370478182812167
f2_909131_011,2,rich,0.0,126,84,42,0,1.7918999617450027e-14,91,False,0.9400000000000001,1.0,0.17566596146368926,0.17566596146368926,0.37356155502798055,0.37356155502798055
f2_909131_011,2,rich,0.0,126,84,42,0,1.7918999617450027e-14,92,True,0.96,1.0,0.1660112753665956,0.1660112753665956,0.3734337303951544,0.3734337303951544
f2_909131_011,2,rich,0.0,126,84,42,0,1.7918999617450027e-14,93,False,0.98,1.0,0.15680434119963504,0.15680434119963504,0.3733204601570208,0.3733204601570208
f2_909131_011,2,rich,0.0,126,84,42,0,1.7918999617450027e-14,94,False,1.0,1.0,0.14803394659783742,0.14803394659783742,0.37322094938964534,0.37322094938964534
f2_909131_011,2,rich,0.0,126,84,42,0,1.7918999617450027e-14,95,True,1.02,1.0,0.13968805434906212,0.13968805434906212,0.37313445204151036,0.37313445204151036
f2_909131_011,2,rich,0.0,126,84,42,0,1.7918999617450027e-14,96,False,1.04,1.0,0.13175395211033097,0.13175395211033097,0.37306026732337644,0.37306026732337644
f2_909131_011,2,rich,0.0,126,84,42,0,1.7918999617450027e-14,97,False,1.06,1.0,0.12421839286907238,0.12421839286907238,0.3729977364235508,0.3729977364235508
f2_909131_011,2,rich,0.0,126,84,42,0,1.7918999617450027e-14,98,True,1.08,1.0,0.1170677253848474,0.1170677253848474,0.37294623951314343,0.37294623951314343
f2_909131_011,2,rich,0.0,126,84,42,0,1.7918999617450027e-14,99,False,1.1,1.0,0.11028801415054255,0.11028801415054255,0.3729051930104079,0.3729051930104079
f2_909131_011,2,rich,0.0,126,84,42,0,1.7918999617450027e-14,100,False,1.12,1.0,0.10386514867087326,0.10386514867087326,0.3728740470771384,0.3728740470771384
f2_909131_011,2,rich,0.0,126,84,42,0,1.7918999617450027e-14,101,True,1.1400000000000001,1.0,0.09778494207251356,0.09778494207251356,0.3728522833233962,0.3728522833233962
f2_909131_011,2,rich,0.0,126,84,42,0,1.7918999617450027e-14,102,False,1.16,1.0,0.09203321923724853,0.09203321923724853,0.3728394126997116,0.3728394126997116
f2_909131_011,2,rich,0.0,126,84,42,0,1.7918999617450027e-14,103,False,1.18,1.0,0.0865958947907345,0.0865958947907345,0.3728349735583474,0.3728349735583474
f2_909131_011,2,rich,0.0,126,84,42,0,1.7918999617450027e-14,104,True,1.2,1.0,0.0814590413885193,0.0814590413885193,0.3728385298673656,0.3728385298673656
f2_909131_011,2,rich,0.0,126,84,42,0,1.7918999617450027e-14,105,False,0.8,2.0,0.30570324893587897,0.30570324893587897,0.37845750121848226,0.37845750121848226
f2_909131_011,2,rich,0.0,126,84,42,0,1.7918999617450027e-14,106,False,0.8200000000000001,2.0,0.29465397117548714,0.29465397117548714,0.37835857791317395,0.37835857791317395
f2_909131_011,2,rich,0.0,126,84,42,0,1.7918999617450027e-14,107,True,0.8400000000000001,2.0,0.2839684387376087,0.2839684387376087,0.378269528787413,0.378269528787413
f2_909131_011,2,rich,0.0,126,84,42,0,1.7918999617450027e-14,108,False,0.86,2.0,0.2736396700026089,0.2736396700026089,0.37818976625237566,0.37818976625237566
f2_909131_011,2,rich,0.0,126,84,42,0,1.7918999617450027e-14,109,False,0.88,2.0,0.2636602636665801,0.2636602636665801,0.3781187460514455,0.3781187460514455
f2_909131_011,2,rich,0.0,126,84,42,0,1.7918999617450027e-14,110,True,0.9,2.0,0.25402246968979864,0.25402246968979864,0.37805596328063684,0.37805596328063684
f2_909131_011,2,rich,0.0,126,84,42,0,1.7918999617450027e-14,111,False,0.92,2.0,0.24471825466642008,0.24471825466642008,0.3780009488496849,0.3780009488496849
f2_909131_011,2,rich,0.0,126,84,42,0,1.7918999617450027e-14,112,False,0.9400000000000001,2.0,0.23573936172859458,0.23573936172859458,0.377953266326762,0.377953266326762
f2_909131_011,2,rich,0.0,126,84,42,0,1.7918999617450027e-14,113,True,0.96,2.0,0.22707736515464655,0.22707736515464655,0.37791250911820323,0.37791250911820323
f2_909131_011,2,rich,0.0,126,84,42,0,1.7918999617450027e-14,114,False,0.98,2.0,0.21872371989326997,0.21872371989326997,0.3778782979416389,0.3778782979416389
f2_909131_011,2,rich,0.0,126,84,42,0,1.7918999617450027e-14,115,False,1.0,2.0,0.21066980624614196,0.21066980624614196,0.3778502785568445,0.3778502785568445
f2_909131_011,2,rich,0.0,126,84,42,0,1.7918999617450027e-14,116,True,1.02,2.0,0.20290696997192667,0.20290696997192667,0.3778281197235628,0.3778281197235628
f2_909131_011,2,rich,0.0,126,84,42,0,1.7918999617450027e-14,117,False,1.04,2.0,0.19542655808709136,0.19542655808709136,0.3778115113597378,0.3778115113597378
f2_909131_011,2,rich,0.0,126,84,42,0,1.7918999617450027e-14,118,False,1.06,2.0,0.188219950644803,0.188219950644803,0.3778001628771633,0.3778001628771633
f2_909131_011,2,rich,0.0,126,84,42,0,1.7918999617450027e-14,119,True,1.08,2.0,0.18127858877371425,0.18127858877371425,0.3777938016745454,0.3777938016745454
f2_909131_011,2,rich,0.0,126,84,42,0,1.7918999617450027e-14,120,False,1.1,2.0,0.17459399925480681,0.17459399925480681,0.37779217177056834,0.37779217177056834
f2_909131_011,2,rich,0.0,126,84,42,0,1.7918999617450027e-14,121,False,1.12,2.0,0.1681578159075679,0.1681578159075679,0.37779503256174873,0.37779503256174873
f2_909131_011,2,rich,0.0,126,84,42,0,1.7918999617450027e-14,122,True,1.1400000000000001,2.0,0.16196179804743416,0.16196179804743416,0.37780215769174796,0.37780215769174796
f2_909131_011,2,rich,0.0,126,84,42,0,1.7918999617450027e-14,123,False,1.16,2.0,0.155997846265304,0.155997846265304,0.3778133340204509,0.3778133340204509
f2_909131_011,2,rich,0.0,126,84,42,0,1.7918999617450027e-14,124,False,1.18,2.0,0.15025801576753425,0.15025801576753425,0.3778283606825106,0.3778283606825106
f2_909131_011,2,rich,0.0,126,84,42,0,1.7918999617450027e-14,125,True,1.2,2.0,0.14473452750165763,0.14473452750165763,0.37784704822628107,0.37784704822628107
