S,tau_days,C_BS,C_SH,C_DH,C_PINN,payoff,BS_minus_DH,SH_minus_DH,PINN_minus_DH
85.0,90.0,0.18872780078041484,0.14928220024160652,0.10269746635929844,0.10310236718202442,0.0,0.0860303344211164,0.04658473388230808,0.00040490082272598427
85.05,90.0,0.1914953726787462,0.1517239753484303,0.10471851844651736,0.10512572988424715,0.0,0.08677685423222883,0.047005456901912934,0.0004072114377297875
85.1,90.0,0.19429641517569074,0.1541988209726619,0.10677237343337945,0.10718184544162793,0.0,0.08752404174231129,0.04742644753928246,0.0004094720082484793
85.15,90.0,0.19713122677697423,0.1567070689763169,0.10885942311786993,0.10927110465614764,0.0,0.0882718036591043,0.04784764585844696,0.00041168153827771115
85.2,90.0,0.20000010726480832,0.15924905284069607,0.11098006152801602,0.11139390057536072,0.0,0.0890200457367923,0.048268991312680046,0.0004138390473446968
85.25,90.0,0.20290335768709095,0.16182510765171199,0.11313468489713534,0.11355062846834586,0.0,0.08976867278995561,0.04869042275457665,0.0004159435712105253
85.3,90.0,0.20584128034639798,0.16443557008496934,0.1153236916387118,0.11574168580110039,0.0,0.09051758870768618,0.04911187844625754,0.00041799416238859355
85.35,90.0,0.20881417878879902,0.16708077839056315,0.11754748232060136,0.11796747221139228,0.0,0.09126669646819766,0.04953329606996179,0.00041998989079092275
85.4,90.0,0.211822357792475,0.16976107237754892,0.11980645963887866,0.12022838948307357,0.0,0.09201589815359633,0.04995461273867026,0.00042192984419490986
85.45,90.0,0.21486612335611224,0.17247679339808833,0.12210102839093682,0.12252484151983668,0.0,0.09276509496517542,0.050375765007151505,0.0004238131288998581
85.5,90.0,0.21794578268718662,0.17522828433142193,0.1244315954482825,0.12485723431847442,0.0,0.09351418723890412,0.05079668888313943,0.0004256388701919245
85.55,90.0,0.22106164418995553,0.1780158895673897,0.12679856972859985,0.12722597594156013,0.0,0.09426307446135568,0.051217319838789854,0.0004274062129602796
85.6,90.0,0.22421401745333155,0.1808399549898396,0.1292023621675428,0.1296314764896358,0.0,0.09501165528578875,0.051637592822296796,0.0004291143220929994
85.65,90.0,0.22740321323854173,0.18370082795954645,0.13164338568980605,0.13207414807285475,0.0,0.09575982754873569,0.052057442269740406,0.00043076238304870507
85.7,90.0,0.23062954346659073,0.18659885729706652,0.13412205517974585,0.1345544047821213,0.0,0.09650748828684488,0.05247680211732067,0.0004323496023754536
85.75,90.0,0.2338933212055461,0.18953439326509217,0.13663878745162195,0.13707266265970405,0.0,0.09725453375392415,0.05289560581347022,0.00043387520808210733
85.8,90.0,0.23719486065764034,0.19250778755070724,0.13919400121916464,0.13962933966933724,0.0,0.0980008594384757,0.0533137863315426,0.000435338450172601
85.85,90.0,0.24053447714617976,0.1955193932472173,0.14178811706478425,0.1422248556658342,0.0,0.0987463600813955,0.053731276182433035,0.0004367386010499519
85.9,90.0,0.24391248710224767,0.19856956483581428,0.14442155740826154,0.1448596323641766,0.0,0.09949092969398612,0.05414800742755274,0.0004380749559150521
85.95,90.0,0.24732920805127476,0.20165865816683962,0.14709474647490528,0.14753409330811423,0.0,0.10023446157636948,0.054563911691934336,0.0004393468332089534
86.0,90.0,0.25078495859935646,0.20478703044092145,0.14980811026331936,0.15024866383829896,0.0,0.1009768483360371,0.054978920177602086,0.0004405535749796019
86.05,90.0,0.25428005841945023,0.20795504018970373,0.15256207651267548,0.15300377105989424,0.0,0.10171798190677475,0.055392963677028256,0.0004416945472187628
86.1,90.0,0.2578148282373554,0.2111630472563434,0.1553570746694871,0.15579984380974207,0.0,0.10245775356786832,0.05580597258685632,0.0004427691402549838
86.15,90.0,0.2613895898175123,0.21441141277581158,0.158193535853991,0.1586373126230188,0.0,0.1031960539635213,0.056217876921820564,0.00044377676902779273
86.2,90.0,0.265004665948634,0.21770049915483794,0.1610718928260359,0.1615166096994726,0.0,0.10393277312259808,0.05662860632880204,0.00044471687343669575
86.25,90.0,0.2686603804291542,0.22103067005154628,0.16399257995055655,0.16443816886915452,0.0,0.10466780047859764,0.05703809010098973,0.00044558891859797223
86.3,90.0,0.27235705805249105,0.22440229035500583,0.16695603316259788,0.16740242555771634,0.0,0.10540102488989317,0.05744625719240795,0.00044639239511845563
86.35,90.0,0.2760950245921392,0.22781572616433873,0.16996268993195446,0.17040981675126748,0.0,0.10613233466018474,0.057853036232384275,0.0004471268193130262
86.4,90.0,0.27987460678658277,0.23127134476767555,0.17301298922726865,0.17346078096076575,0.0,0.10686161755931411,0.0582583555404069,0.00044779173349709933
86.45,90.0,0.2836961323240514,0.23476951462078924,0.176107371479894,0.17655575818600264,0.0,0.10758876084415739,0.05866214314089524,0.00044838670610863884
86.5,90.0,0.28755992982706474,0.23831060532551196,0.17924627854723693,0.17969518987913555,0.0,0.10831365127982781,0.05906432677827503,0.000448911331898616
86.55,90.0,0.2914663288368495,0.24189498760790756,0.18243015367567586,0.18287951890781745,0.0,0.10903617516117362,0.0594648339322317,0.00044936523214159085
86.6,90.0,0.29541565979752177,0.24552303329619113,0.18565944146322333,0.1861091895179044,0.0,0.10975621833429844,0.0598635918329678,0.00044974805468106505
86.65,90.0,0.29940825404019555,0.24919511529831734,0.1889345878216408,0.18938464729576604,0.0,0.11047366621855476,0.06026052747667654,0.0004500594741252417
86.7,90.0,0.3034444437668555,0.2529116075795078,0.1922560399382933,0.1927063391301765,0.0,0.11118840382856218,0.06065556764121452,0.0004502991918832189
86.75,90.0,0.3075245620340179,0.2566728851393265,0.1956242462376381,0.19607471317385114,0.0,0.1119003157963798,0.06104863890168841,0.00045046693621303424
86.8,90.0,0.3116489427363788,0.2604793239887028,0.199039656342228,0.19949021880456305,0.0,0.11260928639415077,0.06143966764647482,0.0004505624623350468
86.85,90.0,0.31581792059010944,0.2643313011265485,0.20250272103354094,0.20295330658590996,0.0,0.11331519955656849,0.06182858009300757,0.000450585552369015
86.9,90.0,0.3200318311161679,0.2682291945163059,0.2060138922123548,0.20646442822770675,0.0,0.11401793890381309,0.06221530230395109,0.0004505360153519433
86.95,90.0,0.32429101062327054,0.27217338306216776,0.20957362285878586,0.21002403654601343,0.0,0.11471738776448467,0.0625997602033819,0.00045041368722756325
87.0,90.0,0.3285957961909095,0.2761642465850711,0.2131823669920348,0.21363258542283042,0.0,0.1154134291988747,0.0629818795930363,0.0004502184307956236
87.05,90.0,0.33294652565202,0.28020216579850316,0.2168405796298527,0.2172905297654296,0.0,0.11610594602216728,0.06336158616865045,0.00044995013557688757
87.1,90.0,0.3373435375755423,0.2842875222841047,0.22054871674759507,0.22099832546538628,0.0,0.11679482082794723,0.06373880553650962,0.0004496087177912056
87.15,90.0,0.3417871712490101,0.28842069846695184,0.22430723523707413,0.22475642935723023,0.0,0.11747993601193596,0.06411346322987771,0.0004491941201560934
87.2,90.0,0.34627776666064,0.29260207759080986,0.22811659286507116,0.2285652991768632,0.0,0.11816117379556881,0.0644854847257387,0.0004487063117920298
87.25,90.0,0.3508156644815977,0.2968320436929708,0.23197724823155957,0.23242539351959396,0.0,0.1188384162500381,0.06485479546141121,0.000448145288034385
87.3,90.0,0.3554012060479392,0.3011109815790355,0.2358896607276894,0.23633717179790364,0.0,0.11951154532024977,0.06522132085134608,0.00044751107021423486
87.35,90.0,0.3600347333424414,0.30543927679739025,0.2398542904934883,0.24030109419897056,0.0,0.1201804428489531,0.06558498630390194,0.00044680370548225157
87.4,90.0,0.3647165889763153,0.3098173156136073,0.24387159837529943,0.24431762164181803,0.0,0.12084499060101589,0.06594571723830789,0.0004460232665186026
87.45,90.0,0.3694471161706761,0.3142454849844925,0.24794204588297453,0.24838721573428832,0.0,0.12150507028770158,0.06630343910151798,0.0004451698513137925
87.5,90.0,0.37422665873804334,0.3187241725320996,0.25206609514685663,0.25251033872970563,0.0,0.12216056359118671,0.06665807738524299,0.0004442435828490021
87.55,90.0,0.37905556106356786,0.3232537665174144,0.2562442088745208,0.2566874534833126,0.0,0.12281135218904704,0.06700955764289357,0.00044324460879180405
87.6,90.0,0.38393416808610853,0.32783465581396515,0.26047685030725515,0.260919023408434,0.0,0.12345731777885338,0.06735780550671,0.00044217310117883324
87.65,90.0,0.38886282527928495,0.3324672298811582,0.2647644831764304,0.2652055124324586,0.0,0.12409834210285453,0.06770274670472776,0.00044102925602818033
87.7,90.0,0.39384187863224146,0.33715187873751884,0.26910757165952937,0.2695473849525454,0.0,0.1247343069727121,0.06804430707798947,0.00043981329301601146
87.75,90.0,0.3988716746305099,0.34188899293375363,0.2735065803361628,0.27394510579118386,0.0,0.12536509429434706,0.06838241259759081,0.0004385254550210438
87.8,90.0,0.4039525602363921,0.3466789635255338,0.2779619741437291,0.2783991401514918,0.0,0.125990586092663,0.0687169893818047,0.00043716600776272374
87.85,90.0,0.4090848828696422,0.35152218204623764,0.2824742183330366,0.2829099535723689,0.0,0.12661066453660558,0.06904796371320104,0.0004357352393323244
87.9,90.0,0.41426899038762943,0.35641904047950196,0.287043778423704,0.28747801188341654,0.0,0.12722521196392544,0.06937526205579797,0.0004342334597125519
87.95,90.0,0.4195052310656005,0.3613699312315543,0.29167112015940355,0.29210378115977204,0.0,0.12783411090619695,0.06969881107215076,0.00043266100036848387
88.0,90.0,0.42479395357679395,0.3663752471034547,0.2963567094629994,0.2967877276766881,0.0,0.12843724411379454,0.07001853764045529,0.0004310182136886831
88.05,90.0,0.4301355069723399,0.37143538126319026,0.3011010123915304,0.30153031786403356,0.0,0.12903449458080946,0.07033436887165984,0.00042930547250313866
88.1,90.0,0.43553024066117335,0.3765507272175797,0.3059044950910602,0.3063320182606168,0.0,0.12962574557011314,0.07064623212651949,0.0004275231695565762
88.15,90.0,0.44097850438972486,0.38172167878405805,0.310767623751493,0.31119329546839686,0.0,0.13021088063823183,0.07095405503256502,0.00042567171690383043
88.2,90.0,0.4464806482215281,0.38694863006234426,0.31569086456111917,0.3161146161065644,0.0,0.13078978366040894,0.07125776550122509,0.00042375154544521676
88.25,90.0,0.4520370225167394,0.39223197540592025,0.3206746836612896,0.32109644676553556,0.0,0.1313623388554498,0.07155729174463066,0.00042176310424596464
88.3,90.0,0.4576479779115285,0.3975721093934564,0.3257195471008025,0.32613925396083254,0.0,0.13192843081072603,0.07185256229265391,0.00041970686003006685
88.35,90.0,0.46331386529738205,0.4029694268000741,0.3308259207904016,0.33124350408685055,0.0,0.13248794450698048,0.07214350600967251,0.00041758329644897563
88.39999999999999,90.0,0.4690350358002525,0.40842432256842975,0.3359942704570391,0.3364096633706335,0.0,0.1330407653432134,0.07243005211139064,0.00041539291359438124
88.45,90.0,0.47481184075964483,0.4139371917798244,0.3412250615982167,0.3416381978254723,0.0,0.13358677916142814,0.07271213018160771,0.00041313622725558385
88.5,90.0,0.4806446317076194,0.41950842962504453,0.34651875943620514,0.3469295732045387,0.0,0.13412587227141426,0.0729896701888394,0.0004108137683335733
88.55,90.0,0.48653376034765966,0.4251384313752229,0.35187582887230845,0.3522842549544193,0.0,0.1346579314753512,0.07326260250291444,0.0004084260821108354
88.6,90.0,0.49247957853344515,0.43082759235249685,0.35729673444096477,0.3577027081686571,0.0,0.13518284409248038,0.07353085791153208,0.00040597372769235474
88.64999999999999,90.0,0.49848243824754923,0.4365763079006633,0.3627819402640638,0.36318539754122825,0.0,0.13570049798348544,0.07379436763659952,0.000403457277164454
88.7,90.0,0.5045426915800534,0.44238497335562627,0.36833191000499516,0.368732787320037,0.0,0.13621078157505823,0.07405306335063111,0.00040087731504184765
88.75,90.0,0.5106606907070584,0.448253984015914,0.37394710682291793,0.37434534126039726,0.0,0.1367135838841405,0.07430687719299606,0.00039823443747932785
88.8,90.0,0.5168367878691122,0.454183735112875,0.3796279933269101,0.38002352257852645,0.0,0.13720879454220214,0.07455574178596491,0.00039552925161634445
88.85,90.0,0.5230713353495029,0.46017462178109225,0.38537503153023694,0.38576779390503757,0.0,0.13769630381926595,0.07479959025085531,0.0003927623748006259
88.89999999999999,90.0,0.5293646854526148,0.46622703902846113,0.39118868280457075,0.39157861723850407,0.0,0.13817600264804408,0.07503835622389038,0.0003899344339333144
88.95,90.0,0.5357171904820573,0.47234138170632295,0.39706940783433714,0.3974564538990303,0.0,0.1386477826477202,0.07527197387198581,0.00038704606469314173
89.0,90.0,0.5421292027187435,0.47851804447950164,0.40301766657103594,0.4034017644818616,0.0,0.1391115361477076,0.0755003779084657,0.0003840979108256648
89.05,90.0,0.5486010743990404,0.4847574217963317,0.40903391818772333,0.4094150088111092,0.0,0.13956715621131704,0.07572350360860836,0.0003810906233858713
89.1,90.0,0.5551331576925637,0.4910599078585039,0.41511862103346187,0.4154966458934866,0.0,0.1400145366591018,0.07594128682504203,0.00037802486002475044
89.14999999999999,90.0,0.5617258046802533,0.49742589659100395,0.4212722325879195,0.4216471338721661,0.0,0.14045357209233383,0.07615366400308443,0.0003749012842466093
89.2,90.0,0.5683793673320795,0.503855781611874,0.4274952094160779,0.42786692998071224,0.0,0.14088415791600162,0.07636057219579617,0.0003717205646343591
89.25,90.0,0.5750941974848425,0.5103499562020358,0.433788007122964,0.4341564904971181,0.0,0.14130619036187847,0.07656194907907182,0.0003684833741540716
89.3,90.0,0.5818706468199054,0.5169088132750376,0.4401510803085656,0.44051627069796523,0.0,0.14171956651133982,0.07675773296647198,0.0003651903893996389
89.35,90.0,0.5887090668408625,0.5235327453466981,0.44658488252285367,0.44694672481269676,0.0,0.14212418431800888,0.07694786282384447,0.0003618422898430951
89.39999999999999,90.0,0.5956098088510426,0.530222144504835,0.4530898662209005,0.4534483059780082,0.0,0.14251994263014217,0.07713227828393449,0.00035843975710775355
89.45,90.0,0.6025732239311431,0.536977402378902,0.45966648271818833,0.460021466192427,0.0,0.14290674121295477,0.07731091966071368,0.00035498347423867926
89.5,90.0,0.6095996629166789,0.5437989101096045,0.4663151821460144,0.46666665627099474,0.0,0.14328448077066447,0.07748372796359004,0.00035147412498032216
89.55,90.0,0.6166894763754738,0.5506870583185381,0.47303641340709107,0.4733843258001406,0.0,0.1436530629683827,0.07765064491144708,0.00034791239304954313
89.6,90.0,0.6238430145849836,0.5576422370777493,0.4798306241313149,0.48017492309272714,0.0,0.1440123904536687,0.0778116129464344,0.00034429896141224825
89.64999999999999,90.0,0.631060627509741,0.5646648358793737,0.4866982606316408,0.48703889514326026,0.0,0.14436236687810022,0.07796657524773287,0.00034063451161947533
89.7,90.0,0.6383426647786127,0.5717552436052092,0.4936397678602651,0.4939766875833168,0.0,0.1447028969183476,0.07811547574494415,0.0003369197230517207
89.75,90.0,0.6456894756621097,0.5789138484963214,0.5006555893648882,0.500988744637152,0.0,0.14503388629722147,0.07825825913143325,0.000333155272263852
89.8,90.0,0.6531014090496458,0.58614103812264,0.5077461672452203,0.5080755090775358,0.0,0.1453552418044255,0.0783948708774197,0.00032934183231558833
89.85,90.0,0.660578813426756,0.5934371993525844,0.5149119421097045,0.5152374221817878,0.0,0.14566687131705147,0.07852525724287995,0.0003254800720833284
89.89999999999999,90.0,0.6681220368522824,0.6008027183227037,0.5221533530324596,0.522474923688071,0.0,0.14596868381982286,0.07864936529024413,0.00032157065561144726
89.95,90.0,0.6757314269355335,0.6082379804073059,0.5294708375104372,0.5297884517519016,0.0,0.14626058942509623,0.0787671428968687,0.0003176142414643701
90.0,90.0,0.683407330813447,0.61574337018817,0.5368648314207863,0.5371784429029115,0.0,0.14654249939266062,0.07887853876738371,0.00031361148212516454
90.05,90.0,0.6911500951276919,0.6233192714242289,0.5443357689785202,0.5446453320018835,0.0,0.14681432614917167,0.07898350244570873,0.00030956302336326846
90.1,90.0,0.6989600660018005,0.6309660670213831,0.5518840826944206,0.5521895521980306,0.0,0.14707598330737992,0.07908198432696256,0.0003054695036099897
90.14999999999999,90.0,0.706837589018283,0.6386841390022056,0.5595102033331173,0.5598115348865577,0.0,0.14732738568516568,0.07917393566908826,0.0003013315534403649
90.2,90.0,0.7147830091956032,0.6464738684758173,0.567214559871591,0.5675117096665239,0.0,0.14756844932401225,0.07925930860422636,0.00029714979493289384
90.25,90.0,0.722796670965423,0.6543356356077961,0.5749975794577431,0.5752905042989559,0.0,0.1477990915076799,0.07933805615005296,0.00029292484121279383
90.3,90.0,0.730878918149509,0.6622698195900479,0.5828596873695185,0.5831483446653268,0.0,0.14801923077999046,0.0794101322205294,0.00028865729580829225
90.35,90.0,0.739030093936885,0.6702767986109004,0.5908013069739877,0.591085654726261,0.0,0.14822878696289732,0.0794754916369127,0.0002843477522732618
90.39999999999999,90.0,0.7472505408608809,0.6783569498250464,0.5988228596870462,0.5991028564806405,0.0,0.14842768117383476,0.07953409013800017,0.00027999679359436147
90.45,90.0,0.7555406007762021,0.6865106493237864,0.6069247649332092,0.6072003699249594,0.0,0.14861583584299287,0.07958588439057712,0.00027560499175016684
90.5,90.0,0.7639006148359828,0.6947382721051427,0.6151074401057516,0.6153786130130652,0.0,0.14879317473023124,0.07963083199939114,0.00027117290731359933
90.55,90.0,0.7723309234688853,0.7030401920441587,0.623371300527261,0.6236380016162252,0.0,0.14895962294162435,0.07966889151689771,0.0002667010889642052
90.6,90.0,0.7808318663561983,0.7114167818633274,0.631716759410406,0.6319789494835137,0.0,0.14911510694579233,0.0797000224529214,0.0002621900731077931
90.64999999999999,90.0,0.7894037824089106,0.7198684131029073,0.6401442278191004,0.6404018682026141,0.0,0.14925955458981022,0.07972418528380687,0.0002576403835137242
90.7,90.0,0.7980470097448984,0.7283954560915847,0.6486541146299624,0.6489071671609156,0.0,0.14939289511493603,0.07974134146162237,0.0002530525309532017
90.75,90.0,0.8067618856659575,0.736998279917015,0.6572468264941791,0.657495253507008,0.0,0.14951505917177843,0.07975145342283596,0.0002484270128289001
90.8,90.0,0.815548746635096,0.745677252396599,0.665922767799636,0.6661665321125929,0.0,0.14962597883546003,0.079754484596963,0.0002437643129569178
90.85,90.0,0.8244079282536388,0.7544327400482914,0.6746823406334975,0.674921405534705,0.0,0.14972558762014132,0.0797503994147939,0.00023906490120750856
90.89999999999999,90.0,0.8333397652384542,0.7632651080615597,0.683525944745105,0.6837602739783621,0.0,0.14981382049334924,0.0797391633164547,0.00023432923325716892
90.95,90.0,0.8423445913992611,0.7721747202684311,0.6924539775092103,0.692683535259632,0.0,0.14989061389005076,0.07972074275922081,0.0002295577504216606
91.0,90.0,0.851422739615798,0.7811619391146477,0.7014668338896676,0.7016915847690638,0.0,0.14995590572613038,0.07969510522498013,0.0002247508793962183
91.05,90.0,0.860574541815241,0.7902271256309761,0.7105649064034254,0.7107848154355334,0.0,0.15000963541181556,0.07966221922755068,0.00021990903210800106
91.1,90.0,0.8698003289495556,0.7993706394046282,0.7197485850849747,0.7199636176905457,0.0,0.15005174386458087,0.07962205431965341,0.00021503260557098614
91.14999999999999,90.0,0.8791004309728085,0.8085928385507839,0.7290182574511559,0.7292283794328781,0.0,0.15008217352165265,0.079574581099628,0.00021012198172221108
91.2,90.0,0.8884751768187156,0.8178940796842825,0.7383743084663685,0.7385794859937497,0.0,0.15010086835234704,0.07951977121791398,0.0002051775273811396
91.25,90.0,0.8979248943780496,0.8272747178914373,0.7478171205081123,0.7480173201023398,0.0,0.15010777386993723,0.07945759738332492,0.00020019959422745703
91.3,90.0,0.9074499104762476,0.8367351067020117,0.7573470733331662,0.7575422618517776,0.0,0.15010283714308137,0.07938803336884548,0.00019518851861144437
91.35,90.0,0.9170505508509337,0.8462755980612586,0.7669645440438456,0.7671546886655889,0.0,0.15008600680708806,0.07931105401741301,0.00019014462174327118
91.39999999999999,90.0,0.9267271401296371,0.8558965423022895,0.7766699070550156,0.7768549752645528,0.0,0.1500572330746215,0.07922663524727391,0.00018506820953723135
91.45,90.0,0.9364800018074506,0.8655982881183577,0.7864635340612526,0.7866434936340401,0.0,0.15001646774619803,0.07913475405710513,0.00017995957278749142
91.5,90.0,0.946309458224817,0.8753811825355349,0.7963457940046182,0.7965206129918119,0.0,0.1499636642201988,0.07903538853091663,0.00017481898719362565
91.55,90.0,0.9562158305453841,0.8852455708853239,0.8063170530427561,0.8064866997562468,0.0,0.14989877750262792,0.07892851784256771,0.0001696467134906232
91.6,90.0,0.9661994387338416,0.8951917967776792,0.8163776745175311,0.8165421175150734,0.0,0.14982176421631055,0.07881412226014817,0.0001644429975423689
91.64999999999999,90.0,0.9762606015339428,0.9052202020739563,0.8265280189239786,0.8266872269945394,0.0,0.14973258260996414,0.07869218314997761,0.00015920807056080122
91.7,90.0,0.9863996364465549,0.9153311268602531,0.8367684438798485,0.8369223860290889,0.0,0.14963119256670643,0.07856268298040459,0.00015394214924036032
91.75,90.0,0.9966168597077105,0.9255249094207239,0.8470993040954152,0.8472479495314809,0.0,0.1495175556122953,0.07842560532530862,0.00014864543606563085
91.8,90.0,1.0069125862668549,0.9358018862112468,0.8575209513439537,0.8576642694634012,0.0,0.1493916349229012,0.07828093486729315,0.00014331811944756634
91.85,90.0,1.017287129765095,0.9461623918331751,0.8680337344324903,0.8681716948065951,0.0,0.14925339533260462,0.07812865740068475,0.00013796037410473971
91.89999999999999,90.0,1.0277408025135542,0.9566067590073296,0.8786379991731417,0.8787705715344319,0.0,0.14910280334041248,0.07796875983418794,0.00013257236129027294
91.95,90.0,1.0382739154718221,0.9671353185481061,0.8893340883548276,0.8894612425839916,0.0,0.1489398271169945,0.07780123019327845,0.00012715422916398378
92.0,90.0,1.0488867782264863,0.9777483993379115,0.9001223417155085,0.9002440478286453,0.0,0.14876443651097782,0.07762605762240293,0.00012170611313677693
92.05,90.0,1.0595796989697204,0.9884463283016509,0.911003095914833,0.9111193240511198,0.0,0.1485766030548874,0.07744323238681794,0.00011622813628686668
92.1,90.0,1.0703529844780453,0.9992294303815102,0.9219766845073636,0.9220874049170782,0.0,0.1483762999706817,0.07725274587414666,0.00011072040971460417
92.14999999999999,90.0,1.0812069400910587,1.0100980285119543,0.9330434379162024,0.9331486209491883,0.0,0.1481635021748563,0.07705459059575193,0.00010518303298590048
92.2,90.0,1.0921418696904557,1.0210524435948518,0.9442036834070427,0.9443032995017074,0.0,0.14793818628341293,0.07684876018780906,9.961609466468957e-05
92.25,90.0,1.1031580756789077,1.0320929944748705,0.9554577450628462,0.9555517647355406,0.0,0.14770033061606147,0.07663524941202426,9.401967269440092e-05
92.3,90.0,1.1142558589592777,1.0432199979151058,0.9668059437588882,0.9668943375938696,0.0,0.14744991520038953,0.0764140541562176,8.839383498138176e-05
92.35,90.0,1.1254355189137404,1.0544337685729195,0.9782485971383128,0.9783313357782306,0.0,0.14718692177542758,0.07618517143460668,8.273863991781205e-05
92.39999999999999,90.0,1.1366973533832132,1.0657346189759036,0.9897860195882482,0.9898630737251347,0.0,0.14691133379496502,0.07594859938765541,7.705413688652296e-05
92.45,90.0,1.1480416586467033,1.0771228594982527,1.0014185222162766,1.001489862583177,0.0,0.14662313643042668,0.07570433728197612,7.134036690037426e-05
92.5,90.0,1.1594687294008754,1.0885987983372016,1.013146412827553,1.0132120101907072,0.0,0.1463223165733225,0.07545238550964872,6.559736315425724e-05
92.55,90.0,1.1709788587397754,1.1001627414897506,1.0249699959022702,1.0250298210539424,0.0,0.14600886283750514,0.07519274558748035,5.982515167213265e-05
92.6,90.0,1.1825723381344972,1.1118149927297103,1.036889572573754,1.0369435963256806,0.0,0.14568276556074333,0.07492542015595638,5.402375192664621e-05
92.64999999999999,90.0,1.194249457413217,1.1235558535848196,1.0489054406069376,1.0489536337844454,0.0,0.1453440168062794,0.074650412977882,4.819317750781593e-05
92.69999999999999,90.0,1.2060105047411265,1.13538562331424,1.0610178943774156,1.061060227814227,0.0,0.14499261036371092,0.07436772893682453,4.233343681137036e-05
92.75,90.0,1.217855766600612,1.147304598886226,1.073227224851005,1.0732636693846525,0.0,0.14462854174960693,0.07407737403522097,3.644453364737288e-05
92.8,90.0,1.2297855277715222,1.159313074956058,1.0855337195636967,1.085564246031777,0.0,0.14425180820782546,0.07377935539236136,3.052646808021642e-05
92.85,90.0,1.2418000713116328,1.1714113438442748,1.0979376626022657,1.097962241839312,0.0,0.14386240870936717,0.07347368124200915,2.4579237046351565e-05
92.89999999999999,90.0,1.2538996785371133,1.1835996955150492,1.1104393345852546,1.1104579374203836,0.0,0.1434603439518587,0.07316036092979461,1.8602835129000184e-05
92.94999999999999,90.0,1.2660846290032355,1.1958784175549142,1.1230390126445278,1.1230516098998637,0.0,0.14304561635870772,0.07283940491038643,1.2597255335977664e-05
93.0,90.0,1.2783552004852172,1.2082477951517259,1.135736970407347,1.1357435328971475,0.0,0.14261823007787022,0.07251082474437887,6.562489800465698e-06
93.05,90.0,1.290711668959115,1.2207081110738291,1.1485334779788596,1.1485339765094567,0.0,0.1421781909802553,0.07217463309496952,4.985305970262033e-07
93.1,90.0,1.3031543085829624,1.2332596456495595,1.1614288019251993,1.1614232072957447,0.0,0.14172550665776318,0.07183084372436022,-5.594629454597211e-06
93.14999999999999,90.0,1.3156833916780075,1.2459026767469847,1.174423205257061,1.1744114882609833,0.0,0.14126018642094662,0.07147947148992384,-1.1716996077604236e-05
93.19999999999999,90.0,1.3282991887100675,1.258637479753886,1.1875169474137066,1.1874990788410755,0.0,0.14078224129636085,0.07112053234017934,-1.7868572631085655e-05
93.25,90.0,1.3410019682710952,1.2714643275580557,1.2007102842475812,1.200686234888225,0.0,0.140291684023514,0.07075404331047452,-2.404935935618191e-05
93.3,90.0,1.3537919970608483,1.2843834905278326,1.2140034680093965,1.2139732086567905,0.0,0.13978852905145178,0.07038002251843611,-3.0259352606032408e-05
93.35,90.0,1.366669539868713,1.2973952364928774,1.2273967473336873,1.2273602487897717,0.0,0.13927279253502567,0.06999848915919005,-3.649854391563068e-05
93.39999999999999,90.0,1.3796348595556946,1.3104998307253621,1.2408903672249416,1.2408476003056472,0.0,0.13874449233075303,0.06960946350042052,-4.276691929439025e-05
93.44999999999999,90.0,1.3926882170366013,1.3236975359212273,1.2544845690441364,1.2544355045858269,0.0,0.13820364799246487,0.06921296687709089,-4.9064458309544534e-05
93.5,90.0,1.4058298712622908,1.3369886121819445,1.2681795904959134,1.2681241993625814,0.0,0.1376502807663773,0.06880902168603109,-5.539113333208334e-05
93.55,90.0,1.4190600792021646,1.3503733169963505,1.2819756656160994,1.2819139187074389,0.0,0.13708441358606516,0.06839765138025111,-6.174690866056487e-05
93.6,90.0,1.4323790958268217,1.3638519052229297,1.295873024759869,1.295804893020165,0.0,0.13650607106695256,0.06797888046306055,-6.813173970399156e-05
93.64999999999999,90.0,1.4457871740907862,1.377424629072304,1.309871894590357,1.3097973490181603,0.0,0.13591527950042925,0.0675527344819471,-7.454557219666036e-05
93.69999999999999,90.0,1.4592845649155461,1.3910917380900092,1.3239724980677259,1.3238915097263755,0.0,0.13531206684782027,0.06711924002228331,-8.098834135039645e-05
93.75,90.0,1.4728715171726074,1.404853479139585,1.3381750544388047,1.338087594467792,0.0,0.13469646273380276,0.06667842470078034,-8.745997101278213e-05
93.8,90.0,1.4865482776668217,1.4187100963859294,1.3524797792271857,1.3523858188542626,0.0,0.13406849843963609,0.06623031715874372,-9.396037292308534e-05
93.85,90.0,1.5003150911198706,1.4326618312789838,1.3668868842238275,1.366786394777969,0.0,0.13342820689604307,0.0657749470551563,-0.00010048944585849817
93.89999999999999,90.0,1.5141722001538913,1.4467089225377052,1.3813965774781896,1.381289530403297,0.0,0.13277562267570175,0.06531234505951566,-0.00010704707489250787
93.94999999999999,90.0,1.5281198452752662,1.4608516061342542,1.3960090632897535,1.3958954301592135,0.0,0.13211078198551274,0.06484254284450075,-0.00011363313054002511
94.0,90.0,1.542158264858712,1.475090115278622,1.4107245422002035,1.4106042947321484,0.0,0.1314337226585085,0.0643655730784185,-0.00012024746805505693
94.05,90.0,1.5562876951313331,1.4894246804034306,1.425543210985952,1.4254163210592834,0.0,0.1307444841453811,0.06388146941747852,-0.00012688992666864962
94.1,90.0,1.5705083701570812,1.5038555291490885,1.4404652626512044,1.440331702322409,0.0,0.13004310750587678,0.06339026649788404,-0.00013356032879552338
94.14999999999999,90.0,1.5848205218212394,1.5183828863492466,1.4554908864215303,1.4553506279421982,0.0,0.1293296353997091,0.06289199992771621,-0.00014025847933218927
94.19999999999999,90.0,1.5992243798151657,1.5330069740165577,1.470620267737938,1.4704732835729692,0.0,0.12860411207722766,0.06238670627861964,-0.00014698416496883304
94.25,90.0,1.6137201716212033,1.5477280113287253,1.4858535882513415,1.4856998510979045,0.0,0.12786658336986179,0.06187442307738378,-0.00015373715343702798
94.3,90.0,1.6283081224977294,1.5625462146148204,1.5011910258175787,1.5010305086247093,0.0,0.1271170966801507,0.061355188797241667,-0.00016051719286935828
94.35,90.0,1.6429884554645393,1.5774617973420437,1.5166327544929383,1.516465430481806,0.0,0.12635570097160098,0.0608290428491054,-0.00016732401113239703
94.39999999999999,90.0,1.6577613912882518,1.592474970102578,1.5321789445301042,1.532004787214919,0.0,0.12558244675814767,0.06029602557247382,-0.00017415731518521937
94.44999999999999,90.0,1.672627148467986,1.6075859406009927,1.5478297623745683,1.5476487455840933,0.0,0.12479738609341773,0.05975617822642443,-0.00018101679047499708
94.5,90.0,1.6875859432212477,1.6227949136417235,1.5635853706615503,1.5633974685612455,0.0,0.12400057255969732,0.05920954298017311,-0.00018790210030483756
94.55,90.0,1.7026379894699861,1.6381020911170137,1.579445928213388,1.579251115328098,0.0,0.1231920612565982,0.05865616290362574,-0.00019481288528999663
94.6,90.0,1.7177834988268015,1.6535076719951232,1.5954115900373709,1.595209841274525,0.0,0.1223719087894306,0.05809608195775229,-0.00020174876284584364
94.64999999999999,90.0,1.7330226805814442,1.6690118523088406,1.6114825073240204,1.6112737979974618,0.0,0.12154017325742372,0.05752934498482021,-0.0002087093265585871
94.69999999999999,90.0,1.7483557416875073,1.68461482514431,1.6276588274459476,1.6274431333000912,0.0,0.1206969142415597,0.05695599769836246,-0.00021569414585642654
94.75,90.0,1.7637828867491732,1.70031678063019,1.6439406939569507,1.6437179911915816,0.0,0.11984219279222241,0.056376086673239234,-0.000222702765369176
94.8,90.0,1.7793043180083408,1.7161179059270513,1.6603282465917841,1.6600985118871618,0.0,0.11897607141655664,0.05578965933526714,-0.0002297347046222864
94.85,90.0,1.794920235331886,1.7320183852171902,1.6768216212662637,1.6765848318087055,0.0,0.11809861406562239,0.05519676395092654,-0.00023678945755811753
94.89999999999999,90.0,1.8106308361990933,1.7480183996947056,1.6934209500778568,1.6931770835856423,0.0,0.1172098861212365,0.05459744961684887,-0.00024386649221441736
94.94999999999999,90.0,1.826436315689355,1.7641181275558688,1.7101263613066713,1.7098753960563735,0.0,0.11630995438268377,0.05399176624919755,-0.0002509652502977744
95.0,90.0,1.8423368664700224,1.7803177439898459,1.7269379794169728,1.7266798942700055,0.0,0.11539888705304957,0.05337976457287308,-0.0002580851469673462
95.05,90.0,1.858332678784475,1.7966174211697008,1.743855925059067,1.743590699488584,0.0,0.11447675372540789,0.05276149611063374,-0.00026522557048314077
95.1,90.0,1.8744239404404608,1.8130173282437307,1.7608803150716208,1.7606079291896255,0.0,0.11354362536884,0.05213701317210995,-0.00027238588199529623
95.14999999999999,90.0,1.8906108367986008,1.829517631327151,1.7780112624844855,1.7777316970691655,0.0,0.11259957431411527,0.05150636884266557,-0.00027956541532003776
95.19999999999999,90.0,1.906893550761022,1.8461184934940045,1.795248876521831,1.7949621130450708,0.0,0.111644674239191,0.050869616972173404,-0.0002867634767602656
95.25,90.0,1.923272262760391,1.86282007476947,1.812593262605855,1.8122992832608735,0.0,0.11067900015453613,0.05022681216361513,-0.0002939793449814321
95.3,90.0,1.9397471507489676,1.8796225321224433,1.8300445223607176,1.8297433100898486,0.0,0.10970262838825007,0.04957800976172577,-0.00030121227086898905
95.35,90.0,1.9563183901880086,1.896526019458456,1.8476027536171478,1.8472942921396145,0.0,0.10871563657086081,0.04892326584130813,-0.0003084614775332728
95.39999999999999,90.0,1.9729861540373328,1.9135306876128746,1.8652680504171926,1.8649523242570187,0.0,0.10771810362014023,0.04826263719568202,-0.0003157261601738348
95.44999999999999,90.0,1.9897506127450761,1.9306366843444465,1.8830405030195434,1.882717497533376,0.0,0.10671010972553274,0.047596181324903064,-0.00032300548616737146
95.5,90.0,2.0066119342377493,1.9478441543291674,1.9009201979052994,1.9005898993101984,0.0,0.10569173633244988,0.04692395642386793,-0.00033029859510103066
95.55,90.0,2.0235702839103737,1.9651532391544195,1.918907217783942,1.9185696131851282,0.0,0.10466306612643184,0.04624602137047762,-0.0003376045988137122
95.6,90.0,2.0406258246170057,1.9825640773134288,1.9370016415999334,1.9366567190183699,0.0,0.10362418301707232,0.045562435713495386,-0.0003449225815634893
95.64999999999999,90.0,2.057778716661369,2.0000768042000914,1.955203544539533,1.954851292939372,0.0,0.10257517212183576,0.04487325966055833,-0.0003522516001610576
95.69999999999999,90.0,2.0750291177876994,2.0176915521040635,1.9735129980381207,1.9731534073539423,0.0,0.10151611974957864,0.04417855406594273,-0.00035959068417845685
95.75,90.0,2.0923771831718923,2.035408450206167,1.9919300697878275,1.9915631309516677,0.0,0.10044711338406476,0.0434783804183394,-0.0003669388361597914
95.8,90.0,2.109823065412752,2.0532276245741032,2.0104548237455817,2.0100805287136345,0.0,0.0993682416671704,0.04277280082852153,-0.0003742950319471916
95.85,90.0,2.1273669145236487,2.071149198158498,2.0290873201415622,2.0287056619206103,0.0,0.09827959438208644,0.04206187801693595,-0.00038165822095193036
95.89999999999999,90.0,2.1450088779241465,2.0891732907892555,2.0478276154879564,2.047438588161432,0.0,0.09718126243619007,0.04134567530129907,-0.00038902732652434935
95.94999999999999,90.0,2.1627491004321135,2.1073000191721807,2.066675762588147,2.066279361341791,0.0,0.09607333784396666,0.04062425658403379,-0.00039640124635598184
96.0,90.0,2.18058772425586,2.125529496885976,2.0856318105462233,2.085228031693362,0.0,0.09495591370963652,0.03989768633975288,-0.00040377885286124737
96.05,90.0,2.1985248889865923,2.143861834379502,2.1046958047768882,2.104284645783158,0.0,0.09382908420970404,0.03916602960261395,-0.0004111589937303428
96.1,90.0,2.2165607315910756,2.1622971389693246,2.123867787015679,2.1234492465233124,0.0,0.09269294457539656,0.03842935195364561,-0.00041854049236667024
96.14999999999999,90.0,2.234695386404539,2.1808355148376366,2.1431477953296083,2.1427218731811526,0.0,0.0915475910749306,0.037687719508028295,-0.0004259221484557152
96.19999999999999,90.0,2.252928985123733,2.1994770630304252,2.162535864128028,2.1621025613895197,0.0,0.09039312099570518,0.03694119890239733,-0.0004333027385081678
96.25,90.0,2.2712616568003496,2.2182218814559787,2.182032024174026,2.1815913431574683,0.0,0.08922963262632377,0.036189857281952786,-0.00044068101655758696
96.3,90.0,2.289693527834492,2.2370700648836364,2.2016363025959222,2.2011882468811943,0.0,0.08805722523856963,0.03543376228771411,-0.00044805571472794625
96.35,90.0,2.3082247219685432,2.2560217049429534,2.2213487228993696,2.220893297355375,0.0,0.08687599906917365,0.03467298204358382,-0.00045542554399435886
96.39999999999999,90.0,2.3268553602811464,2.2750768901230645,2.2411693049795045,2.2407065157846766,0.0,0.08568605530164186,0.03390758514355996,-0.00046278919482789505
96.44999999999999,90.0,2.3455855611814567,2.29423570577235,2.261098065133654,2.2606279197956325,0.0,0.08448749604780259,0.03313764063869584,-0.0004701453380215881
96.5,90.0,2.3644154404035707,2.3134982340984944,2.281135016074234,2.2806575234487982,0.0,0.0832804243293368,0.032363218024260565,-0.000477492625435616
96.55,90.0,2.383345111001329,2.3328645541687436,2.301280166942,2.300795337251157,0.0,0.08206494405932885,0.031584387226743615,-0.00048482969084284733
96.6,90.0,2.4023746833431185,2.35233474191047,2.3215335233195837,2.3210413681688165,0.0,0.08084116002353481,0.030801218590886137,-0.0004921551507672817
96.64999999999999,90.0,2.421504265107112,2.3719088701121196,2.341895087245411,2.3413956196400547,0.0,0.07960917786170096,0.030013782866708638,-0.0004994676053562408
96.69999999999999,90.0,2.4407339612766368,2.3915870084243425,2.36236485722784,2.3618580915885063,0.0,0.0783691040487966,0.02922215119650229,-0.0005067656393338282
96.75,90.0,2.4600638741357344,2.4113692233614685,2.382942828259597,2.382428780436735,0.0,0.07712104587613755,0.028426395101871726,-0.0005140478228620182
96.8,90.0,2.47949410326505,2.4312555783032703,2.4036289918325857,2.4031076791199757,0.0,0.07586511143246444,0.02762658647068461,-0.0005213127126100225
96.85,90.0,2.4990247455378922,2.4512461334970244,2.4244233359528944,2.4238947771002413,0.0,0.07460140958499784,0.026822797544129973,-0.0005285588526531271
96.89999999999999,90.0,2.518655895116499,2.471340946059836,2.44532584515616,2.4447900603806083,0.0,0.07333004996033887,0.02601510090367576,-0.0005357847755518286
96.94999999999999,90.0,2.538387643448574,2.4915400699812342,2.4663365005231275,2.465793511519787,0.0,0.07205114292544668,0.025203569458106756,-0.0005429890033403773
97.0,90.0,2.5582200792640584,2.5118435561261347,2.4874552796955642,2.4869051096469312,0.0,0.07076479956849413,0.02438827643057051,-0.000550170048633003
97.05,90.0,2.5781532885720386,2.5322514522379853,2.5086821568924074,2.5081248304767296,0.0,0.06947113167963126,0.023569295345577945,-0.0005573264156777391
97.1,90.0,2.5981873546580343,2.5527638029422333,2.5300171029261507,2.5294526463247005,0.0,0.06817025173188362,0.02274670001608259,-0.0005644566014502139
97.14999999999999,90.0,2.6183223580813624,2.5733806497500886,2.5514600852195666,2.5508885261227547,0.0,0.0668622728617958,0.021920564530522046,-0.0005715590968118356
97.19999999999999,90.0,2.6385583766728256,2.594102031062556,2.573011067822565,2.572432435434977,0.0,0.0655473088502605,0.021090963239990934,-0.0005786323875880406
97.25,90.0,2.6588954855325952,2.6149279821747253,2.594670011429477,2.5940843364736925,0.0,0.06422547410311807,0.020257970745248155,-0.0005856749557846541
97.3,90.0,2.679333757028305,2.635858535280334,2.616436873396323,2.6158441881156818,0.0,0.06289688363198209,0.019421661884011066,-0.0005926852806412697
97.35,90.0,2.699873260793384,2.656893719476623,2.638311607758647,2.637711945918708,0.0,0.06156165303473715,0.01858211171797608,-0.0005996618399386477
97.39999999999999,90.0,2.7205140637256595,2.678033560769459,2.660294165249317,2.6596875621382385,0.0,0.06021989847634268,0.017739395520142143,-0.0006066031110782966
97.44999999999999,90.0,2.741256229986095,2.6992780820787483,2.6823844933166643,2.6817709857443526,0.0,0.058871736669430685,0.016893588762084022,-0.0006135075723117112
97.5,90.0,2.762099820997798,2.72062730324399,2.70458253614288,2.7039621624389554,0.0,0.057517284854917694,0.01604476710110969,-0.0006203737039247592
97.55,90.0,2.7830448954453324,2.74208124103031,2.7268882346625674,2.7262610346731027,0.0,0.056156660782765044,0.01519300636774279,-0.0006271999894646996
97.6,90.0,2.8040915092740515,2.763639909134565,2.749301526581552,2.7486675416646507,0.0,0.05478998269249935,0.014338382553012785,-0.0006339849169014755
97.64999999999999,90.0,2.8252397156899094,2.7853033181917355,2.771822346395882,2.7711816194160104,0.0,0.053417369294027406,0.013480971795853502,-0.0006407269798716086
97.69999999999999,90.0,2.8464895651593025,2.8070714757817927,2.7944506254110832,2.7938032007322118,0.0,0.05203893974821927,0.01262085037070948,-0.0006474246788714666
97.75,90.0,2.8678411054091595,2.8289443864364503,2.8171862917615447,2.816532215239115,0.0,0.050654813647614816,0.011758094674905628,-0.0006540765224296585
97.8,90.0,2.8892943814273813,2.8509220516464855,2.8400292704301373,2.8393685894017695,0.0,0.049265110997243955,0.01089278121634818,-0.0006606810283678044
97.85,90.0,2.9108494354633367,2.8730044698691453,2.8629794832680635,2.8623122465431416,0.0,0.047869952195273235,0.010024986601081753,-0.0006672367249218603
97.89999999999999,90.0,2.9325063070287087,2.89519163653589,2.8860368490148662,2.885363106862868,0.0,0.0464694580138425,0.00915478752102361,-0.0006737421519984466
97.94999999999999,90.0,2.954265032898462,2.917483544060304,2.909201283318572,2.9085210874562812,0.0,0.04506374957989001,0.008282260741732106,-0.0006801958622908444
98.0,90.0,2.9761256471121023,2.9398801818463305,2.932472698756103,2.9317861023336196,0.0,0.04365294835599931,0.00740748309022754,-0.0006865964224833654
98.05,90.0,2.998088180975079,2.9623815362966694,2.9558510048538165,2.9551580624394225,0.0,0.04223717612126254,0.006530531442852983,-0.0006929424143939933
98.1,90.0,3.020152663060543,2.984987590821494,2.9793361081082264,2.9786368756721133,0.0,0.04081655495231651,0.005651482713267431,-0.0006992324361130287
98.14999999999999,90.0,3.042319119211124,3.007698325847338,3.0029279120068653,3.002222446903752,0.0,0.039391207204258816,0.00477041384047272,-0.0007054651031133119
98.19999999999999,90.0,3.0645875725410927,3.030513718826286,3.0266263170493866,3.0259146779999693,0.0,0.03796125549170615,0.0038874017768995017,-0.0007116390494172897
98.25,90.0,3.0869580434386745,3.053433744245336,3.0504312207687176,3.049713467840126,0.0,0.03652682266995688,0.003002523476618446,-0.000717752928591775
98.3,90.0,3.1094305495685437,3.076458373635986,3.0743425177524206,3.073618712337531,0.0,0.03508803181612308,0.002115855883565221,-0.0007238054148897
98.35,90.0,3.132005105874607,3.099587575584146,3.098360099664253,3.097630304459986,0.0,0.033645006210353934,0.0012274759198933616,-0.0007297952042666367
98.39999999999999,90.0,3.1546817245829,3.122821315740166,3.122483855265768,3.121748134250352,0.0,0.03219786931713209,0.00033746047439819904,-0.0007357210154159688
98.44999999999999,90.0,3.177460415204823,3.146159556829122,3.146713670438101,3.145972088847387,0.0,0.03074674476672179,-0.0005541136089792786,-0.0007415815907139134
98.5,90.0,3.2003411845404925,3.1696022586613877,3.171049428204004,3.1703020525066625,0.0,0.029291756336488728,-0.0014471695426161446,-0.0007473756973412904
98.55,90.0,3.2233240366822633,3.1931493781432922,3.1954910087496957,3.1947379066217008,0.0,0.02783302793256759,-0.0023416306064034664,-0.0007531021279949535
98.6,90.0,3.2464089730186574,3.2168008692881527,3.2200382894473085,3.219279529745278,0.0,0.026370683571348863,-0.003237420159155846,-0.0007587597020304315
98.64999999999999,90.0,3.269595992238237,3.240556683227365,3.2446911448769917,3.2439267976107686,0.0,0.02490484736124543,-0.0041344616496266084,-0.0007643472662230977
98.69999999999999,90.0,3.2928850903338716,3.264416768221823,3.2694494468494204,3.2686795831538022,0.0,0.023435643484451152,-0.005032678627597598,-0.0007698636956181559
98.75,90.0,3.3162762606071907,3.2883810696735165,3.294313064428377,3.2935377565339428,0.0,0.021963196178813593,-0.0059319947548606144,-0.0007753078944343628
98.8,90.0,3.339769493673089,3.3124495301372456,3.3192818639532744,3.318501185156533,0.0,0.02048762971981466,-0.006832333816028768,-0.0007806787967412632
98.85,90.0,3.3633647774646804,3.3366220893327307,3.3443557090621034,3.3435697336947485,0.0,0.01900906840257699,-0.007733619729372698,-0.0007859753673549186
98.89999999999999,90.0,3.387062097238247,3.360898684156704,3.3695344607140965,3.3687432641116897,0.0,0.01752763652415057,-0.00863577655739256,-0.0007911966024067851
98.94999999999999,90.0,3.4108614355784708,3.3852792486953733,3.3948179772128553,3.3940216356827118,0.0,0.016043458365615493,-0.009538728517481943,-0.0007963415301435184
99.0,90.0,3.4347627724038783,3.4097637142369392,3.42020611422927,3.4194047050177563,0.0,0.014556658174608383,-0.010442399992330653,-0.0008014092115136151
99.05,90.0,3.4587660849724573,3.434352009284452,3.445698724824707,3.444892326083937,0.0,0.013067360147750229,-0.011346715540255126,-0.0008063987407700424
99.1,90.0,3.4828713478874582,3.459044059568739,3.471295659474281,3.4704843502281952,0.0,0.011575688413177243,-0.012251599905542143,-0.0008113092460857452
99.14999999999999,90.0,3.507078533103453,3.4838397880615712,3.496996766090087,3.496180626200032,0.0,0.010081767013365717,-0.013156978028515898,-0.0008161398900550232
99.19999999999999,90.0,3.531387609932513,3.5087391149890084,3.522801890044609,3.5219810001744514,0.0,0.00858571988790402,-0.014062775055600607,-0.000820889870157604
99.25,90.0,3.555798545050635,3.533741957844966,3.5487108741942253,3.547885315774965,0.0,0.007087670856409822,-0.014968916349259231,-0.0008255584192604637
99.3,90.0,3.5803113025043065,3.5588482314048213,3.5747235589026656,3.5738934140966236,0.0,0.005587743601640938,-0.01587532749784426,-0.0008301448060419325
99.35,90.0,3.6049258437173206,3.584057847739399,3.6008397820646163,3.600005133729356,0.0,0.004086061652704309,-0.01678193432521713,-0.0008346483352603684
99.39999999999999,90.0,3.629642127497766,3.6093707162289865,3.627059379129385,3.6262203107812416,0.0,0.002582748368381349,-0.017688662900398278,-0.0008390683481431793
99.44999999999999,90.0,3.654460110045199,3.634786743577559,3.65338218312467,3.652538778901923,0.0,0.0010779269205292152,-0.018595439547110626,-0.0008434042227469796
99.5,90.0,3.6793797449579055,3.6603058338272088,3.679808024680223,3.6789603693061275,0.0,-0.000428279722317626,-0.01950219085301441,-0.0008476553740957016
99.55,90.0,3.7044009832405576,3.685927888372616,3.7063367320516734,3.7054849107973187,0.0,-0.0019357488111158005,-0.020408843679057487,-0.0008518212543546788
99.6,90.0,3.729523773311861,3.711652805975939,3.732968131144527,3.7321122297913374,0.0,-0.003444357832665723,-0.02131532516858803,-0.0008559013531894699
99.64999999999999,90.0,3.754748061012527,3.7374804827815513,3.759702045537896,3.758842150340255,0.0,-0.004953984525369215,-0.02222156275634468,-0.0008598951976410696
99.69999999999999,90.0,3.7800737896132386,3.7634108123311347,3.7865382965085264,3.785674494156183,0.0,-0.006464506895287769,-0.023127484177391633,-0.0008638023523435123
99.75,90.0,3.805500899823081,3.7894436855789446,3.813476703054819,3.812609080635229,0.0,-0.007975803231738077,-0.024033017475874274,-0.0008676224195900417
99.8,90.0,3.8310293297977847,3.8155789909070363,3.840517081920692,3.8396457268815243,0.0,-0.009487752122907533,-0.02493809101365585,-0.0008713550391679092
99.85,90.0,3.856659015148548,3.841816614140913,3.8676592476198435,3.8667842477313084,0.0,-0.011000232471295668,-0.025842633478930566,-0.0008749998885351218
99.89999999999999,90.0,3.882389888950671,3.868156438565041,3.8949030124595927,3.8940244557770565,0.0,-0.012513123508921531,-0.026746573894551595,-0.0008785566825362245
99.94999999999999,90.0,3.9082218817526138,3.8945983449387405,3.9222481865651275,3.9213661613917283,0.0,-0.014026304812513768,-0.02764984162638706,-0.0008820251733991924
100.0,90.0,3.934154921585087,3.921142211512074,3.949694577903551,3.948809172753012,0.0,-0.01553965631846399,-0.028552366391476625,-0.0008854051505386984
100.05,90.0,3.9601889339703753,3.947787914041941,3.9772419923079316,3.97635329586763,0.04999999999999716,-0.017053058337556326,-0.029454078265990447,-0.0008886964403016506
100.1,90.0,3.986323841931833,3.974535325808254,4.004890233501601,4.003998334595749,0.09999999999999432,-0.018566391569767582,-0.0303549076933467,-0.0008918989058521731
100.14999999999999,90.0,4.012559566003511,4.0013843176303325,4.032639103122112,4.031744090675376,0.14999999999999147,-0.02007953711860111,-0.031254785491779735,-0.0008950124467359544
100.19999999999999,90.0,4.038896024239936,4.028334757883336,4.060488400745519,4.059590363746812,0.19999999999998863,-0.02159237650558321,-0.03215364286218314,-0.0008980369987066084
100.25,90.0,4.065333132226138,4.055386512514891,4.088437923910465,4.087536951377183,0.25,-0.023104791684326997,-0.03305141139557399,-0.0009009725332820295
100.3,90.0,4.091870803087752,4.082539445061763,4.116487468142292,4.115583649084892,0.29999999999999716,-0.0246166650545403,-0.03394802308052913,-0.0009038190574006677
100.35,90.0,4.118508947501318,4.10979341666679,4.144636826977271,4.1437302503642774,0.3499999999999943,-0.026127879475953186,-0.034843410310481104,-0.0009065766129934261
100.39999999999999,90.0,4.145247473704739,4.137148286095788,4.172885791986655,4.171976546710132,0.3999999999999915,-0.027638318281915986,-0.035737505890867105,-0.0009092452765226966
100.44999999999999,90.0,4.1720862875078355,4.164603909754624,4.201234152800821,4.200322327642325,0.44999999999998863,-0.029147865292985742,-0.03663024304619711,-0.0009118251584965265
100.5,90.0,4.199025292303221,4.192160141706472,4.229681697133403,4.228767380730425,0.5,-0.030656404830181394,-0.03752155542693103,-0.0009143164029774553
100.55,90.0,4.226064389077182,4.21981683368908,4.258228210805376,4.257311491618348,0.5499999999999972,-0.03216382172819365,-0.0384113771162955,-0.0009167191870274038
100.6,90.0,4.253203476420596,4.247573835132153,4.286873477769067,4.285954444048973,0.5999999999999943,-0.033670001348470535,-0.0392996426369141,-0.0009190337200939425
100.64999999999999,90.0,4.28044245054043,4.275430993174984,4.315617280132269,4.314696019888825,0.6499999999999915,-0.03517482959183926,-0.04018628695728488,-0.0009212602434436334
100.69999999999999,90.0,4.30778120527084,4.303388152683951,4.344459398182256,4.343535999152731,0.6999999999999886,-0.03667819291141594,-0.041071245498304876,-0.0009233990295243188
100.75,90.0,4.335219632084928,4.331445156270384,4.373399610409776,4.372474160028417,0.75,-0.03817997832484821,-0.04195445413939236,-0.0009254503813593828
100.8,90.0,4.362757620106116,4.359601844308171,4.402437693532937,4.401510278901211,0.7999999999999972,-0.03968007342682078,-0.042835849224765354,-0.0009274146317261867
100.85,90.0,4.390395056120249,4.387858054951913,4.4315734225212395,4.430644130378647,0.8499999999999943,-0.04117836640099082,-0.0437153675693267,-0.0009292921425929634
100.89999999999999,90.0,4.418131824587319,4.416213624154816,4.460806570619406,4.459875487315057,0.8999999999999915,-0.04267474603208665,-0.04459294646459,-0.0009310833043487676
100.94999999999999,90.0,4.445967807653647,4.4446683856867555,4.4901369093712935,4.489204120836226,0.9499999999999886,-0.044169101717646875,-0.04546852368453802,-0.000932788535067175
101.0,90.0,4.473902885164055,4.473222171152617,4.5195642086436205,4.518629800363938,1.0,-0.04566132347956575,-0.046342037491003296,-0.0009344082796829412
101.05,90.0,4.50193693467428,4.501874810010299,4.549088236649725,4.548152293640478,1.0499999999999972,-0.04715130197544504,-0.04721342663942618,-0.0009359430092468202
101.1,90.0,4.530069831463416,4.530626129589372,4.578708759973413,4.577771366753215,1.0999999999999943,-0.04863892850999729,-0.048082630384040925,-0.0009373932201981461
101.14999999999999,90.0,4.558301448546498,4.559475955109269,4.608425543592505,4.607486784159093,1.1499999999999915,-0.0501240950460069,-0.04894958848323583,-0.0009387594334118177
101.19999999999999,90.0,4.5866316566873575,4.588424109697914,4.638238350902464,4.637298308708981,1.1999999999999886,-0.05160669421510633,-0.049814241204550136,-0.0009400421934824266
101.25,90.0,4.615060324411417,4.617470414410255,4.668146943740019,4.667205701672234,1.25,-0.05308661932860215,-0.0506765293297633,-0.0009412420677845645
101.3,90.0,4.643587318018688,4.6466146882469195,4.698151082406587,4.697208722760843,1.2999999999999972,-0.05456376438789867,-0.051536394159667154,-0.000942359645743629
101.35,90.0,4.6722125015969835,4.675856748172988,4.728250525691777,4.7273071301539185,1.3499999999999943,-0.05603802409479375,-0.052393777518789264,-0.0009433955378588266
101.39999999999999,90.0,4.700935737035078,4.705196409136627,4.758445030896749,4.75750068052192,1.3999999999999915,-0.05750929386167147,-0.05324862176012246,-0.0009443503748292059
101.44999999999999,90.0,4.729756884036078,4.734633484088138,4.788734353857539,4.787789129050718,1.4499999999999886,-0.05897746982146046,-0.05410086976940054,-0.0009452248068209101
101.5,90.0,4.758675800131045,4.764167783998706,4.819118248968292,4.818172229465913,1.5,-0.06044244883724659,-0.05495046496958533,-0.0009460195023791584
101.54999999999998,90.0,4.787692340692424,4.79379911787944,4.849596469204491,4.848649734056771,1.549999999999983,-0.06190412851206695,-0.055797351325050926,-0.0009467351477203678
101.6,90.0,4.816806358947907,4.823527292800372,4.880168766146013,4.8792213937003615,1.5999999999999943,-0.06336240719810604,-0.05664147334564085,-0.00094737244565124
101.64999999999999,90.0,4.846017705994139,4.8533521139094775,4.910834890000163,4.909886957885306,1.6499999999999915,-0.06481718400602343,-0.057482776090685306,-0.0009479321148564424
101.69999999999999,90.0,4.875326230810802,4.883273384451923,4.941594589624738,4.9406461747358295,1.6999999999999886,-0.06626835881393589,-0.05832120517281503,-0.0009484148889082888
101.75,90.0,4.904731780274558,4.913290905789123,4.972447612550809,4.971498791035489,1.75,-0.06771583227625122,-0.05915670676168627,-0.000948821515319942
101.79999999999998,90.0,4.934234199173244,4.943404477417981,5.00339370500554,5.0024445522507515,1.799999999999983,-0.06915950583229602,-0.05998922758755931,-0.0009491527547886847
101.85,90.0,4.963833330220227,4.9736138969902175,5.034432611935007,5.033483202554823,1.8499999999999943,-0.07059928171478003,-0.06081871494478985,-0.0009494093801842851
101.89999999999999,90.0,4.99352901406859,5.003918960331542,5.065564077026719,5.064614484850994,1.8999999999999915,-0.072035062958129,-0.06164511669517747,-0.0009495921757256554
101.94999999999999,90.0,5.023321089325805,5.03431946146108,5.096787842732251,5.095838140796227,1.9499999999999886,-0.07346675340644637,-0.06246838127117105,-0.0009497019360242831
102.0,90.0,5.0532093925681645,5.064815192610773,5.128103650289758,5.127153910824417,2.0,-0.07489425772159386,-0.06328845767898539,-0.0009497394653417146
102.04999999999998,90.0,5.083193758355461,5.095405944244608,5.159511239746185,5.15856153416962,2.049999999999983,-0.07631748139072414,-0.06410529550157662,-0.0009497055765645968
102.1,90.0,5.113274019245873,5.126091505078334,5.191010349979796,5.190060748889358,2.0999999999999943,-0.07773633073392272,-0.06491884490146127,-0.0009496010904372909
102.14999999999999,90.0,5.143450005810693,5.156871662098632,5.22260071872223,5.221651291887475,2.1499999999999915,-0.07915071291153719,-0.0657290566235984,-0.0009494268347554069
102.19999999999999,90.0,5.173721546649307,5.187746200582763,5.254282082580605,5.253332898937252,2.1999999999999886,-0.08056053593129864,-0.06653588199784277,-0.0009491836433532796
102.25,90.0,5.204088468404276,5.2187149041181335,5.2860541770596114,5.285105304704135,2.25,-0.08196570865533559,-0.0673392729414779,-0.000948872355476027
102.29999999999998,90.0,5.234550595776431,5.249777554621634,5.317916736583368,5.3169682427684934,2.299999999999983,-0.0833661408069366,-0.06813918196173407,-0.0009484938148744959
102.35,90.0,5.26510775154007,5.280933932359369,5.349869494517227,5.34892144564832,2.3499999999999943,-0.08476174297715744,-0.06893556215785779,-0.0009480488689073141
102.39999999999999,90.0,5.295759756558334,5.312183815966159,5.3819121831896375,5.380964644821628,2.3999999999999915,-0.08615242663130385,-0.06972836722347875,-0.0009475383680097593
102.44999999999999,90.0,5.326506429798449,5.343526982465059,5.414044533913477,5.413097570748848,2.4499999999999886,-0.08753810411502805,-0.07051755144841731,-0.0009469631646288335
102.5,90.0,5.357347588347324,5.374963207287065,5.446266277007844,5.445319952895168,2.5,-0.08891868866052022,-0.07130306972077882,-0.0009463241126761446
102.54999999999998,90.0,5.3882830474270325,5.406492264290634,5.4785771418193265,5.477631519752629,2.549999999999983,-0.09029409439229408,-0.07208487752869264,-0.0009456220666974602
102.6,90.0,5.419312620410403,5.438113925781384,5.5109768567433495,5.5100319988621855,2.5999999999999943,-0.09166423633294674,-0.07286293096196506,-0.0009448578811639408
102.64999999999999,90.0,5.450436118836697,5.469827962531546,5.543465149245313,5.542521116835468,2.6499999999999915,-0.09302903040861654,-0.07363718671376773,-0.0009440324098450859
102.69999999999999,90.0,5.481653352427474,5.501634143799757,5.576041745881715,5.575098599376771,2.6999999999999886,-0.09438839345424022,-0.07440760208195751,-0.0009431465049436483
102.75,90.0,5.512964129102311,5.53353223735058,5.608706372321231,5.6077641713044795,2.75,-0.09574224321892011,-0.07517413497065117,-0.000942201016751909
102.79999999999998,90.0,5.544368254994667,5.565522009474113,5.64145875336528,5.640517556572711,2.799999999999983,-0.0970904983706129,-0.07593674389116689,-0.0009411967925689879
102.85,90.0,5.575865534468026,5.597603225005729,5.674298612969201,5.67335847829265,2.8499999999999943,-0.09843307850117533,-0.07669538796347197,-0.0009401346765507412
102.89999999999999,90.0,5.607455770131783,5.629775647345455,5.70722567426245,5.70628665875374,2.8999999999999915,-0.09976990413066655,-0.07745002691699465,-0.000939015508709673
102.94999999999999,90.0,5.639138762857341,5.662039038477757,5.740239659569461,5.739301819444859,2.9499999999999886,-0.1011008967121203,-0.07820062109170411,-0.000937840124602296
102.99999999999999,90.0,5.670914311794293,5.694393158991134,5.773340290429847,5.772403681075207,2.999999999999986,-0.10242597863555414,-0.07894713143871357,-0.0009366093546407939
103.04999999999998,90.0,5.70278221438668,5.7268377680975675,5.806527287618851,5.805591963595153,3.049999999999983,-0.10374507323217141,-0.07968951952128389,-0.0009353240236986693
103.1,90.0,5.7347422663891745,5.759372623652139,5.839800371167323,5.83886638621698,3.0999999999999943,-0.10505810477814848,-0.08042774751518422,-0.0009339849503433584
103.14999999999999,90.0,5.766794261883435,5.791997482172656,5.873159260381955,5.872226667435282,3.1499999999999915,-0.10636499849852044,-0.08116177820929948,-0.0009325929466736937
103.19999999999999,90.0,5.798937993294504,5.824712098859008,5.9066036738650745,5.905672525047485,3.1999999999999886,-0.10766568057057047,-0.08189157500606647,-0.0009311488175898219
103.24999999999999,90.0,5.831173251407209,5.8575162276129005,5.940133329534548,5.939203676174032,3.249999999999986,-0.10896007812733899,-0.08261710192164795,-0.0009296533605160917
103.29999999999998,90.0,5.863499825382665,5.890409621057135,5.973747944643428,5.97281983727852,3.299999999999983,-0.1102481192607625,-0.08333832358629323,-0.0009281073649081151
103.35,90.0,5.8959175027747515,5.9233920305552,6.007447235799453,6.006520724187554,3.3499999999999943,-0.11152973302470137,-0.08405520524425292,-0.0009265116118992722
103.39999999999999,90.0,5.928426069546738,5.9564632062306275,6.0412309189846445,6.040306052110722,3.3999999999999915,-0.11280484943790636,-0.08476771275401696,-0.0009248668739223476
103.44999999999999,90.0,5.961025310087831,5.98962289698645,6.075098709574437,6.074175535660098,3.4499999999999886,-0.11407339948660589,-0.08547581258798687,-0.0009231739143391593
103.49999999999999,90.0,5.993715007229918,6.022870850524588,6.109050322356997,6.1081288888698175,3.499999999999986,-0.11533531512707906,-0.08617947183240915,-0.000921433487179435
103.54999999999998,90.0,6.026494942264127,6.056206813365115,6.1430854715522205,6.14216582521539,3.549999999999983,-0.11659052928809377,-0.08687865818710527,-0.0009196463368308372
103.6,90.0,6.059364894957736,6.089630530865735,6.1772038708306685,6.17628605763299,3.5999999999999943,-0.11783897587293257,-0.08757333996493344,-0.0009178131976783632
103.64999999999999,90.0,6.092324643570743,6.123141747240814,6.211405233332403,6.210489298538396,3.6499999999999915,-0.11908058976166025,-0.08826348609158963,-0.0009159347940075335
103.69999999999999,90.0,6.125373964872836,6.156740205580869,6.245689271685613,6.244775259845936,3.6999999999999886,-0.12031530681277758,-0.08894906610474429,-0.0009140118396775421
103.74999999999999,90.0,6.158512634160112,6.190425647871624,6.280055698025218,6.279143652987267,3.749999999999986,-0.12154306386510605,-0.08963005015359382,-0.0009120450379507261
103.79999999999998,90.0,6.191740425272009,6.22419781501319,6.3145042240112375,6.313594188929928,3.799999999999983,-0.12276379873922849,-0.09030640899804787,-0.0009100350813096014
103.85,90.0,6.2250571106082075,6.258056446839237,6.349034560847113,6.348126578195778,3.8499999999999943,-0.12397745023890572,-0.0909781140078767,-0.0009079826513351819
103.89999999999999,90.0,6.258462461145447,6.292001282136009,6.383646419297776,6.382740530879227,3.8999999999999915,-0.12518395815232886,-0.09164513716176703,-0.0009058884185488836
103.94999999999999,90.0,6.291956246454564,6.326032058661371,6.4183395097077796,6.417435756665513,3.9499999999999886,-0.12638326325321536,-0.09230745104640814,-0.0009037530422668638
103.99999999999999,90.0,6.325538234717418,6.360148513163809,6.453113542019113,6.452211964848498,3.999999999999986,-0.12757530730169542,-0.09296502885530433,-0.0009015771706151199
104.04999999999998,90.0,6.359208192743967,6.394350381401349,6.487968225788986,6.4870688643486165,4.049999999999983,-0.12876003304501893,-0.0936178443876372,-0.0008993614403696171
104.1,90.0,6.392965885989119,6.428637398160462,6.522903270207445,6.522006163730487,4.099999999999994,-0.12993738421832646,-0.09426587204698311,-0.000897106476958065
104.14999999999999,90.0,6.426811078569913,6.463009297274797,6.557918384114783,6.557023571220378,4.1499999999999915,-0.1311073055448695,-0.09490908683998533,-0.0008948128944048506
104.19999999999999,90.0,6.4607435332824625,6.497465811644068,6.593013276019049,6.592120794723628,4.199999999999989,-0.13226974273658687,-0.09554746437498185,-0.0008924812954216321
104.24999999999999,90.0,6.494763011619033,6.5320066732527975,6.628187654113104,6.627297541841843,4.249999999999986,-0.13342464249407104,-0.09618098086030624,-0.0008901122712607901
104.29999999999998,90.0,6.5288692737851335,6.5666316131888145,6.663441226291845,6.662553519889891,4.299999999999983,-0.13457195250671194,-0.09680961310303093,-0.0008877064019543468
104.35,90.0,6.563062078716553,6.6013403616619755,6.698773700168968,6.697888435912808,4.349999999999994,-0.13571162145241544,-0.09743333850699276,-0.0008852642561603119
104.39999999999999,90.0,6.597341184096558,6.63613264802273,6.734184783093958,6.7333019967025125,4.3999999999999915,-0.13684359899739995,-0.09805213507122801,-0.0008827863914451228
104.44999999999999,90.0,6.631706346372833,6.671008200780576,6.769674182168662,6.76879390881448,4.449999999999989,-0.13796783579582872,-0.09866598138808591,-0.0008802733541815044
104.49999999999999,90.0,6.666157320774676,6.705966747622399,6.805241604263811,6.804363878584031,4.499999999999986,-0.13908428348913482,-0.09927485664141233,-0.0008777256797802835
104.54999999999998,90.0,6.70069386133008,6.741008015430946,6.840886756035532,6.840011612142665,4.549999999999983,-0.14019289470545182,-0.09987874060458601,-0.0008751438928671362
104.6,90.0,6.735315720882892,6.7761317303030735,6.876609343941441,6.875736815434258,4.599999999999994,-0.14129362305854887,-0.10047761363836738,-0.0008725285071831124
104.64999999999999,90.0,6.770022651109798,6.811337617567927,6.912409074256845,6.9115391942308255,4.6499999999999915,-0.1423864231470473,-0.10107145668891793,-0.0008698800260198425
104.69999999999999,90.0,6.804814402537567,6.846625401805123,6.948285653090821,6.947418454148557,4.699999999999989,-0.1434712505532536,-0.10166025128569789,-0.000867198942263947
104.74999999999999,90.0,6.839690724560056,6.881994806862874,6.984238786401893,6.983374300663348,4.749999999999986,-0.14454806184183777,-0.10224397953901931,-0.0008644857385453619
104.79999999999998,90.0,6.874651365455394,6.917445555875934,7.020268180013815,7.01940643912633,4.799999999999983,-0.14561681455842113,-0.10282262413788157,-0.0008617408874851407
104.85,90.0,6.909696072402975,6.95297737128361,7.056373539631217,7.0555145747792585,4.849999999999994,-0.14667746722824226,-0.10339616834760701,-0.0008589648519583548
104.89999999999999,90.0,6.944824591500625,6.988589974847528,7.092554570854877,7.091698412769664,4.8999999999999915,-0.14772997935425192,-0.10396459600734875,-0.0008561580852131101
104.94999999999999,90.0,6.980036667781628,7.024283087669497,7.128810979197148,7.127957658165969,4.949999999999989,-0.14877431141551956,-0.10452789152765085,-0.0008533210311787442
104.99999999999999,90.0,7.015332045231844,7.060056430209268,7.165142470097044,7.164292015972362,4.999999999999986,-0.14981042486520035,-0.10508603988777665,-0.0008504541246825426
105.04999999999998,90.0,7.050710466806697,7.095909722302055,7.201548748935306,7.200701191143588,5.049999999999983,-0.15083828212860872,-0.10563902663325031,-0.0008475577917179677
105.1,90.0,7.086171674448273,7.131842683176157,7.238029521049217,7.2371848885995185,5.099999999999994,-0.1518578466009446,-0.10618683787305994,-0.000844632449698679
105.14999999999999,90.0,7.121715409102285,7.167855031470463,7.274584491747366,7.273742813239621,5.1499999999999915,-0.15286908264508092,-0.10672946027690333,-0.0008416785077454136
105.19999999999999,90.0,7.1573414107351105,7.203946485251772,7.311213366324291,7.31037466995732,5.199999999999989,-0.15387195558918076,-0.10726688107251903,-0.0008386963669710923
105.24999999999999,90.0,7.193049418350797,7.240116762032203,7.347915850074868,7.34708016365414,5.249999999999986,-0.15486643172407089,-0.10779908804266469,-0.0008356864207277326
105.29999999999998,90.0,7.228839170008012,7.276365578786365,7.3846916483087,7.383858999253733,5.299999999999983,-0.15585247830068827,-0.10832606952233537,-0.0008326490549670496
105.35,90.0,7.264710402836922,7.312692651968535,7.421540466364221,7.420710881715704,5.349999999999994,-0.15683006352729922,-0.10884781439568592,-0.0008295846485175673
105.39999999999999,90.0,7.300662853056192,7.349097697529655,7.458462009622825,7.457635516049478,5.3999999999999915,-0.15779915656663324,-0.10936431209317021,-0.0008264935733475198
105.44999999999999,90.0,7.336696255989932,7.38558043093447,7.4954559835227625,7.494632607327805,5.449999999999989,-0.1587597275328303,-0.10987555258829218,-0.0008233761949574259
105.49999999999999,90.0,7.372810346084365,7.422140567178183,7.532522093572813,7.53170186070019,5.499999999999986,-0.15971174748844774,-0.1103815263946295,-0.0008202328726225616
105.54999999999998,90.0,7.409004856924892,7.458777820803475,7.5696600453660015,7.568842981406276,5.549999999999983,-0.16065518844110915,-0.11088222456252605,-0.0008170639597251395
105.6,90.0,7.445279521252782,7.495491905917117,7.606869544593166,7.606055674788974,5.599999999999994,-0.1615900233403842,-0.111377638676049,-0.0008138698041921799
105.64999999999999,90.0,7.48163407098194,7.532282536206535,7.644150297056059,7.64333964630749,5.6499999999999915,-0.16251622607411864,-0.11186776084952399,-0.0008106507485683423
105.69999999999999,90.0,7.518068237215776,7.569149424956506,7.6815020086809005,7.680694601550265,5.699999999999989,-0.16343377146512417,-0.1123525837243946,-0.0008074071306358732
105.74999999999999,90.0,7.554581750263755,7.606092285065436,7.718924385531182,7.71812024624764,5.749999999999986,-0.16434263526742754,-0.11283210046574599,-0.0008041392835425043
105.79999999999998,90.0,7.591174339658197,7.643110829061795,7.756417133820739,7.755616286284544,5.799999999999983,-0.16524279416254206,-0.11330630475894399,-0.0008008475361949152
105.85,90.0,7.627845734170914,7.68020476912034,7.793979959926563,7.793182427712968,5.849999999999994,-0.1661342257556493,-0.11377519080622367,-0.0007975322135953533
105.89999999999999,90.0,7.664595661829699,7.717373817078221,7.831612570401345,7.830818376764259,5.8999999999999915,-0.16701690857164575,-0.11423875332312328,-0.0007941936370858826
105.94999999999999,90.0,7.701423849935074,7.754617684451192,7.869314671986222,7.868523839861369,5.949999999999989,-0.1678908220511488,-0.1146969875350301,-0.0007908321248537575
105.99999999999999,90.0,7.7383300250766744,7.791936082449407,7.907085971622963,7.90629852363094,5.999999999999986,-0.16875594654628845,-0.11514988917355584,-0.0007874479920229049
106.04999999999998,90.0,7.775313913149787,7.829328721993413,7.944926176466387,7.944142134915179,6.049999999999983,-0.1696122633166004,-0.11559745447297409,-0.0007840415512081478
106.1,90.0,7.812375239371803,7.866795313729882,7.982834993896412,7.982054380783754,6.099999999999994,-0.17045975452460915,-0.11603968016652999,-0.0007806131126582017
106.14999999999999,90.0,7.849513728298561,7.904335568047184,8.020812131530013,8.02003496854538,6.1499999999999915,-0.17129840323145196,-0.11647656348282887,-0.0007771629846331507
106.19999999999999,90.0,7.886729103840755,7.941949195091124,8.058857297233114,8.058083605759403,6.199999999999989,-0.17212819339235885,-0.11690810214199043,-0.0007736914737108691
106.24999999999999,90.0,7.924021089280269,7.979635904780387,8.096970199132421,8.096200000247268,6.249999999999986,-0.17294910985215228,-0.1173342943520348,-0.0007701988851529507
106.29999999999998,90.0,7.961389407286315,8.017395406821715,8.135150545626823,8.134383860103695,6.299999999999983,-0.17376113834050777,-0.11775513880510857,-0.0007666855231285297
106.35,90.0,7.998833779931778,8.055227410725513,8.17339804539893,8.172634893707942,6.349999999999994,-0.17456426546715154,-0.11817063467341704,-0.00076315169098784
106.39999999999999,90.0,8.036353928709188,8.09313162582068,8.211712407426395,8.21095280973468,6.3999999999999915,-0.17535847871720733,-0.11858078160571495,-0.0007595976917151859
106.44999999999999,90.0,8.073949574547056,8.131107761269895,8.250093340993127,8.249337317165075,6.449999999999989,-0.17614376644607077,-0.11898557972323154,-0.0007560238280515108
106.49999999999999,90.0,8.111620437825803,8.169155526084547,8.288540555700276,8.287788125297489,6.499999999999986,-0.1769201178744737,-0.11938502961572972,-0.0007524304027874962
106.54999999999998,90.0,8.149366238393648,8.207274629139462,8.327053761477204,8.326304943758045,6.549999999999983,-0.17768752308355573,-0.11977913233774196,-0.000748817719159689
106.6,90.0,8.187186695582835,8.24546477918788,8.365632668592303,8.364887482511248,6.599999999999994,-0.17844597300946852,-0.12016788940442247,-0.0007451860810547828
106.64999999999999,90.0,8.225081528225203,8.283725684875892,8.404276987663586,8.403535451870392,6.6499999999999915,-0.17919545943838244,-0.12055130278769433,-0.0007415357931943589
106.69999999999999,90.0,8.263050454668221,8.322057054757124,8.44298642966924,8.442248562507732,6.699999999999989,-0.179935975001019,-0.12092937491211586,-0.0007378671615079213
106.74999999999999,90.0,8.3010931927907,8.360458597307105,8.481760705958028,8.481026525464753,6.749999999999986,-0.180667513167327,-0.12130210865092295,-0.0007341804932750051
106.79999999999998,90.0,8.33920946001847,8.398930020937666,8.520599528259634,8.519869052162122,6.799999999999983,-0.18139006824116422,-0.12166950732196824,-0.0007304760975124225
106.85,90.0,8.37739897334012,8.437471034011102,8.559502608694642,8.55877585440965,6.849999999999994,-0.18210363535452068,-0.12203157468353965,-0.0007267542849920261
106.89999999999999,90.0,8.415661449322386,8.476081344854308,8.59846965978467,8.597746644416002,6.8999999999999915,-0.18280821046228368,-0.12238831493036173,-0.0007230153686670349
106.94999999999999,90.0,8.45399660412592,8.514760661772767,8.637500394462235,8.63678113479847,6.949999999999989,-0.18350379033631548,-0.12273973268946747,-0.0007192596637644044
106.99999999999999,90.0,8.492404153520562,8.553508693064577,8.676594526080493,8.675879038592404,6.999999999999986,-0.18419037255993054,-0.12308583301591547,-0.0007154874880885842
107.04999999999998,90.0,8.530883812900885,8.592325147034067,8.715751768422836,8.715040069260782,7.049999999999983,-0.18486795552195012,-0.12342662138876825,-0.0007116991620534918
107.1,90.0,8.569435297301343,8.631209732005598,8.754971835712459,8.754263940703426,7.099999999999994,-0.18553653841111561,-0.12376210370686103,-0.0007078950090324554
107.14999999999999,90.0,8.608058321411646,8.670162156337113,8.794254442621662,8.793550367266162,7.1499999999999915,-0.18619612121001694,-0.12409228628454905,-0.0007040753555003221
107.19999999999999,90.0,8.646752599592,8.709182128433595,8.833599304281199,8.832899063750006,7.199999999999989,-0.18684670468919862,-0.12441717584760426,-0.0007002405311933302
107.24999999999999,90.0,8.685517845888086,8.748269356760446,8.873006136289254,8.872309745420088,7.249999999999986,-0.1874882904011681,-0.12473677952880813,-0.0006963908691659526
107.29999999999998,90.0,8.724353774046197,8.78742354985666,8.912474654720597,8.911782128014474,7.299999999999983,-0.18812088067440058,-0.1250511048639371,-0.0006925267061230755
107.35,90.0,8.763260097528274,8.82664441634812,8.952004576135401,8.951315927752928,7.349999999999994,-0.18874447860712706,-0.12536015978728088,-0.0006886483824732892
107.39999999999999,90.0,8.8022365295266,8.865931664960389,8.991595617587912,8.990910861345474,7.3999999999999915,-0.18935908806131252,-0.12566395262752295,-0.0006847562424372455
107.44999999999999,90.0,8.841282782978915,8.905285004531875,9.03124749663519,9.030566646000999,7.449999999999989,-0.1899647136562752,-0.12596249210331578,-0.0006808506341915432
107.49999999999999,90.0,8.88039857058306,8.944704144026433,9.07095993134565,9.070282999435596,7.499999999999986,-0.19056136076259023,-0.1262557873192165,-0.0006769319100534688
107.54999999999998,90.0,8.919583604811484,8.984188792546155,9.11073264030724,9.110059639880824,7.549999999999983,-0.1911490354957568,-0.12654384776108607,-0.0006730004264170475
107.6,90.0,8.95883759792617,9.023738659344003,9.150565342635991,9.14989628609193,7.599999999999994,-0.19172774470982112,-0.12682668329198776,-0.0006690565440603535
107.64999999999999,90.0,8.998160261993004,9.063353453836083,9.190457757983967,9.189792657355886,7.6499999999999915,-0.1922974959909638,-0.12710430414788476,-0.0006651006280815608
107.69999999999999,90.0,9.037551308896168,9.103032885614201,9.230409606547289,9.229748473499297,7.699999999999989,-0.19285829765112084,-0.12737672093308738,-0.0006611330479913136
107.74999999999999,90.0,9.077010450352692,9.142776664458035,9.270420609074161,9.269763454896324,7.749999999999986,-0.19341015872146983,-0.1276439446161266,-0.0006571541778370715
107.79999999999998,90.0,9.116537397926583,9.182584500347216,9.310490486872617,9.309837322476366,7.799999999999983,-0.19395308894603325,-0.1279059865254002,-0.0006531643962510714
107.85,90.0,9.156131863043194,9.22245610347344,9.350618961818153,9.349969797731717,7.849999999999994,-0.1944870987749585,-0.1281628583447123,-0.0006491640864361159
107.89999999999999,90.0,9.19579355700324,9.262391184252273,9.390805756361269,9.390160602724995,7.8999999999999915,-0.19501219935802894,-0.12841457210899598,-0.0006451536362739319
107.94999999999999,90.0,9.235522190996978,9.302389453335026,9.431050593535003,9.430409460096673,7.949999999999989,-0.1955284025380255,-0.1286611401999771,-0.000641133438330499
107.99999999999999,90.0,9.275317476118024,9.342450621620415,9.47135319696218,9.470716093072328,7.999999999999986,-0.1960357208441561,-0.1289025753417654,-0.0006371038898524972
108.04999999999998,90.0,9.315179123377458,9.382574400266074,9.51171329086261,9.511080225469792,8.049999999999983,-0.19653416748515262,-0.12913889059653627,-0.0006330653928188212
108.1,90.0,9.355106843717465,9.422760500700141,9.552130600060298,9.551501581706333,8.099999999999994,-0.19702375634283342,-0.1293700993601572,-0.0006290183539654493
108.14999999999999,90.0,9.395100348025084,9.46300863463237,9.59260484999021,9.59197988680554,8.149999999999991,-0.1975045019651258,-0.12959621535783938,-0.0006249631846699799
108.19999999999999,90.0,9.435159347145946,9.503318514065642,9.633135766705385,9.632514866404314,8.199999999999989,-0.19797641955943845,-0.12981725263974297,-0.0006209003010706482
108.24999999999999,90.0,9.475283551897773,9.543689851306853,9.673723076883523,9.673106246759563,8.249999999999986,-0.19843952498574957,-0.1300332255766694,-0.000616830123959744
108.29999999999998,90.0,9.515472673083815,9.58412235897808,9.71436650783369,9.713753754754917,8.299999999999983,-0.19889383474987454,-0.13024414885560986,-0.000612753078772954
108.35,90.0,9.55572642150628,9.624615750027273,9.755065787502918,9.754457117907329,8.349999999999994,-0.1993393659966376,-0.13045003747564543,-0.0006086695955893617
108.39999999999999,90.0,9.596044507979647,9.665169737739282,9.795820644482415,9.795216064373408,8.399999999999991,-0.19977613650276815,-0.13065090674313318,-0.0006045801090071024
108.44999999999999,90.0,9.636426643343817,9.70578403574628,9.836630808014203,9.836030322955992,8.449999999999989,-0.20020416467038515,-0.13084677226792252,-0.0006004850582108645
108.49999999999999,90.0,9.676872538477298,9.746458358038538,9.877496007997031,9.87689962311029,8.499999999999986,-0.20062346951973353,-0.13103764995849332,-0.0005963848867409638
108.54999999999998,90.0,9.717381904310173,9.787192418974612,9.918415974992596,9.917823694950028,8.549999999999983,-0.2010340706824234,-0.13122355601798397,-0.0005922800425679497
108.6,90.0,9.7579544518371,9.827985933291938,9.95939044023161,9.958802269253598,8.599999999999994,-0.20143598839450938,-0.13140450693967232,-0.0005881709780126698
108.64999999999999,90.0,9.798589892130154,9.868838616116832,10.000419135619548,9.999835077470035,8.649999999999991,-0.20182924348939402,-0.131580519502716,-0.0005840581495135666
108.69999999999999,90.0,9.83928793635157,9.909750182974651,10.04150179374248,10.04092185172473,8.699999999999989,-0.2022138573909107,-0.1317516107678287,-0.0005799420177492465
108.74999999999999,90.0,9.880048295766349,9.950720349799857,10.082638147872817,10.082062324825452,8.749999999999986,-0.20258985210646863,-0.13191779807296022,-0.0005758230473649206
108.79999999999998,90.0,9.920870681755073,9.991748832945824,10.123827931974734,10.123256230267803,8.799999999999983,-0.2029572502196615,-0.13207909902891046,-0.0005717017069315489
108.85,90.0,9.96175480582612,10.032835349194599,10.165070880709854,10.164503302240906,8.849999999999994,-0.20331607488373393,-0.13223553151525458,-0.000567578468947616
108.89999999999999,90.0,10.002700379628122,10.073979615766497,10.206366729442298,10.205803275632835,8.899999999999991,-0.20366634981417597,-0.1323871136758008,-0.0005634538094625441
108.94999999999999,90.0,10.043707114962446,10.115181350329836,10.247715214244302,10.24715588603604,8.949999999999989,-0.2040080992818556,-0.13253386391446575,-0.0005593282082614337
108.99999999999999,90.0,10.084774723795116,10.156440271010082,10.28911607190113,10.288560869752656,8.999999999999986,-0.20434134810601456,-0.13267580089104847,-0.0005552021484742653
109.04999999999998,90.0,10.125902918269254,10.197756096399507,10.330569039916249,10.330017963799603,9.049999999999983,-0.20466612164699427,-0.13281294351674156,-0.0005510761166451772
109.1,90.0,10.167091410716813,10.239128545566063,10.372073856516254,10.37152690591377,9.099999999999994,-0.20498244579944114,-0.13294531095019124,-0.0005469506024837756
109.14999999999999,90.0,10.20833991367063,10.280557338062629,10.413630260655736,10.41308743455697,9.149999999999991,-0.20529034698510706,-0.133072922593108,-0.0005428260987656586
109.19999999999999,90.0,10.249648139876259,10.322042193936044,10.455237992022019,10.45469928892091,9.199999999999989,-0.20558985214575998,-0.13319579808597481,-0.0005387031011085952
109.24999999999999,90.0,10.29101580230365,10.363582833735851,10.496896791039875,10.496362208931952,9.249999999999986,-0.20588098873622407,-0.13331395730402384,-0.0005345821079227875
109.29999999999998,90.0,10.332442614158968,10.405178978523223,10.538606398876109,10.538075935255865,9.299999999999983,-0.20616378471714114,-0.13342742035288602,-0.0005304636202438928
109.35,90.0,10.373928288895783,10.446830349879443,10.580366557443991,10.579840209302478,9.349999999999994,-0.20643826854820801,-0.1335362075645481,-0.0005263481415127558
109.39999999999999,90.0,10.415472540226888,10.488536669914513,10.62217700940759,10.621654773230139,9.399999999999991,-0.20670446918070162,-0.13364033949307697,-0.0005222361774510631
109.44999999999999,90.0,10.457075082135447,10.530297661275645,10.664037498186188,10.663519369950308,9.449999999999989,-0.20696241605074128,-0.13373983691054292,-0.0005181282358801553
109.49999999999999,90.0,10.498735628886246,10.572113047155533,10.70594776795835,10.705433743131787,9.499999999999986,-0.20721213907210334,-0.13383472080281678,-0.000514024826562931
109.54999999999998,90.0,10.540453895036983,10.61398255130057,10.747907563666104,10.747397637205097,9.549999999999983,-0.20745366862912107,-0.133925012365534,-0.0005099264610066712
109.6,90.0,10.582229595449139,10.655905898018917,10.789916631018894,10.789410797366555,9.599999999999994,-0.2076870355697551,-0.13401073299997712,-0.0005058336523386942
109.64999999999999,90.0,10.624062445299082,10.697882812188572,10.831974716497504,10.83147296958247,9.649999999999991,-0.20791227119842226,-0.13409190430893148,-0.0005017469150345732
109.69999999999999,90.0,10.665952160088892,10.73991301926528,10.874081567357996,10.873583900593102,9.699999999999989,-0.20812940726910334,-0.13416854809271506,-0.0004976667648932676
109.74999999999999,90.0,10.707898455657062,10.781996245290166,10.916236931635185,10.915743337916554,9.749999999999986,-0.20833847597812216,-0.1342406863450183,-0.0004935937186303363
109.79999999999998,90.0,10.749901048189317,10.824132216897551,10.958440558146606,10.957951029852685,9.799999999999983,-0.20853950995728887,-0.13430834124905466,-0.0004895282939205714
109.85,90.0,10.791959654228899,10.866320661322524,11.000692196495784,11.000206725486782,9.849999999999994,-0.2087325422668851,-0.13437153517326017,-0.0004854710090018699
109.89999999999999,90.0,10.834073990687378,10.908561306408288,11.0429915970759,11.042510174693238,9.899999999999991,-0.20891760638852297,-0.1344302906676127,-0.00048142238266279946
109.94999999999999,90.0,10.876243774854755,10.950853880613636,11.085338511073063,11.084861128139167,9.949999999999989,-0.20909473621830799,-0.13448463045942738,-0.0004773829338962088
109.99999999999999,90.0,10.918468724409836,10.993198113020124,11.127732690469703,11.127259337287821,9.999999999999986,-0.20926396605986675,-0.1345345774495783,-0.000473353181881464
110.04999999999998,90.0,10.960748557430444,11.03559373333922,11.170173888047698,11.169704554402077,10.049999999999983,-0.209425330617254,-0.13458015470847862,-0.00046933364562029567
110.1,90.0,11.003082992403414,11.078040471919493,11.212661857391536,11.21219653254773,10.099999999999994,-0.2095788649881225,-0.13462138547204283,-0.0004653248438053481
110.14999999999999,90.0,11.045471748234533,11.120538059753189,11.255196352891307,11.254735025596663,10.149999999999991,-0.209724604656774,-0.13465829313811817,-0.0004613272946443203
110.19999999999999,90.0,11.087914544258494,11.163086228483523,11.297777129745814,11.297319788230103,10.199999999999989,-0.20986258548732017,-0.13469090126229055,-0.0004573415157107519
110.24999999999999,90.0,11.130411100248622,11.205684710411022,11.340403943965239,11.3399505759417,10.249999999999986,-0.2099928437166163,-0.13471923355421644,-0.0004533680235390136
110.29999999999998,90.0,11.172961136426569,11.248333238500383,11.383076552374114,11.382627145040386,10.299999999999983,-0.2101154159475449,-0.13474331387373084,-0.0004494073337273363
110.35,90.0,11.215564373471892,11.291031546386902,11.425794712613978,11.425349252653477,10.349999999999994,-0.2102303391420861,-0.13476316622707607,-0.0004454599605008269
110.39999999999999,90.0,11.258220532531373,11.33377936838285,11.46855818314593,11.468116656729327,10.399999999999991,-0.2103376506145569,-0.13477881476308085,-0.00044152641660311076
110.44999999999999,90.0,11.300929335228654,11.376576439483902,11.511366723253333,11.510929116040225,10.449999999999989,-0.2104373880246797,-0.1347902837694317,-0.00043760721310803774
110.49999999999999,90.0,11.343690503673244,11.419422495375267,11.554220093044185,11.553786390184975,10.499999999999986,-0.21052958937094068,-0.13479759766891775,-0.00043370285921007223
110.54999999999998,90.0,11.386503760469939,11.462317272437824,11.597118053453617,11.596688239591568,10.549999999999983,-0.21061429298367784,-0.13480078101579274,-0.00042981386204843375
110.6,90.0,11.429368828727599,11.505260507754107,11.640060366246033,11.639634425519574,10.599999999999994,-0.21069153751843395,-0.13479985849192566,-0.00042594072645840697
110.64999999999999,90.0,11.47228543206837,11.548251939114307,11.683046794017553,11.68262471006274,10.649999999999991,-0.21076136194918327,-0.13479485490324628,-0.000422083954813246
110.69999999999999,90.0,11.515253294636404,11.591291305022018,11.726077100198134,11.72565885615127,10.699999999999989,-0.21082380556173064,-0.134785795176116,-0.0004182440468643023
110.74999999999999,90.0,11.558272141106682,11.63437834469983,11.769151049053546,11.768736627554071,10.749999999999986,-0.2108789079468636,-0.13477270435371658,-0.00041442149947457096
110.79999999999998,90.0,11.601341696693696,11.677512798095274,11.812268405687584,11.811857788881085,10.799999999999983,-0.2109267089938882,-0.13475560759231087,-0.00041061680649967514
110.85,90.0,11.644461687159978,11.720694405885977,11.855428936043864,11.855022105585316,10.849999999999994,-0.21096724888388607,-0.13473453015788728,-0.00040683045854805755
110.89999999999999,90.0,11.687631838824522,11.76392290948527,11.898632406907762,11.898229343964932,10.899999999999991,-0.21100056808323941,-0.1347094974224916,-0.00040306294282999033
110.94999999999999,90.0,11.730851878571261,11.807198051047516,11.941878585908228,11.941479271165278,10.949999999999989,-0.21102670733696627,-0.13468053486071163,-0.00039931474294974123
110.99999999999999,90.0,11.774121533857244,11.850519573473278,11.985167241519452,11.984771655180747,10.999999999999986,-0.21104570766220832,-0.13464766804617412,-0.0003955863387048453
111.04999999999998,90.0,11.81744053272086,11.893887220414467,12.028498143062674,12.028106264856687,11.049999999999983,-0.21105761034181292,-0.13461092264820707,-0.0003918782059866288
111.1,90.0,11.860808603789826,11.937300736279374,12.071871060707602,12.071482869891092,11.099999999999994,-0.2110624569177766,-0.13457032442822836,-0.00038819081651020326
111.14999999999999,90.0,11.904225476289268,11.980759866237603,12.115285765474042,12.114901240836334,11.149999999999991,-0.2110602891847737,-0.1345258992364382,-0.0003845246377078837
111.19999999999999,90.0,11.947690880049379,12.024264356224874,12.158742029233272,12.158361149100843,11.199999999999989,-0.21105114918389312,-0.13447767300839786,-0.00038088013242898455
111.24999999999999,90.0,11.99120454551348,12.067813952947908,12.202239624709554,12.201862366950586,11.249999999999986,-0.21103507919607445,-0.13442567176164566,-0.0003772577589682413
111.29999999999998,90.0,12.034766203745445,12.111408403888957,12.245778325481375,12.245404667510636,11.299999999999983,-0.21101212173592998,-0.1343699215924179,-0.0003736579707389609
111.35,90.0,12.07837558643739,12.155047457310365,12.289357905982728,12.288987824766522,11.349999999999994,-0.2109823195453373,-0.13431044867236253,-0.00037008121620552004
111.39999999999999,90.0,12.122032425916984,12.198730862259117,12.332978141504169,12.332611613565598,11.399999999999991,-0.21094571558718478,-0.1342472792450522,-0.0003665279385707265
111.44999999999999,90.0,12.165736455155109,12.242458368571127,12.376638808194175,12.37627580961836,11.449999999999989,-0.21090235303906546,-0.13418043962304793,-0.00036299857581489903
111.49999999999999,90.0,12.209487407772816,12.286229726875652,12.420339683060092,12.419980189499652,11.499999999999986,-0.21085227528727657,-0.13410995618444055,-0.00035949356044007175
111.54999999999998,90.0,12.25328501804873,12.330044688599333,12.46408054396905,12.463724530649817,11.549999999999983,-0.2107955259203198,-0.13403585536971718,-0.0003560133192337389
111.6,90.0,12.297129020925938,12.373903005970435,12.50786116964902,12.50750861137572,11.599999999999994,-0.210732148723082,-0.13395816367858515,-0.00035255827330082923
111.64999999999999,90.0,12.3410191520191,12.417804432022766,12.55168133968966,12.551332210851886,11.649999999999991,-0.21066218767055922,-0.13387690766689353,-0.0003491288377741597
111.69999999999999,90.0,12.384955147621268,12.461748720599678,12.595540834543113,12.595195109121375,11.699999999999989,-0.21058568692184565,-0.1337921139434357,-0.0003457254217380523
111.74999999999999,90.0,12.428936744710622,12.505735626357836,12.639439435524652,12.639097087096651,11.749999999999986,-0.21050269081402995,-0.1337038091668159,-0.0003423484280009603
111.79999999999998,90.0,12.472963680957298,12.549764904771024,12.683376924813638,12.683037926560507,11.799999999999983,-0.21041324385634042,-0.13361202004261408,-0.0003389982531309954
111.85,90.0,12.517035694729827,12.593836312133867,12.727353085453874,12.727017410166773,11.849999999999994,-0.21031739072404676,-0.13351677332000733,-0.0003356752871006563
111.89999999999999,90.0,12.56115252510159,12.637949605565197,12.771367701354336,12.771035321440964,11.899999999999991,-0.21021517625274555,-0.1334180957891391,-0.00033237991337209394
111.94999999999999,90.0,12.605313911857348,12.682104543011762,12.81542055728961,12.815091444781013,11.949999999999989,-0.21010664543226198,-0.13331601427784712,-0.0003291125085969071
111.99999999999999,90.0,12.649519595499493,12.726300883251573,12.859511438900459,12.85918556545783,11.999999999999986,-0.20999184340096555,-0.13321055564888518,-0.000325873442628577
112.04999999999998,90.0,12.693769317254125,12.77053838589714,12.903640132694083,12.903317469615793,12.049999999999983,-0.20987081543995778,-0.13310174679694242,-0.00032266307828976437
112.1,90.0,12.73806281907735,12.814816811398856,12.94780642604459,12.947486944273251,12.099999999999994,-0.20974360696724048,-0.13298961464573367,-0.00031948177133855893
112.14999999999999,90.0,12.78239984366104,12.859135921047955,12.992010107193169,12.991693777322839,12.149999999999991,-0.20961026353212908,-0.13287418614521407,-0.0003163298703299233
112.19999999999999,90.0,12.826780134439018,12.903495476979774,13.036250965248465,13.03593775753194,12.199999999999989,-0.2094708308094475,-0.13275548826869077,-0.00031320771652509904
112.24999999999999,90.0,12.871203435592635,12.947895242176642,13.080528790186623,13.080218674542888,12.249999999999986,-0.2093253545939877,-0.13263354800998073,-0.000310115643735287
112.29999999999998,90.0,12.915669492056606,12.992334980470824,13.12484337285152,13.124536318873254,12.299999999999983,-0.20917388079491417,-0.13250839238069645,-0.00030705397826658043
112.35,90.0,12.960178049524604,13.036814456547285,13.169194504954794,13.16889048191598,12.349999999999994,-0.20901645543018965,-0.1323800484075086,-0.00030402303881338355
112.39999999999999,90.0,13.00472885445476,13.081333435946473,13.213581979075894,13.213280955939439,12.399999999999991,-0.20885312462113426,-0.13224854312942114,-0.0003010231364548588
112.44999999999999,90.0,13.04932165407518,13.125891685066984,13.258005588662012,13.257707534087627,12.449999999999989,-0.20868393458683165,-0.1321139035950285,-0.00029805457438492056
112.49999999999999,90.0,13.093956196389172,13.170488971168227,13.302465128028018,13.302170010380078,12.499999999999986,-0.2085089316388462,-0.1319761568597908,-0.000295117647940657
112.54999999999998,90.0,13.138632230180642,13.215125062372714,13.346960392356456,13.346668179711868,12.549999999999983,-0.20832816217581396,-0.13183532998374226,-0.000292212644588119
112.6,90.0,13.183349505019018,13.259799727668737,13.391491177697128,13.391201837853451,12.599999999999994,-0.20814167267811,-0.13169145002839144,-0.00028933984367718324
112.64999999999999,90.0,13.228107771264579,13.3045127369125,13.43605728096708,13.435770781450552,12.649999999999991,-0.2079495097025017,-0.13154454405458083,-0.0002864995165285933
112.69999999999999,90.0,13.272906780073235,13.349263860830582,13.48065849995019,13.480374808023944,12.699999999999989,-0.2077517198769545,-0.13139463911960725,-0.0002836919262456661
112.74999999999999,90.0,13.317746283401515,13.394052871021994,13.525294633297046,13.525013715969225,12.749999999999986,-0.2075483498955304,-0.13124176227505124,-0.0002809173278208732
112.79999999999998,90.0,13.362626034011216,13.438879539960343,13.569965480524266,13.56968730455642,12.799999999999983,-0.2073394465130498,-0.13108594056392242,-0.0002781759678462947
112.85,90.0,13.407545785474225,13.483743640995892,13.614670842014368,13.614395373929757,12.849999999999994,-0.2071250565401428,-0.13092720101847632,-0.0002754680846113189
112.89999999999998,90.0,13.452505292177133,13.52864494835754,13.659410519015188,13.65913772510713,12.899999999999977,-0.2069052268380549,-0.1307655706576476,-0.0002727939080582331
112.94999999999999,90.0,13.497504309325675,13.573583237154734,13.704184313639393,13.703914159979751,12.949999999999989,-0.2066800043137178,-0.13060107648465902,-0.00027015365964189186
112.99999999999999,90.0,13.542542592949111,13.618558283379162,13.748992028863912,13.748724481311491,12.999999999999986,-0.20644943591480036,-0.1304337454847495,-0.0002675475524203108
113.04999999999998,90.0,13.587619899904686,13.663569863906657,13.793833468529337,13.793568492738528,13.049999999999983,-0.20621356862465134,-0.13026360462268016,-0.0002649757908095296
113.1,90.0,13.632735987881793,13.708617756498846,13.838708437339447,13.838445998768611,13.099999999999994,-0.20597244945765425,-0.13009068084060083,-0.00026243857083585453
113.14999999999998,90.0,13.677890615406158,13.753701739804692,13.883616740860173,13.883356804780384,13.149999999999977,-0.20572612545401547,-0.12991500105548148,-0.000259936079789469
113.19999999999999,90.0,13.723083541843913,13.798821593362128,13.928558185519346,13.928300717022879,13.199999999999989,-0.20547464367543355,-0.12973659215721867,-0.00025746849646779424
113.24999999999999,90.0,13.768314527405549,13.843977097599382,13.973532578605488,13.9732775426145,13.249999999999986,-0.20521805119993886,-0.12955548100610592,-0.00025503599098719576
113.29999999999998,90.0,13.813583333149795,13.889168033836555,14.018539728267335,14.018287089542515,13.299999999999983,-0.2049563951175397,-0.12937169443078034,-0.0002526387248202866
113.35,90.0,13.858889720987515,13.934394184286818,14.06357944351283,14.063329166662037,13.349999999999994,-0.20468972252531614,-0.12918525922601276,-0.0002502768507941511
113.39999999999998,90.0,13.904233453685258,13.979655332057677,14.108651534208201,14.108403583695196,13.399999999999977,-0.2044180805229434,-0.12899620215052465,-0.00024795051300507964
113.44999999999999,90.0,13.949614294869127,14.024951261152298,14.153755811077348,14.153510151230359,13.449999999999989,-0.20414151620822096,-0.12880454992505008,-0.00024565984698909915
113.49999999999999,90.0,13.995032009028069,14.070281756470381,14.198892085700352,14.198648680720924,13.499999999999986,-0.20386007667228334,-0.1286103292299714,-0.00024340497942887396
113.54999999999998,90.0,14.040486361517516,14.115646603809557,14.24406017051299,14.243818984484548,13.549999999999983,-0.20357380899547373,-0.12841356670343274,-0.00024118602844147574
113.6,90.0,14.085977118562806,14.161045589866093,14.289259878805433,14.289020875702008,13.599999999999994,-0.2032827602426277,-0.12821428893933984,-0.00023900310342561681
113.64999999999998,90.0,14.131504047262162,14.206478502235914,14.33449102472114,14.334254168416065,13.649999999999977,-0.20298697745897876,-0.12801252248522665,-0.00023685630507586097
113.69999999999999,90.0,14.177066915590299,14.251945129415558,14.379753423255943,14.379518677530491,13.699999999999989,-0.20268650766564456,-0.12780829384038483,-0.00023474572545190142
113.74999999999999,90.0,14.222665492401317,14.297445260802869,14.425046890256747,14.424814218808784,13.749999999999986,-0.2023813978554294,-0.12760162945387776,-0.00023267144796257355
113.79999999999998,90.0,14.268299547431775,14.342978686697714,14.470371242420368,14.470140608873006,13.799999999999983,-0.202071694988593,-0.12739255572265407,-0.00023063354736230224
113.85,90.0,14.313968851303704,14.38854519830283,14.515726297292373,14.515497665202572,13.849999999999994,-0.20175744598866885,-0.1271810989895421,-0.00022863208980083982
113.89999999999998,90.0,14.35967317552743,14.434144587724171,14.56111187326576,14.56088520613295,13.899999999999977,-0.20143869773833067,-0.1269672855415891,-0.00022666713281083162
113.94999999999999,90.0,14.40541229250444,14.479776647971788,14.606527789579792,14.606303050854368,13.949999999999989,-0.20111549707535126,-0.12675114160800405,-0.0002247387254232791
113.99999999999999,90.0,14.451185975529988,14.52544117295996,14.651973866318464,14.651751019410417,13.999999999999986,-0.20078789078847592,-0.12653269335850403,-0.00022284690804674767
114.04999999999998,90.0,14.49699399879587,14.57113795750795,14.697449924409458,14.697228932696724,14.049999999999983,-0.20045592561358738,-0.1263119669015076,-0.00022099171273382012
114.1,90.0,14.542836137392891,14.616866797340126,14.742955785622394,14.742736612459511,14.099999999999994,-0.2001196482295029,-0.12608898828226778,-0.00021917316288266875
114.14999999999998,90.0,14.588712167313325,14.662627489086434,14.788491272567775,14.788273881294113,14.149999999999977,-0.19977910525444997,-0.12586378348134097,-0.0002173912736616046
114.19999999999999,90.0,14.634621865453486,14.708419830282642,14.834056208695356,14.833840562643594,14.199999999999989,-0.1994343432418706,-0.12563637841271458,-0.0002156460517621639
114.24999999999999,90.0,14.680565009615725,14.754243619370426,14.87965041829255,14.879436480797072,14.249999999999986,-0.1990854086768259,-0.1254067989221248,-0.00021393749547904406
114.29999999999998,90.0,14.726541378510998,14.800098655697555,14.925273726483217,14.925061460888205,14.299999999999983,-0.19873234797221961,-0.12517507078566226,-0.00021226559501208442
114.34999999999998,90.0,14.772550751760875,14.84598473951815,14.970925959225932,14.970715328893748,14.34999999999998,-0.1983752074650571,-0.12494121970778238,-0.00021063033218382543
114.39999999999998,90.0,14.818592909899651,14.891901671992356,15.016606943312407,15.016397911631747,14.399999999999977,-0.1980140334127558,-0.12470527132005138,-0.00020903168065977695
114.44999999999999,90.0,14.864667634376383,14.937849255186698,15.062316506366034,15.062109036759981,14.449999999999989,-0.1976488719896512,-0.1244672511793361,-0.0002074696060532233
114.49999999999999,90.0,14.910774707556717,14.98382729207373,15.108054476840103,15.107848532774245,14.499999999999986,-0.19727976928338542,-0.12422718476637229,-0.00020594406585772163
114.54999999999998,90.0,14.956913912724943,15.029835586531991,15.153820684016251,15.153616229006628,14.549999999999983,-0.1969067712913084,-0.12398509748426001,-0.00020445500962296137
114.59999999999998,90.0,15.003085034085641,15.075873943345863,15.199614958002792,15.199411955623885,14.59999999999998,-0.19652992391715074,-0.12374101465692888,-0.0002030023789068025
114.64999999999998,90.0,15.049287856765467,15.121942168205257,15.245437129732945,15.24523554362545,14.649999999999977,-0.19614927296747808,-0.12349496152768857,-0.00020158610749554384
114.69999999999999,90.0,15.095522166814703,15.168040067705322,15.291287030963147,15.29108682484185,14.699999999999989,-0.19576486414844396,-0.12324696325782547,-0.0002002061212973416
114.74999999999999,90.0,15.141787751208946,15.21416744934619,15.337164494271319,15.336965631932767,14.749999999999986,-0.19537674306237207,-0.12299704492512831,-0.00019886233855181956
114.79999999999998,90.0,15.188084397850469,15.260324121532461,15.383069353054976,15.382871798385134,14.799999999999983,-0.19498495520450732,-0.12274523152251504,-0.00019755466984250347
114.84999999999998,90.0,15.234411895569792,15.306509893572816,15.429001441529604,15.428805158511366,14.84999999999998,-0.19458954595981126,-0.12249154795678763,-0.00019628301823715333
114.89999999999998,90.0,15.280770034126952,15.35272457567952,15.474960594726651,15.474765547447415,14.899999999999977,-0.19419056059969897,-0.122236019047131,-0.00019504727923624898
114.94999999999999,90.0,15.327158604212777,15.398967978967883,15.520946648491764,15.52075280115081,14.949999999999989,-0.19378804427898721,-0.12197866952388026,-0.00019384734095417855
114.99999999999999,90.0,15.373577397450038,15.445239915455614,15.56695943948288,15.566766756398593,14.999999999999986,-0.19338204203284093,-0.12171952402726482,-0.00019268308428621594
