symbol,origin_date,target_date,target_split,candidate,calendar_gap_days,origin_v0_slow,origin_v0_fast,forecast_v0_slow,forecast_v0_fast,state_fit_information_cutoff,origin_clean_quotes,optimizer_evaluations
ADANIENSOL,2026-01-29,2026-01-30,validation,full_start_1,1,0.04588479089451417,0.0848218009790383,0.04876867351679895,0.08800340580008544,2026-01-29,18,7
ADANIENSOL,2026-01-29,2026-01-30,validation,full_start_2,1,0.028770371412706868,0.09607222886746929,0.03049806500048205,0.1005781055474167,2026-01-29,18,16
ADANIENSOL,2026-01-29,2026-01-30,validation,full_start_3,1,0.046030645878672574,0.08465214604092906,0.04891732674630972,0.0878346796052791,2026-01-29,18,13
ADANIENSOL,2026-01-29,2026-01-30,validation,training_half_a,1,0.039824595734630416,0.07354941443355145,0.043889536095535475,0.07712404676785609,2026-01-29,18,12
ADANIENSOL,2026-01-29,2026-01-30,validation,training_half_b,1,0.029001289280551356,0.09125269453660816,0.030240003969045734,0.09646011464613058,2026-01-29,18,7
ADANIENSOL,2026-02-02,2026-02-03,validation,full_start_1,1,0.04835297659189391,0.062157879019581704,0.05120361258118719,0.06594663087683864,2026-02-02,17,6
ADANIENSOL,2026-02-02,2026-02-03,validation,full_start_2,1,0.010907756179127714,0.09787795519213947,0.012878109336299126,0.10234527931101975,2026-02-02,17,8
ADANIENSOL,2026-02-02,2026-02-03,validation,full_start_3,1,0.048471565920766756,0.06201828076049739,0.05132528750036616,0.0658075199494835,2026-02-02,17,6
ADANIENSOL,2026-02-02,2026-02-03,validation,training_half_a,1,0.04246542915925495,0.05374524354576126,0.046496184816886,0.057850723655881425,2026-02-02,17,7
ADANIENSOL,2026-02-02,2026-02-03,validation,training_half_b,1,0.010525037296624223,0.09440410861668305,0.012014721713858284,0.09956717417423966,2026-02-02,17,16
ADANIENSOL,2026-02-03,2026-02-04,validation,full_start_1,1,0.03307050993797787,0.07234651498015306,0.036127001815905,0.07586232201622908,2026-02-03,22,12
ADANIENSOL,2026-02-03,2026-02-04,validation,full_start_2,1,0.03943838996625062,0.06159633019927784,0.041021160945848734,0.06683827312059934,2026-02-03,22,18
ADANIENSOL,2026-02-03,2026-02-04,validation,full_start_3,1,0.03318403669001614,0.07220553684205534,0.03624418292532422,0.0757217044417344,2026-02-03,22,15
ADANIENSOL,2026-02-03,2026-02-04,validation,training_half_a,1,0.028550256249664244,0.06312037745078326,0.03276113915518791,0.06697455852851009,2026-02-03,22,13
ADANIENSOL,2026-02-03,2026-02-04,validation,training_half_b,1,0.03560613357547476,0.06579856388482895,0.03675513223376416,0.07136423795021152,2026-02-03,22,17
ADANIENSOL,2026-02-04,2026-02-05,validation,full_start_1,1,0.038356938232897056,0.06347288483168044,0.04134222155405165,0.06722640881077743,2026-02-04,19,8
ADANIENSOL,2026-02-04,2026-02-05,validation,full_start_2,1,0.025067471167822965,0.07365065148588763,0.02684546781409161,0.07863523261811856,2026-02-04,19,8
ADANIENSOL,2026-02-04,2026-02-05,validation,full_start_3,1,0.03847307751560122,0.06333418088777576,0.04146180681917555,0.06708814709095995,2026-02-04,19,14
ADANIENSOL,2026-02-04,2026-02-05,validation,training_half_a,1,0.034250697574917534,0.05470769345312263,0.03838779017870636,0.05878737524047778,2026-02-04,19,9
ADANIENSOL,2026-02-04,2026-02-05,validation,training_half_b,1,0.02562430789767378,0.07168478730527351,0.02690889336679818,0.07716761576676173,2026-02-04,19,11
ADANIENSOL,2026-02-05,2026-02-06,validation,full_start_1,1,0.029678644972479108,0.06426220584764532,0.032780825507375766,0.06799458459352456,2026-02-05,19,12
ADANIENSOL,2026-02-05,2026-02-06,validation,full_start_2,1,0.04564476593957489,0.041572434193408954,0.04714322471172161,0.047241890665937813,2026-02-05,19,7
ADANIENSOL,2026-02-05,2026-02-06,validation,full_start_3,1,0.02979559750465371,0.0641229242327256,0.03290149720225585,0.06785574800098557,2026-02-05,19,7
ADANIENSOL,2026-02-05,2026-02-06,validation,training_half_a,1,0.026372485194614617,0.05549400890208367,0.030611558616291723,0.05955261362392897,2026-02-05,19,13
ADANIENSOL,2026-02-05,2026-02-06,validation,training_half_b,1,0.050645500431562594,0.037174160875603025,0.05159021383635075,0.04314270886948379,2026-02-05,19,16
ADANIENSOL,2026-02-06,2026-02-09,validation,full_start_1,3,0.028125727281692103,0.05821048935549937,0.03736938421819036,0.06958379052955138,2026-02-06,25,16
ADANIENSOL,2026-02-06,2026-02-09,validation,full_start_2,3,0.03138396571905012,0.051778619441746894,0.03639187952563121,0.06778658781436109,2026-02-06,25,17
ADANIENSOL,2026-02-06,2026-02-09,validation,full_start_3,3,0.02822888221213992,0.05808532675256716,0.03748394452979972,0.0694589219177558,2026-02-06,25,7
ADANIENSOL,2026-02-06,2026-02-09,validation,training_half_a,3,0.0241758117123451,0.050717967242721866,0.03681332825986,0.06294418710533828,2026-02-06,25,11
ADANIENSOL,2026-02-06,2026-02-09,validation,training_half_b,3,0.031087766363116314,0.05212287643671435,0.0346697867566015,0.06915534512101812,2026-02-06,25,9
ADANIENSOL,2026-02-16,2026-02-17,validation,full_start_1,1,0.06380459234332364,0.07394129493267848,0.06644709399387624,0.0774143791812637,2026-02-16,14,14
ADANIENSOL,2026-02-16,2026-02-17,validation,full_start_2,1,0.013730261595053233,0.12320498411836427,0.01566227165744874,0.12713157190528349,2026-02-16,14,8
ADANIENSOL,2026-02-16,2026-02-17,validation,full_start_3,1,0.06392656953287514,0.0738161669612137,0.06657160508143237,0.07728916127429789,2026-02-16,14,6
ADANIENSOL,2026-02-16,2026-02-17,validation,training_half_a,1,0.0653562007610832,0.06783281195018254,0.06909064305505247,0.07156067694091656,2026-02-16,14,7
ADANIENSOL,2026-02-16,2026-02-17,validation,training_half_b,1,0.013559659320773484,0.12167412853971016,0.015008123350512784,0.12645338242255433,2026-02-16,14,7
ADANIENSOL,2026-02-26,2026-02-27,validation,full_start_1,1,0.0059588877604390255,0.02412704588666421,0.009380575074551367,0.028934611154174922,2026-02-26,14,6
ADANIENSOL,2026-02-26,2026-02-27,validation,full_start_2,1,0.009953084790054242,0.01555875872665052,0.01193640694113604,0.021783611550393545,2026-02-26,14,7
ADANIENSOL,2026-02-26,2026-02-27,validation,full_start_3,1,0.00603215339451605,0.024005618531973343,0.009458926445480076,0.028813795303899575,2026-02-26,14,6
ADANIENSOL,2026-02-26,2026-02-27,validation,training_half_a,1,0.0007000090496265587,0.006281351770571603,0.005271404067638208,0.011659094250228402,2026-02-26,14,8
ADANIENSOL,2026-02-26,2026-02-27,validation,training_half_b,1,0.01837983255538723,0.007621659446460141,0.019762822398574978,0.01400614388253918,2026-02-26,14,7
ADANIENSOL,2026-03-02,2026-03-04,validation,full_start_1,2,0.02362841200019684,0.05726305045079457,0.029952882829185207,0.064997800458659,2026-03-02,13,6
ADANIENSOL,2026-03-02,2026-03-04,validation,full_start_2,2,0.01767038925051792,0.056487333349796484,0.021401839114652377,0.06707512988192654,2026-03-02,13,8
ADANIENSOL,2026-03-02,2026-03-04,validation,full_start_3,2,0.023744615279206762,0.05711561354454741,0.030076783607576624,0.06485183198659494,2026-03-02,13,6
ADANIENSOL,2026-03-02,2026-03-04,validation,training_half_a,2,0.015262166145969192,0.04700430621280576,0.023971216621932023,0.05546175589461719,2026-03-02,13,7
ADANIENSOL,2026-03-02,2026-03-04,validation,training_half_b,2,0.025583603641126964,0.04602037063678371,0.028136423873835956,0.057626202886114475,2026-03-02,13,8
ADANIENSOL,2026-03-04,2026-03-05,validation,full_start_1,1,0.012529093526599245,0.11242661044635431,0.015862279712122285,0.11486870609139922,2026-03-04,15,10
ADANIENSOL,2026-03-04,2026-03-05,validation,full_start_2,1,0.08487481259392403,0.021570894949003393,0.08584034009570203,0.02766738765211818,2026-03-04,15,14
ADANIENSOL,2026-03-04,2026-03-05,validation,full_start_3,1,0.012530285883695414,0.11243730975707314,0.015869315863716982,0.11487505603479951,2026-03-04,15,9
ADANIENSOL,2026-03-04,2026-03-05,validation,training_half_a,1,0.01075056549810623,0.09646744489277256,0.015191859432601595,0.09942776292105134,2026-03-04,15,9
ADANIENSOL,2026-03-04,2026-03-05,validation,training_half_b,1,0.09506774332923197,0.010594579370853527,0.09540905306428586,0.01693722146951626,2026-03-04,15,8
ADANIENSOL,2026-03-06,2026-03-09,validation,full_start_1,3,0.014653598860874984,0.10395211619869317,0.02443436698305443,0.11174688163814263,2026-03-06,12,7
ADANIENSOL,2026-03-06,2026-03-09,validation,full_start_2,3,0.07879106692531716,0.02313304669315564,0.08189306416592805,0.0409368847420129,2026-03-06,12,8
ADANIENSOL,2026-03-06,2026-03-09,validation,full_start_3,3,0.01481475205998092,0.10377127128884958,0.024605895661278215,0.11156860057806631,2026-03-06,12,8
ADANIENSOL,2026-03-06,2026-03-09,validation,training_half_a,3,0.010562586988851179,0.09254700516905574,0.023721945680658885,0.10149891898704738,2026-03-06,12,11
ADANIENSOL,2026-03-06,2026-03-09,validation,training_half_b,3,0.09117123468294684,0.01016034301617615,0.09233795454299444,0.028939795463348073,2026-03-06,12,10
ADANIENSOL,2026-03-09,2026-03-10,validation,full_start_1,1,0.021659591344105507,0.13409091348272031,0.02486978908905435,0.135952641025386,2026-03-09,13,7
ADANIENSOL,2026-03-09,2026-03-10,validation,full_start_2,1,0.09861221911503909,0.03959962397427497,0.09939112707049398,0.04531120027715019,2026-03-09,13,6
ADANIENSOL,2026-03-09,2026-03-10,validation,full_start_3,1,0.02184673074001672,0.1338914687051761,0.02505996250288578,0.13575413164011596,2026-03-09,13,7
ADANIENSOL,2026-03-09,2026-03-10,validation,training_half_a,1,0.020068770828625408,0.12236177113018029,0.024389443719286807,0.12462799569868971,2026-03-09,13,7
ADANIENSOL,2026-03-09,2026-03-10,validation,training_half_b,1,0.11514010262525173,0.021434003499732155,0.11520876211868357,0.027624086211215704,2026-03-09,13,7
ADANIENSOL,2026-03-10,2026-03-11,validation,full_start_1,1,0.017755261114793044,0.1114734599567122,0.021018050459453902,0.11394108968609977,2026-03-10,13,8
ADANIENSOL,2026-03-10,2026-03-11,validation,full_start_2,1,0.09781503321055927,0.014672005519380775,0.09860477075539849,0.02091579067340421,2026-03-10,13,19
ADANIENSOL,2026-03-10,2026-03-11,validation,full_start_3,1,0.017933805405646507,0.1112803525228956,0.02119987266945031,0.11374911128800502,2026-03-10,13,14
ADANIENSOL,2026-03-10,2026-03-11,validation,training_half_a,1,0.016499260108959916,0.10013082352422781,0.0208661391191165,0.10299294524782426,2026-03-10,13,9
ADANIENSOL,2026-03-10,2026-03-11,validation,training_half_b,1,0.10258316416468662,0.011432116053050665,0.10282238917335339,0.017762970248457965,2026-03-10,13,10
ADANIENSOL,2026-03-11,2026-03-12,validation,full_start_1,1,0.077075923931647,0.11878806526613486,0.07953965982276187,0.12105974299116039,2026-03-11,14,6
ADANIENSOL,2026-03-11,2026-03-12,validation,full_start_2,1,0.03605522818303589,0.1542126318317633,0.03768395864677322,0.15747720111915284,2026-03-11,14,5
ADANIENSOL,2026-03-11,2026-03-12,validation,full_start_3,1,0.07728851177178536,0.11856944611217402,0.07975312350661617,0.12084281915662452,2026-03-11,14,6
ADANIENSOL,2026-03-11,2026-03-12,validation,training_half_a,1,0.0758553825146564,0.10808346341826361,0.07945391642094823,0.1107324158441636,2026-03-11,14,6
ADANIENSOL,2026-03-11,2026-03-12,validation,training_half_b,1,0.042706276620819134,0.14042658004277295,0.043758831423739306,0.1449419026986994,2026-03-11,14,7
ADANIENSOL,2026-03-13,2026-03-16,validation,full_start_1,3,0.05694665309179543,0.13645143568565082,0.06504126800978272,0.14170365980856536,2026-03-13,13,6
ADANIENSOL,2026-03-13,2026-03-16,validation,full_start_2,3,0.06794490654651744,0.11578257118924234,0.07148295400359655,0.12777795593813743,2026-03-13,13,6
ADANIENSOL,2026-03-13,2026-03-16,validation,full_start_3,3,0.05714252183018404,0.13625188736648777,0.06524208163927617,0.14150665525989595,2026-03-13,13,6
ADANIENSOL,2026-03-13,2026-03-16,validation,training_half_a,3,0.056346126769892174,0.12659446711921352,0.06775044350375559,0.13288120344342996,2026-03-13,13,7
ADANIENSOL,2026-03-13,2026-03-16,validation,training_half_b,3,0.07551300382191307,0.10358483676502726,0.0773091702570157,0.11847484164244071,2026-03-13,13,13
ADANIENSOL,2026-03-18,2026-03-19,validation,full_start_1,1,0.036506083520874415,0.09390174725923822,0.03951629798371603,0.09684010810500036,2026-03-18,16,7
ADANIENSOL,2026-03-18,2026-03-19,validation,full_start_2,1,0.06854389496027666,0.056041960107685355,0.06973127426757174,0.06140248976566792,2026-03-18,16,10
ADANIENSOL,2026-03-18,2026-03-19,validation,full_start_3,1,0.036658312609472346,0.09373921197060349,0.03967154634507655,0.09667816477918494,2026-03-18,16,6
ADANIENSOL,2026-03-18,2026-03-19,validation,training_half_a,1,0.037915911299009696,0.08522491086196815,0.04200555893999791,0.08848658329779056,2026-03-18,16,12
ADANIENSOL,2026-03-18,2026-03-19,validation,training_half_b,1,0.07823438459879009,0.046000464492687035,0.07880434803904524,0.051844786747739735,2026-03-18,16,14
ADANIENSOL,2026-04-07,2026-04-08,validation,full_start_1,1,0.024310046767745674,0.21813997573628444,0.027484542693814507,0.21775010096869024,2026-04-07,10,9
ADANIENSOL,2026-04-07,2026-04-08,validation,full_start_2,1,0.18969706290951338,0.021140299734007918,0.18923860395734204,0.02724598571746345,2026-04-07,10,11
ADANIENSOL,2026-04-07,2026-04-08,validation,full_start_3,1,0.02430905884670302,0.21813111087994203,0.02748904225243126,0.21773571209667658,2026-04-07,10,9
ADANIENSOL,2026-04-07,2026-04-08,validation,training_half_a,1,0.022951919950135718,0.20595317272966454,0.02723527144206961,0.20597874254580828,2026-04-07,10,9
ADANIENSOL,2026-04-07,2026-04-08,validation,training_half_b,1,0.19086659498585667,0.021270635311823452,0.18990663367120025,0.027463017347545526,2026-04-07,10,7
ADANIENSOL,2026-04-13,2026-04-15,validation,full_start_1,2,0.03229815679273977,0.2898192341861429,0.03839063655369851,0.28526091852073526,2026-04-13,20,16
ADANIENSOL,2026-04-13,2026-04-15,validation,full_start_2,2,0.26680894874771854,0.0297338348930312,0.2638173947009994,0.04145181977949919,2026-04-13,20,9
ADANIENSOL,2026-04-13,2026-04-15,validation,full_start_3,2,0.03229208865471811,0.28976478330118083,0.038394985532119424,0.2851957427002142,2026-04-13,20,16
ADANIENSOL,2026-04-13,2026-04-15,validation,training_half_a,2,0.03113303252879325,0.2793642902175993,0.03943385630766971,0.2755319427474785,2026-04-13,20,9
ADANIENSOL,2026-04-13,2026-04-15,validation,training_half_b,2,0.270743219562568,0.03017227955307691,0.2666810871461018,0.04222108009248715,2026-04-13,20,8
ADANIENSOL,2026-04-23,2026-04-24,validation,full_start_1,1,0.10842897533920237,0.2263452052429986,0.11047038344743726,0.22573551941245884,2026-04-23,12,6
ADANIENSOL,2026-04-23,2026-04-24,validation,full_start_2,1,0.1235541693860742,0.18207798667143293,0.12399424661413963,0.18474762594122396,2026-04-23,12,11
ADANIENSOL,2026-04-23,2026-04-24,validation,full_start_3,1,0.10884139691351823,0.22593714628286693,0.11087995592565683,0.2253325050424964,2026-04-23,12,7
ADANIENSOL,2026-04-23,2026-04-24,validation,training_half_a,1,0.10981848036500466,0.20123060292082598,0.11297737335663172,0.201382760499384,2026-04-23,12,6
ADANIENSOL,2026-04-23,2026-04-24,validation,training_half_b,1,0.14714718230707116,0.14019773707100538,0.14678107786069078,0.14471628057548602,2026-04-23,12,5
ADANIENSOL,2026-04-27,2026-04-28,validation,full_start_1,1,0.05572137245279278,0.21560872858383082,0.058472755637411195,0.21528666375704367,2026-04-27,14,6
ADANIENSOL,2026-04-27,2026-04-28,validation,full_start_2,1,0.15032519857694523,0.08884467534396442,0.15040159745607892,0.09350486150856305,2026-04-27,14,6
ADANIENSOL,2026-04-27,2026-04-28,validation,full_start_3,1,0.05605238816792008,0.21527004727202176,0.058803747318722954,0.21495133991383375,2026-04-27,14,6
ADANIENSOL,2026-04-27,2026-04-28,validation,training_half_a,1,0.05613480617427818,0.19515975986853085,0.05998861632946234,0.19547464546786267,2026-04-27,14,8
ADANIENSOL,2026-04-27,2026-04-28,validation,training_half_b,1,0.17965531887248098,0.051369146672477696,0.17884764444628265,0.05713790745363928,2026-04-27,14,7
ADANIENSOL,2026-04-29,2026-04-30,validation,full_start_1,1,0.05991064367823694,0.1685894743992037,0.06260559708810948,0.169527015075562,2026-04-29,16,6
ADANIENSOL,2026-04-29,2026-04-30,validation,full_start_2,1,0.09972576397175688,0.11005105947763273,0.10048954467334098,0.1142584857703964,2026-04-29,16,10
ADANIENSOL,2026-04-29,2026-04-30,validation,full_start_3,1,0.06018353289790843,0.16830324324316917,0.06287910997198073,0.16924349116382695,2026-04-29,16,10
ADANIENSOL,2026-04-29,2026-04-30,validation,training_half_a,1,0.05814692110146611,0.15187518992548105,0.06197468510353149,0.15335031181097653,2026-04-29,16,6
ADANIENSOL,2026-04-29,2026-04-30,validation,training_half_b,1,0.11710910974499786,0.08466467130831373,0.11715102349025745,0.08996481449744642,2026-04-29,16,8
ADANIGREEN,2026-02-03,2026-02-04,validation,full_start_1,1,0.01327026458376376,0.11907731901845028,0.013356501656105413,0.12820787315074766,2026-02-03,32,7
ADANIGREEN,2026-02-03,2026-02-04,validation,full_start_2,1,0.014487321920737484,0.12999827118664464,0.015424211007651387,0.13744915663329338,2026-02-03,32,7
ADANIGREEN,2026-02-03,2026-02-04,validation,full_start_3,1,0.013270138853314867,0.11907619080848304,0.01335645889224149,0.12820670019192915,2026-02-03,32,7
ADANIGREEN,2026-02-03,2026-02-04,validation,training_half_a,1,0.013031504885462196,0.11693487004132208,0.014679382752524006,0.12454090445365362,2026-02-03,32,7
ADANIGREEN,2026-02-03,2026-02-04,validation,training_half_b,1,0.014792809662679427,0.13273948716420333,0.014943130377514866,0.1408838041408068,2026-02-03,32,7
ADANIGREEN,2026-02-04,2026-02-05,validation,full_start_1,1,0.012058645472995988,0.10820516537944379,0.012145645233629376,0.11747180788011324,2026-02-04,27,5
ADANIGREEN,2026-02-04,2026-02-05,validation,full_start_2,1,0.031124667525247215,0.0959777594829873,0.031835277818429805,0.10423571775900964,2026-02-04,27,13
ADANIGREEN,2026-02-04,2026-02-05,validation,full_start_3,1,0.012058518710570497,0.10820402790928789,0.012145601972652853,0.11747060892751249,2026-02-04,27,5
ADANIGREEN,2026-02-04,2026-02-05,validation,training_half_a,1,0.042371285416767615,0.07402769551261926,0.04371420075014468,0.08209291599156887,2026-02-04,27,9
ADANIGREEN,2026-02-04,2026-02-05,validation,training_half_b,1,0.013312451353968309,0.11945587119141347,0.013466360301707545,0.12795906779351213,2026-02-04,27,7
ADANIGREEN,2026-02-09,2026-02-10,validation,full_start_1,1,0.008155825448007812,0.07318420990028547,0.008245281950294975,0.08288921492306756,2026-02-09,25,6
ADANIGREEN,2026-02-09,2026-02-10,validation,full_start_2,1,0.008464539655393847,0.07595437773876129,0.00948334252460839,0.08468735318967824,2026-02-09,25,7
ADANIGREEN,2026-02-09,2026-02-10,validation,full_start_3,1,0.008155811949457843,0.07318408877450129,0.00824535360263573,0.08288896531976131,2026-02-09,25,6
ADANIGREEN,2026-02-09,2026-02-10,validation,training_half_a,1,0.025885858606641436,0.05267271358942089,0.027400126194120272,0.0609664718422912,2026-02-09,25,9
ADANIGREEN,2026-02-09,2026-02-10,validation,training_half_b,1,0.008604927943088564,0.07721411606695448,0.008770247432653325,0.08685854599666343,2026-02-09,25,6
ADANIGREEN,2026-02-10,2026-02-11,validation,full_start_1,1,0.009452477588419156,0.08481938564179833,0.009541117875942806,0.09437875143476815,2026-02-10,26,6
ADANIGREEN,2026-02-10,2026-02-11,validation,full_start_2,1,0.015869763514509205,0.08105713442614731,0.016787850490576905,0.08966905654567503,2026-02-10,26,17
ADANIGREEN,2026-02-10,2026-02-11,validation,full_start_3,1,0.009452453681705409,0.08481917112193119,0.009541178554970331,0.09437842763827164,2026-02-10,26,7
ADANIGREEN,2026-02-10,2026-02-11,validation,training_half_a,1,0.04766148602766004,0.04208632540058444,0.04894941414052002,0.050493377572374265,2026-02-10,26,16
ADANIGREEN,2026-02-10,2026-02-11,validation,training_half_b,1,0.009967751207422012,0.08944306143488259,0.010129767356673577,0.0987571054709589,2026-02-10,26,6
ADANIGREEN,2026-02-12,2026-02-13,validation,full_start_1,1,0.00945689317162736,0.08485900774641221,0.009545530679635927,0.0944178775835901,2026-02-12,25,13
ADANIGREEN,2026-02-12,2026-02-13,validation,full_start_2,1,0.07818694821515507,0.008713342955261997,0.07825748067633839,0.019041485835329997,2026-02-12,25,24
ADANIGREEN,2026-02-12,2026-02-13,validation,full_start_3,1,0.009456891892437593,0.084858996268739,0.009545613969987016,0.0944177543494985,2026-02-12,25,7
ADANIGREEN,2026-02-12,2026-02-13,validation,training_half_a,1,0.07918608282182893,0.008824688690180433,0.08014633905924727,0.017587701847471826,2026-02-12,25,8
ADANIGREEN,2026-02-12,2026-02-13,validation,training_half_b,1,0.009835302069563283,0.08825456303357383,0.009997639261600078,0.09760071638853113,2026-02-12,25,6
ADANIGREEN,2026-02-16,2026-02-17,validation,full_start_1,1,0.01732371872152365,0.1554499511119523,0.01740740423126233,0.16412522358439108,2026-02-16,24,6
ADANIGREEN,2026-02-16,2026-02-17,validation,full_start_2,1,0.15214251139775548,0.016955129636179296,0.15120719977632605,0.02708775158600374,2026-02-16,24,11
ADANIGREEN,2026-02-16,2026-02-17,validation,full_start_3,1,0.017323688911199942,0.15544968361664832,0.01740745553989681,0.1641249569376011,2026-02-16,24,6
ADANIGREEN,2026-02-16,2026-02-17,validation,training_half_a,1,0.1527072909800274,0.017018070039583597,0.15290335561432306,0.025693398873787854,2026-02-16,24,8
ADANIGREEN,2026-02-16,2026-02-17,validation,training_half_b,1,0.01790735786210353,0.16068708720755367,0.01805012923954958,0.16807635192597759,2026-02-16,24,15
ADANIGREEN,2026-02-19,2026-02-20,validation,full_start_1,1,0.0005347996935965203,0.004798886986096532,0.0006290534684444127,0.015359881293522504,2026-02-19,10,5
ADANIGREEN,2026-02-19,2026-02-20,validation,full_start_2,1,0.0005349525425620066,0.00479872084485856,0.0016616029885073436,0.015219730792009278,2026-02-19,10,7
ADANIGREEN,2026-02-19,2026-02-20,validation,full_start_3,1,0.0005347996895938922,0.004798886979442741,0.0006291419670116649,0.015359645310985215,2026-02-19,10,5
ADANIGREEN,2026-02-19,2026-02-20,validation,training_half_a,1,0.004798891709747889,0.0005348001171249212,0.006532340720405455,0.009386530403157067,2026-02-19,10,5
ADANIGREEN,2026-02-19,2026-02-20,validation,training_half_b,1,0.0005347982772034187,0.004798875277833588,0.0007196789126303893,0.016399726903846834,2026-02-19,10,6
ADANIGREEN,2026-02-23,2026-02-24,validation,full_start_1,1,0.007701171137989985,0.000858237151202325,0.0077909138354320395,0.011468557160247639,2026-02-23,13,7
ADANIGREEN,2026-02-23,2026-02-24,validation,full_start_2,1,0.012733015690347557,0.0014189980808515354,0.0136937644906487,0.011920185611379197,2026-02-23,13,8
ADANIGREEN,2026-02-23,2026-02-24,validation,full_start_3,1,0.007701098922417525,0.0008582290998003146,0.0077909270081985005,0.011468307126490607,2026-02-23,13,15
ADANIGREEN,2026-02-23,2026-02-24,validation,training_half_a,1,0.008108736516708692,0.000903657227246877,0.009807782452763925,0.009751440060495109,2026-02-23,13,6
ADANIGREEN,2026-02-23,2026-02-24,validation,training_half_b,1,0.011792440051794587,0.0013141780556517357,0.011950033347124883,0.013009174742514562,2026-02-23,13,8
ADANIGREEN,2026-02-24,2026-02-25,validation,full_start_1,1,0.015913781882001925,0.0018488464853926691,0.01599835491679702,0.012446766889680605,2026-02-24,15,28
ADANIGREEN,2026-02-24,2026-02-25,validation,full_start_2,1,0.022362553685133735,0.002492137097280386,0.023192334463645423,0.012967866417483542,2026-02-24,15,7
ADANIGREEN,2026-02-24,2026-02-25,validation,full_start_3,1,0.015903162015560694,0.0018644228872826954,0.01598782346185082,0.012461907795673022,2026-02-24,15,21
ADANIGREEN,2026-02-24,2026-02-25,validation,training_half_a,1,0.017596959223668787,0.0019610477183451235,0.019197383002895252,0.010797514519115925,2026-02-24,15,7
ADANIGREEN,2026-02-24,2026-02-25,validation,training_half_b,1,0.020190297560976005,0.002250055618215304,0.020327535332607394,0.013919767970613006,2026-02-24,15,11
ADANIGREEN,2026-02-25,2026-02-26,validation,full_start_1,1,0.011462981251880886,0.001277462369703069,0.011550355970389448,0.01188253487417279,2026-02-25,14,8
ADANIGREEN,2026-02-25,2026-02-26,validation,full_start_2,1,0.015509163235986162,0.0017283786812703472,0.016432154611949315,0.012222226737344799,2026-02-25,14,8
ADANIGREEN,2026-02-25,2026-02-26,validation,full_start_3,1,0.011462952903859056,0.0012774592105308437,0.011550411324457194,0.011882290321124978,2026-02-25,14,8
ADANIGREEN,2026-02-25,2026-02-26,validation,training_half_a,1,0.011855949812637769,0.0013212557370488832,0.013516046593645165,0.01016456949445499,2026-02-25,14,7
ADANIGREEN,2026-02-25,2026-02-26,validation,training_half_b,1,0.014476134786965623,0.0016132554911109753,0.014627223088406381,0.013300172089069418,2026-02-25,14,8
ADANIGREEN,2026-02-26,2026-02-27,validation,full_start_1,1,0.0021119325879589393,0.0032217407918552067,0.002205193591413246,0.013802476473381065,2026-02-26,13,20
ADANIGREEN,2026-02-26,2026-02-27,validation,full_start_2,1,0.004798976512818738,0.0005348096417705191,0.005867633440845593,0.011056972884581517,2026-02-26,13,6
ADANIGREEN,2026-02-26,2026-02-27,validation,full_start_3,1,0.002113002801578545,0.0032206705782367867,0.0022063509380795543,0.013801181233924709,2026-02-26,13,11
ADANIGREEN,2026-02-26,2026-02-27,validation,training_half_a,1,0.004798875145863983,0.0005347982589381273,0.006532324328689304,0.009386528564856333,2026-02-26,13,7
ADANIGREEN,2026-02-26,2026-02-27,validation,training_half_b,1,0.004799428682440126,0.0005348609889487759,0.004973972302123986,0.012250912260467872,2026-02-26,13,7
ADANIGREEN,2026-02-27,2026-03-02,validation,full_start_1,3,0.005381261457986542,0.0005997007988659015,0.005654698355820942,0.0320434777668156,2026-02-27,13,8
ADANIGREEN,2026-02-27,2026-03-02,validation,full_start_2,3,0.006003740729091964,0.0006690713955555399,0.009117814675620173,0.03148329666063604,2026-02-27,13,6
ADANIGREEN,2026-02-27,2026-03-02,validation,full_start_3,3,0.005381260541878156,0.000599700717464938,0.005654956254835253,0.03204280823794825,2026-02-27,13,17
ADANIGREEN,2026-02-27,2026-03-02,validation,training_half_a,3,0.004798990783528893,0.0005348111459014453,0.009945468770119786,0.02680682581808813,2026-02-27,13,8
ADANIGREEN,2026-02-27,2026-03-02,validation,training_half_b,3,0.006885719644917187,0.0007673612600794787,0.007392948196285859,0.03495613945195003,2026-02-27,13,8
ADANIGREEN,2026-03-02,2026-03-04,validation,full_start_1,2,0.05598890848515097,0.020755366701057116,0.05610756432879789,0.0413482025488342,2026-03-02,19,13
ADANIGREEN,2026-03-02,2026-03-04,validation,full_start_2,2,0.0566130703835584,0.03932342607726944,0.057336023058148874,0.058299589348973224,2026-03-02,19,7
ADANIGREEN,2026-03-02,2026-03-04,validation,full_start_3,2,0.05599378692728194,0.02074996492086883,0.05611256466499026,0.04134253134340893,2026-03-02,19,20
ADANIGREEN,2026-03-02,2026-03-04,validation,training_half_a,2,0.0422302823501737,0.046214950070829444,0.04490507051736828,0.06285118843953741,2026-03-02,19,10
ADANIGREEN,2026-03-02,2026-03-04,validation,training_half_b,2,0.0696025091436439,0.007756672301719153,0.06963740233496851,0.030487297691866644,2026-03-02,19,20
ADANIGREEN,2026-03-10,2026-03-11,validation,full_start_1,1,0.11551047553553555,0.012872766914708778,0.11553235458385172,0.02333269926307857,2026-03-10,18,13
ADANIGREEN,2026-03-10,2026-03-11,validation,full_start_2,1,0.11376065480973571,0.038569151659429424,0.1133473615689037,0.04818902147723425,2026-03-10,18,13
ADANIGREEN,2026-03-10,2026-03-11,validation,full_start_3,1,0.11551231322827411,0.012872971711634663,0.11553422892773663,0.02333267803365191,2026-03-10,18,13
ADANIGREEN,2026-03-10,2026-03-11,validation,training_half_a,1,0.09667699720260145,0.05283635289112165,0.0974554499817311,0.061128359901032714,2026-03-10,18,15
ADANIGREEN,2026-03-10,2026-03-11,validation,training_half_b,1,0.11705996590061761,0.013045445870568037,0.11696240178052397,0.0244235022748584,2026-03-10,18,11
ADANIGREEN,2026-03-12,2026-03-13,validation,full_start_1,1,0.08850133118921095,0.05840344514229328,0.08854021191567868,0.06829346320168195,2026-03-12,22,10
ADANIGREEN,2026-03-12,2026-03-13,validation,full_start_2,1,0.09222418340997958,0.0749418504495956,0.09210380028145809,0.08369884621129453,2026-03-12,22,7
ADANIGREEN,2026-03-12,2026-03-13,validation,full_start_3,1,0.08850560414331736,0.0584000658804459,0.0885445318954905,0.06828997333284459,2026-03-12,22,12
ADANIGREEN,2026-03-12,2026-03-13,validation,training_half_a,1,0.08022979982522402,0.08136900597519808,0.08117920749540562,0.08935566086430968,2026-03-12,22,9
ADANIGREEN,2026-03-12,2026-03-13,validation,training_half_b,1,0.10373430785590039,0.045112977498696354,0.10366904372992265,0.055624674640205374,2026-03-12,22,8
ADANIGREEN,2026-03-13,2026-03-16,validation,full_start_1,3,0.02784648425324015,0.14460779008923735,0.028077523720117403,0.17071126158691363,2026-03-13,20,8
ADANIGREEN,2026-03-13,2026-03-16,validation,full_start_2,3,0.05208913887979932,0.1334318019141816,0.05334829644233602,0.15501976563219239,2026-03-13,20,13
ADANIGREEN,2026-03-13,2026-03-16,validation,full_start_3,3,0.027852212350941458,0.14460027405939038,0.028083470135354935,0.1707040076809101,2026-03-13,20,14
ADANIGREEN,2026-03-13,2026-03-16,validation,training_half_a,3,0.04577581585445748,0.12912873626738527,0.04965776937036433,0.15131619875811597,2026-03-13,20,8
ADANIGREEN,2026-03-13,2026-03-16,validation,training_half_b,3,0.050003737077914,0.13000831183323805,0.050198184381526886,0.1540025448382022,2026-03-13,20,15
ADANIGREEN,2026-03-16,2026-03-17,validation,full_start_1,1,0.01710552275376579,0.1534920255033678,0.01718934561319499,0.16219180562261826,2026-03-16,25,7
ADANIGREEN,2026-03-16,2026-03-17,validation,full_start_2,1,0.032915595234110515,0.14697683191995684,0.03360184773782026,0.15402493285915636,2026-03-16,25,10
ADANIGREEN,2026-03-16,2026-03-17,validation,full_start_3,1,0.01710541166143644,0.15349102858252323,0.01718931578722957,0.1621908156451235,2026-03-16,25,6
ADANIGREEN,2026-03-16,2026-03-17,validation,training_half_a,1,0.032111711683062705,0.1389523658770212,0.033561266723475675,0.1463227723921392,2026-03-16,25,7
ADANIGREEN,2026-03-16,2026-03-17,validation,training_half_b,1,0.018047243334839615,0.16194231350869995,0.01818967564460653,0.1692976661397984,2026-03-16,25,8
ADANIGREEN,2026-03-20,2026-03-23,validation,full_start_1,3,0.014195180231306696,0.12737681258005729,0.014451983084775744,0.15411926681754962,2026-03-20,21,14
ADANIGREEN,2026-03-20,2026-03-23,validation,full_start_2,3,0.027210239823271042,0.11866880196425134,0.029470761794653952,0.14128271097749184,2026-03-20,21,10
ADANIGREEN,2026-03-20,2026-03-23,validation,full_start_3,3,0.014195091926588996,0.12737602021189356,0.014452142116486877,0.15411840914768116,2026-03-20,21,8
ADANIGREEN,2026-03-20,2026-03-23,validation,training_half_a,3,0.02581518981662497,0.11592720825951308,0.03031311833868036,0.13853399328023241,2026-03-20,21,14
ADANIGREEN,2026-03-20,2026-03-23,validation,training_half_b,3,0.014630179897470482,0.13113653308610723,0.015081229568519504,0.155041771832733,2026-03-20,21,18
ADANIGREEN,2026-03-25,2026-03-27,validation,full_start_1,2,0.06972309983565698,0.007770110966942247,0.06982447036252078,0.028685989062360084,2026-03-25,16,14
ADANIGREEN,2026-03-25,2026-03-27,validation,full_start_2,2,0.09557804575847437,0.010651448706344433,0.09524830773306815,0.030971853541253924,2026-03-25,16,7
ADANIGREEN,2026-03-25,2026-03-27,validation,full_start_3,2,0.06972440479038772,0.00777025639425527,0.06982588960847999,0.028685687335182064,2026-03-25,16,14
ADANIGREEN,2026-03-25,2026-03-27,validation,training_half_a,2,0.08906674381630714,0.009925813461365915,0.09077294027179719,0.027334617310873055,2026-03-25,16,10
ADANIGREEN,2026-03-25,2026-03-27,validation,training_half_b,2,0.07709843032618152,0.008592035644191622,0.07709702890830415,0.03127813322683415,2026-03-25,16,9
ADANIGREEN,2026-03-27,2026-03-30,validation,full_start_1,3,0.11153041619152479,0.012429219470162046,0.11160352338419702,0.043434318002877115,2026-03-27,17,18
ADANIGREEN,2026-03-27,2026-03-30,validation,full_start_2,3,0.14918994488053094,0.01662608847865491,0.1465408390195743,0.04633139098699024,2026-03-27,17,8
ADANIGREEN,2026-03-27,2026-03-30,validation,full_start_3,3,0.11153272120635807,0.012429476346592918,0.11160594262962961,0.04343394953556712,2026-03-27,17,15
ADANIGREEN,2026-03-27,2026-03-30,validation,training_half_a,3,0.14289570864384446,0.015924643561167302,0.14378059050254477,0.04170782819332963,2026-03-27,17,13
ADANIGREEN,2026-03-27,2026-03-30,validation,training_half_b,3,0.12000752086369407,0.013373928528370854,0.11969415560671863,0.046568298840243494,2026-03-27,17,10
ADANIGREEN,2026-04-01,2026-04-02,validation,full_start_1,1,0.08828601533567758,0.00983880719021846,0.0883250315988656,0.020336716064888627,2026-04-01,17,13
ADANIGREEN,2026-04-01,2026-04-02,validation,full_start_2,1,0.10922520303248415,0.012172320937388535,0.1088735949054665,0.022418406052685302,2026-04-01,17,9
ADANIGREEN,2026-04-01,2026-04-02,validation,full_start_3,1,0.08828739995481283,0.009838961495525475,0.0883264651580595,0.02033664027379345,2026-04-01,17,13
ADANIGREEN,2026-04-01,2026-04-02,validation,training_half_a,1,0.10023316675461709,0.017766374372279722,0.10097465611898505,0.026433694967140764,2026-04-01,17,19
ADANIGREEN,2026-04-01,2026-04-02,validation,training_half_b,1,0.0921436761405387,0.010268714245373022,0.0921065064872654,0.021721788807956388,2026-04-01,17,12
ADANIGREEN,2026-04-06,2026-04-07,validation,full_start_1,1,0.1213982554995888,0.11268598251115128,0.12141642831646378,0.12189653795559663,2026-04-06,24,14
ADANIGREEN,2026-04-06,2026-04-07,validation,full_start_2,1,0.22494908455278512,0.025068870331457337,0.2230235558654335,0.0350090090018772,2026-04-06,24,10
ADANIGREEN,2026-04-06,2026-04-07,validation,full_start_3,1,0.12213666726041726,0.11178644616157789,0.12215441015009335,0.12100819106829741,2026-04-06,24,14
ADANIGREEN,2026-04-06,2026-04-07,validation,training_half_a,1,0.21804511807706142,0.024299475600658052,0.21756205052508512,0.03289687993818391,2026-04-06,24,9
ADANIGREEN,2026-04-06,2026-04-07,validation,training_half_b,1,0.20084845268449883,0.02238303759556895,0.2005477940814897,0.03350882297454816,2026-04-06,24,11
ADANIGREEN,2026-04-07,2026-04-08,validation,full_start_1,1,0.17246370302200337,0.01921977247693372,0.1724497312328772,0.02960025841020575,2026-04-07,20,16
ADANIGREEN,2026-04-07,2026-04-08,validation,full_start_2,1,0.19753343883957758,0.02201360443071234,0.19598078088466228,0.03202622355399787,2026-04-07,20,10
ADANIGREEN,2026-04-07,2026-04-08,validation,full_start_3,1,0.17246494674181254,0.019219911081183916,0.17245098686679117,0.029600181653032243,2026-04-07,20,16
ADANIGREEN,2026-04-07,2026-04-08,validation,training_half_a,1,0.19306111446252994,0.0215151977796662,0.19283773477821664,0.030142399035656964,2026-04-07,20,7
ADANIGREEN,2026-04-07,2026-04-08,validation,training_half_b,1,0.17593530520456066,0.01960665615362066,0.1756950334518152,0.030807450230093014,2026-04-07,20,15
ADANIGREEN,2026-04-08,2026-04-09,validation,full_start_1,1,0.020647687049746,0.18527672920798352,0.02072928019258191,0.19357865545117825,2026-04-08,37,6
ADANIGREEN,2026-04-08,2026-04-09,validation,full_start_2,1,0.1827432162781341,0.02036534623796032,0.18139171503413754,0.030417067195302627,2026-04-08,37,10
ADANIGREEN,2026-04-08,2026-04-09,validation,full_start_3,1,0.020647478601616743,0.18527485875202768,0.02072915151037036,0.19357685213081466,2026-04-08,37,6
ADANIGREEN,2026-04-08,2026-04-09,validation,training_half_a,1,0.16813379508219384,0.029908421032327086,0.1681695140802338,0.03844579928752678,2026-04-08,37,9
ADANIGREEN,2026-04-08,2026-04-09,validation,training_half_b,1,0.02305374574901877,0.20686688044491083,0.023184042823289126,0.21300851899464585,2026-04-08,37,10
ADANIGREEN,2026-04-09,2026-04-10,validation,full_start_1,1,0.021193416953309615,0.19017369666675454,0.021274666570854278,0.1984143268380243,2026-04-09,28,7
ADANIGREEN,2026-04-09,2026-04-10,validation,full_start_2,1,0.180957331476696,0.02016632291406827,0.17963011943532936,0.030222765326470502,2026-04-09,28,10
ADANIGREEN,2026-04-09,2026-04-10,validation,full_start_3,1,0.021193218249283517,0.19017191364709088,0.021274547385990605,0.1984126174488774,2026-04-09,28,7
ADANIGREEN,2026-04-09,2026-04-10,validation,training_half_a,1,0.1731031754796946,0.021555973754908583,0.17308724191560146,0.0301827386326039,2026-04-09,28,20
ADANIGREEN,2026-04-09,2026-04-10,validation,training_half_b,1,0.02362130441560474,0.2119597227145818,0.02375022578733721,0.2179637694120539,2026-04-09,28,10
ADANIGREEN,2026-04-13,2026-04-15,validation,full_start_1,2,0.026535728500954408,0.23811156047834708,0.02669145296650302,0.2532970917020033,2026-04-13,25,13
ADANIGREEN,2026-04-13,2026-04-15,validation,full_start_2,2,0.22784711951932732,0.025391834361014363,0.22394395632155817,0.0450211588843587,2026-04-13,25,11
ADANIGREEN,2026-04-13,2026-04-15,validation,full_start_3,2,0.02653552785531403,0.2381097600432332,0.02669140656773733,0.25329559753769904,2026-04-13,25,7
ADANIGREEN,2026-04-13,2026-04-15,validation,training_half_a,2,0.22287433977029417,0.02483765575226969,0.22181335603438884,0.041928998904570025,2026-04-13,25,8
ADANIGREEN,2026-04-13,2026-04-15,validation,training_half_b,2,0.028857078348467357,0.2589415985422001,0.02908925743054045,0.2682831829305191,2026-04-13,25,8
ADANIGREEN,2026-04-24,2026-04-27,validation,full_start_1,3,0.01971175679728884,0.1768783988965003,0.01995814850655478,0.20178516742011665,2026-04-24,21,10
ADANIGREEN,2026-04-24,2026-04-27,validation,full_start_2,3,0.05328667707096458,0.16945447865801802,0.05449763426417857,0.1885390693588736,2026-04-24,21,9
ADANIGREEN,2026-04-24,2026-04-27,validation,full_start_3,3,0.019711349203212044,0.1768747414593816,0.01995798156416692,0.2017817753397878,2026-04-24,21,10
ADANIGREEN,2026-04-24,2026-04-27,validation,training_half_a,3,0.02953094847705082,0.15953996795120895,0.03391421053226473,0.18076147297079492,2026-04-24,21,8
ADANIGREEN,2026-04-24,2026-04-27,validation,training_half_b,3,0.024129892063674642,0.21652340365626185,0.024512030128820556,0.2336933134956368,2026-04-24,21,14
ADANIGREEN,2026-04-27,2026-04-28,validation,full_start_1,1,0.019009534739659776,0.1705771891960792,0.019092159064305142,0.17906311177362144,2026-04-27,18,9
ADANIGREEN,2026-04-27,2026-04-28,validation,full_start_2,1,0.16472348930043004,0.018357184258232063,0.16361706814197172,0.028456545091921248,2026-04-27,18,10
ADANIGREEN,2026-04-27,2026-04-28,validation,full_start_3,1,0.019009199650694454,0.17057418236111457,0.019091904543307336,0.17906016351560072,2026-04-27,18,9
ADANIGREEN,2026-04-27,2026-04-28,validation,training_half_a,1,0.1552496991686008,0.017301402160371446,0.15541933759149312,0.02597369881724132,2026-04-27,18,11
ADANIGREEN,2026-04-27,2026-04-28,validation,training_half_b,1,0.02775430263190315,0.19475594159154014,0.027873206050479417,0.2012247778869037,2026-04-27,18,15
ADANIGREEN,2026-05-04,2026-05-05,validation,full_start_1,1,0.017709630967602624,0.15891283577030976,0.01779307355384402,0.16754476279908914,2026-05-04,25,12
ADANIGREEN,2026-05-04,2026-05-05,validation,full_start_2,1,0.08065453702805446,0.09908005196955764,0.08069150866569773,0.1072644141751713,2026-05-04,25,20
ADANIGREEN,2026-05-04,2026-05-05,validation,full_start_3,1,0.017709425558553687,0.15891099258484373,0.01779294920421412,0.16754294554956728,2026-05-04,25,9
ADANIGREEN,2026-05-04,2026-05-05,validation,training_half_a,1,0.06766969429801038,0.09829852964459514,0.06874965378335773,0.10610400734203995,2026-05-04,25,16
ADANIGREEN,2026-05-04,2026-05-05,validation,training_half_b,1,0.020145447446059728,0.18077001081341715,0.02028279392965438,0.1876167009710224,2026-05-04,25,9
ADANIPOWER,2026-06-29,2026-06-30,validation,full_start_1,1,0.0005385481706757375,0.00479514963803688,0.006432792086518757,0.0199519621967138,2026-06-29,13,9
ADANIPOWER,2026-06-29,2026-06-30,validation,full_start_2,1,0.02227686304632524,0.05790766916236445,0.03350934063329469,0.06043677373756175,2026-06-29,13,15
ADANIPOWER,2026-06-29,2026-06-30,validation,full_start_3,1,0.02228895887158548,0.05744132415519877,0.033491167748865736,0.06004306026884447,2026-06-29,13,11
ADANIPOWER,2026-06-29,2026-06-30,validation,training_half_a,1,0.0005347982839654372,0.004798875114013098,0.004220488491858965,0.024288349640566365,2026-06-29,13,7
ADANIPOWER,2026-06-29,2026-06-30,validation,training_half_b,1,0.024958616323258506,0.06866528049387699,0.0361727992051325,0.06979640501267147,2026-06-29,13,9
ADANIPOWER,2026-06-30,2026-07-01,validation,full_start_1,1,0.0005347982576391201,0.004798875125222218,0.00642909317507695,0.019955587017608467,2026-06-30,13,8
ADANIPOWER,2026-06-30,2026-07-01,validation,full_start_2,1,0.004509054598069447,0.04046084608613069,0.015983184688895813,0.04346134985108263,2026-06-30,13,9
ADANIPOWER,2026-06-30,2026-07-01,validation,full_start_3,1,0.004463829498884353,0.04005503024656832,0.0159084734121141,0.04312652659998795,2026-06-30,13,8
ADANIPOWER,2026-06-30,2026-07-01,validation,training_half_a,1,0.0005348064684990629,0.004798886058456303,0.004220496565283005,0.024288360289514643,2026-06-30,13,7
ADANIPOWER,2026-06-30,2026-07-01,validation,training_half_b,1,0.006083171509991185,0.05458578086117717,0.017554074495620076,0.05591226428232414,2026-06-30,13,10
ADANIPOWER,2026-07-01,2026-07-02,validation,full_start_1,1,0.000535138840518364,0.004798534703359236,0.006429429125776764,0.019955255794275595,2026-07-01,13,13
ADANIPOWER,2026-07-01,2026-07-02,validation,full_start_2,1,0.0063485018700057926,0.05696665486148882,0.017797614410678397,0.05952118488962056,2026-07-01,13,10
ADANIPOWER,2026-07-01,2026-07-02,validation,full_start_3,1,0.006305555013290815,0.05658128224697848,0.017725150087773978,0.05920625583119406,2026-07-01,13,11
ADANIPOWER,2026-07-01,2026-07-02,validation,training_half_a,1,0.0005347982805256188,0.004798875106979253,0.004220488488465901,0.024288349633722506,2026-07-01,13,7
ADANIPOWER,2026-07-01,2026-07-02,validation,training_half_b,1,0.007614788326167734,0.06832935191680045,0.01906486018268405,0.06946513758405891,2026-07-01,13,11
ADANIPOWER,2026-07-02,2026-07-03,validation,full_start_1,1,0.005106696540121126,0.0005691026200038114,0.010938810254626508,0.015840107083545663,2026-07-02,14,10
ADANIPOWER,2026-07-02,2026-07-03,validation,full_start_2,1,0.007593988643990846,0.06814271129826373,0.019026161841900424,0.07039527323020237,2026-07-02,14,8
ADANIPOWER,2026-07-02,2026-07-03,validation,full_start_3,1,0.00755320006658663,0.06777670545013519,0.018955826239076212,0.07009918991758304,2026-07-02,14,8
ADANIPOWER,2026-07-02,2026-07-03,validation,training_half_a,1,0.004798875477873581,0.00053479829594053,0.0084266784434891,0.02013940094504385,2026-07-02,14,7
ADANIPOWER,2026-07-02,2026-07-03,validation,training_half_b,1,0.008642074219904327,0.07754743866401516,0.02007817422336855,0.07855531955086911,2026-07-02,14,10
ADANIPOWER,2026-07-06,2026-07-07,validation,full_start_1,1,0.03094974139888169,0.0034491140760281144,0.03643037056201115,0.018642297826077514,2026-07-06,15,12
ADANIPOWER,2026-07-06,2026-07-07,validation,full_start_2,1,0.009598220223875593,0.08612716983850313,0.021003134709434712,0.08789380610093729,2026-07-06,15,12
ADANIPOWER,2026-07-06,2026-07-07,validation,full_start_3,1,0.009563707518763195,0.08581747892231213,0.020938989292440646,0.08765251976798902,2026-07-06,15,16
ADANIPOWER,2026-07-06,2026-07-07,validation,training_half_a,1,0.02165840034743463,0.0024136645453615366,0.025057325795961483,0.021967538665630282,2026-07-06,15,8
ADANIPOWER,2026-07-06,2026-07-07,validation,training_half_b,1,0.010341147927010548,0.09279364122311791,0.021754139262960437,0.09358997472017169,2026-07-06,15,9
ADANIPOWER,2026-07-10,2026-07-13,validation,full_start_1,3,0.06932732571517217,0.00772600494123112,0.08400191516879996,0.051747631839767494,2026-07-10,15,9
ADANIPOWER,2026-07-10,2026-07-13,validation,full_start_2,3,0.013205490224363587,0.11849608290142928,0.0468118127542545,0.12110058881585571,2026-07-10,15,9
ADANIPOWER,2026-07-10,2026-07-13,validation,full_start_3,3,0.013177654388289684,0.11824630515876296,0.04669600632477655,0.12104582329709832,2026-07-10,15,9
ADANIPOWER,2026-07-10,2026-07-13,validation,training_half_a,3,0.06045457423547935,0.006737204045375986,0.06895486334715534,0.06348841314224218,2026-07-10,15,8
ADANIPOWER,2026-07-10,2026-07-13,validation,training_half_b,3,0.013540738570447991,0.12150434803473667,0.047187365304329876,0.122681740613951,2026-07-10,15,9
ADANIPOWER,2026-07-13,2026-07-14,validation,full_start_1,1,0.10630373242517933,0.03566227938910927,0.11075949149753533,0.049985032049979505,2026-07-13,14,9
ADANIPOWER,2026-07-13,2026-07-14,validation,full_start_2,1,0.0455209062495049,0.14437195881231804,0.056437251362615015,0.14456486751359585,2026-07-13,14,14
ADANIPOWER,2026-07-13,2026-07-14,validation,full_start_3,1,0.04545986045487514,0.1442085877123496,0.0563469278125136,0.1444659593083275,2026-07-13,14,7
ADANIPOWER,2026-07-13,2026-07-14,validation,training_half_a,1,0.11224850577239327,0.014512356268193157,0.114417619671491,0.033739571249147615,2026-07-13,14,19
ADANIPOWER,2026-07-13,2026-07-14,validation,training_half_b,1,0.031075636703626383,0.15759739665496464,0.0422066235537113,0.1574945511428382,2026-07-13,14,14
ADANIPOWER,2026-07-14,2026-07-15,validation,full_start_1,1,0.09216762126430329,0.05108196284998144,0.09681564191871106,0.06498806065128737,2026-07-14,18,9
ADANIPOWER,2026-07-14,2026-07-15,validation,full_start_2,1,0.060847094896841036,0.1244661996610154,0.07155499495202533,0.12519694603591286,2026-07-14,18,8
ADANIPOWER,2026-07-14,2026-07-15,validation,full_start_3,1,0.060756921490558564,0.12435243507372659,0.07143593742458232,0.12514630001748334,2026-07-14,18,11
ADANIPOWER,2026-07-14,2026-07-15,validation,training_half_a,1,0.10230217934933722,0.025862339575438317,0.10460632021470334,0.044783110201638276,2026-07-14,18,13
ADANIPOWER,2026-07-14,2026-07-15,validation,training_half_b,1,0.05767326807537662,0.12883330532926626,0.06844250733471924,0.1291295735253787,2026-07-14,18,6
CESC,2025-06-10,2025-06-11,validation,full_start_1,1,0.0015406295755775075,0.008756641663578455,0.001561763657960874,0.02196006672068096,2025-06-10,9,19
CESC,2025-06-10,2025-06-11,validation,full_start_2,1,0.0015477237563343298,0.008741664555050887,0.0015687624776030973,0.021944709932114614,2025-06-10,9,17
CESC,2025-06-10,2025-06-11,validation,full_start_3,1,0.0015415886043453754,0.008737124039769307,0.0015626670703536294,0.0219442242380955,2025-06-10,9,15
CESC,2025-06-10,2025-06-11,validation,training_half_a,1,0.001550186165138887,0.009188900777090787,0.0015712617207538915,0.02232722598731296,2025-06-10,9,15
CESC,2025-06-10,2025-06-11,validation,training_half_b,1,0.0009995055836584056,0.00896880409237411,0.0010224415819611032,0.02222428192319681,2025-06-10,9,18
CESC,2025-07-01,2025-07-02,validation,full_start_1,1,0.0005347982564327943,0.0047988751233832725,0.0005560750973284678,0.018064625661609934,2025-07-01,13,5
CESC,2025-07-01,2025-07-02,validation,full_start_2,1,0.0005347982564327625,0.004798875123383125,0.0005559803336993574,0.01806391459015888,2025-07-01,13,5
CESC,2025-07-01,2025-07-02,validation,full_start_3,1,0.0005347982564328037,0.00479887512338333,0.0005560192076244364,0.01806806543383155,2025-07-01,13,5
CESC,2025-07-01,2025-07-02,validation,training_half_a,1,0.0005347982564328031,0.0047988751233833055,0.0005560176357509994,0.018005963259966506,2025-07-01,13,5
CESC,2025-07-01,2025-07-02,validation,training_half_b,1,0.0005347982564327287,0.004798875123383016,0.0005578056823814515,0.018120125901828987,2025-07-01,13,5
CESC,2025-07-02,2025-07-03,validation,full_start_1,1,0.0005347982564327493,0.004798875123382935,0.0005560750973284123,0.0180646256616096,2025-07-02,12,5
CESC,2025-07-02,2025-07-03,validation,full_start_2,1,0.000534798256432726,0.004798875123382825,0.0005559803336993296,0.018063914590158547,2025-07-02,12,5
CESC,2025-07-02,2025-07-03,validation,full_start_3,1,0.0005347982564327594,0.0047988751233829854,0.0005560192076244086,0.018068065433831215,2025-07-02,12,5
CESC,2025-07-02,2025-07-03,validation,training_half_a,1,0.0005347982564327548,0.0047988751233829716,0.0005560176357509716,0.018005963259966173,2025-07-02,12,5
CESC,2025-07-02,2025-07-03,validation,training_half_b,1,0.0005347982564326949,0.00479887512338277,0.0005578056823813959,0.018120125901828654,2025-07-02,12,5
CESC,2025-07-15,2025-07-16,validation,full_start_1,1,0.015877118479194655,0.0017693845049317988,0.015896217771261656,0.015082842369610994,2025-07-15,11,16
CESC,2025-07-15,2025-07-16,validation,full_start_2,1,0.015874191897095585,0.0017690583585884816,0.015893203040683757,0.0150817368726891,2025-07-15,11,8
CESC,2025-07-15,2025-07-16,validation,full_start_3,1,0.015863542462921643,0.0017678715598738316,0.0158825940260838,0.015084848425996,2025-07-15,11,8
CESC,2025-07-15,2025-07-16,validation,training_half_a,1,0.016201167602546668,0.0018054973224446622,0.016220167933129193,0.015059472068249091,2025-07-15,11,8
CESC,2025-07-15,2025-07-16,validation,training_half_b,1,0.015116179801052248,0.0016845836563101296,0.015136946001828827,0.015054956645486839,2025-07-15,11,8
JSWENERGY,2026-01-29,2026-01-30,validation,full_start_1,1,0.001196695222775122,0.005131179709123253,0.0055987965330674405,0.011270985621479657,2026-01-29,19,19
JSWENERGY,2026-01-29,2026-01-30,validation,full_start_2,1,0.003760993145073749,0.0033403384053645735,0.005268026706567258,0.011642458282141277,2026-01-29,19,10
JSWENERGY,2026-01-29,2026-01-30,validation,full_start_3,1,0.001107447930622931,0.005237467884998255,0.005536237510292086,0.011353592151618352,2026-01-29,19,15
JSWENERGY,2026-01-29,2026-01-30,validation,training_half_a,1,0.008180627324364493,0.0009116689051313737,0.00901610558057922,0.009407062575767067,2026-01-29,19,8
JSWENERGY,2026-01-29,2026-01-30,validation,training_half_b,1,0.0005347982899789293,0.004798875386989622,0.002823537072088572,0.014360190546000406,2026-01-29,19,6
JSWENERGY,2026-01-30,2026-02-02,validation,full_start_1,3,0.0017020047854266797,0.015272484250081745,0.01471578854416461,0.03241466535530496,2026-01-30,13,8
JSWENERGY,2026-01-30,2026-02-02,validation,full_start_2,3,0.013783678428404575,0.0015360866987702683,0.017840238368465308,0.02617212009123837,2026-01-30,13,8
JSWENERGY,2026-01-30,2026-02-02,validation,full_start_3,3,0.0017038503835163524,0.015289064814439488,0.014791498856985441,0.032365569936661565,2026-01-30,13,9
JSWENERGY,2026-01-30,2026-02-02,validation,training_half_a,3,0.015332612220120521,0.0017087034092304234,0.01769882937572201,0.026916860601740034,2026-01-30,13,8
JSWENERGY,2026-01-30,2026-02-02,validation,training_half_b,3,0.000534798309992431,0.00479887541587941,0.007308106365017469,0.03272435480154712,2026-01-30,13,7
JSWENERGY,2026-02-02,2026-02-03,validation,full_start_1,1,0.001310929828878831,0.011763292921468846,0.005711529385221625,0.01772616383199499,2026-02-02,14,10
JSWENERGY,2026-02-02,2026-02-03,validation,full_start_2,1,0.011510651633342483,0.001282774872369673,0.012912302902737899,0.009613487275647592,2026-02-02,14,7
JSWENERGY,2026-02-02,2026-02-03,validation,full_start_3,1,0.0013110988529814178,0.01176480961594457,0.005737189250186903,0.01770630370490256,2026-02-02,14,8
JSWENERGY,2026-02-02,2026-02-03,validation,training_half_a,1,0.012901662704758378,0.0014377925131967592,0.013709363739642072,0.009927918502813715,2026-02-02,14,7
JSWENERGY,2026-02-02,2026-02-03,validation,training_half_b,1,0.001675617026237463,0.0036580563780058595,0.003948848877039529,0.013249807955771964,2026-02-02,14,20
JSWENERGY,2026-02-04,2026-02-05,validation,full_start_1,1,0.0025169483817829405,0.008430247156663333,0.006901693345662263,0.014482038813807357,2026-02-04,19,8
JSWENERGY,2026-02-04,2026-02-05,validation,full_start_2,1,0.00374122791712281,0.009137180286225111,0.005248530252398853,0.017358745491204863,2026-02-04,19,11
JSWENERGY,2026-02-04,2026-02-05,validation,full_start_3,1,0.002441484691369896,0.008505869882490861,0.006852592992757756,0.014534552485257618,2026-02-04,19,17
JSWENERGY,2026-02-04,2026-02-05,validation,training_half_a,1,0.005897630738557741,0.009156866854831537,0.006746541493441116,0.017569707543488744,2026-02-04,19,10
JSWENERGY,2026-02-04,2026-02-05,validation,training_half_b,1,0.0005347982565607096,0.00479887512421226,0.0028235370391246073,0.014360190290233832,2026-02-04,19,7
JSWENERGY,2026-02-06,2026-02-09,validation,full_start_1,3,0.000534799824294615,0.004798883493464681,0.013594014095040352,0.02275716059176977,2026-02-06,17,6
JSWENERGY,2026-02-06,2026-02-09,validation,full_start_2,3,0.003698539760931367,0.0016351336188834356,0.008160953062749318,0.026267094967524662,2026-02-06,17,19
JSWENERGY,2026-02-06,2026-02-09,validation,full_start_3,3,0.0005347998383462547,0.004798883225299556,0.013668318610332242,0.022695015702365123,2026-02-06,17,6
JSWENERGY,2026-02-06,2026-02-09,validation,training_half_a,3,0.004798800782976972,0.0005348733290272534,0.00734985990012868,0.02577793672753037,2026-02-06,17,12
JSWENERGY,2026-02-06,2026-02-09,validation,training_half_b,3,0.0005347993361978189,0.004798878798116164,0.0073081073499420834,0.03272435792023337,2026-02-06,17,5
JSWENERGY,2026-02-09,2026-02-10,validation,full_start_1,1,0.0013686788224545085,0.01228148871836495,0.005768519197476174,0.01823053492908025,2026-02-09,17,9
JSWENERGY,2026-02-09,2026-02-10,validation,full_start_2,1,0.013689016948874326,0.0015761442465730355,0.015061046121976701,0.009902779900106795,2026-02-09,17,22
JSWENERGY,2026-02-09,2026-02-10,validation,full_start_3,1,0.0013686415074475762,0.012281153878603368,0.005793969236249474,0.018208833876919323,2026-02-09,17,16
JSWENERGY,2026-02-09,2026-02-10,validation,training_half_a,1,0.01503812917405789,0.0021064600576406155,0.015833259851551262,0.010589891180732502,2026-02-09,17,21
JSWENERGY,2026-02-09,2026-02-10,validation,training_half_b,1,0.004798874696941923,0.0005347986828722228,0.0070296527024343025,0.010209877044590199,2026-02-09,17,26
JSWENERGY,2026-02-12,2026-02-13,validation,full_start_1,1,0.0024195940867230807,0.008145586717558202,0.006805618892167853,0.01420497269550186,2026-02-12,12,7
JSWENERGY,2026-02-12,2026-02-13,validation,full_start_2,1,0.008998138796264089,0.0035718854405395635,0.010433956004984188,0.011870787669533645,2026-02-12,12,15
JSWENERGY,2026-02-12,2026-02-13,validation,full_start_3,1,0.0023786254581818623,0.008175803452322498,0.006790566893728589,0.01421331653489502,2026-02-12,12,15
JSWENERGY,2026-02-12,2026-02-13,validation,training_half_a,1,0.012586217491733888,0.0016024031742291314,0.013395774515991526,0.010090881040779043,2026-02-12,12,18
JSWENERGY,2026-02-12,2026-02-13,validation,training_half_b,1,0.002679714733959737,0.0026539586460643696,0.004939298076295978,0.012272498994704673,2026-02-12,12,18
JSWENERGY,2026-02-20,2026-02-23,validation,full_start_1,3,0.0005347982564325922,0.004798875123382982,0.013594012588203419,0.02275715287387925,2026-02-20,12,6
JSWENERGY,2026-02-20,2026-02-23,validation,full_start_2,3,0.004749310555483395,0.0005843628257412639,0.009169437987620571,0.025259523748047963,2026-02-20,12,19
JSWENERGY,2026-02-20,2026-02-23,validation,full_start_3,3,0.0005347982564325902,0.004798875123382982,0.013668317090488491,0.022695008233474034,2026-02-20,12,6
JSWENERGY,2026-02-20,2026-02-23,validation,training_half_a,3,0.000534798779391089,0.004798875262983008,0.003160680433389962,0.0299151399600609,2026-02-20,12,4
JSWENERGY,2026-02-20,2026-02-23,validation,training_half_b,3,0.0005347998900967971,0.004798877173343959,0.007308107881559556,0.032724356422066614,2026-02-20,12,5
JSWENERGY,2026-02-25,2026-02-26,validation,full_start_1,1,0.0005347982564333118,0.004798875123387317,0.004945601013837675,0.010947546432126865,2026-02-25,12,6
JSWENERGY,2026-02-25,2026-02-26,validation,full_start_2,1,0.0005348058004717488,0.004798867933894735,0.002085710071574806,0.013080719642263205,2026-02-25,12,4
JSWENERGY,2026-02-25,2026-02-26,validation,full_start_3,1,0.0005347982564333055,0.004798875123387373,0.004971177715590747,0.010926733344661349,2026-02-25,12,6
JSWENERGY,2026-02-25,2026-02-26,validation,training_half_a,1,0.0005347990976005121,0.004798875574537404,0.0014152632193725478,0.01325534956075991,2026-02-25,12,4
JSWENERGY,2026-02-25,2026-02-26,validation,training_half_b,1,0.0005347999661639036,0.004798877922096419,0.0028235387254894884,0.014360193013471967,2026-02-25,12,5
JSWENERGY,2026-02-27,2026-03-02,validation,full_start_1,3,0.0005347982564691096,0.00479887512363524,0.013594012588238502,0.02275715287411187,2026-02-27,10,6
JSWENERGY,2026-02-27,2026-03-02,validation,full_start_2,3,0.004798875144207756,0.0005347983062191668,0.00921700796272372,0.02521199693848719,2026-02-27,10,5
JSWENERGY,2026-02-27,2026-03-02,validation,full_start_3,3,0.0005347982564686698,0.004798875123633966,0.01366831709052313,0.022695008233705433,2026-02-27,10,6
JSWENERGY,2026-02-27,2026-03-02,validation,training_half_a,3,0.004798874917662863,0.000534798462152386,0.0073499327339368314,0.025777864086973135,2026-02-27,10,5
JSWENERGY,2026-02-27,2026-03-02,validation,training_half_b,3,0.0005349038854078689,0.004798770216684643,0.007308207693488111,0.03272425779967858,2026-02-27,10,5
JSWENERGY,2026-03-02,2026-03-04,validation,full_start_1,2,0.0005347984175389154,0.00479887587159953,0.009298418518224216,0.01693218096503904,2026-03-02,12,6
JSWENERGY,2026-03-02,2026-03-04,validation,full_start_2,2,0.00479887377381201,0.0005347996452873286,0.007764412845476548,0.01710110208875304,2026-03-02,12,5
JSWENERGY,2026-03-02,2026-03-04,validation,full_start_3,2,0.0005347984187843653,0.0047988758811731026,0.009348757708940725,0.016890649745700398,2026-03-02,12,6
JSWENERGY,2026-03-02,2026-03-04,validation,training_half_a,2,0.000534798256749249,0.004798875123263248,0.0022905461111967784,0.02162715477425503,2026-03-02,12,5
JSWENERGY,2026-03-02,2026-03-04,validation,training_half_b,2,0.0005347982652759099,0.00479887511596172,0.0050811654408013385,0.023666414860052387,2026-03-02,12,6
JSWENERGY,2026-03-04,2026-03-05,validation,full_start_1,1,0.0010907692460130818,0.009787738342604744,0.005494263083135831,0.015803314136451696,2026-03-04,11,7
JSWENERGY,2026-03-04,2026-03-05,validation,full_start_2,1,0.00869760025047623,0.0009692816190272639,0.010137504276811177,0.009304350419573337,2026-03-04,11,7
JSWENERGY,2026-03-04,2026-03-05,validation,full_start_3,1,0.0010909612299702645,0.009789461061452703,0.005519969323814378,0.015783802922633206,2026-03-04,11,7
JSWENERGY,2026-03-04,2026-03-05,validation,training_half_a,1,0.009842681919075703,0.0010968922911316489,0.010668381121624937,0.009590431458947668,2026-03-04,11,7
JSWENERGY,2026-03-04,2026-03-05,validation,training_half_b,1,0.004798875805285105,0.0005347983324406167,0.007029653795711965,0.010209876703507925,2026-03-04,11,6
JSWENERGY,2026-03-09,2026-03-10,validation,full_start_1,1,0.0035860131779884966,0.032178170412830755,0.007956703974442147,0.03759640249246743,2026-03-09,12,7
JSWENERGY,2026-03-09,2026-03-10,validation,full_start_2,1,0.028402535033813178,0.003165247234781291,0.029574485163049974,0.011469800231534433,2026-03-09,12,7
JSWENERGY,2026-03-09,2026-03-10,validation,full_start_3,1,0.0035878248542250304,0.032194427025335697,0.007983739601716333,0.03758935440079442,2026-03-09,12,7
JSWENERGY,2026-03-09,2026-03-10,validation,training_half_a,1,0.027709569422667762,0.0030880214701843878,0.028430144971464136,0.011561624955165661,2026-03-09,12,7
JSWENERGY,2026-03-09,2026-03-10,validation,training_half_b,1,0.01591161555650366,0.0017732289417541243,0.017991340196837013,0.011415266670679602,2026-03-09,12,7
JSWENERGY,2026-03-11,2026-03-12,validation,full_start_1,1,0.004985324102902409,0.0447345284537884,0.009337619241684914,0.04981777541453075,2026-03-11,12,7
JSWENERGY,2026-03-11,2026-03-12,validation,full_start_2,1,0.03978064777667216,0.004433251652467572,0.04079787475231347,0.012720184075500907,2026-03-11,12,7
JSWENERGY,2026-03-11,2026-03-12,validation,full_start_3,1,0.004988003546981049,0.04475857175867733,0.00936536037325264,0.04981736247737831,2026-03-11,12,7
JSWENERGY,2026-03-11,2026-03-12,validation,training_half_a,1,0.03919268165243815,0.0043677272865573335,0.039845693854579714,0.012828518037163783,2026-03-11,12,6
JSWENERGY,2026-03-11,2026-03-12,validation,training_half_b,1,0.02854320844319015,0.00318092421993447,0.03045123425269808,0.012785405419183327,2026-03-11,12,9
JSWENERGY,2026-03-13,2026-03-16,validation,full_start_1,3,0.037802636144529826,0.04874253843404822,0.04941129379340409,0.06327675521616019,2026-03-13,16,8
JSWENERGY,2026-03-13,2026-03-16,validation,full_start_2,3,0.010087340617255325,0.07326459922846192,0.014292651226623529,0.09495171057136154,2026-03-13,16,7
JSWENERGY,2026-03-13,2026-03-16,validation,full_start_3,3,0.037881842314414826,0.04870416581969371,0.04954996680197382,0.06316985523619745,2026-03-13,16,8
JSWENERGY,2026-03-13,2026-03-16,validation,training_half_a,3,0.012127723678932886,0.07109713450396624,0.014550178587415918,0.0942418866856376,2026-03-13,16,7
JSWENERGY,2026-03-13,2026-03-16,validation,training_half_b,3,0.0077383359344313065,0.06943797472309836,0.014221869835736006,0.09232664952538056,2026-03-13,16,9
JSWENERGY,2026-03-18,2026-03-19,validation,full_start_1,1,0.05597620801784779,0.019882885117982613,0.05965816547245445,0.025629137280584385,2026-03-18,14,7
JSWENERGY,2026-03-18,2026-03-19,validation,full_start_2,1,0.0077438142750144556,0.06948713320861226,0.009196688182850299,0.07687005717573525,2026-03-18,14,6
JSWENERGY,2026-03-18,2026-03-19,validation,full_start_3,1,0.05605518373791542,0.01982901674660978,0.05975569787846541,0.025554763907954775,2026-03-18,14,15
JSWENERGY,2026-03-18,2026-03-19,validation,training_half_a,1,0.007795649509231083,0.06995226340117555,0.008633392864754924,0.07775640538956119,2026-03-18,14,6
JSWENERGY,2026-03-18,2026-03-19,validation,training_half_b,1,0.007200068971375666,0.06460797404961593,0.009398208001466957,0.07257361561102904,2026-03-18,14,7
JSWENERGY,2026-03-25,2026-03-27,validation,full_start_1,2,0.0005347996294327,0.00479888744060018,0.009298419698463789,0.0169321919249861,2026-03-25,11,7
JSWENERGY,2026-03-25,2026-03-27,validation,full_start_2,2,0.004798879183635277,0.0005347987089188463,0.007764418109171209,0.01710110117822783,2026-03-25,11,6
JSWENERGY,2026-03-25,2026-03-27,validation,full_start_3,2,0.0005347996756948282,0.004798887855949888,0.009348758932753887,0.016890661088310388,2026-03-25,11,7
JSWENERGY,2026-03-25,2026-03-27,validation,training_half_a,2,0.004798875401591643,0.0005347982874369509,0.0065045936505923885,0.017448036490783525,2026-03-25,11,6
JSWENERGY,2026-03-25,2026-03-27,validation,training_half_b,2,0.0013315469668393873,0.004002126412976479,0.005856401247194831,0.02291161266450864,2026-03-25,11,18
JSWENERGY,2026-03-27,2026-03-30,validation,full_start_1,3,0.0013154276108953958,0.011803652615933151,0.014344257912060954,0.02921612277103408,2026-03-27,12,7
JSWENERGY,2026-03-27,2026-03-30,validation,full_start_2,3,0.00894493743351802,0.0009968454732308327,0.013196221448695422,0.025655048297128058,2026-03-27,12,7
JSWENERGY,2026-03-27,2026-03-30,validation,full_start_3,3,0.0013179004584954997,0.011825842080257928,0.014420692535760393,0.02917293852301442,2026-03-27,12,12
JSWENERGY,2026-03-27,2026-03-30,validation,training_half_a,3,0.009271947562634603,0.0010332882733434753,0.011744514176860094,0.026261530297773783,2026-03-27,12,7
JSWENERGY,2026-03-27,2026-03-30,validation,training_half_b,3,0.004798881372327986,0.0005347990256997033,0.011400659670003033,0.028792543553303906,2026-03-27,12,6
JSWENERGY,2026-03-30,2026-04-01,validation,full_start_1,2,0.004984696710034697,0.04472889870464611,0.013632087119330616,0.054760075472051944,2026-03-30,13,8
JSWENERGY,2026-03-30,2026-04-01,validation,full_start_2,2,0.036520102312078695,0.004069888575777526,0.038628796614446625,0.020538624335984745,2026-03-30,13,7
JSWENERGY,2026-03-30,2026-04-01,validation,full_start_3,2,0.004990777848035388,0.04478346623833262,0.0136874011070523,0.05476439237152511,2026-03-30,13,8
JSWENERGY,2026-03-30,2026-04-01,validation,training_half_a,2,0.03313032926929894,0.003692124065059684,0.03450363996313831,0.020542454905873364,2026-03-30,13,7
JSWENERGY,2026-03-30,2026-04-01,validation,training_half_b,2,0.022637838346826162,0.0025228154861322467,0.02658740456958031,0.021510183165733998,2026-03-30,13,7
JSWENERGY,2026-04-01,2026-04-02,validation,full_start_1,1,0.0029388954012992676,0.026371424853920588,0.007318093354297561,0.031944572343351685,2026-04-01,10,8
JSWENERGY,2026-04-01,2026-04-02,validation,full_start_2,1,0.021394480474319574,0.0023842526760482247,0.022661728332320275,0.010699658609908735,2026-04-01,10,7
JSWENERGY,2026-04-01,2026-04-02,validation,full_start_3,1,0.002942209098248147,0.02640115946442677,0.007346680815217443,0.03195107785845114,2026-04-01,10,11
JSWENERGY,2026-04-01,2026-04-02,validation,training_half_a,1,0.021306454515486243,0.0023744428501839268,0.022064704160249637,0.010855190862600006,2026-04-01,10,8
JSWENERGY,2026-04-01,2026-04-02,validation,training_half_b,1,0.007014164360975046,0.0007816754499732632,0.009214830356947618,0.010450167276399247,2026-04-01,10,7
JSWENERGY,2026-04-02,2026-04-06,validation,full_start_1,4,0.0049637984483947885,0.04454137350855686,0.022033790091957495,0.0640948575707678,2026-04-02,13,7
JSWENERGY,2026-04-02,2026-04-06,validation,full_start_2,4,0.03658761557127897,0.004077412416756617,0.040744446689639016,0.036559945504365365,2026-04-02,13,7
JSWENERGY,2026-04-02,2026-04-06,validation,full_start_3,4,0.004968729471108896,0.04458562077741188,0.022134120080256114,0.06404090241983804,2026-04-02,13,7
JSWENERGY,2026-04-02,2026-04-06,validation,training_half_a,4,0.035224488704369006,0.003925502260110061,0.037906144830585575,0.0372812265329765,2026-04-02,13,10
JSWENERGY,2026-04-02,2026-04-06,validation,training_half_b,4,0.02311986703044347,0.002576533929084217,0.030886678865127443,0.039546132123914,2026-04-02,13,10
JSWENERGY,2026-04-08,2026-04-09,validation,full_start_1,1,0.003614728351589974,0.03243583866548922,0.007985041651881686,0.037847196536062194,2026-04-08,18,8
JSWENERGY,2026-04-08,2026-04-09,validation,full_start_2,1,0.027567329025053506,0.0058550511938203036,0.028750636548130357,0.014122225859480197,2026-04-08,18,15
JSWENERGY,2026-04-08,2026-04-09,validation,full_start_3,1,0.0036162940571789625,0.032449888123413144,0.008011831474813491,0.037837980983569636,2026-04-08,18,8
JSWENERGY,2026-04-08,2026-04-09,validation,training_half_a,1,0.028628234080434474,0.00515282595575945,0.029343404469245438,0.013605756102328947,2026-04-08,18,8
JSWENERGY,2026-04-08,2026-04-09,validation,training_half_b,1,0.01776972889068139,0.0019803015881181803,0.019824196551164214,0.0116168147336278,2026-04-08,18,9
JSWENERGY,2026-04-09,2026-04-10,validation,full_start_1,1,0.010545720059266754,0.046755134123801875,0.014824916976125757,0.05178447430453681,2026-04-09,13,10
JSWENERGY,2026-04-09,2026-04-10,validation,full_start_2,1,0.03294025913837814,0.01869332204888504,0.03405050386888393,0.02678209221146799,2026-04-09,13,13
JSWENERGY,2026-04-09,2026-04-10,validation,full_start_3,1,0.010563395856409185,0.046762957742510707,0.014866856620854851,0.051768123831938684,2026-04-09,13,7
JSWENERGY,2026-04-09,2026-04-10,validation,training_half_a,1,0.040094564175296624,0.009794699356916636,0.040742269958732646,0.01820115390719723,2026-04-09,13,11
JSWENERGY,2026-04-09,2026-04-10,validation,training_half_b,1,0.023846150804876995,0.016245103120546667,0.025818022822226894,0.025501039268755854,2026-04-09,13,8
JSWENERGY,2026-04-15,2026-04-16,validation,full_start_1,1,0.02529289111030896,0.0739840874189538,0.029378218383586396,0.07828699927332283,2026-04-15,22,7
JSWENERGY,2026-04-15,2026-04-16,validation,full_start_2,1,0.051239481629867085,0.04403605323120759,0.05210088778088124,0.051772653119909084,2026-04-15,22,14
JSWENERGY,2026-04-15,2026-04-16,validation,full_start_3,1,0.025374002120300505,0.07393340864889887,0.029481163608315875,0.07821166616443587,2026-04-15,22,8
JSWENERGY,2026-04-15,2026-04-16,validation,training_half_a,1,0.030842149177613767,0.06583101425627046,0.0315442935234686,0.0736764192208107,2026-04-15,22,9
JSWENERGY,2026-04-15,2026-04-16,validation,training_half_b,1,0.044799139160323305,0.043108264498599995,0.04648620120673749,0.051647506392632936,2026-04-15,22,9
JSWENERGY,2026-04-17,2026-04-20,validation,full_start_1,3,0.014536064417821432,0.059706954047998674,0.027050314744425152,0.07338683087034314,2026-04-17,18,17
JSWENERGY,2026-04-17,2026-04-20,validation,full_start_2,3,0.03659152874749278,0.035821555565563205,0.0397302388659827,0.05904803546869575,2026-04-17,18,8
JSWENERGY,2026-04-17,2026-04-20,validation,full_start_3,3,0.014583208671696265,0.05967225387260332,0.027165506874533396,0.07328097575979342,2026-04-17,18,11
JSWENERGY,2026-04-17,2026-04-20,validation,training_half_a,3,0.0075887603850092935,0.06809579685318543,0.01009086271111126,0.09132979986601308,2026-04-17,18,7
JSWENERGY,2026-04-17,2026-04-20,validation,training_half_b,3,0.03765984772605912,0.02670004628444795,0.04293973958237246,0.05291894375615641,2026-04-17,18,17
JSWENERGY,2026-04-24,2026-04-27,validation,full_start_1,3,0.011156615600415013,0.035818781627870104,0.023802402456755578,0.05136000893006737,2026-04-24,11,6
JSWENERGY,2026-04-24,2026-04-27,validation,full_start_2,3,0.014047014417350788,0.02439082376375503,0.018092977002242758,0.04808724701109257,2026-04-24,11,8
JSWENERGY,2026-04-24,2026-04-27,validation,full_start_3,3,0.011128448853385896,0.03592555726697902,0.023846302242287953,0.05138967526526103,2026-04-24,11,6
JSWENERGY,2026-04-24,2026-04-27,validation,training_half_a,3,0.024136539471814385,0.0121679081479302,0.026348269793067328,0.03706503978291198,2026-04-24,11,9
JSWENERGY,2026-04-24,2026-04-27,validation,training_half_b,3,0.002467455913858581,0.022141083385691485,0.009163019636752784,0.04871522413074447,2026-04-24,11,8
JSWENERGY,2026-04-27,2026-04-28,validation,full_start_1,1,0.05279598697276737,0.02551018567678141,0.056519752331980755,0.031106309757610223,2026-04-27,17,8
JSWENERGY,2026-04-27,2026-04-28,validation,full_start_2,1,0.007149413108958825,0.06415342664770919,0.008610369870690679,0.07161046941784688,2026-04-27,17,10
JSWENERGY,2026-04-27,2026-04-28,validation,full_start_3,1,0.05287224763856701,0.02553875101730118,0.05661494830693997,0.031111741979998442,2026-04-27,17,13
JSWENERGY,2026-04-27,2026-04-28,validation,training_half_a,1,0.0071421646033592474,0.06408838403998726,0.00798375287708522,0.07195123665365821,2026-04-27,17,10
JSWENERGY,2026-04-27,2026-04-28,validation,training_half_b,1,0.006128041387841265,0.054988409213108866,0.008340752284232922,0.063210695431827,2026-04-27,17,13
JSWENERGY,2026-04-29,2026-04-30,validation,full_start_1,1,0.04951457007068875,0.02378269295120759,0.053281473678115754,0.02942490399086456,2026-04-29,18,12
JSWENERGY,2026-04-29,2026-04-30,validation,full_start_2,1,0.0070881904055526915,0.06360406040571401,0.00854997969284979,0.0710687373356631,2026-04-29,18,9
JSWENERGY,2026-04-29,2026-04-30,validation,full_start_3,1,0.04958924211104241,0.023795428777221964,0.05337545562406787,0.029415059962701495,2026-04-29,18,9
JSWENERGY,2026-04-29,2026-04-30,validation,training_half_a,1,0.007037673892416517,0.06315076341871771,0.007879876959587362,0.07102300372431825,2026-04-29,18,16
JSWENERGY,2026-04-29,2026-04-30,validation,training_half_b,1,0.00618924046959454,0.05553756349223127,0.008401119498550408,0.06374519857920191,2026-04-29,18,13
JSWENERGY,2026-04-30,2026-05-04,validation,full_start_1,4,0.056151275776557666,0.006257634051666793,0.07058219349978506,0.029735932106398855,2026-04-30,12,13
JSWENERGY,2026-04-30,2026-05-04,validation,full_start_2,4,0.005966534202658409,0.05353916586966366,0.011755278994154919,0.08332913634870387,2026-04-30,12,9
JSWENERGY,2026-04-30,2026-05-04,validation,full_start_3,4,0.056219094220648,0.00626519229015542,0.07072094485565794,0.02965966513608101,2026-04-30,12,12
JSWENERGY,2026-04-30,2026-05-04,validation,training_half_a,4,0.006049556567494492,0.054284145787799394,0.00941180435718142,0.08565314436328364,2026-04-30,12,10
JSWENERGY,2026-04-30,2026-05-04,validation,training_half_b,4,0.004813545717655084,0.043193119128340826,0.013555584009215221,0.07599860427903826,2026-04-30,12,8
NHPC,2026-01-29,2026-01-30,validation,full_start_1,1,0.009527468133857707,0.08549229235518278,0.009538893540090146,0.08919162065429287,2026-01-29,12,7
NHPC,2026-01-29,2026-01-30,validation,full_start_2,1,0.009522332448827142,0.08544621033374081,0.009534049483567078,0.08914763572569179,2026-01-29,12,8
NHPC,2026-01-29,2026-01-30,validation,full_start_3,1,0.00951084515576204,0.08534313205280111,0.009521932825450788,0.08905121771640956,2026-01-29,12,8
NHPC,2026-01-29,2026-01-30,validation,training_half_a,1,0.007508284133628497,0.06737366382677346,0.007530597731287086,0.07280965412748597,2026-01-29,12,10
NHPC,2026-01-29,2026-01-30,validation,training_half_b,1,0.009113095366573823,0.08177402623447125,0.009133048375996267,0.08564247022986626,2026-01-29,12,8
NHPC,2026-01-30,2026-02-02,validation,full_start_1,3,0.010486819535919067,0.09410078808039714,0.010520662078796053,0.10481947111394746,2026-01-30,11,7
NHPC,2026-01-30,2026-02-02,validation,full_start_2,3,0.010481671494005161,0.09405459344535923,0.010516382026282328,0.10478182591701168,2026-01-30,11,7
NHPC,2026-01-30,2026-02-02,validation,full_start_3,3,0.010468981582277733,0.09394072377399405,0.010501817488875076,0.10469306097787073,2026-01-30,11,7
NHPC,2026-01-30,2026-02-02,validation,training_half_a,3,0.00858462268975522,0.07703191199102652,0.008650989553407012,0.09292782522944065,2026-01-30,11,7
NHPC,2026-01-30,2026-02-02,validation,training_half_b,3,0.010072288813242028,0.09038110285516385,0.010131732180828856,0.10179832994372162,2026-01-30,11,7
NHPC,2026-02-03,2026-02-04,validation,full_start_1,1,0.01072563681776675,0.09624375376719206,0.010736883778047296,0.09983171646409084,2026-02-03,14,7
NHPC,2026-02-03,2026-02-04,validation,full_start_2,1,0.010721277667529672,0.09620463804947946,0.010732813353015722,0.09979531274088438,2026-02-03,14,7
NHPC,2026-02-03,2026-02-04,validation,full_start_3,1,0.010710966277773728,0.09611211143557952,0.010721877638243837,0.09971082015482396,2026-02-03,14,7
NHPC,2026-02-03,2026-02-04,validation,training_half_a,1,0.009107469562425712,0.0817235445224413,0.009129504643931252,0.08702804241333151,2026-02-03,14,7
NHPC,2026-02-03,2026-02-04,validation,training_half_b,1,0.010371477972040837,0.09306580011076607,0.01039125288989054,0.09687726419639353,2026-02-03,14,6
NHPC,2026-02-04,2026-02-05,validation,full_start_1,1,0.01212103198157038,0.10876497472915725,0.012132071122516616,0.11222324033099013,2026-02-04,13,7
NHPC,2026-02-04,2026-02-05,validation,full_start_2,1,0.012116200145053988,0.1087216174822331,0.012127524838289036,0.11218343837849937,2026-02-04,13,7
NHPC,2026-02-04,2026-02-05,validation,full_start_3,1,0.012104814850800082,0.10861945446148596,0.012115521441644614,0.11209113025461365,2026-02-04,13,7
NHPC,2026-02-04,2026-02-05,validation,training_half_a,1,0.010614797645261619,0.095249166852905,0.010636570208605423,0.10042972526915439,2026-02-04,13,7
NHPC,2026-02-04,2026-02-05,validation,training_half_b,1,0.011727686667279707,0.10523539133776433,0.011747269648799075,0.10898544592142889,2026-02-04,13,6
NHPC,2026-02-11,2026-02-12,validation,full_start_1,1,0.006836331091563262,0.06134406538523852,0.006848157294876811,0.06529352543256284,2026-02-11,14,6
NHPC,2026-02-11,2026-02-12,validation,full_start_2,1,0.006835313884375231,0.06133493773717457,0.006847437350371771,0.06528457229143841,2026-02-11,14,6
NHPC,2026-02-11,2026-02-12,validation,full_start_3,1,0.006832912865163277,0.06131339280648699,0.006844393948600869,0.0652655405449869,2026-02-11,14,6
NHPC,2026-02-11,2026-02-12,validation,training_half_a,1,0.005832845860753087,0.05233954778837927,0.005855451254856314,0.057913300359689224,2026-02-11,14,6
NHPC,2026-02-11,2026-02-12,validation,training_half_b,1,0.00675330655218203,0.06059906595437179,0.006773593528793337,0.06457436183498066,2026-02-11,14,5
NHPC,2026-02-12,2026-02-13,validation,full_start_1,1,0.006799744705435132,0.06101576682380325,0.006811576357641305,0.06496862744762583,2026-02-12,9,6
NHPC,2026-02-12,2026-02-13,validation,full_start_2,1,0.0067989222280279964,0.061008386533531925,0.006811051198529344,0.06496138271047175,2026-02-12,9,6
NHPC,2026-02-12,2026-02-13,validation,full_start_3,1,0.006796628153609462,0.060987801244545996,0.006808114567616624,0.06494325590832545,2026-02-12,9,6
NHPC,2026-02-12,2026-02-13,validation,training_half_a,1,0.005918491655111486,0.05310806837913207,0.005941082133035069,0.05867477875778415,2026-02-12,9,5
NHPC,2026-02-12,2026-02-13,validation,training_half_b,1,0.006733334482028601,0.060419851700276715,0.006753624285170845,0.06439605192170395,2026-02-12,9,5
NHPC,2026-02-23,2026-02-24,validation,full_start_1,1,0.003171915806778913,0.011084168464746207,0.003184287759687182,0.015554229709725198,2026-02-23,9,16
NHPC,2026-02-23,2026-02-24,validation,full_start_2,1,0.0031491232760733462,0.01111170647569439,0.0031618043054231215,0.015578355057738247,2026-02-23,9,11
NHPC,2026-02-23,2026-02-24,validation,full_start_3,1,0.003227738787681672,0.010992002225412719,0.0032397495055144637,0.0154552476029986,2026-02-23,9,7
NHPC,2026-02-23,2026-02-24,validation,training_half_a,1,0.0005347982689200263,0.004798875205188188,0.000558326377680024,0.010808257712043523,2026-02-23,9,5
NHPC,2026-02-23,2026-02-24,validation,training_half_b,1,0.002864665239577605,0.011461312926544636,0.0028855025529816447,0.015684564953315938,2026-02-23,9,10
NHPC,2026-02-26,2026-02-27,validation,full_start_1,1,0.010405472896379917,0.0011596110795273745,0.01041676753939201,0.005732472703685709,2026-02-26,9,10
NHPC,2026-02-26,2026-02-27,validation,full_start_2,1,0.010413185058852645,0.0011604705415758313,0.010424767345604408,0.005729560333443573,2026-02-26,9,10
NHPC,2026-02-26,2026-02-27,validation,full_start_3,1,0.010423700805398457,0.0011616424418171183,0.010434654367901391,0.005724731516461912,2026-02-26,9,11
NHPC,2026-02-26,2026-02-27,validation,training_half_a,1,0.0005347982851990809,0.004798875318289857,0.0005583263939562544,0.010808257824108769,2026-02-26,9,5
NHPC,2026-02-26,2026-02-27,validation,training_half_b,1,0.011168269016781479,0.001244618925138369,0.011187931169427928,0.005519425854505267,2026-02-26,9,17
NHPC,2026-03-04,2026-03-05,validation,full_start_1,1,0.04514840499368725,0.005031447506052491,0.04515452529382668,0.009564203940899296,2026-03-04,11,13
NHPC,2026-03-04,2026-03-05,validation,full_start_2,1,0.04516500044486445,0.005033296943277665,0.04517132626477097,0.009562518619802285,2026-03-04,11,13
NHPC,2026-03-04,2026-03-05,validation,full_start_3,1,0.04516895340137275,0.00503373747032864,0.045174802555475686,0.00955749896271596,2026-03-04,11,13
NHPC,2026-03-04,2026-03-05,validation,training_half_a,1,0.029990401032088953,0.0033422028640679884,0.030008799115887455,0.00936493331161481,2026-03-04,11,13
NHPC,2026-03-04,2026-03-05,validation,training_half_b,1,0.046175373403144766,0.005145895350793019,0.0461900812038718,0.009401015880029284,2026-03-04,11,12
NHPC,2026-03-05,2026-03-06,validation,full_start_1,1,0.026357245749698967,0.0029373152477670606,0.026366164659369425,0.007491763087262737,2026-03-05,11,10
NHPC,2026-03-05,2026-03-06,validation,full_start_2,1,0.02637386671124225,0.0029391675279405757,0.026383034827885156,0.007489946843361017,2026-03-05,11,10
NHPC,2026-03-05,2026-03-06,validation,full_start_3,1,0.026384490135923016,0.0029403514280938823,0.02639309890651792,0.007485374746744877,2026-03-05,11,10
NHPC,2026-03-05,2026-03-06,validation,training_half_a,1,0.01163406070612889,0.0012965278780754095,0.011655655753331301,0.007338003480326094,2026-03-05,11,8
NHPC,2026-03-05,2026-03-06,validation,training_half_b,1,0.027521637953023505,0.0030670779328999297,0.027538985708458363,0.007332688472846072,2026-03-05,11,10
NHPC,2026-03-09,2026-03-10,validation,full_start_1,1,0.015722190883279825,0.039251279971978754,0.015732693695546474,0.0434295811282267,2026-03-09,12,6
NHPC,2026-03-09,2026-03-10,validation,full_start_2,1,0.015866597419894008,0.039080662728411035,0.015877354838046795,0.04325938991707157,2026-03-09,12,6
NHPC,2026-03-09,2026-03-10,validation,full_start_3,1,0.015674227655068446,0.03927442061951766,0.01568440986518929,0.04345041087354762,2026-03-09,12,11
NHPC,2026-03-09,2026-03-10,validation,training_half_a,1,0.02060976386324881,0.017165899677849053,0.020629795690658592,0.02306195930176702,2026-03-09,12,11
NHPC,2026-03-09,2026-03-10,validation,training_half_b,1,0.01589558406277309,0.038645117811242906,0.015914577186010165,0.042731196461498144,2026-03-09,12,9
NHPC,2026-03-10,2026-03-11,validation,full_start_1,1,0.004412008255180042,0.039590025593801564,0.0044241955183360465,0.043764817960990465,2026-03-10,9,7
NHPC,2026-03-10,2026-03-11,validation,full_start_2,1,0.00441137256043094,0.039584321349866065,0.004423862665322811,0.04375786371536877,2026-03-10,9,7
NHPC,2026-03-10,2026-03-11,validation,full_start_3,1,0.004409373407182657,0.039566382460741054,0.004421210531640046,0.043739407355387505,2026-03-10,9,7
NHPC,2026-03-10,2026-03-11,validation,training_half_a,1,0.00290519886206676,0.026069057592732398,0.002928314138867072,0.031883534817877424,2026-03-10,9,8
NHPC,2026-03-10,2026-03-11,validation,training_half_b,1,0.0043653106924929665,0.03917099698075574,0.0043859356282722195,0.0432544219693316,2026-03-10,9,7
NHPC,2026-03-11,2026-03-12,validation,full_start_1,1,0.006722752745395046,0.06032489919794206,0.0067345958641866766,0.06428491595489422,2026-03-11,11,7
NHPC,2026-03-11,2026-03-12,validation,full_start_2,1,0.006721000189769076,0.06030917308872258,0.006733140946549976,0.0642693671928029,2026-03-11,11,13
NHPC,2026-03-11,2026-03-12,validation,full_start_3,1,0.006716583252591226,0.06026953883488933,0.006728081425956434,0.0642322886512387,2026-03-11,11,6
NHPC,2026-03-11,2026-03-12,validation,training_half_a,1,0.005277775975118664,0.047358770394528425,0.005300478040893897,0.052978163374716725,2026-03-11,11,7
NHPC,2026-03-11,2026-03-12,validation,training_half_b,1,0.006584319387618429,0.059082702932546416,0.006604630280000495,0.06306565059834912,2026-03-11,11,6
NHPC,2026-03-19,2026-03-20,validation,full_start_1,1,0.008092988779525587,0.07262036115627668,0.008104627825988572,0.07645301927118164,2026-03-19,14,6
NHPC,2026-03-19,2026-03-20,validation,full_start_2,1,0.008091899536543448,0.07261058711347353,0.008103832934747979,0.07644414652176507,2026-03-19,14,6
NHPC,2026-03-19,2026-03-20,validation,full_start_3,1,0.008089002857188722,0.07258459450349676,0.008100299409047829,0.07642226439250793,2026-03-19,14,6
NHPC,2026-03-19,2026-03-20,validation,training_half_a,1,0.007268615639655993,0.06522306001379898,0.007290970978282046,0.07067875696461812,2026-03-19,14,6
NHPC,2026-03-19,2026-03-20,validation,training_half_b,1,0.008004466863536645,0.07182603242493742,0.008024576770704533,0.07574467542323893,2026-03-19,14,5
NHPC,2026-04-01,2026-04-02,validation,full_start_1,1,0.042374084430256004,0.03878921818975138,0.0423806179161851,0.0429723054663847,2026-04-01,10,6
NHPC,2026-04-01,2026-04-02,validation,full_start_2,1,0.04241521433841991,0.038738357735848925,0.042421956083633916,0.042920608721734144,2026-04-01,10,6
NHPC,2026-04-01,2026-04-02,validation,full_start_3,1,0.04238151411800234,0.0387154001048291,0.04238777277347393,0.042897068144428174,2026-04-01,10,7
NHPC,2026-04-01,2026-04-02,validation,training_half_a,1,0.04498166260573911,0.014338309201361933,0.04499744979249723,0.020260278914264518,2026-04-01,10,8
NHPC,2026-04-01,2026-04-02,validation,training_half_b,1,0.04072775169255429,0.03977814312153987,0.04074323046350442,0.04385850436364891,2026-04-01,10,7
NHPC,2026-04-02,2026-04-06,validation,full_start_1,4,0.05459075453022655,0.018994821111887397,0.05460960643752072,0.03627646674025237,2026-04-02,10,11
NHPC,2026-04-02,2026-04-06,validation,full_start_2,4,0.05460576569266534,0.01899244044205517,0.05462535258792028,0.03626550598155576,2026-04-02,10,9
NHPC,2026-04-02,2026-04-06,validation,full_start_3,4,0.054589228970768684,0.01898711573131317,0.054607085938991565,0.03625004433222667,2026-04-02,10,11
NHPC,2026-04-02,2026-04-06,validation,training_half_a,4,0.04890160873145935,0.00544971361286509,0.04896201088556547,0.02913533289282899,2026-04-02,10,13
NHPC,2026-04-02,2026-04-06,validation,training_half_b,4,0.051329923396497716,0.023192806519036015,0.05138582475696592,0.03972336856633063,2026-04-02,10,8
NHPC,2026-04-06,2026-04-07,validation,full_start_1,1,0.07344239318992395,0.014013236672206114,0.07344429960288332,0.01845295809338432,2026-04-06,10,10
NHPC,2026-04-06,2026-04-07,validation,full_start_2,1,0.07377721742952732,0.013642184023503841,0.07377921544185664,0.018082783059225505,2026-04-06,10,11
NHPC,2026-04-06,2026-04-07,validation,full_start_3,1,0.07326213708107908,0.014237861987807066,0.07326385907903712,0.018668140246594966,2026-04-06,10,10
NHPC,2026-04-06,2026-04-07,validation,training_half_a,1,0.0646713694545939,0.007207133908754604,0.06468372745715127,0.013194448793786284,2026-04-06,10,12
NHPC,2026-04-06,2026-04-07,validation,training_half_b,1,0.07203815929814954,0.0165594428811885,0.07204920688917953,0.02075696901334123,2026-04-06,10,9
NHPC,2026-04-08,2026-04-09,validation,full_start_1,1,0.008721935376381874,0.07826405228893611,0.008733480752416242,0.08203825201966447,2026-04-08,13,7
NHPC,2026-04-08,2026-04-09,validation,full_start_2,1,0.008719026307141609,0.07823794850149772,0.008730864847824565,0.08201357804936571,2026-04-08,13,7
NHPC,2026-04-08,2026-04-09,validation,full_start_3,1,0.008711622704154903,0.0781715141671126,0.00872282778723081,0.08195243956999443,2026-04-08,13,7
NHPC,2026-04-08,2026-04-09,validation,training_half_a,1,0.00843600091515954,0.06283196647558174,0.00845815294049232,0.0683095737584879,2026-04-08,13,9
NHPC,2026-04-08,2026-04-09,validation,training_half_b,1,0.008490484356510942,0.07618718586654329,0.0085105254804492,0.0800838218593638,2026-04-08,13,7
NHPC,2026-04-09,2026-04-10,validation,full_start_1,1,0.00876266026183082,0.07862948661353868,0.008774199572616562,0.08239990110874712,2026-04-09,10,6
NHPC,2026-04-09,2026-04-10,validation,full_start_2,1,0.008759905177534147,0.07860476457052779,0.008771737534988278,0.0823766179962997,2026-04-09,10,6
NHPC,2026-04-09,2026-04-10,validation,full_start_3,1,0.00875303282679191,0.07854309729211098,0.00876423182632656,0.0823202486486933,2026-04-09,10,6
NHPC,2026-04-09,2026-04-10,validation,training_half_a,1,0.007334232074290625,0.06581185227717208,0.007356575985075581,0.07126215394176993,2026-04-09,10,7
NHPC,2026-04-09,2026-04-10,validation,training_half_b,1,0.008540900984199688,0.07663958655691627,0.008560934972965784,0.08053393967099709,2026-04-09,10,6
NHPC,2026-04-13,2026-04-15,validation,full_start_1,2,0.01006958798578117,0.09035686767197092,0.010092275630406156,0.09761695156102851,2026-04-13,10,7
NHPC,2026-04-13,2026-04-15,validation,full_start_2,2,0.010066884016502574,0.09033260429648454,0.010090151591320193,0.09759726503903571,2026-04-13,10,7
NHPC,2026-04-13,2026-04-15,validation,full_start_3,2,0.010060849879234859,0.09027845851183444,0.010082861999738083,0.0975572242222692,2026-04-13,10,7
NHPC,2026-04-13,2026-04-15,validation,training_half_a,2,0.008975592850675609,0.08054018264016319,0.00901970510765815,0.09112215932351675,2026-04-13,10,7
NHPC,2026-04-13,2026-04-15,validation,training_half_b,2,0.009847965537071065,0.08836819541452728,0.00988766074299735,0.09601918034733359,2026-04-13,10,7
NHPC,2026-04-15,2026-04-16,validation,full_start_1,1,0.00929482450332689,0.08340472607886748,0.009306284557697483,0.08712567777098518,2026-04-15,16,6
NHPC,2026-04-15,2026-04-16,validation,full_start_2,1,0.009292900764303736,0.08338746389967147,0.009304652502267932,0.08711008268677689,2026-04-15,16,6
NHPC,2026-04-15,2026-04-16,validation,full_start_3,1,0.009288466260477444,0.0833476720158357,0.00929958659974306,0.08707602490381938,2026-04-15,16,6
NHPC,2026-04-15,2026-04-16,validation,training_half_a,1,0.008311589950437836,0.07458192275154402,0.008333763643341291,0.07995186153888567,2026-04-15,16,9
NHPC,2026-04-15,2026-04-16,validation,training_half_b,1,0.009136530832477046,0.08198431838280229,0.009156480525214283,0.08585170121386942,2026-04-15,16,5
NHPC,2026-04-30,2026-05-04,validation,full_start_1,4,0.008083041573944724,0.07253110245380073,0.008129593284768283,0.08762882043538478,2026-04-30,10,13
NHPC,2026-04-30,2026-05-04,validation,full_start_2,4,0.008079067173948724,0.072495415580593,0.008126797699969393,0.0875991604386579,2026-04-30,10,12
NHPC,2026-04-30,2026-05-04,validation,full_start_3,4,0.008069759027167785,0.07241191492562822,0.008114946584068972,0.08753721561787686,2026-04-30,10,13
NHPC,2026-04-30,2026-05-04,validation,training_half_a,4,0.008306138534375833,0.05202853760646496,0.008394813934599732,0.07403021528516729,2026-04-30,10,7
NHPC,2026-04-30,2026-05-04,validation,training_half_b,4,0.007764858490340688,0.06967596808270855,0.007845416657120768,0.0852753652422732,2026-04-30,10,11
NHPC,2026-05-04,2026-05-05,validation,full_start_1,1,0.007083865430941515,0.06356525135421814,0.007095654768410203,0.0674917039513383,2026-05-04,9,13
NHPC,2026-05-04,2026-05-05,validation,full_start_2,1,0.007081368103222536,0.06354284222382468,0.007093454351714629,0.06746974790216942,2026-05-04,9,13
NHPC,2026-05-04,2026-05-05,validation,full_start_3,1,0.007075384324588054,0.06348914811604266,0.007086829786659796,0.06741919743100733,2026-05-04,9,12
NHPC,2026-05-04,2026-05-05,validation,training_half_a,1,0.007657977383197362,0.04596643298597226,0.007680264910090634,0.0515985843859007,2026-05-04,9,9
NHPC,2026-05-04,2026-05-05,validation,training_half_b,1,0.006883489691677,0.0617672309999685,0.006903758244225594,0.06573663215228931,2026-05-04,9,10
NTPC,2025-12-18,2025-12-19,validation,full_start_1,1,0.0021967372765620604,0.007169814956885139,0.0034711468809282553,0.00862610676017387,2025-12-18,17,19
NTPC,2025-12-18,2025-12-19,validation,full_start_2,1,0.0008527406082526768,0.007651501735618023,0.0010923092508591942,0.01026721842213997,2025-12-18,17,15
NTPC,2025-12-18,2025-12-19,validation,full_start_3,1,0.0008490060108858099,0.00761833789889173,0.00108868823826639,0.010235658387063001,2025-12-18,17,10
NTPC,2025-12-18,2025-12-19,validation,training_half_a,1,0.0008023611608907094,0.007199740239038997,0.0008070354657164561,0.010198841790663979,2025-12-18,17,16
NTPC,2025-12-18,2025-12-19,validation,training_half_b,1,0.003289575501084853,0.006446333315419373,0.004348699972931733,0.008067942551954602,2025-12-18,17,18
NTPC,2025-12-19,2025-12-22,validation,full_start_1,3,0.0014510085929051173,0.0038826886332576885,0.0052525908591255915,0.008393872928039767,2025-12-19,13,19
NTPC,2025-12-19,2025-12-22,validation,full_start_2,3,0.000534798543211459,0.004798875173116308,0.0012565709564681983,0.012660947550610632,2025-12-19,13,9
NTPC,2025-12-19,2025-12-22,validation,full_start_3,3,0.0005347982587334885,0.00479887514402919,0.0012567565053743686,0.0126630137207724,2025-12-19,13,9
NTPC,2025-12-19,2025-12-22,validation,training_half_a,3,0.0005347986117228166,0.004798878309863467,0.0005490042727518268,0.01374467578558232,2025-12-19,13,7
NTPC,2025-12-19,2025-12-22,validation,training_half_b,3,0.002382381411777664,0.0029512919680366886,0.005553251878274684,0.007961570605111178,2025-12-19,13,20
NTPC,2025-12-22,2025-12-23,validation,full_start_1,1,0.0018833420435334903,0.010047140771403926,0.003161994411050348,0.011425702637809856,2025-12-22,20,17
NTPC,2025-12-22,2025-12-23,validation,full_start_2,1,0.0010892730753218338,0.009774312838261044,0.0013256247020359026,0.012332669093438497,2025-12-22,20,7
NTPC,2025-12-22,2025-12-23,validation,full_start_3,1,0.0012015035090695192,0.009620041170123685,0.001436391514348507,0.012183273679066658,2025-12-22,20,20
NTPC,2025-12-22,2025-12-23,validation,training_half_a,1,0.0010591916474832826,0.009504384853287725,0.0010638064265147996,0.012441223644227908,2025-12-22,20,8
NTPC,2025-12-22,2025-12-23,validation,training_half_b,1,0.002509824189690884,0.009694255224975462,0.00357955169534116,0.011228110245853518,2025-12-22,20,17
NTPC,2025-12-23,2025-12-24,validation,full_start_1,1,0.0005347982633919351,0.004798875171758747,0.001831707296149468,0.006319217072857347,2025-12-23,9,5
NTPC,2025-12-23,2025-12-24,validation,full_start_2,1,0.0005347982658000495,0.004798875206799336,0.0007786911586087804,0.00749167265097983,2025-12-23,9,5
NTPC,2025-12-23,2025-12-24,validation,full_start_3,1,0.0005347982649795265,0.0047988751995377684,0.0007787539460092224,0.0074923803261164185,2025-12-23,9,5
NTPC,2025-12-23,2025-12-24,validation,training_half_a,1,0.0005347982606591783,0.00479887516023796,0.0005395345787387075,0.007862838984732987,2025-12-23,9,5
NTPC,2025-12-23,2025-12-24,validation,training_half_b,1,0.0005348041324868794,0.0047988725151297575,0.0016313878987460617,0.006464993791788241,2025-12-23,9,5
NTPC,2025-12-24,2025-12-26,validation,full_start_1,2,0.0005347982589488508,0.004798875143796036,0.0031110586935985535,0.007798487449978429,2025-12-24,11,5
NTPC,2025-12-24,2025-12-26,validation,full_start_2,2,0.000534798258676173,0.00479887514276817,0.0010192669213784644,0.010111708015006896,2025-12-24,11,5
NTPC,2025-12-24,2025-12-26,validation,full_start_3,2,0.0005347982585847905,0.004798875141918835,0.0010193916462956296,0.010113104256491423,2025-12-24,11,5
NTPC,2025-12-24,2025-12-26,validation,training_half_a,2,0.0005347982572469651,0.004798875130381099,0.0005442697956676221,0.010844026093758008,2025-12-24,11,5
NTPC,2025-12-24,2025-12-26,validation,training_half_b,2,0.0005347982792281785,0.0047988752524474034,0.0027130546582911502,0.008086101440276994,2025-12-24,11,5
NTPC,2025-12-26,2025-12-29,validation,full_start_1,3,0.0005347987742381192,0.00479887923399678,0.00437309065533209,0.009237799656316353,2025-12-26,13,5
NTPC,2025-12-26,2025-12-29,validation,full_start_2,3,0.0005347989777082501,0.004798881544291908,0.0012565713734765845,0.012660953419149773,2025-12-26,13,5
NTPC,2025-12-26,2025-12-29,validation,full_start_3,3,0.0005347988925764789,0.00479888075301436,0.0012567571137053306,0.012663018887252062,2025-12-26,13,5
NTPC,2025-12-26,2025-12-29,validation,training_half_a,3,0.0005347986213796802,0.004798878279290771,0.0005490042824019756,0.013744675757421165,2025-12-26,13,5
NTPC,2025-12-26,2025-12-29,validation,training_half_b,3,0.0005347982647001286,0.004798875117347214,0.0037800186284790843,0.009663406357360002,2025-12-26,13,6
NTPC,2025-12-29,2025-12-30,validation,full_start_1,1,0.0005348117600194454,0.004798932549652734,0.0018317206100588457,0.006319272900707863,2025-12-29,13,6
NTPC,2025-12-29,2025-12-30,validation,full_start_2,1,0.0005348025572694475,0.004798913542872348,0.000778695391711031,0.007491709951174666,2025-12-29,13,6
NTPC,2025-12-29,2025-12-30,validation,full_start_3,1,0.0005348018294089726,0.004798907080512836,0.0007787574619598399,0.007492411345636371,2025-12-29,13,6
NTPC,2025-12-29,2025-12-30,validation,training_half_a,1,0.0005347989394302575,0.00479888117501608,0.0005395352573524699,0.007862844837014604,2025-12-29,13,6
NTPC,2025-12-29,2025-12-30,validation,training_half_b,1,0.002466649569025076,0.00286702381078907,0.0035369641618090003,0.0045853408829557435,2025-12-29,13,19
NTPC,2025-12-30,2025-12-31,validation,full_start_1,1,0.0005347995678625398,0.004798886772679254,0.0018317085829600704,0.0063192283603831015,2025-12-30,19,6
NTPC,2025-12-30,2025-12-31,validation,full_start_2,1,0.0005347988413273572,0.004798880169692929,0.000778691726308494,0.007491677479771183,2025-12-30,19,6
NTPC,2025-12-30,2025-12-31,validation,full_start_3,1,0.0005347987581064874,0.004798879407400545,0.0007787544324292968,0.007492384420278622,2025-12-30,19,6
NTPC,2025-12-30,2025-12-31,validation,training_half_a,1,0.0005347983286571377,0.004798875762352037,0.0005395346467209107,0.007862839570580232,2025-12-30,19,6
NTPC,2025-12-30,2025-12-31,validation,training_half_b,1,0.0005351753915789657,0.004798498257209584,0.0016317541094686833,0.0064646296457830585,2025-12-30,19,7
NTPC,2025-12-31,2026-01-01,validation,full_start_1,1,0.0005347982598452497,0.004798875153872308,0.0018317072926507943,0.0063192170554541086,2025-12-31,14,5
NTPC,2025-12-31,2026-01-01,validation,full_start_2,1,0.0005347982610389106,0.004798875162007616,0.0007786911539123982,0.007491672607398414,2025-12-31,14,5
NTPC,2025-12-31,2026-01-01,validation,full_start_3,1,0.0005347982606696589,0.004798875159466854,0.0007787539417579738,0.007492380287128245,2025-12-31,14,5
NTPC,2025-12-31,2026-01-01,validation,training_half_a,1,0.000534798257554828,0.004798875133299363,0.0005395345756350756,0.007862838958522175,2025-12-31,14,5
NTPC,2025-12-31,2026-01-01,validation,training_half_b,1,0.0005347982760044972,0.004798875291304535,0.0016313821218999353,0.00646499649295474,2025-12-31,14,5
NTPC,2026-01-01,2026-01-02,validation,full_start_1,1,0.0005347982628399785,0.004798875180861706,0.0018317072956049868,0.006319217081714394,2026-01-01,19,5
NTPC,2026-01-01,2026-01-02,validation,full_start_2,1,0.000534798261560018,0.004798875168053161,0.0007786911544264176,0.007491672613280612,2026-01-01,19,5
NTPC,2026-01-01,2026-01-02,validation,full_start_3,1,0.0005347982614142931,0.004798875167777641,0.00077875394249248,0.007492380295214485,2026-01-01,19,5
NTPC,2026-01-01,2026-01-02,validation,training_half_a,1,0.0005347982574699375,0.004798875132517912,0.000539534575550206,0.007862838957761839,2026-01-01,19,5
NTPC,2026-01-01,2026-01-02,validation,training_half_b,1,0.0005347985878224466,0.004798875005137158,0.0016313824294778012,0.006464996214519195,2026-01-01,19,5
NTPC,2026-01-02,2026-01-05,validation,full_start_1,3,0.007030446483572487,0.0009878168245137755,0.010608478410117556,0.005727332044120452,2026-01-02,23,21
NTPC,2026-01-02,2026-01-05,validation,full_start_2,3,0.0007910490404031892,0.0070982758220421325,0.0015025074257497793,0.014778943280767468,2026-01-02,23,16
NTPC,2026-01-02,2026-01-05,validation,full_start_3,3,0.0007979210472360934,0.007159940010188631,0.0015092886657416017,0.014837808838944588,2026-01-02,23,16
NTPC,2026-01-02,2026-01-05,validation,training_half_a,3,0.0006053316097270675,0.005409708445177502,0.0006194882396644841,0.014307324422316622,2026-01-02,23,15
NTPC,2026-01-02,2026-01-05,validation,training_half_b,3,0.007908603411631066,0.0008813539020350501,0.010857089278714385,0.006054920500093194,2026-01-02,23,7
NTPC,2026-01-05,2026-01-06,validation,full_start_1,1,0.003603881615213535,0.002972202606853475,0.004859241216521343,0.004541891419747451,2026-01-05,21,12
NTPC,2026-01-05,2026-01-06,validation,full_start_2,1,0.0006393879700946182,0.0057373841015899716,0.0008818583658353092,0.008404822117906732,2026-01-05,21,16
NTPC,2026-01-05,2026-01-06,validation,full_start_3,1,0.000643348571952973,0.005772923565988214,0.0008858278899346803,0.008440108953488096,2026-01-05,21,17
NTPC,2026-01-05,2026-01-06,validation,training_half_a,1,0.0005348026888322625,0.004798914894961606,0.0005395390058854713,0.007862877645975042,2026-01-05,21,9
NTPC,2026-01-05,2026-01-06,validation,training_half_b,1,0.005764539141565631,0.0012792608010123074,0.006790009135685129,0.0030404769641831364,2026-01-05,21,12
NTPC,2026-01-06,2026-01-07,validation,full_start_1,1,0.000685808997504486,0.006153931315090888,0.0019806736380360984,0.007637666854837438,2026-01-06,16,9
NTPC,2026-01-06,2026-01-07,validation,full_start_2,1,0.0012367027945747147,0.005403523340747477,0.0014710492684413407,0.008079982601218783,2026-01-06,16,15
NTPC,2026-01-06,2026-01-07,validation,full_start_3,1,0.0022751375401516404,0.004134972454011955,0.0024954233425005037,0.0068464168817975735,2026-01-06,16,24
NTPC,2026-01-06,2026-01-07,validation,training_half_a,1,0.0005348493059177205,0.004799333202856882,0.0005395856121664551,0.007863284652776775,2026-01-06,16,11
NTPC,2026-01-06,2026-01-07,validation,training_half_b,1,0.0022254582309785536,0.004982530417382568,0.003299052535989999,0.00664368951957682,2026-01-06,16,17
NTPC,2026-01-07,2026-01-08,validation,full_start_1,1,0.002866755370157585,0.005463747435363773,0.0041320942300510505,0.006966128047954698,2026-01-07,16,15
NTPC,2026-01-07,2026-01-08,validation,full_start_2,1,0.0008047123932270421,0.007220880470016313,0.0010449342549579306,0.009848232964128609,2026-01-07,16,8
NTPC,2026-01-07,2026-01-08,validation,full_start_3,1,0.0008067275352545915,0.0072389628307797825,0.0010469847806234937,0.009866534404163671,2026-01-07,16,9
NTPC,2026-01-07,2026-01-08,validation,training_half_a,1,0.0006825608489673319,0.006124784886461892,0.0006872629200011006,0.009152927656611659,2026-01-07,16,14
NTPC,2026-01-07,2026-01-08,validation,training_half_b,1,0.0048990302529965295,0.0038961806274590187,0.00593626940975614,0.0055866913509048655,2026-01-07,16,16
NTPC,2026-01-08,2026-01-09,validation,full_start_1,1,0.004691094739599599,0.008724523154183553,0.005931735585499184,0.01013881506665791,2026-01-08,18,16
NTPC,2026-01-08,2026-01-09,validation,full_start_2,1,0.0013229010124264095,0.01187071326940697,0.0015560751269963757,0.014372422735404025,2026-01-08,18,7
NTPC,2026-01-08,2026-01-09,validation,full_start_3,1,0.001323189273762171,0.011873299908906678,0.001556422264223905,0.014375647163970676,2026-01-08,18,9
NTPC,2026-01-08,2026-01-09,validation,training_half_a,1,0.0012065679089757822,0.010826827973507432,0.0012111485305007913,0.013727939364654856,2026-01-08,18,14
NTPC,2026-01-08,2026-01-09,validation,training_half_b,1,0.006667221960916105,0.007192607554149379,0.007680417302454098,0.0087940535255851,2026-01-08,18,15
NTPC,2026-01-14,2026-01-16,validation,full_start_1,2,0.009029930041551885,0.010993402376161542,0.011377732265476379,0.013662849478500085,2026-01-14,19,15
NTPC,2026-01-14,2026-01-16,validation,full_start_2,2,0.002005732269583515,0.017997924585693527,0.0024504614522799194,0.02260709208276375,2026-01-14,19,6
NTPC,2026-01-14,2026-01-16,validation,full_start_3,2,0.002007837988799717,0.018016819726578044,0.0024526350377557828,0.022626376132977633,2026-01-14,19,7
NTPC,2026-01-14,2026-01-16,validation,training_half_a,2,0.0019075886890799322,0.017117258315015912,0.001916423955910601,0.0225058081345611,2026-01-14,19,14
NTPC,2026-01-14,2026-01-16,validation,training_half_b,2,0.010195682288228241,0.010082262003141843,0.012112988216922527,0.013087845938033617,2026-01-14,19,11
NTPC,2026-01-21,2026-01-22,validation,full_start_1,1,0.008590527634239224,0.005436275201014293,0.009778377727599472,0.006939397966277412,2026-01-21,12,14
NTPC,2026-01-21,2026-01-22,validation,full_start_2,1,0.0015885008483153993,0.014254005342690274,0.0018180626093523625,0.016691315926858796,2026-01-21,12,7
NTPC,2026-01-21,2026-01-22,validation,full_start_3,1,0.0015789105315812428,0.014167948876600788,0.0018086655271283975,0.016608292473338088,2026-01-21,12,6
NTPC,2026-01-21,2026-01-22,validation,training_half_a,1,0.0014715525753702925,0.01320459998093611,0.0014760717812007107,0.016041472986457278,2026-01-21,12,8
NTPC,2026-01-21,2026-01-22,validation,training_half_b,1,0.012584350772580025,0.002093964945032834,0.013517085182674402,0.0038331689647032874,2026-01-21,12,10
NTPC,2026-01-22,2026-01-23,validation,full_start_1,1,0.0062831043889576095,0.010106797477399765,0.00750219251431801,0.011483747739041206,2026-01-22,16,8
NTPC,2026-01-22,2026-01-23,validation,full_start_2,1,0.0017060218100564146,0.015308549580554788,0.0019339851993928556,0.017717365348448602,2026-01-22,16,7
NTPC,2026-01-22,2026-01-23,validation,full_start_3,1,0.0017038341666372303,0.015288919322837716,0.001931890109977536,0.017698973202271262,2026-01-22,16,7
NTPC,2026-01-22,2026-01-23,validation,training_half_a,1,0.0015352721075766577,0.013776370876411228,0.0015397765450833704,0.016597796799891457,2026-01-22,16,8
NTPC,2026-01-22,2026-01-23,validation,training_half_b,1,0.009955862391943083,0.007190888036972912,0.010924338904352002,0.008792380467309222,2026-01-22,16,10
NTPC,2026-01-23,2026-01-27,validation,full_start_1,4,0.01204990597667832,0.02004787709300932,0.016522124026130375,0.024305015436798943,2026-01-23,16,13
NTPC,2026-01-23,2026-01-27,validation,full_start_2,4,0.00331377062168316,0.029735271590208025,0.004121491468294634,0.03748976406231608,2026-01-23,16,7
NTPC,2026-01-23,2026-01-27,validation,full_start_3,4,0.0033014469584647737,0.02962468835599523,0.004110070896001584,0.037393375375346025,2026-01-23,16,7
NTPC,2026-01-23,2026-01-27,validation,training_half_a,4,0.003163869260600121,0.0283901701355524,0.0031803714277116833,0.037710324802579756,2026-01-23,16,7
NTPC,2026-01-23,2026-01-27,validation,training_half_b,4,0.015867279454436962,0.01700355260603539,0.019347849484327988,0.02213626082348747,2026-01-23,16,13
NTPC,2026-01-29,2026-01-30,validation,full_start_1,1,0.019825653124264497,0.05074681720024671,0.02086140142602637,0.05102589173574247,2026-01-29,23,7
NTPC,2026-01-29,2026-01-30,validation,full_start_2,1,0.022509319169959293,0.045915455743018994,0.022454342381773944,0.04749724298378062,2026-01-29,23,16
NTPC,2026-01-29,2026-01-30,validation,full_start_3,1,0.024579918700109043,0.043369391726136214,0.024496843271926274,0.045020683790120454,2026-01-29,23,11
NTPC,2026-01-29,2026-01-30,validation,training_half_a,1,0.006962620242106396,0.06247728871872081,0.006965866779071099,0.0639830004648399,2026-01-29,23,8
NTPC,2026-01-29,2026-01-30,validation,training_half_b,1,0.023711941579033276,0.047352690122687904,0.02449336335938638,0.047869067966050546,2026-01-29,23,12
NTPC,2026-01-30,2026-02-02,validation,full_start_1,3,0.00909000986279967,0.05132468263901936,0.012585521631932592,0.05209391389320757,2026-01-30,24,15
NTPC,2026-01-30,2026-02-02,validation,full_start_2,3,0.036702242228021716,0.01648218037388053,0.03596828273951833,0.02342253037476863,2026-01-30,24,8
NTPC,2026-01-30,2026-02-02,validation,full_start_3,3,0.037962317342430295,0.014940677448160005,0.03717782706402845,0.022004706300514362,2026-01-30,24,15
NTPC,2026-01-30,2026-02-02,validation,training_half_a,3,0.005765136758589685,0.05173197750913694,0.0057757065442696105,0.05697575224288692,2026-01-30,24,7
NTPC,2026-01-30,2026-02-02,validation,training_half_b,3,0.012578961130010892,0.048480778184661406,0.015339503836224441,0.04989944357926496,2026-01-30,24,11
NTPC,2026-02-02,2026-02-03,validation,full_start_1,1,0.006329104567130379,0.021174532164260355,0.007547569939365298,0.022252491496788297,2026-02-02,23,8
NTPC,2026-02-02,2026-02-03,validation,full_start_2,1,0.002718304304998312,0.02439141043757269,0.002932499906283373,0.026554798425316065,2026-02-02,23,15
NTPC,2026-02-02,2026-02-03,validation,full_start_3,1,0.0027173818678765827,0.02436253290951744,0.0029316528260316284,0.02652740887958982,2026-02-02,23,12
NTPC,2026-02-02,2026-02-03,validation,training_half_a,1,0.0025803882371266125,0.023154452676077245,0.0025846504472852305,0.025722518381168458,2026-02-02,23,7
NTPC,2026-02-02,2026-02-03,validation,training_half_b,1,0.008651492129185347,0.019441373399824345,0.009637705427395157,0.020711875195418554,2026-02-02,23,15
NTPC,2026-02-03,2026-02-04,validation,full_start_1,1,0.004907436843627253,0.017151675416343635,0.006145148837361378,0.0183383107978356,2026-02-03,22,16
NTPC,2026-02-03,2026-02-04,validation,full_start_2,1,0.002160299747057085,0.01938489624773493,0.0023820846216169728,0.021683565143470432,2026-02-03,22,8
NTPC,2026-02-03,2026-02-04,validation,full_start_3,1,0.0021907050866826427,0.019322635729948964,0.002412139231747691,0.02162369464875258,2026-02-03,22,24
NTPC,2026-02-03,2026-02-04,validation,training_half_a,1,0.002037117141351517,0.01827954869983944,0.0020415052658588895,0.02097931582985202,2026-02-03,22,7
NTPC,2026-02-03,2026-02-04,validation,training_half_b,1,0.007251015707676449,0.015348998846545118,0.00825627264021063,0.016730070763311816,2026-02-03,22,8
NTPC,2026-02-04,2026-02-05,validation,full_start_1,1,0.006295235208991277,0.014584921990284154,0.007514159106594517,0.015840897305680925,2026-02-04,24,15
NTPC,2026-02-04,2026-02-05,validation,full_start_2,1,0.0021070978570941236,0.01890750272144348,0.002329606316570875,0.021219071256979735,2026-02-04,24,7
NTPC,2026-02-04,2026-02-05,validation,full_start_3,1,0.002109581731175374,0.018929791129069402,0.002332119212819922,0.021241465093028655,2026-02-04,24,7
NTPC,2026-02-04,2026-02-05,validation,training_half_a,1,0.001958999535337271,0.017578580378248998,0.0019634057652206972,0.020297285014975186,2026-02-04,24,7
NTPC,2026-02-04,2026-02-05,validation,training_half_b,1,0.008240554122411186,0.013074448918135837,0.009232355342710094,0.01451697592849742,2026-02-04,24,16
NTPC,2026-02-05,2026-02-06,validation,full_start_1,1,0.0012851878218479993,0.011532303617221233,0.002571938036500729,0.012870744335829604,2026-02-05,23,7
NTPC,2026-02-05,2026-02-06,validation,full_start_2,1,0.002203333761272444,0.00942114007017193,0.0024245333415200444,0.011989039398819984,2026-02-05,23,9
NTPC,2026-02-05,2026-02-06,validation,full_start_3,1,0.0032985048661372807,0.008121964341956764,0.0035048721292693496,0.01072567635129762,2026-02-05,23,18
NTPC,2026-02-05,2026-02-06,validation,training_half_a,1,0.0010837382622375137,0.009724647611235199,0.0010883473520817422,0.012655535737460713,2026-02-05,23,8
NTPC,2026-02-05,2026-02-06,validation,training_half_b,1,0.001625029604255456,0.011772847190458647,0.002706788518845163,0.01325054162229495,2026-02-05,23,16
NTPC,2026-02-06,2026-02-09,validation,full_start_1,3,0.0013803698783254003,0.008709706009612296,0.005184782413284059,0.012840162792261217,2026-02-06,20,18
NTPC,2026-02-06,2026-02-09,validation,full_start_2,3,0.0009430999011261097,0.008461973338616993,0.0016484382717275765,0.016035055615379684,2026-02-06,20,14
NTPC,2026-02-06,2026-02-09,validation,full_start_3,3,0.0009411756577886003,0.008445396909181953,0.001646777313118998,0.016021853135490663,2026-02-06,20,17
NTPC,2026-02-06,2026-02-09,validation,training_half_a,3,0.0008458940462340657,0.007590413481465462,0.0008598834489276126,0.016316018238898264,2026-02-06,20,8
NTPC,2026-02-06,2026-02-09,validation,training_half_b,3,0.0031239215683794893,0.007453083760040594,0.0062649511941213765,0.01210823660153551,2026-02-06,20,16
NTPC,2026-02-10,2026-02-11,validation,full_start_1,1,0.001667071805780656,0.014959041660738664,0.002948652052533113,0.016204910265861502,2026-02-10,18,12
NTPC,2026-02-10,2026-02-11,validation,full_start_2,1,0.002667042027023421,0.013511580639704897,0.0028819348330726795,0.01596895226517428,2026-02-10,18,19
NTPC,2026-02-10,2026-02-11,validation,full_start_3,1,0.003956483970590564,0.012027017566156147,0.004153902239811434,0.014525211219848844,2026-02-10,18,19
NTPC,2026-02-10,2026-02-11,validation,training_half_a,1,0.0015458785159772348,0.013871544764525385,0.00155038049522873,0.01669039945034821,2026-02-10,18,7
NTPC,2026-02-10,2026-02-11,validation,training_half_b,1,0.0023265371703762227,0.014608965108275931,0.0033987570071494083,0.016010031680724034,2026-02-10,18,16
NTPC,2026-02-12,2026-02-13,validation,full_start_1,1,0.00520580909985093,0.012444395948688873,0.0064394817123805265,0.013758196816294442,2026-02-12,19,17
NTPC,2026-02-12,2026-02-13,validation,full_start_2,1,0.0017191666793095028,0.015426501696765915,0.0019469512887354545,0.01783213028316466,2026-02-12,19,7
NTPC,2026-02-12,2026-02-13,validation,full_start_3,1,0.0017172488640681167,0.015409292673096195,0.0019451223577761842,0.017816093946930303,2026-02-12,19,7
NTPC,2026-02-12,2026-02-13,validation,training_half_a,1,0.0016567754430701358,0.014866649906556072,0.0016612517196577803,0.017658620623834942,2026-02-12,19,14
NTPC,2026-02-12,2026-02-13,validation,training_half_b,1,0.006429267472782255,0.011563184515144787,0.007445698511964485,0.013046543733308193,2026-02-12,19,9
NTPC,2026-02-16,2026-02-17,validation,full_start_1,1,0.006953669357420255,0.01764665839818192,0.008163679334683704,0.018819921989888314,2026-02-16,19,11
NTPC,2026-02-16,2026-02-17,validation,full_start_2,1,0.0024443742034699362,0.02193396545001764,0.0026622954560406586,0.024163756003828238,2026-02-16,19,20
NTPC,2026-02-16,2026-02-17,validation,full_start_3,1,0.002445102702307143,0.021924796307668682,0.0026630768549532266,0.024155542303823274,2026-02-16,19,19
NTPC,2026-02-16,2026-02-17,validation,training_half_a,1,0.002393975047859837,0.02148172168661942,0.0023982804631429468,0.024094978241806467,2026-02-16,19,7
NTPC,2026-02-16,2026-02-17,validation,training_half_b,1,0.007871076060555484,0.016936192312469067,0.008867901431916694,0.018274380526493855,2026-02-16,19,10
NTPC,2026-02-20,2026-02-23,validation,full_start_1,3,0.0012911677532441387,0.011585962999373846,0.005099154333788103,0.015489557087611981,2026-02-20,18,7
NTPC,2026-02-20,2026-02-23,validation,full_start_2,3,0.0013612043084893573,0.012214418077596344,0.002049714065784077,0.01949146150033086,2026-02-20,18,15
NTPC,2026-02-20,2026-02-23,validation,full_start_3,3,0.0013701677960175466,0.012294849639385746,0.002058502622295108,0.019567613832400063,2026-02-20,18,9
NTPC,2026-02-20,2026-02-23,validation,training_half_a,3,0.0011246244750891677,0.010091529566030372,0.0011384201180167364,0.018619849490726065,2026-02-20,18,8
NTPC,2026-02-20,2026-02-23,validation,training_half_b,3,0.005334787273786431,0.00837131388074178,0.008386847892444024,0.012954031741410098,2026-02-20,18,9
NTPC,2026-02-23,2026-02-24,validation,full_start_1,1,0.003491473627453516,0.017976677721558174,0.004748355014730116,0.019141025958233623,2026-02-23,19,6
NTPC,2026-02-23,2026-02-24,validation,full_start_2,1,0.006292395205824718,0.013629001375887632,0.0064579805365135405,0.016083200178269808,2026-02-23,19,19
NTPC,2026-02-23,2026-02-24,validation,full_start_3,1,0.007645170964758854,0.011824517554045863,0.007792420410642162,0.01432818295602721,2026-02-23,19,17
NTPC,2026-02-23,2026-02-24,validation,training_half_a,1,0.0019515810877157897,0.01751201283530849,0.001955989036978377,0.020232515874690715,2026-02-23,19,7
NTPC,2026-02-23,2026-02-24,validation,training_half_b,1,0.007636711636761172,0.014638355998644654,0.00863672388818465,0.01603862847117176,2026-02-23,19,8
NTPC,2026-02-25,2026-02-26,validation,full_start_1,1,0.0011087634414179562,0.009949204644439314,0.0023979020997395017,0.011330412220597365,2026-02-25,19,7
NTPC,2026-02-25,2026-02-26,validation,full_start_2,1,0.006688869513895531,0.001870363633170904,0.006849062501766402,0.0046422923231091845,2026-02-25,19,20
NTPC,2026-02-25,2026-02-26,validation,full_start_3,1,0.007481215357998996,0.0008337247431092851,0.007630694719265134,0.003634372111301215,2026-02-25,19,15
NTPC,2026-02-25,2026-02-26,validation,training_half_a,1,0.0008844723107321955,0.007936585653061486,0.0008891275845952472,0.010915780434943609,2026-02-25,19,8
NTPC,2026-02-25,2026-02-26,validation,training_half_b,1,0.0011741427214464024,0.010535868861719977,0.002262032781684825,0.01204698468300041,2026-02-25,19,7
NTPC,2026-02-27,2026-03-02,validation,full_start_1,3,0.0006166813080082605,0.005533631705901159,0.004451692416272329,0.00991459905723488,2026-02-27,16,8
NTPC,2026-02-27,2026-03-02,validation,full_start_2,3,0.004794068196167657,0.0005396051840607948,0.0053444059134574486,0.008737701006073448,2026-02-27,16,8
NTPC,2026-02-27,2026-03-02,validation,full_start_3,3,0.0047986847113765324,0.0005350281117965923,0.005349022567064708,0.008735551225675417,2026-02-27,16,7
NTPC,2026-02-27,2026-03-02,validation,training_half_a,3,0.0005347982933586775,0.004798875452905701,0.0005490039546089988,0.013744673153977732,2026-02-27,16,8
NTPC,2026-02-27,2026-03-02,validation,training_half_b,3,0.0007155528676466252,0.006420830309175909,0.003953499357887844,0.011157412911289522,2026-02-27,16,7
NTPC,2026-03-04,2026-03-05,validation,full_start_1,1,0.003357281643982335,0.03012570660003271,0.0046159797302466055,0.030961853128321153,2026-03-04,23,6
NTPC,2026-03-04,2026-03-05,validation,full_start_2,1,0.024074746869843375,0.0026829480491110933,0.023998479111114267,0.0054329199137133355,2026-03-04,23,13
NTPC,2026-03-04,2026-03-05,validation,full_start_3,1,0.02406313686468292,0.0026816542020081094,0.023987090044957998,0.005432368709708285,2026-03-04,23,11
NTPC,2026-03-04,2026-03-05,validation,training_half_a,1,0.002859154000610519,0.02565588582688341,0.002863351601019349,0.02815637229104752,2026-03-04,23,7
NTPC,2026-03-04,2026-03-05,validation,training_half_b,1,0.003497165106989133,0.031380915013152516,0.004553466781905144,0.032328827430442665,2026-03-04,23,6
NTPC,2026-03-05,2026-03-06,validation,full_start_1,1,0.001790848744751062,0.01606972234238801,0.00307075329200264,0.01728558630262638,2026-03-05,23,12
NTPC,2026-03-05,2026-03-06,validation,full_start_2,1,0.012620595134217602,0.0014064696620331742,0.012700112281571991,0.0041909332205942035,2026-03-05,23,6
NTPC,2026-03-05,2026-03-06,validation,full_start_3,1,0.012651288794357096,0.001409890237809524,0.01273045140028971,0.004194969051082603,2026-03-05,23,6
NTPC,2026-03-05,2026-03-06,validation,training_half_a,1,0.0014689812249692518,0.013181526626945153,0.001473501026763479,0.016019022987021223,2026-03-05,23,7
NTPC,2026-03-05,2026-03-06,validation,training_half_b,1,0.0018492623448061697,0.01659388181684894,0.0029279721496436456,0.01794131877203526,2026-03-05,23,6
NTPC,2026-03-06,2026-03-09,validation,full_start_1,3,0.0023551705573313436,0.021133519533690002,0.006120525927898551,0.024284056990297363,2026-03-06,21,6
NTPC,2026-03-06,2026-03-09,validation,full_start_2,3,0.016763463849461088,0.00186816097688812,0.016832035942142855,0.009961444027020205,2026-03-06,21,7
NTPC,2026-03-06,2026-03-09,validation,full_start_3,3,0.01676037523364427,0.0018678167740672684,0.016829257959913062,0.009963193175630117,2026-03-06,21,7
NTPC,2026-03-06,2026-03-09,validation,training_half_a,3,0.002002891657884342,0.017972435093501403,0.0020160767724081673,0.025879119285893745,2026-03-06,21,7
NTPC,2026-03-06,2026-03-09,validation,training_half_b,3,0.002464077389115932,0.02211076708364162,0.0056316602701350915,0.02560964222680029,2026-03-06,21,6
NTPC,2026-03-10,2026-03-11,validation,full_start_1,1,0.00394167594452028,0.035369619116915135,0.005192462466272835,0.03606410320749861,2026-03-10,19,13
NTPC,2026-03-10,2026-03-11,validation,full_start_2,1,0.029289791657729717,0.0032641252600017303,0.02914259544604715,0.005998393148181985,2026-03-10,19,7
NTPC,2026-03-10,2026-03-11,validation,full_start_3,1,0.029267578323591798,0.0032616497522920426,0.029120747318454696,0.005996692213227281,2026-03-10,19,7
NTPC,2026-03-10,2026-03-11,validation,training_half_a,1,0.0034910525532283955,0.03132606557819284,0.0034951036980364163,0.03367336528084375,2026-03-10,19,7
NTPC,2026-03-10,2026-03-11,validation,training_half_b,1,0.004066361532563056,0.03648845329352373,0.005114923292389537,0.03729836731423475,2026-03-10,19,7
NTPC,2026-03-11,2026-03-12,validation,full_start_1,1,0.004418275051808322,0.039646259088031974,0.005662609346733752,0.04022521126584144,2026-03-11,19,12
NTPC,2026-03-11,2026-03-12,validation,full_start_2,1,0.03328068796926932,0.003708880402433822,0.03307921262619124,0.006431130571853877,2026-03-11,19,7
NTPC,2026-03-11,2026-03-12,validation,full_start_3,1,0.033266473178481984,0.003707296271750473,0.033065254297703045,0.00643029692807158,2026-03-11,19,7
NTPC,2026-03-11,2026-03-12,validation,training_half_a,1,0.004008533223141731,0.03596954577620971,0.004012464431067314,0.03819139624711085,2026-03-11,19,7
NTPC,2026-03-11,2026-03-12,validation,training_half_b,1,0.004526986764849051,0.040621755789992144,0.00556928495725699,0.04131999387490426,2026-03-11,19,7
NTPC,2026-03-12,2026-03-13,validation,full_start_1,1,0.004990923445022176,0.04478477271558727,0.00622750519222208,0.04522490976932361,2026-03-12,20,7
NTPC,2026-03-12,2026-03-13,validation,full_start_2,1,0.039117456783343725,0.004359344043382021,0.03883659708230368,0.0070640180493025395,2026-03-12,20,9
NTPC,2026-03-12,2026-03-13,validation,full_start_3,1,0.039134110022168864,0.004361199920585884,0.03885308701686396,0.007066531461067588,2026-03-12,20,9
NTPC,2026-03-12,2026-03-13,validation,training_half_a,1,0.004879219501767885,0.04378242600171622,0.0048829489100825595,0.045793202067161407,2026-03-12,20,13
NTPC,2026-03-12,2026-03-13,validation,training_half_b,1,0.005038879372642,0.04521509294438472,0.006074216865471951,0.04578922561344717,2026-03-12,20,7
NTPC,2026-03-13,2026-03-16,validation,full_start_1,3,0.015088004228242842,0.03886415550573994,0.018343195430314915,0.040616201845401045,2026-03-13,25,7
NTPC,2026-03-13,2026-03-16,validation,full_start_2,3,0.008335526074332198,0.0448603773046289,0.008743320866639183,0.049561907154084324,2026-03-13,25,10
NTPC,2026-03-13,2026-03-16,validation,full_start_3,3,0.010488442778087958,0.04239998741694853,0.01080976925772741,0.047297689193287286,2026-03-13,25,10
NTPC,2026-03-13,2026-03-16,validation,training_half_a,3,0.005250193859692811,0.04711126934908738,0.005261121608498582,0.052719519623220384,2026-03-13,25,7
NTPC,2026-03-13,2026-03-16,validation,training_half_b,3,0.017416507159915013,0.036979528810469044,0.01998237876242806,0.03930547524401888,2026-03-13,25,8
NTPC,2026-03-17,2026-03-18,validation,full_start_1,1,0.004099017187968367,0.03678148044998393,0.005347673614686202,0.037437823607151755,2026-03-17,20,8
NTPC,2026-03-17,2026-03-18,validation,full_start_2,1,0.032432205311678175,0.0036143234421680565,0.03224226995813203,0.006339128633097421,2026-03-17,20,7
NTPC,2026-03-17,2026-03-18,validation,full_start_3,1,0.03242521981767389,0.003613544964303495,0.03223544259386049,0.006339078872601905,2026-03-17,20,7
NTPC,2026-03-17,2026-03-18,validation,training_half_a,1,0.003820502045334294,0.03428229618108943,0.003824476833386787,0.03654972973977208,2026-03-17,20,6
NTPC,2026-03-17,2026-03-18,validation,training_half_b,1,0.004162621012129809,0.037352213068964635,0.005209873838581208,0.03813878953300995,2026-03-17,20,7
NTPC,2026-03-18,2026-03-19,validation,full_start_1,1,0.0036271105586496107,0.03254694722786081,0.0048821556851510045,0.03331768479890518,2026-03-18,19,7
NTPC,2026-03-18,2026-03-19,validation,full_start_2,1,0.028797145464554003,0.0032092235764673563,0.02865664960421195,0.005944974961810942,2026-03-18,19,6
NTPC,2026-03-18,2026-03-19,validation,full_start_3,1,0.028783827135716904,0.003207739350450868,0.028643575498230732,0.0059442385231459755,2026-03-18,19,6
NTPC,2026-03-18,2026-03-19,validation,training_half_a,1,0.0033146984109977515,0.029743596869830583,0.0033187904295374007,0.03213364887792189,2026-03-18,19,6
NTPC,2026-03-18,2026-03-19,validation,training_half_b,1,0.003693996334524459,0.03314712959958114,0.004747621504600244,0.03404732141889192,2026-03-18,19,7
NTPC,2026-03-19,2026-03-20,validation,full_start_1,1,0.004945672745090263,0.044378727153973035,0.006182867098934994,0.04482983338461543,2026-03-19,21,7
NTPC,2026-03-19,2026-03-20,validation,full_start_2,1,0.039805070396214295,0.004435973368308314,0.039514858643221795,0.007138576774953206,2026-03-19,21,7
NTPC,2026-03-19,2026-03-20,validation,full_start_3,1,0.039783902552035136,0.004434014590017071,0.03949404189618183,0.007137378606948061,2026-03-19,21,14
NTPC,2026-03-19,2026-03-20,validation,training_half_a,1,0.004508026913246033,0.040451624419688546,0.00451184235314496,0.042552386116978314,2026-03-19,21,6
NTPC,2026-03-19,2026-03-20,validation,training_half_b,1,0.0050221797856816715,0.04506524347972078,0.006057744358969802,0.04564342486750382,2026-03-19,21,10
NTPC,2026-03-24,2026-03-25,validation,full_start_1,1,0.007505274053500854,0.06734665365173474,0.008707816373851832,0.06717728949004574,2026-03-24,12,7
NTPC,2026-03-24,2026-03-25,validation,full_start_2,1,0.0535615799528898,0.005969032082338351,0.05308426953045521,0.0086302107437463,2026-03-24,12,8
NTPC,2026-03-24,2026-03-25,validation,full_start_3,1,0.05358379348204306,0.005971507611775308,0.05310624428247765,0.008633327064224788,2026-03-24,12,10
NTPC,2026-03-24,2026-03-25,validation,training_half_a,1,0.007101226388900232,0.063721035462088,0.0071044408010144805,0.06519314588618286,2026-03-24,12,7
NTPC,2026-03-24,2026-03-25,validation,training_half_b,1,0.007658176535317161,0.06871868489419007,0.00865789690772531,0.06865778404517038,2026-03-24,12,12
NTPC,2026-03-25,2026-03-27,validation,full_start_1,2,0.005120129598446125,0.04594417102699974,0.0075730774559385206,0.046750759637763484,2026-03-25,13,6
NTPC,2026-03-25,2026-03-27,validation,full_start_2,2,0.03649317524343751,0.004066887758089471,0.03600617462700566,0.009418744211525151,2026-03-25,13,8
NTPC,2026-03-25,2026-03-27,validation,full_start_3,2,0.03653417026624305,0.004071456342632813,0.03604618757607256,0.009424465478712216,2026-03-25,13,8
NTPC,2026-03-25,2026-03-27,validation,training_half_a,2,0.004874213050135955,0.043737501891639136,0.004881673322826706,0.04770712504528131,2026-03-25,13,7
NTPC,2026-03-25,2026-03-27,validation,training_half_b,2,0.005223328202671388,0.046870197259560716,0.007274942548360419,0.04791472146980024,2026-03-25,13,6
NTPC,2026-04-01,2026-04-02,validation,full_start_1,1,0.00777167470286328,0.06973713161927002,0.008970610475509302,0.06950318954269954,2026-04-01,20,7
NTPC,2026-04-01,2026-04-02,validation,full_start_2,1,0.057124807481034504,0.006366126780637683,0.056599034537879185,0.0090165755550808,2026-04-01,20,7
NTPC,2026-04-01,2026-04-02,validation,full_start_3,1,0.0570862900201302,0.006361834301668725,0.05656110432271677,0.009013106745378877,2026-04-01,20,6
NTPC,2026-04-01,2026-04-02,validation,training_half_a,1,0.006985510309255125,0.06268268687118549,0.006988751540971821,0.06418284953787906,2026-04-01,20,7
NTPC,2026-04-01,2026-04-02,validation,training_half_b,1,0.007976423349232915,0.07157439113496829,0.008971816211476635,0.07143633317802384,2026-04-01,20,8
NTPC,2026-04-08,2026-04-09,validation,full_start_1,1,0.013662300683975826,0.026252777276678737,0.014781488814625446,0.027193549617705107,2026-04-08,27,8
NTPC,2026-04-08,2026-04-09,validation,full_start_2,1,0.004030345538769425,0.036165273001536186,0.004226696412212705,0.03801051971216894,2026-04-08,27,7
NTPC,2026-04-08,2026-04-09,validation,full_start_3,1,0.004024541815952239,0.03611319478184282,0.00422103444902505,0.037960556380827584,2026-04-08,27,7
NTPC,2026-04-08,2026-04-09,validation,training_half_a,1,0.0038959969714901727,0.034959730557042996,0.0038999542620270847,0.037208862407007146,2026-04-08,27,7
NTPC,2026-04-08,2026-04-09,validation,training_half_b,1,0.01629963731332067,0.024094435126960818,0.017181851373907236,0.02523921783396859,2026-04-08,27,13
NTPC,2026-04-09,2026-04-10,validation,full_start_1,1,0.004046747677729381,0.034294749232592826,0.005296111732159978,0.03501827055206571,2026-04-09,23,20
NTPC,2026-04-09,2026-04-10,validation,full_start_2,1,0.012370085128364747,0.023863347595487014,0.012453009396441431,0.0260410043574804,2026-04-09,23,15
NTPC,2026-04-09,2026-04-10,validation,full_start_3,1,0.014063487362904227,0.02185932569464663,0.014123443042194648,0.024091840770768314,2026-04-09,23,19
NTPC,2026-04-09,2026-04-10,validation,training_half_a,1,0.00365573216951348,0.032803775919266774,0.0036597451464034994,0.03511115349042768,2026-04-09,23,7
NTPC,2026-04-09,2026-04-10,validation,training_half_b,1,0.006242531729739511,0.0326439669450465,0.007261501995681416,0.03355775350133872,2026-04-09,23,16
POWERGRID,2025-12-15,2025-12-16,validation,full_start_1,1,0.0006234943748318198,0.005594767012122621,0.0006290309721606116,0.009248690470859106,2025-12-15,15,17
POWERGRID,2025-12-15,2025-12-16,validation,full_start_2,1,0.0008028088678298292,0.005483901999665666,0.002839298500028814,0.006999106025443305,2025-12-15,15,16
POWERGRID,2025-12-15,2025-12-16,validation,full_start_3,1,0.0007870360045165631,0.0056640257745550785,0.0028663864955377205,0.007113345348352729,2025-12-15,15,21
POWERGRID,2025-12-15,2025-12-16,validation,training_half_a,1,0.000534798262497374,0.004798875177657182,0.001344953795565762,0.007904845346622724,2025-12-15,15,7
POWERGRID,2025-12-15,2025-12-16,validation,training_half_b,1,0.000766471245812962,0.006877733311576377,0.0012829531184269105,0.009699807008915179,2025-12-15,15,18
POWERGRID,2025-12-18,2025-12-19,validation,full_start_1,1,0.0005347982568448372,0.004798875127082207,0.0005403475449426154,0.008466378893627141,2025-12-18,26,8
POWERGRID,2025-12-18,2025-12-19,validation,full_start_2,1,0.004798874941533393,0.0005347996938460817,0.006781021524379621,0.002118678352018205,2025-12-18,26,8
POWERGRID,2025-12-18,2025-12-19,validation,full_start_3,1,0.004790378160308175,0.0005433169397452036,0.006815309676677428,0.0020638704968260896,2025-12-18,26,22
POWERGRID,2025-12-18,2025-12-19,validation,training_half_a,1,0.00479886208507498,0.0005348121332417416,0.005591667338620959,0.0036593675927246716,2025-12-18,26,12
POWERGRID,2025-12-18,2025-12-19,validation,training_half_b,1,0.002057567793758988,0.003276105594868823,0.0025577892570140537,0.006144537592394944,2025-12-18,26,21
POWERGRID,2025-12-23,2025-12-24,validation,full_start_1,1,0.0005347995745461683,0.004798886304993948,0.0005403488624554087,0.00846638988081011,2025-12-23,10,4
POWERGRID,2025-12-23,2025-12-24,validation,full_start_2,1,0.004798875123379641,0.0005347982564553957,0.006781021703752915,0.002118676934573016,2025-12-23,10,5
POWERGRID,2025-12-23,2025-12-24,validation,full_start_3,1,0.004798875123375224,0.0005347982564729388,0.006823691137246901,0.002055470316628588,2025-12-23,10,5
POWERGRID,2025-12-23,2025-12-24,validation,training_half_a,1,0.004798868964429942,0.0005348173909483373,0.005591674189984103,0.0036593728275151616,2025-12-23,10,4
POWERGRID,2025-12-23,2025-12-24,validation,training_half_b,1,0.004798875114081014,0.0005347982658216042,0.005264571832244151,0.0034385149618400834,2025-12-23,10,5
POWERGRID,2025-12-24,2025-12-26,validation,full_start_1,2,0.0005347982564338269,0.004798875123393436,0.0005458960386293191,0.012071304018762441,2025-12-24,14,5
POWERGRID,2025-12-24,2025-12-26,validation,full_start_2,2,0.004798875123424926,0.0005347982564774535,0.008736212801589427,0.0036805774277290787,2025-12-24,14,5
POWERGRID,2025-12-24,2025-12-26,validation,full_start_3,2,0.00479887512343757,0.0005347982564813202,0.008820983045807834,0.0035549883663600623,2025-12-24,14,5
POWERGRID,2025-12-24,2025-12-26,validation,training_half_a,2,0.004798875123379611,0.0005347982564402359,0.0063812596364798135,0.006770290648742017,2025-12-24,14,5
POWERGRID,2025-12-24,2025-12-26,validation,training_half_b,2,0.004798875123484462,0.0005347982565108856,0.005724403452673436,0.006304856500424977,2025-12-24,14,5
POWERGRID,2025-12-26,2025-12-29,validation,full_start_1,3,0.0005347982574689468,0.0047988751324017165,0.0005514437398750835,0.015614718297889019,2025-12-26,15,5
POWERGRID,2025-12-26,2025-12-29,validation,full_start_2,3,0.004798872425890585,0.0005348016611950696,0.010664812399124812,0.005220807974064032,2025-12-26,15,5
POWERGRID,2025-12-26,2025-12-29,validation,full_start_3,3,0.004798868760432978,0.0005348062490700879,0.01079111888768916,0.00503365434192847,2025-12-26,15,5
POWERGRID,2025-12-26,2025-12-29,validation,training_half_a,3,0.004798875123267079,0.0005347982566358357,0.007167626187077364,0.009867668231703153,2025-12-26,15,5
POWERGRID,2025-12-26,2025-12-29,validation,training_half_b,3,0.004797472601588249,0.0005362085559070079,0.006177093628324561,0.00913566051292869,2025-12-26,15,5
POWERGRID,2025-12-29,2025-12-30,validation,full_start_1,1,0.0005347982586038151,0.004798875142681322,0.0005403475467013405,0.00846637890896007,2025-12-29,18,6
POWERGRID,2025-12-29,2025-12-30,validation,full_start_2,1,0.0006582716716944794,0.004675401708119844,0.0026967268850019988,0.00620182462913986,2025-12-29,18,22
POWERGRID,2025-12-29,2025-12-30,validation,full_start_3,1,0.0005372136854525118,0.004796459694361634,0.0026199601076530576,0.0062578479464706765,2025-12-29,18,10
POWERGRID,2025-12-29,2025-12-30,validation,training_half_a,1,0.0026012900200102053,0.0027323833598039407,0.0034030370931878717,0.005847360513513089,2025-12-29,18,19
POWERGRID,2025-12-29,2025-12-30,validation,training_half_b,1,0.0005347983210987555,0.004798875703634031,0.0010541979434342194,0.007647707387254593,2025-12-29,18,6
POWERGRID,2025-12-30,2025-12-31,validation,full_start_1,1,0.000534798256434624,0.00479887512340113,0.0005403475445324643,0.008466378890008869,2025-12-30,19,6
POWERGRID,2025-12-30,2025-12-31,validation,full_start_2,1,0.004179735313911541,0.00115393806609697,0.006170301661276079,0.002729225449025985,2025-12-30,19,17
POWERGRID,2025-12-30,2025-12-31,validation,full_start_3,1,0.0037396623558374285,0.001594011023976827,0.005778876657565685,0.003099948416138684,2025-12-30,19,18
POWERGRID,2025-12-30,2025-12-31,validation,training_half_a,1,0.004798773901023506,0.000534900130201176,0.005591579513386319,0.0036594552061417485,2025-12-30,19,5
POWERGRID,2025-12-30,2025-12-31,validation,training_half_b,1,0.0005348427450992049,0.004798830638368019,0.0010542418079471302,0.007647662902045521,2025-12-30,19,6
POWERGRID,2025-12-31,2026-01-01,validation,full_start_1,1,0.0005347982564512105,0.0047988751235432045,0.0005403475445490413,0.008466378890148535,2025-12-31,12,5
POWERGRID,2025-12-31,2026-01-01,validation,full_start_2,1,0.0047988751234333575,0.0005347982567956949,0.006781021703805901,0.002118676934908595,2025-12-31,12,5
POWERGRID,2025-12-31,2026-01-01,validation,full_start_3,1,0.004798875123525493,0.0005347982569104944,0.006823691137395116,0.0020554703170600486,2025-12-31,12,5
POWERGRID,2025-12-31,2026-01-01,validation,training_half_a,1,0.00479886477121265,0.0005348110617235558,0.005591670013828848,0.0036593665258769503,2025-12-31,12,4
POWERGRID,2025-12-31,2026-01-01,validation,training_half_b,1,0.0035197780428968296,0.0018138953369173164,0.0040015840458537955,0.004701148153086254,2025-12-31,12,19
POWERGRID,2026-01-01,2026-01-02,validation,full_start_1,1,0.0005347982571122512,0.004798875129418264,0.0005403475452099918,0.008466378895923332,2026-01-01,14,5
POWERGRID,2026-01-01,2026-01-02,validation,full_start_2,1,0.0005347982581601525,0.00479887513887746,0.0025749326033142894,0.006323584720397943,2026-01-01,14,5
POWERGRID,2026-01-01,2026-01-02,validation,full_start_3,1,0.0005347982581241495,0.004798875138544892,0.002617577514160363,0.006260229789502983,2026-01-01,14,5
POWERGRID,2026-01-01,2026-01-02,validation,training_half_a,1,0.0005347982564365845,0.004798875123418826,0.0013449537895296737,0.00790484529262081,2026-01-01,14,5
POWERGRID,2026-01-01,2026-01-02,validation,training_half_b,1,0.0005347982700754005,0.004798875245590695,0.0010541978930534643,0.007647706935106968,2026-01-01,14,5
POWERGRID,2026-01-02,2026-01-05,validation,full_start_1,3,0.0005347982564425077,0.004798875123470443,0.0005514437388490848,0.015614718289407165,2026-01-02,15,6
POWERGRID,2026-01-02,2026-01-05,validation,full_start_2,3,0.0005347982565328921,0.004798875124282514,0.006572346389025263,0.009309826017854711,2026-01-02,15,6
POWERGRID,2026-01-02,2026-01-05,validation,full_start_3,3,0.000534798256605632,0.00479887512493471,0.006698584814752773,0.00912223532747762,2026-01-02,15,6
POWERGRID,2026-01-02,2026-01-05,validation,training_half_a,3,0.0005347982616776878,0.004798875170364503,0.0029553888173644294,0.014076231757073843,2026-01-02,15,5
POWERGRID,2026-01-02,2026-01-05,validation,training_half_b,3,0.0005347982576976017,0.0047988751347342665,0.0020734551456911415,0.013235836097791082,2026-01-02,15,6
POWERGRID,2026-01-05,2026-01-06,validation,full_start_1,1,0.0005347982568046736,0.004798875126716897,0.0005403475449024531,0.008466378893268067,2026-01-05,15,7
POWERGRID,2026-01-05,2026-01-06,validation,full_start_2,1,0.001526281044413528,0.003807392393312701,0.003552932079484178,0.005345859967468947,2026-01-05,15,14
POWERGRID,2026-01-05,2026-01-06,validation,full_start_3,1,0.001385340397820782,0.003948332981993364,0.0034565579063622343,0.005421519492117041,2026-01-05,15,21
POWERGRID,2026-01-05,2026-01-06,validation,training_half_a,1,0.0005347995081541807,0.004798884160989792,0.0013449550361540608,0.007904854290800789,2026-01-05,15,5
POWERGRID,2026-01-05,2026-01-06,validation,training_half_b,1,0.000534798260416757,0.0047988751591304946,0.0010541978835164612,0.007647706849759628,2026-01-05,15,8
POWERGRID,2026-01-06,2026-01-07,validation,full_start_1,1,0.0006264454461479622,0.005621247697644574,0.0006319816212331936,0.00927471931629184,2026-01-06,14,9
POWERGRID,2026-01-06,2026-01-07,validation,full_start_2,1,0.0007295738797477711,0.0065466442720777986,0.002767059444571063,0.008047101495227776,2026-01-06,14,8
POWERGRID,2026-01-06,2026-01-07,validation,full_start_3,1,0.0007540644488049019,0.0067664041183228725,0.0028338631349052457,0.008200388549458648,2026-01-06,14,8
POWERGRID,2026-01-06,2026-01-07,validation,training_half_a,1,0.000534798498775469,0.0047988772969417845,0.0013449540308824726,0.007904847456670305,2026-01-06,14,6
POWERGRID,2026-01-06,2026-01-07,validation,training_half_b,1,0.0008522272449724594,0.0076472428174975664,0.0013676290839874164,0.010459411784120604,2026-01-06,14,7
POWERGRID,2026-01-07,2026-01-08,validation,full_start_1,1,0.0012912164369657262,0.01158639984980721,0.0012966574956550514,0.015138088043000458,2026-01-07,15,7
POWERGRID,2026-01-07,2026-01-08,validation,full_start_2,1,0.001318129823900701,0.01182790023193953,0.0033476115359022396,0.013255073798940753,2026-01-07,15,6
POWERGRID,2026-01-07,2026-01-08,validation,full_start_3,1,0.0013409323952033383,0.012032513262583047,0.003412753558859616,0.013393241052333582,2026-01-07,15,6
POWERGRID,2026-01-07,2026-01-08,validation,training_half_a,1,0.0006613437153389701,0.005934398374288492,0.0014709843407815781,0.009035419266407274,2026-01-07,15,9
POWERGRID,2026-01-07,2026-01-08,validation,training_half_b,1,0.0014357686201183061,0.012883501827362772,0.0019438211856395021,0.01562827236024103,2026-01-07,15,7
POWERGRID,2026-01-12,2026-01-13,validation,full_start_1,1,0.0018102949916064147,0.016244218257468933,0.0018156617797845456,0.01971643006840379,2026-01-12,22,7
POWERGRID,2026-01-12,2026-01-13,validation,full_start_2,1,0.007264360855665417,0.010734188523967111,0.009212978958191481,0.012176538631045564,2026-01-12,22,12
POWERGRID,2026-01-12,2026-01-13,validation,full_start_3,1,0.007326996190678766,0.010879254628186353,0.009317446479382624,0.012256025354361114,2026-01-12,22,7
POWERGRID,2026-01-12,2026-01-13,validation,training_half_a,1,0.0010516777323172123,0.009436960660826456,0.0018597301066023697,0.01252271532986815,2026-01-12,22,8
POWERGRID,2026-01-12,2026-01-13,validation,training_half_b,1,0.0018783435631539289,0.016854834677559476,0.002380822223487955,0.01954848825585656,2026-01-12,22,14
POWERGRID,2026-01-16,2026-01-19,validation,full_start_1,3,0.0007161138761130975,0.00642586425640007,0.000732681540950797,0.017159836439897352,2026-01-16,10,8
POWERGRID,2026-01-16,2026-01-19,validation,full_start_2,3,0.0006408982436286032,0.005750936172176549,0.00667417636984069,0.010222801565140494,2026-01-16,10,8
POWERGRID,2026-01-16,2026-01-19,validation,full_start_3,3,0.0006940385875234969,0.006227777238991668,0.00685141917325649,0.01049233092954728,2026-01-16,10,7
POWERGRID,2026-01-16,2026-01-19,validation,training_half_a,3,0.0047987659456130895,0.0005349295132961101,0.007167518336724549,0.009867797779552379,2026-01-16,10,5
POWERGRID,2026-01-16,2026-01-19,validation,training_half_b,3,0.0007881491988073792,0.007072254888975251,0.0023173538317447853,0.015422555605659277,2026-01-16,10,8
POWERGRID,2026-01-19,2026-01-20,validation,full_start_1,1,0.0011458426128219787,0.01028192506339896,0.0011513044718085563,0.013855871517369472,2026-01-19,12,7
POWERGRID,2026-01-19,2026-01-20,validation,full_start_2,1,0.0010175557001131051,0.00913077527526422,0.0030511249607542146,0.010595374632535307,2026-01-19,12,7
POWERGRID,2026-01-19,2026-01-20,validation,full_start_3,1,0.0010648471352325288,0.009555132923506762,0.0031404212323577485,0.010950323455692551,2026-01-19,12,8
POWERGRID,2026-01-19,2026-01-20,validation,training_half_a,1,0.0014094476400891179,0.003924225803600693,0.0022160442650790424,0.007034008208114506,2026-01-19,12,10
POWERGRID,2026-01-19,2026-01-20,validation,training_half_b,1,0.0012208320510255501,0.01095482359754777,0.001731591584205515,0.013724419084967465,2026-01-19,12,7
POWERGRID,2026-01-22,2026-01-23,validation,full_start_1,1,0.0015740854996545278,0.014124652905108604,0.0015794860850287876,0.017633030871831934,2026-01-22,15,8
POWERGRID,2026-01-22,2026-01-23,validation,full_start_2,1,0.0014640700617875718,0.013137457562536417,0.0034915671125238246,0.014546459476837609,2026-01-22,15,7
POWERGRID,2026-01-22,2026-01-23,validation,full_start_3,1,0.0015060656865874824,0.013514294541189714,0.0035756421296956886,0.014854409328671464,2026-01-22,15,7
POWERGRID,2026-01-22,2026-01-23,validation,training_half_a,1,0.0005347982677048675,0.004798875224531857,0.0013449538007520856,0.007904845393293058,2026-01-22,15,7
POWERGRID,2026-01-22,2026-01-23,validation,training_half_b,1,0.0016692031842517766,0.014978167075954485,0.0021743158135014706,0.017695976154728038,2026-01-22,15,6
POWERGRID,2026-01-23,2026-01-27,validation,full_start_1,4,0.0037235698546369293,0.03341250000475346,0.0037439376189036394,0.045807776678076895,2026-01-23,16,8
POWERGRID,2026-01-23,2026-01-27,validation,full_start_2,4,0.02079767798924705,0.016223970973231663,0.027713305256188522,0.021575967577059,2026-01-23,16,6
POWERGRID,2026-01-23,2026-01-27,validation,full_start_3,4,0.02082761412066786,0.016543981127529923,0.027909295964874514,0.021628522100002004,2026-01-23,16,5
POWERGRID,2026-01-23,2026-01-27,validation,training_half_a,4,0.004988261956198922,0.01553389137733086,0.008137116218547596,0.027690844014694238,2026-01-23,16,8
POWERGRID,2026-01-23,2026-01-27,validation,training_half_b,4,0.009136751629501064,0.02779761760308053,0.01075020674073707,0.03781336845429645,2026-01-23,16,7
POWERGRID,2026-01-28,2026-01-29,validation,full_start_1,1,0.005780005825073767,0.05186540126734988,0.005784804621277978,0.05472980862787252,2026-01-28,20,7
POWERGRID,2026-01-28,2026-01-29,validation,full_start_2,1,0.03783037707407597,0.020488819254974967,0.03936332373943402,0.02179581235421621,2026-01-28,20,5
POWERGRID,2026-01-28,2026-01-29,validation,full_start_3,1,0.03814212050334248,0.020480254789936102,0.03971368891695118,0.021723466372818967,2026-01-28,20,5
POWERGRID,2026-01-28,2026-01-29,validation,training_half_a,1,0.01740383736141567,0.025025346764658372,0.01814535355046404,0.028043158093880804,2026-01-28,20,8
POWERGRID,2026-01-28,2026-01-29,validation,training_half_b,1,0.02395298152736697,0.03375787713316216,0.024177446393675993,0.03623396343969468,2026-01-28,20,17
POWERGRID,2026-01-29,2026-01-30,validation,full_start_1,1,0.007124402985141646,0.06392900470963486,0.007129009423053605,0.0665875707352924,2026-01-29,16,9
POWERGRID,2026-01-29,2026-01-30,validation,full_start_2,1,0.03088617613496276,0.039265971701606533,0.03251355793912723,0.04031240966134876,2026-01-29,16,6
POWERGRID,2026-01-29,2026-01-30,validation,full_start_3,1,0.03132574647660581,0.03913487904023119,0.03298997249252365,0.0401185868639924,2026-01-29,16,6
POWERGRID,2026-01-29,2026-01-30,validation,training_half_a,1,0.005449524709683048,0.0488999136571706,0.006239682446943728,0.05181366560522216,2026-01-29,16,7
POWERGRID,2026-01-29,2026-01-30,validation,training_half_b,1,0.00706610139175577,0.06340585030024783,0.007503244066115723,0.06550032313972229,2026-01-29,16,5
POWERGRID,2026-01-30,2026-02-02,validation,full_start_1,3,0.00804994459898967,0.07223411523098754,0.008063364708870924,0.07965658025634517,2026-01-30,16,16
POWERGRID,2026-01-30,2026-02-02,validation,full_start_2,3,0.029326462429893965,0.048953253092090324,0.03420528670005865,0.05165150933678911,2026-01-30,16,9
POWERGRID,2026-01-30,2026-02-02,validation,full_start_3,3,0.02981457935979111,0.04875437774446005,0.034800489252155856,0.051268747837551976,2026-01-30,16,6
POWERGRID,2026-01-30,2026-02-02,validation,training_half_a,3,0.006323837794937962,0.05674533810350435,0.008674049490768748,0.06534641135176222,2026-01-30,16,6
POWERGRID,2026-01-30,2026-02-02,validation,training_half_b,3,0.0079253413264206,0.07111601969194732,0.009188264886631888,0.07702499997982354,2026-01-30,16,6
POWERGRID,2026-02-02,2026-02-03,validation,full_start_1,1,0.004106558349307139,0.03684914912893428,0.004111596584799225,0.039969778885992985,2026-02-02,25,6
POWERGRID,2026-02-02,2026-02-03,validation,full_start_2,1,0.026162632744486453,0.014828138133028588,0.027854250661581523,0.016213679860107855,2026-02-02,25,7
POWERGRID,2026-02-02,2026-02-03,validation,full_start_3,1,0.0263742148558729,0.014855135689709425,0.028105748951707643,0.016176598087641145,2026-02-02,25,14
POWERGRID,2026-02-02,2026-02-03,validation,training_half_a,1,0.008529877351000609,0.022313472814645588,0.009307501275077817,0.025343104082898638,2026-02-02,25,14
POWERGRID,2026-02-02,2026-02-03,validation,training_half_b,1,0.009468005536112442,0.03242125469267571,0.009874897998208912,0.0349145453160358,2026-02-02,25,8
POWERGRID,2026-02-03,2026-02-04,validation,full_start_1,1,0.003255113030438576,0.029208922724920008,0.0032602730919597186,0.03245991770901871,2026-02-03,24,6
POWERGRID,2026-02-03,2026-02-04,validation,full_start_2,1,0.022219789799792437,0.009898465194658597,0.023965026977625897,0.011352411948740343,2026-02-03,24,9
POWERGRID,2026-02-03,2026-02-04,validation,full_start_3,1,0.022344686010453706,0.010003319989002201,0.024130995046716813,0.011392275808189994,2026-02-03,24,13
POWERGRID,2026-02-03,2026-02-04,validation,training_half_a,1,0.009442894863219118,0.014271052584676553,0.010216803761043197,0.017335737442635057,2026-02-03,24,11
POWERGRID,2026-02-03,2026-02-04,validation,training_half_b,1,0.010007176865068055,0.023758045760771684,0.010407278861697532,0.026362844755301706,2026-02-03,24,16
POWERGRID,2026-02-05,2026-02-06,validation,full_start_1,1,0.0027905956886127748,0.025040695380772846,0.0027958222139477795,0.028362812851999486,2026-02-05,22,6
POWERGRID,2026-02-05,2026-02-06,validation,full_start_2,1,0.017510344050685307,0.010310212524413614,0.019319625625695308,0.011758445798602829,2026-02-05,22,13
POWERGRID,2026-02-05,2026-02-06,validation,full_start_3,1,0.017617860287221076,0.010411500532910607,0.019468422889431403,0.011794778168280645,2026-02-05,22,7
POWERGRID,2026-02-05,2026-02-06,validation,training_half_a,1,0.0064218313631646965,0.014272896280162074,0.007208032829384092,0.017337573102213066,2026-02-05,22,15
POWERGRID,2026-02-05,2026-02-06,validation,training_half_b,1,0.007550026224801167,0.021729430531352234,0.00798107422258812,0.024360340818099874,2026-02-05,22,18
POWERGRID,2026-02-06,2026-02-09,validation,full_start_1,3,0.003449968282803578,0.030957406404507802,0.0034653626239973187,0.040456937978801955,2026-02-06,21,6
POWERGRID,2026-02-06,2026-02-09,validation,full_start_2,3,0.021207665889448155,0.012975342804266696,0.026413232067553777,0.01715062054622074,2026-02-06,21,9
POWERGRID,2026-02-06,2026-02-09,validation,full_start_3,3,0.021357617455861597,0.013026841116004235,0.026683736793609303,0.017011579116280887,2026-02-06,21,14
POWERGRID,2026-02-06,2026-02-09,validation,training_half_a,3,0.005985812936664418,0.02126620572107582,0.008340134088647921,0.030329176560394577,2026-02-06,21,10
POWERGRID,2026-02-06,2026-02-09,validation,training_half_b,3,0.004537943515829781,0.031409328055198506,0.005927247297650123,0.038831910139461745,2026-02-06,21,17
POWERGRID,2026-02-13,2026-02-16,validation,full_start_1,3,0.0018368749506470754,0.016482726709369434,0.0018529616039631852,0.026710632077410784,2026-02-13,28,8
POWERGRID,2026-02-13,2026-02-16,validation,full_start_2,3,0.004590152525287591,0.014509772868932397,0.010464492455117436,0.01862205678569162,2026-02-13,28,18
POWERGRID,2026-02-13,2026-02-16,validation,full_start_3,3,0.0046487018979244656,0.014601232083909694,0.010646992987122905,0.01852117597378787,2026-02-13,28,9
POWERGRID,2026-02-13,2026-02-16,validation,training_half_a,3,0.0013073181979741852,0.011730884876949873,0.0037185170277934387,0.020917994651810212,2026-02-13,28,9
POWERGRID,2026-02-13,2026-02-16,validation,training_half_b,3,0.001932929770774174,0.017344650025768776,0.0034194238540599872,0.025303371512571587,2026-02-13,28,8
POWERGRID,2026-02-16,2026-02-17,validation,full_start_1,1,0.00593275377671522,0.0006612136796825726,0.005937530717521344,0.004399318387283607,2026-02-16,11,12
POWERGRID,2026-02-16,2026-02-17,validation,full_start_2,1,0.000945751646932092,0.008486460074936683,0.002980297380717978,0.009960000065638741,2026-02-16,11,7
POWERGRID,2026-02-16,2026-02-17,validation,full_start_3,1,0.0009970568685589863,0.008946834335330323,0.003073552464936652,0.010350486885736476,2026-02-16,11,7
POWERGRID,2026-02-16,2026-02-17,validation,training_half_a,1,0.0005347983566920352,0.004798875925169501,0.001344953889377165,0.007904846090876938,2026-02-16,11,5
POWERGRID,2026-02-16,2026-02-17,validation,training_half_b,1,0.001139334034187758,0.010223521381391808,0.0016511199748179065,0.013002529814937769,2026-02-16,11,6
POWERGRID,2026-02-17,2026-02-18,validation,full_start_1,1,0.0033732331305535482,0.03026884317730213,0.003378376291279739,0.03350175273263051,2026-02-17,35,8
POWERGRID,2026-02-17,2026-02-18,validation,full_start_2,1,0.009834639792639188,0.02455268945800757,0.011748304320187725,0.025803291564489572,2026-02-17,35,17
POWERGRID,2026-02-17,2026-02-18,validation,full_start_3,1,0.009950655577678049,0.02460935770276886,0.011905441451970145,0.025795129494139257,2026-02-17,35,11
POWERGRID,2026-02-17,2026-02-18,validation,training_half_a,1,0.002370650610311225,0.021272425822669586,0.0031733361446362185,0.024306594584994956,2026-02-17,35,8
POWERGRID,2026-02-17,2026-02-18,validation,training_half_b,1,0.0034304259034209313,0.03078204787043922,0.0039133572307134615,0.033296437521214556,2026-02-17,35,8
POWERGRID,2026-02-18,2026-02-19,validation,full_start_1,1,0.0005347992276331014,0.004798883509517253,0.0005403485155919749,0.00846638713303266,2026-02-18,13,6
POWERGRID,2026-02-18,2026-02-19,validation,full_start_2,1,0.0005347991415441862,0.004798883065690508,0.0025749334746850705,0.006323592537217107,2026-02-18,13,6
POWERGRID,2026-02-18,2026-02-19,validation,full_start_3,1,0.000534800434019485,0.004798894663371207,0.002617579660477931,0.006260249042720184,2026-02-18,13,6
POWERGRID,2026-02-18,2026-02-19,validation,training_half_a,1,0.0005347982569218019,0.004798875126083271,0.0013449537900128705,0.007904845295273577,2026-02-18,13,5
POWERGRID,2026-02-18,2026-02-19,validation,training_half_b,1,0.0005347984537755528,0.004798876891341924,0.0010541980744400506,0.007647708559674921,2026-02-18,13,7
POWERGRID,2026-02-19,2026-02-20,validation,full_start_1,1,0.000534798332180798,0.004798875775098085,0.000540347620267799,0.008466379530585905,2026-02-19,14,5
POWERGRID,2026-02-19,2026-02-20,validation,full_start_2,1,0.0006066102371101568,0.004727063142710373,0.0026457680013358686,0.006252769200386241,2026-02-19,14,19
POWERGRID,2026-02-19,2026-02-20,validation,full_start_3,1,0.0005350254766572117,0.004798647907588055,0.0026178016440242535,0.006260005719547226,2026-02-19,14,5
POWERGRID,2026-02-19,2026-02-20,validation,training_half_a,1,0.0005347982564634274,0.004798875123360296,0.0013449537895564023,0.007904845292562523,2026-02-19,14,5
POWERGRID,2026-02-19,2026-02-20,validation,training_half_b,1,0.0005347989403898757,0.004798880263396609,0.0010541985549258198,0.007647711888326275,2026-02-19,14,5
POWERGRID,2026-02-23,2026-02-24,validation,full_start_1,1,0.000995831729112032,0.008935840860419054,0.0010013150518730501,0.012532755556880937,2026-02-23,20,8
POWERGRID,2026-02-23,2026-02-24,validation,full_start_2,1,0.006303229836926731,0.0034176539478672674,0.008264918491696555,0.004961529602684825,2026-02-23,20,8
POWERGRID,2026-02-23,2026-02-24,validation,full_start_3,1,0.00619408734529786,0.003927618340891192,0.008199937701080823,0.005401093011589045,2026-02-23,20,14
POWERGRID,2026-02-23,2026-02-24,validation,training_half_a,1,0.0005347982620948498,0.004798875120094025,0.0013449537951648882,0.007904845289310458,2026-02-23,20,6
POWERGRID,2026-02-23,2026-02-24,validation,training_half_b,1,0.006458824381589999,0.00539411834817006,0.006903615262271345,0.008235288374515037,2026-02-23,20,19
POWERGRID,2026-02-26,2026-02-27,validation,full_start_1,1,0.0005348385424026829,0.004799187299170967,0.0005403878247363381,0.008466685739121765,2026-02-26,19,10
POWERGRID,2026-02-26,2026-02-27,validation,full_start_2,1,0.0005352985133886531,0.004803364050992922,0.0025754260555034825,0.006328011343562728,2026-02-26,19,11
POWERGRID,2026-02-26,2026-02-27,validation,full_start_3,1,0.0005734262306959391,0.005145493351452298,0.0026556804017960345,0.006602026209806974,2026-02-26,19,9
POWERGRID,2026-02-26,2026-02-27,validation,training_half_a,1,0.0005347985491458624,0.004798877748548441,0.0013449540810479277,0.007904847906308632,2026-02-26,19,5
POWERGRID,2026-02-26,2026-02-27,validation,training_half_b,1,0.0007232254446301532,0.006489678216201757,0.0012402519662336742,0.009316746759209127,2026-02-26,19,8
POWERGRID,2026-02-27,2026-03-02,validation,full_start_1,3,0.0015564960454171565,0.00377717733439948,0.0015727030325732652,0.014644432891516013,2026-02-27,18,14
POWERGRID,2026-02-27,2026-03-02,validation,full_start_2,3,0.0005589276057904706,0.005015393656687072,0.006595504649824779,0.009517455692503021,2026-02-27,18,9
POWERGRID,2026-02-27,2026-03-02,validation,full_start_3,3,0.0005977214005349873,0.005363499822485407,0.006758976665749622,0.009663622877628092,2026-02-27,18,8
POWERGRID,2026-02-27,2026-03-02,validation,training_half_a,3,0.0005347986863852076,0.004798878979583156,0.002955389236908662,0.014076235516700897,2026-02-27,18,5
POWERGRID,2026-02-27,2026-03-02,validation,training_half_b,3,0.0007242468757931502,0.006498843767022835,0.002255835636664573,0.014871002666005079,2026-02-27,18,8
POWERGRID,2026-03-10,2026-03-11,validation,full_start_1,1,0.003992127893391145,0.035822336753210775,0.003997182501758546,0.03896048701573754,2026-03-10,17,6
POWERGRID,2026-03-10,2026-03-11,validation,full_start_2,1,0.03531238679925499,0.003935297836506646,0.036879575958918845,0.005471990571762869,2026-03-10,17,10
POWERGRID,2026-03-10,2026-03-11,validation,full_start_3,1,0.035508114923018155,0.003957110252256615,0.037115488390836684,0.005430174662111889,2026-03-10,17,8
POWERGRID,2026-03-10,2026-03-11,validation,training_half_a,1,0.026917098119280874,0.0029997065504526648,0.027619905287970536,0.006113518552730346,2026-03-10,17,8
POWERGRID,2026-03-10,2026-03-11,validation,training_half_b,1,0.03546315183699404,0.003952099457144984,0.03554265459235741,0.006811830409239106,2026-03-10,17,8
POWERGRID,2026-03-11,2026-03-12,validation,full_start_1,1,0.0050230740225096805,0.04507326768471278,0.005027981121612186,0.04805356925959031,2026-03-11,18,6
POWERGRID,2026-03-11,2026-03-12,validation,full_start_2,1,0.04596106479154186,0.006222140431133541,0.047383441122037365,0.007727100527857439,2026-03-11,18,17
POWERGRID,2026-03-11,2026-03-12,validation,full_start_3,1,0.04628473206982556,0.006103434507792332,0.04774561482250579,0.0075466414836337925,2026-03-11,18,6
POWERGRID,2026-03-11,2026-03-12,validation,training_half_a,1,0.03495879461742413,0.006387544793640583,0.035628880493027426,0.00948659060758561,2026-03-11,18,16
POWERGRID,2026-03-11,2026-03-12,validation,training_half_b,1,0.04375832262389372,0.0068827481218299656,0.043733353817535896,0.00970475727110956,2026-03-11,18,18
POWERGRID,2026-03-12,2026-03-13,validation,full_start_1,1,0.0055696217659090275,0.04997757381882192,0.005574450664169048,0.052874193189948154,2026-03-12,16,12
POWERGRID,2026-03-12,2026-03-13,validation,full_start_2,1,0.041130925832967624,0.014058657107259839,0.04261898788411071,0.015454876291242162,2026-03-12,16,14
POWERGRID,2026-03-12,2026-03-13,validation,full_start_3,1,0.0414970323986606,0.013889865663687207,0.04302299620035109,0.015224755895755893,2026-03-12,16,14
POWERGRID,2026-03-12,2026-03-13,validation,training_half_a,1,0.026397361072874864,0.019005043147310868,0.027102283027695434,0.02204909449469583,2026-03-12,16,8
POWERGRID,2026-03-12,2026-03-13,validation,training_half_b,1,0.034005502500992296,0.02078463650179991,0.03410336327531466,0.023427707691528715,2026-03-12,16,14
POWERGRID,2026-03-13,2026-03-16,validation,full_start_1,3,0.007297494488682457,0.06548219696594508,0.0073112375373066,0.07324442220882463,2026-03-13,17,8
POWERGRID,2026-03-13,2026-03-16,validation,full_start_2,3,0.02950438938737915,0.042515626532291934,0.03437605296651368,0.045478170300753365,2026-03-13,17,8
POWERGRID,2026-03-13,2026-03-16,validation,full_start_3,3,0.030000835000967202,0.0422110727847254,0.03497925214013005,0.04499473280171466,2026-03-13,17,7
POWERGRID,2026-03-13,2026-03-16,validation,training_half_a,3,0.006255142705413358,0.05612892031932521,0.008606189545321247,0.06473801861978934,2026-03-13,17,6
POWERGRID,2026-03-13,2026-03-16,validation,training_half_b,3,0.007262786569139137,0.06517075434308194,0.008550429345024348,0.07130636555741163,2026-03-13,17,5
POWERGRID,2026-03-17,2026-03-18,validation,full_start_1,1,0.00634872336166075,0.056968642360055076,0.006353440784936368,0.059745973088484644,2026-03-17,19,6
POWERGRID,2026-03-17,2026-03-18,validation,full_start_2,1,0.041086206298575366,0.022902838668162832,0.04257487649678603,0.024176334400497976,2026-03-17,19,15
POWERGRID,2026-03-17,2026-03-18,validation,full_start_3,1,0.041505199483522666,0.022622106509481595,0.043031052266877284,0.023835522875626472,2026-03-17,19,7
POWERGRID,2026-03-17,2026-03-18,validation,training_half_a,1,0.017710940069942584,0.03886082506363984,0.01845120667219846,0.04181833325452777,2026-03-17,19,14
POWERGRID,2026-03-17,2026-03-18,validation,training_half_b,1,0.017720220699113592,0.04568179363815624,0.018023182593909438,0.04800440142213555,2026-03-17,19,16
POWERGRID,2026-03-18,2026-03-19,validation,full_start_1,1,0.005559630212697917,0.04988791717625813,0.005564460540563844,0.05278606635919167,2026-03-18,14,6
POWERGRID,2026-03-18,2026-03-19,validation,full_start_2,1,0.04173964386947859,0.014449572176476015,0.04321942788074698,0.01584036695275426,2026-03-18,14,7
POWERGRID,2026-03-18,2026-03-19,validation,full_start_3,1,0.042121836399348335,0.014195956715414633,0.04363930699917083,0.015526588926657425,2026-03-18,14,13
POWERGRID,2026-03-18,2026-03-19,validation,training_half_a,1,0.024929831567242804,0.024759084036723607,0.025640724832106943,0.02777805589525828,2026-03-18,14,19
POWERGRID,2026-03-18,2026-03-19,validation,training_half_b,1,0.02732497652898442,0.028241662759296043,0.027506973603733154,0.0307887509410793,2026-03-18,14,11
POWERGRID,2026-03-19,2026-03-20,validation,full_start_1,1,0.005903616610157679,0.05297459097465631,0.005908397719951788,0.05582007222482871,2026-03-19,27,6
POWERGRID,2026-03-19,2026-03-20,validation,full_start_2,1,0.03721502879136187,0.021699503226232535,0.038756343662220014,0.0229896966572644,2026-03-19,27,8
POWERGRID,2026-03-19,2026-03-20,validation,full_start_3,1,0.037649861951972355,0.02144548836522448,0.03922812182601254,0.022675272621035136,2026-03-19,27,13
POWERGRID,2026-03-19,2026-03-20,validation,training_half_a,1,0.004769781699823894,0.04280041392788173,0.0055627052801195676,0.04574075107725395,2026-03-19,27,6
POWERGRID,2026-03-19,2026-03-20,validation,training_half_b,1,0.010237171254022752,0.048439431784606114,0.010634376640851356,0.050726544668207973,2026-03-19,27,15
POWERGRID,2026-03-20,2026-03-23,validation,full_start_1,3,0.006531541270458515,0.05860911202148471,0.006545613053128965,0.06671719465542106,2026-03-20,16,6
POWERGRID,2026-03-20,2026-03-23,validation,full_start_2,3,0.04923411267147927,0.01683757678615226,0.053311751249879,0.020854296052279384,2026-03-20,16,15
POWERGRID,2026-03-20,2026-03-23,validation,full_start_3,3,0.04968269071152251,0.016495308933337494,0.053869339684828516,0.020337302030187243,2026-03-20,16,7
POWERGRID,2026-03-20,2026-03-23,validation,training_half_a,3,0.03242867371259399,0.02772539569568587,0.03446152212595685,0.03670427529350195,2026-03-20,16,17
POWERGRID,2026-03-20,2026-03-23,validation,training_half_b,3,0.036483068895282876,0.028817743134928926,0.03668053391161723,0.03633911530794334,2026-03-20,16,16
POWERGRID,2026-03-23,2026-03-24,validation,full_start_1,1,0.00814249799895085,0.07306461945110411,0.008146958766354104,0.07556730442992568,2026-03-23,12,7
POWERGRID,2026-03-23,2026-03-24,validation,full_start_2,1,0.06141674476625266,0.018295907436978252,0.06262893718983696,0.01963332977442646,2026-03-23,12,6
POWERGRID,2026-03-23,2026-03-24,validation,full_start_3,1,0.06194964460187297,0.018171841825265638,0.06319758815404737,0.019447165651949275,2026-03-23,12,7
POWERGRID,2026-03-23,2026-03-24,validation,training_half_a,1,0.04253345700871694,0.010045989978217975,0.04317272193152841,0.013129090139885058,2026-03-23,12,8
POWERGRID,2026-03-23,2026-03-24,validation,training_half_b,1,0.06792115995514479,0.0075692984262155346,0.06759187802293817,0.010382470652967934,2026-03-23,12,9
POWERGRID,2026-03-24,2026-03-25,validation,full_start_1,1,0.007827346834010316,0.07023669122331463,0.007831852693698564,0.07278762915773904,2026-03-24,13,7
POWERGRID,2026-03-24,2026-03-25,validation,full_start_2,1,0.06774085276261331,0.007549204556330141,0.0688670427761724,0.009035750072928131,2026-03-24,13,8
POWERGRID,2026-03-24,2026-03-25,validation,full_start_3,1,0.06809954666042628,0.007589178272297176,0.0692638922209197,0.009011717123881213,2026-03-24,13,8
POWERGRID,2026-03-24,2026-03-25,validation,training_half_a,1,0.04541655007580344,0.00506133024286752,0.04604408382556391,0.008166156478550679,2026-03-24,13,8
POWERGRID,2026-03-24,2026-03-25,validation,training_half_b,1,0.0655320002630126,0.007303044688632808,0.0652328080360876,0.010119643996600591,2026-03-24,13,7
POWERGRID,2026-03-25,2026-03-27,validation,full_start_1,2,0.007909460920672328,0.07097352093998249,0.007918448499020132,0.07600693960596225,2026-03-25,15,7
POWERGRID,2026-03-25,2026-03-27,validation,full_start_2,2,0.07266405865450387,0.008097858534470257,0.07476813124888194,0.011035201195271432,2026-03-25,15,7
POWERGRID,2026-03-25,2026-03-27,validation,full_start_3,2,0.0730016500450412,0.008135480535961043,0.07518214721323377,0.010945675894101878,2026-03-25,15,7
POWERGRID,2026-03-25,2026-03-27,validation,training_half_a,2,0.04987523553193846,0.005558216939565178,0.05109153907323058,0.01175001474663151,2026-03-25,15,7
POWERGRID,2026-03-25,2026-03-27,validation,training_half_b,2,0.06971772369723134,0.007769511837066734,0.06901833906664055,0.013354525666282896,2026-03-25,15,7
POWERGRID,2026-03-27,2026-03-30,validation,full_start_1,3,0.009484594839989062,0.08510758157029823,0.009497399222476624,0.09188224673315598,2026-03-27,20,7
POWERGRID,2026-03-27,2026-03-30,validation,full_start_2,3,0.07154308502818214,0.023242444921474783,0.07472289642792097,0.026996221513964802,2026-03-27,20,6
POWERGRID,2026-03-27,2026-03-30,validation,full_start_3,3,0.07216121764938818,0.02298835299910012,0.07544359304674206,0.0265631246607438,2026-03-27,20,6
POWERGRID,2026-03-27,2026-03-30,validation,training_half_a,3,0.04309585820829529,0.02653328731720727,0.04499902288424931,0.03552768679815821,2026-03-27,20,7
POWERGRID,2026-03-27,2026-03-30,validation,training_half_b,3,0.060747447184248834,0.031259898055214355,0.060039633967309845,0.038688176346013264,2026-03-27,20,7
POWERGRID,2026-03-30,2026-04-01,validation,full_start_1,2,0.009939375642516974,0.08918844057384458,0.009947782376146644,0.09360555988703662,2026-03-30,19,7
POWERGRID,2026-03-30,2026-04-01,validation,full_start_2,2,0.07908891011786463,0.021817544102577628,0.08101942603349448,0.024376774824668615,2026-03-30,19,6
POWERGRID,2026-03-30,2026-04-01,validation,full_start_3,2,0.07969991901545519,0.021534425690245676,0.08169954958130689,0.023974429523762428,2026-03-30,19,6
POWERGRID,2026-03-30,2026-04-01,validation,training_half_a,2,0.0497637743901294,0.027648601751395316,0.05098098314654409,0.033648253479679036,2026-03-30,19,8
POWERGRID,2026-03-30,2026-04-01,validation,training_half_b,2,0.06481468539526349,0.03320824353653158,0.06423802337381007,0.038142603381236706,2026-03-30,19,13
POWERGRID,2026-04-02,2026-04-06,validation,full_start_1,4,0.006996505580229447,0.06278135011796852,0.007015000560954547,0.07322286601855976,2026-04-02,18,7
POWERGRID,2026-04-02,2026-04-06,validation,full_start_2,4,0.05927179186148181,0.010665475668513297,0.0641368660540678,0.016319632513221993,2026-04-02,18,5
POWERGRID,2026-04-02,2026-04-06,validation,full_start_3,4,0.05972140534586876,0.010497133652985123,0.06473102530051054,0.01591118843112735,2026-04-02,18,13
POWERGRID,2026-04-02,2026-04-06,validation,training_half_a,4,0.04474862443025331,0.007945195509966897,0.04725428537412377,0.020233589640488603,2026-04-02,18,15
POWERGRID,2026-04-02,2026-04-06,validation,training_half_b,4,0.06112238070795565,0.006811626014678935,0.06016601335871981,0.017887177730565418,2026-04-02,18,9
POWERGRID,2026-04-06,2026-04-07,validation,full_start_1,1,0.0074624501400194845,0.06696238423663912,0.007467008209655054,0.06956919168999456,2026-04-06,18,7
POWERGRID,2026-04-06,2026-04-07,validation,full_start_2,1,0.06694414092752177,0.007460417061483664,0.06808116553434727,0.008948194609305307,2026-04-06,18,9
POWERGRID,2026-04-06,2026-04-07,validation,full_start_3,1,0.06716082037996678,0.007484564344001545,0.06833792640900709,0.008908558475910988,2026-04-06,18,9
POWERGRID,2026-04-06,2026-04-07,validation,training_half_a,1,0.05371040365039335,0.0059856173553171285,0.05430419009152407,0.009086415005041926,2026-04-06,18,8
POWERGRID,2026-04-06,2026-04-07,validation,training_half_b,1,0.06547417195249294,0.007296600161765878,0.0651757080305139,0.010113282420370046,2026-04-06,18,7
POWERGRID,2026-04-07,2026-04-08,validation,full_start_1,1,0.005894144523290785,0.05288959563017887,0.005898926988364792,0.05573652715640254,2026-04-07,13,7
POWERGRID,2026-04-07,2026-04-08,validation,full_start_2,1,0.045274925344882484,0.014092982187507817,0.046706632579603544,0.015488725070512244,2026-04-07,13,6
POWERGRID,2026-04-07,2026-04-08,validation,full_start_3,1,0.04563838169773228,0.013966223852167415,0.0471080505404209,0.015300051868418485,2026-04-07,13,6
POWERGRID,2026-04-07,2026-04-08,validation,training_half_a,1,0.029321482982197184,0.01769056143659801,0.030014506819495274,0.020740342067114725,2026-04-07,13,7
POWERGRID,2026-04-07,2026-04-08,validation,training_half_b,1,0.03765164316280435,0.02073287195530924,0.03770358348304803,0.023376609431665668,2026-04-07,13,12
POWERGRID,2026-04-08,2026-04-09,validation,full_start_1,1,0.004897163503368833,0.04394344190301669,0.004902088617930733,0.046943021701700394,2026-04-08,19,12
POWERGRID,2026-04-08,2026-04-09,validation,full_start_2,1,0.02982764116072845,0.019404061497224716,0.031469418126856066,0.02072610688992188,2026-04-08,19,6
POWERGRID,2026-04-08,2026-04-09,validation,full_start_3,1,0.030079760367301197,0.01937377391708148,0.03176092355317858,0.02063237771275027,2026-04-08,19,13
POWERGRID,2026-04-08,2026-04-09,validation,training_half_a,1,0.011257621307007876,0.02766374925551562,0.012024146166420113,0.030670060877467376,2026-04-08,19,9
POWERGRID,2026-04-08,2026-04-09,validation,training_half_b,1,0.01343599451599125,0.035687325154150844,0.013792913081676194,0.03813857659778572,2026-04-08,19,10
SJVN,2025-06-10,2025-06-11,validation,full_start_1,1,0.006618243530029079,0.05938711253212626,0.007037645949838134,0.06846633145616243,2025-06-10,14,10
SJVN,2025-06-10,2025-06-11,validation,full_start_2,1,0.006616237202985838,0.059369109270482515,0.007044081421395454,0.06844069839065292,2025-06-10,14,10
SJVN,2025-06-10,2025-06-11,validation,full_start_3,1,0.006616204720483701,0.05936881779707254,0.007041542241576659,0.06844300999098507,2025-06-10,14,10
SJVN,2025-06-10,2025-06-11,validation,training_half_a,1,0.024680547153632153,0.02420049389772823,0.024704460103325054,0.035963395178833624,2025-06-10,14,10
SJVN,2025-06-10,2025-06-11,validation,training_half_b,1,0.006659856895939791,0.05976051940858288,0.0075232956104228366,0.0682134902436391,2025-06-10,14,7
SJVN,2025-06-12,2025-06-13,validation,full_start_1,1,0.007033525827461145,0.06311354182084411,0.007451720204710577,0.07214958389811921,2025-06-12,10,7
SJVN,2025-06-12,2025-06-13,validation,full_start_2,1,0.007032595575281364,0.06310519444126683,0.007459209689284874,0.07213349197958974,2025-06-12,10,7
SJVN,2025-06-12,2025-06-13,validation,full_start_3,1,0.007032357285433264,0.06310305620837124,0.007456465621256569,0.07213403050801859,2025-06-12,10,7
SJVN,2025-06-12,2025-06-13,validation,training_half_a,1,0.005939022662121656,0.05329229810990524,0.005966497206327248,0.06464009245212954,2025-06-12,10,8
SJVN,2025-06-12,2025-06-13,validation,training_half_b,1,0.007112541791722377,0.0638225713299812,0.007973286526841594,0.0722315829549457,2025-06-12,10,7
SJVN,2025-06-13,2025-06-16,validation,full_start_1,3,0.009284744946454744,0.08331427975796618,0.010516093003160643,0.1094154541806146,2025-06-13,12,7
SJVN,2025-06-13,2025-06-16,validation,full_start_2,3,0.009284470782499407,0.08331181961796244,0.010540635477521015,0.10938976049491744,2025-06-13,12,7
SJVN,2025-06-13,2025-06-16,validation,full_start_3,3,0.00928393783351145,0.08330703733677605,0.010532615954465557,0.10939421226822221,2025-06-13,12,7
SJVN,2025-06-13,2025-06-16,validation,training_half_a,3,0.008267611062681143,0.07418728947091793,0.008348691726850599,0.10686548132089979,2025-06-13,12,8
SJVN,2025-06-13,2025-06-16,validation,training_half_b,3,0.009377643422469113,0.08414788042921374,0.011904341492187137,0.10845013373682899,2025-06-13,12,6
SJVN,2025-06-30,2025-07-01,validation,full_start_1,1,0.0005347989839212246,0.004798880896795892,0.0009718979440504205,0.014510594772341845,2025-06-30,9,5
SJVN,2025-06-30,2025-07-01,validation,full_start_2,1,0.0005347990381155243,0.004798881319082358,0.0009806104799069404,0.014502798499723135,2025-06-30,9,5
SJVN,2025-06-30,2025-07-01,validation,full_start_3,1,0.0005347989488393559,0.00479888062097197,0.0009780990515020627,0.014504633394359256,2025-06-30,9,5
SJVN,2025-06-30,2025-07-01,validation,training_half_a,1,0.0005347982574985679,0.004798875130100272,0.0005632998075912055,0.016838615431474913,2025-06-30,9,5
SJVN,2025-06-30,2025-07-01,validation,training_half_b,1,0.0005347995921845089,0.004798886393768512,0.001434689220166957,0.013846647748353869,2025-06-30,9,5
SJVN,2025-07-04,2025-07-07,validation,full_start_1,3,0.0006694719738583684,0.006007335219378906,0.001975786171092786,0.034764680845108975,2025-07-04,13,7
SJVN,2025-07-04,2025-07-07,validation,full_start_2,3,0.0006671597015862689,0.005986586636593107,0.0019994768624529424,0.03472150031312782,2025-07-04,13,14
SJVN,2025-07-04,2025-07-07,validation,full_start_3,3,0.0006670105886489298,0.0059852486098619625,0.0019918185728808047,0.03472610470693349,2025-07-04,13,7
SJVN,2025-07-04,2025-07-07,validation,training_half_a,3,0.0005347983527216173,0.00479887584520621,0.0006202867548752156,0.040405167837667344,2025-07-04,13,5
SJVN,2025-07-04,2025-07-07,validation,training_half_b,3,0.0008608120819938239,0.007724276608662067,0.0035386609561341986,0.03448092685045856,2025-07-04,13,5
SJVN,2025-07-07,2025-07-08,validation,full_start_1,1,0.0016436211156551678,0.014748612938267465,0.0020774945486322083,0.024345042711424014,2025-07-07,10,7
SJVN,2025-07-07,2025-07-08,validation,full_start_2,1,0.001640413340527886,0.014719828790087234,0.002082958314979372,0.024308787801999854,2025-07-07,10,7
SJVN,2025-07-07,2025-07-08,validation,full_start_3,1,0.0016406704810983466,0.01472213617510941,0.0020807041831376327,0.024313042984723254,2025-07-07,10,11
SJVN,2025-07-07,2025-07-08,validation,training_half_a,1,0.000534798256696872,0.004798875125453183,0.0005632998067896522,0.016838615426894243,2025-07-07,10,6
SJVN,2025-07-07,2025-07-08,validation,training_half_b,1,0.0017397385811943695,0.015611098387220837,0.002632457480042011,0.024541850824201572,2025-07-07,10,7
TATAPOWER,2025-12-15,2025-12-16,validation,full_start_1,1,0.0010253045945428309,0.00920022090750743,0.0010295430975697378,0.013659630179293197,2025-12-15,16,23
TATAPOWER,2025-12-15,2025-12-16,validation,full_start_2,1,0.0010243429979143127,0.009191678915891318,0.0010603638778578645,0.01361742389153825,2025-12-15,16,19
TATAPOWER,2025-12-15,2025-12-16,validation,full_start_3,1,0.0010253082554723442,0.009200340915393379,0.0010295247298047067,0.013659784745418152,2025-12-15,16,22
TATAPOWER,2025-12-15,2025-12-16,validation,training_half_a,1,0.0010966206939251137,0.00984024481113389,0.001100740822707117,0.014190725284597916,2025-12-15,16,8
TATAPOWER,2025-12-15,2025-12-16,validation,training_half_b,1,0.0005347984202475536,0.004798876593334576,0.0005589849345534192,0.01004337432396707,2025-12-15,16,7
TATAPOWER,2025-12-16,2025-12-17,validation,full_start_1,1,0.0005591320573469317,0.005017228250867284,0.0005634365412828142,0.0095896470611678,2025-12-16,22,11
TATAPOWER,2025-12-16,2025-12-17,validation,full_start_2,1,0.0005547324258826493,0.00497774928523483,0.0005913255142687389,0.00951734160679063,2025-12-16,22,13
TATAPOWER,2025-12-16,2025-12-17,validation,full_start_3,1,0.0005592685898319498,0.005018453390138038,0.0005635510254636232,0.009590877373418238,2025-12-16,22,19
TATAPOWER,2025-12-16,2025-12-17,validation,training_half_a,1,0.000635795579218396,0.0057051487209787465,0.0006399809258991404,0.01016734524784721,2025-12-16,22,9
TATAPOWER,2025-12-16,2025-12-17,validation,training_half_b,1,0.0005347982625504196,0.004798875178275507,0.0005589847768817657,0.01004337291769386,2025-12-16,22,6
TATAPOWER,2025-12-17,2025-12-18,validation,full_start_1,1,0.0016191398078431983,0.014528936195432933,0.0016232942609014193,0.018844382590638198,2025-12-17,14,8
TATAPOWER,2025-12-17,2025-12-18,validation,full_start_2,1,0.0015959360994558696,0.014320723663677551,0.0016312605078592224,0.018607897713190574,2025-12-17,14,7
TATAPOWER,2025-12-17,2025-12-18,validation,full_start_3,1,0.0016191950984153977,0.01452943232916171,0.0016233275164952744,0.018844902520248646,2025-12-17,14,14
TATAPOWER,2025-12-17,2025-12-18,validation,training_half_a,1,0.001662442503293317,0.014917501698376235,0.0016664825546049457,0.01913081217888321,2025-12-17,14,16
TATAPOWER,2025-12-17,2025-12-18,validation,training_half_b,1,0.0008446354223158971,0.007577746844052248,0.000868771860578349,0.012804990976514552,2025-12-17,14,27
TATAPOWER,2025-12-22,2025-12-23,validation,full_start_1,1,0.0007451744727244959,0.0066866321958332425,0.0007494526246766275,0.011213949667235684,2025-12-22,23,10
TATAPOWER,2025-12-22,2025-12-23,validation,full_start_2,1,0.0007375961093972296,0.006618629694310952,0.0007739663830730638,0.011113890502077783,2025-12-22,23,10
TATAPOWER,2025-12-22,2025-12-23,validation,full_start_3,1,0.0007448394428657882,0.006683625891240427,0.0007490956135773677,0.011211062666415389,2025-12-22,23,17
TATAPOWER,2025-12-22,2025-12-23,validation,training_half_a,1,0.0007903848198236475,0.007092315661334551,0.0007945482883881215,0.011517035715441354,2025-12-22,23,17
TATAPOWER,2025-12-22,2025-12-23,validation,training_half_b,1,0.0005347983284679225,0.004798875769773514,0.000558984842788629,0.010043373505519426,2025-12-22,23,7
TATAPOWER,2025-12-23,2025-12-24,validation,full_start_1,1,0.0005347985707532062,0.0047988777613944145,0.0005391064987906487,0.009377195622942536,2025-12-23,11,4
TATAPOWER,2025-12-23,2025-12-24,validation,full_start_2,1,0.0005347984745282884,0.004798876937340642,0.0005714158519230517,0.009343301836525625,2025-12-23,11,4
TATAPOWER,2025-12-23,2025-12-24,validation,full_start_3,1,0.0005347985694050204,0.004798877751169478,0.0005390844684207384,0.009377233909619864,2025-12-23,11,4
TATAPOWER,2025-12-23,2025-12-24,validation,training_half_a,1,0.0005347986967739353,0.0047988788185774475,0.0005389983369561459,0.009285559636646928,2025-12-23,11,4
TATAPOWER,2025-12-23,2025-12-24,validation,training_half_b,1,0.0005347982584068032,0.0047988751246565205,0.0005589847727388297,0.010043372864407818,2025-12-23,11,4
TATAPOWER,2025-12-24,2025-12-26,validation,full_start_1,2,0.0005347985989884085,0.004798878092489842,0.0005434138453218121,0.013831823982731833,2025-12-24,15,4
TATAPOWER,2025-12-24,2025-12-26,validation,full_start_2,2,0.0005347984495379777,0.004798876785917,0.0006079885870527747,0.013764950286439537,2025-12-24,15,4
TATAPOWER,2025-12-24,2025-12-26,validation,full_start_3,2,0.0005347985986275872,0.004798878081277286,0.0005433697900425888,0.013831899014586452,2025-12-24,15,4
TATAPOWER,2025-12-24,2025-12-26,validation,training_half_a,2,0.0005347986388991107,0.004798878424049679,0.0005431973249292593,0.01365102541946625,2025-12-24,15,4
TATAPOWER,2025-12-24,2025-12-26,validation,training_half_b,2,0.0005347982567942474,0.004798875123794929,0.000583167376419752,0.01525530828537247,2025-12-24,15,4
TATAPOWER,2025-12-26,2025-12-29,validation,full_start_1,3,0.0005347982564499539,0.004798875123534753,0.0005477202115815559,0.01816610112817038,2025-12-26,18,5
TATAPOWER,2025-12-26,2025-12-29,validation,full_start_2,3,0.0005347982564396396,0.004798875123444331,0.0006445165917784712,0.018067138082391104,2025-12-26,18,5
TATAPOWER,2025-12-26,2025-12-29,validation,full_start_3,3,0.0005347982564497784,0.004798875123534288,0.0005476541338911532,0.018166211421542594,2025-12-26,18,5
TATAPOWER,2025-12-26,2025-12-29,validation,training_half_a,3,0.0005347982564608159,0.004798875123629675,0.0005473953942265256,0.017898548686686472,2025-12-26,18,5
TATAPOWER,2025-12-26,2025-12-29,validation,training_half_b,3,0.0005347982623193528,0.004798875161838245,0.0006073460788281193,0.020434883601257336,2025-12-26,18,4
TATAPOWER,2025-12-29,2025-12-30,validation,full_start_1,1,0.0005347982567724677,0.004798875126365463,0.0005391061848543516,0.009377193059102645,2025-12-29,20,5
TATAPOWER,2025-12-29,2025-12-30,validation,full_start_2,1,0.0005347982564961285,0.004798875123933122,0.0005714156341565593,0.009343300072110788,2025-12-29,20,5
TATAPOWER,2025-12-29,2025-12-30,validation,full_start_3,1,0.0005347982567713473,0.0047988751263665684,0.0005390841558313153,0.009377231355730042,2025-12-29,20,5
TATAPOWER,2025-12-29,2025-12-30,validation,training_half_a,1,0.0005347982567177704,0.004798875125889039,0.0005389978969622608,0.009285556043722248,2025-12-29,20,5
TATAPOWER,2025-12-29,2025-12-30,validation,training_half_b,1,0.0047988682113834285,0.0005348051684848106,0.0048223655641542185,0.0058057778937358195,2025-12-29,20,5
TATAPOWER,2025-12-30,2025-12-31,validation,full_start_1,1,0.0005347982571998118,0.004798875130041226,0.0005391061852816383,0.009377193062679118,2025-12-30,23,5
TATAPOWER,2025-12-30,2025-12-31,validation,full_start_2,1,0.000534798256729191,0.004798875124979725,0.0005714156343893349,0.009343300073129113,2025-12-30,23,5
TATAPOWER,2025-12-30,2025-12-31,validation,full_start_3,1,0.000534798257199456,0.004798875130023236,0.0005390841562593618,0.009377231359287919,2025-12-30,23,5
TATAPOWER,2025-12-30,2025-12-31,validation,training_half_a,1,0.0005347982572705622,0.004798875130279601,0.0005389978975149715,0.009285556047994192,2025-12-30,23,5
TATAPOWER,2025-12-30,2025-12-31,validation,training_half_b,1,0.004798875122642039,0.0005347982571751812,0.004822372474295844,0.005805771025337414,2025-12-30,23,5
TATAPOWER,2025-12-31,2026-01-01,validation,full_start_1,1,0.0005347982564722809,0.0047988751237282665,0.0005391061845542063,0.009377193056536698,2025-12-31,20,5
TATAPOWER,2025-12-31,2026-01-01,validation,full_start_2,1,0.0005347982564606495,0.0047988751236170335,0.0005714156341211224,0.009343300071803257,2025-12-31,20,5
TATAPOWER,2025-12-31,2026-01-01,validation,full_start_3,1,0.0005347982564721963,0.0047988751237280055,0.0005390841555322073,0.00937723135316279,2025-12-31,20,5
TATAPOWER,2025-12-31,2026-01-01,validation,training_half_a,1,0.0005347982565293048,0.0047988751242130645,0.0005389978967738213,0.009285556042091553,2025-12-31,20,5
TATAPOWER,2025-12-31,2026-01-01,validation,training_half_b,1,0.0005347982597350188,0.004798875150352228,0.000558984774066823,0.010043372889944058,2025-12-31,20,4
TATAPOWER,2026-01-01,2026-01-02,validation,full_start_1,1,0.000534798256434357,0.004798875123398418,0.0005391061845162887,0.00937719305621576,2026-01-01,15,5
TATAPOWER,2026-01-01,2026-01-02,validation,full_start_2,1,0.0005347982564341908,0.004798875123396667,0.0005714156340946956,0.009343300071588817,2026-01-01,15,5
TATAPOWER,2026-01-01,2026-01-02,validation,full_start_3,1,0.0005347982564343515,0.00479887512339837,0.0005390841554943661,0.009377231352842075,2026-01-01,15,5
TATAPOWER,2026-01-01,2026-01-02,validation,training_half_a,1,0.0005347982564374038,0.004798875123424416,0.000538997896681933,0.009285556041324222,2026-01-01,15,5
TATAPOWER,2026-01-01,2026-01-02,validation,training_half_b,1,0.0005347982600867606,0.0047988751555700536,0.0005589847744185139,0.010043372895129465,2026-01-01,15,4
TATAPOWER,2026-01-02,2026-01-05,validation,full_start_1,3,0.0005347982567306383,0.0047988751260204425,0.0005477202118621231,0.01816610113046002,2026-01-02,26,5
TATAPOWER,2026-01-02,2026-01-05,validation,full_start_2,3,0.0005347982566665632,0.004798875125436018,0.0006445165920045647,0.018067138084225692,2026-01-02,26,5
TATAPOWER,2026-01-02,2026-01-05,validation,full_start_3,3,0.0005347982567290813,0.0047988751260153,0.0005476541341703396,0.018166211423827877,2026-01-02,26,5
TATAPOWER,2026-01-02,2026-01-05,validation,training_half_a,3,0.000534798257178025,0.004798875129964198,0.0005473953949434278,0.017898548692521332,2026-01-02,26,5
TATAPOWER,2026-01-02,2026-01-05,validation,training_half_b,3,0.0005347984928359106,0.004798877243505206,0.0006073463092329257,0.02043488564439022,2026-01-02,26,4
TATAPOWER,2026-01-06,2026-01-07,validation,full_start_1,1,0.0005347982564392372,0.0047988751234420745,0.0005391061845211702,0.009377193056258254,2026-01-06,18,6
TATAPOWER,2026-01-06,2026-01-07,validation,full_start_2,1,0.0005347982564364409,0.004798875123416757,0.0005714156340969438,0.009343300071608385,2026-01-06,18,6
TATAPOWER,2026-01-06,2026-01-07,validation,full_start_3,1,0.0005347982564392961,0.004798875123441981,0.00053908415549931,0.009377231352884485,2026-01-06,18,6
TATAPOWER,2026-01-06,2026-01-07,validation,training_half_a,1,0.0005347982564760088,0.004798875123766535,0.000538997896720534,0.009285556041657095,2026-01-06,18,6
TATAPOWER,2026-01-06,2026-01-07,validation,training_half_b,1,0.0005347982564355019,0.004798875123409124,0.0005589847707678508,0.010043372863168254,2026-01-06,18,5
TATAPOWER,2026-01-08,2026-01-09,validation,full_start_1,1,0.0018425852529997345,0.01653396651058059,0.001846708080141795,0.02079524413973191,2026-01-08,25,11
TATAPOWER,2026-01-08,2026-01-09,validation,full_start_2,1,0.001776737354512202,0.015943097399428913,0.0018118414612215,0.020186439928229355,2026-01-08,25,7
TATAPOWER,2026-01-08,2026-01-09,validation,full_start_3,1,0.0018425756527982093,0.016533880499435345,0.0018466764545314665,0.020795197425973105,2026-01-08,25,7
TATAPOWER,2026-01-08,2026-01-09,validation,training_half_a,1,0.0018792992218017886,0.016863410036249082,0.0018833085826430868,0.021024148775965923,2026-01-08,25,7
TATAPOWER,2026-01-08,2026-01-09,validation,training_half_b,1,0.0005461524661391432,0.004900733386548162,0.0005703371453972539,0.010144598703277774,2026-01-08,25,19
TATAPOWER,2026-01-09,2026-01-12,validation,full_start_1,3,0.001916159550970909,0.017194166755377414,0.0019284950457239061,0.029583660170630965,2026-01-09,23,7
TATAPOWER,2026-01-09,2026-01-12,validation,full_start_2,3,0.001819992312256552,0.01633123467958533,0.0019250184415504426,0.028689817022608227,2026-01-09,23,7
TATAPOWER,2026-01-09,2026-01-12,validation,full_start_3,3,0.001916136105886122,0.01719395637691602,0.00192840554004391,0.029583572711406464,2026-01-09,23,7
TATAPOWER,2026-01-09,2026-01-12,validation,training_half_a,3,0.001923194126219139,0.01725728971390665,0.0019352018726244632,0.029374247231969186,2026-01-09,23,7
TATAPOWER,2026-01-09,2026-01-12,validation,training_half_b,3,0.0006926058490928871,0.00621492112127007,0.0007650771630949016,0.02182471692132093,2026-01-09,23,15
TATAPOWER,2026-01-12,2026-01-13,validation,full_start_1,1,0.0026639192805564056,0.023903997091235616,0.0026679258581097723,0.027966162787106952,2026-01-12,23,7
TATAPOWER,2026-01-12,2026-01-13,validation,full_start_2,1,0.0026441801713116505,0.02372687325215607,0.0026782273211874603,0.027759922230837508,2026-01-12,23,7
TATAPOWER,2026-01-12,2026-01-13,validation,full_start_3,1,0.0026639184466208843,0.023903989608128864,0.0026679029989405065,0.027966191648964717,2026-01-12,23,7
TATAPOWER,2026-01-12,2026-01-13,validation,training_half_a,1,0.0027168146019057086,0.024378639702480904,0.0027207054340654888,0.028336342822121524,2026-01-12,23,14
TATAPOWER,2026-01-12,2026-01-13,validation,training_half_b,1,0.0016213151219821448,0.014548455819380097,0.0016453260328024577,0.019732419841304694,2026-01-12,23,12
TATAPOWER,2026-01-13,2026-01-14,validation,full_start_1,1,0.002683368799458669,0.024078522365575655,0.002687372624175191,0.0281359730111633,2026-01-13,27,6
TATAPOWER,2026-01-13,2026-01-14,validation,full_start_2,1,0.0026760786880542864,0.024013106418827482,0.002710086970405229,0.028038422262598534,2026-01-13,27,7
TATAPOWER,2026-01-13,2026-01-14,validation,full_start_3,1,0.002683354115146957,0.024078390599666512,0.002687335916623585,0.028135880928235407,2026-01-13,27,6
TATAPOWER,2026-01-13,2026-01-14,validation,training_half_a,1,0.0027644481885895356,0.02480606748906884,0.0027683322794447886,0.028752222982150827,2026-01-13,27,6
TATAPOWER,2026-01-13,2026-01-14,validation,training_half_b,1,0.001295354432651754,0.011623531093615566,0.0013194180254355314,0.01682565554454296,2026-01-13,27,13
TATAPOWER,2026-01-14,2026-01-16,validation,full_start_1,2,0.0028862789870934976,0.025899284942885695,0.00289422863508685,0.03380751632654741,2026-01-14,20,7
TATAPOWER,2026-01-14,2026-01-16,validation,full_start_2,2,0.0028521065212727625,0.025592647075634297,0.002919652938295599,0.033450331499361524,2026-01-14,20,13
TATAPOWER,2026-01-14,2026-01-16,validation,full_start_3,2,0.0028862600168368838,0.025899114716925697,0.0028941656233870197,0.033807425587638024,2026-01-14,20,14
TATAPOWER,2026-01-14,2026-01-16,validation,training_half_a,2,0.0029167258488741114,0.02617249205430654,0.00292445038199831,0.03388535668621742,2026-01-14,20,14
TATAPOWER,2026-01-14,2026-01-16,validation,training_half_b,2,0.0019983482434079948,0.017931665927795205,0.0020462443215976123,0.028225526209399443,2026-01-14,20,13
TATAPOWER,2026-01-19,2026-01-20,validation,full_start_1,1,0.0012051064021913033,0.010813713517097834,0.0012093194565146563,0.015229531974800453,2026-01-19,12,8
TATAPOWER,2026-01-19,2026-01-20,validation,full_start_2,1,0.004323349156733331,0.004330044023578777,0.004355350282249544,0.008887135338101676,2026-01-19,12,14
TATAPOWER,2026-01-19,2026-01-20,validation,full_start_3,1,0.001205088734208973,0.010813554952171253,0.001209279763166527,0.015229415312289607,2026-01-19,12,7
TATAPOWER,2026-01-19,2026-01-20,validation,training_half_a,1,0.001278538758183509,0.011472639947791687,0.0012826331411597454,0.015779018727295507,2026-01-19,12,8
TATAPOWER,2026-01-19,2026-01-20,validation,training_half_b,1,0.0005347982564790423,0.0047988751236846434,0.0005589847708113715,0.010043372863441924,2026-01-19,12,5
TATAPOWER,2026-01-21,2026-01-22,validation,full_start_1,1,0.006126210963604586,0.018099971065905572,0.006129727496948671,0.022318940838783607,2026-01-21,19,9
TATAPOWER,2026-01-21,2026-01-22,validation,full_start_2,1,0.01631679901030374,0.0018183835665044707,0.016334186424651478,0.006443332178591554,2026-01-21,19,9
TATAPOWER,2026-01-21,2026-01-22,validation,full_start_3,1,0.00611218639337275,0.018121398584668894,0.006115682892312131,0.022339826257136042,2026-01-21,19,9
TATAPOWER,2026-01-21,2026-01-22,validation,training_half_a,1,0.01552381545420273,0.003954012112418046,0.015525893786005787,0.008463518318823665,2026-01-21,19,14
TATAPOWER,2026-01-21,2026-01-22,validation,training_half_b,1,0.0005348002280085252,0.004798884186041878,0.0005589867420222328,0.010043381869532353,2026-01-21,19,5
TATAPOWER,2026-01-22,2026-01-23,validation,full_start_1,1,0.009969764256037695,0.001111054654360705,0.00997273678234643,0.005789004339739168,2026-01-22,20,15
TATAPOWER,2026-01-22,2026-01-23,validation,full_start_2,1,0.009616922812234677,0.0010717331500217202,0.009642473853963905,0.005716853947144829,2026-01-22,20,10
TATAPOWER,2026-01-22,2026-01-23,validation,full_start_3,1,0.009968592874866195,0.0011109241127338768,0.009971543554209206,0.005788916037271469,2026-01-22,20,8
TATAPOWER,2026-01-22,2026-01-23,validation,training_half_a,1,0.010272204202134717,0.001144759293746411,0.010275025763939669,0.005730161835104053,2026-01-22,20,14
TATAPOWER,2026-01-22,2026-01-23,validation,training_half_b,1,0.004798875133749021,0.0005347982577526582,0.004822372485401016,0.005805771025911399,2026-01-22,20,5
TATAPOWER,2026-01-23,2026-01-27,validation,full_start_1,4,0.025194713875088412,0.004725182152317319,0.025197983679052374,0.022317238063995798,2026-01-23,31,11
TATAPOWER,2026-01-23,2026-01-27,validation,full_start_2,4,0.026631837184553454,0.0029679163816739565,0.026651077202744927,0.02061212903318485,2026-01-23,31,7
TATAPOWER,2026-01-23,2026-01-27,validation,full_start_3,4,0.025190721497736695,0.004728335766892645,0.02519390563410169,0.022320208577141593,2026-01-23,31,12
TATAPOWER,2026-01-23,2026-01-27,validation,training_half_a,4,0.02670200564295867,0.0029757361244642836,0.02670399061171877,0.020397360930838188,2026-01-23,31,8
TATAPOWER,2026-01-23,2026-01-27,validation,training_half_b,4,0.006645417599929691,0.0007405814184227929,0.006738190755193524,0.02162386051628573,2026-01-23,31,7
TATAPOWER,2026-01-28,2026-01-29,validation,full_start_1,1,0.006369039230734785,0.057150941605727174,0.006372521394765986,0.06031489347120979,2026-01-28,18,11
TATAPOWER,2026-01-28,2026-01-29,validation,full_start_2,1,0.0299980993573455,0.02167540006311023,0.02999881645797018,0.02576387350262671,2026-01-28,18,18
TATAPOWER,2026-01-28,2026-01-29,validation,full_start_3,1,0.006369025073726252,0.05715081457143813,0.006372485220796212,0.06031480226362726,2026-01-28,18,11
TATAPOWER,2026-01-28,2026-01-29,validation,training_half_a,1,0.016375560850436413,0.042883337724591075,0.016377518639666522,0.046341107641375015,2026-01-28,18,18
TATAPOWER,2026-01-28,2026-01-29,validation,training_half_b,1,0.012375772254855734,0.0198165220274261,0.012398045023818721,0.02496777739824907,2026-01-28,18,8
TATAPOWER,2026-01-29,2026-01-30,validation,full_start_1,1,0.006074287938821766,0.05450606575434589,0.006077811821222474,0.057741472729585616,2026-01-29,25,8
TATAPOWER,2026-01-29,2026-01-30,validation,full_start_2,1,0.022779869956525166,0.03026409924931764,0.022789382284619776,0.034120532599686504,2026-01-29,25,7
TATAPOWER,2026-01-29,2026-01-30,validation,full_start_3,1,0.006074275756488075,0.0545059570964494,0.006077777621139972,0.05774139970010096,2026-01-29,25,9
TATAPOWER,2026-01-29,2026-01-30,validation,training_half_a,1,0.017846671494563034,0.03823150513369993,0.017848421086058323,0.04181495154428769,2026-01-29,25,7
TATAPOWER,2026-01-29,2026-01-30,validation,training_half_b,1,0.01476217701920048,0.01584204417823115,0.014784064095984123,0.021017976499598467,2026-01-29,25,13
TATAPOWER,2026-02-04,2026-02-05,validation,full_start_1,1,0.005932460766900721,0.053233416624487516,0.005936004723168881,0.05650320603896683,2026-02-04,27,7
TATAPOWER,2026-02-04,2026-02-05,validation,full_start_2,1,0.005914484474631153,0.05307211097184909,0.005944546842554712,0.05631234238538978,2026-02-04,27,7
TATAPOWER,2026-02-04,2026-02-05,validation,full_start_3,1,0.00593245378330596,0.05323335395898856,0.005935975720845019,0.05650317790279703,2026-02-04,27,7
TATAPOWER,2026-02-04,2026-02-05,validation,training_half_a,1,0.006008931427852526,0.0539196065065519,0.006012356345861898,0.05707921445424234,2026-02-04,27,7
TATAPOWER,2026-02-04,2026-02-05,validation,training_half_b,1,0.003912529218511666,0.03510807843964004,0.00393616982192585,0.04016439077752931,2026-02-04,27,6
TATAPOWER,2026-02-05,2026-02-06,validation,full_start_1,1,0.0037704695439624253,0.03383334234986466,0.0037743195031258656,0.03762725256035995,2026-02-05,25,7
TATAPOWER,2026-02-05,2026-02-06,validation,full_start_2,1,0.0037341163707106492,0.03350713646441902,0.0037668354612703688,0.03727595297920125,2026-02-05,25,7
TATAPOWER,2026-02-05,2026-02-06,validation,full_start_3,1,0.003770453885906769,0.03383320184631439,0.0037742818238420545,0.03762715087613522,2026-02-05,25,7
TATAPOWER,2026-02-05,2026-02-06,validation,training_half_a,1,0.0038281864744301856,0.03435125043667745,0.003831920020591583,0.03803952796400453,2026-02-05,25,7
TATAPOWER,2026-02-05,2026-02-06,validation,training_half_b,1,0.0022038677799622406,0.019775842829097258,0.002227784538270078,0.02492735077110153,2026-02-05,25,6
TATAPOWER,2026-02-09,2026-02-10,validation,full_start_1,1,0.002634390600424841,0.023639029046101653,0.00263840135739463,0.027708353233263733,2026-02-09,24,6
TATAPOWER,2026-02-09,2026-02-10,validation,full_start_2,1,0.0026330489870798283,0.023626990422499047,0.0026671097000182525,0.02766273792632326,2026-02-09,24,6
TATAPOWER,2026-02-09,2026-02-10,validation,full_start_3,1,0.0026343881028649823,0.02363900663488583,0.0026383768347855822,0.027708367600189715,2026-02-09,24,6
TATAPOWER,2026-02-09,2026-02-10,validation,training_half_a,1,0.0027000859276008872,0.024228529231481444,0.0027039791272726633,0.02819028781900698,2026-02-09,24,6
TATAPOWER,2026-02-09,2026-02-10,validation,training_half_b,1,0.0013715873259188484,0.012307587428959856,0.001395638597896376,0.017505464674342996,2026-02-09,24,9
TATAPOWER,2026-02-12,2026-02-13,validation,full_start_1,1,0.0048495964386906735,0.043516611036220385,0.004853293660900024,0.0470489138724301,2026-02-12,25,6
TATAPOWER,2026-02-12,2026-02-13,validation,full_start_2,1,0.004865554593774949,0.04365980744740279,0.004896895055866737,0.047154330192092225,2026-02-12,25,6
TATAPOWER,2026-02-12,2026-02-13,validation,full_start_3,1,0.004849640646693231,0.043517007725319586,0.004853315841061415,0.04704933377611517,2026-02-12,25,6
TATAPOWER,2026-02-12,2026-02-13,validation,training_half_a,1,0.004915706894599517,0.04410983627252357,0.004919286530319877,0.047534470423101854,2026-02-12,25,6
TATAPOWER,2026-02-12,2026-02-13,validation,training_half_b,1,0.0038462527764160288,0.034513363768440546,0.0038699040914687843,0.039573368602573544,2026-02-12,25,6
TATAPOWER,2026-02-13,2026-02-16,validation,full_start_1,3,0.0035356179462796306,0.03172596171379935,0.003547265895936777,0.04296919653868886,2026-02-13,22,6
TATAPOWER,2026-02-13,2026-02-16,validation,full_start_2,3,0.0035126348164186937,0.031519728486933615,0.003611481157256506,0.04268023177819233,2026-02-13,22,8
TATAPOWER,2026-02-13,2026-02-16,validation,full_start_3,3,0.0035356392328626507,0.03172615272349822,0.00354722111130628,0.042969474153472575,2026-02-13,22,6
TATAPOWER,2026-02-13,2026-02-16,validation,training_half_a,3,0.00356537955286859,0.03199301986474629,0.003576690171081802,0.04294762736234656,2026-02-13,22,7
TATAPOWER,2026-02-13,2026-02-16,validation,training_half_b,3,0.002439757758545221,0.021892541110103924,0.0025113820822124933,0.03721212613261593,2026-02-13,22,6
TATAPOWER,2026-02-17,2026-02-18,validation,full_start_1,1,0.004006087205744742,0.03594759706583794,0.00400990381616656,0.039684387656633346,2026-02-17,41,8
TATAPOWER,2026-02-17,2026-02-18,validation,full_start_2,1,0.003998146016935289,0.03587633884273262,0.004030543394140058,0.03958114683664879,2026-02-17,41,13
TATAPOWER,2026-02-17,2026-02-18,validation,full_start_3,1,0.004006105626336584,0.035947762358298954,0.004009900211113051,0.03968458326851615,2026-02-17,41,7
TATAPOWER,2026-02-17,2026-02-18,validation,training_half_a,1,0.004065805086175106,0.036483460164389206,0.004069505003556153,0.04011413272907044,2026-02-17,41,12
TATAPOWER,2026-02-17,2026-02-18,validation,training_half_b,1,0.0022776397103133833,0.020437816343610138,0.0023015445455573103,0.025585214189068672,2026-02-17,41,9
TATAPOWER,2026-02-18,2026-02-19,validation,full_start_1,1,0.0005348013179360055,0.004798902180925404,0.0005391092455846215,0.009377219382744911,2026-02-18,14,6
TATAPOWER,2026-02-18,2026-02-19,validation,full_start_2,1,0.0005347990303972134,0.004798881906422967,0.0005714164071146666,0.009343306671358742,2026-02-18,14,6
TATAPOWER,2026-02-18,2026-02-19,validation,full_start_3,1,0.0005348013165051419,0.004798902142910237,0.0005390872151320482,0.009377257642380066,2026-02-18,14,6
TATAPOWER,2026-02-18,2026-02-19,validation,training_half_a,1,0.0005347982575045185,0.0047988751328906796,0.0005389978977488954,0.009285556050534716,2026-02-18,14,7
TATAPOWER,2026-02-18,2026-02-19,validation,training_half_b,1,0.0005347992589921811,0.0047988797786335585,0.0005589857731624903,0.010043377489489025,2026-02-18,14,4
TATAPOWER,2026-02-19,2026-02-20,validation,full_start_1,1,0.000534798309647487,0.00479887559584462,0.0005391062377218883,0.009377193515898163,2026-02-19,15,7
TATAPOWER,2026-02-19,2026-02-20,validation,full_start_2,1,0.0005347982584541445,0.004798875140919673,0.000571415636112186,0.009343300088638401,2026-02-19,15,7
TATAPOWER,2026-02-19,2026-02-20,validation,full_start_3,1,0.0005347983096561738,0.004798875595583429,0.0005390842087086567,0.009377231812270292,2026-02-19,15,7
TATAPOWER,2026-02-19,2026-02-20,validation,training_half_a,1,0.0005348040054931381,0.004798926017857293,0.000539003644924034,0.009285605560764798,2026-02-19,15,7
TATAPOWER,2026-02-19,2026-02-20,validation,training_half_b,1,0.0005347993967515976,0.004798879176759493,0.0005589859108996453,0.01004337689135193,2026-02-19,15,4
TATAPOWER,2026-02-20,2026-02-23,validation,full_start_1,3,0.001209163284941392,0.010850116905809993,0.0012217989367202843,0.023740024871266807,2026-02-20,21,16
TATAPOWER,2026-02-20,2026-02-23,validation,full_start_2,3,0.0011243974856427958,0.010089492734397788,0.001231963211377779,0.022940428062904278,2026-02-20,21,8
TATAPOWER,2026-02-20,2026-02-23,validation,full_start_3,3,0.0012091560299984855,0.010850051804613962,0.0012217256106536005,0.023740073261120015,2026-02-20,21,16
TATAPOWER,2026-02-20,2026-02-23,validation,training_half_a,3,0.0013494720664911377,0.012109141815051497,0.0013617233650652823,0.02463218371131065,2026-02-20,21,8
TATAPOWER,2026-02-20,2026-02-23,validation,training_half_b,3,0.0005347982564876569,0.004798875123815706,0.0006073460729992541,0.020434883563938522,2026-02-20,21,5
TATAPOWER,2026-02-23,2026-02-24,validation,full_start_1,1,0.0005347982625394699,0.004798875177181862,0.0005391061906205377,0.009377193108546178,2026-02-23,20,6
TATAPOWER,2026-02-23,2026-02-24,validation,full_start_2,1,0.000534798257182886,0.0047988751298671,0.0005714156348424794,0.009343300077884448,2026-02-23,20,6
TATAPOWER,2026-02-23,2026-02-24,validation,full_start_3,1,0.0005347982625179365,0.004798875177052563,0.0005390841615770907,0.009377231405046704,2026-02-23,20,6
TATAPOWER,2026-02-23,2026-02-24,validation,training_half_a,1,0.0005347982785023285,0.004798875316806847,0.0005389979187437333,0.0092855562294821,2026-02-23,20,6
TATAPOWER,2026-02-23,2026-02-24,validation,training_half_b,1,0.000534798781000677,0.004798877405322123,0.0005589852952482266,0.010043375130913135,2026-02-23,20,4
TATAPOWER,2026-02-24,2026-02-25,validation,full_start_1,1,0.0005347982778298289,0.004798875311343562,0.000539106205908732,0.009377193239083315,2026-02-24,23,6
TATAPOWER,2026-02-24,2026-02-25,validation,full_start_2,1,0.0005347982632506505,0.0047988751820637054,0.0005714156409028504,0.00934330012867085,2026-02-24,23,6
TATAPOWER,2026-02-24,2026-02-25,validation,full_start_3,1,0.0005347982778037552,0.004798875311076436,0.000539084176860747,0.009377231535449698,2026-02-24,23,6
TATAPOWER,2026-02-24,2026-02-25,validation,training_half_a,1,0.0005347984328832737,0.004798876664244957,0.0005389980731028317,0.009285557540517075,2026-02-24,23,6
TATAPOWER,2026-02-24,2026-02-25,validation,training_half_b,1,0.0005347988723464009,0.004798877917977153,0.0005589853865791972,0.010043375640385155,2026-02-24,23,4
TATAPOWER,2026-02-25,2026-02-26,validation,full_start_1,1,0.0005347982601457987,0.004798875156104878,0.0005391061882272057,0.009377193088038638,2026-02-25,22,6
TATAPOWER,2026-02-25,2026-02-26,validation,full_start_2,1,0.0005347982574867978,0.004798875132523309,0.0005714156351460213,0.00934330008046888,2026-02-25,22,6
TATAPOWER,2026-02-25,2026-02-26,validation,full_start_3,1,0.0005347982601479658,0.004798875156088444,0.000539084159207455,0.009377231384648965,2026-02-25,22,6
TATAPOWER,2026-02-25,2026-02-26,validation,training_half_a,1,0.0005347982807684833,0.004798875336471862,0.0005389979210095701,0.00928555624861585,2026-02-25,22,6
TATAPOWER,2026-02-25,2026-02-26,validation,training_half_b,1,0.0005347982564326512,0.004798875123383161,0.000558984770764992,0.010043372863142386,2026-02-25,22,5
TATAPOWER,2026-02-26,2026-02-27,validation,full_start_1,1,0.000534798272630918,0.004798875264378474,0.0005391062007105568,0.009377193193387062,2026-02-26,20,6
TATAPOWER,2026-02-26,2026-02-27,validation,full_start_2,1,0.0005347982687172879,0.0047988752283760145,0.0005714156463628266,0.009343300173731972,2026-02-26,20,6
TATAPOWER,2026-02-26,2026-02-27,validation,full_start_3,1,0.0005347982726501319,0.004798875264458496,0.0005390841717078515,0.009377231490091203,2026-02-26,20,6
TATAPOWER,2026-02-26,2026-02-27,validation,training_half_a,1,0.0005347985700199551,0.004798877843016235,0.0005389982102201041,0.009285558687442047,2026-02-26,20,6
TATAPOWER,2026-02-26,2026-02-27,validation,training_half_b,1,0.0005347990056242985,0.004798878822612763,0.0005589855198355753,0.010043376539404014,2026-02-26,20,4
TATAPOWER,2026-03-02,2026-03-04,validation,full_start_1,2,0.002479982261845346,0.022253485029009243,0.0024880469141684257,0.030356048402584657,2026-03-02,21,6
TATAPOWER,2026-03-02,2026-03-04,validation,full_start_2,2,0.0034997633265477965,0.020254743153852128,0.0035657323987073088,0.02839695868076325,2026-03-02,21,22
TATAPOWER,2026-03-02,2026-03-04,validation,full_start_3,2,0.00247996695379959,0.02225334802092823,0.0024879875622423227,0.030355989910750614,2026-03-02,21,7
TATAPOWER,2026-03-02,2026-03-04,validation,training_half_a,2,0.002587955366607544,0.023222354373557935,0.002595772951095813,0.031092470834183095,2026-03-02,21,7
TATAPOWER,2026-03-02,2026-03-04,validation,training_half_b,2,0.0005347982571246887,0.0047988751295496845,0.0005831673767500711,0.015255308291056036,2026-03-02,21,7
TATAPOWER,2026-03-04,2026-03-05,validation,full_start_1,1,0.00440722672474875,0.039547119756096566,0.004410986558874289,0.043186664085306053,2026-03-04,18,7
TATAPOWER,2026-03-04,2026-03-05,validation,full_start_2,1,0.02296240282527945,0.011455972611021369,0.02297169274175311,0.015820543373963547,2026-03-04,18,13
TATAPOWER,2026-03-04,2026-03-05,validation,full_start_3,1,0.004407199764973726,0.03954687783944684,0.00441093758056834,0.04318646308366669,2026-03-04,18,7
TATAPOWER,2026-03-04,2026-03-05,validation,training_half_a,1,0.004460908249462534,0.04001827327565812,0.004464552250190445,0.04355344736540584,2026-03-04,18,21
TATAPOWER,2026-03-04,2026-03-05,validation,training_half_b,1,0.00196963482741034,0.01767401344660084,0.001993589442589455,0.022838571339238167,2026-03-04,18,7
TATAPOWER,2026-03-05,2026-03-06,validation,full_start_1,1,0.0028302437276045227,0.02539646689968159,0.002834226764006652,0.029418311385800866,2026-03-05,21,7
TATAPOWER,2026-03-05,2026-03-06,validation,full_start_2,1,0.010121241484663446,0.014469620702602272,0.010146178027019621,0.01875277201462769,2026-03-05,21,12
TATAPOWER,2026-03-05,2026-03-06,validation,full_start_3,1,0.0028302350536659865,0.02539638906633181,0.002834196066230716,0.0294182716297815,2026-03-05,21,7
TATAPOWER,2026-03-05,2026-03-06,validation,training_half_a,1,0.0029361256920989584,0.02634657157808433,0.0029399854864354605,0.030251107956803303,2026-03-05,21,8
TATAPOWER,2026-03-05,2026-03-06,validation,training_half_b,1,0.0007568961549506261,0.006791813219907412,0.0007810467736864557,0.012023937099071125,2026-03-05,21,7
TATAPOWER,2026-03-09,2026-03-10,validation,full_start_1,1,0.020593642214720285,0.045472137547610765,0.02059511106359501,0.04895160903393636,2026-03-09,20,14
TATAPOWER,2026-03-09,2026-03-10,validation,full_start_2,1,0.04407094941733057,0.013853646717743046,0.0440545191109452,0.018153439741774052,2026-03-09,20,7
TATAPOWER,2026-03-09,2026-03-10,validation,full_start_3,1,0.02056908441764836,0.045505429621844784,0.020570534747885807,0.04898403538263996,2026-03-09,20,10
TATAPOWER,2026-03-09,2026-03-10,validation,training_half_a,1,0.038153030410338795,0.021875338895858316,0.038151906160940094,0.025900672580908474,2026-03-09,20,10
TATAPOWER,2026-03-09,2026-03-10,validation,training_half_b,1,0.030499581040817857,0.014039940221393484,0.030518924628858413,0.019227061542147816,2026-03-09,20,14
TATAPOWER,2026-03-11,2026-03-12,validation,full_start_1,1,0.006115648808309364,0.05487720757601622,0.006119166836594813,0.05810258762330428,2026-03-11,35,6
TATAPOWER,2026-03-11,2026-03-12,validation,full_start_2,1,0.006053250410843549,0.05431729154462197,0.006083143696031398,0.05752388203014237,2026-03-11,35,6
TATAPOWER,2026-03-11,2026-03-12,validation,full_start_3,1,0.00611561728363306,0.05487692469741034,0.006119113296978625,0.05810234503811097,2026-03-11,35,6
TATAPOWER,2026-03-11,2026-03-12,validation,training_half_a,1,0.006160834364657774,0.05528266858806785,0.006164237784727827,0.05840545129325554,2026-03-11,35,6
TATAPOWER,2026-03-11,2026-03-12,validation,training_half_b,1,0.003754192547184773,0.03368728488991569,0.003777858741067397,0.038752418726751614,2026-03-11,35,6
TATAPOWER,2026-03-13,2026-03-16,validation,full_start_1,3,0.008371118039148296,0.07511608280277561,0.008380713065195625,0.08293673293131623,2026-03-13,43,6
TATAPOWER,2026-03-13,2026-03-16,validation,full_start_2,3,0.008315345393842285,0.07461562126068012,0.008396657178321467,0.08237669028253683,2026-03-13,43,6
TATAPOWER,2026-03-13,2026-03-16,validation,full_start_3,3,0.008371101989727478,0.0751159387874103,0.008380630985411145,0.08293668805506976,2026-03-13,43,6
TATAPOWER,2026-03-13,2026-03-16,validation,training_half_a,3,0.008409650238730653,0.07546184162266811,0.008418904403628347,0.08298764136234998,2026-03-13,43,6
TATAPOWER,2026-03-13,2026-03-16,validation,training_half_b,3,0.005895312124614389,0.05290007280148309,0.0059652612527057725,0.06764567274921174,2026-03-13,43,6
TATAPOWER,2026-03-18,2026-03-19,validation,full_start_1,1,0.0027017759966196718,0.02424369430152941,0.0027057772160269944,0.028296682590668004,2026-03-18,13,8
TATAPOWER,2026-03-18,2026-03-19,validation,full_start_2,1,0.015125169922786971,0.00168558553723125,0.015144009306627852,0.006314121941355666,2026-03-18,13,13
TATAPOWER,2026-03-18,2026-03-19,validation,full_start_3,1,0.002701749905781993,0.024243460513401777,0.002705729103595584,0.028296491223188724,2026-03-18,13,9
TATAPOWER,2026-03-18,2026-03-19,validation,training_half_a,1,0.015731454424790993,0.001757492900111961,0.015733503370657983,0.006326341489929194,2026-03-18,13,35
TATAPOWER,2026-03-18,2026-03-19,validation,training_half_b,1,0.000534798277135491,0.004798875281734696,0.0005589847914644619,0.010043373020510726,2026-03-18,13,5
TATAPOWER,2026-03-19,2026-03-20,validation,full_start_1,1,0.00916658314386468,0.08225398509887681,0.009169669350443322,0.08473974228573058,2026-03-19,37,6
TATAPOWER,2026-03-19,2026-03-20,validation,full_start_2,1,0.009136280755640457,0.08198207438249319,0.00916241744739334,0.08444124799652071,2026-03-19,37,6
TATAPOWER,2026-03-19,2026-03-20,validation,full_start_3,1,0.00916658217202089,0.08225397637828845,0.009169646364594473,0.08473976336541185,2026-03-19,37,6
TATAPOWER,2026-03-19,2026-03-20,validation,training_half_a,1,0.009206569040404811,0.08261278829594156,0.009209541415357441,0.0849972053026624,2026-03-19,37,6
TATAPOWER,2026-03-19,2026-03-20,validation,training_half_b,1,0.006982053743085215,0.06265167026031829,0.007005198248091787,0.06753696847284008,2026-03-19,37,6
TATAPOWER,2026-03-20,2026-03-23,validation,full_start_1,3,0.005983438187247527,0.04678488445447313,0.005994046908723769,0.05684028119036444,2026-03-20,17,8
TATAPOWER,2026-03-20,2026-03-23,validation,full_start_2,3,0.028905670271695726,0.006958117718255689,0.028911807380084625,0.020056058105831442,2026-03-20,17,15
TATAPOWER,2026-03-20,2026-03-23,validation,full_start_3,3,0.005956592886385245,0.046832251733415445,0.005967146955440639,0.056884009004111405,2026-03-20,17,9
TATAPOWER,2026-03-20,2026-03-23,validation,training_half_a,3,0.020709081313268898,0.021872852653922772,0.020713114216298206,0.0336257359372609,2026-03-20,17,8
TATAPOWER,2026-03-20,2026-03-23,validation,training_half_b,3,0.00703654587027021,0.0007841696996563581,0.007105941747126254,0.016494494954676142,2026-03-20,17,8
TATAPOWER,2026-03-23,2026-03-24,validation,full_start_1,1,0.08593033327544025,0.009576284286300822,0.08592255453051326,0.014025533667219398,2026-03-23,21,32
TATAPOWER,2026-03-23,2026-03-24,validation,full_start_2,1,0.08835239314556854,0.009846204493978779,0.08828200703525117,0.014254266212802263,2026-03-23,21,18
TATAPOWER,2026-03-23,2026-03-24,validation,full_start_3,1,0.08592745682332403,0.009575963801409326,0.0859196566036993,0.014025259598764134,2026-03-23,21,31
TATAPOWER,2026-03-23,2026-03-24,validation,training_half_a,1,0.0865780719021908,0.009648469841340187,0.08657009433826587,0.01400413141393711,2026-03-23,21,15
TATAPOWER,2026-03-23,2026-03-24,validation,training_half_b,1,0.0636654055391827,0.007095026855674182,0.06367938884663628,0.012325268125806477,2026-03-23,21,15
TATAPOWER,2026-03-24,2026-03-25,validation,full_start_1,1,0.07453212645050471,0.008306040530149557,0.07452596097960604,0.01278960736569143,2026-03-24,20,17
TATAPOWER,2026-03-24,2026-03-25,validation,full_start_2,1,0.0766940573218439,0.008546971338055705,0.076637876594841,0.012990134318524055,2026-03-24,20,10
TATAPOWER,2026-03-24,2026-03-25,validation,full_start_3,1,0.07452921712962735,0.008305716308396684,0.07452303016903503,0.012789329804533761,2026-03-24,20,17
TATAPOWER,2026-03-24,2026-03-25,validation,training_half_a,1,0.07516260325396036,0.008376302390826368,0.07515624125493121,0.012766333546074426,2026-03-24,20,11
TATAPOWER,2026-03-24,2026-03-25,validation,training_half_b,1,0.05313239855704877,0.00592120306901415,0.05314808421545253,0.01115873243902521,2026-03-24,20,8
TATAPOWER,2026-03-25,2026-03-27,validation,full_start_1,2,0.040770478564856126,0.004543560790779916,0.04076770489979076,0.01359011585334971,2026-03-25,19,15
TATAPOWER,2026-03-25,2026-03-27,validation,full_start_2,2,0.04186612542280202,0.00466566232794961,0.04183865459950456,0.013638836678776106,2026-03-25,19,10
TATAPOWER,2026-03-25,2026-03-27,validation,full_start_3,2,0.04076828545713306,0.004543317964143076,0.04076546849660715,0.013589961068629836,2026-03-25,19,14
TATAPOWER,2026-03-25,2026-03-27,validation,training_half_a,2,0.04132943279043953,0.004605852002269508,0.04132628543885552,0.01346828792691579,2026-03-25,19,10
TATAPOWER,2026-03-25,2026-03-27,validation,training_half_b,2,0.02090841029839776,0.0023300838394139343,0.02095019435923995,0.012817078556044414,2026-03-25,19,8
TATAPOWER,2026-03-27,2026-03-30,validation,full_start_1,3,0.03266159416348006,0.0338223128557027,0.03266087660738043,0.04490018885797592,2026-03-27,26,11
TATAPOWER,2026-03-27,2026-03-30,validation,full_start_2,3,0.051720297800438464,0.005763835143602088,0.051643139368578825,0.01895598137888918,2026-03-27,26,11
TATAPOWER,2026-03-27,2026-03-30,validation,full_start_3,3,0.03258681388384964,0.03393888355397709,0.03258606216391883,0.045007665498277616,2026-03-27,26,11
TATAPOWER,2026-03-27,2026-03-30,validation,training_half_a,3,0.05103356822269585,0.005687304340356396,0.05102472800287753,0.01871689887049993,2026-03-27,26,15
TATAPOWER,2026-03-27,2026-03-30,validation,training_half_b,3,0.03198885922793856,0.0035649158814345136,0.03204615863617703,0.019223766326366576,2026-03-27,26,8
TATAPOWER,2026-03-30,2026-04-01,validation,full_start_1,2,0.04613154501017571,0.028305450645913065,0.046127253868313615,0.036085426233816026,2026-03-30,22,17
TATAPOWER,2026-03-30,2026-04-01,validation,full_start_2,2,0.06206494027057782,0.006916667134595669,0.061988275959949046,0.015769854147640816,2026-03-30,22,13
TATAPOWER,2026-03-30,2026-04-01,validation,full_start_3,2,0.046116409596102644,0.028324467738473875,0.046112078840600236,0.03610349954015074,2026-03-30,22,9
TATAPOWER,2026-03-30,2026-04-01,validation,training_half_a,2,0.06036659561868004,0.007604171479651704,0.06035806021048874,0.01630678733082655,2026-03-30,22,16
TATAPOWER,2026-03-30,2026-04-01,validation,training_half_b,2,0.044019280646117674,0.004905615156486706,0.044053594924995707,0.0153607269664352,2026-03-30,22,8
TATAPOWER,2026-04-01,2026-04-02,validation,full_start_1,1,0.034114584961969334,0.035928240048072414,0.0341141400900187,0.039665553596430536,2026-04-01,20,11
TATAPOWER,2026-04-01,2026-04-02,validation,full_start_2,1,0.055134620869983796,0.006144335568697371,0.05510470976357458,0.010652410336856044,2026-04-01,20,13
TATAPOWER,2026-04-01,2026-04-02,validation,full_start_3,1,0.03408239001426732,0.035974762362074926,0.034081927727916815,0.039710853825470266,2026-04-01,20,11
TATAPOWER,2026-04-01,2026-04-02,validation,training_half_a,1,0.052252597047310854,0.009435907518713104,0.05224947736823632,0.013797311793116357,2026-04-01,20,13
TATAPOWER,2026-04-01,2026-04-02,validation,training_half_b,1,0.03950217735529797,0.004402218234851916,0.03952006593828476,0.009649178759105759,2026-04-01,20,11
TATAPOWER,2026-04-06,2026-04-07,validation,full_start_1,1,0.03633092396376803,0.04428649166163604,0.0363301653966718,0.04779799506994056,2026-04-06,21,18
TATAPOWER,2026-04-06,2026-04-07,validation,full_start_2,1,0.0639764814948894,0.007129693912943482,0.063935796807989,0.011611147346126505,2026-04-06,21,9
TATAPOWER,2026-04-06,2026-04-07,validation,full_start_3,1,0.03620297585629107,0.04446535917350677,0.036202213431116015,0.04797206404455778,2026-04-06,21,10
TATAPOWER,2026-04-06,2026-04-07,validation,training_half_a,1,0.06350690861494387,0.007077363577148217,0.06350219617859804,0.011502487585068666,2026-04-06,21,11
TATAPOWER,2026-04-06,2026-04-07,validation,training_half_b,1,0.051642810457119194,0.005755199769213427,0.051658736863651356,0.010993759829386884,2026-04-06,21,11
TATAPOWER,2026-04-07,2026-04-08,validation,full_start_1,1,0.008413227062155946,0.07549393733119147,0.008416419896892804,0.07816232689186765,2026-04-07,19,11
TATAPOWER,2026-04-07,2026-04-08,validation,full_start_2,1,0.05869799834453481,0.006541446977393816,0.05866374535402777,0.011038793023463417,2026-04-07,19,10
TATAPOWER,2026-04-07,2026-04-08,validation,full_start_3,1,0.008413212663730105,0.07549380810710028,0.008416383485063624,0.0781622314857332,2026-04-07,19,10
TATAPOWER,2026-04-07,2026-04-08,validation,training_half_a,1,0.04627782020594184,0.023273218964669915,0.046275546102289775,0.027260786745127885,2026-04-07,19,10
TATAPOWER,2026-04-07,2026-04-08,validation,training_half_b,1,0.023148396268792025,0.03313604387313687,0.02316892795975542,0.03820460028466699,2026-04-07,19,15
TATAPOWER,2026-04-08,2026-04-09,validation,full_start_1,1,0.005743223408870776,0.051535343679401616,0.005746794149326974,0.05485100896688394,2026-04-08,28,9
TATAPOWER,2026-04-08,2026-04-09,validation,full_start_2,1,0.0323850080213833,0.015939200203172316,0.03238281673499443,0.020182648022162464,2026-04-08,28,7
TATAPOWER,2026-04-08,2026-04-09,validation,full_start_3,1,0.005743189582369603,0.05153504014010328,0.005746738307569731,0.0548507466559261,2026-04-08,28,9
TATAPOWER,2026-04-08,2026-04-09,validation,training_half_a,1,0.017436885711153673,0.03596754529052129,0.017438693297247947,0.03961215609807389,2026-04-08,28,9
TATAPOWER,2026-04-08,2026-04-09,validation,training_half_b,1,0.011102391398766679,0.02540729447328206,0.011124869972312712,0.0305238375572624,2026-04-08,28,15
TATAPOWER,2026-04-09,2026-04-10,validation,full_start_1,1,0.006624728873029032,0.059445307095804575,0.006628174847380087,0.06254727339102657,2026-04-09,22,8
TATAPOWER,2026-04-09,2026-04-10,validation,full_start_2,1,0.04077850881190267,0.01398825170699602,0.04076609025998615,0.01828440812051957,2026-04-09,22,13
TATAPOWER,2026-04-09,2026-04-10,validation,full_start_3,1,0.006624710902307001,0.059445145840134904,0.006628134860677346,0.06254714862794997,2026-04-09,22,8
TATAPOWER,2026-04-09,2026-04-10,validation,training_half_a,1,0.017014447087415185,0.045831089863732126,0.017016314458791357,0.049209221670972886,2026-04-09,22,8
TATAPOWER,2026-04-09,2026-04-10,validation,training_half_b,1,0.006213976494673462,0.03984318532420524,0.006237245136788805,0.04487009807733244,2026-04-09,22,8
TORNTPOWER,2025-12-22,2025-12-23,validation,full_start_1,1,0.014844038556963646,0.0032416654021842077,0.018013336540390695,0.008707651487379647,2025-12-22,9,16
TORNTPOWER,2025-12-22,2025-12-23,validation,full_start_2,1,0.0015294818918458715,0.013724413859162772,0.0026759774030681305,0.02204049914694295,2025-12-22,9,12
TORNTPOWER,2025-12-22,2025-12-23,validation,full_start_3,1,0.014867943690347898,0.003228865480925314,0.01803339043206942,0.008695682591965487,2025-12-22,9,15
TORNTPOWER,2025-12-22,2025-12-23,validation,training_half_a,1,0.0019671698963132102,0.01765189501898708,0.0036386465772084847,0.024060874402887955,2025-12-22,9,6
TORNTPOWER,2025-12-22,2025-12-23,validation,training_half_b,1,0.0005365921295986927,0.004814971983363826,0.0009439979506590951,0.01657529913262673,2025-12-22,9,24
TORNTPOWER,2026-01-05,2026-01-06,validation,full_start_1,1,0.004798877068353109,0.0005347985674967618,0.008101080167501412,0.006072271299628423,2026-01-05,12,5
TORNTPOWER,2026-01-05,2026-01-06,validation,full_start_2,1,0.0005347982589740457,0.004798875138913832,0.0016934672529703987,0.013355466725530785,2026-01-05,12,5
TORNTPOWER,2026-01-05,2026-01-06,validation,full_start_3,1,0.0047988770688373785,0.0005347985732118044,0.008097242352398643,0.006072854882915257,2026-01-05,12,5
TORNTPOWER,2026-01-05,2026-01-06,validation,training_half_a,1,0.0005347982621235241,0.00479887515739794,0.0022253454978256315,0.011389162747673376,2026-01-05,12,5
TORNTPOWER,2026-01-05,2026-01-06,validation,training_half_b,1,0.0005347998106817434,0.004798881260367432,0.0009422147903490746,0.016559640014386035,2026-01-05,12,4
TORNTPOWER,2026-01-06,2026-01-07,validation,full_start_1,1,0.004798875494685251,0.0005347983674164269,0.008101078614654394,0.006072271104832078,2026-01-06,10,5
TORNTPOWER,2026-01-06,2026-01-07,validation,full_start_2,1,0.0005347982591728444,0.004798875140895531,0.0016934672531667694,0.013355466727459131,2026-01-06,10,5
TORNTPOWER,2026-01-06,2026-01-07,validation,full_start_3,1,0.004798875479415164,0.0005347983666678977,0.008097240783957876,0.006072854681832968,2026-01-06,10,5
TORNTPOWER,2026-01-06,2026-01-07,validation,training_half_a,1,0.0005347982641390731,0.004798875180689518,0.0022253454998143463,0.01138916277063634,2026-01-06,10,5
TORNTPOWER,2026-01-06,2026-01-07,validation,training_half_b,1,0.0005347999318524689,0.004798881452473554,0.0009422149109006295,0.016559640201339265,2026-01-06,10,4
TORNTPOWER,2026-01-13,2026-01-14,validation,full_start_1,1,0.014414207869063887,0.0016063555581951453,0.01758919283894514,0.007115529145616556,2026-01-13,9,7
TORNTPOWER,2026-01-13,2026-01-14,validation,full_start_2,1,0.0010534051948715816,0.009452461602386003,0.002205727193308707,0.017883658309015782,2026-01-13,9,6
TORNTPOWER,2026-01-13,2026-01-14,validation,full_start_3,1,0.014436387865571696,0.0016088273144146815,0.017607531438301294,0.007118483087128646,2026-01-13,9,7
TORNTPOWER,2026-01-13,2026-01-14,validation,training_half_a,1,0.0017586517620180233,0.015780810969240295,0.0034329046473656893,0.022216184375455694,2026-01-13,9,6
TORNTPOWER,2026-01-13,2026-01-14,validation,training_half_b,1,0.0005347989159966193,0.004798880725276247,0.0009422139002357166,0.016559639493647693,2026-01-13,9,5
TORNTPOWER,2026-01-30,2026-02-02,validation,full_start_1,3,0.005470966144511637,0.04629186995050272,0.015220756187735052,0.05893907820125871,2026-01-30,12,11
TORNTPOWER,2026-01-30,2026-02-02,validation,full_start_2,3,0.029114118500360563,0.003244547818237539,0.03151123927664473,0.028351134001894263,2026-01-30,12,12
TORNTPOWER,2026-01-30,2026-02-02,validation,full_start_3,3,0.0055192576813071405,0.04631125411904331,0.015256152683387592,0.05895374593305733,2026-01-30,12,19
TORNTPOWER,2026-01-30,2026-02-02,validation,training_half_a,3,0.03717962805175529,0.0041433877202447815,0.04073978180659113,0.023664018679271204,2026-01-30,12,11
TORNTPOWER,2026-01-30,2026-02-02,validation,training_half_b,3,0.00652140537019019,0.0007267611954641667,0.0076461102952268545,0.03539008645991115,2026-01-30,12,6
TORNTPOWER,2026-02-05,2026-02-06,validation,full_start_1,1,0.03938696588956468,0.05496118524942954,0.042231542304206976,0.05906129141484065,2026-02-05,20,7
TORNTPOWER,2026-02-05,2026-02-06,validation,full_start_2,1,0.02855844217859943,0.05598354169302419,0.02937414247858189,0.06316091852342737,2026-02-05,20,8
TORNTPOWER,2026-02-05,2026-02-06,validation,full_start_3,1,0.03942320467196962,0.05496340248869348,0.04226450523342867,0.05906220347916272,2026-02-05,20,12
TORNTPOWER,2026-02-05,2026-02-06,validation,training_half_a,1,0.022098424232538934,0.06562427154394167,0.023501873971273554,0.0713565394906141,2026-02-05,20,7
TORNTPOWER,2026-02-05,2026-02-06,validation,training_half_b,1,0.0365705431591554,0.018779610109992902,0.036793818360147036,0.030165360913077532,2026-02-05,20,14
TORNTPOWER,2026-02-09,2026-02-10,validation,full_start_1,1,0.07663168630624828,0.037192944205570524,0.07898348678268413,0.04176229841743245,2026-02-09,14,10
TORNTPOWER,2026-02-09,2026-02-10,validation,full_start_2,1,0.011357820084603794,0.10191648832859498,0.012384031013137065,0.10785616250191063,2026-02-09,14,7
TORNTPOWER,2026-02-09,2026-02-10,validation,full_start_3,1,0.0766506619845257,0.03718671635504851,0.07900053473759039,0.0417555861739583,2026-02-09,14,13
TORNTPOWER,2026-02-09,2026-02-10,validation,training_half_a,1,0.011172788803331049,0.10025615753643716,0.012721702138438942,0.10549989864659304,2026-02-09,14,7
TORNTPOWER,2026-02-09,2026-02-10,validation,training_half_b,1,0.00958595427020932,0.0860171044461756,0.009947118571409452,0.09559933017927635,2026-02-09,14,8
TORNTPOWER,2026-02-10,2026-02-11,validation,full_start_1,1,0.07366796612877696,0.07502011510602691,0.07605897887408464,0.07859047757728907,2026-02-10,24,14
TORNTPOWER,2026-02-10,2026-02-11,validation,full_start_2,1,0.014898281183990437,0.1336859087999138,0.015881162011593702,0.1387695286807963,2026-02-10,24,16
TORNTPOWER,2026-02-10,2026-02-11,validation,full_start_3,1,0.07369425991544405,0.07501427320544073,0.07608315919071634,0.0785828691151556,2026-02-10,24,7
TORNTPOWER,2026-02-10,2026-02-11,validation,training_half_a,1,0.016557112378566247,0.12735122249867764,0.01803433898420509,0.13221275322693055,2026-02-10,24,17
TORNTPOWER,2026-02-10,2026-02-11,validation,training_half_b,1,0.013249937155942833,0.11889491605337174,0.013592378796391205,0.12759525351765466,2026-02-10,24,7
TORNTPOWER,2026-02-11,2026-02-12,validation,full_start_1,1,0.06196978691507567,0.021549327322548193,0.06451557545606243,0.026531819595947193,2026-02-11,25,6
TORNTPOWER,2026-02-11,2026-02-12,validation,full_start_2,1,0.008089855181850365,0.07259224262045877,0.00915606125369886,0.07932208375427896,2026-02-11,25,7
TORNTPOWER,2026-02-11,2026-02-12,validation,full_start_3,1,0.06199149453163685,0.021538076924229772,0.06453487828583643,0.02652074364255219,2026-02-11,25,13
TORNTPOWER,2026-02-11,2026-02-12,validation,training_half_a,1,0.008190466671688273,0.07349505404476254,0.009779086558019054,0.0791162945851635,2026-02-11,25,12
TORNTPOWER,2026-02-11,2026-02-12,validation,training_half_b,1,0.00653962874247539,0.058681682879349356,0.006916359524517232,0.06899713221902676,2026-02-11,25,7
ADANIENSOL,2026-05-05,2026-05-06,test,training_half_a,1,0.09233838084598152,0.15414689584151495,0.0957235478652263,0.1555611249969049,2026-05-05,16,12
ADANIENSOL,2026-05-06,2026-05-07,test,training_half_a,1,0.08444850146321384,0.12948557351042406,0.08793580032578219,0.13156084564419998,2026-05-06,15,6
ADANIENSOL,2026-05-07,2026-05-08,test,training_half_a,1,0.12089640794163473,0.14842333721564302,0.12391190087494436,0.1499909854857997,2026-05-07,14,6
ADANIENSOL,2026-05-08,2026-05-11,test,training_half_a,3,0.12225251505469799,0.13843322005301667,0.13113041121711624,0.14379323890502543,2026-05-08,12,6
ADANIENSOL,2026-05-22,2026-05-25,test,training_half_a,3,0.0826376224227835,0.06702039032184626,0.09303409489146758,0.07797048419456984,2026-05-22,10,8
ADANIENSOL,2026-05-29,2026-06-01,test,training_half_a,3,0.04612328046696544,0.08180089179023968,0.05791947437496303,0.09159399311186092,2026-05-29,17,7
ADANIENSOL,2026-06-02,2026-06-03,test,training_half_a,1,0.08673758667015755,0.07613807054207483,0.09019525409219709,0.07964331434477431,2026-06-02,13,7
ADANIENSOL,2026-06-04,2026-06-05,test,training_half_a,1,0.06828129807983874,0.10787915748800952,0.07197787596973138,0.11053358630316489,2026-06-04,14,6
ADANIENSOL,2026-06-16,2026-06-17,test,training_half_a,1,0.11985200203473236,0.054350674539929186,0.1228810144523427,0.05843992616472246,2026-06-16,11,7
ADANIENSOL,2026-06-17,2026-06-18,test,training_half_a,1,0.08856997254800017,0.07548122401799773,0.09200392034920585,0.07900407449145028,2026-06-17,12,6
ADANIENSOL,2026-06-29,2026-06-30,test,training_half_a,1,0.03619020456825357,0.1382158959016603,0.04030219090428361,0.1400571530771833,2026-06-29,9,7
ADANIENSOL,2026-07-06,2026-07-07,test,training_half_a,1,0.04520343015094939,0.07783547275863055,0.0491987433037287,0.08129521795417158,2026-07-06,17,7
ADANIENSOL,2026-07-08,2026-07-09,test,training_half_a,1,0.0667102324476741,0.07335379203416703,0.07042714725543464,0.07693366799700835,2026-07-08,22,7
ADANIENSOL,2026-07-10,2026-07-13,test,training_half_a,3,0.06194036198076034,0.06043494942238387,0.07313023226586435,0.07190054042371949,2026-07-10,16,9
ADANIENSOL,2026-07-28,2026-07-29,test,training_half_a,1,0.0005347983213032448,0.004798875058682277,0.00510833193680188,0.010216355100172075,2026-07-28,16,7
ADANIGREEN,2026-05-05,2026-05-06,test,training_half_a,1,0.08946063158985787,0.07078821106968805,0.09031409246725565,0.07888810001925028,2026-05-05,21,10
ADANIGREEN,2026-05-06,2026-05-07,test,training_half_a,1,0.05912637085925541,0.0794527398157307,0.060295131062085644,0.08745990229430778,2026-05-06,25,17
ADANIGREEN,2026-05-07,2026-05-08,test,training_half_a,1,0.06650561785214122,0.08100678885724531,0.06759767694068622,0.08899732013895278,2026-05-07,28,16
ADANIGREEN,2026-05-08,2026-05-11,test,training_half_a,3,0.07991525699298001,0.06810913856575655,0.08274368431059273,0.09223477761240373,2026-05-08,22,17
ADANIGREEN,2026-05-11,2026-05-12,test,training_half_a,1,0.05084772681716083,0.1359513218334263,0.05210253661602868,0.14335384506620896,2026-05-11,30,16
ADANIGREEN,2026-05-20,2026-05-21,test,training_half_a,1,0.011358266330760668,0.10192049260323297,0.013023536116230194,0.10968720860306702,2026-05-20,10,8
ADANIGREEN,2026-05-22,2026-05-25,test,training_half_a,3,0.025805997267712873,0.04849952178547457,0.030304209467262255,0.07324802464875813,2026-05-22,10,10
ADANIGREEN,2026-05-25,2026-05-26,test,training_half_a,1,0.051759967256677454,0.03549491861618543,0.0530052950774689,0.04397251102251776,2026-05-25,14,10
ADANIGREEN,2026-05-27,2026-05-29,test,training_half_a,2,0.04405976315565751,0.0049101266252305435,0.04669671712510434,0.022425710268200394,2026-05-27,25,11
ADANIGREEN,2026-05-29,2026-06-01,test,training_half_a,3,0.021442142991275958,0.03469529424199744,0.02607502156650235,0.05988226328999979,2026-05-29,22,9
ADANIGREEN,2026-06-01,2026-06-02,test,training_half_a,1,0.025209512192775813,0.05373089849800208,0.026730809836795155,0.0620133322166595,2026-06-01,18,9
ADANIGREEN,2026-06-02,2026-06-03,test,training_half_a,1,0.023375599089299592,0.06186236377122451,0.024915958729573362,0.07005777578324046,2026-06-02,20,8
ADANIGREEN,2026-06-05,2026-06-08,test,training_half_a,3,0.00842552595047183,0.07560429825416566,0.013460090862917579,0.09949186718337366,2026-06-05,24,11
ADANIGREEN,2026-06-09,2026-06-10,test,training_half_a,1,0.009358359106339215,0.08397483755951514,0.011044416258423256,0.09193360523469074,2026-06-09,20,11
ADANIGREEN,2026-06-11,2026-06-12,test,training_half_a,1,0.01858382939233689,0.07277525272531388,0.020173995479733198,0.08085387665679755,2026-06-11,20,20
ADANIGREEN,2026-06-12,2026-06-15,test,training_half_a,3,0.007685979508899979,0.06896816775381696,0.012743366457239363,0.09306652130046322,2026-06-12,19,10
ADANIGREEN,2026-06-16,2026-06-17,test,training_half_a,1,0.040080164215950675,0.040511766097884594,0.04144689384220002,0.04893566896424495,2026-06-16,15,15
ADANIGREEN,2026-06-19,2026-06-22,test,training_half_a,3,0.008021233461981848,0.07197648319992932,0.0130682746398319,0.09597928307709769,2026-06-19,22,6
ADANIGREEN,2026-06-22,2026-06-23,test,training_half_a,1,0.009632242368281193,0.0864324588189686,0.011315452732421266,0.09436492540460006,2026-06-22,28,7
ADANIGREEN,2026-07-01,2026-07-02,test,training_half_a,1,0.04084911117953573,0.004552323799634025,0.04220784824380819,0.013361059157251942,2026-07-01,15,12
ADANIGREEN,2026-07-02,2026-07-03,test,training_half_a,1,0.04405878300288851,0.004910017394633913,0.04538415820712588,0.013714924769711812,2026-07-02,18,13
ADANIGREEN,2026-07-03,2026-07-06,test,training_half_a,3,0.01957863342500516,0.043209000430603474,0.0242690189799408,0.06812554708383023,2026-07-03,18,17
ADANIGREEN,2026-07-06,2026-07-07,test,training_half_a,1,0.026037757958255615,0.05461019817197494,0.027550446678739043,0.06288322175903771,2026-07-06,18,8
ADANIGREEN,2026-07-08,2026-07-09,test,training_half_a,1,0.12406700150740717,0.013826326874746065,0.12456075804957906,0.022535813259654036,2026-07-08,20,9
ADANIGREEN,2026-07-10,2026-07-13,test,training_half_a,3,0.06022210699231629,0.059792269956687176,0.06365825513841158,0.08418207921034815,2026-07-10,20,11
ADANIGREEN,2026-07-14,2026-07-15,test,training_half_a,1,0.06691776255512116,0.12259654768136077,0.06800553774342596,0.1301419916792792,2026-07-14,21,12
ADANIGREEN,2026-07-20,2026-07-21,test,training_half_a,1,0.026935460573123852,0.24169845381221988,0.028438818424085827,0.24796928729561118,2026-07-20,19,6
ADANIGREEN,2026-07-23,2026-07-24,test,training_half_a,1,0.008059269854518571,0.01563282420326725,0.009758829955245851,0.024322977728070794,2026-07-23,18,9
ADANIGREEN,2026-07-24,2026-07-27,test,training_half_a,3,0.0024570854626050896,0.022048026822566427,0.007675833484300176,0.04763671332089692,2026-07-24,17,6
ADANIGREEN,2026-07-27,2026-07-28,test,training_half_a,1,0.004651340703984092,0.04173761399975997,0.006386323384210774,0.05014839802801174,2026-07-27,17,11
ADANIGREEN,2026-07-29,2026-07-30,test,training_half_a,1,0.0036377091914964917,0.03264205134403735,0.005383227725389184,0.04115017470272586,2026-07-29,15,12
ADANIGREEN,2026-07-30,2026-07-31,test,training_half_a,1,0.0033467548458927234,0.03003124707464441,0.005095297607397714,0.03856731086418963,2026-07-30,11,9
ADANIGREEN,2026-07-31,2026-08-03,test,training_half_a,3,0.002959800316542976,0.02655900975441869,0.008163034807517205,0.05200441308321069,2026-07-31,14,7
ADANIPOWER,2026-07-16,2026-07-17,test,full_start_3,1,0.025729647212786817,0.23087839658734438,0.03688506016593951,0.2287940367935136,2026-07-16,13,9
ADANIPOWER,2026-07-17,2026-07-20,test,full_start_3,3,0.03329408625641699,0.16422704085867312,0.06600275564148539,0.16339929326551955,2026-07-17,16,15
ADANIPOWER,2026-07-20,2026-07-21,test,full_start_3,1,0.001896582780518383,0.017018499621853603,0.01337614316125002,0.02071241994939313,2026-07-20,11,7
ADANIPOWER,2026-07-21,2026-07-22,test,full_start_3,1,0.017489025309197125,0.15693328742010834,0.028756516858003844,0.15684685038054944,2026-07-21,27,7
ADANIPOWER,2026-07-22,2026-07-23,test,full_start_3,1,0.0005348013050649528,0.004798901623173405,0.012032882928142419,0.008822983244198918,2026-07-22,9,6
ADANIPOWER,2026-07-23,2026-07-24,test,full_start_3,1,0.0005348076810289682,0.004798865766325507,0.012032889217388543,0.00882294835616712,2026-07-23,15,6
ADANIPOWER,2026-07-24,2026-07-27,test,full_start_3,3,0.0005348002001219998,0.0047988797314291315,0.034562024609788744,0.016547884047277278,2026-07-24,11,6
ADANIPOWER,2026-07-27,2026-07-28,test,full_start_3,1,0.0047988030331577265,0.0005348718585888144,0.016238891056826965,0.004674163291155581,2026-07-27,11,5
ADANIPOWER,2026-07-28,2026-07-29,test,full_start_3,1,0.0005348240764929521,0.004798849306857383,0.012032905389862014,0.008822932341417344,2026-07-28,14,6
ADANIPOWER,2026-07-29,2026-07-30,test,full_start_3,1,0.0005347987300652664,0.004798874655968774,0.012032880388164524,0.008822957005621135,2026-07-29,11,6
CESC,2025-07-16,2025-07-17,test,training_half_a,1,0.0011922829097004506,0.010698645062898594,0.0012134091601987973,0.023813322476197052,2025-07-16,13,5
CESC,2025-08-01,2025-08-04,test,training_half_a,3,0.0005347982564335592,0.0047988751233870265,0.000598447378014455,0.04380277430177182,2025-08-01,16,5
CESC,2025-08-04,2025-08-05,test,training_half_a,1,0.000534798256434774,0.0047988751233912635,0.00055601763575297,0.01800596325997439,2025-08-04,17,5
CESC,2025-08-06,2025-08-07,test,training_half_a,1,0.0005347982565831153,0.004798875124350325,0.0005560176359012958,0.01800596326091841,2025-08-06,15,5
CESC,2025-08-07,2025-08-08,test,training_half_a,1,0.0005347982582235356,0.0047988751345807,0.0005560176375414838,0.018005963270988468,2025-08-07,19,5
CESC,2025-08-11,2025-08-12,test,training_half_a,1,0.0020174968759570965,0.018103491275564758,0.0020385062397685616,0.031102183285815044,2025-08-11,18,7
CESC,2025-08-13,2025-08-14,test,training_half_a,1,0.0005347983282942285,0.004798875735857906,0.0005560177076022466,0.018005963862847696,2025-08-13,15,5
CESC,2025-08-14,2025-08-18,test,training_half_a,4,0.0005347988990724037,0.004798880866724549,0.00061965838408512,0.056398932391894085,2025-08-14,13,6
CESC,2025-08-18,2025-08-19,test,training_half_a,1,0.0030018561369485404,0.026936386882290428,0.0030227260720815663,0.039796725316030845,2025-08-18,14,13
CESC,2025-08-19,2025-08-20,test,training_half_a,1,0.0034267557571581904,0.030749114720784797,0.003447565507768313,0.043549732700871036,2025-08-19,10,14
JSWENERGY,2026-05-07,2026-05-08,test,full_start_1,1,0.05028792434254079,0.02880547764993831,0.05404466125992752,0.03431368819964459,2026-05-07,15,14
JSWENERGY,2026-05-08,2026-05-11,test,full_start_1,3,0.06702189921854013,0.02826418759442863,0.07749327067848699,0.04439406383058081,2026-05-08,12,9
JSWENERGY,2026-05-14,2026-05-15,test,full_start_1,1,0.0517577942230513,0.02048921891673803,0.05549520789878992,0.026219294987593816,2026-05-14,21,15
JSWENERGY,2026-05-26,2026-05-27,test,full_start_1,1,0.0005347984015334892,0.0047988752278681,0.004945601157030299,0.010947546533820268,2026-05-26,16,6
JSWENERGY,2026-05-29,2026-06-01,test,full_start_1,3,0.0005348049784342352,0.004798869917873908,0.013594019048568051,0.022757148073979994,2026-05-29,22,6
JSWENERGY,2026-06-01,2026-06-02,test,full_start_1,1,0.0005347982603159738,0.004798875131450297,0.004945601017669277,0.010947546439974754,2026-06-01,13,6
JSWENERGY,2026-06-03,2026-06-04,test,full_start_1,1,0.004798879836196916,0.0005347987820668414,0.009153626013446992,0.006797229360453877,2026-06-03,15,7
JSWENERGY,2026-06-09,2026-06-10,test,full_start_1,1,0.030228700216221007,0.003368759510458621,0.03424914022747111,0.00955558419512667,2026-06-09,14,9
JSWENERGY,2026-06-12,2026-06-15,test,full_start_1,3,0.021837062963939387,0.002433575139686206,0.034067140319073985,0.02057615548906777,2026-06-12,18,11
JSWENERGY,2026-06-15,2026-06-16,test,full_start_1,1,0.04221545116452725,0.00470459203393244,0.04607831063873702,0.010855778676483574,2026-06-15,12,10
JSWENERGY,2026-06-16,2026-06-17,test,full_start_1,1,0.03533712133953747,0.003938054313535781,0.039290404892168285,0.010109691052250652,2026-06-16,12,12
JSWENERGY,2026-06-18,2026-06-19,test,full_start_1,1,0.0409811703763345,0.004567040796089783,0.044860255984740305,0.010721897102855038,2026-06-18,17,8
JSWENERGY,2026-07-01,2026-07-02,test,full_start_1,1,0.0006239301131205805,0.004709743318461223,0.00503356112299258,0.010860792532336405,2026-07-01,11,21
JSWENERGY,2026-07-02,2026-07-03,test,full_start_1,1,0.0005347982601560597,0.004798875124533447,0.004945601017511458,0.010947546433242417,2026-07-02,12,6
JSWENERGY,2026-07-03,2026-07-06,test,full_start_1,3,0.0005348007979614362,0.004798896019017111,0.013594015030809592,0.022757172141339516,2026-07-03,16,6
JSWENERGY,2026-07-06,2026-07-07,test,full_start_1,1,0.01325248989845727,0.005449545552915946,0.017496103007264896,0.011580857933972344,2026-07-06,11,8
JSWENERGY,2026-07-07,2026-07-08,test,full_start_1,1,0.015912495047967542,0.00399577441714143,0.02012113912790342,0.010165871268597138,2026-07-07,18,16
JSWENERGY,2026-07-09,2026-07-10,test,full_start_1,1,0.01924569348002183,0.019567157452964785,0.023410518580048056,0.02532183276414665,2026-07-09,13,8
JSWENERGY,2026-07-31,2026-08-03,test,full_start_1,3,0.0005347990568424583,0.00479887432305552,0.0135940133574593,0.022757152135912784,2026-07-31,10,5
NHPC,2026-05-06,2026-05-07,test,training_half_a,1,0.005149539631293637,0.04620807065869964,0.00517226403087237,0.051838007857648694,2026-05-06,10,8
NHPC,2026-05-07,2026-05-08,test,training_half_a,1,0.00635209846569647,0.05699892799087726,0.006374613426110537,0.06252998521550812,2026-05-07,10,8
NHPC,2026-05-21,2026-05-22,test,training_half_a,1,0.0005347982796482666,0.0047988752991556475,0.0005583263884063883,0.010808257805150046,2026-05-21,9,5
NHPC,2026-05-26,2026-05-27,test,training_half_a,1,0.0005347982647663823,0.004798875184614305,0.000558326373527096,0.010808257691658163,2026-05-26,10,5
NHPC,2026-05-27,2026-05-29,test,training_half_a,2,0.0005347982567837466,0.004798875125560727,0.0005818503766228111,0.016762574304001854,2026-05-27,12,5
NHPC,2026-06-01,2026-06-02,test,training_half_a,1,0.0006130503958803366,0.005501050644180432,0.0006365648761511022,0.011503998899591528,2026-06-01,11,16
NHPC,2026-06-02,2026-06-03,test,training_half_a,1,0.0005347999001193233,0.00479888986497162,0.0005583280085952047,0.01080827223749481,2026-06-02,23,6
NHPC,2026-06-03,2026-06-04,test,training_half_a,1,0.0007893849567730981,0.007083343646444153,0.0008128687263941614,0.013071792860063547,2026-06-03,16,8
NHPC,2026-06-04,2026-06-05,test,training_half_a,1,0.000534798260979997,0.0047988751641751945,0.0005583263697413743,0.010808257671406363,2026-06-04,17,7
NHPC,2026-06-05,2026-06-08,test,training_half_a,3,0.0005347982772611644,0.0047988753075399685,0.0006053703111950637,0.02266232990050121,2026-06-05,12,6
NHPC,2026-06-09,2026-06-10,test,training_half_a,1,0.001737148372614893,0.015587855814181232,0.001760467078563005,0.021498375543715253,2026-06-09,10,6
NHPC,2026-06-10,2026-06-11,test,training_half_a,1,0.0024270462273663918,0.02177847744203147,0.0024502447798331883,0.0276322705845361,2026-06-10,13,11
NHPC,2026-06-12,2026-06-15,test,training_half_a,3,0.001078409006489486,0.009676826900288931,0.0011486970620946113,0.027407411937644066,2026-06-12,16,7
NHPC,2026-06-16,2026-06-17,test,training_half_a,1,0.0013979140947904544,0.01254382394375285,0.0014212918822086307,0.018482237081929642,2026-06-16,9,9
NHPC,2026-06-17,2026-06-18,test,training_half_a,1,0.0017169756088014354,0.015406840686980812,0.0017402978280635362,0.021319019114297455,2026-06-17,12,6
NHPC,2026-06-18,2026-06-19,test,training_half_a,1,0.0010230369536211512,0.009179959971789676,0.001046480030115482,0.015149197239404777,2026-06-18,24,8
NHPC,2026-06-22,2026-06-23,test,training_half_a,1,0.0005347982803920667,0.004798875295746312,0.0005583263891500712,0.010808257801771859,2026-06-22,12,5
NHPC,2026-06-24,2026-06-25,test,training_half_a,1,0.0005347982587175913,0.004798875143122561,0.0005583263674793504,0.010808257650546715,2026-06-24,17,6
NHPC,2026-06-25,2026-06-29,test,training_half_a,4,0.0005347982712175961,0.004798875218462518,0.0006288861229997444,0.028508023942797722,2026-06-25,14,5
NHPC,2026-07-03,2026-07-06,test,training_half_a,3,0.008555020164850437,0.0009533921492955166,0.008621402492647978,0.018921593095026168,2026-07-03,14,7
NHPC,2026-07-07,2026-07-08,test,training_half_a,1,0.007008072488451294,0.019699658604285377,0.0070304732036014506,0.0255725006088926,2026-07-07,12,17
NHPC,2026-07-10,2026-07-13,test,training_half_a,3,0.0031129009115647196,0.027932818715064468,0.0031821261632551112,0.045166132413527404,2026-07-10,9,7
NHPC,2026-07-24,2026-07-27,test,training_half_a,3,0.0005347982598035782,0.0047988751520299635,0.0006053702937466043,0.022662329749227106,2026-07-24,12,7
NHPC,2026-07-27,2026-07-28,test,training_half_a,1,0.0008781683036414641,0.007880018260702493,0.000901636610642742,0.01386116729761,2026-07-27,9,7
NTPC,2026-04-10,2026-04-13,test,training_half_b,3,0.00445855465932728,0.029559803296434463,0.0075458763729906175,0.0324710579912046,2026-04-10,22,8
NTPC,2026-04-15,2026-04-16,test,training_half_b,1,0.009852453536739662,0.03185006644272328,0.010822336199508661,0.03278530305780116,2026-04-15,34,12
NTPC,2026-04-17,2026-04-20,test,training_half_b,3,0.008771625322022232,0.023242369919353117,0.01168538171536515,0.0266519780826337,2026-04-17,25,14
NTPC,2026-04-20,2026-04-21,test,training_half_b,1,0.013339290920561672,0.0302052459996282,0.014261759678272243,0.031184923316145363,2026-04-20,9,11
NTPC,2026-04-21,2026-04-22,test,training_half_b,1,0.013684099288084726,0.028930209045230273,0.01460187935246049,0.029944336040952445,2026-04-21,9,7
NTPC,2026-04-22,2026-04-23,test,training_half_b,1,0.022032362377111037,0.02388197780364991,0.022836623022616714,0.02503250080438609,2026-04-22,13,10
NTPC,2026-04-23,2026-04-24,test,training_half_b,1,0.022068475639677523,0.02682316917718841,0.022872245218174853,0.027894225383688215,2026-04-23,12,10
NTPC,2026-04-24,2026-04-27,test,training_half_b,3,0.0243548256503802,0.016539607581477,0.026641487482068335,0.02047796605525551,2026-04-24,13,6
NTPC,2026-04-27,2026-04-28,test,training_half_b,1,0.025492739819791527,0.028172671442530745,0.026249946361686045,0.02920726602337561,2026-04-27,19,7
NTPC,2026-04-28,2026-04-29,test,training_half_b,1,0.02531602237475759,0.023750131266708042,0.02607563191491062,0.02490421657274547,2026-04-28,18,12
NTPC,2026-04-29,2026-04-30,test,training_half_b,1,0.01952837210574687,0.024598306258864392,0.020366681932193577,0.025729475086843118,2026-04-29,18,12
NTPC,2026-04-30,2026-05-04,test,training_half_b,4,0.019993349692728583,0.01800212448034158,0.023254031253155727,0.023031208263691975,2026-04-30,19,6
NTPC,2026-05-05,2026-05-06,test,training_half_b,1,0.015402856635498657,0.016564597818177183,0.016297265091531885,0.01791282598522336,2026-05-05,16,11
NTPC,2026-05-06,2026-05-07,test,training_half_b,1,0.012236735227961997,0.01884983226432959,0.013174196503297014,0.02013631665735681,2026-05-06,16,11
NTPC,2026-05-07,2026-05-08,test,training_half_b,1,0.010848030670878413,0.024204861223239917,0.011804375507095649,0.025346660374689127,2026-05-07,18,12
NTPC,2026-05-11,2026-05-12,test,training_half_b,1,0.015351555457816643,0.030123393587907978,0.016246661505650198,0.03110528243979766,2026-05-11,17,12
NTPC,2026-05-14,2026-05-15,test,training_half_b,1,0.003750013219064916,0.033649782759895594,0.004802876673306866,0.03453639360803178,2026-05-14,17,7
NTPC,2026-05-18,2026-05-19,test,training_half_b,1,0.004599406494922379,0.041271595593072356,0.005640719926118906,0.0419522759337375,2026-05-18,19,9
NTPC,2026-05-22,2026-05-25,test,training_half_b,3,0.0005348028180029382,0.004798912601991272,0.0037800229985492234,0.009663440885011677,2026-05-22,12,5
NTPC,2026-05-25,2026-05-26,test,training_half_b,1,0.0005347982565640887,0.0047988751242153274,0.0016313821027238856,0.006464996330380043,2026-05-25,14,6
NTPC,2026-05-27,2026-05-29,test,training_half_b,2,0.0005347990091821786,0.004798881849058008,0.0027130553685283387,0.008086107685241137,2026-05-27,16,5
NTPC,2026-06-01,2026-06-02,test,training_half_b,1,0.004661103053625051,0.007955286304050497,0.005701577536957145,0.009536125783901839,2026-06-01,19,12
NTPC,2026-06-02,2026-06-03,test,training_half_b,1,0.010055172575330444,0.0074732162959490304,0.011022298670989708,0.009067080619571503,2026-06-02,21,7
NTPC,2026-06-03,2026-06-04,test,training_half_b,1,0.013929828379801801,0.013076807607142577,0.014844267027718391,0.014519270889092724,2026-06-03,17,12
NTPC,2026-06-04,2026-06-05,test,training_half_b,1,0.015892553610130814,0.012797543312488537,0.016780303182107575,0.014247551917208397,2026-06-04,19,7
NTPC,2026-06-09,2026-06-10,test,training_half_b,1,0.013436282978079141,0.022676926889909778,0.014357432840842704,0.023860008646892868,2026-06-09,21,6
NTPC,2026-06-11,2026-06-12,test,training_half_b,1,0.02502300136233528,0.007063617463395708,0.025786595392997547,0.008668548563032417,2026-06-11,19,7
NTPC,2026-06-12,2026-06-15,test,training_half_b,3,0.02525861761942351,0.002815431517959129,0.02750890932066912,0.007836427565489454,2026-06-12,24,15
NTPC,2026-06-15,2026-06-16,test,training_half_b,1,0.029036966093672897,0.014939636326190258,0.029745978358187264,0.01633176863415279,2026-06-15,30,15
NTPC,2026-06-18,2026-06-19,test,training_half_b,1,0.019117436763788142,0.006631103319061764,0.01996133447608786,0.008247720333740029,2026-06-18,35,10
NTPC,2026-06-19,2026-06-22,test,training_half_b,3,0.023503138293444772,0.002619246674899622,0.02582407347710878,0.00765571884875723,2026-06-19,33,21
NTPC,2026-06-25,2026-06-29,test,training_half_b,4,0.013170293118221625,0.012497882811604454,0.01679459220830455,0.01809815625366426,2026-06-25,14,6
NTPC,2026-06-29,2026-06-30,test,training_half_b,1,0.013403890877181282,0.022327100906579144,0.014325481206713883,0.023519634462478144,2026-06-29,17,8
NTPC,2026-07-03,2026-07-06,test,training_half_b,3,0.002015962217518168,0.006965625596168753,0.005201578017397554,0.011659231786075794,2026-07-03,14,15
NTPC,2026-07-07,2026-07-08,test,training_half_b,1,0.0045380563575414855,0.015909125121325432,0.005580204025976199,0.017275063225370924,2026-07-07,10,5
NTPC,2026-07-16,2026-07-17,test,training_half_b,1,0.02353452550032297,0.008198229694573964,0.024318359778933332,0.009772505190660252,2026-07-16,18,9
NTPC,2026-07-20,2026-07-21,test,training_half_b,1,0.011510057121709934,0.03199551137706063,0.012457399743074388,0.03292681827754269,2026-07-20,26,5
NTPC,2026-07-21,2026-07-22,test,training_half_b,1,0.014013312852559854,0.010834648738445285,0.014926616281242075,0.012337691953774495,2026-07-21,11,5
NTPC,2026-07-22,2026-07-23,test,training_half_b,1,0.019258870281238842,0.0032198092711671184,0.02010084478501739,0.004928594583570839,2026-07-22,9,17
NTPC,2026-07-23,2026-07-24,test,training_half_b,1,0.015988243554082744,0.011859566814605814,0.01687469193721179,0.013334918205934666,2026-07-23,12,9
NTPC,2026-07-24,2026-07-27,test,training_half_b,3,0.013361177007423791,0.00959158838662738,0.016090242012495745,0.014078044364305507,2026-07-24,13,14
NTPC,2026-07-27,2026-07-28,test,training_half_b,1,0.011178006413104876,0.006055439307685559,0.012129864249559488,0.007687609942557634,2026-07-27,16,7
NTPC,2026-07-28,2026-07-29,test,training_half_b,1,0.010489317059414754,0.018920631977378748,0.011450539672036478,0.02020520346318086,2026-07-28,17,14
NTPC,2026-07-29,2026-07-30,test,training_half_b,1,0.009902001582199874,0.012568966835592629,0.010871210492205366,0.014025151250570939,2026-07-29,18,14
NTPC,2026-07-30,2026-07-31,test,training_half_b,1,0.001552227751844069,0.013928518005720479,0.0026349766237327016,0.01534796928797496,2026-07-30,13,8
NTPC,2026-07-31,2026-08-03,test,training_half_b,3,0.002049074664076425,0.008865711735862843,0.005233357962626042,0.013409428807568742,2026-07-31,12,11
POWERGRID,2026-04-10,2026-04-13,test,full_start_3,3,0.034698729674442354,0.0038669104015513953,0.03948815836131149,0.00822862564195044,2026-04-10,16,7
POWERGRID,2026-04-15,2026-04-16,test,full_start_3,1,0.055910566350987165,0.0076354682743995615,0.057240601424062496,0.009057363187548073,2026-04-15,17,17
POWERGRID,2026-04-16,2026-04-17,test,full_start_3,1,0.03746505195908917,0.02477717735906232,0.03904582402667334,0.025960614617660666,2026-04-16,25,8
POWERGRID,2026-04-17,2026-04-20,test,full_start_3,3,0.03233979411459721,0.012504081099630053,0.037224118837138,0.016510333305020525,2026-04-17,18,15
POWERGRID,2026-04-20,2026-04-21,test,full_start_3,1,0.014744504805065358,0.02258427235398257,0.016634126037056607,0.023798215029606717,2026-04-20,10,6
POWERGRID,2026-04-21,2026-04-22,test,full_start_3,1,0.010770947842646714,0.023579193111516728,0.012714583167663412,0.0247792954828204,2026-04-21,13,9
POWERGRID,2026-04-22,2026-04-23,test,full_start_3,1,0.007991756786171126,0.032299952564284716,0.009973170727596181,0.033378740786880565,2026-04-22,12,7
POWERGRID,2026-04-23,2026-04-24,test,full_start_3,1,0.014816573549530547,0.02859665556420895,0.016705215123269862,0.029726960208672604,2026-04-23,11,7
POWERGRID,2026-04-24,2026-04-27,test,full_start_3,3,0.009482645301513541,0.029564978154698017,0.015286474925350124,0.03286908859872299,2026-04-24,17,8
POWERGRID,2026-04-27,2026-04-28,test,full_start_3,1,0.015652928107285764,0.03678894945879469,0.017530200790806028,0.03780529141856685,2026-04-27,16,7
POWERGRID,2026-04-28,2026-04-29,test,full_start_3,1,0.014149068190605832,0.03204325561656561,0.01604678342225238,0.03312561474050979,2026-04-28,17,7
POWERGRID,2026-04-30,2026-05-04,test,full_start_3,4,0.010664431586203943,0.029732884596261534,0.018287555715746612,0.03409871622590782,2026-04-30,14,9
POWERGRID,2026-05-04,2026-05-05,test,full_start_3,1,0.014842271871024925,0.027464170719397354,0.01673056411756421,0.0286102293168988,2026-05-04,14,6
POWERGRID,2026-05-06,2026-05-07,test,full_start_3,1,0.01810001229095864,0.02081978377763836,0.01994402081493918,0.022058272185856473,2026-05-06,14,8
POWERGRID,2026-05-15,2026-05-18,test,full_start_3,3,0.04117477925545909,0.03076602694793719,0.04570368728949112,0.0340207081906459,2026-05-15,22,8
POWERGRID,2026-05-22,2026-05-25,test,full_start_3,3,0.0018137339613462416,0.00351993941846796,0.007926071073258073,0.007895934260720217,2026-05-22,17,16
POWERGRID,2026-05-25,2026-05-26,test,full_start_3,1,0.004474300425935563,0.000859372953878583,0.006503528508909784,0.002375529867925552,2026-05-25,15,17
POWERGRID,2026-05-26,2026-05-27,test,full_start_3,1,0.004798771679861712,0.0005349017297941778,0.006823589099880956,0.0020555723505364387,2026-05-26,16,6
POWERGRID,2026-05-27,2026-05-29,test,full_start_3,2,0.0005347982932072703,0.004798875453365877,0.004672044782244644,0.007701255898345388,2026-05-27,13,5
POWERGRID,2026-05-29,2026-06-01,test,full_start_3,3,0.003585319269219456,0.00174835411059469,0.009626388464604424,0.0061972586025836746,2026-05-29,18,18
POWERGRID,2026-06-01,2026-06-02,test,full_start_3,1,0.0005348261515652985,0.004799125433203634,0.0026176050284352215,0.00626047660232236,2026-06-01,11,10
POWERGRID,2026-06-03,2026-06-04,test,full_start_3,1,0.0007707538038261696,0.006916161769295605,0.0028503256250839437,0.008348062927519356,2026-06-03,15,15
POWERGRID,2026-06-04,2026-06-05,test,full_start_3,1,0.0006961824074540671,0.006084627377999912,0.0027767679064768236,0.007528095979099217,2026-06-04,11,21
POWERGRID,2026-06-08,2026-06-09,test,full_start_3,1,0.004573722595562157,0.010815269905199359,0.006601599194621638,0.012192930720390058,2026-06-08,13,15
POWERGRID,2026-06-09,2026-06-10,test,full_start_3,1,0.005847582486519336,0.013359167352347528,0.007858143016549912,0.0147014401081757,2026-06-09,13,14
POWERGRID,2026-06-11,2026-06-12,test,full_start_3,1,0.012946352509967231,0.011479520413211501,0.01486041671994015,0.012847940865180998,2026-06-11,14,6
POWERGRID,2026-06-12,2026-06-15,test,full_start_3,3,0.01687904560711868,0.011587054610245798,0.022385330406420684,0.015631047069996684,2026-06-12,13,9
POWERGRID,2026-06-15,2026-06-16,test,full_start_3,1,0.0077871848944257496,0.026867096201268377,0.009771379660511365,0.028021460679384255,2026-06-15,12,7
POWERGRID,2026-06-16,2026-06-17,test,full_start_3,1,0.005546895300031981,0.0266362777419367,0.007561543187011521,0.02779385312674615,2026-06-16,14,13
POWERGRID,2026-06-19,2026-06-22,test,full_start_3,3,0.0005347982784255552,0.004798875320274314,0.006698584835694937,0.009122235514778018,2026-06-19,10,5
POWERGRID,2026-06-22,2026-06-23,test,full_start_3,1,0.0005347982653899421,0.004798875203759339,0.0026175775213274077,0.006260229853810223,2026-06-22,10,7
POWERGRID,2026-06-23,2026-06-24,test,full_start_3,1,0.0005347983613153748,0.004798876063515692,0.002617577615948885,0.006260230701606542,2026-06-23,9,8
POWERGRID,2026-06-24,2026-06-25,test,full_start_3,1,0.0005484282522683086,0.004921180398617073,0.0026310222305348796,0.006380833665815114,2026-06-24,15,10
POWERGRID,2026-06-30,2026-07-01,test,full_start_3,1,0.0009071036793572242,0.008139662440625738,0.0029848220441449913,0.009554543528156129,2026-06-30,17,7
POWERGRID,2026-07-01,2026-07-02,test,full_start_3,1,0.0005348000262774301,0.0047988909750742315,0.002617579258278463,0.006260245405730974,2026-07-01,13,7
POWERGRID,2026-07-02,2026-07-03,test,full_start_3,1,0.000534800503858738,0.004798894139053799,0.002617579729367825,0.006260248525696538,2026-07-02,13,6
POWERGRID,2026-07-07,2026-07-08,test,full_start_3,1,0.00493077748366534,0.006085015275142756,0.006953800497857765,0.007528478480219855,2026-07-07,11,15
POWERGRID,2026-07-08,2026-07-09,test,full_start_3,1,0.008499627943942035,0.008401306787195122,0.010474138196752553,0.009812548150302414,2026-07-08,11,9
POWERGRID,2026-07-09,2026-07-10,test,full_start_3,1,0.007192471597209458,0.006335361734784661,0.009184750530619984,0.007775342379908359,2026-07-09,12,10
POWERGRID,2026-07-10,2026-07-13,test,full_start_3,3,0.0010539442232855433,0.009457298213392796,0.007196846406712365,0.013588940865448276,2026-07-10,10,21
POWERGRID,2026-07-13,2026-07-14,test,full_start_3,1,0.0039837897790174015,0.014269607051553324,0.0060196855624834456,0.01559921471580808,2026-07-13,13,16
POWERGRID,2026-07-14,2026-07-15,test,full_start_3,1,0.006548081707935323,0.014745595753492128,0.008549120081754819,0.016068581957255634,2026-07-14,12,7
POWERGRID,2026-07-15,2026-07-16,test,full_start_3,1,0.013024538187869191,0.022071913571074676,0.01493753958975369,0.023292983649984986,2026-07-15,12,10
POWERGRID,2026-07-16,2026-07-17,test,full_start_3,1,0.004341071609336219,0.02254862665958754,0.006372110723022101,0.02376306520109288,2026-07-16,10,8
POWERGRID,2026-07-22,2026-07-23,test,full_start_3,1,0.003016118877115485,0.0023175545026992575,0.005065168584536234,0.0038134267094091234,2026-07-22,9,18
POWERGRID,2026-07-24,2026-07-27,test,full_start_3,3,0.004798872361568449,0.0005348010579154037,0.01079112234395696,0.005033649364415929,2026-07-24,12,14
POWERGRID,2026-07-27,2026-07-28,test,full_start_3,1,0.0035370529576282065,0.003506021486181095,0.005579021407085133,0.004985360974479297,2026-07-27,13,15
SJVN,2025-07-18,2025-07-21,test,full_start_1,3,0.007337937973186798,0.0658451062113594,0.008586226248224055,0.09254649987683383,2025-07-18,13,8
SJVN,2025-07-22,2025-07-23,test,full_start_1,1,0.00895419606490076,0.080348184065485,0.009366803275530855,0.08918453430654849,2025-07-22,13,6
SJVN,2025-08-01,2025-08-04,test,full_start_1,3,0.003346903073184916,0.030032577143425044,0.004629919497187329,0.05796444510829801,2025-08-01,11,8
SJVN,2025-08-04,2025-08-05,test,full_start_1,1,0.0051431417773307704,0.046150664917838154,0.005566835219675659,0.05538324998034694,2025-08-04,12,9
SJVN,2025-08-05,2025-08-06,test,full_start_1,1,0.0063805576723970974,0.05725429939062745,0.006800651512557099,0.06635823048254486,2025-08-05,10,9
SJVN,2025-08-07,2025-08-08,test,full_start_1,1,0.007405779728024672,0.06645386681538566,0.00782289123090732,0.07545120570275787,2025-08-07,10,9
SJVN,2025-08-11,2025-08-12,test,full_start_1,1,0.10790327812442012,0.03768044557090032,0.10802804570619584,0.04701117213414341,2025-08-11,12,7
SJVN,2025-08-12,2025-08-13,test,full_start_1,1,0.007660872405480972,0.06874287559423582,0.008077241852145672,0.07771369252892324,2025-08-12,12,7
SJVN,2025-08-13,2025-08-14,test,full_start_1,1,0.006176575507381323,0.0554239176989635,0.006597262724957753,0.06454905679019929,2025-08-13,11,6
TATAPOWER,2026-04-13,2026-04-15,test,full_start_1,2,0.006787140296010521,0.06090266438540434,0.006793985785608546,0.06694511143052402,2026-04-13,39,6
TATAPOWER,2026-04-15,2026-04-16,test,full_start_1,1,0.005338776116635763,0.047906139533754964,0.005342404101562292,0.051319852969857485,2026-04-15,9,12
TATAPOWER,2026-04-17,2026-04-20,test,full_start_1,3,0.006671145582043659,0.059861815540848705,0.0066814623356323405,0.06888571240791828,2026-04-17,39,6
TATAPOWER,2026-04-20,2026-04-21,test,full_start_1,1,0.00833371461010051,0.0498532362233794,0.008336918698833351,0.053214346053308034,2026-04-20,15,8
TATAPOWER,2026-04-21,2026-04-22,test,full_start_1,1,0.005784733282706501,0.051907821897097445,0.00578829814795773,0.055213424151975166,2026-04-21,16,7
TATAPOWER,2026-04-22,2026-04-23,test,full_start_1,1,0.005599234789683696,0.05024329870002237,0.005602825909933249,0.05359387043340251,2026-04-22,16,8
TATAPOWER,2026-04-23,2026-04-24,test,full_start_1,1,0.004916226452905971,0.044114498396352717,0.0049199142444677525,0.04763064844908932,2026-04-23,16,7
TATAPOWER,2026-04-24,2026-04-27,test,full_start_1,3,0.005203439419005364,0.04669173035540738,0.005214379290901669,0.05675447502640149,2026-04-24,16,7
TATAPOWER,2026-04-27,2026-04-28,test,full_start_1,1,0.007722137478232596,0.06929262202691006,0.007725428128081437,0.07212854900355777,2026-04-27,20,8
TATAPOWER,2026-04-29,2026-04-30,test,full_start_1,1,0.007352166660296012,0.0659727836891052,0.007355509674900201,0.06889840085392558,2026-04-29,20,9
TATAPOWER,2026-04-30,2026-05-04,test,full_start_1,4,0.00692117516059282,0.06210539189914399,0.006934788334393642,0.07374340485558438,2026-04-30,18,15
TATAPOWER,2026-05-05,2026-05-06,test,full_start_1,1,0.00838990356738489,0.07528464992167214,0.008393099703271564,0.07795869368150862,2026-05-05,19,15
TATAPOWER,2026-05-06,2026-05-07,test,full_start_1,1,0.007894475443502956,0.07083905260031396,0.007897741701062052,0.07363320053984859,2026-05-06,15,11
TATAPOWER,2026-05-07,2026-05-08,test,full_start_1,1,0.008784527324052346,0.0788257050934996,0.00878766760586764,0.08140408217551194,2026-05-07,12,11
TATAPOWER,2026-05-08,2026-05-11,test,full_start_1,3,0.009468388702956455,0.08496215995207518,0.009477517880010129,0.09200615788134768,2026-05-08,17,7
TATAPOWER,2026-05-12,2026-05-13,test,full_start_1,1,0.01590565215404352,0.1427252941181644,0.01590778452944712,0.14357733227020103,2026-05-12,23,7
TATAPOWER,2026-05-13,2026-05-14,test,full_start_1,1,0.001239331071181566,0.0111208012864104,0.001243539281429843,0.015528323328139526,2026-05-13,9,9
TATAPOWER,2026-05-14,2026-05-15,test,full_start_1,1,0.0005348022968432936,0.0047989105541501025,0.0005391102243533577,0.00937722752975495,2026-05-14,9,6
TATAPOWER,2026-05-15,2026-05-18,test,full_start_1,3,0.000586055058554998,0.005258814665925579,0.0005989552524835844,0.01858976093684478,2026-05-15,12,9
TATAPOWER,2026-05-18,2026-05-19,test,full_start_1,1,0.00860672936699459,0.07723028068279852,0.00860989481389338,0.07985176044061937,2026-05-18,23,7
TATAPOWER,2026-05-20,2026-05-21,test,full_start_1,1,0.0017033098356265782,0.015284214372961982,0.001707452375467055,0.0195792558463089,2026-05-20,14,8
TATAPOWER,2026-05-21,2026-05-22,test,full_start_1,1,0.0005347985358212429,0.004798877611255976,0.0005391064638636325,0.009377195476860278,2026-05-21,18,7
TATAPOWER,2026-05-22,2026-05-25,test,full_start_1,3,0.0005512691735443802,0.004946672675062925,0.0005641841359071004,0.018302240504396855,2026-05-22,18,10
TATAPOWER,2026-05-25,2026-05-26,test,full_start_1,1,0.0005347983263415162,0.004798875738936748,0.0005391062544135537,0.00937719365512446,2026-05-25,17,7
TATAPOWER,2026-05-26,2026-05-27,test,full_start_1,1,0.00090899181211436,0.008156605116074772,0.0009132467777650775,0.01264420916338549,2026-05-26,22,8
TATAPOWER,2026-05-27,2026-05-29,test,full_start_1,2,0.0005347986521128938,0.004798878615038386,0.000543413898431263,0.01383182447742698,2026-05-27,19,6
TATAPOWER,2026-05-29,2026-06-01,test,full_start_1,3,0.0005685008154667294,0.005101296401289463,0.0005814084620929458,0.018444667611075105,2026-05-29,16,12
TATAPOWER,2026-06-01,2026-06-02,test,full_start_1,1,0.001990470705167989,0.017860978856906518,0.001994572600968584,0.02208640534665321,2026-06-01,17,7
TATAPOWER,2026-06-02,2026-06-03,test,full_start_1,1,0.0018146674500197492,0.016283453392688003,0.001818794228578658,0.020551498992564754,2026-06-02,19,7
TATAPOWER,2026-06-03,2026-06-04,test,full_start_1,1,0.002433893567316335,0.021839920292687873,0.0024379327021407486,0.02595784997994291,2026-06-03,16,7
TATAPOWER,2026-06-04,2026-06-05,test,full_start_1,1,0.002416403376121994,0.021682976543496102,0.0024204449864648515,0.025805146290948405,2026-06-04,14,7
TATAPOWER,2026-06-08,2026-06-09,test,full_start_1,1,0.003605531866033159,0.0323533163583155,0.0036094051700679627,0.03618721159102434,2026-06-08,15,13
TATAPOWER,2026-06-09,2026-06-10,test,full_start_1,1,0.0035046927638027496,0.031448462512652216,0.0035085803403549047,0.03530680366815256,2026-06-09,20,6
TATAPOWER,2026-06-10,2026-06-11,test,full_start_1,1,0.0005347982567940083,0.0047988751264882844,0.0005391061848758899,0.00937719305922216,2026-06-10,9,6
TATAPOWER,2026-06-11,2026-06-12,test,full_start_1,1,0.0027585310173636325,0.024752971269223597,0.002762524203805565,0.02879220071157007,2026-06-11,27,7
TATAPOWER,2026-06-12,2026-06-15,test,full_start_1,3,0.0031021953032177255,0.027836754681438414,0.0031140272635376554,0.03938676764236021,2026-06-12,19,6
TATAPOWER,2026-06-15,2026-06-16,test,full_start_1,1,0.005162120968218682,0.04632096982425555,0.005165773956478388,0.049777508890724326,2026-06-15,24,7
TATAPOWER,2026-06-16,2026-06-17,test,full_start_1,1,0.0005347982565055451,0.004798875124012362,0.0005391061845874678,0.009377193056813143,2026-06-16,9,6
TATAPOWER,2026-06-18,2026-06-19,test,full_start_1,1,0.004588653451784844,0.04117510600428156,0.0045923876072197535,0.04477066795299997,2026-06-18,17,6
TATAPOWER,2026-06-19,2026-06-22,test,full_start_1,3,0.0005347983143275835,0.004798875633717132,0.000547720269434615,0.018166101598109913,2026-06-19,10,7
TATAPOWER,2026-06-22,2026-06-23,test,full_start_1,1,0.004476645280015344,0.04017002937472068,0.004480395288810106,0.04379274490830096,2026-06-22,32,6
TATAPOWER,2026-06-23,2026-06-24,test,full_start_1,1,0.0036285993407720314,0.03256030643205052,0.0036324693798934597,0.036388609531416066,2026-06-23,31,9
TATAPOWER,2026-06-25,2026-06-29,test,full_start_1,4,0.0013176116294651538,0.011823250346196374,0.0013343965879384634,0.028678777006552247,2026-06-25,19,7
TATAPOWER,2026-06-29,2026-06-30,test,full_start_1,1,0.0018272608088085686,0.01639645667100094,0.0018313858049345925,0.020661449325443393,2026-06-29,21,7
TATAPOWER,2026-07-02,2026-07-03,test,full_start_1,1,0.0020476595649952796,0.018374147001681253,0.002051753366425973,0.02258570951891309,2026-07-02,15,6
TATAPOWER,2026-07-06,2026-07-07,test,full_start_1,1,0.0033344431503812217,0.0299207712295829,0.003338354823642961,0.033820385153424976,2026-07-06,19,6
TATAPOWER,2026-07-07,2026-07-08,test,full_start_1,1,0.0031344014641177475,0.028125748413563335,0.003138341450785443,0.03207385745004682,2026-07-07,16,13
TATAPOWER,2026-07-08,2026-07-09,test,full_start_1,1,0.005379217386557204,0.048269028907861784,0.005382839647526321,0.0516729383677047,2026-07-08,20,7
TATAPOWER,2026-07-09,2026-07-10,test,full_start_1,1,0.0032721599303563898,0.02936188871344344,0.0032760804190311854,0.033276601649026016,2026-07-09,18,6
TATAPOWER,2026-07-10,2026-07-13,test,full_start_1,3,0.002440359173148466,0.02189793774955417,0.0024524721176460706,0.03391640075014754,2026-07-10,21,13
TATAPOWER,2026-07-13,2026-07-14,test,full_start_1,1,0.004373602685789681,0.03924540305728932,0.004377367278978608,0.04289309869530886,2026-07-13,14,6
TATAPOWER,2026-07-14,2026-07-15,test,full_start_1,1,0.005538197814488345,0.04969559904148294,0.00554179757376054,0.05306096766568667,2026-07-14,13,6
TATAPOWER,2026-07-15,2026-07-16,test,full_start_1,1,0.0023071574834854255,0.020702686517865897,0.00231121455622197,0.0248513402045695,2026-07-15,10,8
TATAPOWER,2026-07-17,2026-07-20,test,full_start_1,3,0.005992056381322842,0.05376818260039028,0.006002661443923321,0.06327274129378693,2026-07-17,22,6
TATAPOWER,2026-07-20,2026-07-21,test,full_start_1,1,0.008147184666362193,0.07310667406024787,0.008150415156082343,0.07583955895780549,2026-07-20,30,6
TATAPOWER,2026-07-21,2026-07-22,test,full_start_1,1,0.007816607991467515,0.07014032897131744,0.007819885270193356,0.0729533539305707,2026-07-21,33,6
TATAPOWER,2026-07-22,2026-07-23,test,full_start_1,1,0.0029296427796363152,0.02628839882421622,0.002933611747342243,0.03028614649175318,2026-07-22,13,7
TATAPOWER,2026-07-23,2026-07-24,test,full_start_1,1,0.001879620261895345,0.016866290376559595,0.001883737847193763,0.02111858980043671,2026-07-23,13,6
TATAPOWER,2026-07-24,2026-07-27,test,full_start_1,3,0.001920252107970767,0.01723089026698469,0.001932585865218498,0.029617486955387323,2026-07-24,17,8
TATAPOWER,2026-07-27,2026-07-28,test,full_start_1,1,0.012748669264685498,0.0014207425530555259,0.012751248471646156,0.006090325576240674,2026-07-27,16,8
TATAPOWER,2026-07-29,2026-07-30,test,full_start_1,1,0.0005347990186057518,0.004798881871555478,0.0005391069465798086,0.00937719962206171,2026-07-29,16,6
TATAPOWER,2026-07-30,2026-07-31,test,full_start_1,1,0.0005347982674711332,0.004798875221891736,0.0005391061955515031,0.009377193152048158,2026-07-30,16,7
TATAPOWER,2026-07-31,2026-08-03,test,full_start_1,3,0.0005348032365609949,0.004798919570077033,0.0005477251895782756,0.01816614206879813,2026-07-31,18,6
TORNTPOWER,2026-02-26,2026-02-27,test,full_start_3,1,0.0005347982566583172,0.0047988751239700315,0.003889452286665429,0.010224176477348856,2026-02-26,9,6
TORNTPOWER,2026-02-27,2026-03-02,test,full_start_3,3,0.0005347982568990467,0.004798875126696544,0.010466493763644363,0.02064818907587246,2026-02-27,14,6
TORNTPOWER,2026-03-02,2026-03-04,test,full_start_3,2,0.003816623286916402,0.017618994527353323,0.01039557485749329,0.027657095538444976,2026-03-02,15,11
TORNTPOWER,2026-03-06,2026-03-09,test,full_start_3,3,0.005256636967825213,0.0471690849290037,0.01500379559995374,0.05974530950186269,2026-03-06,14,7
TORNTPOWER,2026-03-09,2026-03-10,test,full_start_3,1,0.01229520221237214,0.11032784666782787,0.015494610895020022,0.11296264591934016,2026-03-09,13,9
TORNTPOWER,2026-04-06,2026-04-07,test,full_start_3,1,0.013037256959947282,0.10879586595627404,0.01622687001418982,0.11147117536658982,2026-04-06,9,9
TORNTPOWER,2026-04-08,2026-04-09,test,full_start_3,1,0.0064578844577332754,0.05794817148549234,0.00973434971308712,0.061968046243313785,2026-04-08,16,7
TORNTPOWER,2026-04-10,2026-04-13,test,full_start_3,3,0.005128018173016614,0.04601495660144669,0.014880203429700534,0.05868033733344341,2026-04-10,9,6
TORNTPOWER,2026-04-13,2026-04-15,test,full_start_3,2,0.00965361430066347,0.08662423439300755,0.016079478494572697,0.09306117560490017,2026-04-13,15,7
TORNTPOWER,2026-04-16,2026-04-17,test,full_start_3,1,0.00683634455586477,0.06134418620369898,0.010107813879988936,0.06527426016018137,2026-04-16,19,7
