window,date,expiry,tau,strike,option,price,x,forward,discount,market_call_normalized,market_iv,vega_over_DF,split,source_sha256,date_eligible,target_forward_call,single_fixed_exact,single_state_exact,double_fixed_exact,double_fixed_PINN,double_state_exact,double_state_PINN,BS_fixed,BS_state_flat,BS_state_term,single_fixed_exact_residual_forward,single_fixed_exact_residual_index_points,single_fixed_exact_predicted_OTM_index_points,double_fixed_exact_residual_forward,double_fixed_exact_residual_index_points,double_fixed_exact_predicted_OTM_index_points,double_fixed_PINN_residual_forward,double_fixed_PINN_residual_index_points,double_fixed_PINN_predicted_OTM_index_points,BS_fixed_residual_forward,BS_fixed_residual_index_points,BS_fixed_predicted_OTM_index_points,single_state_exact_residual_forward,single_state_exact_residual_index_points,single_state_exact_predicted_OTM_index_points,double_state_exact_residual_forward,double_state_exact_residual_index_points,double_state_exact_predicted_OTM_index_points,double_state_PINN_residual_forward,double_state_PINN_residual_index_points,double_state_PINN_predicted_OTM_index_points,BS_state_flat_residual_forward,BS_state_flat_residual_index_points,BS_state_flat_predicted_OTM_index_points,BS_state_term_residual_forward,BS_state_term_residual_index_points,BS_state_term_predicted_OTM_index_points,double_fixed_model_parameter_error_index_points,double_fixed_PINN_approximation_error_index_points,double_fixed_total_error_index_points,double_state_model_parameter_error_index_points,double_state_PINN_approximation_error_index_points,double_state_total_error_index_points
final,2026-08-24,2026-09-01,0.021917808219178,22500.0,PE,3.0,0.0744763185063065,24239.696190241255,0.9954580760252948,0.0774537723636785,0.2211519351750349,0.0042803288325483,test,922d768844e8cce6a8e820606022b512e4f99f6a40a9df974c658290f31949ff,True,0.0718948729598504,0.0717812858377576,0.0717705444327067,0.0717820283328528,0.0717821715596483,0.0717705445734185,,0.0717705455265876,0.0717705449073822,0.0717705448201503,-0.00011358712209280641,-2.740811972659402,0.2591880273405982,-0.00011284462699760744,-2.722895862020561,0.277104137979439,-0.0001127014002021004,-2.7194398565447764,0.2805601434552236,-0.00012432743326280804,-2.9999713993836417,2.860061635834299e-05,-0.00012432852714371057,-2.999997794293725,2.2057062749603062e-06,-0.00012432838643190725,-2.999994398974008,5.601025991897046e-06,,,,-0.00012432805246820333,-2.999986340562973,1.3659437026802834e-05,-0.0001243281397001056,-2.9999884454339982,1.1554566001770183e-05,-2.722895862020561,0.0034560054757845735,-2.7194398565447764,-2.999994398974008,,
final,2026-08-24,2026-09-01,0.021917808219178,23100.0,PE,4.4,0.0481590101889332,24239.696190241255,0.9954580760252948,0.0495288426791692,0.1603770070460804,0.0073698248254328,test,922d768844e8cce6a8e820606022b512e4f99f6a40a9df974c658290f31949ff,True,0.0472001074976105,0.0472094790459581,0.0470178743128699,0.0472109744018022,0.0472144031542979,0.0470179320440001,,0.0470206810625973,0.0470198223128303,0.0470196663819565,9.37154834759757e-06,0.22613172550023208,4.626131725500232,1.0866904191698945e-05,0.26221406586933294,4.662214065869334,1.4295656687403346e-05,0.344948496660124,4.7449484966601245,-0.00017942643501320243,-4.329488345465562,0.07051165453443797,-0.00018223318474060168,-4.397214097429143,0.0027859025708574237,-0.00018217545361039894,-4.395821068272849,0.004178931727151003,,,,-0.00018028518478020034,-4.3502096349880075,0.049790365011992854,-0.00018044111565399673,-4.3539721848082165,0.046027815191783894,0.26221406586933294,0.08273443079079106,0.344948496660124,-4.395821068272849,,
final,2026-08-24,2026-09-01,0.021917808219178,23400.0,PE,6.45,0.0352556053530253,24239.696190241255,0.9954580760252948,0.0361613512527995,0.1316490966287747,0.0113008195559388,test,922d768844e8cce6a8e820606022b512e4f99f6a40a9df974c658290f31949ff,True,0.03490867264484,0.0352892511308564,0.0346442867573656,0.0352850714124177,0.0352912333604126,0.034644993034871,,0.0346912639637106,0.0346816300236271,0.0346797311246093,0.0003805784860164002,9.183207143483024,15.633207143483023,0.00037639876757769586,9.082352203873002,15.532352203873003,0.00038256071557259824,9.231037552424523,15.681037552424524,-0.00021740868112940515,-5.24598480198048,1.20401519801952,-0.0002643858874744054,-6.379526062822251,0.07047393717774941,-0.0002636796099690017,-6.362483868186412,0.08751613181358842,,,,-0.00022704262121290425,-5.478447935461084,0.9715520645389164,-0.00022894152023070213,-5.524267611732125,0.9257323882678747,9.082352203873002,0.1486853485515206,9.231037552424523,-6.362483868186412,,
final,2026-08-24,2026-09-01,0.021917808219178,23600.0,PE,10.0,0.0267449156851166,24239.696190241255,0.9954580760252948,0.0275314329115664,0.1147867467862254,0.0168904635249751,test,922d768844e8cce6a8e820606022b512e4f99f6a40a9df974c658290f31949ff,True,0.0268048663487188,0.0277289520115018,0.0264117714783586,0.0277138923967056,0.0277165601226708,0.0264145746864309,,0.0266218097575449,0.0265902434158438,0.0265837692574488,0.0009240856627830002,22.297818640471977,32.297818640471974,0.0009090260479867988,21.934436139211464,31.934436139211464,0.0009116937739519979,21.998807303217344,31.998807303217344,-0.00018305659117389891,-4.417082566399612,5.582917433600388,-0.00039309487036020066,-9.485222507829222,0.5147774921707775,-0.0003902916622878991,-9.417582214591206,0.5824177854087935,,,,-0.0002146229328750006,-5.178765807187667,4.821234192812333,-0.00022109709127000193,-5.334984668225585,4.665015331774415,21.934436139211464,0.06437116400587875,21.998807303217344,-9.417582214591206,,
final,2026-08-24,2026-09-01,0.021917808219178,23750.0,PE,18.1,0.0204090972360308,24239.696190241255,0.9954580760252948,0.0213843694381075,0.1077183544854149,0.0257757288570884,test,922d768844e8cce6a8e820606022b512e4f99f6a40a9df974c658290f31949ff,True,0.0209523572477579,0.0224050029120169,0.0202874851466676,0.0223767159101219,0.0223737287464951,0.0202938746837185,,0.0208167221034832,0.0207548574103961,0.0207418822016715,0.001452645664259001,35.051760756644676,53.15176075664468,0.001424358662364001,34.369206678013214,52.469206678013215,0.001421371498737202,34.29712761058219,52.39712761058219,-0.00013563514427469836,-3.272821958089049,14.827178041910953,-0.0006648721010902997,-16.043098736726535,2.056901263273467,-0.0006584825640394004,-15.888921754986063,2.2110782450139386,,,,-0.00019749983736179824,-4.765592338867638,13.334407661132364,-0.00021047504608640022,-5.078678952604426,13.021321047395576,34.369206678013214,-0.07207906743102534,34.29712761058219,-15.888921754986063,,
final,2026-08-24,2026-09-01,0.021917808219178,23900.0,PE,35.3,0.014113168779216,24239.696190241255,0.9954580760252948,0.0156969561375062,0.1033165285566581,0.0383143269179613,test,922d768844e8cce6a8e820606022b512e4f99f6a40a9df974c658290f31949ff,True,0.0154769782897458,0.0174977797251953,0.0143196231559425,0.0174523536637071,0.0174458828814559,0.0143312533527671,,0.0154352019753307,0.0153341768247523,0.0153126421017082,0.002020801435449502,48.76113301050056,84.06113301050055,0.001975375373961301,47.66502025666304,82.96502025666304,0.0019689045917101015,47.508882860629114,82.80888286062911,-4.177631441509844e-05,-1.0080458119973514,34.29195418800265,-0.0011573551338032988,-27.926517979345803,7.373482020654194,-0.0011457249369786985,-27.645885966544164,7.6541140334558335,,,,-0.0001428014649935,-3.445742420057973,31.854257579942026,-0.00016433618803759868,-3.965366701928109,31.33463329807189,47.66502025666304,-0.15613739603393154,47.508882860629114,-27.645885966544164,,
final,2026-08-24,2026-09-01,0.021917808219178,24050.0,PE,67.0,0.0078566311649109,24239.696190241255,0.9954580760252948,0.0106861491726292,0.0999426229583067,0.051093510944036,test,922d768844e8cce6a8e820606022b512e4f99f6a40a9df974c658290f31949ff,True,0.0106025209880806,0.0131207889593963,0.0087888336683019,0.0130563950690587,0.0130517894533201,0.0088058888255893,,0.0107193075295218,0.0105813860990267,0.0105516844433818,0.002518267971315699,60.76480219744812,127.76480219744812,0.002453874080978099,59.211003295322506,126.21100329532251,0.002449268465239499,59.0998716236572,126.09987162365721,0.00011678654144119983,2.8180126860331423,69.81801268603314,-0.0018136873197787014,-43.76355196893242,23.23644803106758,-0.001796632162491301,-43.35201782291627,23.647982177083733,,,,-2.113488905390072e-05,-0.5099764470872864,66.49002355291272,-5.083654469880024e-05,-1.226665556728025,65.77333444327198,59.211003295322506,-0.1111316716653008,59.0998716236572,-43.35201782291627,,
final,2026-08-24,2026-09-01,0.021917808219178,24200.0,PE,121.35,0.0016389945540403,24239.696190241255,0.9954580760252948,0.0066776804741937,0.0984734808813423,0.0586403589754221,test,922d768844e8cce6a8e820606022b512e4f99f6a40a9df974c658290f31949ff,True,0.0066667447565018,0.0093745564319002,0.0042406767993989,0.0092930304855496,0.0092938410081735,0.0042654460452389,,0.0068865624891227,0.006728629032066,0.0066944683203824,0.0027078116753984005,65.33841621213912,186.68841621213912,0.0026262857290477995,63.3712276284056,184.7212276284056,0.0026270962516717006,63.39078521619169,184.74078521619168,0.00021981773262090033,5.304114254060869,126.65411425406086,-0.0024260679571029,-58.540052611598625,62.80994738840137,-0.0024012987112628998,-57.942380584160965,63.40761941583903,,,,6.188427556419983e-05,1.4932428981441226,122.84324289814411,2.7723563880599662e-05,0.6689585439681415,122.01895854396814,63.3712276284056,0.019557587786091696,63.39078521619169,-57.942380584160965,,
final,2026-08-24,2026-09-01,0.021917808219178,24350.0,CE,90.1,-0.0045402218119176,24239.696190241255,0.9954580760252948,0.0037170880702313,0.0966920804877172,0.0562910736800745,test,922d768844e8cce6a8e820606022b512e4f99f6a40a9df974c658290f31949ff,True,0.0037340028439205,0.006326254989007,0.0013301622996612,0.006233830906262,0.006243151600344,0.0013704038581194,,0.0040460901760714,0.0038939098488196,0.003861037301093,0.0025922521450865003,62.55001081548711,152.65001081548712,0.0024998280623414995,60.31985454528433,150.41985454528432,0.0025091487564235,60.544759177629615,150.64475917762962,0.00031208733215090005,7.53054290587304,97.63054290587303,-0.0024038405442593,-58.0037140010191,32.096285998980896,-0.0023635989858011,-57.032701238405124,33.06729876159487,,,,0.00015990700489910015,3.858492278565403,93.9584922785654,0.00012703445717249977,3.065290807123335,93.16529080712333,60.31985454528433,0.22490463234529043,60.544759177629615,-57.032701238405124,,
final,2026-08-24,2026-09-01,0.021917808219178,24500.0,CE,45.3,-0.0106814898340001,24239.696190241255,0.9954580760252948,0.0018574158333411,0.0961838935359416,0.0448159457811167,test,922d768844e8cce6a8e820606022b512e4f99f6a40a9df974c658290f31949ff,True,0.001877362140173,0.0039919996084484,0.0001839897635764,0.0038984347757087,0.0039139329738075,0.0002225365518527,,0.0021524741446426,0.0020286901961625,0.0020021366140491,0.0021146374682753997,51.02535907325745,96.32535907325745,0.0020210726355357,48.76767696046198,94.06767696046198,0.0020365708336345,49.141642301965504,94.4416423019655,0.00027511200446960014,6.638342989767151,51.93834298976715,-0.0016933723765966,-40.86040035554875,4.439599644451249,-0.0016548255883203,-39.930281721775025,5.369718278224973,,,,0.00015132805598949998,3.6514856615207885,48.951485661520785,0.00012477447387610006,3.010758311162027,48.310758311162026,48.76767696046198,0.37396534150351923,49.141642301965504,-39.930281721775025,,
final,2026-08-24,2026-09-01,0.021917808219178,24650.0,CE,20.9,-0.016785272772018,24239.696190241255,0.9954580760252948,0.0008517387150458,0.0970142188116699,0.0300857870807549,test,922d768844e8cce6a8e820606022b512e4f99f6a40a9df974c658290f31949ff,True,0.0008661560425964,0.0023285144531798,4.45635475606861e-06,0.002244501655244,0.0022597837079002,1.3345470641270424e-05,,0.0010283879900289,0.0009431272690557,0.0009250643510931,0.0014623584105834,35.28612545330074,56.18612545330074,0.0013783456126476,33.258930132242085,54.158930132242084,0.0013936276653037998,33.62767997038572,54.52767997038572,0.00016223194743249995,3.914592215018418,24.814592215018415,-0.0008616996878403314,-20.7924699363364,0.1075300636635994,-0.0008528105719551296,-20.57797911382386,0.3220208861761371,,,,7.69712264593e-05,1.8572850085730632,22.757285008573064,5.890830849669996e-05,1.4214339992252873,22.321433999225285,33.258930132242085,0.36874983814363765,33.62767997038572,-20.57797911382386,,
final,2026-08-24,2026-09-01,0.021917808219178,24800.0,CE,9.35,-0.0228520254542554,24239.696190241255,0.9954580760252948,0.0003787363206069,0.0994689473780746,0.0179202296264747,test,922d768844e8cce6a8e820606022b512e4f99f6a40a9df974c658290f31949ff,True,0.0003874908611615,0.0012388546655952,1.6400955615908714e-09,0.0011726388802802,0.001184146520073,2.4908300069503885e-07,,0.0004384454386861,0.000388562942322,0.0003781831422624,0.0008513638044336999,20.543069190310266,29.893069190310264,0.0007851480191187,18.945308688709442,28.29530868870944,0.0007966556589114999,19.222983449193187,28.572983449193188,5.09545775246e-05,1.2295136417587778,10.579513641758778,-0.0003874892210659384,-9.3499604251462,3.957485379935122e-05,-0.00038724177816080497,-9.343989726492657,0.006010273507342845,,,,1.0720811604999982e-06,0.025868890999458386,9.375868890999458,-9.307718899100037e-06,-0.22459154635468298,9.125408453645317,18.945308688709442,0.27767476048374357,19.222983449193187,-9.343989726492657,,
final,2026-08-24,2026-09-01,0.021917808219178,25000.0,CE,5.1,-0.0308841971515196,24239.696190241255,0.9954580760252948,0.0002049307800229,0.1125936082978831,0.0107789811569175,test,922d768844e8cce6a8e820606022b512e4f99f6a40a9df974c658290f31949ff,True,0.0002113586515426,0.0004503606889609,1.2279813138275946e-16,0.0004119907529269,0.0004184078240859,2.284712742485243e-10,,0.0001169030065781,9.78681677119321e-05,9.403355117061989e-05,0.00023900203741830003,5.767023880672408,10.867023880672408,0.00020063210138430003,4.841172621000227,9.941172621000227,0.0002070491725433,4.996013989792229,10.09601398979223,-9.445564496449998e-05,-2.2791770566424336,2.820822943357566,-0.0002113586515424772,-5.099999999995204,4.795275287960976e-12,-0.00021135842307132573,-5.099994487077403,5.5129225966510376e-06,,,,-0.00011349048383066789,-2.7384801299204873,2.3615198700795124,-0.0001173251003719801,-2.8310078983271834,2.2689921016728163,4.841172621000227,0.15484136879200233,4.996013989792229,-5.099994487077403,,
final,2026-08-24,2026-09-01,0.021917808219178,25150.0,CE,3.55,-0.0368662688290671,24239.696190241255,0.9954580760252948,0.000141797113219,0.1229605260366814,0.007739146631217,test,922d768844e8cce6a8e820606022b512e4f99f6a40a9df974c658290f31949ff,True,0.0001471221986228,0.0001809720048352,1.707028139079705e-16,0.0001600483268952,0.0001641651286371,4.3567565213566763e-13,,3.759513788304317e-05,2.989633414734235e-05,2.8392143639373313e-05,3.38498062124e-05,0.8167823291036802,4.36678232910368,1.292612827239999e-05,0.3119023219919116,3.8619023219919115,1.704293001429999e-05,0.41123910679085657,3.9612391067908566,-0.00010952706073975684,-2.642844310822895,0.9071556891771047,-0.0001471221986226293,-3.549999999994842,5.157652083198627e-12,-0.00014712219818712434,-3.549999989486281,1.0513718784466164e-08,,,,-0.00011722586447545765,-2.828613375706176,0.7213866242938236,-0.00011873005498342669,-2.8649088929923145,0.6850911070076853,0.3119023219919116,0.099336784798945,0.41123910679085657,-3.549999989486281,,
final,2026-08-24,2026-09-01,0.021917808219178,25400.0,CE,2.5,-0.0467575463078097,24239.696190241255,0.9954580760252948,9.887427629638588e-05,0.1430504579243653,0.0052839521219128,test,922d768844e8cce6a8e820606022b512e4f99f6a40a9df974c658290f31949ff,True,0.0001036071821287,2.751128771359256e-05,1.216511155882599e-16,2.2707373373767083e-05,2.4063573389993475e-05,-8.295353708231712e-17,,4.297533895127655e-06,3.0845394726634673e-06,2.8620247499868507e-06,-7.609589441510744e-05,-1.8361635953127187,0.6638364046872813,-8.089980875493292e-05,-1.9520801331704705,0.5479198668295295,-7.954360873870653e-05,-1.919355567451153,0.5806444325488469,-9.930964823357235e-05,-2.3963022203941082,0.10369777960589177,-0.00010360718212857836,-2.4999999999955516,4.448441615068077e-12,-0.00010360718212878296,-2.5000000000004885,-4.884981308350689e-13,,,,-0.00010052264265603654,-2.425571292227292,0.07442870777270816,-0.00010074515737871316,-2.430940483776196,0.06905951622380391,-1.9520801331704705,0.03272456571931738,-1.919355567451153,-2.5000000000004885,,
final,2026-08-24,2026-09-01,0.021917808219178,25600.0,CE,1.85,-0.0546007237688356,24239.696190241255,0.9954580760252948,7.259534754948707e-05,0.1572591771449143,0.0038798242397779,test,922d768844e8cce6a8e820606022b512e4f99f6a40a9df974c658290f31949ff,True,7.66693147752844e-05,4.01723693596763e-06,2.5942726677590443e-16,3.1488104391356325e-06,3.4406582864753443e-06,1.2348318974614003e-16,,5.889103081085575e-07,3.8356492494250483e-07,3.4813624169738485e-07,-7.265207783931677e-05,-1.753065674274998,0.09693432572500216,-7.352050433614877e-05,-1.7740204594305464,0.07597954056945366,-7.322865648880906e-05,-1.766978287224352,0.08302171277564807,-7.608040446717585e-05,-1.8357898290444608,0.014210170955539336,-7.666931477502498e-05,-1.8499999999937402,6.259881502046483e-12,-7.666931477516093e-05,-1.8499999999970205,2.979616553488995e-12,,,,-7.62857498503419e-05,-1.8407447312758247,0.00925526872417537,-7.632117853358702e-05,-1.8415996112782818,0.008400388721718333,-1.7740204594305464,0.007042172206194261,-1.766978287224352,-1.8499999999970205,,
final,2026-08-24,2026-09-08,0.0410958904109589,23500.0,PE,19.3,0.0319881499041015,24263.873843734735,0.9949127260434106,0.0333307459645538,0.1118667291724904,0.0294297735620155,test,922d768844e8cce6a8e820606022b512e4f99f6a40a9df974c658290f31949ff,True,0.0322814293880474,0.0341191089391471,0.0317485489886202,0.0340460055745115,0.0340475017252762,0.0317513604418104,,0.0320569676122018,0.0319595383944657,0.0318902688609084,0.0018376795510997024,44.36238719105984,63.662387191059835,0.001764576186464098,42.59764003207164,61.897640032071635,0.001766072337228801,42.633757765155316,61.93375776515532,-0.0002244617758455983,-5.41860532958342,13.881394670416581,-0.0005328803994271991,-12.863965641762457,6.436034358237544,-0.0005300689462370001,-12.796095933510813,6.503904066489188,,,,-0.0003218909935817013,-7.770589209659026,11.529410790340975,-0.0003911605271390006,-9.442786011530226,9.857213988469775,42.59764003207164,0.036117733083677946,42.633757765155316,-12.796095933510813,,
final,2026-08-24,2026-09-08,0.0410958904109589,23800.0,PE,45.75,0.0193029903767857,24263.873843734735,0.9949127260434106,0.0214225956554123,0.1012608416310258,0.0514737244901051,test,922d768844e8cce6a8e820606022b512e4f99f6a40a9df974c658290f31949ff,True,0.0210130410289148,0.0241658054414286,0.020162565302777,0.0240403997648089,0.0240371850263318,0.020155662847821,,0.0211357411207336,0.0209245651616373,0.0207654465699833,0.0031527644125137998,76.10911026703982,121.85911026703982,0.0030273587358941,73.08176244743179,118.83176244743179,0.0030241439974169997,73.004157256171,118.754157256171,0.00012270009181879898,2.962033820524802,48.7120338205248,-0.0008504757261378025,-20.53085557650415,25.21914442349585,-0.0008573781810938021,-20.697483854619154,25.052516145380846,,,,-8.847586727750087e-05,-2.135846088552555,43.614153911447445,-0.00024759445893150073,-5.977038405257998,39.772961594742,73.08176244743179,-0.07760519126078258,73.004157256171,-20.697483854619154,,
final,2026-08-24,2026-09-08,0.0410958904109589,24000.0,PE,88.1,0.0109347407062691,24263.873843734735,0.9949127260434106,0.0146843468453457,0.0985775853070745,0.0692464778880781,test,922d768844e8cce6a8e820606022b512e4f99f6a40a9df974c658290f31949ff,True,0.0145246520220965,0.0183378185133512,0.0132238966290036,0.0181755056036544,0.0181719719854026,0.0132034766258163,,0.0148764233599297,0.0145906096790734,0.0143703373901985,0.0038131664912547,92.05150495786212,180.15150495786213,0.003650853581557898,88.13320040810093,176.2332004081009,0.0036473199633060976,88.0478973197698,176.1478973197698,0.00035177133783319964,8.491913773723466,96.59191377372346,-0.001300755393092901,-31.400803450587983,56.69919654941201,-0.0013211753962802004,-31.89375124842116,56.20624875157883,,,,6.595765697690013e-05,1.5922466543600355,89.69224665436003,-0.00015431463189800008,-3.7252226294885395,84.37477737051145,88.13320040810093,-0.08530308833112926,88.0478973197698,-31.89375124842116,,
final,2026-08-24,2026-09-08,0.0410958904109589,24150.0,PE,138.35,0.0047041909556331,24263.873843734735,0.9949127260434106,0.0104733443868442,0.0973633262352681,0.0784208834032246,test,922d768844e8cce6a8e820606022b512e4f99f6a40a9df974c658290f31949ff,True,0.0104241914778829,0.0144805139392258,0.0087564605746427,0.0142941171452912,0.0142884164869237,0.0087285652582889,,0.0109157386801539,0.0105941090906575,0.0103440714418414,0.004056322461342901,97.92139630339915,236.27139630339914,0.0038699256674083003,93.42169626660514,231.77169626660515,0.0038642250090408,93.28407988316567,231.63407988316567,0.0004915472022710005,11.866164205167914,150.2161642051679,-0.0016677309032401989,-40.259752586224245,98.09024741377576,-0.0016956262195939997,-40.93315770963864,97.41684229036136,,,,0.0001699176127746005,4.101885404327729,142.45188540432773,-8.012003604149914e-05,-1.9341326721014465,136.41586732789855,93.42169626660514,-0.13761638343946533,93.28407988316567,-40.93315770963864,,
final,2026-08-24,2026-09-08,0.0410958904109589,24300.0,CE,168.7,-0.0014877792922879,24263.873843734735,0.9949127260434106,0.0069778852451554,0.0952621159061853,0.0806906592860032,test,922d768844e8cce6a8e820606022b512e4f99f6a40a9df974c658290f31949ff,True,0.0069882745248883,0.0111089270192824,0.0051605820895556,0.0109052345334919,0.0108985045396398,0.0051368640703883,,0.0076628901781348,0.007332593445204,0.0070753616310444,0.004120652494394099,99.4743514051323,268.17435140513226,0.003916960008603599,94.55712581096375,263.25712581096377,0.003910230014751499,94.39466081924,263.09466081924,0.0006746156532464994,16.28551658887522,184.9855165888752,-0.0018276924353327001,-44.1212938533707,124.57870614662929,-0.0018514104545000005,-44.69385719776615,124.00614280223384,,,,0.0003443189203156992,8.31200915911155,177.01200915911153,8.708710615609998e-05,2.1023207883735284,170.80232078837352,94.55712581096375,-0.16246499172374793,94.39466081924,-44.69385719776615,,
final,2026-08-24,2026-09-08,0.0410958904109589,24450.0,CE,106.0,-0.0076416448666662,24263.873843734735,0.9949127260434106,0.0043575463551958,0.0938630840739717,0.0748905546916026,test,922d768844e8cce6a8e820606022b512e4f99f6a40a9df974c658290f31949ff,True,0.0043909727305167,0.008246705390262,0.0025857371452909,0.0080355265506619,0.0080301854865048,0.0025824849708509,,0.005127296560456,0.0048172284937882,0.0045769568867902,0.0038557326597453,93.07907086111759,199.0790708611176,0.003644553820145199,87.98112141542008,193.9811214154201,0.0036392127559881004,87.85218579331571,193.8521857933157,0.0007363238299393001,17.775178932705607,123.77517893270561,-0.0018052355852258002,-43.57917568106057,62.42082431893943,-0.0018084877596658,-43.6576845928204,62.3423154071796,,,,0.0004262557632715002,10.290000343833123,116.29000034383313,0.00018598415627350037,4.489738783385943,110.48973878338595,87.98112141542008,-0.12893562210436302,87.85218579331571,-43.6576845928204,,
final,2026-08-24,2026-09-08,0.0410958904109589,24600.0,CE,62.35,-0.0137578718841023,24263.873843734735,0.9949127260434106,0.0025475127407485,0.0930731816879747,0.0624199377480582,test,922d768844e8cce6a8e820606022b512e4f99f6a40a9df974c658290f31949ff,True,0.0025828032995067,0.0058971724364684,0.0010287086948956,0.0056902694402672,0.0056874749244483,0.0010522647960925,,0.0032593060366409,0.0029927842201105,0.0027886526559607,0.0033143691369616995,80.01031891550744,142.36031891550743,0.0031074661407604997,75.01559019744815,137.36559019744814,0.0031046716249415996,74.94812936473909,137.29812936473908,0.0006765027371341999,16.331071618335105,78.68107161833511,-0.0015540946046111001,-37.51652269300035,24.833477306999654,-0.0015305385034142,-36.94786811914751,25.402131880852494,,,,0.0004099809206038001,9.897118531840363,72.24711853184036,0.0002058493564539997,4.969293394258037,67.31929339425804,75.01559019744815,-0.06746083270905606,74.94812936473909,-36.94786811914751,,
final,2026-08-24,2026-09-08,0.0410958904109589,24750.0,CE,35.05,-0.0198369179604844,24263.873843734735,0.9949127260434106,0.0014234028564429,0.093362024249018,0.0471580600271718,test,922d768844e8cce6a8e820606022b512e4f99f6a40a9df974c658290f31949ff,True,0.0014519207000434,0.0040412850799934,0.0002919815921403,0.0038506568136648,0.003851144655346,0.000327002898634,,0.0019629576045135,0.0017528511818472,0.0015948333305659,0.0025893643799500005,62.50838734824027,97.55838734824027,0.0023987361136214,57.90653771925072,92.95653771925072,0.0023992239553026,57.9183144305584,92.9683144305584,0.0005110369044701,12.336654130725124,47.38665413072512,-0.0011599391079031,-28.00143680766139,7.048563192338609,-0.0011249178014094,-27.15600716913677,7.893992830863226,,,,0.0003009304818038,7.264593298316604,42.3145932983166,0.00014291263052250013,3.449973335088853,38.49997333508885,57.90653771925072,0.01177671130768128,57.9183144305584,-27.15600716913677,,
final,2026-08-24,2026-09-08,0.0410958904109589,25300.0,CE,6.5,-0.0418158246792597,24263.873843734735,0.9949127260434106,0.0002582306862925,0.1100616405096595,0.0142607431053524,test,922d768844e8cce6a8e820606022b512e4f99f6a40a9df974c658290f31949ff,True,0.0002692577617768,0.0006311005254536,1.553685781874657e-09,0.0005568373151206,0.0005589985873088,2.1439665409144393e-07,,0.0001867300729702,0.0001437338436891,0.0001150838320707,0.0003618427636768,8.73504239349424,15.23504239349424,0.00028757955334379997,6.942296052668835,13.442296052668835,0.000289740825532,6.994470107487491,13.49447010748749,-8.252768880660002e-05,-1.9922544616828315,4.5077455383171685,-0.00026925620809101816,-6.499962493342379,3.750665762058958e-05,-0.0002690433651227086,-6.494824371102627,0.005175628897372775,,,,-0.00012552391808770002,-3.0302022203017422,3.4697977796982578,-0.00015417392970610002,-3.7218260171074715,2.7781739828925285,6.942296052668835,0.05217405481865569,6.994470107487491,-6.494824371102627,,
final,2026-08-24,2026-09-29,0.0986301369863013,21000.0,PE,8.6,0.1473722163015836,24334.48923170824,0.987864652621211,0.1591997560831942,0.2182189793667351,0.0115219583947784,test,922d768844e8cce6a8e820606022b512e4f99f6a40a9df974c658290f31949ff,True,0.1373850441615532,0.1371547795124501,0.1370342202314183,0.1371443390807067,0.1371434518263035,0.1370342811753808,,0.137027319192557,0.1370273017747303,0.1370273012437046,-0.0002302646491031124,-5.53537375075721,3.0646262492427896,-0.00024070508084650388,-5.786353187001731,2.813646812998269,-0.0002415923352497018,-5.807682056860109,2.7923179431398903,-0.00035772496899619255,-8.599415546783538,0.0005844532164616112,-0.0003508239301348859,-8.43352021932176,0.1664797806782392,-0.0003507629861723982,-8.432055176330856,0.16794482366914387,,,,-0.00035774238682290127,-8.599834257085508,0.00016574291449167333,-0.0003577429178485969,-8.599847022508719,0.0001529774912807369,-5.786353187001731,-0.021328869858378775,-5.807682056860109,-8.432055176330856,,
final,2026-08-24,2026-09-29,0.0986301369863013,21800.0,PE,10.65,0.1099846842299633,24334.48923170824,0.987864652621211,0.1167555073768109,0.1751804184050708,0.0160705615541378,test,922d768844e8cce6a8e820606022b512e4f99f6a40a9df974c658290f31949ff,True,0.1045951709353302,0.1047246937117444,0.1042173162220637,0.104677073566455,0.1046810389074328,0.1042147842004672,,0.104155580370037,0.1041537500770131,0.104153674477633,0.00012952277641418986,3.1136215631920496,13.76362156319205,8.190263112480001e-05,1.968872235542996,12.618872235542996,8.586797210259622e-05,2.064195788015291,12.714195788015292,-0.0004395905652932047,-10.567397495370203,0.08260250462979712,-0.00037785471326649833,-9.08331812791057,1.5666818720894309,-0.00038038673486300023,-9.144185855267844,1.505814144732156,,,,-0.00044142085831710975,-10.611396242030535,0.038603757969465136,-0.00044149645769719914,-10.613213589268812,0.03678641073118882,1.968872235542996,0.09532355247229489,2.064195788015291,-9.144185855267844,,
final,2026-08-24,2026-09-29,0.0986301369863013,22100.0,PE,13.0,0.0963170455012995,24334.48923170824,0.987864652621211,0.1017035714574123,0.161764610230266,0.0197851771194728,test,922d768844e8cce6a8e820606022b512e4f99f6a40a9df974c658290f31949ff,True,0.0923647465047299,0.092782749360405,0.0919657741319202,0.0927054581861924,0.0927119398625417,0.0919589130476409,,0.091839671751958,0.0918324754353565,0.0918321517247774,0.00041800285567510087,10.048446620259927,23.048446620259927,0.00034071168146250497,8.19043003556906,21.190430035569058,0.0003471933578118036,8.34624423138487,21.346244231384873,-0.0005250747527719007,-12.62236741505809,0.3776325849419102,-0.0003989723728096972,-9.590969383837853,3.4090306161621466,-0.00040583345708899987,-9.75590423584103,3.2440957641589705,,,,-0.0005322710693733967,-12.79536097778348,0.20463902221652042,-0.0005325947799524888,-12.803142715229189,0.196857284770811,8.19043003556906,0.15581419581581157,8.34624423138487,-9.75590423584103,,
final,2026-08-24,2026-09-29,0.0986301369863013,22800.0,PE,22.7,0.0651341180646116,24334.48923170824,0.987864652621211,0.0683100038646088,0.1304647471012932,0.0342711721726282,test,922d768844e8cce6a8e820606022b512e4f99f6a40a9df974c658290f31949ff,True,0.0640024975779509,0.0659397677568002,0.0638114976537157,0.0657400342404991,0.0657437302211665,0.0637700227493306,,0.0633463999649125,0.0632628252675947,0.0632584658114762,0.0019372701788493013,46.570389931305364,69.27038993130536,0.0017375366625481947,41.76895963105768,64.46895963105769,0.0017412326432156011,41.857807982071854,64.55780798207185,-0.0006560976130384061,-15.772049766618585,6.927950233381415,-0.00019099992423519951,-4.591481893231038,18.108518106768962,-0.00023247482862030766,-5.588504657874721,17.111495342125277,,,,-0.0007396723103561959,-17.781117105275563,4.918882894724437,-0.0007440317664746954,-17.885914863246278,4.814085136753722,41.76895963105768,0.08884835101416766,41.857807982071854,-5.588504657874721,,
final,2026-08-24,2026-09-29,0.0986301369863013,23100.0,PE,35.8,0.0520620364972588,24334.48923170824,0.987864652621211,0.0550099140283967,0.1218259374694862,0.048356507812586,test,922d768844e8cce6a8e820606022b512e4f99f6a40a9df974c658290f31949ff,True,0.0522192597492526,0.0551471291612514,0.0521728465814604,0.0548705085458062,0.0548698314600199,0.0520977689196487,,0.0515121065166135,0.0513353423310587,0.0513257073837474,0.002927869411998796,70.38358493997774,106.18358493997773,0.002651248796553596,63.733851689052216,99.53385168905221,0.0026505717107672966,63.71757510077395,99.51757510077394,-0.0007071532326391045,-16.999385085640125,18.800614914359873,-4.6413167792198895e-05,-1.1157345762239936,34.684265423776004,-0.00012149082960390134,-2.9205401340003716,32.87945986599963,,,,-0.0008839174181939011,-21.24865146936473,14.551348530635266,-0.0008935523655052013,-21.48026771894813,14.319732281051866,63.733851689052216,-0.01627658827826914,63.71757510077395,-2.9205401340003716,,
final,2026-08-24,2026-09-29,0.0986301369863013,23350.0,PE,53.9,0.0412976699101002,24334.48923170824,0.987864652621211,0.0444989876708542,0.1152540049250119,0.0640034636288183,test,922d768844e8cce6a8e820606022b512e4f99f6a40a9df974c658290f31949ff,True,0.0426987126058329,0.046633681582844,0.0428577152128851,0.0462850495509006,0.0462845343639473,0.0427441584504577,,0.0420780613548059,0.0417887315743064,0.0417725039274757,0.003934968977011101,94.59343442526188,148.49343442526188,0.0035863369450677,86.21260564494622,140.11260564494623,0.0035858217581144006,86.2002209721398,140.1002209721398,-0.0006206512510269976,-14.919948227793467,38.98005177220653,0.00015900260705220548,3.822292569905577,57.722292569905576,4.544584462480572e-05,1.0924809187904996,54.9924809187905,,,,-0.0009099810315265008,-21.87519940737042,32.024800592629575,-0.0009262086783571946,-22.26529875893418,31.63470124106582,86.21260564494622,-0.012384672806420279,86.2002209721398,1.0924809187904996,,
final,2026-08-24,2026-09-29,0.0986301369863013,23600.0,PE,83.7,0.0306479419934422,24334.48923170824,0.987864652621211,0.0347126033018409,0.1098109575413548,0.0831186400241206,test,922d768844e8cce6a8e820606022b512e4f99f6a40a9df974c658290f31949ff,True,0.0336648708802973,0.038660496516285,0.0340584954827899,0.0382377905787835,0.0382445844915764,0.0338999039366805,,0.0332659656478098,0.0328441281491109,0.0328199511108328,0.0049956256359877035,120.09075262644107,203.79075262644108,0.004572919698486201,109.92924776736365,193.62924776736367,0.004579713611279103,110.0925678717967,193.7925678717967,-0.0003989052324874995,-9.589355385429682,74.11064461457032,0.0003936246024925996,9.462413361219355,93.16241336121936,0.00023503305638319927,5.650002360028852,89.35000236002885,,,,-0.0008207427311864024,-19.729983686291277,63.970016313708726,-0.0008449197694644986,-20.311179903673725,63.38882009632628,109.92924776736365,0.16332010443305894,110.0925678717967,5.650002360028852,,
final,2026-08-24,2026-09-29,0.0986301369863013,23750.0,PE,110.35,0.0243121235443564,24334.48923170824,0.987864652621211,0.0293134660126152,0.1073500586251803,0.0954223182067709,test,922d768844e8cce6a8e820606022b512e4f99f6a40a9df974c658290f31949ff,True,0.0286093869146206,0.0341771515497112,0.0291055749515005,0.0337119023707179,0.0337249090494034,0.0289198414506365,,0.0283791727908027,0.0278780903990314,0.0278490890165152,0.0055677646350906045,133.84450601305196,244.19450601305195,0.005102515456097304,122.66029643945117,233.01029643945117,0.005115522134782804,122.97296635235651,233.3229663523565,-0.0002302141238178998,-5.534159164242933,104.81584083575706,0.0004961880368799,11.927954401523566,122.27795440152356,0.0003104545360159,7.463073016893645,117.81307301689364,,,,-0.0007312965155891991,-17.57976985255766,92.77023014744233,-0.0007602978981053991,-18.276939357912152,92.07306064208784,122.66029643945117,0.3126699129053353,122.97296635235651,7.463073016893645,,
final,2026-08-24,2026-09-29,0.0986301369863013,23900.0,PE,143.75,0.0180161950875415,24334.48923170824,0.987864652621211,0.0242679965494494,0.1047317012850233,0.106854784484318,test,922d768844e8cce6a8e820606022b512e4f99f6a40a9df974c658290f31949ff,True,0.0238346945361846,0.0299444956230351,0.0244528225922954,0.0294403547236679,0.0294571238417236,0.0242429100370146,,0.0238551354096872,0.0232830653743716,0.0232497070012264,0.0061098010868505005,146.87461879289833,290.62461879289833,0.005605660187483298,134.75548408459704,278.505484084597,0.005622429305538999,135.158599961352,278.908599961352,2.0440873502600154e-05,0.49138187329038907,144.24138187329038,0.0006181280561107991,14.859292686608267,158.60929268660826,0.00040821550082999897,9.813166618271158,153.56316661827117,,,,-0.0005516291618130019,-13.260713680303345,130.48928631969665,-0.0005849875349582014,-14.062621675278358,129.68737832472164,134.75548408459704,0.40311587675495414,135.158599961352,9.813166618271158,,
final,2026-08-24,2026-09-29,0.0986301369863013,24050.0,PE,188.15,0.0117596574732364,24334.48923170824,0.987864652621211,0.0197484634477506,0.1030422526880297,0.1165814526086269,test,922d768844e8cce6a8e820606022b512e4f99f6a40a9df974c658290f31949ff,True,0.0195175884480671,0.0259815315754922,0.0201462862258797,0.0254441375640852,0.025459290858166,0.0199183023301329,,0.0197371014339931,0.019108928233848,0.0190721068371116,0.0064639431274251015,155.38790367215228,343.5379036721523,0.005926549116018101,142.4693913597201,330.6193913597201,0.005941702410098899,142.8336641502638,330.9836641502638,0.00021951298592599866,5.27691256551063,193.42691256551063,0.0006286977778126,15.11338014766165,203.26338014766165,0.00040071388206579933,9.632833841367379,197.7828338413674,,,,-0.000408660214219099,-9.8238571642591,178.3261428357409,-0.00044548161095549904,-10.709013412753048,177.44098658724695,142.4693913597201,0.364272790543695,142.8336641502638,9.632833841367379,,
final,2026-08-24,2026-09-29,0.0986301369863013,24200.0,PE,242.1,0.0055420208623659,24334.48923170824,0.987864652621211,0.0156844334936266,0.1011914435231088,0.1230418437935381,test,922d768844e8cce6a8e820606022b512e4f99f6a40a9df974c658290f31949ff,True,0.015597750457453,0.022304977437029,0.0162296468642609,0.0217419645978435,0.0217520588904242,0.0159930080315023,,0.0160571274740247,0.0153932185742201,0.0153541852187426,0.006707226979576,161.23624841123615,403.33624841123617,0.0061442141403905,147.7018804415738,389.80188044157376,0.006154308432971201,147.94453897557506,390.04453897557505,0.00045937701657169927,11.043047593873034,253.14304759387304,0.0006318964068078997,15.190272571435584,257.2902725714356,0.0003952575740493007,9.501668661266079,251.60166866126607,,,,-0.00020453188323289913,-4.916779115031885,237.1832208849681,-0.0002435652387103998,-5.855109041730182,236.24489095826982,147.7018804415738,0.2426585340012688,147.94453897557506,9.501668661266079,,
final,2026-08-24,2026-09-29,0.0986301369863013,24350.0,CE,286.2,-0.0006371955035922,24334.48923170824,0.987864652621211,0.0118979795440306,0.0975197092037105,0.1252876704075689,test,922d768844e8cce6a8e820606022b512e4f99f6a40a9df974c658290f31949ff,True,0.0119055632990085,0.0189284983663585,0.0127407738376638,0.018349354311413,0.0183539731207958,0.0125077853840303,,0.0128331031463455,0.0121572692358982,0.0121175010959694,0.0070229350673500016,168.8256125136842,455.0256125136842,0.006443791012404502,154.903463316493,441.103463316493,0.0064484098217873,155.01449571472207,441.21449571472203,0.0009275398473370007,22.297298971981824,308.4972989719818,0.0008352105386553003,20.077777939583214,306.2777779395832,0.0006022220850217998,14.476926156664183,300.6769261566642,,,,0.0002517059368897009,6.050804764847287,292.25080476484726,0.00021193779696090063,5.094811221175954,291.29481122117596,154.903463316493,0.11103239822906476,155.01449571472207,14.476926156664183,,
final,2026-08-24,2026-09-29,0.0986301369863013,24500.0,CE,214.9,-0.0067784635256746,24334.48923170824,0.987864652621211,0.008879180511373,0.0957418156115962,0.1225467862818559,test,922d768844e8cce6a8e820606022b512e4f99f6a40a9df974c658290f31949ff,True,0.0089395721626727,0.015861974564066,0.0097079209303539,0.0152777272800059,0.015278163940002,0.0094926118214789,,0.0100671828027861,0.0094040931363416,0.0093651245451013,0.0069224024013933,166.40888948477857,381.30888948477855,0.0063381551173332,152.36406283538145,367.2640628353814,0.006338591777329301,152.37455978439138,367.2745597843914,0.001127610640113401,27.10683712271962,242.00683712271962,0.0007683487676812002,18.470475674903227,233.37047567490322,0.0005530396588062005,13.294620873882927,228.19462087388294,,,,0.00046452097366890023,11.166704113455062,226.06670411345507,0.0004255523824286001,10.229931066025832,225.12993106602585,152.36406283538145,0.010496949009915142,152.37455978439138,13.294620873882927,,
final,2026-08-24,2026-09-29,0.0986301369863013,24650.0,CE,154.75,-0.0128822464636924,24334.48923170824,0.987864652621211,0.0063550107293277,0.0936176077583571,0.1145452630302688,test,922d768844e8cce6a8e820606022b512e4f99f6a40a9df974c658290f31949ff,True,0.0064374071297049,0.0131108557460504,0.007145984758508,0.012533585401266,0.0125295301411424,0.0069621832266405,,0.0077458461858835,0.0071183679297848,0.0070816157260922,0.0066734486163455,160.42424419826673,315.1742441982667,0.0060961782715611,146.547137460188,301.29713746018797,0.006092123011437501,146.44965232502682,301.1996523250268,0.0013084390561786006,31.45380428236419,186.2038042823642,0.0007085776288031,17.033626403912688,171.78362640391268,0.0005247760969356004,12.61518797312809,167.3651879731281,,,,0.0006809608000799003,16.369740438832995,171.119740438833,0.0006442085963873001,15.486247534494897,170.2362475344949,146.547137460188,-0.0974851351611982,146.44965232502682,12.61518797312809,,
final,2026-08-24,2026-09-29,0.0986301369863013,24800.0,CE,108.05,-0.0189489991459298,24334.48923170824,0.987864652621211,0.0044103762870238,0.0920667428796857,0.1020283186539186,test,922d768844e8cce6a8e820606022b512e4f99f6a40a9df974c658290f31949ff,True,0.0044947453335354,0.0106756552820208,0.0050533963217011,0.0101178461969784,0.0101109672320919,0.0049122789676909,,0.0058415302505998,0.0052684603057227,0.005235075898642,0.0061809099484854,148.58401764188878,256.63401764188876,0.005623100863443,135.174743663863,243.22474366386302,0.005616221898556499,135.0093789766936,243.0593789766936,0.0013467849170643994,32.37560740161933,140.42560740161932,0.0005586509881656994,13.429512640223988,121.47951264022399,0.00041753363415549926,10.037166918868463,118.08716691886846,,,,0.0007737149721872994,18.599474840341582,126.64947484034158,0.0007403305651065995,17.796941010859367,125.84694101085937,135.174743663863,-0.16536468716943653,135.0093789766936,10.037166918868463,,
final,2026-08-24,2026-09-29,0.0986301369863013,24950.0,CE,74.6,-0.024979168172521,24334.48923170824,0.987864652621211,0.0030267101388699,0.0916483599479339,0.0870449965534205,test,922d768844e8cce6a8e820606022b512e4f99f6a40a9df974c658290f31949ff,True,0.0031032670234312,0.0085516351984437,0.0034103032473999,0.0080254068298913,0.008017923794731,0.0033179473623707,,0.0043155196523295,0.0038100644971554,0.0037808370267165,0.005448368175012501,130.97431280873727,205.57431280873726,0.004922139806460101,118.32421341426023,192.92421341426024,0.0049146567712998,118.14432737198817,192.74432737198816,0.0012122526288982998,29.14156127493636,103.74156127493636,0.00030703622396870004,7.380899592307335,81.98089959230732,0.00021468033893950024,5.160739686260891,79.76073968626089,,,,0.0007067974737242,16.990832932424983,91.59083293242497,0.0006775700032853002,16.28822845840487,90.88822845840487,118.32421341426023,-0.179886042272056,118.14432737198817,5.160739686260891,,
final,2026-08-24,2026-09-29,0.0986301369863013,25100.0,CE,50.55,-0.0309731921127316,24334.48923170824,0.987864652621211,0.0020386843660857,0.091655521777668,0.0713141851052804,test,922d768844e8cce6a8e820606022b512e4f99f6a40a9df974c658290f31949ff,True,0.0021028169977808,0.0067287260808547,0.0021786648496307,0.0062450058939081,0.0062361250533473,0.0021343675535914,,0.0031216089254584,0.0026907824337551,0.0026661041328768,0.004625909083073899,111.20306921437255,161.75306921437254,0.004142188896127301,99.57483172344723,150.12483172344724,0.0041333080555665,99.3613435830992,149.9113435830992,0.0010187919276776003,24.490924316500745,75.04092431650074,7.584785184990006e-05,1.8233202960878792,52.373320296087876,3.1550555810600216e-05,0.7584495454948937,51.30844954549489,,,,0.0005879654359743003,14.134207979042621,64.68420797904261,0.0005632871350960003,13.540961818908597,64.0909618189086,99.57483172344723,-0.21348814034801644,99.3613435830992,0.7584495454948937,,
final,2026-08-24,2026-09-29,0.0986301369863013,25250.0,CE,34.2,-0.0369315016963621,24334.48923170824,0.987864652621211,0.0013710941493357,0.0923457585577655,0.0567227704798072,test,922d768844e8cce6a8e820606022b512e4f99f6a40a9df974c658290f31949ff,True,0.0014226773753531,0.0051917130932248,0.001304674633809,0.004759434791802,0.0047490108869379,0.0013008040427187,,0.0022099854117257,0.0018548933561411,0.0018347839796009,0.0037690357178717,90.60453465017513,124.80453465017513,0.0033367574164488998,80.2129179950012,114.41291799500121,0.0033263335115848005,79.96233585141178,114.16233585141178,0.0007873080363725998,18.92624098085313,53.12624098085313,-0.00011800274154409986,-2.836689351165232,31.36331064883477,-0.00012187333263440005,-2.9297351938710663,31.270264806128935,,,,0.000432215980788,10.390118518107084,44.59011851810709,0.0004121066042478,9.906705560545934,44.10670556054593,80.2129179950012,-0.2505821435894294,79.96233585141178,-2.9297351938710663,,
final,2026-08-24,2026-09-29,0.0986301369863013,25400.0,CE,23.7,-0.0428545199994842,24334.48923170824,0.987864652621211,0.000944533103463,0.0939994505588526,0.0446243538962708,test,922d768844e8cce6a8e820606022b512e4f99f6a40a9df974c658290f31949ff,True,0.0009858904618675,0.0039207010977204,0.0007235254692038,0.0035461240746242,0.0035367360179768,0.0007472935481614,,0.0015308278649981,0.0012476445393721,0.0012318204765103,0.0029348106358528998,70.55044628178506,94.25044628178506,0.0025602336127567,61.545921143603714,85.24592114360371,0.0025508455561093,61.32023994356259,85.02023994356259,0.0005449374031306,13.099849277099265,36.79984927709926,-0.0002623649926637001,-6.307039743898854,17.392960256101144,-0.00023859691370610014,-5.735674573950822,17.96432542604918,,,,0.00026175407750459985,6.292353843354438,29.992353843354437,0.0002459300146427999,5.911956320170947,29.611956320170947,61.545921143603714,-0.2256812000411236,61.32023994356259,-5.735674573950822,,
final,2026-08-24,2026-09-29,0.0986301369863013,25700.0,CE,11.9,-0.0545963378761674,24334.48923170824,0.987864652621211,0.0004687231375539,0.0984846325467566,0.0271090359901945,test,922d768844e8cce6a8e820606022b512e4f99f6a40a9df974c658290f31949ff,True,0.000495025168617,0.002078340041431,0.0001656564547904,0.0018252208943997,0.0018233079981392,0.0002028970227559,,0.0006873434380549,0.0005237972482635,0.0005149513485002,0.0015833148728139998,38.06159399758094,49.96159399758094,0.0013301957257827,31.976816817286558,43.87681681728656,0.0013282828295222,31.93083235640845,43.83083235640845,0.00019231826943789997,4.6231738331700996,16.523173833170098,-0.00032936871382659996,-7.917754374967067,3.9822456250329337,-0.0002921281458611,-7.0225215931117475,4.877478406888253,,,,2.877207964650005e-05,0.6916572519936124,12.591657251993613,1.9926179883199995e-05,0.47900905982724185,12.379009059827242,31.976816817286558,-0.04598446087810855,31.93083235640845,-7.0225215931117475,,
final,2026-08-24,2026-09-29,0.0986301369863013,26200.0,CE,5.7,-0.0738647567420446,24334.48923170824,0.987864652621211,0.0002202298172438,0.1120731467078067,0.0143727164365314,test,922d768844e8cce6a8e820606022b512e4f99f6a40a9df974c658290f31949ff,True,0.0002371128958921,0.0005520370639367,3.6521067910800327e-06,0.0004636674034614,0.0004670915633453,1.2286957750733995e-05,,0.0001483104613063,9.854052274640632e-05,9.603418306047656e-05,0.0003149241680446,7.570519313594319,13.27051931359432,0.0002265545075693,5.446184984101748,11.146184984101748,0.00022997866745319998,5.528498985897344,11.228498985897344,-8.880243458579999e-05,-2.134737864992266,3.565262135007734,-0.00023346078910101996,-5.612206341070456,0.08779365892954427,-0.000224825938141366,-5.40463158945339,0.2953684105466099,,,,-0.00013857237314569368,-3.3311664637993195,2.3688335362006807,-0.00014107871283162342,-3.391416819040623,2.3085831809593773,5.446184984101748,0.08231400179559577,5.528498985897344,-5.40463158945339,,
final,2026-08-24,2026-09-29,0.0986301369863013,26800.0,CE,3.0,-0.0965072334918043,24334.48923170824,0.987864652621211,0.0001133154204985,0.129357156337363,0.0078228629604305,test,922d768844e8cce6a8e820606022b512e4f99f6a40a9df974c658290f31949ff,True,0.0001247962609958,6.0551595866791506e-05,4.2233566146819814e-10,5.2580047828145945e-05,5.413153060362563e-05,1.5059906192113287e-07,,1.6956256136289307e-05,9.17083587471338e-06,8.821010302897427e-06,-6.424466512900849e-05,-1.5443891816066606,1.4556108183933394,-7.221621316765405e-05,-1.7360186737492405,1.2639813262507595,-7.066473039217435e-05,-1.6987222973250133,1.3012777026749867,-0.00010784000485951069,-2.59238547691078,0.4076145230892201,-0.00012479583866013851,-2.999989847393928,1.0152606071844872e-05,-0.00012464566193387885,-2.9963797217765125,0.0036202782234875386,,,,-0.00011562542512108661,-2.779540609591362,0.22045939040863782,-0.00011597525069290257,-2.787950130093602,0.21204986990639796,-1.7360186737492405,0.03729637642422692,-1.6987222973250133,-2.9963797217765125,,
final,2026-08-24,2026-09-29,0.0986301369863013,30000.0,CE,1.8,-0.2093027276371487,24334.48923170824,0.987864652621211,6.0737065387242405e-05,0.2420089160801867,0.0031353457700355,test,922d768844e8cce6a8e820606022b512e4f99f6a40a9df974c658290f31949ff,True,7.487775659753853e-05,-2.9593631570034114e-14,-7.232042293012899e-12,-2.347924265483749e-14,1.3258949265382668e-13,-3.2375486828893566e-14,,5.854856844619386e-13,5.323174559647368e-14,4.568465262597141e-14,-7.487775662713217e-05,-1.8000000007114068,-7.114067113178635e-10,-7.487775662101777e-05,-1.8000000005644217,-5.644216205524799e-10,-7.487775646494904e-05,-1.799999996812657,3.1873430561546456e-09,-7.487775601205285e-05,-1.7999999859254032,1.4074596821345153e-08,-7.487776382958082e-05,-1.800000173852379,-1.7385237893741134e-07,-7.487775662991402e-05,-1.80000000077828,-7.782798849831352e-10,,,,-7.487775654430678e-05,-1.799999998720352,1.2796479431642638e-09,-7.487775655185389e-05,-1.7999999989017783,1.0982217357735635e-09,-1.8000000005644217,3.751764693826716e-09,-1.799999996812657,-1.80000000077828,,
final,2026-08-24,2026-10-27,0.1753424657534246,22500.0,PE,35.8,0.083129164962031,24450.3486167351,0.9820445964682386,0.0883023632445986,0.1310525460045086,0.0508566540883036,test,922d768844e8cce6a8e820606022b512e4f99f6a40a9df974c658290f31949ff,True,0.0812586848615972,0.0845512280933173,0.0821004672686792,0.0840845940763065,0.084080602331056,0.0818956218132777,,0.080287208997643,0.0801120396606733,0.0801302835772851,0.0032925432317201103,79.05835110039725,114.85835110039724,0.0028259092147093073,67.85384644976102,103.65384644976102,0.0028219174694588123,67.75799932633477,103.55799932633477,-0.0009714758639541993,-23.32643021908897,12.473569780911028,0.0008417824070820062,20.212317471822338,56.012317471822335,0.0006369369516805029,15.293705081730119,51.093705081730114,,,,-0.0011466452009238903,-27.532479455058688,8.26752054494131,-0.0011284012843120889,-27.094418702796776,8.70558129720322,67.85384644976102,-0.0958471234262622,67.75799932633477,15.293705081730119,,
final,2026-08-24,2026-10-27,0.1753424657534246,23500.0,PE,119.4,0.0396440530222922,24450.3486167351,0.9820445964682386,0.0456141144628075,0.1108997770786325,0.113729023164512,test,922d768844e8cce6a8e820606022b512e4f99f6a40a9df974c658290f31949ff,True,0.0438411618042243,0.0513498753039903,0.0469067732999466,0.050534192789171,0.0505399158377671,0.0464678239806434,,0.0433508713482273,0.0426002462739533,0.0426858591529895,0.007508713499766,180.2942182984389,299.6942182984389,0.006693030984946696,160.7085940242361,280.10859402423614,0.006698754033542802,160.84601204836912,280.24601204836915,-0.0004902904559970014,-11.772527278596966,107.62747272140304,0.0030656114957222994,73.60941767789977,193.00941767789976,0.0026266621764190964,63.06965951575,182.46965951575,,,,-0.0012409155302710029,-29.79603570059978,89.60396429940022,-0.0011553026512347991,-27.740356375161117,91.65964362483889,160.7085940242361,0.13741802413302442,160.84601204836912,63.06965951575,,
final,2026-08-24,2026-10-27,0.1753424657534246,23900.0,PE,204.65,0.0227660152349405,24450.3486167351,0.9820445964682386,0.0317464591985209,0.1061208409111429,0.1448129616996697,test,922d768844e8cce6a8e820606022b512e4f99f6a40a9df974c658290f31949ff,True,0.0310318837059577,0.0400104083849769,0.0348889583716536,0.0390842438106988,0.0390972363919795,0.0343787700245717,,0.0310902858752529,0.0300854954826542,0.0302021272107718,0.0089785246790192,215.5863435896783,420.2363435896783,0.008052360104741096,193.34789782391815,397.99789782391815,0.008065352686021796,193.6598670162113,398.30986701621134,5.840216929519845e-05,1.4023139197332588,206.05231391973325,0.0038570746656958997,92.61350320424748,297.2635032042475,0.003346886318614,80.36320104197024,285.01320104197026,,,,-0.0009463882233035001,-22.724042531742676,181.92595746825734,-0.0008297564951859002,-19.92355929977304,184.72644070022696,193.34789782391815,0.3119691922931713,193.6598670162113,80.36320104197024,,
final,2026-08-24,2026-10-27,0.1753424657534246,24150.0,PE,283.5,0.0123600940738238,24450.3486167351,0.9820445964682386,0.0243905608350966,0.103955279287421,0.1594261486303364,test,922d768844e8cce6a8e820606022b512e4f99f6a40a9df974c658290f31949ff,True,0.0240909466527777,0.033621812641127,0.0282000346537197,0.0326505329663557,0.0326669960958541,0.0276702588279333,,0.0245008534200171,0.023386495557873,0.0235166321921626,0.009530865988349301,228.84879455450871,512.3487945545087,0.008559586313578001,205.5270750991705,489.0270750991705,0.0085760494430764,205.92237677951192,489.4223767795119,0.00040990676723940203,9.842407780902981,293.342407780903,0.004109088000942,98.66467925196778,382.16467925196775,0.003579312175155603,85.94405562096294,369.44405562096296,,,,-0.000704451094904697,-16.914809639398253,266.58519036060176,-0.0005743144606150975,-13.790055611699055,269.7099443883009,205.5270750991705,0.39530168034143137,205.92237677951192,85.94405562096294,,
final,2026-08-24,2026-10-27,0.1753424657534246,24300.0,PE,338.8,0.0061681238259027,24450.3486167351,0.9820445964682386,0.0203844910486244,0.1021340405379277,0.1647775799500047,test,922d768844e8cce6a8e820606022b512e4f99f6a40a9df974c658290f31949ff,True,0.0202591439593026,0.0300662077569178,0.0245263041181271,0.0290793631824842,0.0290964991050981,0.0239972217836987,,0.0209828030246025,0.0198299614516409,0.01996484837138,0.0098070637976152,235.48067205508036,574.2806720550803,0.008820219223181599,211.78521861487297,550.5852186148729,0.008837355145795502,212.1966749545765,550.9966749545765,0.0007236590652998989,17.376018607833448,356.17601860783344,0.004267160158824501,102.46020243194543,441.26020243194546,0.0037380778243960994,89.7562304526903,428.55623045269033,,,,-0.00042918250766170105,-10.305243998008658,328.49475600199133,-0.00029429558792259947,-7.066429285767543,331.7335707142325,211.78521861487297,0.4114563397035372,212.1966749545765,89.7562304526903,,
final,2026-08-24,2026-10-27,0.1753424657534246,24450.0,PE,406.7,1.4258251524572384e-05,24450.3486167351,0.9820445964682386,0.0169523351880621,0.1014431584679578,0.1670138720779091,test,922d768844e8cce6a8e820606022b512e4f99f6a40a9df974c658290f31949ff,True,0.0169520934791262,0.0267266482594948,0.021122350676239,0.0257339706245028,0.0257497702054897,0.0206044403348883,,0.0178006438708223,0.0166323559012128,0.0167691362374863,0.009774554780368601,234.7000872248949,641.4000872248948,0.0087818771453766,210.8645742267224,617.5645742267224,0.008797676726363501,211.24394322296456,617.9439432229645,0.0008485503916961026,20.374825802376222,427.0748258023762,0.004170257197112802,100.13343317471397,506.83343317471395,0.003652346855762101,87.69771563862577,494.39771563862575,,,,-0.0003197375779133982,-7.677325373025462,399.02267462697455,-0.00018295724163990001,-4.393047206359963,402.30695279364005,210.8645742267224,0.37936899624216897,211.24394322296456,87.69771563862577,,
final,2026-08-24,2026-10-27,0.1753424657534246,24600.0,CE,328.9,-0.0061019687659115,24450.3486167351,0.9820445964682386,0.0136143702101408,0.0989458056703572,0.1657202375536748,test,922d768844e8cce6a8e820606022b512e4f99f6a40a9df974c658290f31949ff,True,0.0136976986471363,0.0236079130146946,0.0179974662454455,0.0226197798752461,0.0226330932536028,0.0175016127337375,,0.0149544962189355,0.0137943069056091,0.0139300553639042,0.0099102143675583,237.9574547123903,566.8574547123903,0.0089220812281098,214.23106110885203,543.131061108852,0.008935394606466498,214.55073306647924,543.4507330664792,0.0012567975717991987,30.17738468433696,359.07738468433695,0.0042997675983092,103.243150511239,432.14315051123896,0.0038039140866012004,91.33704685090947,420.23704685090945,,,,9.660825847280022e-05,2.319693039702455,331.2196930397024,0.00023235671676789978,5.57919444088069,334.4791944408807,214.23106110885203,0.31967195762722167,214.55073306647924,91.33704685090947,,
final,2026-08-24,2026-10-27,0.1753424657534246,24850.0,CE,223.3,-0.0162132783702322,24450.3486167351,0.9820445964682386,0.0091502112279565,0.0960530614955716,0.1552393317317434,test,922d768844e8cce6a8e820606022b512e4f99f6a40a9df974c658290f31949ff,True,0.0092997753356811,0.0189085351310521,0.0134245243857385,0.01795189149515,0.017958148402595,0.012988864472069,,0.0109382782949847,0.0098408653963183,0.0099687894853234,0.009608759795371,230.71912867335666,454.0191286733567,0.008652116159468898,207.74884001731448,431.0488400173145,0.008658373066913898,207.89907670390497,431.199076703905,0.0016385029593036001,39.342639752672355,262.6426397526724,0.0041247490500574,99.04072191334811,322.34072191334815,0.003689089136387899,88.57994676438872,311.8799467643887,,,,0.0005410900606371994,12.992293488715339,236.29229348871536,0.0006690141496422993,16.063921355384267,239.36392135538426,207.74884001731448,0.1502366865904846,207.89907670390497,88.57994676438872,,
final,2026-08-24,2026-10-27,0.1753424657534246,25100.0,CE,148.8,-0.0262233719653326,24450.3486167351,0.9820445964682386,0.0060366778391834,0.0952242704840695,0.1363149886308429,test,922d768844e8cce6a8e820606022b512e4f99f6a40a9df974c658290f31949ff,True,0.0061970737570504,0.014834206071371,0.0096479468867127,0.0139384306136621,0.0139380919464506,0.0092971344423812,,0.0077732142895493,0.0067893523821019,0.0069032337966593,0.0086371323143206,207.38905792572163,356.1890579257216,0.0077413568566117,185.88029534960452,334.68029534960453,0.0077410181894002,185.87216349850078,334.6721634985008,0.0015761405324989002,37.845234772139094,186.6452347721391,0.003450873129662301,82.86006296270875,231.66006296270876,0.0031000606853308,74.4365886322414,223.23658863224142,,,,0.0005922786250515,14.221399141392489,163.0213991413925,0.0007061600396089003,16.95584367932656,165.75584367932657,185.88029534960452,-0.008131851103743974,185.87216349850078,74.4365886322414,,
final,2026-08-24,2026-10-27,0.1753424657534246,25700.0,CE,49.15,-0.0498465177287685,24450.3486167351,0.9820445964682386,0.0019474180385957,0.094963932186043,0.0780519216815704,test,922d768844e8cce6a8e820606022b512e4f99f6a40a9df974c658290f31949ff,True,0.0020469501018751,0.0075091311425184,0.0036167410527571,0.0068552847765078,0.0068541948562405,0.0035053302263192,,0.0030305680876747,0.002416386508428,0.002485372494423,0.0054621810406433,131.15424645753595,180.30424645753595,0.0048083346746327,115.45452380187331,164.6045238018733,0.0048072447543654,115.42835336367419,164.57835336367418,0.0009836179857996,23.61797874689858,72.76797874689858,0.001569790950882,37.692772855170645,86.84277285517064,0.0014583801244441,35.01765043063944,84.16765043063944,,,,0.0003694364065529002,8.870660484318005,58.020660484318,0.00043842239254789995,10.52710594849814,59.67710594849814,115.45452380187331,-0.02617043819911373,115.42835336367419,35.01765043063944,,
final,2026-08-24,2026-10-27,0.1753424657534246,27000.0,CE,7.4,-0.0991923918319235,24450.3486167351,0.9820445964682386,0.0002790851607551,0.1121311937174469,0.0188437716143714,test,922d768844e8cce6a8e820606022b512e4f99f6a40a9df974c658290f31949ff,True,0.0003081878078102,0.000892725172829,9.959782223433258e-05,0.0007850962121536,0.0007919922667192,0.0001467284293201,,0.0002140072503889,0.0001264812917525,0.0001351425583253,0.0005845373650187999,14.035521170914043,21.435521170914043,0.0004769084043434,11.451206383587376,18.851206383587375,0.00048380445890900005,11.616789844360914,19.016789844360915,-9.41805574213e-05,-2.261400701959622,5.138599298040378,-0.0002085899855758674,-5.008523550066952,2.391476449933048,-0.0001614593784901,-3.8768548610533005,3.5231451389467,,,,-0.0001817065160577,-4.363015618238291,3.0369843817617097,-0.0001730452494849,-4.155047064601767,3.244952935398233,11.451206383587376,0.16558346077353783,11.616789844360914,-3.8768548610533005,,
final,2026-08-25,2026-09-15,0.0575342465753424,23800.0,PE,41.95,0.0261428638741922,24430.40454660807,0.9956181211941808,0.0282579485481161,0.1012852507288444,0.0529322176534668,test,398f2636d757c8fbdc9182ef2eb2be290afd6e9950cdbad6841e618846463837,True,0.0275287776820109,0.0312270362762838,0.0272407142810701,0.0310381892308625,0.0310405475587355,0.027208932245352,,0.0276786820472434,0.0272384265191616,0.0269714125804091,0.003698258594272901,89.95405102937538,131.90405102937538,0.0035094115488516,85.3606575909389,127.3106575909389,0.0035117698767246006,85.41802003340314,127.36802003340314,0.0001499043652324998,3.6461768629517763,45.59617686295178,-0.0002880634009407995,-7.006667924209513,34.943332075790494,-0.00031984543665889917,-7.779713613126637,34.170286386873364,,,,-0.0002903511628493012,-7.062313965775972,34.88768603422403,-0.0005573651016018005,-13.556988380726965,28.39301161927304,85.3606575909389,0.057362442464246696,85.41802003340314,-7.779713613126637,,
final,2026-08-25,2026-09-15,0.0575342465753424,24050.0,PE,76.65,0.0156934479998511,24430.40454660807,0.9956181211941808,0.0190183740474842,0.0931057272123917,0.0741667963478577,test,398f2636d757c8fbdc9182ef2eb2be290afd6e9950cdbad6841e618846463837,True,0.0187222399436483,0.0237427207010747,0.018599620044454,0.0234980797160068,0.0235044287041279,0.018539713737057,,0.0195572108055438,0.0189091274061099,0.0184917772133884,0.0050204807574264,122.11492807585057,198.76492807585058,0.0047758397723585005,116.16443892164337,192.8144389216434,0.004782188760479599,116.31886760391956,192.96886760391956,0.0008349708618955003,20.3092914149656,96.9592914149656,-0.00012261989919429978,-2.9825271511359794,73.66747284886402,-0.00018252620659129845,-4.439649441317674,72.21035055868234,,,,0.00018688746246160043,4.545729809444674,81.19572980944469,-0.0002304627302598984,-5.605626450857724,71.04437354914228,116.16443892164337,0.15442868227620163,116.31886760391956,-4.439649441317674,,
final,2026-08-25,2026-09-15,0.0575342465753424,24200.0,PE,115.95,0.0094758113889805,24430.40454660807,0.9956181211941808,0.0143332587435548,0.0911363502284973,0.0866938060482964,test,398f2636d757c8fbdc9182ef2eb2be290afd6e9950cdbad6841e618846463837,True,0.014198080958188,0.0197088767445516,0.0139970339127273,0.0194342443402324,0.019438236095063,0.0139218515233195,,0.0153328449985223,0.014587566362024,0.0140972248212621,0.005510795786363602,134.04103383865166,249.99103383865167,0.005236163382044402,127.36105279278691,243.3110527927869,0.005240155136875001,127.45814565651595,243.40814565651596,0.0011347640403343,27.601266863438646,143.55126686343866,-0.00020104704546069878,-4.890138351786204,111.0598616482138,-0.00027622943486849995,-6.718826184425272,109.23117381557473,,,,0.0003894854038360013,9.473591150742333,125.42359115074234,-0.0001008561369258993,-2.453159468542168,113.49684053145783,127.36105279278691,0.09709286372903463,127.45814565651595,-6.718826184425272,,
final,2026-08-25,2026-09-15,0.0575342465753424,24350.0,PE,165.5,0.0032965950230224,24430.40454660807,0.9956181211941808,0.0101286628040591,0.0873704145020542,0.0943540237889897,test,398f2636d757c8fbdc9182ef2eb2be290afd6e9950cdbad6841e618846463837,True,0.0100953276810588,0.0160568488623764,0.0099741508883399,0.015758148124183,0.0157570833515992,0.0098917257770884,,0.011674452759855,0.0108735250913298,0.0103408450657468,0.005961521181317601,145.00418694014502,310.504186940145,0.0056628204431241995,137.7387833019108,303.23878330191076,0.0056617556705403985,137.71288446198483,303.2128844619848,0.0015791250787961994,38.409617472335604,203.9096174723356,-0.00012117679271890155,-2.9474259622332286,162.55257403776676,-0.00020360190397040144,-4.9522810783955675,160.54771892160443,,,,0.000778197410270999,18.92837068312364,184.42837068312363,0.0002455173846879991,5.971806131951991,171.47180613195198,137.7387833019108,-0.025898839925970203,137.71288446198483,-4.9522810783955675,,
final,2026-08-25,2026-09-15,0.0575342465753424,24500.0,CE,170.5,-0.00284467299906,24430.40454660807,0.9956181211941808,0.0069898121833321,0.0872094353065179,0.0949404965458288,test,398f2636d757c8fbdc9182ef2eb2be290afd6e9950cdbad6841e618846463837,True,0.0070097242215095,0.0128105422192542,0.0066345347235177,0.0124963904682874,0.0124920575644997,0.0065588261716542,,0.0086131961194845,0.0078078556086424,0.0072720371541767,0.005800817997744699,141.09534660159048,311.59534660159045,0.0054866662467779,133.45412251812667,303.95412251812667,0.0054823333429901994,133.34873176772655,303.8487317677266,0.0016034718979750003,39.00181376120637,209.50181376120636,-0.0003751894979918003,-9.125866779652693,161.37413322034732,-0.00045089804985530037,-10.967352647686846,159.53264735231315,,,,0.0007981313871329001,19.413231848492302,189.9132318484923,0.0002623129326672002,6.380330182251511,176.8803301822515,133.45412251812667,-0.10539075040013138,133.34873176772655,-10.967352647686846,,
final,2026-08-25,2026-09-15,0.0575342465753424,24650.0,CE,108.8,-0.0089484559370778,24430.40454660807,0.9956181211941808,0.0044332189315258,0.0852597919671663,0.0873410469343895,test,398f2636d757c8fbdc9182ef2eb2be290afd6e9950cdbad6841e618846463837,True,0.0044730674211157,0.0099841531801823,0.0040430344642408,0.0096654064403992,0.0096600436522712,0.003990330932561,,0.006145013736908,0.0053864288873224,0.0048866682769346,0.0055110857590666,134.0480869472047,242.8480869472047,0.005192339019283499,126.29509732654967,235.09509732654965,0.0051869762311555,126.16465633530238,234.96465633530238,0.0016719463157923,40.66734122975137,149.46734122975136,-0.00043003295687489996,-10.459843615841924,98.34015638415808,-0.00048273648855470027,-11.741770246255163,97.05822975374484,,,,0.0009133614662066997,22.216013792722848,131.01601379272284,0.00041360085581889933,10.060159813524702,118.8601598135247,126.29509732654967,-0.13044099124727843,126.16465633530238,-11.741770246255163,,
final,2026-08-25,2026-09-29,0.0958904109589041,21000.0,PE,7.5,0.1533936806200704,24481.46053748844,0.989442185996744,0.1661447888580865,0.2245882363629054,0.0100426038996217,test,398f2636d757c8fbdc9182ef2eb2be290afd6e9950cdbad6841e618846463837,True,0.1425176639554266,0.142295146144648,0.1422117151306782,0.1422885276526042,0.1422873563974503,0.1422118373002177,,0.1422080475369854,0.1422080412866152,0.142208041078223,-0.00022251781077858857,-5.390046667618369,2.1099533323816306,-0.00022913630282239694,-5.5503663330894835,1.9496336669105165,-0.0002303075579762892,-5.578737634771261,1.9212623652287393,-0.00030961641844118315,-7.499835355289304,0.00016464471069621567,-0.00030594882474838103,-7.410995270565765,0.08900472943423487,-0.0003058266552088962,-7.408035959053214,0.09196404094678634,,,,-0.0003096226688113768,-7.499986757942942,1.3242057057993861e-05,-0.00030962287720359694,-7.499991805825571,8.194174428766132e-06,-5.5503663330894835,-0.028371301681776838,-5.578737634771261,-7.408035959053214,,
final,2026-08-25,2026-09-29,0.0958904109589041,22200.0,PE,12.5,0.0978238294652596,24481.46053748844,0.989442185996744,0.1033375638907235,0.1649122551765838,0.0187754158622327,test,398f2636d757c8fbdc9182ef2eb2be290afd6e9950cdbad6841e618846463837,True,0.0937073960461271,0.0940307798076466,0.0933025425928124,0.0939645043170034,0.0939704903279436,0.0932978160065336,,0.0932026434705239,0.0931948892943392,0.0931941942169182,0.00032338376151949677,7.833321566669753,20.333321566669753,0.0002571082708762995,6.22793103080119,18.72793103080119,0.00026309428181650607,6.372930112931707,18.872930112931705,-0.0005047525756032012,-12.22661650580832,0.2733834941916804,-0.0004048534533147019,-9.806761082527577,2.6932389174724225,-0.00040958003959350175,-9.921253133892426,2.578746866107574,,,,-0.0005125067517879056,-12.41444583667514,0.08555416332485954,-0.0005132018292089008,-12.43128268997539,0.0687173100246099,6.22793103080119,0.14499908213051743,6.372930112931707,-9.921253133892426,,
final,2026-08-25,2026-09-29,0.0958904109589041,22700.0,PE,17.5,0.0755511938561363,24481.46053748844,0.989442185996744,0.0792575890188683,0.141328647881964,0.0268005223939341,test,398f2636d757c8fbdc9182ef2eb2be290afd6e9950cdbad6841e618846463837,True,0.0734901934454963,0.0746707781512715,0.0731562084297324,0.0745327895862707,0.0745396408591132,0.0731359123903512,,0.0728734880494995,0.0728163365638574,0.072809752454413,0.0011805847057752006,28.597291322161173,46.09729132216117,0.0010425961407743989,25.254795715406896,42.7547957154069,0.0010494474136168996,25.420754027797496,42.9207540277975,-0.0006167053959968,-14.938448535710076,2.5615514642899235,-0.00033398501576389905,-8.090115640423573,9.409884359576427,-0.00035428105514510866,-8.581746395956184,8.918253604043816,,,,-0.0006738568816389012,-16.322828391222696,1.1771716087773036,-0.0006804409910833031,-16.48231520733804,1.01768479266196,25.254795715406896,0.16595831239060002,25.420754027797496,-8.581746395956184,,
final,2026-08-25,2026-09-29,0.0958904109589041,23200.0,PE,30.4,0.053763839671229,24481.46053748844,0.989442185996744,0.0565596948190635,0.1213984630939361,0.0432406823939391,test,398f2636d757c8fbdc9182ef2eb2be290afd6e9950cdbad6841e618846463837,True,0.0535991272985092,0.0563458985706295,0.0535598052627304,0.0560952356960211,0.0560953513086735,0.0534975490177445,,0.0529871616361449,0.0527393036478374,0.0527052423731916,0.0027467712721203005,66.53501259156961,96.9350125915696,0.0024961083975119022,60.46320832902002,90.86320832902001,0.0024962240101642982,60.466008813123295,90.8660088131233,-0.0006119656623643013,-14.823638016130284,15.576361983869715,-3.932203577879795e-05,-0.9524972727885318,29.447502727211468,-0.00010157828076470116,-2.460529661973755,27.939470338026243,,,,-0.0008598236506717968,-20.827499546337105,9.572500453662894,-0.0008938849253175979,-21.652565455699808,8.74743454430019,60.46320832902002,0.002800484103277968,60.466008813123295,-2.460529661973755,,
final,2026-08-25,2026-09-29,0.0958904109589041,23500.0,PE,47.7,0.0409156971933801,24481.46053748844,0.989442185996744,0.0438157242105522,0.1117086219122674,0.0601242181384385,test,398f2636d757c8fbdc9182ef2eb2be290afd6e9950cdbad6841e618846463837,True,0.0420591540023212,0.0461165693445572,0.0423674091713115,0.0457821862509943,0.0457816710243842,0.042262113788874,,0.0416650842911006,0.041196417760223,0.0411270410742551,0.004057415342235998,98.28273057352567,145.98273057352566,0.003723032248673097,90.18297229862509,137.88297229862508,0.003722517022062999,90.17049196968821,137.8704919696882,-0.00039406971122060014,-9.545546607446278,38.15445339255373,0.00030825516899030125,7.466861823683674,55.166861823683675,0.00020295978655279767,4.916292845690299,52.6162928456903,,,,-0.0008627362420981985,-20.89805121883954,26.801948781160462,-0.000932112928066102,-22.578561977521186,25.121438022478817,90.18297229862509,-0.012480328936868146,90.17049196968821,4.916292845690299,,
final,2026-08-25,2026-09-29,0.0958904109589041,23650.0,PE,62.75,0.0345530034055513,24481.46053748844,0.989442185996744,0.0378384824327384,0.108291749638438,0.0713980320007684,test,398f2636d757c8fbdc9182ef2eb2be290afd6e9950cdbad6841e618846463837,True,0.0365533791647738,0.0412825059330645,0.0370279339364482,0.0409043442611992,0.0409073382781038,0.0368968850035841,,0.0363118830171196,0.0357086452822746,0.0356167157650871,0.004729126768290695,114.55358961595017,177.30358961595016,0.004350965096425401,105.39338328403234,168.14338328403232,0.004353959113329996,105.465907325065,168.21590732506502,-0.00024149614765420213,-5.849758728758164,56.90024127124184,0.0004745547716744,11.495135408334349,74.24513540833435,0.0003435058388102999,8.320738440255536,71.07073844025554,,,,-0.000844733882499206,-20.46198024534624,42.28801975465376,-0.0009366633996867046,-22.688788005311505,40.06121199468849,105.39338328403234,0.07252404103266587,105.465907325065,8.320738440255536,,
final,2026-08-25,2026-09-29,0.0958904109589041,23800.0,PE,82.15,0.0282305376660643,24481.46053748844,0.989442185996744,0.0321213074230568,0.1047635354836665,0.0834015743297814,test,398f2636d757c8fbdc9182ef2eb2be290afd6e9950cdbad6841e618846463837,True,0.0312271857922076,0.0366645289755201,0.0319130520851042,0.0362431308376994,0.0362519342347736,0.0317550631141951,,0.0312344074646372,0.0304907056709192,0.0303746304795528,0.005437343183312498,131.70870863489125,213.85870863489126,0.005015945045491802,121.5011858278244,203.6511858278244,0.005024748442566004,121.71443042562757,203.86443042562757,7.2216724295998125e-06,0.174930497822161,82.32493049782217,0.0006858662928965996,16.613732237989485,98.76373223798949,0.0005278773219874987,12.786767002310492,94.9367670023105,,,,-0.0007364801212884006,-17.839750488412097,64.31024951158791,-0.0008525553126547993,-20.651438668465968,61.498561331534034,121.5011858278244,0.21324459780316785,121.71443042562757,12.786767002310492,,
final,2026-08-25,2026-09-29,0.0958904109589041,23950.0,PE,109.25,0.0219477944865691,24481.46053748844,0.989442185996744,0.0268006800179033,0.1020825051830547,0.0960060980554422,test,398f2636d757c8fbdc9182ef2eb2be290afd6e9950cdbad6841e618846463837,True,0.0262188722542055,0.0322840989327576,0.027067938856304,0.031821711956274,0.0318363341704033,0.0268839525704367,,0.0264862747047915,0.0256074310122264,0.0254676476695581,0.006065226678552096,146.91792415488513,256.1679241548851,0.005602839702068499,135.7175291257185,244.9675291257185,0.005617461916197802,136.07172286987355,245.32172286987355,0.000267402450585999,6.477286841223666,115.72728684122367,0.0008490666020984985,20.56693166813877,129.81693166813878,0.0006650803162311994,16.11023373660429,125.36023373660429,,,,-0.0006114412419791007,-14.810934986472606,94.4390650135274,-0.0007512245846474017,-18.196905474414915,91.05309452558508,135.7175291257185,0.35419374415505417,136.07172286987355,16.11023373660429,,
final,2026-08-25,2026-09-29,0.0958904109589041,24100.0,PE,143.65,0.0157042778468841,24481.46053748844,0.989442185996744,0.0218524211878015,0.099266467047561,0.107561987094231,test,398f2636d757c8fbdc9182ef2eb2be290afd6e9950cdbad6841e618846463837,True,0.0215119253126081,0.0281616250909517,0.0225399701798933,0.0276624029335811,0.027679013368349,0.0223337545393054,,0.022116700719709,0.0211205088221765,0.0209598209860552,0.0066496997783436,161.07561010739724,304.72561010739724,0.006150477620973,148.98295686619622,292.6329568661962,0.006167088055740899,149.38531125866098,293.03531125866095,0.0006047754071009,14.649468536005454,158.29946853600546,0.0010280448672852008,24.90232036565569,168.5523203656557,0.0008218292266972994,19.907161000783137,163.55716100078314,,,,-0.0003914164904316002,-9.48127766725598,134.16872233274404,-0.0005521043265529005,-13.373617487524255,130.27638251247575,148.98295686619622,0.402354392464755,149.38531125866098,19.907161000783137,,
final,2026-08-25,2026-09-29,0.0958904109589041,24250.0,PE,193.5,0.0094995009600012,24481.46053748844,0.989442185996744,0.0176092896329023,0.0986924635825443,0.1171396201709984,test,398f2636d757c8fbdc9182ef2eb2be290afd6e9950cdbad6841e618846463837,True,0.0174428021949089,0.0243157086568882,0.018376254625239,0.0237858116855524,0.023799076813356,0.0181548735356467,,0.0181661499421664,0.0170822025801737,0.0169057232823588,0.0068729064619793,166.48234333522802,359.98234333522805,0.006343009490643502,153.64665438729227,347.1466543872923,0.006356274618447101,153.96797544318053,347.46797544318053,0.0007233477472575016,17.521645125809922,211.02164512580993,0.0009334524303301027,22.611008727240147,216.11100872724015,0.0007120713407378007,17.248496845357433,210.74849684535744,,,,-0.0003605996147351999,-8.73480080065104,184.76519919934896,-0.0005370789125500978,-13.009657036933728,180.49034296306627,153.64665438729227,0.321321055888273,153.96797544318053,17.248496845357433,,
final,2026-08-25,2026-09-29,0.0958904109589041,24400.0,PE,243.4,0.0033329860443373,24481.46053748844,0.989442185996744,0.0134203987743151,0.0943538430201476,0.1225185526718627,test,398f2636d757c8fbdc9182ef2eb2be290afd6e9950cdbad6841e618846463837,True,0.0133757432319796,0.0207623497469665,0.0146203968476077,0.0202099120480904,0.0202175411599178,0.0143942267912126,,0.0146625512748288,0.0135295731921217,0.0133442408597758,0.007386606514986899,178.92569449521264,422.32569449521264,0.0068341688161108,165.54400173329375,408.94400173329376,0.0068417979279382,165.7288016315054,409.12880163150544,0.0012868080428492003,31.170338135877657,274.57033813587765,0.0012446536156281007,30.149231873985958,273.54923187398595,0.0010184835592330008,24.67071689793996,268.07071689794,,,,0.00015382996014210067,3.7262215601645674,247.12622156016457,-3.150237220379999e-05,-0.7630816415325993,242.6369183584674,165.54400173329375,0.18479989821166512,165.7288016315054,24.67071689793996,,
final,2026-08-25,2026-09-29,0.0958904109589041,24550.0,CE,243.55,-0.0027957358970361,24481.46053748844,0.989442185996744,0.0100264274205895,0.0921512837715859,0.1231051429083747,test,398f2636d757c8fbdc9182ef2eb2be290afd6e9950cdbad6841e618846463837,True,0.010054497884166,0.0175141599650839,0.0113086549590635,0.0169490949020135,0.0169517032177704,0.0110907212217962,,0.0116186732583786,0.01048026998921,0.0102940137505902,0.0074596620809179,180.6953187258284,424.2453187258284,0.0068945970178475,167.0077534494436,410.5577534494436,0.006897205333604401,167.07093465549804,410.62093465549805,0.0015641753742125994,37.889004182835485,281.4390041828355,0.0012541570748975002,30.379434071224196,273.9294340712242,0.0010362233376302009,25.100427369652536,268.65042736965256,,,,0.0004257721050440009,10.313473370636368,253.86347337063637,0.00023951586642420065,5.801790396662099,249.35179039666212,167.0077534494436,0.06318120605442024,167.07093465549804,25.100427369652536,,
final,2026-08-25,2026-09-29,0.0958904109589041,24700.0,CE,174.1,-0.008887125290438,24481.46053748844,0.989442185996744,0.0071237946953422,0.0893226264246592,0.1178335254464838,test,398f2636d757c8fbdc9182ef2eb2be290afd6e9950cdbad6841e618846463837,True,0.0071873869087797,0.0145796301883702,0.008465829639262,0.0140132583836426,0.0140118100782127,0.0082703249682025,,0.0090310660362122,0.0079306827847936,0.0077514074585937,0.007392243279590499,179.06223378688316,353.1622337868831,0.006825871474862899,165.34301532062477,339.4430153206248,0.006824423169432999,165.3079330329247,339.4079330329247,0.0018436791274325003,44.65942075469724,218.75942075469723,0.0012784427304823,30.96770525948439,205.0677052594844,0.0010829380594227994,26.23199760057422,200.33199760057423,,,,0.0007432958760138992,18.00484844581575,192.10484844581575,0.000564020549814,13.662264042397094,187.76226404239708,165.34301532062477,-0.03508228770006649,165.3079330329247,26.23199760057422,,
final,2026-08-25,2026-09-29,0.0958904109589041,24850.0,CE,120.05,-0.0149416341991443,24481.46053748844,0.989442185996744,0.00488253480988,0.0872885720173383,0.1068192509816343,test,398f2636d757c8fbdc9182ef2eb2be290afd6e9950cdbad6841e618846463837,True,0.0049560356025215,0.0119625083261605,0.0061014118622599,0.011407009333815,0.0114014256929671,0.0059414592430397,,0.0068807052226123,0.0058567629064004,0.0056913685797762,0.007006472723639,169.71771753312294,289.76771753312295,0.006450973731293499,156.26187109062622,276.3118710906262,0.0064453900904456,156.1266186151498,276.1766186151498,0.0019246696200908003,46.62125263473497,166.67125263473497,0.0011453762597384,27.744437491860328,147.79443749186032,0.0009854236405182001,23.8699068231107,143.9199068231107,,,,0.0009007273038789,21.818308322007383,141.86830832200738,0.0007353329772546999,17.811963230149527,137.8619632301495,156.26187109062622,-0.13525247547641214,156.1266186151498,23.8699068231107,,
final,2026-08-25,2026-09-29,0.0958904109589041,25000.0,CE,82.35,-0.0209597065247073,24481.46053748844,0.989442185996744,0.0033291485309792,0.0869832320493801,0.0922197487503846,test,398f2636d757c8fbdc9182ef2eb2be290afd6e9950cdbad6841e618846463837,True,0.0033996629060195,0.0096613429356497,0.0042066679602174,0.0091290541036706,0.0091218671666802,0.0040916900454458,,0.0051351793252242,0.0042172704086141,0.0040709030890961,0.0062616800296302,151.6766116802384,234.0266116802384,0.005729391197651099,138.78298471626374,221.13298471626373,0.0057222042606606995,138.60889561463208,220.95889561463207,0.0017355164192047003,42.03939657324448,124.38939657324448,0.0008070050541979005,19.548075221083053,101.89807522108305,0.0006920271394263004,16.76296636082635,99.11296636082635,,,,0.0008176075025946006,19.804898220775843,102.15489822077583,0.0006712401830766004,16.25944412855832,98.60944412855832,138.78298471626374,-0.17408910163165028,138.60889561463208,16.76296636082635,,
final,2026-08-25,2026-09-29,0.0958904109589041,25150.0,CE,53.3,-0.0269417782022548,24481.46053748844,0.989442185996744,0.0021418980555186,0.0860160063915921,0.0750664320699074,test,398f2636d757c8fbdc9182ef2eb2be290afd6e9950cdbad6841e618846463837,True,0.0022003889847096,0.0076692445644189,0.0027533999819004,0.0071718555556894,0.0071640952754398,0.0026867788417893,,0.0037520174730437,0.0029587430690134,0.0028344013203089,0.0054688555797092996,132.472033092349,185.77203309234898,0.004971466570979801,120.42378419203935,173.72378419203935,0.0049637062907302,120.23580700247062,173.53580700247062,0.0015516284883341,37.58508109379482,90.88508109379481,0.0005530109971908,13.395579761165804,66.6955797611658,0.0004863898570797,11.78181656175128,65.08181656175128,,,,0.0007583540843037998,18.369603272089154,71.66960327208915,0.0006340123355992999,15.357674357700338,68.65767435770033,120.42378419203935,-0.18797718956871795,120.23580700247062,11.78181656175128,,
final,2026-08-25,2026-09-29,0.0958904109589041,25300.0,CE,34.2,-0.0328882773899811,24481.46053748844,0.989442185996744,0.001366202770872,0.0859811238772175,0.0585564915800918,test,398f2636d757c8fbdc9182ef2eb2be290afd6e9950cdbad6841e618846463837,True,0.0014118818626091,0.005973906794573,0.0016950112291915,0.005521622494054,0.0055120591089714,0.0016729079795339,,0.0026826095679611,0.0020212275640221,0.0019197527768356,0.0045620249319639,110.50588353393069,144.7058835339307,0.0041097406314449005,99.55020552191641,133.75020552191643,0.0041001772463623,99.31855174231443,133.51855174231443,0.0012707277053519998,30.780824284210265,64.98082428421027,0.00028312936658239987,6.858239767471273,41.05823976747128,0.00026102611692479984,6.322832975791892,40.52283297579189,,,,0.0006093457014129998,14.760174728650323,48.96017472865033,0.0005078709142265,12.302151990568872,46.502151990568876,99.55020552191641,-0.23165377960198777,99.31855174231443,6.322832975791892,,
final,2026-08-25,2026-09-29,0.0958904109589041,25500.0,CE,20.7,-0.040762333820887,24481.46053748844,0.989442185996744,0.0008204266175133,0.0887651470854779,0.0419822111861059,test,398f2636d757c8fbdc9182ef2eb2be290afd6e9950cdbad6841e618846463837,True,0.000854560074737,0.0041443158451245,0.0007907217981896,0.0037640428879533,0.0037540473979711,0.0008110859695028,,0.0016571051176328,0.0011657190636081,0.0010929239035497,0.0032897557703875,79.68772057127246,100.38772057127247,0.0029094828132163,70.47637259686017,91.17637259686018,0.0028994873232341,70.23425194466942,90.93425194466943,0.0008025450428958001,19.44004041266789,40.14004041266789,-6.383827654739998e-05,-1.5463539236110568,19.15364607638894,-4.3474105234199987e-05,-1.0530728089827035,19.646927191017294,,,,0.0003111589888711001,7.537201023126174,28.237201023126175,0.00023836382881270012,5.773884601314246,26.473884601314246,70.47637259686017,-0.24212065219074663,70.23425194466942,-1.0530728089827035,,
final,2026-08-25,2026-09-29,0.0958904109589041,25700.0,CE,12.6,-0.0485748735576806,24481.46053748844,0.989442185996744,0.0004955038106111,0.0917600803477424,0.0293568357243657,test,398f2636d757c8fbdc9182ef2eb2be290afd6e9950cdbad6841e618846463837,True,0.0005201670020138,0.002757442776694,0.0003126796492598,0.0024562786855427,0.0024505480632427,0.0003499905282201,,0.0009835763056552,0.0006400808077526,0.0005913129620401,0.0022372757746802,54.193508338338724,66.79350833833873,0.0019361116835289,46.89841362103721,59.49841362103721,0.0019303810612289,46.75960081534127,59.359600815341274,0.0004634093036414,11.22515884951365,23.82515884951365,-0.00020748735275400002,-5.025964035739417,7.574035964260583,-0.00017017647379370004,-4.122182994113114,8.477817005886886,,,,0.00011991380573879993,2.9046708969601647,15.504670896960164,7.114596002629999e-05,1.7233678662057363,14.323367866205736,46.89841362103721,-0.13881280569594054,46.75960081534127,-4.122182994113114,,
final,2026-08-25,2026-09-29,0.0958904109589041,26200.0,CE,5.25,-0.0678432924235577,24481.46053748844,0.989442185996744,0.000202519846258,0.1043690109654665,0.0141126893209475,test,398f2636d757c8fbdc9182ef2eb2be290afd6e9950cdbad6841e618846463837,True,0.000216736250839,0.0007967013697014,1.0314230714872537e-05,0.000675303141264,0.0006782644423171,2.429195857138553e-05,,0.0002235947733296,0.0001149616931845,0.0001015410116563,0.0005799651188624,14.048489176309875,19.298489176309875,0.000458566890425,11.107861123417202,16.3578611234172,0.0004615281914781,11.179592688711804,16.429592688711804,6.858522490600015e-06,0.16613392054278386,5.416133920542784,-0.00020642202012412746,-5.000158494279801,0.24984150572019903,-0.00019244429226761446,-4.6615761345565145,0.5884238654434855,,,,-0.00010177455765449999,-2.4652840750793352,2.7847159249206648,-0.0001151952391827,-2.79037310725672,2.45962689274328,11.107861123417202,0.07173156529460255,11.179592688711804,-4.6615761345565145,,
final,2026-08-25,2026-09-29,0.0958904109589041,26500.0,CE,3.15,-0.0792286146486831,24481.46053748844,0.989442185996744,0.0001201363012519,0.1111127578029612,0.0090691449857015,test,398f2636d757c8fbdc9182ef2eb2be290afd6e9950cdbad6841e618846463837,True,0.0001300417505034,0.0003119662825226,3.924601356808519e-07,0.000259810614391,0.0002629138018599,3.2744677274384277e-06,,8.134773104018136e-05,3.530278140969744e-05,3.018741276503492e-05,0.0001819245320192,4.406756089038762,7.556756089038762,0.00012976886388760001,3.143389870278576,6.293389870278576,0.00013287205135650002,3.2185583487802036,6.368558348780203,-4.869401946321864e-05,-1.1795147382688556,1.9704852617311444,-0.00012964929036771915,-3.1404934421224917,0.009506557877508204,-0.00012676728277596157,-3.07068260153562,0.0793173984643798,,,,-9.473896909370256e-05,-2.2948610849188142,0.8551389150811857,-9.985433773836508e-05,-2.418770607578273,0.731229392421727,3.143389870278576,0.07516847850162763,3.2185583487802036,-3.07068260153562,,
final,2026-08-25,2026-09-29,0.0958904109589041,28500.0,CE,1.25,-0.1519879689311114,24481.46053748844,0.989442185996744,4.4327652230255066e-05,0.1778115694742885,0.0029518607115643,test,398f2636d757c8fbdc9182ef2eb2be290afd6e9950cdbad6841e618846463837,True,5.160386924741359e-05,1.1670064918886506e-10,9.0904129629735e-12,5.032585878247904e-09,5.584058949296506e-09,-5.272086036154495e-15,,9.86764397497298e-09,8.272875536305218e-10,5.160257647648597e-10,-5.16037525467644e-05,-1.2499971731613613,2.8268386387253486e-06,-5.1598836661535344e-05,-1.2498780957234494,0.00012190427655056624,-5.15982851884643e-05,-1.2498647373968577,0.00013526260314233873,-5.159400160343862e-05,-1.249760976160342,0.00023902383965790364,-5.1603860157000626e-05,-1.2499997798030191,2.2019698087127892e-07,-5.160386925268568e-05,-1.2500000001277056,-1.2770562385355788e-10,,,,-5.160304195985996e-05,-1.2499799606220012,2.0039377998770647e-05,-5.160335322164883e-05,-1.2499875003131478,1.2499686852240899e-05,-1.2498780957234494,1.3358326591863123e-05,-1.2498647373968577,-1.2500000001277056,,
final,2026-08-25,2026-10-27,0.1726027397260274,22500.0,PE,30.15,0.0893221118296539,24602.23816311247,0.9739773719419736,0.0948086092327357,0.1347755298944303,0.0443893024434716,test,398f2636d757c8fbdc9182ef2eb2be290afd6e9950cdbad6841e618846463837,True,0.0867073025467646,0.0894677745511995,0.0872924511480575,0.0890592925229066,0.0890568939376166,0.0871234641974896,,0.0857882223517341,0.0856104887468485,0.0856358377695003,0.002760472004434897,66.14649440644926,96.29649440644926,0.0023519899761419993,56.35843853911854,86.50843853911854,0.0023495913908519878,56.3009635825842,86.4509635825842,-0.0009190801950305083,-22.023021020316087,8.126978979683912,0.000585148601292898,14.02134440058768,44.17134440058768,0.0004161616507249999,9.972075158753565,40.12207515875356,,,,-0.0010968137999161076,-26.281877796445592,3.8681222035544067,-0.0010714647772643027,-25.674463925791315,4.475536074208684,56.35843853911854,-0.05747495653433431,56.3009635825842,9.972075158753565,,
final,2026-08-25,2026-10-27,0.1726027397260274,23500.0,PE,93.0,0.045836999889915,24602.23816311247,0.9739773719419736,0.0509669330904074,0.1118400487788025,0.0995500600660232,test,398f2636d757c8fbdc9182ef2eb2be290afd6e9950cdbad6841e618846463837,True,0.0486834945537755,0.0555818033512631,0.0514273863683979,0.0548288301345558,0.0548318169298362,0.0510331708365829,,0.0481537245559134,0.0471937991693988,0.0473546105510589,0.0068983087974876026,165.29743592903546,258.2974359290355,0.006145335580780301,147.25467418860921,240.25467418860921,0.006148322376060701,147.3262438466209,240.3262438466209,-0.0005297699978620979,-12.69436101651881,80.30563898348119,0.0027438918146224026,65.74919951234128,158.74919951234128,0.0023496762828074044,56.302997765595336,149.30299776559534,,,,-0.0014896953843766964,-35.69611546564422,57.30388453435578,-0.0013288840027166002,-31.842749396224338,61.157250603775665,147.25467418860921,0.07156965801167996,147.3262438466209,56.302997765595336,,
final,2026-08-25,2026-10-27,0.1726027397260274,23800.0,PE,135.65,0.0331518403625993,24602.23816311247,0.9739773719419736,0.0395593464694708,0.1060638686706433,0.1228060419393742,test,398f2636d757c8fbdc9182ef2eb2be290afd6e9950cdbad6841e618846463837,True,0.0382693818233606,0.0466458240671595,0.0419157206508169,0.0457978186982631,0.0458064380238612,0.0414563366584422,,0.0383088046190278,0.0370243720884417,0.0372453081589471,0.008376442243798903,200.71650396571036,336.36650396571036,0.007528436874902497,180.39657958313077,316.0465795831308,0.0075370562005006025,180.60311606368427,316.2531160636843,3.9422795667203026e-05,0.9446499471459272,136.59464994714594,0.003646338827456297,87.37365583380797,223.023655833808,0.0031869548350816,76.36588591866052,212.01588591866053,,,,-0.0012450097349189018,-29.83295223950178,105.81704776049823,-0.0010240736644134968,-24.538876976869165,111.11112302313084,180.39657958313077,0.20653648055349824,180.60311606368427,76.36588591866052,,
final,2026-08-25,2026-10-27,0.1726027397260274,24050.0,PE,187.85,0.0227024244882582,24602.23816311247,0.9739773719419736,0.0309815850414946,0.1020399266181002,0.1419488874871829,test,398f2636d757c8fbdc9182ef2eb2be290afd6e9950cdbad6841e618846463837,True,0.0302861518252077,0.0397453818925002,0.0346082016813809,0.0388326861967838,0.0388458769448842,0.0341084860794217,,0.030906494594913,0.0293820657634871,0.0296483146454339,0.0094592300672925,226.66229098873532,414.51229098873534,0.008546534371576101,204.79225548955122,392.6422554895512,0.008559725119676499,205.10833250248163,392.95833250248165,0.0006203427697052989,14.864667883053887,202.7146678830539,0.0043220498561732,103.56505922771723,291.4150592277172,0.0038223342542139972,91.59086234518935,279.4408623451893,,,,-0.0009040860617206027,-21.663731249030665,166.18626875096933,-0.0006378371797738022,-15.283869344210265,172.56613065578972,204.79225548955122,0.31607701293041346,205.10833250248163,91.59086234518935,,
final,2026-08-25,2026-10-27,0.1726027397260274,24200.0,PE,229.75,0.0164847878773876,24602.23816311247,0.9739773719419736,0.0263688677757558,0.1003178535269182,0.1519806561421332,test,398f2636d757c8fbdc9182ef2eb2be290afd6e9950cdbad6841e618846463837,True,0.0259377458238766,0.0358634353383137,0.0305290888540433,0.0349207935660642,0.0349360383046861,0.0300144660357974,,0.0268638883578791,0.0252248795404924,0.0255129606822553,0.009925689514437102,237.83960311572505,467.589603115725,0.0089830477421876,215.25199903380957,445.00199903380957,0.008998292480809498,215.61729381541252,445.3672938154125,0.0009261425340024998,22.192248951103565,251.94224895110358,0.0045913430301667,110.01786852940133,339.7678685294013,0.004076720211920799,97.68646458332069,327.4364645833207,,,,-0.000712866283384201,-17.081718470849793,212.6682815291502,-0.00042478514162130193,-10.178711448279378,219.5712885517206,215.25199903380957,0.36529478160295387,215.61729381541252,97.68646458332069,,
final,2026-08-25,2026-10-27,0.1726027397260274,24350.0,PE,279.7,0.0103055715114296,24602.23816311247,0.9739773719419736,0.0221524090011243,0.0987876023469751,0.1597398606709799,test,398f2636d757c8fbdc9182ef2eb2be290afd6e9950cdbad6841e618846463837,True,0.0219252880815594,0.0321855346631525,0.0266981015904151,0.0312210002142162,0.0312378148032844,0.0261772785172915,,0.023141549138385,0.0214181151456553,0.0217223396796989,0.0102602465815931,245.85626734405963,525.5562673440596,0.0092957121326568,222.7440704339325,502.4440704339325,0.009312526721725,223.1469820084602,502.8469820084602,0.0012162610568255995,29.14407574604836,308.84407574604836,0.004772813508855701,114.366268362565,394.066268362565,0.0042519904357321,101.88629376482497,381.586293764825,,,,-0.0005071729359041009,-12.152889692047681,267.5471103079523,-0.00020294840186049767,-4.863054327990316,274.8369456720097,222.7440704339325,0.40291157452769716,223.1469820084602,101.88629376482497,,
final,2026-08-25,2026-10-27,0.1726027397260274,24500.0,PE,340.25,0.0041643034893471,24602.23816311247,0.9739773719419736,0.0184317929755119,0.0979075124155268,0.1644992373352399,test,398f2636d757c8fbdc9182ef2eb2be290afd6e9950cdbad6841e618846463837,True,0.0183551969908623,0.0287188138079587,0.0231288536572066,0.0277414417644435,0.0277580559253189,0.0226116792656503,,0.0197502301413697,0.0179771889555899,0.0182908919306556,0.0103636168170964,248.33322733261497,588.583227332615,0.009386244773581201,224.91341568245747,565.1634156824575,0.009402858934456602,225.31152459196534,565.5615245919653,0.001395033150507402,33.42781681487812,373.6778168148781,0.0047736566663443,114.38647212192708,454.6364721219271,0.004256482274788,101.99392731680754,442.24392731680757,,,,-0.0003780080352723987,-9.057837337443749,331.19216266255626,-6.430506020669788e-05,-1.540879349051569,338.7091206509484,224.91341568245747,0.39810890950787237,225.31152459196534,101.99392731680754,,
final,2026-08-25,2026-10-27,0.1726027397260274,24650.0,CE,367.0,-0.0019394794486706,24602.23816311247,0.9739773719419736,0.0152862259050113,0.0980647854007321,0.1656810563237796,test,398f2636d757c8fbdc9182ef2eb2be290afd6e9950cdbad6841e618846463837,True,0.0153159019947825,0.0254690736858245,0.0198326311549771,0.024488732870016,0.0245034909775266,0.0193297101931901,,0.0166944368263712,0.0149090846810692,0.0152250769567869,0.010153171691042,243.29053632504161,610.2905363250416,0.0091728308752335,219.7995868841087,586.7995868841087,0.009187588982744101,220.15322099969887,587.1532209996989,0.0013785348315887014,33.032483713032356,400.0324837130324,0.004516729160194601,108.22996924086523,475.2299692408652,0.0040138081984076,96.17896545155492,463.1789654515549,,,,-0.0004068173137132987,-9.74816593783647,357.25183406216354,-9.082503799559896e-05,-2.1763516739490685,364.82364832605094,219.7995868841087,0.3536341155901713,220.15322099969887,96.17896545155492,,
final,2026-08-25,2026-10-27,0.1726027397260274,24850.0,CE,257.4,-0.0100203315026093,24602.23816311247,0.9739773719419736,0.0106348968587509,0.0915627347564914,0.1608659076665378,test,398f2636d757c8fbdc9182ef2eb2be290afd6e9950cdbad6841e618846463837,True,0.0107419977478392,0.0214807887536253,0.0158764663765056,0.0205127882379784,0.0205232301721028,0.0154093869768817,,0.0131378193230093,0.0113939039651178,0.0117017901995144,0.010738791005786102,257.3231599723005,514.7231599723004,0.009770790490139201,234.12790909099866,491.5279090909986,0.0097812324242636,234.3781189594713,491.77811895947127,0.0023958215751701,57.40873233499115,314.80873233499113,0.0051344686286664,123.03225675918316,380.43225675918313,0.0046673892290424995,111.84008931645819,369.2400893164582,,,,0.0006519062172786003,15.620991948286722,273.0209919482867,0.0009597924516752,22.99856906141035,280.39856906141034,234.12790909099866,0.25020986847265025,234.3781189594713,111.84008931645819,,
final,2026-08-25,2026-10-27,0.1726027397260274,25000.0,CE,207.35,-0.0160384038281723,24602.23816311247,0.9739773719419736,0.0085155982458431,0.0922157051636972,0.1530316545271826,test,398f2636d757c8fbdc9182ef2eb2be290afd6e9950cdbad6841e618846463837,True,0.0086532759635371,0.0187511160572429,0.0132442352451337,0.0178048892021142,0.0178107469621683,0.0128160520755423,,0.0108469985451082,0.0091742187254808,0.0094683465489324,0.0100978400937058,241.96467930210537,449.31467930210533,0.009151613238577102,219.2911693808137,426.6411693808137,0.0091574709986312,219.43153316354005,426.7815331635401,0.0021937225815711007,52.56603154752858,259.9160315475286,0.0045909592815966006,110.00867313723477,317.35867313723475,0.0041627761120052,99.74853806366379,307.0985380636638,,,,0.0005209427619437008,12.48284258403241,219.8328425840324,0.000815070585395301,19.530740333933757,226.88074033393374,219.2911693808137,0.1403637827263543,219.43153316354005,99.74853806366379,,
final,2026-08-25,2026-10-27,0.1726027397260274,25400.0,CE,99.6,-0.0319117529844625,24602.23816311247,0.9739773719419736,0.0040260276629437,0.0900416203004338,0.1170210817217375,test,398f2636d757c8fbdc9182ef2eb2be290afd6e9950cdbad6841e618846463837,True,0.0041565772171125,0.0125643972621479,0.0076170917767592,0.0117263522511328,0.0117241632488337,0.0073309708015105,,0.0061798185341877,0.0048221055879319,0.0050561411168385,0.0084078200450354,201.46837956910073,301.0683795691007,0.0075697750340202995,181.38712551385046,280.98712551385046,0.0075675860317212,181.33467258982137,280.9346725898214,0.0020232413170752006,48.480955520579,148.08095552057898,0.0034605145596467,82.92093040442391,182.5209304044239,0.0031743935843980007,76.06489293747983,175.6648929374798,,,,0.0006655283708194007,15.947406308418877,115.54740630841887,0.0008995638997260002,21.555371098085296,121.15537109808528,181.38712551385046,-0.052452924029110545,181.33467258982137,76.06489293747983,,
final,2026-08-25,2026-10-27,0.1726027397260274,25650.0,CE,62.65,-0.0417061505767501,24602.23816311247,0.9739773719419736,0.0025077534623167,0.0908086032599907,0.09184222321701,test,398f2636d757c8fbdc9182ef2eb2be290afd6e9950cdbad6841e618846463837,True,0.0026145538418885,0.0094811704504428,0.0050752822840426,0.0087420763264499,0.0087396821320037,0.0048906191366159,,0.0041806945197385,0.0030692612635434,0.003257244596308,0.0068666166085543,164.53802696033844,227.18802696033845,0.0061275224845613995,146.8278363625012,209.4778363625012,0.0061251282901152,146.77046661946844,209.42046661946844,0.0015661406778500002,37.52789936673342,100.17789936673341,0.0024607284421541,58.96403219204447,121.61403219204448,0.0022760652947274,54.53912955629466,117.18912955629466,,,,0.00045470742165490017,10.89570981873588,73.54570981873587,0.0006426907544195,15.40017081281315,78.05017081281315,146.8278363625012,-0.0573697430327409,146.77046661946844,54.53912955629466,,
final,2026-08-25,2026-10-27,0.1726027397260274,27000.0,CE,7.4,-0.0929994449643006,24602.23816311247,0.9739773719419736,0.000281396757224,0.1070502968136149,0.0194997249336926,test,398f2636d757c8fbdc9182ef2eb2be290afd6e9950cdbad6841e618846463837,True,0.0003088220020745,0.0011852859183722,0.0001631811259452,0.0010378084874068,0.0010455556435519,0.0002166870506434,,0.0002960172773283,0.0001348894398693,0.000157437718315,0.0008764639162977,21.001848757639777,28.401848757639776,0.0007289864853322999,17.467991125047217,24.86799112504722,0.0007367336414774,17.65362866087242,25.05362866087242,-1.2804724746200006e-05,-0.30682711233437415,7.093172887665626,-0.00014564087612930002,-3.4898500628733014,3.910149937126699,-9.213495143110001e-05,-2.2077398501722287,5.192260149827772,,,,-0.00017393256220520002,-4.167776102971519,3.232223897028481,-0.00015138428375950001,-3.6274737301572424,3.772526269842758,17.467991125047217,0.18563753582520315,17.65362866087242,-2.2077398501722287,,
final,2026-08-26,2026-09-15,0.0547945205479452,23800.0,PE,38.95,0.0247958948842846,24397.519701678055,0.9967501998558502,0.0267477602560353,0.0977543764363243,0.0512727829351457,test,254e419b0101eb26f8916314286f57b285d866b5228f9c5f3be2bd0eb90c894d,True,0.0260926808084452,0.0299107545207522,0.0258884175154924,0.0297313256522521,0.0297333645318471,0.0258606090457355,,0.0264254033516231,0.025901722579624,0.025631495817599,0.003818073712307,92.84880476733701,131.798804767337,0.0036386448438068993,88.48541180106459,127.43541180106459,0.0036406837234018996,88.53499374937797,127.48499374937798,0.00033272254317789907,8.091224209118309,47.04122420911831,-0.00020426329295280057,-4.967322277559784,33.982677722440215,-0.0002320717627097013,-5.643575114432532,33.30642488556747,,,,-0.0001909582288211996,-4.6437666327355585,34.30623336726445,-0.0004611849908462001,-11.215203896844484,27.734796103155517,88.48541180106459,0.049581948313383646,88.53499374937797,-5.643575114432532,,
final,2026-08-26,2026-09-15,0.0547945205479452,24000.0,PE,69.0,0.016427645213768,24397.519701678055,0.9967501998558502,0.0194476945411164,0.0933995929287972,0.0698375552393039,test,254e419b0101eb26f8916314286f57b285d866b5228f9c5f3be2bd0eb90c894d,True,0.0191308245548702,0.0238962978122034,0.0189112555859526,0.0236731410787228,0.0236779636660158,0.0188622464533946,,0.0198940884310905,0.0191686661461106,0.0187719475747886,0.004765473257333199,115.88788730502075,184.88788730502074,0.004542316523852601,110.46110994536178,179.46110994536178,0.004547139111145602,110.57838674507309,179.5783867450731,0.0007632638762203013,18.561228506591323,87.56122850659132,-0.00021956896891759878,-5.339529266363306,63.66047073363669,-0.0002685781014756007,-6.53134475332648,62.46865524667352,,,,3.784159124040065e-05,0.920240619200182,69.92024061920019,-0.00035887698008160024,-8.727253890275005,60.27274610972499,110.46110994536178,0.1172767997113095,110.57838674507309,-6.53134475332648,,
final,2026-08-26,2026-09-15,0.0547945205479452,24150.0,PE,105.15,0.0101970954631319,24397.519701678055,0.9967501998558502,0.0146174961612504,0.090893190147776,0.0828250993429618,test,254e419b0101eb26f8916314286f57b285d866b5228f9c5f3be2bd0eb90c894d,True,0.0144691975500246,0.019794134201548,0.014192837213493,0.019540833320128,0.0195441049703515,0.0141285329521217,,0.0155720730828233,0.0147225387933285,0.0142448122648761,0.005324936651523398,129.49304827773818,234.6430482777382,0.005071635770103401,123.33321851579547,228.48321851579547,0.0050749074203269,123.41277926704277,228.56277926704277,0.0011028755327987007,26.819983778056933,131.96998377805693,-0.000276360336531601,-6.720594955866833,98.42940504413318,-0.0003406645979029,-8.28436094354965,96.86563905645036,,,,0.0002533412433039003,6.160811291625188,111.3108112916252,-0.00022438528514850085,-5.456653564927615,99.69334643507239,123.33321851579547,0.07956075124729405,123.41277926704277,-8.28436094354965,,
final,2026-08-26,2026-09-15,0.0547945205479452,24300.0,PE,155.55,0.0040051252152109,24397.519701678055,0.9967501998558502,0.0104352615737223,0.0884278160031815,0.0914652286790694,test,254e419b0101eb26f8916314286f57b285d866b5228f9c5f3be2bd0eb90c894d,True,0.0103935506290014,0.0160807127320925,0.0100584942035709,0.0158026245237308,0.0158012070870851,0.0099857707046461,,0.0118234175104002,0.0108983279908908,0.0103703771409164,0.0056871621030911024,138.3017310765961,293.85173107659614,0.0054090738947294,131.53911733159512,287.08911733159516,0.0054076564580837014,131.50464777749448,287.0546477774945,0.0014298668813988013,34.77183546413506,190.32183546413506,-0.0003350564254305001,-8.147980100688242,147.40201989931177,-0.0004077799243552994,-9.916487065837007,145.633512934163,,,,0.0005047773618894,12.2752933171427,167.82529331714272,-2.3173488084999097e-05,-0.5635382742996361,154.98646172570037,131.53911733159512,-0.03446955410063057,131.50464777749448,-9.916487065837007,,
final,2026-08-26,2026-09-15,0.0547945205479452,24450.0,CE,168.1,-0.0021487403591673,24397.519701678055,0.9967501998558502,0.0068976716781357,0.0849525035490775,0.0929369546205777,test,254e419b0101eb26f8916314286f57b285d866b5228f9c5f3be2bd0eb90c894d,True,0.0069125089186348,0.0127825574566996,0.0066261352549896,0.0124878536700584,0.0124832016195472,0.0065583510092024,,0.0086861865867033,0.0077482941309127,0.0072120095643295,0.0058700485380648,142.749205948737,310.849205948737,0.0055753447514236,135.58253070570973,303.6825307057097,0.0055706927009124,135.46940105913168,303.5694010591317,0.001773677668068501,43.132706158040804,211.2327061580408,-0.0002863736636451999,-6.964101374102079,161.1358986258979,-0.00035415790943239996,-8.612494432389601,159.48750556761038,,,,0.0008357852122779005,20.324819228104623,188.4248192281046,0.00029950064569470025,7.28332637742501,175.383326377425,135.58253070570973,-0.11312964657804597,135.46940105913168,-8.612494432389601,,
final,2026-08-26,2026-09-15,0.0547945205479452,24600.0,CE,107.45,-0.0082649673766035,24397.519701678055,0.9967501998558502,0.0043821272165217,0.0840649026828776,0.0858511346327049,test,254e419b0101eb26f8916314286f57b285d866b5228f9c5f3be2bd0eb90c894d,True,0.0044184954390679,0.0099158929905882,0.0039735753161896,0.0096151494620808,0.0096096886326971,0.003927199249106,,0.0061606832643837,0.0052742362620264,0.0047727576644532,0.005497397551520301,133.68699256493116,241.13699256493118,0.005196654023012901,126.37344147412435,233.82344147412437,0.0051911931936292,126.24064375477161,233.6906437547716,0.0017421878253158002,42.3669288362266,149.8169288362266,-0.0004449201228783001,-10.819671053764413,96.6303289462356,-0.0004912961899619,-11.947455041968322,95.50254495803168,,,,0.0008557408229585006,20.81010441108148,128.26010441108147,0.0003542622253853,8.615031212000144,116.06503121200015,126.37344147412435,-0.13279771935273618,126.24064375477161,-11.947455041968322,,
final,2026-08-26,2026-09-15,0.0547945205479452,25000.0,CE,28.6,-0.0243943493064871,24397.519701678055,0.9967501998558502,0.0011477298927709,0.0873122346078071,0.0463667273870014,test,254e419b0101eb26f8916314286f57b285d866b5228f9c5f3be2bd0eb90c894d,True,0.0011760723085838,0.0043662871253996,0.0004993524620205,0.004108603160179,0.0041057001504081,0.0005298985771904,,0.0020460649713931,0.0014993722857959,0.0012163298603959,0.0031902148168158,77.58038608254583,106.18038608254582,0.0029325308515951998,71.31396746906543,99.91396746906543,0.0029296278418243,71.24337140210446,99.84337140210445,0.0008699926628092998,21.156683968101778,49.75668396810178,-0.0006767198465633,-16.45663065990747,12.14336934009253,-0.0006461737313934,-15.713803124999316,12.886196875000685,,,,0.00032329997721210007,7.8620840579091285,36.46208405790913,4.025755181210006e-05,0.9789925104285369,29.578992510428538,71.31396746906543,-0.0705960669609671,71.24337140210446,-15.713803124999316,,
final,2026-08-26,2026-09-29,0.0931506849315068,21000.0,PE,6.7,0.152230371028641,24452.997578459486,0.9880999629323138,0.1647513461393998,0.222987740770307,0.0092416039874514,test,254e419b0101eb26f8916314286f57b285d866b5228f9c5f3be2bd0eb90c894d,True,0.1414868773378972,0.1412897953909881,0.1412125975164907,0.1412840538489609,0.1412828514353391,0.1412127356060363,,0.1412095880478895,0.1412095827391056,0.1412095826472036,-0.00019708194690909453,-4.7618951838786705,1.9381048161213297,-0.00020282348893629898,-4.900622356794173,1.799377643205827,-0.0002040259025580804,-4.9296750819391715,1.7703249180608287,-0.0002772892900076984,-6.699865489140157,0.00013451085984339528,-0.00027427982140648677,-6.627150690738282,0.07284930926171818,-0.000274141731860883,-6.623814170308747,0.0761858296912532,,,,-0.00027729459879158314,-6.699993760008237,6.239991763301589e-06,-0.0002772946906935969,-6.699995980545245,4.019454754811136e-06,-4.900622356794173,-0.02905272514499815,-4.9296750819391715,-6.623814170308747,,
final,2026-08-26,2026-09-29,0.0931506849315068,22000.0,PE,10.45,0.1057103553937481,24452.997578459486,0.9880999629323138,0.111980610522851,0.1736206756058436,0.0157842314001129,test,254e419b0101eb26f8916314286f57b285d866b5228f9c5f3be2bd0eb90c894d,True,0.1007472978966338,0.1008827288542725,0.1003732159370294,0.1008385437582234,0.1008426188061782,0.1003714796948092,,0.1003185764248032,0.1003155447082215,0.1003153913808801,0.00013543095763871027,3.272283611168704,13.722283611168702,9.12458615896089e-05,2.204683055281751,12.654683055281751,9.532090954440797e-05,2.3031443884193976,12.753144388419397,-0.0004287214718305954,-10.358770775068283,0.09122922493171615,-0.0003740819596043943,-9.03857055277476,1.41142944722524,-0.0003758182018245987,-9.080521647718285,1.369478352281714,,,,-0.0004317531884122927,-10.43202312930816,0.017976870691839508,-0.0004319065157536994,-10.435727825451325,0.014272174548674244,2.204683055281751,0.09846133313764653,2.3031443884193976,-9.080521647718285,,
final,2026-08-26,2026-09-29,0.0931506849315068,22600.0,PE,14.2,0.0788029024738239,24452.997578459486,0.9880999629323138,0.0826269289415065,0.1428762813946842,0.0228637428680814,test,254e419b0101eb26f8916314286f57b285d866b5228f9c5f3be2bd0eb90c894d,True,0.0763656311700207,0.0773661252883627,0.0760622014536427,0.0772515225403276,0.077258942598894,0.076048532955073,,0.0758466961416451,0.0758028382552878,0.0757995195606033,0.0010004941183420074,24.173944891204496,38.373944891204495,0.0008858913703069099,21.40491260546545,35.60491260546545,0.0008933114288733057,21.58419610507344,35.784196105073434,-0.0005189350283755917,-12.538511269667387,1.6614887303326125,-0.00030342971637799254,-7.3314706279642365,6.868529372035763,-0.0003170982149477003,-7.661728972428259,6.53827102757174,,,,-0.0005627929147328931,-13.598205783017528,0.601794216982471,-0.0005661116094173996,-13.678392103899595,0.521607896100404,21.40491260546545,0.17928349960798698,21.58419610507344,-7.661728972428259,,
final,2026-08-26,2026-09-29,0.0931506849315068,22950.0,PE,20.05,0.0634348722455099,24452.997578459486,0.9880999629323138,0.0663742504442507,0.1279502831194005,0.0315255289917494,test,254e419b0101eb26f8916314286f57b285d866b5228f9c5f3be2bd0eb90c894d,True,0.0622945732034673,0.0642131744370346,0.0621291732301185,0.0640310783928781,0.0640351437010366,0.0620954656248794,,0.061739442759503,0.0615957408791634,0.0615828658419906,0.0019186012335673033,46.35725451871016,66.40725451871016,0.0017365051894107988,41.95744880706787,62.007448807067874,0.001740570497569309,42.055674807189135,62.10567480718913,-0.0005551304439642968,-13.413065118325292,6.6369348816747085,-0.00016539997334879403,-3.996395148595609,16.05360485140439,-0.0001991075785878968,-4.810838508657422,15.239161491342578,,,,-0.0006988323243038996,-16.88519081342561,3.1648091865743915,-0.0007117073614766947,-17.196277538855977,2.8537224611440237,41.95744880706787,0.0982260001212662,42.055674807189135,-4.810838508657422,,
final,2026-08-26,2026-09-29,0.0931506849315068,23150.0,PE,24.95,0.0547580282198209,24452.997578459486,0.9880999629323138,0.0573757261394086,0.1193946607142071,0.0383004733990309,test,254e419b0101eb26f8916314286f57b285d866b5228f9c5f3be2bd0eb90c894d,True,0.0543184145774158,0.0569816036997199,0.054337309514084,0.0567518255995349,0.0567526687838981,0.0542848706626438,,0.0538377758169832,0.0535863488607805,0.0535620090753512,0.0026631891223041007,64.34799155453616,89.29799155453617,0.0024334110221191016,58.79609171900006,83.74609171900006,0.0024342542064823003,58.8164647446435,83.7664647446435,-0.00048063876043259735,-11.613196613818223,13.336803386181776,1.8894936668199802e-05,0.4565395731629091,25.40653957316291,-3.3543914771998196e-05,-0.8104882700133494,24.13951172998665,,,,-0.0007320657166352967,-17.688176238365756,7.261823761634243,-0.0007564055020645999,-18.276274279968217,6.673725720031783,58.79609171900006,0.020373025643437882,58.8164647446435,-0.8104882700133494,,
final,2026-08-26,2026-09-29,0.0931506849315068,23300.0,PE,31.15,0.0482994481804092,24452.997578459486,0.9880999629323138,0.0508378853613095,0.1142462749220369,0.04553043107235,test,254e419b0101eb26f8916314286f57b285d866b5228f9c5f3be2bd0eb90c894d,True,0.0484407985204215,0.051728641625686,0.0486161692163644,0.0514593882216937,0.0514584677704626,0.0485455794400447,,0.0480447653626292,0.0476828926777175,0.0476460795322185,0.003287843105264504,79.4408848392864,110.59088483928639,0.003018589701272202,72.93518247627247,104.08518247627248,0.0030176692500410995,72.91294252810307,104.06294252810306,-0.0003960331577922971,-9.56895553511693,21.58104446488307,0.0001753706959429016,4.237307807747344,35.38730780774734,0.00010478091962320274,2.531717208711431,33.68171720871143,,,,-0.000757905842704,-18.312525519500735,12.837474480499264,-0.0007947189882029984,-19.20200496195806,11.947995038041938,72.93518247627247,-0.022239948169399077,72.91294252810307,2.531717208711431,,
final,2026-08-26,2026-09-29,0.0931506849315068,23500.0,PE,43.7,0.0397523876019507,24452.997578459486,0.9880999629323138,0.0424350584256991,0.1083133029597751,0.0579176050316589,test,254e419b0101eb26f8916314286f57b285d866b5228f9c5f3be2bd0eb90c894d,True,0.0407812526789099,0.0449928330722543,0.0412104409477395,0.0446674438239258,0.0446672037449907,0.0411103114396622,,0.0405811291379045,0.040034231223222,0.0399754219246812,0.004211580393344405,101.76023073709091,145.4602307370909,0.0038861911450158992,93.89817376636229,137.5981737663623,0.003885951066080799,93.89237297769172,137.59237297769172,-0.0002001235410053967,-4.835386198685703,38.8646138013143,0.0004291882688296014,10.37004952695945,54.07004952695945,0.00032905876075230156,7.950719751932593,51.6507197519326,,,,-0.0007470214556878976,-18.04953689510199,25.650463104898012,-0.0008058307542287008,-19.47048751935123,24.229512480648772,93.89817376636229,-0.005800788670568289,93.89237297769172,7.950719751932593,,
final,2026-08-26,2026-09-29,0.0931506849315068,23700.0,PE,63.75,0.0312777606109786,24452.997578459486,0.9880999629323138,0.0344943182379747,0.1034822717297235,0.0733993719705615,test,254e419b0101eb26f8916314286f57b285d866b5228f9c5f3be2bd0eb90c894d,True,0.0334321115281238,0.0386120191923231,0.0341414401427022,0.0382289943143843,0.0382344159045038,0.0340072172777232,,0.033527417957993,0.0327654742694667,0.0326798631998077,0.005179907664199297,125.15696006628298,188.90696006628298,0.0047968827862604965,115.90231066704709,179.6523106670471,0.004802304376379997,116.03330716004866,179.78330716004865,9.530642986919913e-05,2.302794530420111,66.05279453042012,0.0007093286145783972,17.138802242024788,80.88880224202478,0.0005751057495993958,13.895708572949562,77.64570857294956,,,,-0.0006666372586571004,-16.107293444069573,47.64270655593043,-0.0007522483283161005,-18.17582862291036,45.57417137708964,115.90231066704709,0.1309964930015704,116.03330716004866,13.895708572949562,,
final,2026-08-26,2026-09-29,0.0931506849315068,23850.0,PE,87.75,0.0249685914177138,24452.997578459486,0.9880999629323138,0.0290064730701079,0.1014204979114759,0.0868443058129051,test,254e419b0101eb26f8916314286f57b285d866b5228f9c5f3be2bd0eb90c894d,True,0.0282911892704508,0.0340915556309019,0.0291234292700367,0.0336664733909992,0.0336781136189932,0.0289628268478108,,0.0285853775533388,0.0276581286631408,0.0275512332244451,0.005800366360451104,140.14848680840478,227.89848680840478,0.005375284120548402,129.87764717701677,217.62764717701677,0.005386924348542401,130.15889843565915,217.90889843565915,0.000294188282888002,7.1081790565225385,94.85817905652254,0.0008322399995859021,20.108587864150106,107.85858786415011,0.0006716375773600028,16.22811117457531,103.9781111745753,,,,-0.0006330606073099987,-15.296014192732125,72.45398580726787,-0.0007399560460056992,-17.87882242396218,69.87117757603782,129.87764717701677,0.28125125864237843,130.15889843565915,16.22811117457531,,
final,2026-08-26,2026-09-29,0.0931506849315068,24000.0,PE,118.45,0.0186989784041183,24452.997578459486,0.9880999629323138,0.0238697547363358,0.099066030340821,0.0996185439213185,test,254e419b0101eb26f8916314286f57b285d866b5228f9c5f3be2bd0eb90c894d,True,0.0234275618698257,0.0298227237749151,0.024402571669568,0.0293586070238732,0.0293746852220884,0.0242176098127988,,0.0240020316841058,0.0229222576275354,0.0227952998613654,0.006395161905089399,154.5199403272399,272.9699403272399,0.0059310451540475,143.305948603466,261.755948603466,0.0059471233522627,143.6944301252247,262.1444301252247,0.0005744698142800993,13.880343099948561,132.33034309994855,0.0009750097997422991,23.558192632270522,142.00819263227052,0.000790047942973101,19.08914313908299,137.539143139083,,,,-0.0005053042422903005,-12.209164134478144,106.24083586552186,-0.0006322620084602999,-15.276718442533424,103.17328155746658,143.305948603466,0.3884815217586858,143.6944301252247,19.08914313908299,,
final,2026-08-26,2026-09-29,0.0931506849315068,24150.0,PE,157.05,0.0124684286534824,24452.997578459486,0.9880999629323138,0.0191279083691125,0.0963907582667053,0.1105970558402641,test,254e419b0101eb26f8916314286f57b285d866b5228f9c5f3be2bd0eb90c894d,True,0.0188908940767649,0.0258259191703154,0.0200291019326422,0.02532780009982,0.0253429336935791,0.0198249848837326,,0.0198246187407424,0.0186205428982966,0.0184769835404714,0.006935025093550502,167.56411792648038,324.6141179264804,0.006436906023055102,155.52856195602783,312.57856195602784,0.0064520396168142,155.89421993924972,312.9442199392497,0.0009337246639775018,22.56066093417518,179.6106609341752,0.0011382078558773018,27.50138504393311,184.55138504393312,0.000934090806967703,22.569507683301595,179.6195076833016,,,,-0.0002703511784682977,-6.532226796490522,150.51777320350948,-0.00041391053629349916,-10.000908861742616,147.04909113825738,155.52856195602783,0.3656579832218988,155.89421993924972,22.569507683301595,,
final,2026-08-26,2026-09-29,0.0931506849315068,24300.0,PE,206.5,0.0062764584055612,24452.997578459486,0.9880999629323138,0.0148964827547602,0.0939472292544722,0.118492494654027,test,254e419b0101eb26f8916314286f57b285d866b5228f9c5f3be2bd0eb90c894d,True,0.014803278402953,0.0221192357264752,0.0160515378683039,0.0215942045830469,0.0216042443900358,0.0158369818854569,,0.0160892049988835,0.0148024886645422,0.0146477965063387,0.0073159573235222,176.76820475297745,383.26820475297745,0.006790926180093901,164.0823991148246,370.5823991148246,0.0068009659870828,164.32498099153787,370.82498099153787,0.0012859265959304991,31.07056612753791,237.57056612753792,0.0012482594653508983,30.160452692438422,236.6604526924384,0.0010337034825038983,24.976349747368843,231.47634974736883,,,,-7.897384108005584e-07,-0.019081664220872558,206.48091833577914,-0.00015548189661430088,-3.7567545190197977,202.7432454809802,164.0823991148246,0.24258187671325634,164.32498099153787,24.976349747368843,,
final,2026-08-26,2026-09-29,0.0931506849315068,24450.0,PE,268.7,0.0001225928311831,24452.997578459486,0.9880999629323138,0.0112447291420608,0.0918449613981319,0.1217389806836568,test,254e419b0101eb26f8916314286f57b285d866b5228f9c5f3be2bd0eb90c894d,True,0.0112433507033744,0.0187176108240214,0.0125127452697199,0.018174708709558,0.0181790204293643,0.0122996913440474,,0.0128171650649903,0.0114984667504378,0.0113394827424304,0.007474260120646999,180.59311788705975,449.29311788705974,0.006931358006183601,167.47551373951563,436.1755137395156,0.006935669725989902,167.5796935393495,436.2796935393495,0.0015738143616159002,38.02651204960268,306.72651204960266,0.0012693945663455,30.67111912949877,299.37111912949877,0.0010563406406730001,25.52330889889309,294.2233088988931,,,,0.00025511604706339973,6.16411546006149,274.8641154600615,9.613203905600026e-05,2.322742904545965,271.02274290454596,167.47551373951563,0.10417979983387719,167.5796935393495,25.52330889889309,,
final,2026-08-26,2026-09-29,0.0931506849315068,24600.0,CE,195.25,-0.0059936341862529,24452.997578459486,0.9880999629323138,0.0080325798680982,0.0886168632082918,0.119151903297627,test,254e419b0101eb26f8916314286f57b285d866b5228f9c5f3be2bd0eb90c894d,True,0.0080808687818822,0.0156320024227888,0.0094454589867517,0.0150819332091232,0.0150820493966877,0.0092479466878945,,0.0100131647796687,0.0087160778410886,0.008560100204481,0.0075511336409066,182.45053634487942,377.7005363448794,0.007001064427241001,169.159760703403,364.409760703403,0.007001180614805501,169.16256802803366,364.41256802803366,0.0019322959977864998,46.688147493954745,241.93814749395474,0.0013645902048695004,32.971236718771344,228.22123671877134,0.0011670779060123006,28.198943368540075,223.44894336854009,,,,0.0006352090592064014,15.347925100345565,210.59792510034558,0.0004792314225987998,11.57919250863277,206.82919250863276,169.159760703403,0.0028073246306754337,169.16256802803366,28.198943368540075,,
final,2026-08-26,2026-09-29,0.0931506849315068,24750.0,CE,137.15,-0.0120726802626352,24452.997578459486,0.9880999629323138,0.0056081513503646,0.0870836723955849,0.1104800337868321,test,254e419b0101eb26f8916314286f57b285d866b5228f9c5f3be2bd0eb90c894d,True,0.0056762671110634,0.0128686567177343,0.006867764321821,0.0123233088780953,0.0123192340497407,0.0066999028599629,,0.0076649566018388,0.0064395438340844,0.0062933388382607,0.0071923896066709,173.7825608369038,310.9325608369038,0.006647041767031899,160.60586306299035,297.75586306299033,0.006642966938677299,160.50740703583404,297.657407035834,0.0019886894907753996,48.050727409961986,185.20072740996198,0.0011914972107575994,28.788962756332808,165.9389627563328,0.0010236357488994999,24.73309310760431,161.8830931076043,,,,0.0007632767230210001,18.44229676194999,155.59229676195,0.0006170717271973001,14.909690775502073,152.05969077550208,160.60586306299035,-0.09845602715631722,160.50740703583404,24.73309310760431,,
final,2026-08-26,2026-09-29,0.0931506849315068,24900.0,CE,91.8,-0.0181149947185977,24452.997578459486,0.9880999629323138,0.003731147784897,0.0855000889744285,0.0965509198896891,test,254e419b0101eb26f8916314286f57b285d866b5228f9c5f3be2bd0eb90c894d,True,0.0037993534144777,0.0104285285249066,0.0047792540542053,0.0099003195200594,0.0098934690690674,0.0046525243814696,,0.0057449708501959,0.004632176013288,0.0045011334577468,0.0066291751104289,160.17416879893335,251.97416879893336,0.006100966105581699,147.41157965410713,239.21157965410714,0.006094115654589699,147.24605901612983,239.04605901612985,0.0019456174357182,47.010020157200564,138.81002015720057,0.0009799006397276,23.676365137344607,115.4763651373446,0.0008531709669918996,20.61432202421762,112.41432202421763,,,,0.0008328225988103,20.122664630106105,111.9226646301061,0.0007017800432690996,16.95641361675162,108.75641361675162,147.41157965410713,-0.16552063797729757,147.24605901612983,20.61432202421762,,
final,2026-08-26,2026-09-29,0.0931506849315068,25050.0,CE,63.1,-0.0241210187788097,24452.997578459486,0.9880999629323138,0.0025492988263788,0.0864338904750103,0.0811250804884253,test,254e419b0101eb26f8916314286f57b285d866b5228f9c5f3be2bd0eb90c894d,True,0.0026115381313022,0.0083069148677514,0.0031587162323264,0.0078079969592436,0.007800686381881,0.00307921654735,,0.0042133766058151,0.0032413064696479,0.0031289069899311,0.0056953767364492005,137.61172688324277,200.71172688324276,0.0051964588279414,125.55686938394088,188.6568693839409,0.0051891482505788,125.380231169836,188.480231169836,0.0016018384745128999,38.70363083358876,101.80363083358876,0.0005471781010242,13.22092056048578,76.32092056048577,0.00046767841604779996,11.30004869501954,74.40004869501954,,,,0.0006297683383456997,15.216466370260289,78.31646637026029,0.0005173688586289,12.500669466849457,75.60066946684945,125.55686938394088,-0.1766382141048794,125.380231169836,11.30004869501954,,
final,2026-08-26,2026-09-29,0.0931506849315068,25250.0,CE,35.25,-0.0320733469693047,24452.997578459486,0.9880999629323138,0.0014128526022989,0.0864881264316271,0.0591349758416009,test,254e419b0101eb26f8916314286f57b285d866b5228f9c5f3be2bd0eb90c894d,True,0.0014589020464089,0.0059546731509337,0.0016507457847829,0.0055116337092801,0.0055023320594156,0.0016310952653791,,0.0026916096692198,0.0019264220202345,0.0018407605651863,0.0044957711045248,108.62684840602022,143.8768484060202,0.0040527316628712,97.92212675816837,133.17212675816836,0.0040434300130067,97.69738023832441,132.9473802383244,0.0012327076228109,29.784688979662562,65.03468897966256,0.0001918437383740001,4.635329557819964,39.885329557819965,0.0001721932189702,4.160533590065334,39.410533590065334,,,,0.00046751997382560003,11.296220413095956,46.54622041309595,0.00038185851877740005,9.226467822178966,44.47646782217897,97.92212675816837,-0.22474651984395783,97.69738023832441,4.160533590065334,,
final,2026-08-26,2026-09-29,0.0931506849315068,25400.0,CE,23.45,-0.0379963652724267,24452.997578459486,0.9880999629323138,0.0009343471117202,0.0879766972800006,0.0455918482182821,test,254e419b0101eb26f8916314286f57b285d866b5228f9c5f3be2bd0eb90c894d,True,0.0009705319996677,0.004526040135245,0.0009289351736055,0.0041347959837381,0.0041244502283908,0.0009427044268084,,0.001872839138114,0.0012604607417828,0.0011939487289686,0.0035555081355773004,85.9082089079245,109.3582089079245,0.0031642639840704,76.45496537141348,99.90496537141348,0.0031539182287231003,76.2049911686286,99.6549911686286,0.0009023071384462999,21.801550493758114,45.25155049375812,-4.159682606220006e-05,-1.0050627609315983,22.444937239068402,-2.7827572859300052e-05,-0.6723699824157706,22.77763001758423,,,,0.0002899287421151,7.005260006806774,30.455260006806775,0.00022341672930089988,5.398196354060808,28.848196354060807,76.45496537141348,-0.24997420278488033,76.2049911686286,-0.6723699824157706,,
final,2026-08-26,2026-09-29,0.0931506849315068,25600.0,CE,14.2,-0.0458395427334527,24452.997578459486,0.9880999629323138,0.0005613677976,0.091060656379573,0.0319659406744669,test,254e419b0101eb26f8916314286f57b285d866b5228f9c5f3be2bd0eb90c894d,True,0.0005876995477732,0.0030257893967222,0.0003723533779457,0.0027113021394628,0.0027040315123435,0.0004080115127906,,0.0011138184587904,0.0006837051258333,0.0006391935058338,0.0024380898489489997,58.909141560941045,73.10914156094104,0.0021236025916895997,51.310498563845485,65.51049856384549,0.0021163319645703003,51.134825627758964,65.33482562775896,0.0005261189110171999,12.712088285163397,26.912088285163396,-0.00021534616982749998,-5.203195447634224,8.996804552365775,-0.0001796880349826,-4.341623379532283,9.858376620467716,,,,9.600557806010003e-05,2.319687353204149,16.519687353204148,5.149395806060004e-05,1.24419732366824,15.44419732366824,51.310498563845485,-0.17567293608653622,51.134825627758964,-4.341623379532283,,
final,2026-08-26,2026-09-29,0.0931506849315068,26200.0,CE,5.0,-0.069006602014987,24452.997578459486,0.9880999629323138,0.0001931380445457,0.1067077652547331,0.0133516788508798,test,254e419b0101eb26f8916314286f57b285d866b5228f9c5f3be2bd0eb90c894d,True,0.0002069364604834,0.00066059123285,4.844854388352327e-06,0.0005570447740581,0.0005600653377026,1.4568320861094598e-05,,0.0001821446330227,7.908498567690651e-05,7.035796678356038e-05,0.0004536547723666,10.961209332240466,15.961209332240466,0.00035010831357469997,8.459319173542799,13.459319173542799,0.00035312887721920003,8.532302050447187,13.532302050447187,-2.4791827460700003e-05,-0.5990202838777138,4.400979716122286,-0.00020209160609504769,-4.882938599191933,0.11706140080806726,-0.00019236813962230542,-4.648000143928376,0.35199985607162443,,,,-0.0001278514748064935,-3.0891481014932687,1.9108518985067313,-0.00013657849369983963,-3.300010384363915,1.6999896156360852,8.459319173542799,0.07298287690438933,8.532302050447187,-4.648000143928376,,
final,2026-08-26,2026-09-29,0.0931506849315068,27000.0,CE,2.9,-0.0990840572522649,24452.997578459486,0.9880999629323138,0.0001087009527747,0.1355498413920751,0.0072665506525784,test,254e419b0101eb26f8916314286f57b285d866b5228f9c5f3be2bd0eb90c894d,True,0.0001200231470804,2.9118307854578487e-05,1.3634409432428039e-11,2.613907015917849e-05,2.7116724990398725e-05,2.4913965721461282e-08,,9.025452643865275e-06,2.0979279349354917e-06,1.7057721098308895e-06,-9.090483922582151e-05,-2.1964432708814927,0.7035567291185072,-9.38840769212215e-05,-2.268427629955735,0.6315723700442648,-9.290642209000126e-05,-2.244805528057022,0.6551944719429779,-0.00011099769443653472,-2.681926959057152,0.21807304094284774,-0.00012002313344599056,-2.899999670564018,3.294359820493753e-07,-0.00011999823311467853,-2.899398028609433,0.0006019713905667246,,,,-0.0001179252191454645,-2.8493098526454177,0.050690147354582216,-0.0001183173749705691,-2.8587851240448674,0.04121487595513251,-2.268427629955735,0.023622101898712864,-2.244805528057022,-2.899398028609433,,
final,2026-08-26,2026-10-27,0.1698630136986301,22500.0,PE,28.15,0.0880675056655898,24571.39139778038,0.9812249996534508,0.0933368900800074,0.1322475543500241,0.0426351597585847,test,254e419b0101eb26f8916314286f57b285d866b5228f9c5f3be2bd0eb90c894d,True,0.0854685024874038,0.0883266415301122,0.0861298989215504,0.0879222738437055,0.0879200616338278,0.0859644194073466,,0.0846460139309034,0.0844469959620759,0.0844717776755981,0.002858139042708402,68.90991385660695,97.05991385660695,0.002453771356301704,59.160583253615734,87.31058325361573,0.002451559146424004,59.107246732954174,87.25724673295417,-0.0008224885565003975,-19.830251338220094,8.319748661779904,0.0006613964341466022,15.946310036379598,44.0963100363796,0.0004959169199428015,11.956588438366891,40.10658843836689,,,,-0.0010215065253278977,-24.628587207431025,3.5214127925689738,-0.0009967248118056965,-24.031098520381093,4.118901479618906,59.160583253615734,-0.05333652066156462,59.107246732954174,11.956588438366891,,
final,2026-08-26,2026-10-27,0.1698630136986301,23600.0,PE,100.45,0.0403361028443999,24571.39139778038,0.9812249996534508,0.0454984505412221,0.1064500956060969,0.105571681498388,test,254e419b0101eb26f8916314286f57b285d866b5228f9c5f3be2bd0eb90c894d,True,0.0436997407021011,0.0514366097639173,0.0470264645049743,0.0506556348770687,0.0506609083859109,0.0466140359201768,,0.0436776426114376,0.0424505829499182,0.0426384169302948,0.007736869061816198,186.53640449359875,286.98640449359874,0.0069558941749676,167.7070503674563,268.1570503674563,0.006961167683809798,167.8341950005927,268.2841950005927,-2.2098090663502656e-05,-0.5327863694743341,99.91721363052567,0.003326723802873202,80.207522186703,180.657522186703,0.0029142952180757006,70.26384281151533,170.71384281151535,,,,-0.0012491577521829,-30.117272746348522,70.33272725365148,-0.0010613237718063023,-25.588583549048504,74.8614164509515,167.7070503674563,0.1271446331363693,167.8341950005927,70.26384281151533,,
final,2026-08-26,2026-10-27,0.1698630136986301,23900.0,PE,151.55,0.0277043559384992,24571.39139778038,0.9812249996534508,0.0345540248005924,0.1015444027884662,0.1302242048979627,test,254e419b0101eb26f8916314286f57b285d866b5228f9c5f3be2bd0eb90c894d,True,0.0336098668310969,0.0427724885305171,0.0378107288492761,0.0419030874269086,0.0419144033023557,0.0373393103929785,,0.0342273804936595,0.0326369990602301,0.0328872862089502,0.009162621699420198,220.91139114401045,372.46139114401046,0.008293220595811696,199.9500753153273,351.5000753153273,0.008304536471258797,200.22290179109348,351.7729017910935,0.0006175136625625952,14.88829362624108,166.4382936262411,0.004200862018179201,101.28305007929409,252.83305007929408,0.0037294435618815958,89.91712115545171,241.4671211554517,,,,-0.0009728677708668032,-23.45590374804601,128.094096251954,-0.0007225806221467027,-17.421464695222944,134.12853530477707,199.9500753153273,0.2728264757661817,200.22290179109348,89.91712115545171,,
final,2026-08-26,2026-10-27,0.1698630136986301,24150.0,PE,213.75,0.0172984347773824,24571.39139778038,0.9812249996534508,0.0264692067421972,0.0981582917058351,0.1487346215150376,test,254e419b0101eb26f8916314286f57b285d866b5228f9c5f3be2bd0eb90c894d,True,0.0260152684264272,0.0361298465531718,0.0308020726298088,0.0352043348843037,0.0352194206422616,0.0302993367189633,,0.0272257654043379,0.025390508649858,0.0256836864312434,0.0101145781267446,243.86312107104902,457.613121071049,0.009189066457876496,221.54897595005104,435.29897595005104,0.009204152215834399,221.91269453259963,435.66269453259963,0.0012104969779106987,29.185159023076828,242.93515902307684,0.004786804203381598,115.41015338109405,329.16015338109406,0.0042840682925361015,103.2891586389497,317.0391586389497,,,,-0.0006247597765692003,-15.062997895182855,198.68700210481714,-0.0003315819951838009,-7.994462964567798,205.7555370354322,221.54897595005104,0.363718582548597,221.91269453259963,103.2891586389497,,
final,2026-08-26,2026-10-27,0.1698630136986301,24300.0,PE,269.35,0.0111064645294614,24571.39139778038,0.9812249996534508,0.0224648233288712,0.0984383647639379,0.1574653423297724,test,254e419b0101eb26f8916314286f57b285d866b5228f9c5f3be2bd0eb90c894d,True,0.0222166990079724,0.0324152575055115,0.0269245663839701,0.0314662643192747,0.0314828661999367,0.0264139971735793,,0.0234486474156677,0.0215097139011231,0.0218211915230903,0.010198558497539097,245.88789314498243,515.2378931449824,0.009249565311302298,223.00760714877848,492.35760714877847,0.009266167191964297,223.40787954602055,492.7578795460206,0.0012319484076953012,29.702354357687714,299.05235435768776,0.004707867375997699,113.50698145913472,382.8569814591348,0.004197298165606898,101.19712536741503,370.54712536741505,,,,-0.0007069851068493005,-17.045455830841387,252.30454416915865,-0.00039550748488209955,-9.535710581470598,259.8142894185294,223.00760714877848,0.4002723972420771,223.40787954602055,101.19712536741503,,
final,2026-08-26,2026-10-27,0.1698630136986301,24450.0,PE,312.0,0.0049525989550832,24571.39139778038,0.9812249996534508,0.0179697866043242,0.0931917010923429,0.162627299691145,test,254e419b0101eb26f8916314286f57b285d866b5228f9c5f3be2bd0eb90c894d,True,0.0178810094781777,0.0289133104162264,0.0233107625058627,0.0279497855140044,0.0279663057803932,0.0228021319951494,,0.0200052280150931,0.0180028029799578,0.0183254910532832,0.011032300938048703,265.98947634146367,577.9894763414636,0.0100687760358267,242.75882974986334,554.7588297498634,0.0100852963022155,243.15713442179475,555.1571344217948,0.0021242185369154017,51.215043846410296,363.2150438464103,0.0054297530276850026,130.91169037243995,442.9116903724399,0.0049211225169717016,118.6485764530828,430.6485764530828,,,,0.00012179350178010209,2.9364490637265344,314.9364490637265,0.00044448157510550146,10.71647900738396,322.71647900738395,242.75882974986334,0.3983046719314135,243.15713442179475,118.6485764530828,,
final,2026-08-26,2026-10-27,0.1698630136986301,24600.0,CE,356.2,-0.0011636280623529,24571.39139778038,0.9812249996534508,0.0147567324536797,0.0933030328970382,0.1644118235893991,test,254e419b0101eb26f8916314286f57b285d866b5228f9c5f3be2bd0eb90c894d,True,0.0147739137960788,0.025630152389001,0.0199727011640127,0.024661914556567,0.0246765922691831,0.0194766337058942,,0.0169010648214268,0.0148787316998053,0.0152048676200838,0.010856238592922202,261.74460201772797,617.9446020177279,0.009888000760488201,238.40032637937097,594.6003263793709,0.0099026784731043,238.75420696281137,594.9542069628113,0.0021271510253479987,51.28574632877948,407.48574632877944,0.005198787367933902,125.34309364587877,481.54309364587874,0.004702719909815401,113.38287572253422,469.5828757225342,,,,0.00010481790372649999,2.5271663164359746,358.72716631643596,0.00043095382400500093,10.390324069125338,366.5903240691253,238.40032637937097,0.35388058344039786,238.75420696281137,113.38287572253422,,
final,2026-08-26,2026-10-27,0.1698630136986301,24800.0,CE,265.55,-0.0092608382949722,24571.39139778038,0.9812249996534508,0.010912544313592,0.0921171818440178,0.1603141401084089,test,254e419b0101eb26f8916314286f57b285d866b5228f9c5f3be2bd0eb90c894d,True,0.0110140730167005,0.0216006745154769,0.0159661913741976,0.0206424736944196,0.0206529697342235,0.0155039062111777,,0.0132871686076766,0.0113065548286469,0.0116251082544751,0.010586601498776401,255.24363455166457,520.7936345516646,0.0096284006777191,232.1413518951083,497.6913518951083,0.009638896717523002,232.39441208144444,497.94441208144445,0.0022730955909761007,54.80447907585475,320.3544790758548,0.0049521183574971015,119.39588813687492,384.94588813687494,0.0044898331944772,108.25016349406616,373.80016349406617,,,,0.0002924818119463997,7.051755063235737,272.60175506323577,0.0006110352377745997,14.732098393120358,280.28209839312035,232.1413518951083,0.2530601863361458,232.39441208144444,108.25016349406616,,
final,2026-08-26,2026-10-27,0.1698630136986301,24950.0,CE,205.6,-0.0152910073215634,24571.39139778038,0.9812249996534508,0.0083981563503113,0.0904699376129451,0.1522949086499222,test,254e419b0101eb26f8916314286f57b285d866b5228f9c5f3be2bd0eb90c894d,True,0.0085275594510775,0.0188429925783452,0.0133010660554311,0.0179049281821579,0.0179108404373196,0.0128763833450684,,0.0109594947253723,0.0090577600622754,0.0093621908433716,0.0103154331272677,248.70574789112138,454.30574789112137,0.0093773687310804,226.08895571716138,431.6889557171614,0.009383280986242101,226.23150056463146,431.8315005646315,0.0024319352742948,58.63411392949368,264.2341139294937,0.004773506604353599,115.0895474239217,320.6895474239217,0.0043488238939909,104.85042030302691,310.45042030302693,,,,0.0005302006111978994,12.783170412082413,218.3831704120824,0.0008346313922940989,20.123015880467822,225.7230158804678,226.08895571716138,0.1425448474700629,226.23150056463146,104.85042030302691,,
final,2026-08-26,2026-10-27,0.1698630136986301,25200.0,CE,133.25,-0.0252611796414133,24571.39139778038,0.9812249996534508,0.0053888745339406,0.0898899457736859,0.1319509183557463,test,254e419b0101eb26f8916314286f57b285d866b5228f9c5f3be2bd0eb90c894d,True,0.0055267378251754,0.0147512952143554,0.0095066202670002,0.013870373413951,0.0138695874656682,0.0091642246738517,,0.0077631355214468,0.0060666094579283,0.0063347096524249,0.009224557389180002,222.40466455801246,355.6546645580124,0.0083436355887756,201.16558399783423,334.41558399783423,0.0083428496404928,201.14663473481582,334.39663473481585,0.0022363976962714,53.91969050362931,187.1696905036293,0.0039798824418248,95.95521845770114,229.20521845770114,0.0036374868486763008,87.70003895937043,220.95003895937043,,,,0.0005398716327529004,13.016339356035886,146.26633935603587,0.0008079718272495,19.480252073939692,152.73025207393968,201.16558399783423,-0.018949263018441912,201.14663473481582,87.70003895937043,,
final,2026-08-26,2026-10-27,0.1698630136986301,26000.0,CE,29.85,-0.0565137231455178,24571.39139778038,0.9812249996534508,0.0011700445091415,0.0932388422443287,0.0573464104754245,test,254e419b0101eb26f8916314286f57b285d866b5228f9c5f3be2bd0eb90c894d,True,0.0012380722257522,0.0056787287980034,0.0023128542649923,0.0051295999525896,0.0051304349168252,0.002272143245221,,0.002091329382229,0.0012786402318913,0.0013968237269694,0.004440656572251201,107.06451200870619,136.9145120087062,0.0038915277268374007,93.824980667437,123.67498066743701,0.003892362691073,93.8451117081907,123.6951117081907,0.0008532571564768001,20.572084237942537,50.42208423794254,0.0010747820392401,25.91306323168961,55.763063231689614,0.0010340710194688002,24.931517959211728,54.781517959211726,,,,4.056800613910002e-05,0.9780972047219241,30.828097204721924,0.00015875150121720007,3.8275087775708267,33.67750877757083,93.824980667437,0.020131040753695956,93.8451117081907,24.931517959211728,,
final,2026-08-27,2026-09-15,0.0520547945205479,23700.0,PE,48.65,0.0227907030875529,24246.341771703155,0.9960625336529414,0.0251132526023066,0.1023746024233561,0.0559012927811792,test,db31cbb3247a5a9ace5081088f7ea34d96373b7a99e5f8ddbf24d6d3282df2b7,True,0.0245473767663078,0.0281011760020081,0.0239643955895675,0.027927909554088,0.0279295519784124,0.0239390923171269,,0.0246363410973932,0.0244259088785105,0.0240451436513637,0.0035537992357002994,85.82735264756882,134.4773526475688,0.0033805327877801973,81.64281673506115,130.29281673506114,0.003382175212104599,81.68248271570272,130.33248271570272,8.896433108539908e-05,2.1485662274945523,50.798566227494554,-0.0005829811767403027,-14.079504137527548,34.57049586247245,-0.0006082844491809014,-14.690600247032119,33.95939975296788,,,,-0.00012146788779730106,-2.93355548524111,45.71644451475889,-0.0005022331149441006,-12.12936798302285,36.520632016977146,81.64281673506115,0.03966598064158364,81.68248271570272,-14.690600247032119,,
final,2026-08-27,2026-09-15,0.0520547945205479,23950.0,PE,93.25,0.0122974273717142,24246.341771703155,0.9960625336529414,0.01628227105927,0.0954031130289314,0.077114168884002,test,db31cbb3247a5a9ace5081088f7ea34d96373b7a99e5f8ddbf24d6d3282df2b7,True,0.0160832671394833,0.020772574414633,0.0154334342787033,0.0205468436513495,0.0205497685152133,0.015382859932042,,0.0167514341072072,0.0164543674044066,0.015894901079753,0.004689307275149698,113.25086266382002,206.50086266382002,0.004463576511866199,107.7992677540361,201.0492677540361,0.004466501375729997,107.86990576863256,201.11990576863258,0.0006681669677238988,16.136815324345466,109.38681532434546,-0.0006498328607800023,-15.694030642998106,77.5559693570019,-0.0007004072074413021,-16.91544524690001,76.3345547531,,,,0.0003711002649232978,8.962395226274433,102.21239522627444,-0.00018836605973030288,-4.54920471390104,88.70079528609897,107.7992677540361,0.07063801459646608,107.86990576863256,-16.91544524690001,,
final,2026-08-27,2026-09-15,0.0520547945205479,24100.0,PE,141.7,0.0060539107320291,24246.341771703155,0.9960625336529414,0.0119751832462562,0.0942011504527067,0.0872111554519245,test,db31cbb3247a5a9ace5081088f7ea34d96373b7a99e5f8ddbf24d6d3282df2b7,True,0.011902905557967,0.0168864081074812,0.0110188643101701,0.0166338804673888,0.01663297384092,0.0109570395877314,,0.0127566810910637,0.0124254710718342,0.0117938602380543,0.004983502549514199,120.35593525950213,262.0559352595021,0.004730974909421801,114.25717239137471,255.95717239137468,0.004730068282952998,114.23527657101552,255.9352765710155,0.0008537755330966998,20.619424143276554,162.31942414327654,-0.0008840412477969014,-21.350367563661703,120.34963243633828,-0.0009458659702356008,-22.84348855985627,118.85651144014372,,,,0.0005225655138671997,12.620413159411378,154.32041315941137,-0.00010904531991270082,-2.6335396306848673,139.0664603693151,114.25717239137471,-0.021895820359189723,114.23527657101552,-22.84348855985627,,
final,2026-08-27,2026-09-15,0.0520547945205479,24250.0,CE,200.9,-0.0001508661548537,24246.341771703155,0.9960625336529414,0.0083172851127043,0.0922128649848286,0.0910202447962689,test,db31cbb3247a5a9ace5081088f7ea34d96373b7a99e5f8ddbf24d6d3282df2b7,True,0.008318540004186,0.0134240505929696,0.0073045012687065,0.0131518581579314,0.0131472991863262,0.0072426838592413,,0.0093872682730113,0.0090436136080856,0.0083856454766291,0.005105510588783601,123.3025358741398,324.2025358741398,0.0048333181537454,116.7288510482381,317.6288510482381,0.004828759182140201,116.6187479057367,317.5187479057367,0.0010687282688253003,25.810720282520276,226.71072028252027,-0.0010140387354794994,-24.48992032920607,176.41007967079395,-0.0010758561449446995,-25.982864710709197,174.9171352892908,,,,0.0007250736038996002,17.511160245683254,218.41116024568325,6.710547244309986e-05,1.620655716872734,202.52065571687274,116.7288510482381,-0.11010314250139906,116.6187479057367,-25.982864710709197,,
final,2026-08-27,2026-09-15,0.0520547945205479,24400.0,CE,133.25,-0.0063173810705176,24246.341771703155,0.9960625336529414,0.0054826533367766,0.0909474971699453,0.0871688926750665,test,db31cbb3247a5a9ace5081088f7ea34d96373b7a99e5f8ddbf24d6d3282df2b7,True,0.0055173989823683,0.0104069148138782,0.0043969947419357,0.0101249204998912,0.0101193213199142,0.0043515891928894,,0.0066578014857863,0.0063255367518779,0.0056921399516372,0.0048895158315099005,118.08607400529627,251.33607400529627,0.0046075215175229,111.27566524949547,244.5256652494955,0.0046019223375459,111.14044016711162,244.39044016711162,0.0011404025034179996,27.541715592085072,160.79171559208507,-0.0011204042404326002,-27.05874009016467,106.19125990983534,-0.0011658097894789,-28.155323721283978,105.09467627871602,,,,0.0008081377695095997,19.517232328362574,152.76723232836258,0.0001747409692689,4.220146889773445,137.47014688977345,111.27566524949547,-0.13522508238384887,111.14044016711162,-28.155323721283978,,
final,2026-08-27,2026-09-15,0.0520547945205479,24550.0,CE,83.5,-0.012446103011891,24246.341771703155,0.9960625336529414,0.0034146671328486,0.0900912373422343,0.0762438940405721,test,db31cbb3247a5a9ace5081088f7ea34d96373b7a99e5f8ddbf24d6d3282df2b7,True,0.0034574320077129,0.007843199564518,0.0023315675573902,0.0075632263542694,0.0075578621821115,0.0023165548078524,,0.0045406700956721,0.0042409240407044,0.0036766379006749,0.004385767556805101,105.92011359189847,189.42011359189848,0.0041057943465565,99.15851625502937,182.65851625502938,0.0041004301743986,99.0289668165486,182.5289668165486,0.0010832380879591996,26.161145076117887,109.66114507611789,-0.0011258644503227,-27.190608923682213,56.30939107631779,-0.0011408771998604999,-27.55317992539961,55.94682007460039,,,,0.0007834920329914999,18.922016285163338,102.42201628516334,0.000219205892962,5.294013597807362,88.79401359780736,99.15851625502937,-0.12954943848078346,99.0289668165486,-27.55317992539961,,
final,2026-08-27,2026-09-15,0.0520547945205479,24700.0,CE,50.1,-0.018537492405293,24246.341771703155,0.9960625336529414,0.0020363581727474,0.0900593196364256,0.0611507101762919,test,db31cbb3247a5a9ace5081088f7ea34d96373b7a99e5f8ddbf24d6d3282df2b7,True,0.0020744592046277,0.0057261126217214,0.001043757885858,0.0054606849439338,0.0054572143883304,0.0010603930776968,,0.0029720405846005,0.0027194110298497,0.0022534898772788,0.0036516534170937002,88.19061651743556,138.29061651743555,0.0033862257393061004,81.78030648217762,131.88030648217762,0.0033827551837027,81.69648953588991,131.79648953588992,0.0008975813799727999,21.67737357105833,71.77737357105833,-0.0010307013187697,-24.89233625571682,25.20766374428318,-0.0010140661269309001,-24.490581856659638,25.609418143340363,,,,0.000644951825222,15.57614937499805,65.67614937499805,0.0001790306726510999,4.323746969721403,54.42374696972141,81.78030648217762,-0.08381694628772036,81.69648953588991,-24.490581856659638,,
final,2026-08-27,2026-09-29,0.0904109589041095,21000.0,PE,6.6,0.1456708670413009,24293.12296566578,0.990742804324374,0.1571326016206373,0.2174543958763279,0.0093185071472946,test,db31cbb3247a5a9ace5081088f7ea34d96373b7a99e5f8ddbf24d6d3282df2b7,True,0.1358320475591825,0.1356515534829683,0.1355613535870083,0.1356450794792075,0.1356439534690435,0.1355615178431873,,0.1355578380211819,0.1355578307839791,0.1355578289523598,-0.00018049407621417712,-4.344174162410726,2.2558258375892732,-0.00018696807997498066,-4.499992017793748,2.100007982206252,-0.00018809409013897938,-4.527093097029448,2.0729069029705514,-0.000274209538000586,-6.599740085958359,0.00025991404164038556,-0.0002706939721741908,-6.515126615258313,0.08487338474168649,-0.00027052971599519915,-6.511173258650947,0.08882674134905244,,,,-0.00027421677520339527,-6.599914272669146,8.572733085365769e-05,-0.00027421860682269594,-6.599958356516152,4.164348384794181e-05,-4.499992017793748,-0.027101079235701053,-4.527093097029448,-6.511173258650947,,
final,2026-08-27,2026-09-29,0.0904109589041095,21750.0,PE,8.7,0.1105795472300309,24293.12296566578,0.990742804324374,0.1173289313005386,0.1781477409644618,0.0134731238962836,test,db31cbb3247a5a9ace5081088f7ea34d96373b7a99e5f8ddbf24d6d3282df2b7,True,0.1050463647425404,0.1051091909623166,0.1047202634688697,0.1050772354566342,0.1050799097285639,0.1047196831641232,,0.1046865475147734,0.1046857254844149,0.1046854261570993,6.282621977621305e-05,1.5121163331139014,10.2121163331139,3.087071409380027e-05,0.7430036561550164,9.443003656155016,3.3544986023509304e-05,0.8073686661541079,9.507368666154107,-0.0003598172277669981,-8.660166232828821,0.039833767171177925,-0.0003261012736706925,-7.848682666618064,0.8513173333819353,-0.00032668157841719836,-7.862649578657346,0.837350421342653,,,,-0.00036063925812548914,-8.679951054131415,0.02004894586858441,-0.0003609385854410896,-8.687155334835852,0.012844665164147173,0.7430036561550164,0.06436500999909141,0.8073686661541079,-7.862649578657346,,
final,2026-08-27,2026-09-29,0.0904109589041095,21900.0,PE,9.65,0.1037066679422688,24293.12296566578,0.990742804324374,0.1097197777303274,0.171335463510362,0.0150113206716795,test,db31cbb3247a5a9ace5081088f7ea34d96373b7a99e5f8ddbf24d6d3282df2b7,True,0.0989112489032476,0.0990720828816107,0.0985648438200277,0.099029902289594,0.0990339968149219,0.0985634953480507,,0.0985141895074738,0.0985124016170356,0.098511711140846,0.00016083397836311186,3.8709902723548604,13.520990272354862,0.00011865338634640954,2.855777796479967,12.505777796479968,0.00012274791167431187,2.9543258015441496,12.60432580154415,-0.0003970593957737939,-9.556519550348801,0.0934804496511994,-0.00034640508321989727,-8.337359562238174,1.3126404377618268,-0.00034775355519689466,-8.369814905062032,1.280185094937968,,,,-0.0003988472862119924,-9.599550920739189,0.05044907926081166,-0.00039953776240159167,-9.616169465156446,0.03383053484355436,2.855777796479967,0.09854800506418222,2.9543258015441496,-8.369814905062032,,
final,2026-08-27,2026-09-29,0.0904109589041095,22500.0,PE,14.35,0.0766779955543495,24293.12296566578,0.990742804324374,0.0803380910065271,0.1421553060409773,0.0230928708838175,test,db31cbb3247a5a9ace5081088f7ea34d96373b7a99e5f8ddbf24d6d3282df2b7,True,0.0744081792284016,0.0754182736847364,0.074090897136013,0.0753060206480856,0.0753134442922963,0.0740782937110597,,0.0738858857959047,0.0738623574152593,0.0738513342356865,0.0010100944563348063,24.311192537959386,38.66119253795939,0.0008978414196840062,21.609459873382068,35.959459873382066,0.0009052650638947113,21.788133899962347,36.13813389996235,-0.0005222934324968925,-12.57068199821394,1.7793180017860593,-0.00031728209238859884,-7.636420523378383,6.713579476621617,-0.00032988551734189353,-7.939762739302502,6.410237260697498,,,,-0.0005458218131422915,-13.136968634467982,1.213031365532018,-0.0005568449927150915,-13.40227713041523,0.9477228695847693,21.609459873382068,0.17867402658027987,21.788133899962347,-7.939762739302502,,
final,2026-08-27,2026-09-29,0.0904109589041095,23000.0,PE,26.9,0.0546990888355744,24293.12296566578,0.990742804324374,0.057403230912271,0.1232956969426327,0.0392966196011147,test,db31cbb3247a5a9ace5081088f7ea34d96373b7a99e5f8ddbf24d6d3282df2b7,True,0.0543476568594419,0.0567561092710838,0.0541839751016173,0.056540639870131,0.0565419012749048,0.0541380977285341,,0.0537407177374144,0.0536319180766444,0.0535748303058146,0.0024084524116418995,57.96720289941978,84.86720289941978,0.002192983010689098,52.781234339994256,79.68123433999426,0.002194244415462898,52.81159412875642,79.71159412875642,-0.0006069391220275,-14.607954495633567,12.292045504366431,-0.00016368175782460054,-3.939531302710688,22.96046869728931,-0.00020955913090780348,-5.043718780591324,21.856281219408675,,,,-0.0007157387827975009,-17.22657049184633,9.673429508153667,-0.000772826553627301,-18.600572477009337,8.299427522990662,52.781234339994256,0.030359788762164452,52.81159412875642,-5.043718780591324,,
final,2026-08-27,2026-09-29,0.0904109589041095,23200.0,PE,36.05,0.0460410260924597,24293.12296566578,0.990742804324374,0.0486857674898532,0.1162237182577705,0.0492096257521912,test,db31cbb3247a5a9ace5081088f7ea34d96373b7a99e5f8ddbf24d6d3282df2b7,True,0.0464950433651929,0.0497165574254687,0.0465024179159869,0.0494488806183833,0.0494478743033751,0.0464329609305673,,0.0459783875956818,0.0458053756086762,0.0457114506924375,0.003221514060275807,77.53616316962425,113.58616316962424,0.0029538372531904,71.09365439810541,107.14365439810541,0.002952830938182202,71.06943417022008,107.11943417022007,-0.0005166557695110985,-12.434993390626596,23.615006609373403,7.374550794005119e-06,0.17749243460315964,36.22749243460316,-6.208243462559743e-05,-1.4942147360007914,34.555785263999205,,,,-0.0006896677565166945,-16.599086858409976,19.45091314159002,-0.0007835926727553996,-18.85969398130859,17.190306018691405,71.09365439810541,-0.024220227885330337,71.06943417022008,-1.4942147360007914,,
final,2026-08-27,2026-09-29,0.0904109589041095,23400.0,PE,51.8,0.0374572824010682,24293.12296566578,0.990742804324374,0.0404020072185708,0.1110308768305353,0.0627302306233357,test,db31cbb3247a5a9ace5081088f7ea34d96373b7a99e5f8ddbf24d6d3282df2b7,True,0.0389166502079921,0.0429975296832463,0.0390884685885646,0.0426737115872972,0.0426742982175012,0.0389892470396036,,0.0385337194979512,0.0382802201641271,0.0381387030899796,0.0040808794752542,98.21957345168022,150.01957345168023,0.0037570613793051003,90.42584284705984,142.22584284705982,0.0037576480095090972,90.43996200170773,142.23996200170774,-0.0003829307100408977,-9.216466996840966,42.58353300315903,0.00017181838057250126,4.135365465538118,55.93536546553811,7.259683161150304e-05,1.7472777321807884,53.54727773218079,,,,-0.0006364300438650022,-15.317748985066727,36.48225101493327,-0.0007779471180124967,-18.723815433042596,33.0761845669574,90.42584284705984,0.014119154647875201,90.43996200170773,1.7472777321807884,,
final,2026-08-27,2026-09-29,0.0904109589041095,23550.0,PE,70.15,0.0310674843022972,24293.12296566578,0.990742804324374,0.0345617165887,0.1083199313310483,0.0749278568480673,test,db31cbb3247a5a9ace5081088f7ea34d96373b7a99e5f8ddbf24d6d3282df2b7,True,0.0335044788936455,0.0382022678700451,0.0337618002167872,0.0378354874865192,0.0378407027405616,0.03363726321365,,0.0332368110884555,0.0329164819571972,0.0327345847566309,0.0046977889763995945,113.06749739263788,183.21749739263788,0.004331008592873699,104.23974027831801,174.38974027831802,0.0043362238469161,104.36526224744082,174.51526224744083,-0.00026766780519000416,-6.442292111768878,63.70770788823113,0.00025732132314169875,6.193270532064732,76.34327053206474,0.00013278432000449897,3.1958844535836004,73.34588445358361,,,,-0.0005879969364483012,-14.152049488119083,55.99795051188092,-0.0007698941370146012,-18.529994379658383,51.62000562034162,104.23974027831801,0.12552196912281463,104.36526224744082,3.1958844535836004,,
final,2026-08-27,2026-09-29,0.0904109589041095,23700.0,PE,92.8,0.0247182566236385,24293.12296566578,0.990742804324374,0.0289784835565011,0.1049229596520805,0.0871564988322368,test,db31cbb3247a5a9ace5081088f7ea34d96373b7a99e5f8ddbf24d6d3282df2b7,True,0.0282709662837395,0.0336426138247102,0.0286883346203736,0.0332339063634791,0.0332453471463391,0.0285377386099952,,0.0282507616776279,0.0278634446768004,0.0276404605306858,0.005371647540970699,129.28608487611473,222.08608487611474,0.004962940079739603,119.4492169283945,212.2492169283945,0.004974380862599603,119.72457639913519,212.52457639913519,-2.0204606111597773e-05,-0.4862892437951086,92.31371075620488,0.00041736833663410036,10.045319947579461,102.84531994757945,0.00026677232625570146,6.420739512753025,99.22073951275303,,,,-0.00040752160693909717,-9.808326525842359,82.99167347415764,-0.0006305057530536992,-15.175161751109359,77.62483824889064,119.4492169283945,0.27535947074069045,119.72457639913519,6.420739512753025,,
final,2026-08-27,2026-09-29,0.0904109589041095,23850.0,PE,123.8,0.0184090874303738,24293.12296566578,0.990742804324374,0.0238188559640662,0.1022038133519251,0.0993228630911024,test,db31cbb3247a5a9ace5081088f7ea34d96373b7a99e5f8ddbf24d6d3282df2b7,True,0.0233843839487357,0.02934166838787,0.0239202583063927,0.0288939649906067,0.02890979587879,0.0237454344383587,,0.0236324719415358,0.0231839965870684,0.0229230603075375,0.005957284439134302,143.38133240400484,267.1813324040048,0.005509581041870999,132.60590103468445,256.40590103468446,0.005525411930054302,132.98692259980393,256.7869225998039,0.0002480879928001001,5.971040551201652,129.77104055120165,0.0005358743576569999,12.897550920561091,136.6975509205611,0.00036105048962300004,8.68984867118194,132.48984867118193,,,,-0.00020038736166730006,-4.8229704668853985,118.9770295331146,-0.0004613236411981983,-11.103246625248733,112.69675337475127,132.60590103468445,0.3810215651194579,132.98692259980393,8.68984867118194,,
final,2026-08-27,2026-09-29,0.0904109589041095,24000.0,PE,165.8,0.0121394744167785,24293.12296566578,0.990742804324374,0.0191863395753983,0.1003678895170481,0.1099511628112707,test,db31cbb3247a5a9ace5081088f7ea34d96373b7a99e5f8ddbf24d6d3282df2b7,True,0.0189548355088128,0.025320970468135,0.0195115190379782,0.0248392866630756,0.0248539275086369,0.0193176319098704,,0.0194317536611964,0.0189340653740126,0.0186423353615584,0.0063661349593222005,153.22164352856984,319.0216435285698,0.005884451154262799,141.62836365877666,307.4283636587767,0.005899091999824101,141.98074299630008,307.7807429963001,0.0004769181523835986,11.478579012815032,177.27857901281504,0.0005566835291653978,13.398390987471025,179.19839098747104,0.0003627964010575989,8.731869680974205,174.5318696809742,,,,-2.0770134800202067e-05,-0.4999005221742482,165.30009947782577,-0.0003125001472543999,-7.521327535653941,158.27867246434607,141.62836365877666,0.35237933752340656,141.98074299630008,8.731869680974205,,
final,2026-08-27,2026-09-29,0.0904109589041095,24150.0,PE,209.05,0.0059089246661422,24293.12296566578,0.990742804324374,0.0146636134364889,0.0952343511390017,0.1170703159820162,test,db31cbb3247a5a9ace5081088f7ea34d96373b7a99e5f8ddbf24d6d3282df2b7,True,0.0145772227387851,0.0215995735595437,0.0155143141499044,0.0210910670947055,0.0211003416885795,0.0153102441947858,,0.0156864335871633,0.0151566949380941,0.0148448205376745,0.0070223508207586,169.0156022556884,378.0656022556884,0.006513844355920399,156.77674825946278,365.82674825946276,0.006523118949794401,156.99997138079382,366.04997138079386,0.0011092108483782004,26.69674932972552,235.74674932972553,0.0009370914111192993,22.554137960577098,231.6041379605771,0.0007330214560006994,17.642533962567846,226.69253396256786,,,,0.0005794721993090009,13.946874096224516,222.99687409622453,0.00026759779888940044,6.440607183550359,215.49060718355037,156.77674825946278,0.22322312133104935,156.99997138079382,17.642533962567846,,
final,2026-08-27,2026-09-29,0.0904109589041095,24300.0,CE,273.85,-0.0002830455817787,24293.12296566578,0.990742804324374,0.0113748465049796,0.0960173899674857,0.1199543344095291,test,db31cbb3247a5a9ace5081088f7ea34d96373b7a99e5f8ddbf24d6d3282df2b7,True,0.011378066560716,0.0181931010243089,0.0119745972077489,0.0176669605839796,0.0176704702235199,0.0117726353159978,,0.0124184955956057,0.0118772633289028,0.0115581914897383,0.006815034463592898,164.0258630845498,437.8758630845498,0.006288894023263599,151.36259039095867,425.21259039095867,0.0062924036628039005,151.44706122640184,425.29706122640187,0.0010404290348896995,25.04129235702167,298.8912923570217,0.0005965306470328991,14.357440855019739,288.20744085501974,0.00039456875528179856,9.496574225271534,283.3465742252716,,,,0.0004991967681867993,12.014786012936723,285.86478601293675,0.00018012492902229858,4.33528944039258,278.1852894403926,151.36259039095867,0.08447083544315762,151.44706122640184,9.496574225271534,,
final,2026-08-27,2026-09-29,0.0904109589041095,24450.0,CE,200.45,-0.0064369111561569,24293.12296566578,0.990742804324374,0.0082749669968794,0.0936017922156073,0.1172240945098864,test,db31cbb3247a5a9ace5081088f7ea34d96373b7a99e5f8ddbf24d6d3282df2b7,True,0.0083284040244496,0.0151128393584653,0.0089269383119258,0.0145799762141902,0.0145793976183821,0.0087415274739423,,0.0096319160142971,0.009100726148887,0.0087880764220961,0.006784435334015701,163.2893959888442,363.7393959888442,0.0062515721897406,150.4643196649321,350.9143196649321,0.0062509935939325,150.450393884027,350.900393884027,0.001303511989847501,31.37323520783407,231.82323520783405,0.0005985342874762004,14.405664947616673,214.85566494761667,0.0004131234494926996,9.943152998786411,210.3931529987864,,,,0.0007723221244374003,18.588431755831696,219.03843175583168,0.0004596723976465003,11.063504104476905,211.5135041044769,150.4643196649321,-0.013925780905103468,150.450393884027,9.943152998786411,,
final,2026-08-27,2026-09-29,0.0904109589041095,24600.0,CE,141.9,-0.012553138173593,24293.12296566578,0.990742804324374,0.0058221898334759,0.0918391820216043,0.1088509998301555,test,db31cbb3247a5a9ace5081088f7ea34d96373b7a99e5f8ddbf24d6d3282df2b7,True,0.0058957372465422,0.0123649375069277,0.006389353851384,0.0118374701939428,0.0118328215620693,0.0062348110162037,,0.007312538886204,0.0068113743827104,0.0065177231072457,0.006469200260385501,155.70224359762133,297.60224359762134,0.005941732947400601,143.00703541878786,284.90703541878787,0.0059370843155271,142.89515104618684,284.79515104618685,0.0014168016396618006,34.09991732347229,175.9999173234723,0.0004936166048418004,11.88048132031839,153.7804813203184,0.00033907376966149996,8.160907771659025,150.06090777165903,,,,0.0009156371361682004,22.037771391265284,163.9377713912653,0.0006219858607035,14.970102964745992,156.870102964746,143.00703541878786,-0.1118843726010071,142.89515104618684,8.160907771659025,,
final,2026-08-27,2026-09-29,0.0904109589041095,24750.0,CE,98.4,-0.0186321842499752,24293.12296566578,0.990742804324374,0.0040129058302561,0.0911414212941117,0.0960837449380252,test,db31cbb3247a5a9ace5081088f7ea34d96373b7a99e5f8ddbf24d6d3282df2b7,True,0.0040883759341773,0.0099497842717353,0.0043589950379974,0.0094403314508107,0.0094333767007877,0.0042465100207754,,0.0054299545778805,0.0049750820032077,0.0047105085102348,0.005861408337558001,141.07376369041333,239.47376369041334,0.0053519555166333995,128.81213257182887,227.21213257182887,0.005345000766610401,128.64474400157968,227.0447440015797,0.0013415786437032005,32.289432445981284,130.68943244598128,0.0002706191038201007,6.513324665985282,104.91332466598529,0.0001581340865981001,3.8060086380936227,102.20600863809364,,,,0.0008867060690304004,21.341451617302926,119.74145161730293,0.0006221325760575004,14.973634144624278,113.37363414462428,128.81213257182887,-0.16738857024916948,128.64474400157968,3.8060086380936227,,
final,2026-08-27,2026-09-29,0.0904109589041095,24950.0,CE,57.35,-0.0266805174328036,24293.12296566578,0.990742804324374,0.0023200745787462,0.0904814371385257,0.0751517809828394,test,db31cbb3247a5a9ace5081088f7ea34d96373b7a99e5f8ddbf24d6d3282df2b7,True,0.0023828085348075,0.0072363598785189,0.0023923921083585,0.0067698111245149,0.0067622330492032,0.0023425654037356,,0.0035233825243955,0.0031465609163239,0.0029304674704582,0.004853551343711401,116.81642292939036,174.16642292939036,0.0043870025897074,105.58741705196698,162.93741705196697,0.0043794245143956995,105.40502614108286,162.75502614108285,0.0011405739895879998,27.45160483830175,84.80160483830176,9.583573550999737e-06,0.2306597173550108,57.58065971735501,-4.02431310719e-05,-0.9685812071173368,56.38141879288266,,,,0.0007637523815164,18.382173154127027,75.73217315412703,0.0005476589356507001,13.181184933981001,70.531184933981,105.58741705196698,-0.18239091088410664,105.40502614108286,-0.9685812071173368,,
final,2026-08-27,2026-09-29,0.0904109589041095,25100.0,CE,38.25,-0.0326745413730142,24293.12296566578,0.990742804324374,0.0015381432757508,0.0911692682619194,0.0599204269219575,test,db31cbb3247a5a9ace5081088f7ea34d96373b7a99e5f8ddbf24d6d3282df2b7,True,0.0015892314988035,0.0055645832641124,0.0014051577580105,0.005142522843206,0.0051330651292073,0.0013969951542076,,0.0024783807678054,0.0021650614047988,0.0019878519369218,0.0039753517653089,95.67970754262532,133.92970754262532,0.0035532913444024997,85.52145739982222,123.77145739982222,0.0035438336304038,85.29382689997209,123.54382689997209,0.0008891492690019001,21.400255132700277,59.65025513270028,-0.00018407374079299995,-4.430330377061042,33.81966962293896,-0.00019223634459589992,-4.626789858071801,33.6232101419282,,,,0.0005758299059953002,13.859210518354379,52.10921051835438,0.0003986204381182998,9.594091087108737,47.84409108710874,85.52145739982222,-0.2276304998501328,85.29382689997209,-4.626789858071801,,
final,2026-08-27,2026-09-29,0.0904109589041095,25250.0,CE,26.2,-0.0386328509566448,24293.12296566578,0.990742804324374,0.0010473189992874,0.0930008050946414,0.0470886269482135,test,db31cbb3247a5a9ace5081088f7ea34d96373b7a99e5f8ddbf24d6d3282df2b7,True,0.0010885716410105,0.0041828063371385,0.0007569927446008,0.0038131545378311,0.0038030346213947,0.000778247705875,,0.0017019644318358,0.0014507611711482,0.0013110133602371,0.0030942346961280003,74.47277329702334,100.67277329702334,0.0027245828968206,65.57590626780107,91.77590626780108,0.0027144629803842,65.33233772288884,91.53233772288884,0.0006133927908252999,14.763282924312252,40.96328292431225,-0.00033157889640970007,-7.980519387652574,18.219480612347425,-0.0003103239351355001,-7.468949947108423,18.731050052891575,,,,0.00036218953013769997,8.71726336798355,34.91726336798355,0.0002224417192265998,5.3537799664946295,31.55377996649463,65.57590626780107,-0.24356854491223454,65.33233772288884,-7.468949947108423,,
final,2026-08-27,2026-09-29,0.0904109589041095,25500.0,CE,14.55,-0.0484851473996564,24293.12296566578,0.990742804324374,0.0005759196360585,0.0971922644651246,0.0310310962688253,test,db31cbb3247a5a9ace5081088f7ea34d96373b7a99e5f8ddbf24d6d3282df2b7,True,0.0006045311975841,0.0024553140399502,0.0002113666161152,0.0021820115084518,0.0021768635150578,0.0002481643741557,,0.0008617153333481,0.0007011194205004,0.0006147171718312,0.0018507828423661,44.54507966510413,59.09507966510414,0.0015774803108677,37.967169626394856,52.51716962639486,0.0015723323174737002,37.84326650248325,52.39326650248326,0.000257184135764,6.18996867377604,20.73996867377604,-0.00039316458146889993,-9.462778237472524,5.087221762527477,-0.00035636682342839995,-8.577121084245544,5.972878915754457,,,,9.658822291629999e-05,2.32470821861355,16.874708218613552,1.0185974247099998e-05,0.24515843994085176,14.795158439940852,37.967169626394856,-0.12390312391160337,37.84326650248325,-8.577121084245544,,
final,2026-08-27,2026-09-29,0.0904109589041095,26000.0,CE,6.8,-0.067903233256758,24293.12296566578,0.990742804324374,0.0002639821963852,0.1119658190285695,0.0162305372156591,test,db31cbb3247a5a9ace5081088f7ea34d96373b7a99e5f8ddbf24d6d3282df2b7,True,0.0002825300442316,0.0006502095713511,3.889200332390192e-06,0.0005481825788153,0.000551046338947,1.2566224069320267e-05,,0.0001796531173915,0.0001303355780798,0.0001060483179847,0.0003676795271195,8.849397915223474,15.649397915223474,0.00026565253458369996,6.393788101655082,13.193788101655082,0.00026851629471540004,6.4627137585653465,13.262713758565347,-0.00010287692684010001,-2.476066233645609,4.323933766354391,-0.0002786408438992098,-6.706393805539145,0.09360619446085483,-0.00026996382016227974,-6.497553143755502,0.3024468562444982,,,,-0.00015219446615180002,-3.663052446851505,3.1369475531484947,-0.0001764817262469,-4.2476039733829625,2.5523960266170374,6.393788101655082,0.0689256569102639,6.4627137585653465,-6.497553143755502,,
final,2026-08-27,2026-09-29,0.0904109589041095,26500.0,CE,3.55,-0.0869514282274525,24293.12296566578,0.990742804324374,0.000135213966295,0.1260582601025011,0.0090176366260544,test,db31cbb3247a5a9ace5081088f7ea34d96373b7a99e5f8ddbf24d6d3282df2b7,True,0.0001474973025033,0.0001067393988564,1.6493291276240614e-09,8.920801055799926e-05,9.120725081876792e-05,2.481610411444581e-07,,2.8386783242473953e-05,1.7842058539713126e-05,1.3218914298162958e-05,-4.0757903646900014e-05,-0.9809708753365813,2.5690291246634187,-5.828929194530075e-05,-1.4029204798583956,2.147079520141604,-5.629005168453209e-05,-1.3548022918965,2.1951977081034997,-0.00011911051926082606,-2.8667801797007844,0.6832198202992155,-0.0001474956531741724,-3.549960303554855,3.969644514478787e-05,-0.00014724914146215556,-3.5440272013027654,0.005972798697234438,,,,-0.00012965524396358689,-3.120573110550831,0.42942688944916885,-0.00013427838820513705,-3.23184404079127,0.31815595920872974,-1.4029204798583956,0.04811818796189558,-1.3548022918965,-3.5440272013027654,,
final,2026-08-27,2026-09-29,0.0904109589041095,30000.0,CE,1.45,-0.2110040768974313,24293.12296566578,0.990742804324374,4.878494511629959e-05,0.249290040492455,0.0025341648472541,test,db31cbb3247a5a9ace5081088f7ea34d96373b7a99e5f8ddbf24d6d3282df2b7,True,6.0245377078832795e-05,-3.0746736815943525e-14,3.4433404719789077e-11,-3.0107487736878956e-14,4.358108673632339e-14,-9.883900816062844e-15,,5.111959908132955e-14,5.684341819609771e-15,1.3541091332052606e-15,-6.024537710957953e-05,-1.4500000007400198,-7.400198231977129e-10,-6.024537710894028e-05,-1.4500000007246343,-7.246343525224574e-10,-6.024537703525171e-05,-1.4499999989510801,1.0489198398744293e-09,-6.02453770277132e-05,-1.4499999987696415,1.2303584817630053e-09,-6.024534264542807e-05,-1.4499991712486624,8.287513375559996e-07,-6.0245377088716694e-05,-1.450000000237888,-2.3788815362024707e-10,,,,-6.024537707314845e-05,-1.449999999863188,1.3681189514613834e-10,-6.024537707747869e-05,-1.4499999999674091,3.2590818932476395e-11,-1.4500000007246343,1.773554057871182e-09,-1.4499999989510801,-1.450000000237888,,
final,2026-08-27,2026-10-27,0.1671232876712328,22500.0,PE,31.65,0.0819628415419488,24421.84822608156,0.9729131179312392,0.0868613063995671,0.1294864155728282,0.0471932509885107,test,db31cbb3247a5a9ace5081088f7ea34d96373b7a99e5f8ddbf24d6d3282df2b7,True,0.0800258594639475,0.0832302538503282,0.0808105084574509,0.0827953797692109,0.0827923756923558,0.08062825870109,,0.0791662385461767,0.0790263165352224,0.0790319257639826,0.0032043943863807045,76.13748890962863,107.78748890962862,0.0027695203052634093,65.80473440572678,97.45473440572678,0.002766516228408303,65.73335652876773,97.38335652876773,-0.0008596209177707953,-20.424882271492926,11.225117728507072,0.0007846489935034034,18.64352412260123,50.29352412260123,0.0006023992371425035,14.313208583825363,45.96320858382536,,,,-0.0009995429287251029,-23.749476335982976,7.900523664017022,-0.000993933699964894,-23.616199173116534,8.033800826883464,65.80473440572678,-0.07137787695904729,65.73335652876773,14.313208583825363,,
final,2026-08-27,2026-10-27,0.1671232876712328,23400.0,PE,99.75,0.0427421283886674,24421.84822608156,0.9729131179312392,0.0480502293438844,0.1116850290084595,0.1029754370754432,test,db31cbb3247a5a9ace5081088f7ea34d96373b7a99e5f8ddbf24d6d3282df2b7,True,0.0460397327932824,0.0529554795297958,0.0486630175828314,0.0522080770399245,0.0522121300537072,0.048274972123658,,0.0454768477130934,0.0449124862090319,0.0449369760399716,0.006915746736513399,164.32046963102243,264.07046963102243,0.006168344246642102,146.56193496829067,246.31193496829067,0.006172397260424803,146.65823593962008,246.40823593962008,-0.0005628850801890004,-13.374338917966686,86.37566108203332,0.002623284789548999,62.33012934362163,162.08012934362162,0.002235239330375602,53.11003865509171,152.8600386550917,,,,-0.0011272465842505006,-26.783758163965445,72.96624183603456,-0.001102756753310799,-26.201871539929684,73.54812846007032,146.56193496829067,0.09630097132941115,146.65823593962008,53.11003865509171,,
final,2026-08-27,2026-10-27,0.1671232876712328,23700.0,PE,148.85,0.0300031026112378,24421.84822608156,0.9729131179312392,0.0369131797530901,0.1066875618590203,0.1267799762776154,test,db31cbb3247a5a9ace5081088f7ea34d96373b7a99e5f8ddbf24d6d3282df2b7,True,0.0358221192781772,0.0440850095985708,0.0392097904092443,0.0432449189364145,0.0432552467822897,0.0387589677455529,,0.0357466719687045,0.0350095009177948,0.0350419659143171,0.008262890320393596,196.32905450225118,345.1790545022512,0.007422799658237299,176.36821767615382,325.2182176761538,0.0074331275041124995,176.6136107695026,325.46361076950257,-7.544730947270373e-05,-1.7926534613385843,147.05734653866142,0.0033876711310670965,80.49220603660312,229.3422060366031,0.0029368484673756995,69.78050784399026,218.63050784399024,,,,-0.0008126183603824055,-19.308085691430033,129.54191430856997,-0.0007801533638601005,-18.53670644948223,130.31329355051776,176.36821767615382,0.24539309334878612,176.6136107695026,69.78050784399026,,
final,2026-08-27,2026-10-27,0.1671232876712328,24000.0,PE,224.9,0.0174243204043776,24421.84822608156,0.9729131179312392,0.0272087362008272,0.103300323669651,0.1484499714652762,test,db31cbb3247a5a9ace5081088f7ea34d96373b7a99e5f8ddbf24d6d3282df2b7,True,0.0267387489585028,0.0359743877099604,0.0306338363118756,0.0350632794507395,0.0350784349481112,0.0301418484947869,,0.027154050703241,0.0262766059183177,0.0263156164541511,0.009235638751457598,219.44188455737006,444.34188455737007,0.008324530492236696,197.7936457273633,422.69364572736333,0.008339685989608398,198.1537454447895,423.0537454447895,0.00041530174473819806,9.867709205379095,234.7677092053791,0.0038950873533727982,92.54858622581,317.44858622581,0.0034030995362841,80.8587901362681,305.7587901362681,,,,-0.00046214304018509997,-10.980674147447065,213.91932585255293,-0.00042313250435170244,-10.053770688872257,214.84622931112776,197.7936457273633,0.3600997174262274,198.1537454447895,80.8587901362681,,
final,2026-08-27,2026-10-27,0.1671232876712328,24150.0,PE,275.5,0.0111937706537415,24421.84822608156,0.9729131179312392,0.0229821293512816,0.102171455058731,0.1564253826071947,test,db31cbb3247a5a9ace5081088f7ea34d96373b7a99e5f8ddbf24d6d3282df2b7,True,0.0227263071449569,0.0322283204191883,0.0267193708139917,0.0312929951435094,0.0313095110572485,0.0262189270740559,,0.0233403370352544,0.0224148511376248,0.0224561139884613,0.009502013274231402,225.7710328543764,501.27103285437636,0.008566687998552504,203.5473895642222,479.04738956422216,0.008583203912291604,203.93981323232234,479.4398132323223,0.000614029890297501,14.589556816541043,290.08955681654106,0.003993063669034801,94.87653645529082,370.3765364552908,0.0034926199290990015,82.98582479345602,358.485824793456,,,,-0.00031145600733209836,-7.40029954017886,268.0997004598211,-0.00027019315649559963,-6.419880319218981,269.080119680781,203.5473895642222,0.39242366810016854,203.93981323232234,82.98582479345602,,
final,2026-08-27,2026-10-27,0.1671232876712328,24300.0,PE,330.75,0.0050018004058204,24421.84822608156,0.9729131179312392,0.0190043884582326,0.1001616495917808,0.1614400336852046,test,db31cbb3247a5a9ace5081088f7ea34d96373b7a99e5f8ddbf24d6d3282df2b7,True,0.0189095696304369,0.0286992614899106,0.0230747296470757,0.0277487552794255,0.0277650444348888,0.0225757328600596,,0.0198672990778391,0.0189123638164918,0.0189550073403939,0.009789691859473697,232.606372844521,563.356372844521,0.008839185648988598,210.02202543493706,540.7720254349371,0.0088554748044519,210.40906125009937,541.1590612500994,0.0009577294474021995,22.755973949377157,353.50597394937716,0.004165160016638799,98.96560358534734,429.71560358534737,0.0036661632296226994,87.10927201178902,417.859272011789,,,,2.7941860548975905e-06,0.0663908009171406,330.81639080091713,4.543770995699831e-05,1.0796152785167394,331.8296152785167,210.02202543493706,0.38703581516228547,210.40906125009937,87.10927201178902,,
final,2026-08-27,2026-10-27,0.1671232876712328,24450.0,CE,363.45,-0.0011520651685577,24421.84822608156,0.9729131179312392,0.0152788881153694,0.0972350406025036,0.1630836940688292,test,db31cbb3247a5a9ace5081088f7ea34d96373b7a99e5f8ddbf24d6d3282df2b7,True,0.0152965005335601,0.0253936366920489,0.0197126102822547,0.0244378987049044,0.024452209989162,0.0192258749111535,,0.0167408957680485,0.0157766083950077,0.0158196856997643,0.010097136158488802,239.91135284513507,603.3613528451351,0.009141398171344298,217.2026966616137,580.6526966616136,0.009155709455601901,217.54273759136845,580.9927375913685,0.0014443952344883985,34.319316815179114,397.7693168151791,0.004416109748694601,104.92825366440127,468.37825366440126,0.0039293743775934,93.36325745898763,456.8132574589876,,,,0.0004801078614476012,11.407524345865383,374.8575243458654,0.0005231851662041986,12.431055602536505,375.8810556025365,217.2026966616137,0.3400409297547497,217.54273759136845,93.36325745898763,,
final,2026-08-27,2026-10-27,0.1671232876712328,24600.0,CE,293.65,-0.0072682921859938,24421.84822608156,0.9729131179312392,0.0122693297581401,0.0961539720868949,0.1608787909787776,test,db31cbb3247a5a9ace5081088f7ea34d96373b7a99e5f8ddbf24d6d3282df2b7,True,0.0123588317008664,0.0223162580686328,0.0166426334030755,0.0213659028204659,0.0213772344322288,0.0161793504441911,,0.0139601257194955,0.0130068061178562,0.0130493587512915,0.009957426367766399,236.5918012047679,530.2418012047679,0.009007071119599499,214.01104071066368,507.66104071066366,0.0090184027313624,214.28028361927474,507.93028361927475,0.0016012940186290996,38.047284723317745,331.6972847233177,0.0042838017022091,101.7845699578141,395.43456995781406,0.003820518743324699,90.77681095848524,384.42681095848525,,,,0.0006479744169897994,15.396090193194642,309.04609019319463,0.0006905270504250997,16.40715508271812,310.0571550827181,214.01104071066368,0.2692429086110499,214.28028361927474,90.77681095848524,,
final,2026-08-27,2026-10-27,0.1671232876712328,24800.0,CE,212.35,-0.0153655024186131,24421.84822608156,0.9729131179312392,0.0088008886324885,0.0940818881157674,0.1517145366882645,test,db31cbb3247a5a9ace5081088f7ea34d96373b7a99e5f8ddbf24d6d3282df2b7,True,0.0089371629888609,0.0185730759706564,0.0130135087346158,0.0176469848199151,0.0176523055178457,0.0125983145057279,,0.0107757324363014,0.0098666727024653,0.0099071320941536,0.0096359129817955,228.95253496379024,441.3025349637902,0.008709821831054199,206.94829758946662,419.29829758946664,0.0087151425289848,207.07471916273002,419.42471916273,0.0018385694474404995,43.68502875583679,256.0350287558368,0.004076345745754901,96.85534662285241,309.2053466228524,0.0036611515168670002,86.99019203025581,299.3401920302558,,,,0.0009295097136043998,22.08546357830844,234.43546357830843,0.000969969105292701,23.046792339540506,235.3967923395405,206.94829758946662,0.12642157326340778,207.07471916273002,86.99019203025581,,
final,2026-08-27,2026-10-27,0.1671232876712328,25100.0,CE,127.8,-0.0273896953854149,24421.84822608156,0.9729131179312392,0.0052333896750843,0.0934711078559215,0.1278584897047989,test,db31cbb3247a5a9ace5081088f7ea34d96373b7a99e5f8ddbf24d6d3282df2b7,True,0.0053787117022671,0.0137307762051699,0.0085643206462039,0.0128769868492815,0.0128750036767297,0.0082509123461653,,0.0070426159289885,0.0062512759337125,0.0062862097520644,0.0083520645029028,198.44786308607485,326.24786308607486,0.007498275147014399,178.1615406872473,305.9615406872473,0.0074962919744626,178.1144198400725,305.91441984007247,0.0016639042267214002,39.534924336131226,167.33492433613122,0.0031856089439367997,75.69114047579843,203.49114047579843,0.0028722006438982005,68.24445380396021,196.0444538039602,,,,0.0008725642314454003,20.732419759869053,148.53241975986904,0.0009074980497973005,21.562459039254676,149.36245903925467,178.1615406872473,-0.04712084717483223,178.1144198400725,68.24445380396021,,
final,2026-08-27,2026-10-27,0.1671232876712328,25500.0,CE,58.35,-0.0432003014120571,24421.84822608156,0.9729131179312392,0.0023519420716448,0.0927244823523071,0.0870356115175848,test,db31cbb3247a5a9ace5081088f7ea34d96373b7a99e5f8ddbf24d6d3282df2b7,True,0.0024557733006829,0.0086735776086885,0.0043879703371805,0.0079729470527737,0.0079699381128417,0.0042347547240949,,0.0037195862369103,0.0031369353811707,0.0031622029432986,0.006217804308005601,147.7371226697603,206.0871226697603,0.0055171737520908,131.08990489674414,189.43990489674414,0.0055141648121588005,131.0184114714417,189.3684114714417,0.0012638129362273999,30.02862064196202,88.37862064196202,0.0019321970364976002,45.909651777824365,104.25965177782436,0.0017789814234119997,42.269197253354065,100.61919725335406,,,,0.0006811620804877999,16.184640245664774,74.53464024566478,0.0007064296426157,16.785006024441227,75.13500602444122,131.08990489674414,-0.07149342530245607,131.0184114714417,42.269197253354065,,
final,2026-08-27,2026-10-27,0.1671232876712328,26500.0,CE,12.85,-0.0816665822398532,24421.84822608156,0.9729131179312392,0.0004984059228314,0.106742117721266,0.029477938464883,test,db31cbb3247a5a9ace5081088f7ea34d96373b7a99e5f8ddbf24d6d3282df2b7,True,0.0005408172564485,0.001909717463537,0.0003663110178498,0.0016728822977562,0.0016813562059963,0.0004234738913478,,0.000521847688488,0.0003679146177715,0.0003740904360738,0.0013689002070885001,32.525529559833146,45.37552955983315,0.0011320650413077001,26.898246325071113,39.748246325071115,0.0011405389495478002,27.09958923635381,39.94958923635381,-1.8969567960500002e-05,-0.4507233180633287,12.399276681936671,-0.0001745062385987,-4.146326951026871,8.70367304897313,-0.0001173433651007,-2.7881178412199352,10.061882158780065,,,,-0.00017290263867699996,-4.108224877270644,8.741775122729356,-0.0001667268203747,-3.9614853562248777,8.888514643775121,26.898246325071113,0.2013429112826986,27.09958923635381,-2.7881178412199352,,
final,2026-08-27,2026-11-23,0.2410958904109589,23500.0,PE,173.3,0.0442563624700684,24563.381661969703,0.959118896592674,0.0529390779757053,0.1186998192477151,0.1435512898102517,test,db31cbb3247a5a9ace5081088f7ea34d96373b7a99e5f8ddbf24d6d3282df2b7,True,0.0506472744489902,0.059057526566039,0.0549130518488696,0.0579730191211219,0.0579775434656088,0.054246523787675,,0.04927493962194,0.0481250085033344,0.0491159832780015,0.008410252117048801,198.13884124821482,371.4388412482148,0.0073257446721317,172.58870963856455,345.8887096385646,0.007330269016618603,172.69529959110895,345.99529959110896,-0.001372334827050195,-32.33111548286266,140.96888451713735,0.004265777399879399,100.49831791862113,273.79831791862114,0.0035992493386848012,84.79544767567066,258.0954476756707,,,,-0.0025222659456557994,-59.42257673571868,113.87742326428133,-0.0015312911709886995,-36.07600033990305,137.22399966009698,172.58870963856455,0.10658995254440658,172.69529959110895,84.79544767567066,,
final,2026-08-27,2026-11-23,0.2410958904109589,24300.0,PE,378.75,0.0107804332736791,24563.381661969703,0.959118896592674,0.0270895206475694,0.1078152152957408,0.1907686607417715,test,db31cbb3247a5a9ace5081088f7ea34d96373b7a99e5f8ddbf24d6d3282df2b7,True,0.0267990523778373,0.0379284207159806,0.0329753179624934,0.0367016759108066,0.0367215441752843,0.0322410114228813,,0.0270041130406003,0.0253445584276229,0.0267802299884595,0.011129368338143299,262.19905368521637,640.9490536852163,0.0099026235329693,233.29792315766497,612.047923157665,0.009922491797447003,233.76600364400912,612.5160036440091,0.0002050606627630007,4.831065887203075,383.58106588720307,0.0061762655846561015,145.507897879096,524.2578978790959,0.0054419590450439995,128.2082206690883,506.9582206690883,,,,-0.0014544939502144014,-34.26671898620181,344.4832810137982,-1.8822389377799037e-05,-0.44344050201297525,378.30655949798705,233.29792315766497,0.4680804863441501,233.76600364400912,128.2082206690883,,
final,2026-08-27,2026-11-23,0.2410958904109589,25000.0,CE,269.8,-0.0176190412480189,24563.381661969703,0.959118896592674,0.0112519939272797,0.0963222747319106,0.1843207197331929,test,db31cbb3247a5a9ace5081088f7ea34d96373b7a99e5f8ddbf24d6d3282df2b7,True,0.0114520000565522,0.0235127022056985,0.0185254960902864,0.0223544224092692,0.0223711894583261,0.0179249496213046,,0.0137870361531652,0.0121647608169946,0.0135676168387474,0.012060702149146299,284.1405364801664,553.9405364801664,0.010902422352717,256.8523870273707,526.6523870273707,0.010919189401773898,257.2474053484685,527.0474053484685,0.0023350360966129993,55.01159061780949,324.8115906178095,0.007073496033734198,166.64593262987015,436.4459326298702,0.0064729495647524,152.4975361461848,422.2975361461848,,,,0.0007127607604423998,16.79207581363331,286.5920758136333,0.0021156167821952,49.842246334052604,319.64224633405263,256.8523870273707,0.395018321097796,257.2474053484685,152.4975361461848,,
final,2026-08-28,2026-09-29,0.0876712328767123,21600.0,PE,7.75,0.11980505678597,24349.18482306674,0.9890585501724216,0.1276398406185359,0.1905322236123361,0.0116643909098776,test,33a1708ceba84a807e2b6e7bcf6b94e385ab0f65658eb99578eda92e735a88b5,True,0.1132284541513095,0.1131649388067963,0.1129220971167328,0.1131464905220958,0.113147202911522,0.1129222125384769,,0.1129070182971938,0.1129067422344818,0.1129067100234207,-6.351534451319585e-05,-1.5296253977488516,6.220374602251148,-8.196362921369937e-05,-1.9739111847357904,5.77608881526421,-8.125123978749982e-05,-1.9567548744338574,5.793245125566143,-0.00032143585411570363,-7.741065564090976,0.00893443590902443,-0.00030635703457669583,-7.377925829721023,0.37207417027897716,-0.00030624161283260287,-7.375146154469786,0.3748538455302137,,,,-0.0003217119168276994,-7.74771391873467,0.002286081265330253,-0.0003217441278887956,-7.748489650292434,0.0015103497075656946,-1.9739111847357904,0.017156310301933094,-1.9567548744338574,-7.375146154469786,,
final,2026-08-28,2026-09-29,0.0876712328767123,21950.0,PE,9.7,0.103731231954909,24349.18482306674,0.9890585501724216,0.1097490719460093,0.1741510333969602,0.0148225084529698,test,33a1708ceba84a807e2b6e7bcf6b94e385ab0f65658eb99578eda92e735a88b5,True,0.0989352270607758,0.0990428055597629,0.0985769199405481,0.0990058557893415,0.0990095243612766,0.0985761666919545,,0.0985355511472075,0.0985335167340825,0.0985332217419052,0.0001075784989870987,2.5907881876981342,12.290788187698134,7.062872856569702e-05,1.700935385816174,11.400935385816172,7.429730050079186e-05,1.7892847578993858,11.489284757899386,-0.00039967591356830645,-9.62530287678031,0.07469712321968913,-0.00035830712022770494,-8.62902776478968,1.07097223521032,-0.0003590603688213012,-8.647168076999497,1.052831923000502,,,,-0.000401710326693297,-9.674297179013097,0.025702820986902353,-0.0004020053188706074,-9.681401407605568,0.01859859239443118,1.700935385816174,0.08834937208321181,1.7892847578993858,-8.647168076999497,,
final,2026-08-28,2026-09-29,0.0876712328767123,22500.0,PE,13.8,0.0789830622657149,24349.18482306674,0.9890585501724216,0.0828061104631937,0.146884516581937,0.0218232772878926,test,33a1708ceba84a807e2b6e7bcf6b94e385ab0f65658eb99578eda92e735a88b5,True,0.0765174480772288,0.077316414511794,0.076153883963646,0.0772219659004743,0.0772295527866368,0.0761455215719163,,0.0759954540227549,0.075970031925911,0.0759652277057848,0.0007989664345652014,19.24132443311982,33.041324433119826,0.0007045178232455013,16.966740302875387,30.766740302875387,0.0007121047094080096,17.149453533086884,30.949453533086885,-0.0005219940544738955,-12.571062462414611,1.2289375375853897,-0.0003635641135827927,-8.755630723702522,5.044369276297479,-0.0003719265053124948,-8.957020275687395,4.842979724312606,,,,-0.0005474161513178005,-13.183296959361867,0.616703040638134,-0.0005522203714439927,-13.298995884995074,0.5010041150049265,16.966740302875387,0.1827132302114971,17.149453533086884,-8.957020275687395,,
final,2026-08-28,2026-09-29,0.0876712328767123,23100.0,PE,26.05,0.0526657539483413,24349.18482306674,0.9890585501724216,0.0552174459271968,0.120668378560185,0.0388171285162692,test,33a1708ceba84a807e2b6e7bcf6b94e385ab0f65658eb99578eda92e735a88b5,True,0.0523846284870245,0.0548993858208213,0.0522625168229855,0.0546869629380761,0.0546879304595588,0.0522184145470373,,0.0518540480734573,0.0516760697871855,0.0516351414621152,0.002514757333796802,60.562321064819294,86.6123210648193,0.002302334451051602,55.446589756102576,81.49658975610258,0.0023033019725343037,55.46989035289774,81.51989035289775,-0.0005305804135671971,-12.777845768778906,13.272154231221094,-0.00012211166403899854,-2.940787050861719,23.109212949138282,-0.00016621393998719758,-4.00289199425659,22.04710800574341,,,,-0.0007085586998389973,-17.064055802207932,8.985944197792069,-0.0007494870249092969,-18.049723218399695,8.000276781600306,55.446589756102576,0.023300596795170016,55.46989035289774,-4.00289199425659,,
final,2026-08-28,2026-09-29,0.0876712328767123,23300.0,PE,35.85,0.0440450109044344,24349.18482306674,0.9890585501724216,0.0465850391980843,0.1140186215433924,0.0493294695614433,test,33a1708ceba84a807e2b6e7bcf6b94e385ab0f65658eb99578eda92e735a88b5,True,0.0445777310904922,0.0479153982371508,0.0446165865992698,0.0476511635683811,0.0476502016927192,0.044549119220586,,0.044147088854969,0.0438622093675348,0.0437935895657211,0.0033376671466585975,80.38026835704632,116.23026835704633,0.003073432477888903,74.0167657512798,109.86676575127981,0.003072470602226998,73.99360112148518,109.8436011214852,-0.0004306422355232001,-10.371057668793322,25.47894233120668,3.8855508777600745e-05,0.935748259325328,36.78574825932533,-2.861186990620046e-05,-0.6890530661691938,35.16094693383081,,,,-0.000715521722957399,-17.23174468256671,18.61825531743329,-0.0007841415247710967,-18.88429954859468,16.965700451405322,74.0167657512798,-0.023164629794622426,73.99360112148518,-0.6890530661691938,,
final,2026-08-28,2026-09-29,0.0876712328767123,23500.0,PE,52.2,0.0354979503259759,24349.18482306674,0.9890585501724216,0.0383813738305834,0.1088665415988228,0.0632754295483881,test,33a1708ceba84a807e2b6e7bcf6b94e385ab0f65658eb99578eda92e735a88b5,True,0.0370428123804889,0.0412639531061684,0.037252243683533,0.0409442313669236,0.0409456747136458,0.0371552734386534,,0.0367796434922886,0.0363611343329531,0.0362564699259673,0.004221140725679501,101.65675886603962,153.85675886603963,0.0039014189864347015,93.95697393517656,146.15697393517655,0.003902862333156898,93.99173372150773,146.19173372150772,-0.00026316888820029916,-6.337835658041224,45.86216434195878,0.00020943130304409974,5.043685784516773,57.24368578451678,0.00011246105816450219,2.7083737346397316,54.90837373463973,,,,-0.0006816780475357997,-16.416695250420567,35.783304749579436,-0.0007863424545215963,-18.937304032327358,33.26269596767264,93.95697393517656,0.03475978633116663,93.99173372150773,2.7083737346397316,,
final,2026-08-28,2026-09-29,0.0876712328767123,23650.0,PE,68.65,0.0291352565381473,24349.18482306674,0.9890585501724216,0.0324987003370406,0.1046988180101206,0.0748442779458448,test,33a1708ceba84a807e2b6e7bcf6b94e385ab0f65658eb99578eda92e735a88b5,True,0.0315655028517791,0.0365283516545942,0.0319758831384964,0.0361664276486495,0.0361730357837524,0.0318539728388843,,0.0315583989014697,0.0310298796914195,0.0308946818264737,0.004962848802815098,119.51914347872741,188.16914347872742,0.004600924796870402,110.8030110891283,179.45301108912832,0.004607532931973302,110.96215328323308,179.61215328323308,-7.103950309401974e-06,-0.1710827974073177,68.47891720259268,0.0004103802867172976,9.8830938273163,78.5330938273163,0.0002884699871051957,6.947156189520746,75.59715618952075,,,,-0.0005356231603595996,-12.899289077119505,55.7507109228805,-0.0006708210253054021,-16.15522808725199,52.494771912748014,110.8030110891283,0.15914219410477257,110.96215328323308,6.947156189520746,,
final,2026-08-28,2026-09-29,0.0876712328767123,23800.0,PE,94.1,0.0228127907986603,24349.18482306674,0.9890585501724216,0.0270725127449085,0.1023095063676848,0.0879404279031536,test,33a1708ceba84a807e2b6e7bcf6b94e385ab0f65658eb99578eda92e735a88b5,True,0.0264619044953994,0.0320367144060125,0.0269673878973177,0.0316339390127875,0.0316466333527036,0.0268201461879765,,0.0266649307867633,0.0260276843698379,0.0258617145547753,0.005574809910613102,134.2568617434512,228.3568617434512,0.0051720345173881,124.55691481271788,218.65691481271787,0.005184728857304203,124.86262967409745,218.96262967409746,0.00020302629136390027,4.889435364968539,98.98943536496853,0.0005054834019183017,12.173440223631095,106.27344022363108,0.00035824169257709856,8.627452085765192,102.72745208576518,,,,-0.0004342201255615012,-10.457223169663761,83.64277683033623,-0.0006001899406241004,-14.454235959646939,79.64576404035306,124.55691481271788,0.30571486137957904,124.86262967409745,8.627452085765192,,
final,2026-08-28,2026-09-29,0.0876712328767123,23950.0,PE,128.55,0.016530047619165,24349.18482306674,0.9890585501724216,0.0220942340748286,0.1004019468181853,0.1003608458703273,test,33a1708ceba84a807e2b6e7bcf6b94e385ab0f65658eb99578eda92e735a88b5,True,0.0217320173113499,0.0278125023564684,0.0222819961518283,0.0273721936677956,0.0273879608100959,0.0221118389953673,,0.0221563527162937,0.021422175514092,0.02122836068117,0.006080485045118499,146.43491941877124,274.98491941877126,0.0056401763564456996,135.8310667874834,264.3810667874834,0.0056559434987459994,136.21078324021315,264.7607832402132,0.0004243354049437986,10.21917172205887,138.76917172205887,0.0005499788404783983,13.245013611560323,141.79501361156034,0.0003798216840174007,9.147158044117209,137.69715804411723,,,,-0.00030984179725790026,-7.46184856592204,121.08815143407797,-0.0005036566301798995,-12.129446501037505,116.4205534989625,135.8310667874834,0.37971645272975363,136.21078324021315,9.147158044117209,,
final,2026-08-28,2026-09-29,0.0876712328767123,24100.0,PE,170.0,0.0102865309794799,24349.18482306674,0.9890585501724216,0.0174715952814099,0.0974857474005985,0.1102763368680671,test,33a1708ceba84a807e2b6e7bcf6b94e385ab0f65658eb99578eda92e735a88b5,True,0.0172927943724461,0.023877317776849,0.0179761951151605,0.0234049315446817,0.0234178546637948,0.0177890993357491,,0.0180811494457987,0.0172722512486299,0.0170567524760701,0.006584523404402902,158.57355901382067,328.57355901382067,0.006112137172235601,147.19719029838578,317.19719029838575,0.0061250602913487,147.50841479641906,317.50841479641906,0.0007883550733526028,18.985773467603043,188.98577346760305,0.0006834007427144011,16.458182521220472,186.45818252122046,0.0004963049633030028,11.952398002648996,181.952398002649,,,,-2.0543123816198217e-05,-0.4947353144219765,169.50526468557803,-0.00023604189637599707,-5.684542568363388,164.31545743163662,147.19719029838578,0.3112244980332824,147.50841479641906,11.952398002648996,,
final,2026-08-28,2026-09-29,0.0876712328767123,24250.0,PE,223.6,0.0040817540925971,24349.18482306674,0.9890585501724216,0.0134127173492477,0.0950437996884106,0.1166382800949818,test,33a1708ceba84a807e2b6e7bcf6b94e385ab0f65658eb99578eda92e735a88b5,True,0.0133580815161881,0.0202499147226516,0.0141036173528179,0.0197530692354095,0.0197600769811981,0.0139093984395047,,0.0144742120528468,0.0136212387260431,0.013392891847176,0.006891833206463499,165.97443012318544,389.57443012318544,0.006394987719221399,154.00901480713492,377.60901480713494,0.00640199546501,154.1777807332488,377.7777807332488,0.0011161305366587,26.879514378159524,250.4795143781595,0.0007455358366298005,17.954567662054572,241.55456766205458,0.0005513169233165999,13.27723835204299,236.87723835204298,,,,0.00026315720985499967,6.337554411143948,229.93755441114394,3.4810330987899984e-05,0.8383291752762709,224.43832917527627,154.00901480713492,0.16876592611387667,154.1777807332488,13.27723835204299,,
final,2026-08-28,2026-09-29,0.0876712328767123,24400.0,CE,239.35,-0.0020847608230668,24349.18482306674,0.9890585501724216,0.0099179429041871,0.0926094100224132,0.1178949880765825,test,33a1708ceba84a807e2b6e7bcf6b94e385ab0f65658eb99578eda92e735a88b5,True,0.0099386410108034,0.0169452022236824,0.0107098846750152,0.0164335186582313,0.0164352118122362,0.0105216516724104,,0.0113531777255566,0.0104916460556535,0.0102608533845235,0.007006561212878999,168.73739824988405,408.087398249884,0.006494877647427901,156.41464091740863,395.76464091740866,0.0064965708014328005,156.4554167549333,395.8054167549333,0.0014145367147532003,34.06596156437739,273.41596156437737,0.0007712436642117997,18.57368334648898,257.923683346489,0.0005830106616070002,14.040511343950161,253.39051134395015,,,,0.0005530050448500998,13.317892993719253,252.66789299371925,0.00032221237372010055,7.759766306688516,247.1097663066885,156.41464091740863,0.04077583752468821,156.4554167549333,14.040511343950161,,
final,2026-08-28,2026-09-29,0.0876712328767123,24550.0,CE,172.1,-0.0082134827644403,24349.18482306674,0.9890585501724216,0.0070877333785415,0.0908141704293587,0.1131938059545623,test,33a1708ceba84a807e2b6e7bcf6b94e385ab0f65658eb99578eda92e735a88b5,True,0.007146188084225,0.0139733078483486,0.007826860239372,0.0134580403580586,0.0134559516850717,0.0076593866813999,,0.0087167108234539,0.0078825624825532,0.007659872053072,0.006827119764123601,164.41595121171076,336.5159512117108,0.0063118522738336,152.0068830436534,324.1068830436534,0.0063097636008467,151.95658201367647,324.05658201367646,0.0015705227392288999,37.82253702752918,209.9225370275292,0.0006806721551469996,16.392470575940667,188.49247057594067,0.0005131985971749001,12.359243492172487,184.45924349217248,,,,0.0007363743983282,17.733934855707663,189.83393485570767,0.000513683968847,12.370932586243883,184.4709325862439,152.0068830436534,-0.05030102997693519,151.95658201367647,12.359243492172487,,
final,2026-08-28,2026-09-29,0.0876712328767123,24700.0,CE,118.65,-0.0143048721578422,24349.18482306674,0.9890585501724216,0.0048567839829694,0.0891890534535418,0.1027287427587736,test,33a1708ceba84a807e2b6e7bcf6b94e385ab0f65658eb99578eda92e735a88b5,True,0.0049267589552197,0.0113387778228803,0.0054671058273917,0.010832229009571,0.010826433207336,0.0053341332364452,,0.006544992862727,0.0057701921538074,0.0055648861507563,0.0064120188676606,154.41917202827727,273.0691720282773,0.005905470054351301,142.22007374775913,260.87007374775914,0.005899674252116301,142.08049477881968,260.73049477881966,0.0016182339075073004,38.9715540928424,157.62155409284242,0.0005403468721720001,13.013049139593747,131.66304913959374,0.00040737428122549976,9.810700890125018,128.46070089012503,,,,0.0008434331985877003,20.312207258771313,138.96220725877131,0.0006381271955365996,15.367870122852569,134.01787012285257,142.22007374775913,-0.13957896893944727,142.08049477881968,9.810700890125018,,
final,2026-08-28,2026-09-29,0.0876712328767123,24900.0,CE,69.6,-0.0223694319945726,24349.18482306674,0.9890585501724216,0.0028261023802931,0.0884414847222083,0.0829292668851272,test,33a1708ceba84a807e2b6e7bcf6b94e385ab0f65658eb99578eda92e735a88b5,True,0.0028900330660201,0.008347130572747,0.0031121241017595,0.0078716875475213,0.007864679924997,0.0030386258873924,,0.0043087057660793,0.0036495454970895,0.003477680085922,0.0054570975067269,131.42202106055137,201.02202106055137,0.0049816544815011994,119.97203630266839,189.57203630266838,0.0049746468589769,119.80327334510027,189.40327334510027,0.0014186727000592,34.1655675449048,103.7655675449048,0.00022209103573939994,5.348567208176839,74.94856720817684,0.00014859282137229994,3.5785266573970436,73.17852665739704,,,,0.0007595124310693997,18.29116276348561,87.8911627634856,0.0005876470199018997,14.152167691802742,83.75216769180274,119.97203630266839,-0.16876295756812254,119.80327334510027,3.5785266573970436,,
final,2026-08-28,2026-09-29,0.0876712328767123,25100.0,CE,39.45,-0.0303694746616488,24349.18482306674,0.9890585501724216,0.0015891002076028,0.0887522787102613,0.0615015327286818,test,33a1708ceba84a807e2b6e7bcf6b94e385ab0f65658eb99578eda92e735a88b5,True,0.0016381006387139,0.0059299164134328,0.0015699162230583,0.0055059465447852,0.0054973587823377,0.0015548958376646,,0.0027183547989956,0.0021958080396849,0.0020626755467875,0.004291815774718899,103.35880977714424,142.80880977714423,0.0038678459060712995,93.14844118142832,132.5984411814283,0.0038592581436237994,92.94162407840842,132.39162407840843,0.0010802541602816997,26.01551187756606,65.46551187756606,-6.81844156556e-05,-1.6420695615655785,37.807930438434425,-8.320480104930016e-05,-2.003802039886723,37.44619796011328,,,,0.0005577074009709998,13.431138751998876,52.881138751998876,0.0004245749080736001,10.224939620713794,49.6749396207138,93.14844118142832,-0.20681710301989897,92.94162407840842,-2.003802039886723,,
final,2026-08-28,2026-09-29,0.0876712328767123,25400.0,CE,18.2,-0.0422508025484015,24349.18482306674,0.9890585501724216,0.0007244620987766,0.0928372137192157,0.0370224940801444,test,33a1708ceba84a807e2b6e7bcf6b94e385ab0f65658eb99578eda92e735a88b5,True,0.0007557270373788,0.0032855891167655,0.0004146123325503,0.0029658300879777,0.0029571755484085,0.0004483140343945,,0.0012545541349908,0.0009302065160835,0.0008514074190898,0.0025298620793867,60.92608517029529,79.12608517029528,0.0022101030505989,53.225402203965665,71.42540220396566,0.0022014485110297,53.016976922920065,71.21697692292007,0.0004988270976119999,12.013137981706722,30.213137981706723,-0.00034111470482850004,-8.214986788631412,9.985013211368587,-0.0003074130029843,-7.403356473416204,10.796643526583797,,,,0.00017447947870469997,4.201949057479185,22.401949057479186,9.568038171099994e-05,2.3042485725798705,20.50424857257987,53.225402203965665,-0.20842528104559524,53.016976922920065,-7.403356473416204,,
final,2026-08-28,2026-09-29,0.0876712328767123,25800.0,CE,7.8,-0.0578761204514824,24349.18482306674,0.9890585501724216,0.0003056700549655,0.1017180422180555,0.0191864341482201,test,33a1708ceba84a807e2b6e7bcf6b94e385ab0f65658eb99578eda92e735a88b5,True,0.0003238830160194,0.001252182256139,2.935369736690053e-05,0.0010815925361985,0.0010821692923013,5.0724575189130955e-05,,0.0003821693440823,0.0002458284318911,0.0002154693382918,0.0009282992401196,22.356016570183186,30.156016570183187,0.0007577095201791,18.247743676195487,26.047743676195488,0.0007582862762818999,18.261633560441744,26.061633560441745,5.8286328062899983e-05,1.4036962001837285,9.203696200183728,-0.0002945293186524995,-7.093081674128817,0.7069183258711824,-0.00027315844083026906,-6.578411750827373,1.221588249172627,,,,-7.805458412830002e-05,-1.8797705532175293,5.9202294467824705,-0.00010841367772760003,-2.610901604745967,5.189098395254033,18.247743676195487,0.013889884246256375,18.261633560441744,-6.578411750827373,,
final,2026-08-28,2026-09-29,0.0876712328767123,26500.0,CE,2.9,-0.0846463615160872,24349.18482306674,0.9890585501724216,0.0001106445743227,0.1218685286708042,0.0078659494533217,test,33a1708ceba84a807e2b6e7bcf6b94e385ab0f65658eb99578eda92e735a88b5,True,0.0001204180444174,0.0001163078500137,1.565714690077898e-09,9.665912409247482e-05,9.869981146723404e-05,2.40454505384044e-07,,3.0736562052003855e-05,1.426652032848817e-05,1.1316153032101678e-05,-4.110194403700006e-06,-0.0989848641737043,2.8010151358262956,-2.375892032492518e-05,-0.5721806003043335,2.3278193996956666,-2.1718232950165964e-05,-0.5230351967609643,2.3769648032390354,-8.968148236539615e-05,-2.15977846275203,0.7402215372479701,-0.00012041647870270993,-2.899962293251536,3.770674846403921e-05,-0.00012017758991201595,-2.8942091895836954,0.0057908104163044705,,,,-0.00010615152408891183,-2.556422680229884,0.34357731977011596,-0.00010910189138529832,-2.6274756955890743,0.27252430441092557,-0.5721806003043335,0.04914540354336916,-0.5230351967609643,-2.8942091895836954,,
final,2026-08-28,2026-09-29,0.0876712328767123,30000.0,CE,1.25,-0.2086990101860661,24349.18482306674,0.9890585501724216,4.2127603729226095e-05,0.247174574406897,0.0022470435102001,test,33a1708ceba84a807e2b6e7bcf6b94e385ab0f65658eb99578eda92e735a88b5,True,5.190432949030471e-05,-3.102582363150231e-14,5.2015003678013255e-11,-3.0085686935439095e-14,4.2103677938339116e-14,-2.307305575101043e-14,,3.927310531480776e-14,9.275400111488545e-16,2.945076243449423e-16,-5.1904329521330534e-05,-1.2500000007471874,-7.471874230446929e-10,-5.19043295203904e-05,-1.2500000007245466,-7.245466449035121e-10,-5.1904329448201036e-05,-1.2499999989860267,1.0139733497283032e-09,-5.190432945103161e-05,-1.2499999990541948,9.458052119271088e-10,-5.190427747530103e-05,-1.2499987473346588,1.2526653412336941e-06,-5.190432951337777e-05,-1.2500000005556628,-5.556628490666071e-10,,,,-5.190432948937717e-05,-1.249999999977662,2.2337909300063075e-11,-5.19043294900102e-05,-1.2499999999929072,7.092770815120275e-12,-1.2500000007245466,1.7385198302017985e-09,-1.2499999989860267,-1.2500000005556628,,
final,2026-08-28,2026-10-27,0.1643835616438356,22500.0,PE,28.8,0.0838584848010884,24468.187245295303,0.9785469318689703,0.0887830506217516,0.1300757362775335,0.0437972658860438,test,33a1708ceba84a807e2b6e7bcf6b94e385ab0f65658eb99578eda92e735a88b5,True,0.0816414644437343,0.0846492824434961,0.0823386882678544,0.0842415121080122,0.0842392999449543,0.0821734533403185,,0.0808354712455505,0.0806664329070032,0.0806579611920162,0.003007817999761797,72.01699714753303,100.81699714753303,0.0026000476642779047,62.253642087580026,91.05364208758003,0.0025978355012200027,62.20067567118002,91.00067567118002,-0.0008059931981837937,-19.298112405448123,9.501887594551878,0.0006972238241201023,16.693817962664628,45.49381796266463,0.0005319888965842068,12.737553552395187,41.53755355239519,,,,-0.0009750315367310913,-23.34544291080069,5.454557089199312,-0.0009835032517181014,-23.54828346634711,5.251716533652889,62.253642087580026,-0.052966416400001416,62.20067567118002,12.737553552395187,,
final,2026-08-28,2026-10-27,0.1643835616438356,23500.0,PE,102.7,0.0403733728613496,24468.187245295303,0.9785469318689703,0.045665479900842,0.1094526637339545,0.1047683511253119,test,33a1708ceba84a807e2b6e7bcf6b94e385ab0f65658eb99578eda92e735a88b5,True,0.0438585321794171,0.0510584708425294,0.0466554863860052,0.0503078976508704,0.0503129424693094,0.0462663828304029,,0.0434952671758965,0.0426487691836052,0.0425991880156397,0.007199938663112304,172.39007220677428,275.09007220677427,0.0064493654714533055,154.4188959564155,257.1188959564155,0.006454410289892305,154.539685404168,257.23968540416803,-0.00036326500352059504,-8.697751900019583,94.00224809998042,0.002796954206588105,66.96822850770495,169.66822850770495,0.002407850650985803,57.65181719022326,160.35181719022327,,,,-0.0012097629958119013,-28.965681509145973,73.73431849085404,-0.001259344163777397,-30.15281677870857,72.54718322129143,154.4188959564155,0.12078944775250434,154.539685404168,57.65181719022326,,
final,2026-08-28,2026-10-27,0.1643835616438356,23900.0,PE,175.9,0.023495335073998,24468.187245295303,0.9785469318689703,0.0312947100408223,0.1026552289590648,0.1362839492272356,test,33a1708ceba84a807e2b6e7bcf6b94e385ab0f65658eb99578eda92e735a88b5,True,0.0305680009098126,0.0395738692414119,0.0344281926343581,0.0387082179630476,0.0387216542071241,0.0339635688732655,,0.0310175405871968,0.0298444483469947,0.0297736182987364,0.0090058683315993,215.62993306084627,391.52993306084625,0.008140217053235001,194.90341116036655,370.8034111603665,0.008153653297311495,195.22511877412742,371.12511877412743,0.0004495396773841996,10.763449672302217,186.66344967230222,0.0038601917245454954,92.42561100357123,268.3256110035712,0.0033955679634528994,81.30099904901431,257.2009990490143,,,,-0.0007235525628179022,-17.324214050409218,158.5757859495908,-0.0007943826110762033,-19.020116988612813,156.8798830113872,194.90341116036655,0.32170761376088547,195.22511877412742,81.30099904901431,,
final,2026-08-28,2026-10-27,0.1643835616438356,24150.0,PE,250.5,0.0130894139128812,24468.187245295303,0.9785469318689703,0.0237755302290077,0.1004306081904337,0.152569557415125,test,33a1708ceba84a807e2b6e7bcf6b94e385ab0f65658eb99578eda92e735a88b5,True,0.0234663503787326,0.0331096233665634,0.0276277420682068,0.0321945055979642,0.0322106932605655,0.0271391748954203,,0.024308792427003,0.022989419367965,0.0229089023685724,0.009643272987830801,230.89148456206198,481.391484562062,0.008728155219231596,208.98057315183536,459.48057315183536,0.008744342881832897,209.3681587210006,459.8681587210006,0.0008424420482704004,20.170817048124604,270.6708170481246,0.0041613916894742,99.63732295450225,350.1373229545022,0.0036728245166876977,87.93942743963721,338.4394274396372,,,,-0.00047693101076760197,-11.41928775103432,239.08071224896568,-0.0005574480101602011,-13.347127971434606,237.15287202856538,208.98057315183536,0.3875855691652385,209.3681587210006,87.93942743963721,,
final,2026-08-28,2026-10-27,0.1643835616438356,24300.0,PE,300.45,0.0068974436649601,24468.187245295303,0.9785469318689703,0.0195565484966568,0.0976982300725233,0.1587348124305123,test,33a1708ceba84a807e2b6e7bcf6b94e385ab0f65658eb99578eda92e735a88b5,True,0.0194221224361496,0.0295163381228177,0.0238993002528381,0.0285827512881616,0.0285991562426905,0.0234086358062309,,0.0207315098762068,0.0193588239908568,0.019274762918236,0.010094215686668101,241.68852715521044,542.1385271552105,0.009160628852012,219.33540591791234,519.7854059179124,0.009177033806540901,219.72819416627274,520.1781941662728,0.0013093874400572011,31.351016432205316,331.8010164322053,0.0044771778166885,107.19827532084349,407.6482753208435,0.0039865133700812995,95.45016421355406,395.90016421355404,,,,-6.329844529279899e-05,-1.5155717382021765,298.9344282617978,-0.00014735951791360058,-3.528268659236051,296.9217313407639,219.33540591791234,0.39278824836039616,219.72819416627274,95.45016421355406,,
final,2026-08-28,2026-10-27,0.1643835616438356,24450.0,PE,369.45,0.0007435780905818,24468.187245295303,0.9785469318689703,0.0161855559315978,0.0977198333680308,0.1616278110072265,test,33a1708ceba84a807e2b6e7bcf6b94e385ab0f65658eb99578eda92e735a88b5,True,0.016173525180279,0.0261458439194283,0.0204521875684237,0.0252034506451407,0.0252181351050865,0.019970025206344,,0.0175017318355677,0.0161055774458839,0.0160199667149476,0.009972318739149298,238.7699156825582,608.2199156825582,0.009029925464861699,216.20593948732326,585.6559394873233,0.0090446099248075,216.55753347010867,586.0075334701087,0.0013282066552887002,31.801609975349553,401.25160997534954,0.0042786623881446995,102.44516690394047,471.89516690394044,0.0037965000260649986,90.90062349829175,460.3506234982917,,,,-6.794773439510252e-05,-1.6268909204283504,367.8231090795716,-0.00015355846533139997,-3.676691728231821,365.77330827176814,216.20593948732326,0.3515939827853855,216.55753347010867,90.90062349829175,,
final,2026-08-28,2026-10-27,0.1643835616438356,24600.0,CE,303.8,-0.0053726489268541,24468.187245295303,0.9785469318689703,0.0126203384771212,0.0939147811363486,0.1605476710985254,test,33a1708ceba84a807e2b6e7bcf6b94e385ab0f65658eb99578eda92e735a88b5,True,0.0126883255970209,0.0230035644074885,0.0172973268978302,0.0220627953764667,0.0220747729894781,0.0168348493336408,,0.0146206881026869,0.0132319088457096,0.0131468177339776,0.010315238810467598,246.98054338673367,550.7805433867337,0.009374469779445801,224.45545688583843,528.2554568858384,0.0093864473924572,224.74224010282313,528.5422401028231,0.0019323625056660004,46.26707635554049,350.0670763555405,0.004609001300809301,110.35456053512753,414.15456053512753,0.004146523736619901,99.28133555154685,403.0813355515469,,,,0.0005435832486887001,13.015160250175077,316.8151602501751,0.00045849213695670077,10.977800825047256,314.7778008250473,224.45545688583843,0.2867832169846867,224.74224010282313,99.28133555154685,,
final,2026-08-28,2026-10-27,0.1643835616438356,24800.0,CE,223.4,-0.0134698591594735,24468.187245295303,0.9785469318689703,0.0092055518470883,0.0930733464540179,0.1527633959181577,test,33a1708ceba84a807e2b6e7bcf6b94e385ab0f65658eb99578eda92e735a88b5,True,0.0093303882105809,0.0191748865724084,0.0135575532062928,0.0182532874888498,0.0182596023081793,0.0131385182305993,,0.0113107951094563,0.009977764495795,0.0098964370274048,0.0098444983618275,235.70947793342927,459.1094779334293,0.0089228992782689,213.64338265204424,437.0433826520442,0.008929214097598401,213.794580073456,437.194580073456,0.0019804068988754,47.41741621286906,270.81741621286903,0.0042271649957119,101.21215095542497,324.61215095542497,0.0038081300200184,91.17908357846756,314.5790835784676,,,,0.0006473762852141005,15.500304901871264,238.90030490187127,0.0005660488168238997,13.553059403793585,236.9530594037936,213.64338265204424,0.15119742141174508,213.794580073456,91.17908357846756,,
final,2026-08-28,2026-10-27,0.1643835616438356,24950.0,CE,174.05,-0.0195000281860646,24468.187245295303,0.9785469318689703,0.0071288884330605,0.092567967367346,0.1426846601996695,test,33a1708ceba84a807e2b6e7bcf6b94e385ab0f65658eb99578eda92e735a88b5,True,0.0072692661953966,0.0165759208867749,0.0111059418184297,0.0156815499544055,0.0156831735726038,0.0107311916264752,,0.0092097039349752,0.0079488185124465,0.0078723198462206,0.009306654691378301,222.83174195218766,396.88174195218767,0.008412283759008899,201.41757763427194,375.46757763427195,0.0084139073772072,201.45645236245196,375.50645236245197,0.0019404377395785995,46.46042385784793,220.51042385784794,0.0038366756230331003,91.8625586461236,265.9125586461236,0.0034619254310785993,82.88981378351487,256.93981378351486,,,,0.0006795523170499002,16.270704305399413,190.32070430539943,0.0006030536508239998,14.439076119180351,188.48907611918037,201.41757763427194,0.0388747281800197,201.45645236245196,82.88981378351487,,
final,2026-08-28,2026-10-27,0.1643835616438356,25200.0,CE,107.4,-0.0294702005059146,24468.187245295303,0.9785469318689703,0.0043553401713342,0.0907923206861915,0.1191212444070987,test,33a1708ceba84a807e2b6e7bcf6b94e385ab0f65658eb99578eda92e735a88b5,True,0.0044856029266624,0.012759740364848,0.0076828409380796,0.0119340171562491,0.0119312053293851,0.0073986288671596,,0.0063748074343626,0.0052775771938634,0.0052119142202196,0.0082741374381856,198.10990303645332,305.50990303645335,0.007448414229586701,178.3393896732684,285.7393896732684,0.0074456024027227,178.27206534471523,285.67206534471524,0.0018892045077002007,45.23373277669284,152.63373277669285,0.0031972380114172003,76.55233154614132,183.95233154614132,0.0029130259404972006,69.74736532067121,177.1473653206712,,,,0.000791974267201,18.962453362022202,126.36245336202221,0.0007263112935572006,17.39026708413619,124.79026708413619,178.3393896732684,-0.06732432855317527,178.27206534471523,69.74736532067121,,
final,2026-08-28,2026-10-27,0.1643835616438356,26000.0,CE,24.45,-0.060722744010019,24468.187245295303,0.9785469318689703,0.0009610010360857,0.0959478088679988,0.049300810879607,test,33a1708ceba84a807e2b6e7bcf6b94e385ab0f65658eb99578eda92e735a88b5,True,0.0010211637947569,0.0045692681184238,0.0015944255647031,0.0040948918606712,0.0040975021051278,0.0015931371564064,,0.0015747103848036,0.0010889404899283,0.0010621087619206,0.0035481043236669,84.95321823890437,109.40321823890437,0.0030737280659143,73.59509962796051,98.04509962796051,0.0030763383103709,73.65759741459529,98.10759741459529,0.0005535465900467001,13.25371521800086,37.70371521800086,0.0005732617699462002,13.725761084704843,38.175761084704845,0.0005719733616495002,13.69491237755712,38.14491237755712,,,,6.777669517140012e-05,1.6227956821903762,26.072795682190375,4.0944967163700045e-05,0.9803563858144154,25.430356385814413,73.59509962796051,0.06249778663476851,73.65759741459529,13.69491237755712,,
final,2026-08-28,2026-11-23,0.2383561643835616,23500.0,PE,145.95,0.0448931631329213,24579.028621162182,0.9895858375405372,0.0521921090948323,0.1105913774424351,0.134739232802888,test,33a1708ceba84a807e2b6e7bcf6b94e385ab0f65658eb99578eda92e735a88b5,True,0.0499008558325428,0.059319930165852,0.0551879824710791,0.0582504540373642,0.0582549797993291,0.0545337830411162,,0.0496632733332459,0.0481917239020243,0.0486250860525432,0.0094190743333092,229.10069719294626,375.05069719294625,0.008349598204821403,203.087766622763,349.037766622763,0.008354123966786302,203.19784699635355,349.14784699635356,-0.0002375824992969025,-5.778733058436332,140.17126694156366,0.005287126638536303,128.59909118166024,274.54909118166023,0.0046329272085734036,112.68696009488158,258.6369600948816,,,,-0.0017091319305184982,-41.57131614216132,104.37868385783867,-0.0012757697799996026,-31.03062314966508,114.91937685033491,203.087766622763,0.11008037359053753,203.19784699635355,112.68696009488158,,
final,2026-08-28,2026-11-23,0.2383561643835616,24150.0,PE,299.8,0.0176092041844529,24579.028621162182,0.9895858375405372,0.0303098817386254,0.1027936939484217,0.1814797184638474,test,33a1708ceba84a807e2b6e7bcf6b94e385ab0f65658eb99578eda92e735a88b5,True,0.029780820685386,0.0417077185050756,0.0368475797003473,0.0405019781727203,0.0405166483487622,0.0361173345011407,,0.0308778530287645,0.0287871659431426,0.0294198081216625,0.011926897819689596,290.0986348708348,589.8986348708348,0.010721157487334296,260.7713420816288,560.5713420816288,0.010735827663376201,261.12816563352055,560.9281656335206,0.0010970323433785005,26.683182000425525,326.48318200042553,0.007066759014961298,171.88519380262383,471.68519380262387,0.006336513815754698,154.12339701242303,453.92339701242304,,,,-0.0009936547422434022,-24.16872254760746,275.63127745239257,-0.00036101256372349927,-8.780929751449236,291.01907024855075,260.7713420816288,0.3568235518917289,261.12816563352055,154.12339701242303,,
final,2026-08-28,2026-11-23,0.2383561643835616,24800.0,CE,355.8,-0.0089500688879019,24579.028621162182,0.9895858375405372,0.0144977561817225,0.0960083140757413,0.1920571269552486,test,33a1708ceba84a807e2b6e7bcf6b94e385ab0f65658eb99578eda92e735a88b5,True,0.01462809449667,0.0273219697348698,0.0222426912625481,0.0261281433017396,0.0261488049190777,0.0215869561309355,,0.0170935093002913,0.0148761229481675,0.0155495443413355,0.012693875238199799,308.7538715845469,664.5538715845469,0.011500048805069602,279.71636126463363,635.5163612646336,0.0115207104224077,280.218914994415,636.018914994415,0.002465414803621299,59.96642880097214,415.76642880097216,0.0076145967658781,185.2102835346166,541.0102835346166,0.0069588616342655,169.26079948658327,525.0607994865833,,,,0.00024802845149749994,6.032810566195025,361.832810566195,0.0009214498446655003,22.41247859087983,378.21247859087987,279.71636126463363,0.5025537297813525,280.218914994415,169.26079948658327,,
final,2026-08-31,2026-09-08,0.021917808219178,23000.0,PE,5.85,0.0499006702484943,24176.833618499935,0.9957134779961864,0.0514221218524296,0.1729637947079987,0.0086259404937526,test,1e435806057655142a50ce380d74dca174e26be98bfec625f8ded211e62c78b1,True,0.0489190942564489,0.0488370705894471,0.0486761588727993,0.0488387521877353,0.0488416900057193,0.0486761988891558,,0.0486779828442902,0.0486776231208949,0.0486778904961087,-8.202366700180153e-05,-1.974572065761572,3.8754279342384277,-8.034206871360139e-05,-1.9340906153816524,3.915909384618347,-7.740425072959994e-05,-1.863367938164919,3.9866320618350803,-0.00024111141215869825,-5.80432302757732,0.04567697242267954,-0.00024293538364959788,-5.848231856410793,0.0017681435892065167,-0.00024289536729309863,-5.847268534693963,0.002731465306037073,,,,-0.00024147113555399863,-5.812982720489433,0.037017279510566325,-0.00024120376034020286,-5.806546143736208,0.043453856263791835,-1.9340906153816524,0.07072267721673332,-1.863367938164919,-5.847268534693963,,
final,2026-08-31,2026-09-08,0.021917808219178,23300.0,PE,8.0,0.0369415256059892,24176.833618499935,0.9957134779961864,0.0379771698842463,0.1423595846341039,0.012477518678169,test,1e435806057655142a50ce380d74dca174e26be98bfec625f8ded211e62c78b1,True,0.0365998323959943,0.0368244795962533,0.0362694534526875,0.0368216426485583,0.036827787755922,0.0362699753451515,,0.036303200937012,0.0362988158827638,0.0363021064758746,0.00022464720025899831,5.4079767766688756,13.407976776668875,0.00022181025256400033,5.339682370001509,13.339682370001508,0.00022795535992770066,5.487614762992448,13.487614762992447,-0.0002966314589822952,-7.1408681682041255,0.8591318317958745,-0.00033037894330679995,-7.953278077107979,0.04672192289202126,-0.0003298570508427981,-7.940714455918903,0.05928554408109665,,,,-0.00030101651323050094,-7.246430452138175,0.753569547861825,-0.00029772592011970134,-7.167215349060308,0.8327846509396917,5.339682370001509,0.14793239299093888,5.487614762992448,-7.940714455918903,,
final,2026-08-31,2026-09-08,0.021917808219178,23450.0,PE,10.9,0.0305243912853557,24176.833618499935,0.9957134779961864,0.031461856832901,0.1298496978601668,0.0164884156445484,test,1e435806057655142a50ce380d74dca174e26be98bfec625f8ded211e62c78b1,True,0.0305160119134452,0.0310406735998455,0.0300721932639245,0.0310313627715345,0.0310363776660438,0.0300737646459727,,0.0301841196232345,0.030172634770997,0.0301812843759815,0.0005246616864003004,12.630285231195982,23.530285231195982,0.0005153508580892988,12.406143807579772,23.306143807579772,0.0005203657525985998,12.526868361513571,23.42686836151357,-0.0003318922902106995,-7.989709178416596,2.9102908215834047,-0.0004438186495206997,-10.684134709416874,0.21586529058312642,-0.00044224726747250226,-10.646306516525403,0.2536934834745974,,,,-0.0003433771424482014,-8.266186312840157,2.6338136871598437,-0.00033472753746370196,-8.057962650005264,2.8420373499947367,12.406143807579772,0.12072455393379915,12.526868361513571,-10.646306516525403,,
final,2026-08-31,2026-09-08,0.021917808219178,23600.0,PE,16.65,0.0241481741460797,24176.833618499935,0.9957134779961864,0.0251506481499973,0.1194836281735096,0.0229810832807814,test,1e435806057655142a50ce380d74dca174e26be98bfec625f8ded211e62c78b1,True,0.0245505803491881,0.0255078943124485,0.023896992343479,0.0254879591467526,0.0254884131478457,0.0239010173482981,,0.0242100016674902,0.024185049513226,0.0242038961939432,0.0009573139632603998,23.045609628449895,39.695609628449894,0.0009373787975644997,22.565706415776067,39.21570641577607,0.0009378327986575979,22.576635674476943,39.22663567447694,-0.0003405786816979006,-8.198818410054821,8.451181589945177,-0.0006535880057090999,-15.733954183755992,0.9160458162440062,-0.0006495630008900022,-15.637059441410816,1.0129405585891824,,,,-0.00036553083596210095,-8.799496587361638,7.850503412638361,-0.00034668415524490015,-8.345796690285656,8.304203309714342,22.565706415776067,0.010929258700874165,22.576635674476943,-15.637059441410816,,
final,2026-08-31,2026-09-08,0.021917808219178,23750.0,PE,29.3,0.0178123556969938,24176.833618499935,0.9957134779961864,0.01921093702225,0.1129333278857624,0.0331864133665996,test,1e435806057655142a50ce380d74dca174e26be98bfec625f8ded211e62c78b1,True,0.0188717745871118,0.020327772857836,0.0178009022884302,0.0202928243167413,0.0202878201988374,0.0178093194405358,,0.0185365836564391,0.018491457008175,0.0185256165482001,0.0014559982707242,35.050536244691614,64.35053624469161,0.0014210497296294998,34.2092130570414,63.50921305704141,0.0014160456117255985,34.088747930474895,63.38874793047489,-0.0003351909306727012,-8.069118006982091,21.23088199301791,-0.0010708722986816008,-25.779322045283948,3.520677954716053,-0.0010624551465760017,-25.57669426688168,3.7233057331183197,,,,-0.00038031757893679935,-9.155460794872555,20.144539205127444,-0.00034615803891169944,-8.333131387052429,20.96686861294757,34.2092130570414,-0.12046512656650579,34.088747930474895,-25.57669426688168,,
final,2026-08-31,2026-09-08,0.021917808219178,23900.0,PE,52.35,0.011516427240179,24176.833618499935,0.9957134779961864,0.0137828026761858,0.1075630728871766,0.0452088431261673,test,1e435806057655142a50ce380d74dca174e26be98bfec625f8ded211e62c78b1,True,0.0136249845268728,0.0156138626106087,0.0119504074269236,0.0155606216448015,0.0155543697533735,0.0119643220641718,,0.0133867538805259,0.0133185860544434,0.0133702653713619,0.0019888780837358996,47.87865807394416,100.22865807394416,0.0019356371179287003,46.596977704365536,98.94697770436554,0.0019293852265006989,46.446474677335125,98.79647467733513,-0.00023823064634690035,-5.734973778660515,46.615026221339484,-0.0016745770999492,-40.312427917311844,12.037572082688158,-0.001660662462701001,-39.97745808458179,12.37254191541821,,,,-0.00030639847242940055,-7.3759914274233,44.9740085725767,-0.00025471915551089977,-6.131904942449765,46.21809505755024,46.596977704365536,-0.1505030270304132,46.446474677335125,-39.97745808458179,,
final,2026-08-31,2026-09-08,0.021917808219178,24050.0,PE,91.85,0.0052598896258739,24176.833618499935,0.9957134779961864,0.0091093151970135,0.1032467949700489,0.0555188553667427,test,1e435806057655142a50ce380d74dca174e26be98bfec625f8ded211e62c78b1,True,0.0090615269950212,0.0114775370205253,0.0067334428554695,0.0114055271200059,0.0114027144137658,0.006752998285523,,0.0090046203977173,0.0089183234180364,0.0089838030299607,0.0024160100255041003,58.16109034549163,150.01109034549162,0.0023440001249847003,56.42758167389379,148.2775816738938,0.0023411874187446013,56.359870836596414,148.2098708365964,-5.6906597303899714e-05,-1.3699238463863754,90.48007615361362,-0.0023280841395516994,-56.04443298786416,35.80556701213583,-0.0023085287094981996,-55.57367122691111,36.276328773088885,,,,-0.00014320357698479995,-3.447368219042343,88.40263178095765,-7.772396506049856e-05,-1.8710644849043154,89.97893551509569,56.42758167389379,-0.06771083729737117,56.359870836596414,-55.57367122691111,,
final,2026-08-31,2026-09-08,0.021917808219178,24200.0,CE,129.2,-0.0009577469849967,24176.833618499935,0.9957134779961864,0.0053618265627484,0.0987233608359552,0.0589620489297407,test,1e435806057655142a50ce380d74dca174e26be98bfec625f8ded211e62c78b1,True,0.0053669642959044,0.0080086177971095,0.0027918070058784,0.0079215176882628,0.0079257506574644,0.0028224106661572,,0.0055732184486405,0.0054813639889452,0.0055510756976975,0.0026416535012051007,63.593050659223515,192.7930506592235,0.0025545533923584003,61.49627239826489,190.69627239826488,0.0025587863615599993,61.59817350859348,190.79817350859346,0.00020625415273610014,4.965197281792816,134.1651972817928,-0.002575157290026,-61.99227412883076,67.20772587116923,-0.0025445536297472,-61.25554612208061,67.94445387791939,,,,0.00011439969304080037,2.753966586315893,131.9539665863159,0.00018411140179310035,4.432150429959152,133.63215042995915,61.49627239826489,0.10190111032859497,61.59817350859348,-61.25554612208061,,
final,2026-08-31,2026-09-08,0.021917808219178,24350.0,CE,69.0,-0.0071369633509547,24176.833618499935,0.9957134779961864,0.0028458744682097,0.0970429284943563,0.0523914691504884,test,1e435806057655142a50ce380d74dca174e26be98bfec625f8ded211e62c78b1,True,0.0028662580218064,0.0052550496023361,0.0006602264870137,0.0051608252999065,0.0051734307009096,0.0007046135620098,,0.0031392571269794,0.0030567895750044,0.0031193516200768,0.0023887915805296998,57.505855300724136,126.50585530072414,0.0022945672781000998,55.23757490929428,124.23757490929428,0.0023071726791032,55.54102723724126,124.54102723724125,0.000272999105173,6.571961810006271,75.57196181000627,-0.0022060315347927,-53.1062363341439,15.893763665856099,-0.0021616444597966,-52.03769744077502,16.96230255922498,,,,0.00019053155319799986,4.58670401291218,73.58670401291218,0.00025309359827040004,6.092772579368305,75.0927725793683,55.23757490929428,0.3034523279469812,55.54102723724126,-52.03769744077502,,
final,2026-08-31,2026-09-08,0.021917808219178,24500.0,CE,32.4,-0.0132782313730372,24176.833618499935,0.9957134779961864,0.0013281420898843,0.0959233516536746,0.0384008172761608,test,1e435806057655142a50ce380d74dca174e26be98bfec625f8ded211e62c78b1,True,0.0013458950711091,0.0032081545798069,5.132195820107405e-05,0.003117405725579,0.0031334888834997,7.725954180896888e-05,,0.0015943665634737,0.0015317188002361,0.0015791962465057,0.0018622595086978,44.8305439086597,77.2305439086597,0.0017715106544699,42.64592867371361,75.0459286737136,0.0017875938123906,43.03310173632185,75.43310173632185,0.00024847149236460015,5.981503703686563,38.38150370368656,-0.0012945731129080258,-31.164516282575438,1.235483717424561,-0.001268635529300131,-30.540115668489513,1.8598843315104858,,,,0.0001858237291270002,4.473371626774022,36.87337162677402,0.00023330117539660002,5.61630564306945,38.01630564306945,42.64592867371361,0.3871730626082437,43.03310173632185,-30.540115668489513,,
final,2026-08-31,2026-09-08,0.021917808219178,24650.0,CE,14.7,-0.0193820143110551,24176.833618499935,0.9957134779961864,0.0005989161516437,0.097712323594896,0.0243048534276801,test,1e435806057655142a50ce380d74dca174e26be98bfec625f8ded211e62c78b1,True,0.0006106375785586,0.0017998441325341,3.184245189347818e-07,0.0017226793271988,0.0017366023027131,2.812093719793034e-06,,0.0007246789718678,0.0006842864062009,0.0007148476984324,0.0011892065539755,28.628006132047584,43.328006132047584,0.0011120417486402,26.770402410530643,41.47040241053064,0.0011259647241545,27.105572972000605,41.805572972000604,0.00011404139330919993,2.7453411655434645,17.445341165543464,-0.0006103191540396653,-14.692334503156122,0.007665496843877406,-0.000607825484838807,-14.632303908021226,0.0676960919787728,,,,7.364882764230001e-05,1.7729628905201258,16.472962890520126,0.0001042101198738,2.508670962832604,17.208670962832603,26.770402410530643,0.33517056146996776,27.105572972000605,-14.632303908021226,,
final,2026-08-31,2026-09-08,0.021917808219178,24800.0,CE,6.9,-0.0254487669932923,24176.833618499935,0.9957134779961864,0.0002794235616972,0.1017734457922343,0.0143664798565424,test,1e435806057655142a50ce380d74dca174e26be98bfec625f8ded211e62c78b1,True,0.0002866258021806,0.0009147055988315,6.083067393364331e-12,0.0008574742625828,0.000867082632101,3.1728952689700856e-08,,0.0002930986719693,0.0002709280662466,0.0002876648738653,0.0006280797966509001,15.119889988688715,22.019889988688718,0.0005708484604022,13.74214863703214,20.64214863703214,0.0005804568299204,13.973452829366481,20.87345282936648,6.472869788700037e-06,0.15582268310191963,7.05582268310192,-0.0002866257960975326,-6.8999998535597,1.4644030077448633e-07,-0.00028659407322791027,-6.899236182603599,0.0007638173964013006,,,,-1.5697735934e-05,-0.3778947223890545,6.522105277610946,1.0390716846999932e-06,0.02501377953374554,6.925013779533746,13.74214863703214,0.23130419233434252,13.973452829366481,-6.899236182603599,,
final,2026-08-31,2026-09-08,0.021917808219178,24950.0,CE,4.2,-0.0314789360198836,24176.833618499935,0.9957134779961864,0.0001690613585802,0.1107132513098713,0.0094884031648738,test,1e435806057655142a50ce380d74dca174e26be98bfec625f8ded211e62c78b1,True,0.0001744678795881,0.0004140378840751,4.130933916351615e-17,0.0003776149451091,0.0003837611028963,1.2711508910961836e-10,,0.0001050449139803,9.465493970552476e-05,0.0001024761012427,0.00023957000448699998,5.76721641381889,9.967216413818889,0.000203147065521,4.890399752676165,9.090399752676166,0.00020929322330819996,5.038357432721139,9.23835743272114,-6.94229656078e-05,-1.671232872440066,2.5287671275599344,-0.0001744678795880587,-4.19999999999595,4.050093593832571e-12,-0.0001744677524730109,-4.199996939930098,3.0600699023608513e-06,,,,-7.981293988257525e-05,-1.9213527916885185,2.2786472083114817,-7.199177834540001e-05,-1.7330724128952137,2.466927587104786,4.890399752676165,0.14795768004497387,5.038357432721139,-4.199996939930098,,
final,2026-08-31,2026-09-08,0.021917808219178,25200.0,CE,2.75,-0.0414491083397335,24176.833618499935,0.9957134779961864,0.0001095967731064,0.1307936301206799,0.006099703730714,test,1e435806057655142a50ce380d74dca174e26be98bfec625f8ded211e62c78b1,True,0.0001142349211589,8.067113884735466e-05,9.396953237867873e-18,6.91998953307911e-05,7.189348540807021e-05,2.2957385501571466e-15,,1.4412786005970051e-05,1.232889646971165e-05,1.3888023316456931e-05,-3.356378231154534e-05,-0.8079876137727929,1.9420123862272072,-4.50350258281089e-05,-1.0841371427478563,1.6658628572521437,-4.2341435750829794e-05,-1.0192938125527913,1.7307061874472087,-9.982213515292995e-05,-2.40303813304668,0.3469618669533201,-0.00011423492115889061,-2.7499999999983755,1.624478329631529e-12,-0.00011423492115660426,-2.7499999999433355,5.666445090923844e-11,,,,-0.00010190602468918835,-2.4532040207329535,0.2967959792670465,-0.00010034689784244307,-2.4156708497459194,0.3343291502540806,-1.0841371427478563,0.0648433301950651,-1.0192938125527913,-2.7499999999433355,,
final,2026-08-31,2026-09-08,0.021917808219178,25400.0,CE,2.0,-0.0493542878468468,24176.833618499935,0.9957134779961864,7.907913191932966e-05,0.1455301414253515,0.00439071618492,test,1e435806057655142a50ce380d74dca174e26be98bfec625f8ded211e62c78b1,True,8.307994266106045e-05,1.526860664476928e-05,1.1663919796304841e-16,1.2367499261038434e-05,1.3246980903460313e-05,1.0259695921171655e-16,,2.2855236346039755e-06,1.8592249690249057e-06,2.176231557533565e-06,-6.781133601629117e-05,-1.632435792425609,0.367564207574391,-7.071244340002202e-05,-1.7022747280533437,0.2977252719466563,-6.983296175760013e-05,-1.6811027913800147,0.3188972086199853,-8.079441902645648e-05,-1.9449801345210802,0.055019865478919794,-8.307994266094382e-05,-1.9999999999971927,2.807309940067171e-12,-8.307994266095786e-05,-1.9999999999975306,2.469358051371273e-12,,,,-8.122071769203555e-05,-1.9552425071690305,0.044757492830969525,-8.090371110352689e-05,-1.9476111444512696,0.052388855548730406,-1.7022747280533437,0.021171936673328763,-1.6811027913800147,-1.9999999999975306,,
final,2026-08-31,2026-09-08,0.021917808219178,25550.0,CE,1.5,-0.0552424304720693,24176.833618499935,0.9957134779961864,5.896115315315969e-05,0.1548649532404839,0.003331349766963,test,1e435806057655142a50ce380d74dca174e26be98bfec625f8ded211e62c78b1,True,6.230995699579534e-05,3.3619027377879617e-06,1.236337217859793e-16,2.627061000482606e-06,2.8763776058636188e-06,-6.812257055472151e-17,,4.952068189576452e-07,3.859886074127338e-07,4.667762484250409e-07,-5.894805425800738e-05,-1.4190682460746649,0.08093175392533514,-5.9682895995312736e-05,-1.436758237515879,0.06324176248412106,-5.943357938993172e-05,-1.4307563892382953,0.06924361076170471,-6.18147501768377e-05,-1.4880787876568977,0.011921212343102283,-6.23099569956717e-05,-1.499999999997024,2.9760638398101946e-12,-6.230995699586347e-05,-1.5000000000016405,-1.6404655411861313e-12,,,,-6.192396838838261e-05,-1.4907080194075861,0.009291980592413873,-6.18431807473703e-05,-1.488763202441549,0.011236797558451084,-1.436758237515879,0.006001848277583545,-1.4307563892382953,-1.5000000000016405,,
final,2026-08-31,2026-09-15,0.0410958904109589,23600.0,PE,34.9,0.0254533291322194,24208.408734173856,0.9972653437791098,0.0272628998044864,0.1113009012171552,0.0422582945049398,test,1e435806057655142a50ce380d74dca174e26be98bfec625f8ded211e62c78b1,True,0.0265777252214688,0.0288477667437598,0.0256812029461213,0.0287490905409498,0.0287473325169805,0.0256808577514596,,0.0262679983516614,0.0261570866679174,0.0260709516353528,0.002270041522290999,54.80381246283943,89.70381246283944,0.0021713653194809987,52.421551142840926,87.32155114284092,0.002169607295511699,52.379108564160056,87.27910856416005,-0.00030972686980740294,-7.477490222511998,27.422509777488003,-0.000896522275347502,-21.644026404114474,13.255973595885525,-0.0008968674700092008,-21.65236016511274,13.24763983488726,,,,-0.0004206385535514001,-10.155143056680986,24.744856943319014,-0.0005067735861160015,-12.234632847857524,22.665367152142473,52.421551142840926,-0.04244257868087173,52.379108564160056,-21.65236016511274,,
final,2026-08-31,2026-09-15,0.0410958904109589,23750.0,PE,53.7,0.0191175106831335,24208.408734173856,0.9972653437791098,0.0215686731747889,0.1068508771742844,0.0542608020631415,test,1e435806057655142a50ce380d74dca174e26be98bfec625f8ded211e62c78b1,True,0.021160250288492,0.0240294507744842,0.0200004409305567,0.0239032172331009,0.0238999895291565,0.0199932827465044,,0.0209870869874495,0.0208324260905371,0.0207101400827731,0.0028692004859922,69.26883222554866,122.96883222554867,0.002742966944608901,66.22127593172877,119.92127593172877,0.0027397392406645,66.1433520347791,119.8433520347791,-0.00017316330104250044,-4.180544268724115,49.51945573127589,-0.0011598093579353007,-28.000357667812015,25.699642332187988,-0.0011669675419875986,-28.17317202936638,25.526827970633622,,,,-0.00032782419795489987,-7.914399665856861,45.78560033414314,-0.00045011020571890034,-10.86665378566873,42.83334621433127,66.22127593172877,-0.0779238969496839,66.1433520347791,-28.17317202936638,,
final,2026-08-31,2026-09-15,0.0410958904109589,23900.0,PE,83.2,0.0128215822263189,24208.408734173856,0.9972653437791098,0.0163948485973169,0.1033933276823563,0.0666416108032086,test,1e435806057655142a50ce380d74dca174e26be98bfec625f8ded211e62c78b1,True,0.0161859825558355,0.019590893491869,0.014710177182461,0.0194366688060957,0.0194333961441039,0.0146929357357651,,0.0162011390466677,0.0160049825639235,0.0158478931944371,0.003404910936033498,82.20206483391812,165.40206483391813,0.0032506862502602006,78.47874053642686,161.67874053642686,0.0032474135882684003,78.3997312529879,161.5997312529879,1.5156490832200081e-05,0.3659111399532183,83.56591113995322,-0.0014758053733745,-35.62919890224755,47.57080109775245,-0.0014930468200704,-36.045445478370326,47.15455452162968,,,,-0.00018099999191200158,-4.369739282350095,78.8302607176499,-0.00033808936139840054,-8.162223367200545,75.03777663279946,78.47874053642686,-0.07900928343895401,78.3997312529879,-36.045445478370326,,
final,2026-08-31,2026-09-15,0.0410958904109589,24050.0,PE,125.35,0.0065650446120136,24208.408734173856,0.9972653437791098,0.0118129922375123,0.0997920067019938,0.0764703106798891,test,1e435806057655142a50ce380d74dca174e26be98bfec625f8ded211e62c78b1,True,0.0117356934291644,0.0155856854238787,0.0100115526310696,0.0154059377427541,0.0154009342200954,0.0099850832466001,,0.0120290420702281,0.0118023677231541,0.0116194346694231,0.0038499919947142993,92.94730391046477,218.29730391046476,0.003670244313589699,88.60779817444586,213.95779817444586,0.0036652407909309997,88.487002094397,213.837002094397,0.0002933486410636992,7.082083632927879,132.43208363292788,-0.001724140798094801,-41.62456414583816,83.72543585416184,-0.0017506101825643001,-42.26359350641532,83.08640649358468,,,,6.667429398969985e-05,1.6096646109873765,126.95966461098737,-0.00011625875974130041,-2.8067430500541195,122.54325694994587,88.60779817444586,-0.12079608004886985,88.487002094397,-42.26359350641532,,
final,2026-08-31,2026-09-15,0.0410958904109589,24200.0,PE,184.75,0.0003474080011431,24208.408734173856,0.9972653437791098,0.0080027003026226,0.0967739758313787,0.0808434493879659,test,1e435806057655142a50ce380d74dca174e26be98bfec625f8ded211e62c78b1,True,0.007999920583383,0.0120579098331566,0.0061265944059628,0.0118584529573012,0.0118517709549182,0.0060999465891591,,0.0085534345370203,0.0083143650248337,0.0081209013728084,0.004057989249773599,97.96881670973329,282.7188167097333,0.0038585323739182,93.15348751356456,277.9034875135645,0.003851850371535199,92.99216922846789,277.7421692284679,0.0005535139536372996,13.36304847855322,198.11304847855322,-0.0018733261774202007,-45.226228463632374,139.52377153636763,-0.0018999739942239004,-45.869565574567766,138.88043442543224,,,,0.00031444444145069944,7.591382813938388,192.3413828139384,0.00012098078942539975,2.9207432684246477,187.67074326842464,93.15348751356456,-0.1613182850966755,92.99216922846789,-45.869565574567766,,
final,2026-08-31,2026-09-15,0.0410958904109589,24350.0,CE,123.3,-0.005831808364815,24208.408734173856,0.9972653437791098,0.0050775403581279,0.0946860067422025,0.0774481996429609,test,1e435806057655142a50ce380d74dca174e26be98bfec625f8ded211e62c78b1,True,0.0051072381120978,0.0090367506667347,0.0032350616713101,0.0088266154628222,0.0088206767324996,0.0032242839568664,,0.0058019692926911,0.0055714544640461,0.0053853146033916,0.0039295125546369,94.86710573353447,218.16710573353447,0.0037193773507244003,89.79397813037124,213.09397813037123,0.0037134386204018006,89.65060407325767,212.95060407325767,0.0006947311805933004,16.77234401197069,140.0723440119707,-0.0018721764407876999,-45.19847128378765,78.10152871621236,-0.0018829541552313998,-45.45866909750625,77.84133090249375,,,,0.0004642163519483003,11.207207288738232,134.50720728873824,0.0002780764912938003,6.713380230952553,130.01338023095255,89.79397813037124,-0.143374057113574,89.65060407325767,-45.45866909750625,,
final,2026-08-31,2026-09-15,0.0410958904109589,24500.0,CE,73.7,-0.0119730763868975,24208.408734173856,0.9972653437791098,0.0030164121154624,0.0934852070606635,0.0666372587451777,test,1e435806057655142a50ce380d74dca174e26be98bfec625f8ded211e62c78b1,True,0.0030527449218297,0.006531930773178,0.0013868616949317,0.0063225087279921,0.0063188622695392,0.0014031803210022,,0.0037414939146857,0.0035379568050861,0.0033747387924404,0.0034791858513483,83.99522521871036,157.69522521871036,0.0032697638061624,78.93931484119037,152.63931484119036,0.0032661173477095,78.85128128618976,152.55128128618975,0.000688748992856,16.62792079695318,90.32792079695318,-0.001665883226898,-40.21809779927204,33.481902200727966,-0.0016495646008274998,-39.82413014976565,33.87586985023435,,,,0.0004852118832564,11.714085752884348,85.41408575288435,0.0003219938706107003,7.773642695893597,81.4736426958936,78.93931484119037,-0.0880335550006111,78.85128128618976,-39.82413014976565,,
final,2026-08-31,2026-09-15,0.0410958904109589,24700.0,CE,34.95,-0.0201032024701477,24208.408734173856,0.9972653437791098,0.0014188598510031,0.094106328493432,0.0468841713042884,test,1e435806057655142a50ce380d74dca174e26be98bfec625f8ded211e62c78b1,True,0.0014476721169328,0.0039704934320869,0.0002734742298012,0.0037808349999492,0.0037814329636862,0.0003084119918415,,0.0019172564462436,0.0017664860837528,0.0016475686734496,0.0025228213151541005,60.90647456237831,95.85647456237831,0.0023331628830164,56.32770142329461,91.27770142329462,0.0023337608467534,56.34213758764681,91.2921375876468,0.0004695843293108001,11.336802109709746,46.28680210970975,-0.0011741978871316,-28.347728518938233,6.60227148106177,-0.0011392601250913,-27.504253833596128,7.445746166403875,,,,0.0003188139668200002,7.696872800151988,42.64687280015199,0.00019989655651680006,4.82594405773594,39.77594405773594,56.32770142329461,0.014436164352199018,56.34213758764681,-27.504253833596128,,
final,2026-08-31,2026-09-15,0.0410958904109589,25500.0,CE,3.55,-0.0519784110005966,24208.408734173856,0.9972653437791098,0.0001395974372747,0.1201420013739138,0.0085119255245518,test,1e435806057655142a50ce380d74dca174e26be98bfec625f8ded211e62c78b1,True,0.0001470453795453,0.000186881180198,7.097652874419204e-16,0.0001567261678295,0.0001592108907027,1.3032167373911076e-09,,4.6753005582084346e-05,3.623513042798343e-05,2.906785847809224e-05,3.983580065270001e-05,0.9617241477038354,4.511724147703835,9.680788284199989e-06,0.23371559524792618,3.783715595247926,1.2165511157400007e-05,0.29370228933603776,3.8437022893360377,-0.00010029237396321565,-2.4212792586216145,1.1287207413783853,-0.00014704537954459023,-3.5499999999804945,1.950528627503445e-11,-0.00014704407632856262,-3.549968537469314,3.14625306856442e-05,,,,-0.00011081024911731657,-2.6752039784087502,0.8747960215912496,-0.00011797752106720776,-2.848237741868542,0.701762258131458,0.23371559524792618,0.05998669408811161,0.29370228933603776,-3.549968537469314,,
final,2026-08-31,2026-09-22,0.0602739726027397,23600.0,PE,54.1,0.0266318386264421,24236.955391656546,0.9971722821865042,0.0292885086864361,0.109310913201479,0.0590619148873668,test,1e435806057655142a50ce380d74dca174e26be98bfec625f8ded211e62c78b1,True,0.0285187967642931,0.0318919522865952,0.0278480747426438,0.0316890767268546,0.0316919430841208,0.0278100964474661,,0.0282198887482643,0.028029055538672,0.0278867638836071,0.0033731555223021,81.52383979697652,135.6238397969765,0.003170279962561501,76.62065803685212,130.72065803685211,0.0031731463198277007,76.68993336347896,130.78993336347895,-0.0002989080160288003,-7.22413450896368,46.87586549103632,-0.000670722021649299,-16.210291603727764,37.88970839627224,-0.0007087003168270017,-17.128166997067552,36.97183300293245,,,,-0.0004897412256211001,-11.836271691457977,42.26372830854203,-0.0006320328806860009,-15.275236190800356,38.824763809199645,76.62065803685212,0.06927532662683294,76.68993336347896,-17.128166997067552,,
final,2026-08-31,2026-09-22,0.0602739726027397,23950.0,PE,126.5,0.0119102268010824,24236.955391656546,0.9971722821865042,0.0172782510363575,0.1033853384950572,0.0872048530663775,test,1e435806057655142a50ce380d74dca174e26be98bfec625f8ded211e62c78b1,True,0.0170736837871647,0.0216015205226782,0.0160407864926783,0.0213199715460896,0.021326742399465,0.0159614551258757,,0.0171382279489584,0.0168370315712883,0.0166060423003902,0.004527836735513498,109.43066046386951,235.93066046386951,0.0042462877589249,102.62606651299627,229.12606651299626,0.004253058612300298,102.7897073419516,229.2897073419516,6.454416179369968e-05,1.5599304185976546,128.05993041859765,-0.001032897294486402,-24.96349575514723,101.53650424485278,-0.001112228661288999,-26.880809556817503,99.6191904431825,,,,-0.00023665221587640048,-5.719510175902085,120.78048982409791,-0.00046764148677450046,-11.302155918445646,115.19784408155435,102.62606651299627,0.16364082895532545,102.7897073419516,-26.880809556817503,,
final,2026-08-31,2026-09-22,0.0602739726027397,24100.0,PE,172.4,0.0056667101613972,24236.955391656546,0.9971722821865042,0.0128566088226145,0.0992974374298671,0.0950559188927171,test,1e435806057655142a50ce380d74dca174e26be98bfec625f8ded211e62c78b1,True,0.0127839601805626,0.0177803702016947,0.0117813171183613,0.0174717506371027,0.0174735369129422,0.0116906654075491,,0.0132434130463878,0.0129138607077436,0.0126597469407395,0.004996410021132099,120.75533648824779,293.1553364882478,0.004687790456540102,113.2964891935818,285.6964891935818,0.004689576732379599,113.33966065852303,285.739660658523,0.00045945286582520055,11.10424988713011,183.50424988713013,-0.0010026430622013006,-24.232298758838024,148.16770124116198,-0.0010932947730135003,-26.42320739044832,145.9767926095517,,,,0.00012990052718100074,3.139490514869376,175.53949051486939,-0.00012421323982310037,-3.002037764653931,169.39796223534609,113.2964891935818,0.043171464941230024,113.33966065852303,-26.42320739044832,,
final,2026-08-31,2026-09-22,0.0602739726027397,24250.0,CE,220.0,-0.0005380667254855,24236.955391656546,0.9971722821865042,0.0090978912175146,0.0956382202494651,0.09793723782171,test,1e435806057655142a50ce380d74dca174e26be98bfec625f8ded211e62c78b1,True,0.0091027878072787,0.0143533058450057,0.0081557528533888,0.0140255361537797,0.0140227110255763,0.0080659800797403,,0.0099339627718278,0.0095949551929542,0.009333138113526,0.0052505180377269995,126.89672578946566,346.8967257894657,0.004922748346501001,118.97505018893591,338.97505018893594,0.0049199232182976,118.90677130362,338.90677130362,0.0008311749645491008,20.08818573740517,240.08818573740518,-0.0009470349538899005,-22.888338635025654,197.11166136497434,-0.0010368077275384,-25.058004744003554,194.94199525599646,,,,0.0004921673856755002,11.894908146933872,231.89490814693386,0.00023035030624730078,5.56720297642048,225.56720297642048,118.97505018893591,-0.06827888531590023,118.90677130362,-25.058004744003554,,
final,2026-08-31,2026-09-22,0.0602739726027397,24400.0,CE,153.0,-0.0067045816411495,24236.955391656546,0.9971722821865042,0.0062882732656079,0.0947385266497062,0.09426668688755,test,1e435806057655142a50ce380d74dca174e26be98bfec625f8ded211e62c78b1,True,0.0063305751568801,0.0113379857692005,0.0052411247884499,0.0110014238567907,0.0109966485019252,0.0051684589509753,,0.007218713670947,0.0068904690544124,0.0066375246340883,0.0050074106123204004,121.02120339766769,274.0212033976677,0.004670848699910601,112.88703370176974,265.8870337017697,0.004666073345045101,112.77162091915275,265.7716209191527,0.0008881385140669003,21.464904733743317,174.4649047337433,-0.0010894503684302,-26.33029420536344,126.66970579463656,-0.0011621162059047997,-28.08651269390482,124.91348730609518,,,,0.0005598938975322999,13.5317509388291,166.5317509388291,0.0003069494772082,7.418483921135334,160.41848392113533,112.88703370176974,-0.11541278261698724,112.77162091915275,-28.08651269390482,,
final,2026-08-31,2026-09-22,0.0602739726027397,24600.0,CE,84.65,-0.0148678922803104,24236.955391656546,0.9971722821865042,0.0034508148411665,0.0921924925945159,0.0795201663914759,test,1e435806057655142a50ce380d74dca174e26be98bfec625f8ded211e62c78b1,True,0.0035025044903915,0.0079688571012914,0.0024989325117741,0.0076394982493054,0.0076339051280476,0.0024703138257325,,0.0044752034447281,0.0041884929471912,0.003969474359061,0.0044663526108999,107.9446863094269,192.5946863094269,0.0041369937589139,99.98460320400937,184.63460320400938,0.0041314006376561,99.84942629966234,184.49942629966233,0.0009726989543366003,23.508596979810893,108.1585969798109,-0.0010035719786174002,-24.25474920103975,60.395250798960255,-0.0010321906646589998,-24.94641762860844,59.70358237139156,,,,0.0006859884567996999,16.579257222194954,101.22925722219496,0.0004669698686695003,11.28592396992303,95.93592396992304,99.98460320400937,-0.13517690434704235,99.84942629966234,-24.94641762860844,,
final,2026-08-31,2026-09-29,0.0794520547945205,21600.0,PE,7.65,0.116259859221119,24263.01498712375,0.9900263025682036,0.1236454654887203,0.1947251924969951,0.0112542583670786,test,1e435806057655142a50ce380d74dca174e26be98bfec625f8ded211e62c78b1,True,0.1100746158700271,0.1099658206229321,0.1097650587771046,0.1099531190384424,0.1099533361247571,0.1097654053759136,,0.1097563907004945,0.1097562685263436,0.1097562388090167,-0.00010879524709500599,-2.6133731345940054,5.036626865405995,-0.00012149683158470259,-2.918478187971587,4.731521812028413,-0.0001212797452700004,-2.913263552609481,4.73673644739052,-0.0003182251695326016,-7.644094121886493,0.005905878113507512,-0.000309557092922505,-7.435878054123465,0.21412194587653577,-0.0003092104941135043,-7.4275523961548435,0.22244760384515683,,,,-0.0003183473436835088,-7.6470288699775,0.002971130022499935,-0.00031837706101039975,-7.647742710570747,0.002257289429253184,-2.918478187971587,0.005214635362106319,-2.913263552609481,-7.4275523961548435,,
final,2026-08-31,2026-09-29,0.0794520547945205,22000.0,PE,10.15,0.0979107205529226,24263.01498712375,0.9900263025682036,0.1033303290905388,0.1754933433123063,0.0150954251675389,test,1e435806057655142a50ce380d74dca174e26be98bfec625f8ded211e62c78b1,True,0.0936926940529964,0.0937513397052676,0.0933038031650934,0.0937206619000701,0.0937242521388157,0.0933038598789396,,0.0932733560964191,0.0932720677538329,0.0932717119037888,5.864565227119145e-05,1.4087285630450015,11.558728563045001,2.796784707369271e-05,0.6718162982891662,10.821816298289166,3.155808581929709e-05,0.7580575058333482,10.908057505833348,-0.0004193379565773092,-10.07292670678618,0.07707329321381984,-0.00038889088790300397,-9.341556969364806,0.8084430306351944,-0.0003888341740568013,-9.340194644759798,0.8098053552402025,,,,-0.0004206262991635068,-10.103874013702832,0.04612598629716835,-0.0004209821492076049,-10.112421895802663,0.03757810419733687,0.6718162982891662,0.08624120754418192,0.7580575058333482,-9.340194644759798,,
final,2026-08-31,2026-09-29,0.0794520547945205,22200.0,PE,11.5,0.0888608850330047,24263.01498712375,0.9900263025682036,0.0934518396453612,0.1650269448696806,0.0173428151297162,test,1e435806057655142a50ce380d74dca174e26be98bfec625f8ded211e62c78b1,True,0.0855058961645126,0.0857402758450456,0.0850906080010848,0.0856947380631563,0.0857003946577569,0.0850898365061645,,0.085037164610686,0.0850336113726961,0.0850325754281662,0.00023437968053299785,5.63003970076721,17.13003970076721,0.00018884189864371015,4.536175593867923,16.036175593867924,0.0001944984932443078,4.6720527829659195,16.17205278296592,-0.0004687315538265957,-11.259411443196758,0.24058855680324243,-0.00041528816342779884,-9.975646532328273,1.5243534676717267,-0.00041605965834809466,-9.99417862956609,1.5058213704339103,,,,-0.00047228479181649075,-11.344763854736403,0.15523614526359708,-0.0004733207363463998,-11.36964830213354,0.13035169786646073,4.536175593867923,0.1358771890979965,4.6720527829659195,-9.99417862956609,,
final,2026-08-31,2026-09-29,0.0794520547945205,23000.0,PE,26.1,0.0534589579820886,24263.01498712375,0.9900263025682036,0.0560599096987085,0.1283670809951197,0.0367517645818707,test,1e435806057655142a50ce380d74dca174e26be98bfec625f8ded211e62c78b1,True,0.0531417024534898,0.0550187725071131,0.0527000196759422,0.0548532782996298,0.0548560321731865,0.0526748645167666,,0.052447001736966,0.0523733897611889,0.0523482316708422,0.0018770700536233018,45.08914296234216,71.18914296234216,0.0017115758461399982,41.113802795228885,67.21380279522889,0.0017143297196966986,41.1799536553199,67.2799536553199,-0.0006947007165237981,-16.68742190144662,9.412578098553382,-0.0004416827775476015,-10.609672165621166,15.490327834378835,-0.00046683793672320367,-11.213924823171059,14.886075176828943,,,,-0.0007683126923008973,-18.455656865904793,7.644343134095209,-0.000793470782647597,-19.059979933183083,7.040020066816918,41.113802795228885,0.06615086009101906,41.1799536553199,-11.213924823171059,,
final,2026-08-31,2026-09-29,0.0794520547945205,23200.0,PE,35.0,0.0448008952389741,24263.01498712375,0.9900263025682036,0.0473434303112349,0.120611924532378,0.0461406865238383,test,1e435806057655142a50ce380d74dca174e26be98bfec625f8ded211e62c78b1,True,0.0452692125773959,0.047886354917766,0.044897313506759,0.0476740396922984,0.0476738637276942,0.044854567532819,,0.0446127190774982,0.0444897022965322,0.0444465300959587,0.002617142340370103,62.86643639642658,97.86643639642658,0.0024048271149025024,57.76640747863973,92.76640747863974,0.0024046511502983023,57.762180628832084,92.76218062883208,-0.0006564934998977007,-15.769645471461015,19.230354528538985,-0.00037189907063690103,-8.933396135717485,26.066603864282513,-0.00041464504457689594,-9.96019815960816,25.03980184039184,,,,-0.0007795102808636975,-18.72463439850513,16.27536560149487,-0.0008226824814372008,-19.76167482216971,15.23832517783029,57.76640747863973,-0.004226849807644601,57.762180628832084,-9.96019815960816,,
final,2026-08-31,2026-09-29,0.0794520547945205,23400.0,PE,50.2,0.0362171515475826,24263.01498712375,0.9900263025682036,0.0390478936183097,0.1146482093291016,0.058925736176185,test,1e435806057655142a50ce380d74dca174e26be98bfec625f8ded211e62c78b1,True,0.0376589929632963,0.0410846899637016,0.0373485267884957,0.0408206363833505,0.0408211170484675,0.0372815263008508,,0.037090022796886,0.0369026818556114,0.0368355001347098,0.003425697000405299,82.28874649552066,132.48874649552067,0.0031616434200541985,75.94590936422283,126.14590936422283,0.0031621240851711988,75.95745543206169,126.1574554320617,-0.0005689701664102972,-13.667245463247868,36.53275453675214,-0.0003104661748005999,-7.457715130841392,42.74228486915861,-0.00037746666244550114,-9.067135386700345,41.13286461329966,,,,-0.0007563111076848983,-18.167366525605097,32.032633474394906,-0.0008234928285865001,-19.781140189694675,30.418859810305328,75.94590936422283,0.011546067838865198,75.95745543206169,-9.067135386700345,,
final,2026-08-31,2026-09-29,0.0794520547945205,23600.0,PE,73.25,0.027706461879674,24263.01498712375,0.9900263025682036,0.0312289373043937,0.1092213532289662,0.0739644435624471,test,1e435806057655142a50ce380d74dca174e26be98bfec625f8ded211e62c78b1,True,0.0303755704216815,0.0346783904449006,0.0301656218392097,0.0343604899547781,0.0343669635323127,0.0300688103318375,,0.0300244610195947,0.0297638785299908,0.029668844067341,0.004302820023219099,103.35813881514792,176.60813881514792,0.003984919533096598,95.72184382484456,168.97184382484454,0.0039913931106312014,95.87734577980468,169.12734577980467,-0.0003511094020868001,-8.43400702896264,64.81599297103736,-0.00020994858247180143,-5.04317973191207,68.20682026808792,-0.00030676008984399997,-7.36869117879647,65.88130882120353,,,,-0.0006116918916907015,-14.693465009528387,58.55653499047161,-0.0007067263543404992,-16.976290024234007,56.273709975765996,95.72184382484456,0.15550195496012914,95.87734577980468,-7.36869117879647,,
final,2026-08-31,2026-09-29,0.0794520547945205,23800.0,PE,110.95,0.0192675932338093,24263.01498712375,0.9900263025682036,0.0241631393592823,0.1058016928874668,0.0903838125376463,test,1e435806057655142a50ce380d74dca174e26be98bfec625f8ded211e62c78b1,True,0.0237020303147037,0.0287327660784501,0.0234868994964813,0.0283629464809468,0.028376392576279,0.0233587598851324,,0.0235743245551958,0.0232425310520674,0.0231200341995621,0.005030735763746401,120.84341957268823,231.79341957268824,0.0046609161662431,111.9599745089759,222.9099745089759,0.004674362261575301,112.28296347443758,223.23296347443758,-0.0001277057595078998,-3.067622988524726,107.88237701147527,-0.00021513081822240043,-5.167662336155999,105.782337663844,-0.00034327042957129836,-8.245706889739248,102.70429311026075,,,,-0.0004594992626363002,-11.037642364016325,99.91235763598368,-0.0005819961151415989,-13.980142077538892,96.96985792246112,111.9599745089759,0.32298896546167527,112.28296347443758,-8.245706889739248,,
final,2026-08-31,2026-09-29,0.0794520547945205,23950.0,PE,148.25,0.0129848500543141,24263.01498712375,0.9900263025682036,0.0193218573464915,0.1028299929633923,0.1010456866599747,test,1e435806057655142a50ce380d74dca174e26be98bfec625f8ded211e62c78b1,True,0.0190725877923273,0.0246132874363776,0.0189026373610905,0.0242087976575889,0.0242222195290281,0.0187544390004925,,0.0192299251926479,0.018854145389935,0.0187145384363784,0.005540699644050299,133.0932736792349,281.3432736792349,0.005136209865261601,123.37701539286738,271.6270153928674,0.005149631736700799,123.69942247563769,271.9494224756377,0.00015733740032060003,3.779405314513898,152.0294053145139,-0.00016995043123679832,-4.082383220464251,144.16761677953576,-0.00031814879183479985,-7.642259451449623,140.60774054855037,,,,-0.00021844240239229928,-5.247209975723405,143.0027900242766,-0.000358049355948898,-8.600711820420035,139.64928817957997,123.37701539286738,0.3224070827703018,123.69942247563769,-7.642259451449623,,
final,2026-08-31,2026-09-29,0.0794520547945205,24100.0,PE,197.75,0.006741333414629,24263.01498712375,0.9900263025682036,0.0150521641108394,0.1006040931147345,0.1089389741338783,test,1e435806057655142a50ce380d74dca174e26be98bfec625f8ded211e62c78b1,True,0.0149510337138126,0.0208109885568398,0.0147573507559553,0.0203780641748725,0.0203861932314761,0.0145966714319036,,0.015363316020994,0.0149575063581323,0.0148061690598684,0.005859954843027199,140.76211016211093,338.51211016211096,0.0054270304610599,130.36282361831496,328.11282361831496,0.005435159517663499,130.55809187409537,328.30809187409534,0.00041228230718140003,9.903442790248159,207.65344279024816,-0.00019368295785729926,-4.652462788663525,193.0975372113365,-0.00035436228190900004,-8.512144530042782,189.23785546995722,,,,6.472644319700446e-06,0.15547953818346633,197.90547953818347,-0.00014486465394420063,-3.479797186722963,194.27020281327702,130.36282361831496,0.1952682557804102,130.55809187409537,-8.512144530042782,,
final,2026-08-31,2026-09-29,0.0794520547945205,24250.0,PE,257.85,0.0005365565277462,24263.01498712375,0.9900263025682036,0.0112768087810506,0.0978540852432362,0.1123887001615532,test,1e435806057655142a50ce380d74dca174e26be98bfec625f8ded211e62c78b1,True,0.0112707597586533,0.0173450350303174,0.011112368485985,0.0168922018112591,0.0168943329360038,0.0109510578406641,,0.0120047378527767,0.0115865078656964,0.0114303213567868,0.0060742752716641,145.91030611138103,403.76030611138106,0.005621442052605801,135.03278893358325,392.88278893358324,0.0056235731773505,135.08398073012748,392.9339807301275,0.0007339780941233998,17.630904692808517,275.48090469280856,-0.00015839127266830018,-3.804720406434835,254.0452795935652,-0.00031970191798920064,-7.679567130552569,250.17043286944747,,,,0.00031574810704309945,7.5845925468119635,265.434592546812,0.0001595615981335001,3.832832821371618,261.6828328213716,135.03278893358325,0.05119179654422807,135.08398073012748,-7.679567130552569,,
final,2026-08-31,2026-09-29,0.0794520547945205,24400.0,CE,198.5,-0.0056299583879177,24263.01498712375,0.9900263025682036,0.0082172017859888,0.0962505121290121,0.1103555814665052,test,1e435806057655142a50ce380d74dca174e26be98bfec625f8ded211e62c78b1,True,0.0082635947628326,0.0142293824770919,0.008015105813109,0.0137671792789952,0.0137654173246258,0.0078680191851301,,0.0091627551215074,0.0087510513082291,0.0085974508099662,0.0059657877142592994,143.3043239979175,341.8043239979175,0.005503584516162599,132.20173033797082,330.70173033797084,0.0055018225617932005,132.15940639150884,330.6594063915088,0.0008991603586747995,21.598751671574586,220.09875167157458,-0.00024848894972359994,-5.968958780745723,192.5310412192543,-0.00039557557770250086,-9.502130056899084,188.9978699431009,,,,0.0004874565453964995,11.709204896687908,210.2092048966879,0.00033385604713359954,8.01956379251377,206.51956379251376,132.20173033797082,-0.04232394646198658,132.15940639150884,-9.502130056899084,,
final,2026-08-31,2026-09-29,0.0794520547945205,24550.0,CE,139.8,-0.0117586803292911,24263.01498712375,0.9900263025682036,0.0057518684135542,0.0946946201625577,0.1026444006320766,test,1e435806057655142a50ce380d74dca174e26be98bfec625f8ded211e62c78b1,True,0.0058199020042519,0.0114716752279077,0.0054907567266193,0.0110121171039583,0.0110070937799485,0.0053729304228563,,0.0068235436341471,0.0064361098638775,0.0062920385125876,0.0056517732236558,135.7613746915036,275.5613746915036,0.0051922150997064,124.72231841853049,264.5223184185305,0.0051871917756966006,124.60165303686995,264.40165303686996,0.0010036416298951998,24.108498692390516,163.90849869239054,-0.0003291452776326004,-7.906406289903152,131.89359371009687,-0.00044697158139560007,-10.736714644585593,129.06328535541442,,,,0.0006162078596255996,14.801943179235971,154.60194317923597,0.00047213650833569966,11.3412019338313,151.14120193383133,124.72231841853049,-0.12066538166053986,124.60165303686995,-10.736714644585593,,
final,2026-08-31,2026-09-29,0.0794520547945205,24700.0,CE,93.95,-0.0178500697226931,24263.01498712375,0.9900263025682036,0.0038419622941627,0.0930975225651972,0.0900176263017274,test,1e435806057655142a50ce380d74dca174e26be98bfec625f8ded211e62c78b1,True,0.0039111573197386,0.0090723931015006,0.0035351992404713,0.0086281861855657,0.0086215617915834,0.0034578535531487,,0.0049530313731321,0.0046042029799681,0.0044752075041313,0.005161235781761999,123.97816350914144,217.92816350914143,0.004717028865827099,113.30785895722123,207.25785895722123,0.004710404471844799,113.14873423689966,207.09873423689965,0.0010418740533934996,25.026880617233477,118.97688061723348,-0.0003759580792673002,-9.030897675453934,84.91910232454607,-0.00045330376658990045,-10.888820210884896,83.0611797891151,,,,0.0006930456602294993,16.647665756107074,110.59766575610708,0.0005640501843926999,13.549062461960629,107.49906246196063,113.30785895722123,-0.15912472032157374,113.14873423689966,-10.888820210884896,,
final,2026-08-31,2026-09-29,0.0794520547945205,24850.0,CE,62.55,-0.0239045786313992,24263.01498712375,0.9900263025682036,0.0025424603459166,0.0929644196250734,0.0750598991567939,test,1e435806057655142a50ce380d74dca174e26be98bfec625f8ded211e62c78b1,True,0.0026039690297993,0.0070243544174937,0.0021112184312049,0.0066079165680741,0.0066014746020011,0.0020778383585291,,0.0035013694739599,0.0032006372263269,0.0030902926589285,0.0044203853876944,106.18217914119454,168.73217914119454,0.0040039475382748005,96.17891597519507,158.72891597519506,0.0039975055722018,96.0241733598817,158.57417335988168,0.0008974004441605998,21.556476724521293,84.10647672452129,-0.0004927505985943999,-11.836373470407148,50.71362652959285,-0.0005261306712702001,-12.638196964456974,49.911803035543024,,,,0.0005966681965276,14.332580482217253,76.88258048221725,0.0004863236291292,11.681991088954932,74.23199108895493,96.17891597519507,-0.15474261531334926,96.0241733598817,-12.638196964456974,,
final,2026-08-31,2026-09-29,0.0794520547945205,25000.0,CE,41.9,-0.0299226509569623,24263.01498712375,0.9900263025682036,0.0016928843159543,0.0940558778471586,0.060367891894928,test,1e435806057655142a50ce380d74dca174e26be98bfec625f8ded211e62c78b1,True,0.0017443053932628,0.0053126655637373,0.0011500223281563,0.0049350517144758,0.0049271414556763,0.0011544532407039,,0.0024087898765909,0.0021603351136806,0.0020700810217127,0.0035683601704745004,85.71566178741102,127.61566178741103,0.003190746321213,76.64499082281579,118.54499082281578,0.0031828360624135002,76.45497831412368,118.35497831412368,0.0006644844833280999,15.961597068369974,57.861597068369974,-0.0005942830651065,-14.275287185452775,27.624712814547223,-0.0005898521525589001,-14.168852133161188,27.73114786683881,,,,0.0004160297204177999,9.993459489853402,51.8934594898534,0.0003257756284498999,7.825463869326764,49.72546386932676,76.64499082281579,-0.19001250869209935,76.45497831412368,-14.168852133161188,,
final,2026-08-31,2026-09-29,0.0794520547945205,25200.0,CE,23.35,-0.0378908206061392,24263.01498712375,0.9900263025682036,0.0009359219034723,0.0950963917874505,0.0421941300883033,test,1e435806057655142a50ce380d74dca174e26be98bfec625f8ded211e62c78b1,True,0.0009720651773911,0.0035144056173755,0.0004266729245998,0.0032014875794622,0.0031924570856405,0.0004590412523556,,0.0014009265612179,0.0012204270887302,0.0011559472847425,0.0025423404399844,61.06961822555681,84.4196182255568,0.0022294224020711,53.55300683445106,76.90300683445106,0.0022203919082494,53.336085134506405,76.68608513450641,0.0004288613838268001,10.301689171945585,33.651689171945584,-0.0005453922527913001,-13.100879857516421,10.24912014248358,-0.0005130239250355001,-12.323359511477113,11.026640488522888,,,,0.0002483619113390999,5.9659071887876225,29.315907188787623,0.00018388210735140003,4.417036333076525,27.767036333076526,53.55300683445106,-0.21692169994465488,53.336085134506405,-12.323359511477113,,
final,2026-08-31,2026-09-29,0.0794520547945205,25700.0,CE,8.1,-0.0575378179899357,24263.01498712375,0.9900263025682036,0.0003183502261088,0.1070495779443991,0.0187864942917522,test,1e435806057655142a50ce380d74dca174e26be98bfec625f8ded211e62c78b1,True,0.0003372046225639,0.0009737673976143,8.393151537802908e-06,0.0008361765255593,0.0008371476528893,2.0474420877142525e-05,,0.0002893947474366,0.000230049096068,0.00021005160179,0.0006365627750504001,15.290889071161322,23.39088907116132,0.0004989719029954,11.98581556661846,20.085815566618457,0.0004999430303254,12.009143038564691,20.10914303856469,-4.780987512729995e-05,-1.1484421108660285,6.951557889133971,-0.00032881147102609707,-7.8983879137251565,0.20161208627484317,-0.00031673020168675745,-7.608183464852006,0.4918165351479935,,,,-0.00010715552649589996,-2.5739853683416616,5.526014631658338,-0.00012715302077389998,-3.054345638673007,5.045654361326992,11.98581556661846,0.02332747194623232,12.009143038564691,-7.608183464852006,,
final,2026-08-31,2026-09-29,0.0794520547945205,26300.0,CE,3.95,-0.0806157652724804,24263.01498712375,0.9900263025682036,0.0001517031554402,0.1277997063552207,0.0095696765608098,test,1e435806057655142a50ce380d74dca174e26be98bfec625f8ded211e62c78b1,True,0.0001644392912502,0.0001076922653047,8.796820553504299e-11,8.869201809377086e-05,9.053264591443646e-05,9.936016157786881e-08,,2.848223337888634e-05,1.9565791187498363e-05,1.684816378674618e-05,-5.674702594550001e-05,-1.3631216163751527,2.5868783836248475,-7.574727315642915e-05,-1.8195269919548933,2.130473008045107,-7.390664533576355e-05,-1.775313228709214,2.1746867712907862,-0.00013595705787131367,-3.265827616431262,0.6841723835687383,-0.00016443920328199448,-3.9499978869107517,2.113089248467759e-06,-0.00016433993108862214,-3.9476132672688204,0.0023867327311797304,,,,-0.00014487350006270165,-3.480009679539086,0.4699903204609144,-0.00014759112746345383,-3.5452898698838005,0.4047101301161997,-1.8195269919548933,0.04421376324567936,-1.775313228709214,-3.9476132672688204,,
final,2026-08-31,2026-09-29,0.0794520547945205,28500.0,CE,0.95,-0.1609509133633664,24263.01498712375,0.9900263025682036,3.366913913990379e-05,0.2004576433473567,0.0021076597744284,test,1e435806057655142a50ce380d74dca174e26be98bfec625f8ded211e62c78b1,True,3.954869030071064e-05,-2.424205702149196e-14,8.0490394909408e-11,7.335013366244175e-12,1.6761458727519576e-11,-1.741358998835862e-13,,1.2343806408757936e-10,3.6090294506347914e-11,2.2040345291910223e-11,-3.954869032495269e-05,-0.950000000582319,-5.823190818432522e-10,-3.954868296569727e-05,-0.9499998238054751,1.761945248590635e-07,-3.954867353925191e-05,-0.9499995973726141,4.0262738587593105e-07,-3.954856686264655e-05,-0.9499970348914215,2.9651085784454523e-06,-3.954860981031573e-05,-0.9499980665383714,1.9334616285782147e-06,-3.954869047484654e-05,-0.9500000041829225,-4.182922563877867e-09,,,,-3.9548654210416134e-05,-0.9499991330742051,8.669257948179521e-07,-3.954866826036535e-05,-0.9499994705683585,5.294316414161671e-07,-0.9499998238054751,2.2643286099036053e-07,-0.9499995973726141,-0.9500000041829225,,
final,2026-08-31,2026-10-27,0.1561643835616438,23000.0,PE,59.2,0.0584322773405758,24383.98326686344,0.9847354880884938,0.0627869971176103,0.1206690967929091,0.0722500235094512,test,1e435806057655142a50ce380d74dca174e26be98bfec625f8ded211e62c78b1,True,0.0592233400876506,0.0639405126834216,0.0605018741908583,0.0633807949697955,0.0633783387020886,0.0602455953738579,,0.0582578843166143,0.0579727134732682,0.0579143287912924,0.004717172595771001,113.26768070290507,172.46768070290506,0.004157454882144897,99.82786564767505,159.02786564767507,0.0041549986144380005,99.76888630343926,158.96888630343926,-0.0009654557710363013,-23.182305456568358,36.017694543431645,0.0012785341032076972,30.69987150771932,89.89987150771933,0.0010222552862073006,24.54616255907004,83.74616255907004,,,,-0.0012506266143824038,-30.029763202520332,29.17023679747967,-0.0013090112963582007,-31.431682971558235,27.768317028441768,99.82786564767505,-0.05897934423578258,99.76888630343926,24.54616255907004,,
final,2026-08-31,2026-10-27,0.1561643835616438,23500.0,PE,117.25,0.0369260721196121,24383.98326686344,0.9847354880884938,0.0426830116701357,0.1117174447350402,0.1090594468980628,test,1e435806057655142a50ce380d74dca174e26be98bfec625f8ded211e62c78b1,True,0.0411356406896523,0.0479908522828885,0.0434287875626727,0.0472603867335461,0.0472669293940557,0.0430567470061488,,0.0405087965129632,0.0399751893182301,0.0398615345011943,0.006855211593236196,164.60578919449512,281.8557891944951,0.006124746043893799,147.06601575445552,264.3160157544555,0.006131288704403395,147.22311663777128,264.4731166377713,-0.0006268441766891023,-15.05164049315262,102.19835950684738,0.002293146873020395,55.062523692899994,172.3125236929,0.0019211063164965014,46.12917005588052,163.37917005588054,,,,-0.0011604513714221984,-27.86449567847842,89.38550432152158,-0.0012741061884580032,-30.593549420946907,86.65645057905309,147.06601575445552,0.15710088331575614,147.22311663777128,46.12917005588052,,
final,2026-08-31,2026-10-27,0.1561643835616438,23800.0,PE,177.05,0.0242409125922963,24383.98326686344,0.9847354880884938,0.0320915017549257,0.1071295567350235,0.132173553577453,test,1e435806057655142a50ce380d74dca174e26be98bfec625f8ded211e62c78b1,True,0.0313229275712785,0.0393673025754213,0.0342203767240968,0.0385504754416385,0.0385641240409999,0.0337917559200223,,0.0311551651696273,0.0304772113356321,0.0303306466828172,0.008044375004142804,193.1597118665003,370.2097118665003,0.00722754787036,173.5462436076274,350.5962436076274,0.007241196469721406,173.87397068632183,350.9239706863218,-0.0001677624016511968,-4.028272817750158,173.02172718224986,0.002897449152818303,69.57289325994772,246.62289325994772,0.002468828348743804,59.28094752489927,236.33094752489927,,,,-0.0008457162356463981,-20.30714683417307,156.74285316582694,-0.0009922808884612958,-23.826424104683163,153.22357589531686,173.5462436076274,0.32772707869445805,173.87397068632183,59.28094752489927,,
final,2026-08-31,2026-10-27,0.1561643835616438,24050.0,PE,244.25,0.0137914967179551,24383.98326686344,0.9847354880884938,0.024200391585924,0.1028500188632772,0.1477794102287288,test,1e435806057655142a50ce380d74dca174e26be98bfec625f8ded211e62c78b1,True,0.0238689229430536,0.0328063699887445,0.0272890541420841,0.0319364379137284,0.0319525712925683,0.0268328634554866,,0.0243141362592688,0.0235462038929125,0.0233789196254949,0.008937447045690897,214.60395559365344,458.85395559365344,0.008067514970674795,193.71534350545522,437.9653435054552,0.0080836483495147,194.10273454659196,438.35273454659193,0.0004452133162151997,10.690361381085417,254.9403613810854,0.0034201311990305003,82.1234162517459,326.3734162517459,0.002963940512432997,71.16946873761651,315.4194687376165,,,,-0.00032271905014110217,-7.749056788996428,236.50094321100357,-0.0004900033175587008,-11.765848755748495,232.4841512442515,193.71534350545522,0.3873910411367365,194.10273454659196,71.16946873761651,,
final,2026-08-31,2026-10-27,0.1561643835616438,24200.0,PE,299.6,0.0075738601070846,24383.98326686344,0.9847354880884938,0.0201746861626491,0.1016701344110409,0.1542596321410641,test,1e435806057655142a50ce380d74dca174e26be98bfec625f8ded211e62c78b1,True,0.0200224630977164,0.0291633127881716,0.0234941792932907,0.0282724940615662,0.0282884677777554,0.0230335511075585,,0.0206688997077254,0.0198672084707202,0.0196921261719786,0.0091408496904552,219.4880138623596,519.0880138623596,0.008250030963849797,198.0978762236037,497.6978762236037,0.008266004680038998,198.48143348130912,498.08143348130915,0.0006464366100089984,15.522089567553774,315.1220895675538,0.0034717161955742995,83.3620635132054,382.9620635132054,0.003011088009842098,72.30156377422016,371.90156377422016,,,,-0.000155254626996202,-3.727938963696152,295.8720610363039,-0.0003303369257378029,-7.931975493623669,291.66802450637636,198.0978762236037,0.3835572577054467,198.48143348130912,72.30156377422016,,
final,2026-08-31,2026-10-27,0.1561643835616438,24350.0,PE,361.15,0.0013946437411265,24383.98326686344,0.9847354880884938,0.0164571457754022,0.0998368606790053,0.1574136452623162,test,1e435806057655142a50ce380d74dca174e26be98bfec625f8ded211e62c78b1,True,0.0164342099174426,0.0257502129092903,0.0199921569411467,0.0248481361133152,0.0248620729602976,0.0195378131099156,,0.0173820102986341,0.0165643358564672,0.0163855737357199,0.009316002991847702,223.69375529187008,584.84375529187,0.008413926195872602,202.03329143951723,563.1832914395172,0.008427863042855002,202.36793985484613,563.5179398548461,0.0009478003811915006,22.75836823166821,383.9083682316682,0.0035579470237041,85.43261864110335,446.5826186411033,0.0031036031924729993,74.52301740002186,435.6730174000218,,,,0.00013012593902459943,3.1245545956528624,364.27455459565283,-4.8636181722700594e-05,-1.1678409873987052,359.98215901260124,202.03329143951723,0.3346484153289106,202.36793985484613,74.52301740002186,,
final,2026-08-31,2026-10-27,0.1561643835616438,24500.0,CE,316.45,-0.0047466242809559,24383.98326686344,0.9847354880884938,0.0131165441754156,0.0977194778944289,0.1568086528184992,test,1e435806057655142a50ce380d74dca174e26be98bfec625f8ded211e62c78b1,True,0.0131789514773161,0.0225731541410493,0.0167955987377222,0.0216703308246301,0.0216813474014906,0.0163590195261631,,0.0144558319068263,0.0136407001761137,0.0134625640404905,0.0093942026637332,225.57146811377095,542.0214681137709,0.008491379347313999,203.8930789814789,520.3430789814789,0.008502395924174502,204.15760653160356,520.6076065316036,0.001276880429510201,30.660163869181204,347.1101638691812,0.003616647260406102,86.84211543880544,403.2921154388054,0.0031800680488470023,76.35907422451217,392.8090742245122,,,,0.00046174869879760105,11.08740524509898,327.53740524509897,0.00028361256317440027,6.810040675164212,323.2600406751642,203.8930789814789,0.2645275501246539,204.15760653160356,76.35907422451217,,
final,2026-08-31,2026-10-27,0.1561643835616438,24650.0,CE,249.25,-0.0108504072189736,24383.98326686344,0.9847354880884938,0.0102683024918231,0.0960046051844535,0.1521309348665239,test,1e435806057655142a50ce380d74dca174e26be98bfec625f8ded211e62c78b1,True,0.0103803243979176,0.019636280705181,0.0139130964933355,0.0187438042828408,0.0187506964776867,0.0135058235450281,,0.0118849917448453,0.011090424481209,0.0109170981241803,0.0092559563072634,222.25192789236806,471.50192789236803,0.008363479884923199,200.82198603882466,450.07198603882466,0.0083703720797691,200.9874798615115,450.2374798615115,0.0015046673469276996,36.12973177379318,285.3797317737932,0.003532772095417901,84.82812396109182,334.0781239610918,0.0031254991471104995,75.04877810693114,324.29877810693114,,,,0.0007101000832913998,17.050762478664492,266.30076247866447,0.0005367737262627001,12.88888922371405,262.13888922371405,200.82198603882466,0.16549382268684035,200.9874798615115,75.04877810693114,,
final,2026-08-31,2026-10-27,0.1561643835616438,24800.0,CE,194.25,-0.016917159901211,24383.98326686344,0.9847354880884938,0.0079540763840316,0.0950598664312202,0.143634721492617,test,1e435806057655142a50ce380d74dca174e26be98bfec625f8ded211e62c78b1,True,0.0080897814013861,0.0169416044600148,0.0113485518686163,0.0160707881304473,0.0160727523549233,0.0109813624912674,,0.0096568575535891,0.0088992104802282,0.0087344694496245,0.008851823058628699,212.5479717961207,406.7979717961207,0.0079810067290612,191.63812718777314,385.88812718777314,0.007982970953537201,191.6852917013158,385.9352917013158,0.001567076152202999,37.628277880694114,231.8782778806941,0.0032587704672302,78.24885888152608,272.4988588815261,0.0028915810898812993,69.43199066085924,263.68199066085924,,,,0.0008094290788420999,19.435827838084123,213.68582783808412,0.0006446880482384003,15.480103498080934,209.73010349808092,191.63812718777314,0.047164513542689815,191.6852917013158,69.43199066085924,,
final,2026-08-31,2026-10-27,0.1561643835616438,24950.0,CE,149.0,-0.0229473289278022,24383.98326686344,0.9847354880884938,0.0060645157608444,0.0943709293967698,0.1319446515400417,test,1e435806057655142a50ce380d74dca174e26be98bfec625f8ded211e62c78b1,True,0.0062052892087852,0.014488856774131,0.009100653900482,0.0136508243930114,0.0136489026111053,0.0087826778944662,,0.0077524400022111,0.0070454534395359,0.0068924335326944,0.0082835675653458,198.90314950818,347.90314950818004,0.0074455351842262,178.78050564977025,327.78050564977025,0.007443613402320099,178.7343602576097,327.7343602576097,0.0015471507934259002,37.14983467556768,186.1498346755677,0.0028953646916967998,69.52284165128712,218.52284165128714,0.0025773886856809997,61.887673764305035,210.88767376430502,,,,0.0008401642307506998,20.173833349237054,169.17383334923704,0.0006871443239091996,16.499553980097613,165.4995539800976,178.78050564977025,-0.04614539216054965,178.7343602576097,61.887673764305035,,
final,2026-08-31,2026-10-27,0.1561643835616438,25100.0,CE,110.9,-0.0289413528680128,24383.98326686344,0.9847354880884938,0.0044868157456208,0.0933165898007949,0.11753365547833,test,1e435806057655142a50ce380d74dca174e26be98bfec625f8ded211e62c78b1,True,0.0046185676057334,0.0122753949619769,0.0071625635957615,0.011480644588186,0.0114769399811579,0.0069004411794135,,0.0061476175916479,0.0055017634034125,0.0053628054376401,0.0076568273562435,183.85400546119004,294.75400546119005,0.0068620769824526,164.77063936647355,275.67063936647355,0.0068583723754245,164.68168518100137,275.5816851810014,0.0015290499859145004,36.71520218247127,147.61520218247128,0.0025439959900281006,61.08585591426225,171.98585591426226,0.0022818735736801,54.791831780696164,165.69183178069616,,,,0.0008831957976791005,21.20709759472204,132.10709759472203,0.0007442378319067007,17.870470371808043,128.77047037180805,164.77063936647355,-0.08895418547219179,164.68168518100137,54.791831780696164,,
final,2026-08-31,2026-10-27,0.1561643835616438,26000.0,CE,22.8,-0.0641700447517567,24383.98326686344,0.9847354880884938,0.0008905163747325,0.1012042455626069,0.0449275644222295,test,1e435806057655142a50ce380d74dca174e26be98bfec625f8ded211e62c78b1,True,0.0009495341876529,0.0035797181967725,0.0010104360091016,0.003180575829296,0.0031844586469334,0.001038163976652,,0.0011708897670388,0.0009254073276812,0.0008758288018124,0.0026301840091196003,63.15538312122175,85.95538312122176,0.0022310416416431,53.571266933728204,76.37126693372821,0.0022349244592805,53.6645002720154,76.4645002720154,0.00022135557938589995,5.315140071441608,28.11514007144161,6.090182144870011e-05,1.4623607523415663,24.262360752341568,8.862978899910011e-05,2.1281584333199723,24.92815843331997,,,,-2.4126859971699936e-05,-0.579328700859534,22.220671299140466,-7.370538584049993e-05,-1.7697970426078193,21.03020295739218,53.571266933728204,0.09323333828719654,53.6645002720154,2.1281584333199723,,
final,2026-08-31,2026-11-23,0.2301369863013698,23500.0,PE,164.1,0.0413207606766218,24491.379091855073,0.9771244187365248,0.0493328024408255,0.1132837925593488,0.1403569961817452,test,1e435806057655142a50ce380d74dca174e26be98bfec625f8ded211e62c78b1,True,0.0473358749220025,0.0563322447754902,0.0520597402827534,0.055271271512593,0.0552762079549894,0.0514175122299946,,0.0466855402248992,0.045627085720906,0.0461305012336897,0.008996369853487701,215.29324754430897,379.39324754430896,0.007935396590590497,189.90296423595132,354.0029642359513,0.007940333032986899,190.02109885381884,354.1210988538188,-0.0006503346971033011,-15.563240641538794,148.5367593584612,0.004723865360750895,113.04741034894795,277.1474103489479,0.004081637307992096,97.67817082297445,261.77817082297446,,,,-0.0017087892010965028,-40.89324721683023,123.20675278316976,-0.0012053736883128052,-28.845947875377696,135.2540521246223,189.90296423595132,0.11813461786751972,190.02109885381884,97.67817082297445,,
final,2026-08-31,2026-11-23,0.2301369863013698,24100.0,PE,313.3,0.0161093413301258,24491.379091855073,0.9771244187365248,0.0295441409589646,0.1057695914601588,0.1804586178142851,test,1e435806057655142a50ce380d74dca174e26be98bfec625f8ded211e62c78b1,True,0.0290720173184464,0.0402065091053047,0.0352608344618899,0.0390239806287252,0.0390396202089107,0.0345534717386829,,0.0295820687110567,0.0281529179441072,0.0288404284240401,0.011134491786858297,266.46090985452565,579.7609098545256,0.009951963310278797,238.16167358671862,551.4616735867187,0.009967602890464299,238.53594632819124,551.8359463281913,0.0005100513926102994,12.206103408142727,325.50610340814274,0.006188817143443499,148.10535393376443,461.40535393376445,0.005481454420236502,131.17736849617364,444.47736849617365,,,,-0.0009190993743391981,-21.995081609580136,291.30491839041986,-0.00023158889440630034,-5.542182678561062,307.75781732143895,238.16167358671862,0.3742727414725981,238.53594632819124,131.17736849617364,,
final,2026-08-31,2026-11-23,0.2301369863013698,24400.0,PE,421.85,0.0037380495275787,24491.379091855073,0.9771244187365248,0.0214387325679605,0.1017568202914174,0.1904096288797829,test,1e435806057655142a50ce380d74dca174e26be98bfec625f8ded211e62c78b1,True,0.0213587431192146,0.0331901833000228,0.0280732525232846,0.031993558302853,0.0320152093367502,0.0273813345886488,,0.0226605040222001,0.0211505717919547,0.0218783391713708,0.011831440180808204,283.1396686814646,704.9896686814647,0.010634815183638398,254.50308682355993,676.3530868235599,0.0106564662175356,255.021220412589,676.8712204125891,0.0013017609029855014,31.152602315622868,453.0026023156229,0.00671450940407,160.68576090261664,582.5357609026166,0.006022591469434201,144.12738662411346,565.9773866241135,,,,-0.00020817132725989979,-4.981773962307477,416.8682260376925,0.0005195960521562001,12.43451784461069,434.2845178446107,254.50308682355993,0.5181335890290731,255.021220412589,144.12738662411346,,
final,2026-08-31,2026-11-23,0.2301369863013698,24600.0,CE,425.3,-0.004425261111582,24491.379091855073,0.9771244187365248,0.0176933638691928,0.103817163695656,0.190991999241561,test,1e435806057655142a50ce380d74dca174e26be98bfec625f8ded211e62c78b1,True,0.0177718351240944,0.0289258476631546,0.0237727565641592,0.0277402531291345,0.0277614610565575,0.0231117384797833,,0.0186839992432817,0.0171695808815132,0.017899478524956,0.011154012539060197,266.9280634069583,692.2280634069583,0.0099684180050401,238.55545293663474,663.8554529366347,0.009989625932463098,239.06298248943668,664.3629824894367,0.000912164119187299,21.829113154690308,447.12911315469034,0.0060009214400648,143.60879845207313,568.9087984520731,0.0053399033556888985,127.78989233899973,553.0898923389998,,,,-0.0006022542425812016,-14.412621295508213,410.8873787044918,0.0001276434008615976,3.054650125176844,428.3546501251769,238.55545293663474,0.5075295528019225,239.06298248943668,127.78989233899973,,
final,2026-08-31,2026-11-23,0.2301369863013698,25000.0,CE,251.65,-0.0205546430414656,24491.379091855073,0.9771244187365248,0.0103016563776145,0.0989576850916729,0.1760092443359872,test,1e435806057655142a50ce380d74dca174e26be98bfec625f8ded211e62c78b1,True,0.0105155944250608,0.0214145120417759,0.0163945348030687,0.0203015547114117,0.0203148341131225,0.0158426169499472,,0.0122255126417091,0.0108163108720901,0.0114933599536649,0.010898917616715098,260.8233550459022,512.4733550459022,0.0097859602863509,234.1890345438988,485.83903454389883,0.009799239688061701,234.50682556031143,486.1568255603114,0.0017099182166482995,40.92026582862954,292.57026582862954,0.0058789403780079,140.68965446212783,392.33965446212784,0.005327022524886401,127.48163957263938,379.1316395726394,,,,0.0003007164470293002,7.196482750853671,258.8464827508537,0.0009777655286041,23.39902865470185,275.04902865470183,234.1890345438988,0.3177910164126419,234.50682556031143,127.48163957263938,,
final,2026-09-01,2026-09-08,0.0191780821917808,22500.0,PE,2.35,0.0648232284741033,24006.8339488683,0.997466511838196,0.0670751074527739,0.2030501025124256,0.0037514423447329,test,328cfdef6953b86b56c40b28f4b9677e8e4701f5027d00daa6b1d1708b64fa63,True,0.0628650125585826,0.0627835842011402,0.0627668752406834,0.0627845629831631,0.0627851055603783,0.0627668754038761,,0.0627668809555199,0.062766882075091,0.0627668804749839,-8.142835744238963e-05,-1.949884499309294,0.400115500690706,-8.044957541950004e-05,-1.926446572344044,0.42355342765595605,-7.990699820430158e-05,-1.9134540113392076,0.4365459886607925,-9.81316030626983e-05,-2.3498606347267192,0.0001393652732808448,-9.813731789919122e-05,-2.34999748227521,2.517724789985465e-06,-9.813715470649576e-05,-2.3499935744608162,6.4255391838408116e-06,,,,-9.813048349159581e-05,-2.349833825462635,0.00016617453736511578,-9.813208359869818e-05,-2.3498721416479804,0.00012785835201967188,-1.926446572344044,0.012992561004836478,-1.9134540113392076,-2.3499935744608162,,
final,2026-09-01,2026-09-08,0.0191780821917808,23000.0,PE,4.25,0.0428443217553281,24006.8339488683,0.997466511838196,0.0439606410235288,0.1546150977391265,0.007303982358786,test,328cfdef6953b86b56c40b28f4b9677e8e4701f5027d00daa6b1d1708b64fa63,True,0.0421169549343605,0.0421554059949914,0.0419395629752936,0.0421571679037778,0.0421616833401438,0.0419396123888281,,0.0419440565754986,0.041944473890486,0.0419438652487385,3.845106063090492e-05,0.9207495946267623,5.170749594626763,4.021296941730118e-05,0.9629402851883586,5.212940285188359,4.4728405783303615e-05,1.0710669827447332,5.321066982744734,-0.00017289835886189625,-4.140226335025205,0.1097736649747949,-0.0001773919590668943,-4.247830143588063,0.002169856411937232,-0.00017734254553239404,-4.246646886452533,0.003353113547467146,,,,-0.00017248104387449642,-4.13023330494553,0.11976669505447024,-0.00017308968562199795,-4.1448078480944,0.10519215190559983,0.9629402851883586,0.10812669755637469,1.0710669827447332,-4.246646886452533,,
final,2026-09-01,2026-09-08,0.0191780821917808,23300.0,PE,7.25,0.0298851771128229,24006.8339488683,0.997466511838196,0.0306481700991521,0.1258407667891851,0.0125089999188634,test,328cfdef6953b86b56c40b28f4b9677e8e4701f5027d00daa6b1d1708b64fa63,True,0.029745795086149,0.0302314629735082,0.0294465917641452,0.0302268318084852,0.0302328794307324,0.0294474542644792,,0.0295279949013173,0.0295324168534045,0.0295259138961319,0.00048566788735919866,11.629809505171357,18.87980950517136,0.00048103672233620193,11.518911567699469,18.76891156769947,0.00048708434458339875,11.663728008161627,18.913728008161627,-0.0002178001848316992,-5.215446039796311,2.034553960203689,-0.0002992033220038,-7.164726614187442,0.08527338581255783,-0.0002983408216697993,-7.144073170046598,0.10592682995340219,,,,-0.00021337823274450093,-5.109557917987929,2.140442082012071,-0.0002198811900171009,-5.265277816850981,1.9847221831490192,11.518911567699469,0.1448164404621578,11.663728008161627,-7.144073170046598,,
final,2026-09-01,2026-09-08,0.0191780821917808,23450.0,PE,11.95,0.0234680427921895,24006.8339488683,0.997466511838196,0.0242564733879945,0.1155004111120132,0.0186102426174778,test,328cfdef6953b86b56c40b28f4b9677e8e4701f5027d00daa6b1d1708b64fa63,True,0.0236938490998012,0.024599489225672,0.0232141385044803,0.0245863363966659,0.0245886970621822,0.0232169634402776,,0.023472239596299,0.0234826721302072,0.0234672832379334,0.0009056401258707991,21.686470154299194,33.63647015429919,0.0008924872968646969,21.371512340994297,33.321512340994296,0.0008948479623809985,21.4280408679457,33.3780408679457,-0.00022160950350220282,-5.306664033893756,6.643335966106243,-0.00047971059532090146,-11.487156113058509,0.46284388694149037,-0.0004768856595236022,-11.419510163960311,0.5304898360396884,,,,-0.00021117696959400273,-5.056846442147416,6.8931535578525835,-0.00022656586186780084,-5.425349055348831,6.524650944651168,21.371512340994297,0.056528526951402557,21.4280408679457,-11.419510163960311,,
final,2026-09-01,2026-09-08,0.0191780821917808,23600.0,PE,22.5,0.0170918256529135,24006.8339488683,0.997466511838196,0.0181945380142544,0.1081828078358754,0.0285735824079516,test,328cfdef6953b86b56c40b28f4b9677e8e4701f5027d00daa6b1d1708b64fa63,True,0.0178862026559168,0.0193334725275974,0.0170396663128398,0.0193072872856115,0.0193047022437612,0.0170470934735434,,0.0177107722100687,0.0177307389922529,0.0177012182052205,0.0014472698716806003,34.65634304491428,57.15634304491428,0.0014210846296946987,34.02931090202602,56.52931090202602,0.0014184995878443983,33.96740945648191,56.46740945648191,-0.00017543044584809875,-4.200859722709492,18.29914027729051,-0.0008465363430769993,-20.271170207941935,2.2288297920580646,-0.0008391091823733987,-20.093319321780122,2.406680678219878,,,,-0.00015546366366389966,-3.7227348985706805,18.777265101429318,-0.00018498445069629887,-4.42964004623513,18.07035995376487,34.02931090202602,-0.06190144554411187,33.96740945648191,-20.093319321780122,,
final,2026-09-01,2026-09-08,0.0191780821917808,23750.0,PE,45.15,0.0107560072038276,24006.8339488683,0.997466511838196,0.012719942163914,0.1039080759042038,0.0415566091976432,test,328cfdef6953b86b56c40b28f4b9677e8e4701f5027d00daa6b1d1708b64fa63,True,0.0125838595391792,0.0145661618037972,0.0110862384317061,0.0145233298905728,0.014520466932227,0.0111013071333494,,0.0124963052788122,0.0125274278816089,0.0124813405161423,0.0019823022646179994,47.46823563841393,92.61823563841392,0.0019394703513935987,46.44258209098596,91.59258209098596,0.001936607393047799,46.37402565345015,91.52402565345014,-8.755426036700063e-05,-2.0965754498841402,43.05342455011586,-0.001497621107473101,-35.862054387702024,9.287945612297975,-0.0014825524058298001,-35.501219063475126,9.648780936524872,,,,-5.643165757030118e-05,-1.351313201233488,43.79868679876651,-0.00010251902303690108,-2.454921850111183,42.695078149888815,46.44258209098596,-0.0685564375358102,46.37402565345015,-35.501219063475126,,
final,2026-09-01,2026-09-08,0.0191780821917808,23900.0,PE,86.4,0.0044600787470129,24006.8339488683,0.997466511838196,0.0080942844442599,0.1007132340983493,0.0523754866604647,test,328cfdef6953b86b56c40b28f4b9677e8e4701f5027d00daa6b1d1708b64fa63,True,0.008058263685659,0.0104285858995315,0.0058043321417248,0.0103683630063349,0.0103710860911756,0.0058291562130027,,0.0081146343559708,0.0081542952132342,0.0080955136143494,0.0023703222138725007,56.75976635619145,143.15976635619145,0.0023100993206759003,55.317668177670654,141.71766817767065,0.0023128224055166003,55.382875202446286,141.7828752024463,5.637067031180089e-05,1.34985279955353,87.74985279955354,-0.0022539315439341996,-53.97267387016798,32.427326129832025,-0.0022291074726562997,-53.37823633863884,33.02176366136116,,,,9.603152757520043e-05,2.2995721999716814,88.69957219997168,3.724992869040024e-05,0.8919872736617056,87.29198727366172,55.317668177670654,0.06520702477563484,55.382875202446286,-53.37823633863884,,
final,2026-09-01,2026-09-08,0.0191780821917808,24050.0,CE,110.9,-0.0017964588672923,24006.8339488683,0.997466511838196,0.0046229387718779,0.0991638382682339,0.0548247298660126,test,328cfdef6953b86b56c40b28f4b9677e8e4701f5027d00daa6b1d1708b64fa63,True,0.0046312511554196,0.0070236166676632,0.0020123517170073,0.0069497309381382,0.0069609144930042,0.0020522041467301,,0.0047752029140571,0.0048166790460243,0.0047551978164158,0.0023923655122435996,57.28761546376881,168.18761546376882,0.0023184797827186,55.51834683001448,166.41834683001449,0.0023296633375846,55.78614837931893,166.68614837931892,0.00014395175863749984,3.4470706720832576,114.34707067208326,-0.0026188994384123004,-62.712199786454406,48.1878002135456,-0.0025790470086895,-61.75789298944847,49.142107010551534,,,,0.00018542789060469952,4.4402586640106065,115.3402586640106,0.0001239466609961994,2.96802834551369,113.8680283455137,55.51834683001448,0.2678015493044505,55.78614837931893,-61.75789298944847,,
final,2026-09-01,2026-09-08,0.0191780821917808,24200.0,CE,56.15,-0.0080140954781628,24006.8339488683,0.997466511838196,0.0023261411850392,0.0982332718384337,0.046631870476028,test,328cfdef6953b86b56c40b28f4b9677e8e4701f5027d00daa6b1d1708b64fa63,True,0.0023448580015942,0.0043986216462403,0.0003034683564674,0.004319323511063,0.0043373457769715,0.0003478836360679,,0.002511674039974,0.0025473996610594,0.0024944715674576,0.0020537636446461,49.17945076779473,105.32945076779473,0.0019744655094688,47.28057659836615,103.43057659836614,0.0019924877753773004,47.712138010645376,103.86213801064537,0.00016681603837979996,3.9945790101818694,60.14457901018187,-0.0020413896451268,-48.88314281544269,7.26685718455731,-0.0019969743655263,-47.81957395631673,8.330426043683268,,,,0.0002025416594652,4.850065194241319,61.000065194241316,0.0001496135658633998,3.5826483810609973,59.732648381061,47.28057659836615,0.43156141227922634,47.712138010645376,-47.81957395631673,,
final,2026-09-01,2026-09-08,0.0191780821917808,24350.0,CE,26.75,-0.0141933118441209,24006.8339488683,0.997466511838196,0.0011013528928527,0.100277991556366,0.0330028672563969,test,328cfdef6953b86b56c40b28f4b9677e8e4701f5027d00daa6b1d1708b64fa63,True,0.0011170961984442,0.0025276531746487,6.856906752893653e-06,0.0024535401454894,0.0024715452254029,1.8068778506232994e-05,,0.0011673501691903,0.0011927872311337,0.0011551481342036,0.0014105569762045,33.77721557554027,60.52721557554027,0.0013364439470452002,32.002504021806445,58.752504021806445,0.0013544490269586998,32.43365389802735,59.18365389802735,5.025397074609993e-05,1.2033822327300445,27.953382232730043,-0.0011102392916913064,-26.58580442230615,0.16419557769384951,-0.001099027419937967,-26.31732479645164,0.4326752035483601,,,,7.569103268949989e-05,1.8124984466546266,28.562498446654626,3.805193575939997e-05,0.9111921452973082,27.661192145297306,32.002504021806445,0.43114987622090667,32.43365389802735,-26.31732479645164,,
final,2026-09-01,2026-09-08,0.0191780821917808,24500.0,CE,12.8,-0.0203345798662034,24006.8339488683,0.997466511838196,0.0005237759597853,0.1047159674082068,0.0208809573421116,test,328cfdef6953b86b56c40b28f4b9677e8e4701f5027d00daa6b1d1708b64fa63,True,0.0005345357510312,0.0013124957976686,9.618997522538083e-10,0.001252766714063,0.0012659626188096,2.130645149506932e-07,,0.0004751119677121,0.0004901359724929,0.0004679471271541,0.0007779600466374,18.62904132744453,31.42904132744453,0.0007182309630318,17.198767919769484,29.998767919769485,0.0007314268677784,17.514757225312845,30.314757225312846,-5.942378331909992e-05,-1.4229626830702626,11.377037316929737,-0.0005345347891314477,-12.799976966333668,2.3033666332494818e-05,-0.0005343226865162493,-12.794897954369919,0.005102045630081875,,,,-4.4399778538299997e-05,-1.063197670490257,11.736802329509743,-6.658862387709996e-05,-1.594532047636544,11.205467952363456,17.198767919769484,0.315989305543362,17.514757225312845,-12.794897954369919,,
final,2026-09-01,2026-09-08,0.0191780821917808,24650.0,CE,6.4,-0.0264383628042212,24006.8339488683,0.997466511838196,0.0002602943410698,0.1106818189554482,0.0126471184741339,test,328cfdef6953b86b56c40b28f4b9677e8e4701f5027d00daa6b1d1708b64fa63,True,0.0002672678755156,0.000604890224536,1.0474757513319641e-16,0.0005639919053171,0.0005720764122074,6.093505927719484e-10,,0.000168203352474,0.0001755896831517,0.0001647085627859,0.0003376223490204,8.08470913147221,14.48470913147221,0.00029672402980149997,7.105357451080554,13.505357451080554,0.0003048085366918,7.298949157521496,13.698949157521497,-9.906452304159997e-05,-2.3722003485941308,4.02779965140587,-0.00026726787551549524,-6.399999999996274,3.7267966490617255e-12,-0.0002672672661650072,-6.399985408481615,1.4591518385564939e-05,,,,-9.167819236389997e-05,-2.1953271787600266,4.204672821239974,-0.00010255931272969997,-2.455886627615458,3.9441133723845425,7.105357451080554,0.19359170644094215,7.298949157521496,-6.399985408481615,,
final,2026-09-01,2026-09-08,0.0191780821917808,24800.0,CE,4.2,-0.0325051154864586,24006.8339488683,0.997466511838196,0.0001697849869642,0.1216646962650963,0.0087326717833479,test,328cfdef6953b86b56c40b28f4b9677e8e4701f5027d00daa6b1d1708b64fa63,True,0.0001753945433071,0.0002422277469075,3.668085571770864e-18,0.0002189141258986,0.0002236398056065,5.521514750707848e-13,,5.155325305276383e-05,5.458614039016707e-05,5.013239780810724e-05,6.683320360040002e-05,1.6003887568504755,5.8003887568504755,4.35195825915e-05,1.0421204869767071,5.242120486976708,4.824526229940001e-05,1.1552816743143488,5.355281674314349,-0.00012384129025433616,-2.9655051363677214,1.2344948636322788,-0.00017539454330709633,-4.199999999998814,1.1866063687193673e-12,-0.0001753945427549485,-4.199999986777074,1.3222925865363777e-08,,,,-0.00012080840291693292,-2.892879577003614,1.3071204229963862,-0.00012526214549899274,-2.9995289544126615,1.2004710455873386,1.0421204869767071,0.11316118733764169,1.1552816743143488,-4.199999986777074,,
final,2026-09-01,2026-09-08,0.0191780821917808,24950.0,CE,3.05,-0.0385352845130498,24006.8339488683,0.997466511838196,0.0001225549805704,0.1335152864070349,0.0064189032537699,test,328cfdef6953b86b56c40b28f4b9677e8e4701f5027d00daa6b1d1708b64fa63,True,0.0001273698469254,8.214463434185956e-05,1.7447109739525865e-17,7.137917585632418e-05,7.396371029164674e-05,3.94066643617576e-16,,1.3636138308084632e-05,1.4679649152244626e-05,1.3153041162243442e-05,-4.5225212583540426e-05,-1.0829635248015783,1.9670364751984215,-5.599067106907581e-05,-1.3407533327779275,1.7092466672220723,-5.3406136633753245e-05,-1.2788640377994303,1.7711359622005696,-0.00011373370861731536,-2.723468855905182,0.326531144094818,-0.00012736984692538253,-3.0499999999989265,1.0733636202076013e-12,-0.00012736984692500594,-3.0499999999899083,1.0091483204632823e-11,,,,-0.00011269019777315536,-2.698480931749543,0.351519068250457,-0.00011421680576315655,-2.735037106400751,0.3149628935992488,-1.3407533327779275,0.06188929497849726,-1.2788640377994303,-3.0499999999899083,,
final,2026-09-01,2026-09-08,0.0191780821917808,25100.0,CE,2.5,-0.0445293084532603,24006.8339488683,0.997466511838196,9.985457400664584e-05,0.1468000472456935,0.0051303775337409,test,328cfdef6953b86b56c40b28f4b9677e8e4701f5027d00daa6b1d1708b64fa63,True,0.0001044015138733,2.285333256885156e-05,-4.163831397577611e-16,1.8972223961499432e-05,2.0082706089990305e-05,2.325515877076348e-16,,3.106825823388955e-06,3.40864632548607e-06,2.9690144819818215e-06,-8.154818130444844e-05,-1.9527538030581895,0.5472461969418105,-8.542928991180056e-05,-2.045690879910881,0.45430912008911895,-8.43188077833097e-05,-2.019099260515435,0.4809007394845648,-0.00010129468804991104,-2.4256039086952215,0.07439609130477853,-0.00010440151387371638,-2.500000000009944,-9.944045586962602e-12,-0.00010440151387306745,-2.4999999999944045,5.595524044110789e-12,,,,-0.00010099286754781393,-2.4183765110527076,0.08162348894729243,-0.00010143249939131818,-2.428903940856977,0.0710960591430232,-2.045690879910881,0.02659161939544584,-2.019099260515435,-2.4999999999944045,,
final,2026-09-01,2026-09-08,0.0191780821917808,25300.0,CE,1.6,-0.0524658580489967,24006.8339488683,0.997466511838196,6.340173426255963e-05,0.1596117881233168,0.0033905241327847,test,328cfdef6953b86b56c40b28f4b9677e8e4701f5027d00daa6b1d1708b64fa63,True,6.681696887891272e-05,2.841119598480379e-06,8.295537596408517e-17,2.223240290079591e-06,2.41882059127714e-06,7.038511978801986e-16,,3.4225898852752786e-07,3.865694569893277e-07,3.224553291481121e-07,-6.397584928043234e-05,-1.5319665133896363,0.06803348661036379,-6.459372858883313e-05,-1.5467622592911427,0.05323774070885734,-6.439814828763558e-05,-1.542078890871914,0.05792110912808601,-6.647470989038519e-05,-1.5918042618389883,0.008195738161011823,-6.681696887882976e-05,-1.5999999999980137,1.98641103565933e-12,-6.681696887820887e-05,-1.5999999999831456,1.6854517781439426e-11,,,,-6.643039942192339e-05,-1.5907432027887436,0.009256797211256496,-6.649451354976461e-05,-1.5922784805223362,0.007721519477663863,-1.5467622592911427,0.004683368419228579,-1.542078890871914,-1.5999999999831456,,
final,2026-09-01,2026-09-08,0.0191780821917808,25450.0,CE,1.3,-0.0583772053120538,24006.8339488683,0.997466511838196,5.121029076364407e-05,0.1709573602770898,0.002720800152934,test,328cfdef6953b86b56c40b28f4b9677e8e4701f5027d00daa6b1d1708b64fa63,True,5.428878721411659e-05,4.169966087845024e-07,-4.5821330498982594e-15,3.195567882320106e-07,3.491103677945426e-07,9.586309254092825e-16,,5.4920951422961224e-08,6.357302813443991e-08,5.1124056557063334e-08,-5.387179060533209e-05,-1.2900145938187604,0.009985406181239664,-5.396923042588458e-05,-1.2923478890205604,0.00765211097943963,-5.393967684632205e-05,-1.2916401986225459,0.008359801377454179,-5.423386626269363e-05,-1.298684862187688,0.0013151378123119617,-5.428878721869872e-05,-1.300000000109724,-1.09724007657519e-10,-5.428878721315796e-05,-1.2999999999770449,2.2955193301754662e-11,,,,-5.422521418598215e-05,-1.2984776794469768,0.0015223205530232597,-5.423766315755953e-05,-1.2987757826812,0.0012242173187999583,-1.2923478890205604,0.0007076903980146648,-1.2916401986225459,-1.2999999999770449,,
final,2026-09-01,2026-09-08,0.0191780821917808,25600.0,CE,1.05,-0.0642538138010389,24006.8339488683,0.997466511838196,4.1119801530392985e-05,0.181603421099499,0.0021817737049896,test,328cfdef6953b86b56c40b28f4b9677e8e4701f5027d00daa6b1d1708b64fa63,True,4.384863582678648e-05,4.154525244180453e-08,-4.8823461267563465e-14,3.3124566066726835e-08,3.563824245085054e-08,1.1562350849755328e-15,,7.587385267770005e-09,9.02219203974392e-09,6.970278575110031e-09,-4.380709057434468e-05,-1.049005156848295,0.0009948431517050604,-4.3815511260719754e-05,-1.0492067987130216,0.0007932012869784622,-4.3812997584335634e-05,-1.0491466061858528,0.0008533938141472852,-4.3841048441518716e-05,-1.049818312374355,0.00018168762564507723,-4.384863587560994e-05,-1.0500000011691275,-1.1691274615088787e-09,-4.384863582563025e-05,-1.049999999972313,2.768696383270708e-11,,,,-4.383961363474674e-05,-1.0497839544728567,0.00021604552714338254,-4.3841665548211374e-05,-1.0498330896191899,0.00016691038081018128,-1.0492067987130216,6.0192527169056084e-05,-1.0491466061858528,-1.049999999972313,,
final,2026-09-01,2026-09-15,0.0383561643835616,23500.0,PE,39.4,0.0226374737844855,24038.04767711267,0.9930587623915162,0.0245839605730201,0.1109182274869051,0.0448820376070861,test,328cfdef6953b86b56c40b28f4b9677e8e4701f5027d00daa6b1d1708b64fa63,True,0.024033693635446,0.0263278334028557,0.0229763456808621,0.02623184101267,0.0262283338486129,0.0229772692193841,,0.0237136645332671,0.0236740586792904,0.0235512420859974,0.002294139767409699,54.76385516772136,94.16385516772135,0.0021981473772239996,52.472402210925885,91.87240221092588,0.002194640213166902,52.38868201776207,91.78868201776207,-0.0003200291021789002,-7.639476744248123,31.760523255751878,-0.0010573479545838982,-25.240158018837114,14.159841981162884,-0.0010564244160619005,-25.218112051726052,14.181887948273946,,,,-0.0003596349561556002,-8.58491576317193,30.81508423682807,-0.0004824515494485995,-11.516694472925497,27.8833055270745,52.472402210925885,-0.08372019316381522,52.38868201776207,-25.218112051726052,,
final,2026-09-01,2026-09-15,0.0383561643835616,23650.0,PE,59.9,0.0162747799966568,24038.04767711267,0.9930587623915162,0.0189584086023996,0.1053559553518527,0.0567777295380641,test,328cfdef6953b86b56c40b28f4b9677e8e4701f5027d00daa6b1d1708b64fa63,True,0.0186523618502368,0.0215962440540324,0.0173352603722735,0.0214732838223076,0.0214684926374064,0.017329689640674,,0.0185479709175421,0.0184941196171855,0.0183250701919768,0.0029438822037956003,70.27398283650582,130.17398283650581,0.0028209219720707994,67.3387753058986,127.2387753058986,0.0028161307871696004,67.22440400222372,127.12440400222371,-0.00010439093269470207,-2.491936193308256,57.40806380669174,-0.001317101477963302,-31.440784735541687,28.45921526445831,-0.0013226722095628016,-31.57376474958752,28.326235250412477,,,,-0.0001582422330512999,-3.7774310246244855,56.122568975375515,-0.000327291658259999,-7.812842628499289,52.08715737150071,67.3387753058986,-0.11437130367488181,67.22440400222372,-31.57376474958752,,
final,2026-09-01,2026-09-15,0.0383561643835616,23800.0,PE,93.7,0.0099523142571697,24038.04767711267,0.9930587623915162,0.0139664965197963,0.1017472004612988,0.0686245525641768,test,328cfdef6953b86b56c40b28f4b9677e8e4701f5027d00daa6b1d1708b64fa63,True,0.0138281869491274,0.017285751933465,0.0121725138055829,0.0171361846795639,0.0171310728734107,0.0121579593336924,,0.0139492179385936,0.0138829943062596,0.0136733899922451,0.0034575649843376025,82.53620408186501,176.23620408186503,0.0033079977304365012,78.96585516640988,172.66585516640987,0.0033028859242832994,78.8438302506675,172.5438302506675,0.00012103098946620108,2.8891542146173705,96.58915421461737,-0.001655673143544499,-39.52289460573411,54.177105394265894,-0.0016702276154349997,-39.87032722600293,53.829672773997075,,,,5.4807357132201015e-05,1.3083170479636348,95.00831704796364,-0.00015479695688229954,-3.695188169236049,90.00481183076396,78.96585516640988,-0.12202491574238022,78.8438302506675,-39.87032722600293,,
final,2026-09-01,2026-09-15,0.0383561643835616,23950.0,PE,143.15,0.0036695710776745,24038.04767711267,0.9930587623915162,0.0096951257020379,0.0986027157625315,0.0765895574054749,test,328cfdef6953b86b56c40b28f4b9677e8e4701f5027d00daa6b1d1708b64fa63,True,0.009659613945474,0.0134519497924596,0.0077337069219197,0.0132794128307751,0.0132726776071323,0.0077136908000441,,0.0100355617598499,0.0099617670786609,0.0097272055373878,0.003792335846985599,90.52758424835247,233.67758424835247,0.0036197988853011002,86.40892098511235,229.55892098511237,0.003613063661658299,86.24814315573317,229.39814315573318,0.0003759478143758998,8.97432316442924,152.12432316442926,-0.0019259070235543001,-45.97369994745819,97.17630005254182,-0.0019459231454299003,-46.45150867340713,96.69849132659287,,,,0.0003021531331869002,7.2127560227090415,150.36275602270905,6.759159191379975e-05,1.6134919949984068,144.76349199499842,86.40892098511235,-0.160777829379176,86.24814315573317,-46.45150867340713,,
final,2026-09-01,2026-09-15,0.0383561643835616,24100.0,CE,152.8,-0.0025739455620105,24038.04767711267,0.9930587623915162,0.0063845657505572,0.0974085866228211,0.0775200154809682,test,328cfdef6953b86b56c40b28f4b9677e8e4701f5027d00daa6b1d1708b64fa63,True,0.0064010204428927,0.0101368437854327,0.004267079531828,0.00994853312107,0.0099419078368682,0.004254473831355,,0.0068740321363394,0.0067993822045707,0.006562021591597,0.003735823342539999,89.17856329828263,241.97856329828264,0.0035475126781773,84.68336292026025,237.48336292026028,0.0035408873939754993,84.52520947659188,237.3252094765919,0.0004730116934467,11.291353840137518,164.09135384013751,-0.0021339409110647,-50.93971720910964,101.86028279089038,-0.0021465466115377,-51.24063032905023,101.55936967094979,,,,0.00039836176167800004,9.509370846016266,162.30937084601626,0.00016100114870429977,3.8432896350662715,156.64328963506628,84.68336292026025,-0.15815344366837303,84.52520947659188,-51.24063032905023,,
final,2026-09-01,2026-09-15,0.0383561643835616,24250.0,CE,95.15,-0.0087787224488934,24038.04767711267,0.9930587623915162,0.0039511371217922,0.0967733615453018,0.0704898926401334,test,328cfdef6953b86b56c40b28f4b9677e8e4701f5027d00daa6b1d1708b64fa63,True,0.0039859757535421,0.0073626933110355,0.0019230200194348,0.0071688975468531,0.0071647561214026,0.0019332891835562,,0.0044639648199971,0.004395288762477,0.0041776850918011,0.0033767175574934,80.60627948124753,175.75627948124753,0.0031829217933109994,75.98014322199687,171.1301432219969,0.0031787803678605,75.88128245214276,171.03128245214276,0.00047798906645499933,11.410169676214498,106.5601696762145,-0.0020629557341073,-49.245216287598915,45.90478371240109,-0.0020526865699859002,-49.000079079906946,46.14992092009306,,,,0.0004093130089348994,9.770790192475657,104.92079019247566,0.00019170933825899978,4.57633078152411,99.72633078152411,75.98014322199687,-0.09886076985411847,75.88128245214276,-49.000079079906946,,
final,2026-09-01,2026-09-15,0.0383561643835616,24400.0,CE,56.8,-0.0149452373645573,24038.04767711267,0.9930587623915162,0.002344140085782,0.09742153745772,0.057918763513182,test,328cfdef6953b86b56c40b28f4b9677e8e4701f5027d00daa6b1d1708b64fa63,True,0.0023794369185622,0.005127479329628,0.0006433936293585,0.0049402608566353,0.0049394921936176,0.0006758840569145,,0.0027383395512624,0.0026807803278884,0.0024997190853417,0.0027480424110658003,65.59905317551102,122.39905317551101,0.0025608239380731004,61.129924709432174,117.92992470943217,0.0025600552750553998,61.11157580551092,117.91157580551092,0.0003589026327002003,8.56743432798774,65.36743432798774,-0.0017360432892036997,-41.44142593465079,15.35857406534921,-0.0017035528616477,-40.66584063932978,16.134159360670218,,,,0.00030134340932620003,7.193426947443806,63.9934269474438,0.00012028216677950013,2.8712789230839793,59.671278923083975,61.129924709432174,-0.018348903921258364,61.11157580551092,-40.66584063932978,,
final,2026-09-01,2026-09-15,0.0383561643835616,24550.0,CE,32.9,-0.0210739593059308,24038.04767711267,0.9930587623915162,0.0013494893256521,0.09896702172468,0.0437200571489174,test,328cfdef6953b86b56c40b28f4b9677e8e4701f5027d00daa6b1d1708b64fa63,True,0.001378230186984,0.0034031990524724,0.000136498332495,0.0032343834609882,0.0032368009431414,0.0001684434026248,,0.0015819590258742,0.0015379336184038,0.001400950099884,0.0020249688654884,48.338424382034425,81.23842438203442,0.0018561532740042,44.30859466833201,77.20859466833201,0.0018585707561573999,44.36630285350413,77.26630285350413,0.00020372883889020017,4.863250611390711,37.76325061139071,-0.001241731854489,-29.641621841184673,3.2583781588153258,-0.0012097867843592,-28.87905487871649,4.020945121283507,,,,0.00015970343141980003,3.812311574171039,36.71231157417104,2.271991289999999e-05,0.5423514456940421,33.442351445694044,44.30859466833201,0.057708185172115935,44.36630285350413,-28.87905487871649,,
final,2026-09-01,2026-09-15,0.0383561643835616,24700.0,CE,19.35,-0.0271653486993327,24038.04767711267,0.9930587623915162,0.0007888765895685,0.1020000764004749,0.0314156800507666,test,328cfdef6953b86b56c40b28f4b9677e8e4701f5027d00daa6b1d1708b64fa63,True,0.0008106004291228,0.0021377811290407,1.3890898350860624e-05,0.0019967147710923,0.0019991973705115,2.800225995407829e-05,,0.0008585887365328,0.0008278065361076,0.000733408579926,0.0013271806999179,31.68138779694459,51.03138779694459,0.0011861143419694999,28.313965416900693,47.663965416900695,0.0011885969413886997,28.373228028954205,47.72322802895421,4.798830741000002e-05,1.1455381899911965,20.495538189991198,-0.0007967095307719394,-19.018407672345585,0.33159232765441615,-0.0007825981691687217,-18.68155262365319,0.668447376346812,,,,1.7206106984800004e-05,0.41073031569468044,19.760730315694683,-7.719184919680001e-05,-1.842661597865588,17.507338402134412,28.313965416900693,0.05926261205351012,28.373228028954205,-18.68155262365319,,
final,2026-09-01,2026-09-15,0.0383561643835616,25000.0,CE,7.8,-0.039237929933602,24038.04767711267,0.9930587623915162,0.0003141808036098,0.1118971106851144,0.0160393520971565,test,328cfdef6953b86b56c40b28f4b9677e8e4701f5027d00daa6b1d1708b64fa63,True,0.0003267536613517,0.0006912664332916,1.4191427650832306e-09,0.0006158163777269,0.0006183806539945,2.0735309944789425e-07,,0.0002082204205666,0.0001966499143131,0.0001625377604705,0.0003645127719399,8.701355049453008,16.501355049453007,0.0002890627163752,6.900272145072205,14.700272145072205,0.0002916269926428,6.961484481009099,14.761484481009099,-0.00011853324078510001,-2.8295299715959303,4.970470028404069,-0.0003267522422089349,-7.79996612336422,3.3876635780139e-05,-0.0003265463082522521,-7.795050233958482,0.004949766041518089,,,,-0.00013010374703860002,-3.105731769622968,4.694268230377032,-0.00016421590088120001,-3.920029607546092,3.8799703924539077,6.900272145072205,0.061212335936894055,6.961484481009099,-7.795050233958482,,
final,2026-09-01,2026-09-29,0.0767123287671232,21000.0,PE,6.3,0.1373703663920456,24092.31244958385,0.991244377129838,0.1475556236779905,0.2230967669306606,0.0087113587461343,test,328cfdef6953b86b56c40b28f4b9677e8e4701f5027d00daa6b1d1708b64fa63,True,0.1286164665065733,0.1284176659334405,0.1283539271812733,0.1284146873355733,0.1284134563561358,0.1283540797823977,,0.1283526678146489,0.1283526658979858,0.1283526655826614,-0.0001988005731327902,-4.747629893639582,1.552370106360418,-0.00020177917100000498,-4.8187628891469645,1.4812371108530353,-0.00020301015043749926,-4.848160363630098,1.4518396363699022,-0.00026379869192438843,-6.299873968907944,0.00012603109205588936,-0.00026253932529998747,-6.269798569532388,0.0302014304676117,-0.00026238672417558395,-6.266154245732893,0.0338457542671069,,,,-0.00026380060858749443,-6.299919741447302,8.02585526979982e-05,-0.0002638009239118999,-6.299927271825862,7.272817413817023e-05,-4.8187628891469645,-0.02939747448313342,-4.848160363630098,-6.266154245732893,,
final,2026-09-01,2026-09-29,0.0767123287671232,21950.0,PE,11.4,0.0931256645942881,24092.31244958385,0.991244377129838,0.0981236057101875,0.1746191217347833,0.0165159627347949,test,328cfdef6953b86b56c40b28f4b9677e8e4701f5027d00daa6b1d1708b64fa63,True,0.0893983568346017,0.0894550318261256,0.0889582280590047,0.0894224550572694,0.0894266685853902,0.0889583609110848,,0.0889257065958417,0.0889247350048973,0.0889245514227576,5.667499152389732e-05,1.3534763996927535,12.753476399692754,2.4098222667690017e-05,0.5754985537405244,11.975498553740525,2.831175078849002e-05,0.6761233746289386,12.076123374628938,-0.0004726502387600029,-11.287534876843646,0.11246512315635471,-0.00044012877559700125,-10.510877806572362,0.8891221934276388,-0.0004399959235169004,-10.507705116992149,0.8922948830078514,,,,-0.0004736218297044098,-11.310737798944754,0.08926220105524685,-0.0004738054118441082,-11.315121991810175,0.0848780081898255,0.5754985537405244,0.10062482088841421,0.6761233746289386,-10.507705116992149,,
final,2026-09-01,2026-09-29,0.0767123287671232,22150.0,PE,12.25,0.0840553076243238,24092.31244958385,0.991244377129838,0.0882469820927955,0.1621913917378006,0.0183957611146874,test,328cfdef6953b86b56c40b28f4b9677e8e4701f5027d00daa6b1d1708b64fa63,True,0.0811325462197043,0.0814156549698256,0.0806910598145961,0.0813670470105877,0.0813733073804533,0.0806902982220726,,0.0806341886334549,0.0806315923396842,0.0806310911185738,0.00028310875012130254,6.761024598903126,19.011024598903127,0.00023450079088339904,5.60019997596535,17.85019997596535,0.00024076116074900344,5.749706180353056,17.999706180353055,-0.0004983575862494011,-11.901461534617031,0.34853846538296906,-0.0004414864051082018,-10.543299858230924,1.7067001417690761,-0.0004422479976316923,-10.561487730500692,1.6885122694993075,,,,-0.0005009538800200969,-11.963464584830534,0.2865354151694657,-0.0005014551011304907,-11.975434431242595,0.2745655687574047,5.60019997596535,0.14950620438770537,5.749706180353056,-10.561487730500692,,
final,2026-09-01,2026-09-29,0.0767123287671232,22500.0,PE,16.25,0.068377494905094,24092.31244958385,0.991244377129838,0.0714980437866311,0.1440032928221023,0.0245577128652272,test,328cfdef6953b86b56c40b28f4b9677e8e4701f5027d00daa6b1d1708b64fa63,True,0.0667725851790116,0.0676337815333586,0.0663039359716947,0.0675429340895615,0.0675503945360779,0.0662980201348383,,0.0661763434419945,0.0661651315011953,0.0661628971389695,0.0008611963543469908,20.566548132938046,36.816548132938046,0.0007703489105498895,18.396986782409325,34.64698678240933,0.0007778093570662975,18.57515246042042,34.82515246042042,-0.0005962417370171114,-14.239069082598766,2.010930917401234,-0.0004686492073169013,-11.191984767579259,5.0580152324207415,-0.00047456504417330014,-11.333263051956102,4.916736948043898,,,,-0.0006074536778163109,-14.50682558080786,1.7431744191921403,-0.0006096880400421056,-14.560185210155188,1.689814789844812,18.396986782409325,0.17816567801109484,18.57515246042042,-11.333263051956102,,
final,2026-09-01,2026-09-29,0.0767123287671232,22900.0,PE,27.0,0.0507558935552745,24092.31244958385,0.991244377129838,0.0532554995427668,0.1266710531405788,0.03782527599221,test,328cfdef6953b86b56c40b28f4b9677e8e4701f5027d00daa6b1d1708b64fa63,True,0.0506199204448066,0.0525807877464211,0.0501584552896936,0.0524154856907556,0.0524176775090368,0.0501338813718251,,0.0499382689833042,0.0498976532378211,0.0498893315075658,0.0019608673016145023,46.828196075607224,73.82819607560722,0.0017955652459490032,42.88055664685472,69.88055664685473,0.0017977570642302015,42.93290026855189,69.93290026855189,-0.0006816514615023972,-16.278770250376642,10.721229749623358,-0.000461465155113,-11.020419764203101,15.979580235796899,-0.0004860390729815034,-11.607278570683611,15.392721429316389,,,,-0.0007222672069854968,-17.24872986552936,9.75127013447064,-0.0007305889372408031,-17.447464178536126,9.552535821463874,42.88055664685472,0.05234362169716841,42.93290026855189,-11.607278570683611,,
final,2026-09-01,2026-09-29,0.0767123287671232,23200.0,PE,45.2,0.0377405254432042,24092.31244958385,0.991244377129838,0.0404272284232138,0.1165533702142105,0.0547389746551903,test,328cfdef6953b86b56c40b28f4b9677e8e4701f5027d00daa6b1d1708b64fa63,True,0.0389299159796826,0.0420310350195045,0.0385166728520769,0.041792918331739,0.0417928639826382,0.0384625629310487,,0.0383127452477726,0.0382303009847889,0.0382131511586149,0.003101119039821895,74.05896887107563,119.25896887107564,0.0028630023520564013,68.37241632650735,113.57241632650735,0.002862948002955598,68.37111839556279,113.57111839556279,-0.0006171707319099981,-14.738882137619129,30.461117862380874,-0.0004132431276057044,-9.868811719428379,35.331188280571624,-0.0004673530486338992,-11.161030723466865,34.03896927653314,,,,-0.0006996149948937033,-16.707764024287908,28.492235975712095,-0.0007167648210677016,-17.117325355683118,28.082674644316885,68.37241632650735,-0.00129793094456084,68.37111839556279,-11.161030723466865,,
final,2026-09-01,2026-09-29,0.0767123287671232,23500.0,PE,84.0,0.0248923829653552,24092.31244958385,0.991244377129838,0.0288108263107756,0.1101017133676464,0.0781984919533012,test,328cfdef6953b86b56c40b28f4b9677e8e4701f5027d00daa6b1d1708b64fa63,True,0.0281025086205422,0.0323615193262191,0.0276517710166196,0.0320438208759225,0.0320522869152438,0.0275545473182815,,0.0276613122082706,0.027525855525158,0.0274973791586252,0.004259010705676899,101.71100729219947,185.71100729219947,0.003941312255380303,94.12393329124272,178.12393329124274,0.0039497782947015975,94.32611390234015,178.32611390234015,-0.00044119641227160014,-10.53637443222085,73.46362556777915,-0.0004507376039225991,-10.764231153101477,73.23576884689852,-0.0005479613022606987,-13.086066192741136,70.91393380725887,,,,-0.0005766530953842004,-13.771265498702249,70.22873450129775,-0.0006051294619170006,-14.451320122705043,69.54867987729496,94.12393329124272,0.20218061109743396,94.32611390234015,-13.086066192741136,,
final,2026-09-01,2026-09-29,0.0767123287671232,23650.0,PE,112.7,0.0185296891775264,24092.31244958385,0.991244377129838,0.0235098488068646,0.1066332298166255,0.0899075976435886,test,328cfdef6953b86b56c40b28f4b9677e8e4701f5027d00daa6b1d1708b64fa63,True,0.0230782298480423,0.0279298190946696,0.022661830072989,0.0275739404435598,0.0275870305910588,0.0225416790952631,,0.0228743325541921,0.0227135415223825,0.022679616688668,0.004851589246627302,115.86259423690241,228.5625942369024,0.004495710595517503,107.36372476237406,220.06372476237408,0.004508800743016503,107.6763354083046,220.3763354083046,-0.00020389729385019914,-4.869346563044453,107.83065343695554,-0.00041639977505329717,-9.944196782709168,102.75580321729083,-0.0005365507527791968,-12.813566647254179,99.88643335274583,,,,-0.00036468832565979964,-8.709256565409033,103.99074343459097,-0.00039861315937429753,-9.519428046011955,103.18057195398805,107.36372476237406,0.3126106459305304,107.6763354083046,-12.813566647254179,,
final,2026-09-01,2026-09-29,0.0767123287671232,23800.0,PE,153.55,0.0122072234380395,24092.31244958385,0.991244377129838,0.0187907038124771,0.1046409096072847,0.1004901050624268,test,328cfdef6953b86b56c40b28f4b9677e8e4701f5027d00daa6b1d1708b64fa63,True,0.0185627158734893,0.0238038335425124,0.018062057322613,0.0234137775598889,0.0234261448791481,0.0179224529493264,,0.0185340546094835,0.018352486772686,0.0183140807201172,0.005241117669023101,125.16506632461255,278.71506632461256,0.004851061686399601,115.84999537630428,269.3999953763043,0.004863429005658802,116.14534389413753,269.6953438941375,-2.866126400579913e-05,-0.6844702288284509,152.86552977117157,-0.000500658550876297,-11.956411720497842,141.59358827950217,-0.0006402629241628981,-15.29035530754963,138.2596446924504,,,,-0.000210229100803299,-5.020558782896618,148.5294412171034,-0.00024863515337210026,-5.937747905638937,147.61225209436108,115.84999537630428,0.2953485178332503,116.14534389413753,-15.29035530754963,,
final,2026-09-01,2026-09-29,0.0767123287671232,23950.0,PE,205.15,0.0059244802585442,24092.31244958385,0.991244377129838,0.0145834877462094,0.1025647331768419,0.1077872866253353,test,328cfdef6953b86b56c40b28f4b9677e8e4701f5027d00daa6b1d1708b64fa63,True,0.0144973435925926,0.0200078622849263,0.0139255311857393,0.019590066437869,0.0195967604776987,0.0137744767336718,,0.0146904507619312,0.0144952253692961,0.0144538688064703,0.0055105186923337,131.59873163800262,336.7487316380026,0.005092722845276402,121.62119474426952,326.7711947442695,0.005099416885106102,121.78105758120142,326.93105758120146,0.0001931071693386001,4.611663615354241,209.76166361535425,-0.000571812406853299,-13.65566322848266,191.49433677151734,-0.0007228668589207999,-17.263050374816434,187.88694962518358,,,,-2.118223296499952e-06,-0.050586072692806655,205.0994139273072,-4.3474786122299144e-05,-1.038237420351635,204.11176257964837,121.62119474426952,0.1598628369319136,121.78105758120142,-17.263050374816434,,
final,2026-09-01,2026-09-29,0.0767123287671232,24100.0,CE,261.25,-0.0003190363811407,24092.31244958385,0.991244377129838,0.010936000458377,0.1004288922837947,0.1104946774017432,test,328cfdef6953b86b56c40b28f4b9677e8e4701f5027d00daa6b1d1708b64fa63,True,0.0109394899970026,0.0165617415158647,0.01031804288162,0.0161250230340288,0.0161259264900284,0.0101680491986616,,0.0113733725544915,0.0111733174473536,0.0111309183488273,0.005622251518862099,134.2670645254171,395.51706452541714,0.005185533037026199,123.83762920339673,385.0876292033967,0.005186436493025798,123.85920496972221,385.1092049697222,0.0004338825574888988,10.361709565531065,271.61170956553104,-0.0006214471153826,-14.841008030373118,246.40899196962687,-0.0007714407983410009,-18.423062557925917,242.8269374420741,,,,0.00023382745035100024,5.584119682081688,266.8341196820817,0.0001914283518247,4.571571154405279,265.82157115440526,123.83762920339673,0.021575766325483237,123.85920496972221,-18.423062557925917,,
final,2026-09-01,2026-09-29,0.0767123287671232,24250.0,CE,192.7,-0.0065238132680236,24092.31244958385,0.991244377129838,0.0080165819205816,0.0995384210665894,0.1077850820707587,test,328cfdef6953b86b56c40b28f4b9677e8e4701f5027d00daa6b1d1708b64fa63,True,0.0080690515690809,0.0134794687631064,0.0072887762419046,0.0130347057995521,0.0130320994567513,0.0071552922061126,,0.0085889435682247,0.008393389918741,0.0083519678614247,0.005410417194025501,129.20817079465598,321.908170794656,0.004965654230471201,118.58662223431209,311.28662223431206,0.004963047887670401,118.52437919950007,311.22437919950005,0.0005198919991438004,12.415732800480725,205.1157328004807,-0.0007802753271762995,-18.63404320317118,174.0659567968288,-0.0009137593629682996,-21.82182475059383,170.87817524940615,,,,0.0003243383496600999,7.74564388942416,200.44564388942416,0.0002829162923438013,6.756428443654027,199.456428443654,118.58662223431209,-0.062243034812012044,118.52437919950007,-21.82182475059383,,
final,2026-09-01,2026-09-29,0.0767123287671232,24400.0,CE,135.75,-0.0126903281836876,24092.31244958385,0.991244377129838,0.0056126669855855,0.0980293423289725,0.0996829089051426,test,328cfdef6953b86b56c40b28f4b9677e8e4701f5027d00daa6b1d1708b64fa63,True,0.0056843474338492,0.0107680006061228,0.0048606138017308,0.0103275272866785,0.01032195243881,0.0047586687997202,,0.0063191599228443,0.0061366595712583,0.0060980623453858,0.0050836531722735995,121.40459853433364,257.1545985343337,0.0046431798528293,110.88549254892193,246.63549254892195,0.0046376050049607995,110.75235754847449,246.5023575484745,0.0006348124889950998,15.160191452746764,150.91019145274677,-0.0008237336321183994,-19.67188703037284,116.07811296962716,-0.0009256786341289994,-22.106473266346025,113.64352673365397,,,,0.00045231213740910044,10.801833168685492,146.5518331686855,0.00041371491153660046,9.88007856568724,145.63007856568723,110.88549254892193,-0.13313500044744533,110.75235754847449,-22.106473266346025,,
final,2026-09-01,2026-09-29,0.0767123287671232,24550.0,CE,93.1,-0.018819050125061,24092.31244958385,0.991244377129838,0.0038257575830542,0.0973075450913172,0.0874007555735933,test,328cfdef6953b86b56c40b28f4b9677e8e4701f5027d00daa6b1d1708b64fa63,True,0.0038984364352954,0.0084263556001598,0.0030222542107616,0.0080030893082757,0.0079966644529895,0.0029619011897802,,0.0045246926811792,0.0043619455573951,0.0043276128725198,0.0045279191648644,108.13290949988762,201.23290949988763,0.0041046528729802995,98.02473089329646,191.12473089329646,0.0040982280176941,97.87129655184367,190.97129655184366,0.0006262562458838002,14.955856651632685,108.05585665163268,-0.0008761822245338001,-20.92443123236741,72.17556876763258,-0.0009365352455151998,-22.365744011638718,70.73425598836127,,,,0.0004635091220996997,11.069232494542595,104.16923249454258,0.0004291764372244002,10.249320969770466,103.34932096977046,98.02473089329646,-0.15343434145279292,97.87129655184367,-22.365744011638718,,
final,2026-09-01,2026-09-29,0.0767123287671232,24700.0,CE,62.55,-0.0249104395184629,24092.31244958385,0.991244377129838,0.002554757154134,0.0972868579613653,0.0729671134965208,test,328cfdef6953b86b56c40b28f4b9677e8e4701f5027d00daa6b1d1708b64fa63,True,0.0026191965523923,0.006445147580083,0.0017248188394244,0.006051516691454,0.0060452501928209,0.0017070721772032,,0.0031501977258673,0.0030114016724237,0.0029822236309723,0.0038259510276906997,91.36894921591872,153.9189492159187,0.0034323201390616996,81.96850461726726,144.51850461726724,0.0034260536404286,81.81885204951996,144.36885204951994,0.0005310011734749997,12.681035094721224,75.23103509472122,-0.0008943777129679002,-21.358964410304505,41.19103558969549,-0.0009121243751891001,-21.78277900372328,40.76722099627672,,,,0.0003922051200313998,9.366395292310392,71.91639529231038,0.00036302707857999985,8.669583710484662,71.21958371048466,81.96850461726726,-0.14965256774729258,81.81885204951996,-21.78277900372328,,
final,2026-09-01,2026-09-29,0.0767123287671232,24850.0,CE,42.7,-0.0309649484271691,24092.31244958385,0.991244377129838,0.0017334876230322,0.0987511761235735,0.0591160507915206,test,328cfdef6953b86b56c40b28f4b9677e8e4701f5027d00daa6b1d1708b64fa63,True,0.0017880046808497,0.0048066494360611,0.0008853259351312,0.004453441160918,0.0044454421248173,0.0009009661741189,,0.0021309812087131,0.0020176864944143,0.0019939748074318,0.0030186447552114004,72.08937002685208,114.78937002685208,0.0026654364800683004,63.654272786814666,106.35427278681468,0.0026574374439676,63.463244852068115,106.16324485206812,0.00034297652786339995,8.1907491052017,50.89074910520171,-0.0009026787457184999,-21.557204438558873,21.14279556144113,-0.0008870385067307999,-21.183694116171253,21.51630588382875,,,,0.00022968181356460026,5.4851161992188,48.185116199218804,0.00020597012658210025,4.918848646903713,47.618848646903714,63.654272786814666,-0.1910279347465503,63.463244852068115,-21.183694116171253,,
final,2026-09-01,2026-09-29,0.0767123287671232,25000.0,CE,29.15,-0.0369830207527322,24092.31244958385,0.991244377129838,0.0011762992324618,0.1006365971690078,0.0466714012617928,test,328cfdef6953b86b56c40b28f4b9677e8e4701f5027d00daa6b1d1708b64fa63,True,0.0012206167786128,0.0034854436227515,0.0003979204712773,0.0031807331202656,0.0031719744243236,0.0004307726818312,,0.0013997479442129,0.0013111634130561,0.0012927226026855,0.0022648268441387,54.08716614699114,83.23716614699114,0.0019601163416528,46.81026212347156,75.96026212347155,0.0019513576457107999,46.601092471552285,75.75109247155228,0.00017913116560009995,4.277897509467811,33.42789750946781,-0.0008226963073355,-19.647114294202623,9.502885705797375,-0.0007898440967815999,-18.862558523361578,10.28744147663842,,,,9.054663444329992e-05,2.162377611277426,31.312377611277423,7.21058240727001e-05,1.7219858095902203,30.871985809590218,46.81026212347156,-0.20916965191927847,46.601092471552285,-18.862558523361578,,
final,2026-09-01,2026-09-29,0.0767123287671232,25250.0,CE,16.2,-0.0469333516059002,24092.31244958385,0.991244377129838,0.00064725124623,0.1052818345655974,0.0309712199187724,test,328cfdef6953b86b56c40b28f4b9677e8e4701f5027d00daa6b1d1708b64fa63,True,0.0006783530639288,0.0018997584898152,7.04660381747272e-05,0.0016840640055166,0.0016800368709642,9.861032172845882e-05,,0.0006499944793847,0.0005964555016487,0.0005854318663816,0.0012214054258864,29.168833976743727,45.36883397674373,0.0010057109415878,24.017754352515514,40.21775435251551,0.0010016838070354,23.921580865259457,40.12158086525946,-2.8358584544100002e-05,-0.6772418288399173,15.522758171160081,-0.0006078870257540728,-14.517174522922284,1.6828254770777153,-0.0005797427422003412,-13.845050495163502,2.3549495048364975,,,,-8.189756228010002e-05,-1.9558259252980008,14.244174074701998,-9.29211975472e-05,-2.2190854295636404,13.980914570436358,24.017754352515514,-0.09617348725605677,23.921580865259457,-13.845050495163502,,
final,2026-09-01,2026-09-29,0.0767123287671232,25500.0,CE,10.2,-0.0567856480489119,24092.31244958385,0.991244377129838,0.000403533184378,0.1122558142512052,0.0214422688652937,test,328cfdef6953b86b56c40b28f4b9677e8e4701f5027d00daa6b1d1708b64fa63,True,0.0004271111883997,0.0009326341221618,5.9968914346382116e-06,0.0008008180856594,0.0008017260056985,1.6240620287097125e-05,,0.0002773796221412,0.0002485027612109,0.0002426365784489,0.0005055229337621,12.07257984435592,22.272579844355917,0.00037370689725970004,8.92463240387312,19.12463240387312,0.00037461481729880004,8.94631477757426,19.14631477757426,-0.0001497315662585,-3.5757948218564732,6.6242051781435265,-0.0004211142969650618,-10.056786021310415,0.14321397868958385,-0.0004108705681126029,-9.812151750111473,0.38784824988852584,,,,-0.00017860842718880004,-4.265413800447599,5.9345861995524,-0.0001844746099508,-4.405506277061444,5.794493722938555,8.92463240387312,0.021682373701137937,8.94631477757426,-9.812151750111473,,
final,2026-09-01,2026-09-29,0.0767123287671232,25800.0,CE,6.65,-0.0684816878121031,24092.31244958385,0.991244377129838,0.0002600286507862,0.122146023080221,0.0147359374818209,test,328cfdef6953b86b56c40b28f4b9677e8e4701f5027d00daa6b1d1708b64fa63,True,0.0002784597453782,0.0003350074984334,6.261623619535975e-08,0.0002779855692387,0.0002804638493763,1.2003847990617845e-06,,8.920352296055978e-05,7.730128859256315e-05,7.492980993494512e-05,5.654775305519996e-05,1.3504377708392792,8.00043777083928,-4.7417613950004886e-07,-0.011323975475852031,6.638676024524148,2.004103998099957e-06,0.04786074758942732,6.697860747589428,-0.00018925622241764025,-4.519697729981487,2.1303022700185137,-0.00027839712914200465,-6.6485046385412785,0.0014953614587218667,-0.00027725936057913824,-6.621333167373035,0.02866683262696501,,,,-0.00020115845678563688,-4.803939383796341,1.8460606162036592,-0.0002035299354432549,-4.860573541281969,1.7894264587180313,-0.011323975475852031,0.05918472306527935,0.04786074758942732,-6.621333167373035,,
final,2026-09-01,2026-09-29,0.0767123287671232,26500.0,CE,2.85,-0.095251928876708,24092.31244958385,0.991244377129838,0.000108497129762,0.1442186460097398,0.0067475719092665,test,328cfdef6953b86b56c40b28f4b9677e8e4701f5027d00daa6b1d1708b64fa63,True,0.0001193398908763,1.0811153198678246e-05,5.37160491801516e-11,9.891246866361055e-06,1.0354173531114155e-05,5.312205680972923e-10,,3.923602389151984e-06,3.087043412945364e-06,2.9298217918941223e-06,-0.00010852873767762175,-2.591814858466619,0.2581851415333811,-0.00010944864400993894,-2.613783481261988,0.2362165187380123,-0.00010898571734518584,-2.6027281586464106,0.24727184135358948,-0.00011541628848714801,-2.7562990025612466,0.09370099743875349,-0.00011933983716025081,-2.849998717184958,1.2828150421917428e-06,-0.00011933935965573189,-2.8499873137232243,1.2686276775752958e-05,,,,-0.00011625284746335463,-2.776277176369519,0.07372282363048122,-0.00011641006908440587,-2.7800318439555665,0.06996815604443363,-2.613783481261988,0.01105532261557741,-2.6027281586464106,-2.8499873137232243,,
final,2026-09-01,2026-10-27,0.1534246575342465,23000.0,PE,75.0,0.0510687004928988,24205.08938996567,0.9829854422970316,0.0557125030325309,0.1190932026422763,0.0836368454422296,test,328cfdef6953b86b56c40b28f4b9677e8e4701f5027d00daa6b1d1708b64fa63,True,0.0529387662695191,0.0581327946721599,0.0543234367057028,0.057529098538965,0.0575286027586929,0.0540388262604778,,0.0519085664532575,0.051679994879766,0.0516133617519088,0.005194028402640799,123.58281888728825,198.58281888728825,0.004590332269445899,109.21892556440048,184.21892556440048,0.004589836489173799,109.20712934019352,184.20712934019352,-0.0010301998162616025,-24.511802293195874,50.48819770680413,0.0013846704361836978,32.94581054783395,107.94581054783396,0.0011000599909586975,26.174002929726065,101.17400292972607,,,,-0.0012587713897530967,-29.95026299842035,45.04973700157965,-0.0013254045176102972,-31.53568170111423,43.46431829888577,109.21892556440048,-0.011796224206953023,109.20712934019352,26.174002929726065,,
final,2026-09-01,2026-10-27,0.1534246575342465,23400.0,PE,129.95,0.0338268940583927,24205.08938996567,0.9829854422970316,0.0400550727693256,0.1120681934303378,0.1141454023681838,test,328cfdef6953b86b56c40b28f4b9677e8e4701f5027d00daa6b1d1708b64fa63,True,0.0387227945206753,0.0456051375672875,0.0408913947681599,0.044867532156963,0.044875847945768,0.0405155973747913,,0.0380229638706987,0.0376651717453271,0.0375589130585825,0.006882343046612199,163.75331213383882,293.70331213383884,0.0061447376362877,146.20328183595475,276.1532818359548,0.006153053425092703,146.40114148209588,276.35114148209584,-0.0006998306499765988,-16.651245962355276,113.29875403764471,0.002168600247484602,51.59804892240442,181.5480489224044,0.0017928028541160032,42.656607404800475,172.60660740480046,,,,-0.0010576227753481965,-25.164283628189924,104.78571637181007,-0.0011638814620928,-27.69252317968773,102.25747682031226,146.20328183595475,0.19785964614113932,146.40114148209588,42.656607404800475,,
final,2026-09-01,2026-10-27,0.1534246575342465,23800.0,PE,225.0,0.0168773357446194,24205.08938996567,0.9829854422970316,0.0266379802232476,0.1064335681675017,0.1427282459895665,test,328cfdef6953b86b56c40b28f4b9677e8e4701f5027d00daa6b1d1708b64fa63,True,0.0261921746744762,0.0344471174994833,0.0290105003529299,0.033605493689593,0.0336213483149876,0.0285709392175922,,0.0261059694521714,0.0256388943911362,0.0254986632926551,0.008254942825007102,196.4119224972062,421.4119224972062,0.007413319015116802,176.3869563618611,401.3869563618611,0.007429173640511402,176.76418943545588,401.7641894354559,-8.620522230479849e-05,-2.0511024486919984,222.948897551308,0.0028183256784536995,67.05712885756515,292.05712885756515,0.002378764543116002,56.598540654483614,281.5985406544836,,,,-0.0005532802833400005,-13.164336378128091,211.8356636218719,-0.0006935113818210999,-16.500890032155862,208.49910996784413,176.3869563618611,0.3772330735947534,176.76418943545588,56.598540654483614,,
final,2026-09-01,2026-10-27,0.1534246575342465,24050.0,PE,309.9,0.0064279198702782,24205.08938996567,0.9829854422970316,0.0195573167911488,0.1028875105905142,0.1537621366399923,test,328cfdef6953b86b56c40b28f4b9677e8e4701f5027d00daa6b1d1708b64fa63,True,0.0194320070977352,0.028264922713172,0.0225528752348572,0.0273853159979324,0.027400843869753,0.0221027603016862,,0.0198845009798342,0.0193793566255725,0.0192272282592115,0.008832915615436799,210.16377388198836,520.0637738819884,0.0079533089001972,189.23507096495595,499.13507096495596,0.0079688367720178,189.6045295089128,499.5045295089128,0.00045249388209899974,10.76630028642412,320.6663002864241,0.003120868137122,74.25559736349588,384.1555973634959,0.002670753203951,63.54590000484196,373.4459000048419,,,,-5.2650472162699136e-05,-1.2527258731016684,308.6472741268983,-0.00020477883852370107,-4.872354202059597,305.0276457979404,189.23507096495595,0.3694585439568499,189.6045295089128,63.54590000484196,,
final,2026-09-01,2026-10-27,0.1534246575342465,24200.0,PE,373.95,0.0002102832594078,24205.08938996567,0.9829854422970316,0.0159302526595629,0.1012664343234582,0.1562141857431199,test,328cfdef6953b86b56c40b28f4b9677e8e4701f5027d00daa6b1d1708b64fa63,True,0.015926903146296,0.0248692298355562,0.0190787419865022,0.0239797794317279,0.0239928376265164,0.0186367601664902,,0.0166396822558709,0.0161266454655737,0.0159720596123576,0.008942326689260201,212.76701896892448,586.7170189689244,0.0080528762854319,191.6041027034587,565.5541027034587,0.008065934480220402,191.91479960313714,565.8647996031372,0.0007127791095749014,16.959331905164678,390.90933190516466,0.0031518388402062003,74.99249106013426,448.9424910601342,0.0027098570201942,64.47630690021592,438.4263069002159,,,,0.00019974231927770078,4.752519037992275,378.70251903799226,4.515646606160009e-05,1.07441910869093,375.0244191086909,191.6041027034587,0.3106968996784417,191.91479960313714,64.47630690021592,,
final,2026-09-01,2026-10-27,0.1534246575342465,24350.0,CE,305.85,-0.0059689331065503,24205.08938996567,0.9829854422970316,0.0127779867414046,0.0999622723358562,0.1548902830627483,test,328cfdef6953b86b56c40b28f4b9677e8e4701f5027d00daa6b1d1708b64fa63,True,0.0128544857711696,0.0217164783127711,0.0159211015776888,0.0208280190104426,0.0208378908724848,0.0154990676353179,,0.0137638072990902,0.0132546528748928,0.0131013058157193,0.008861992541601502,210.85560846999036,516.7056084699904,0.007973533239273002,189.71627373078007,495.5662737307801,0.007983405101315202,189.95115741724993,495.80115741724995,0.0009093215279206007,21.635714898707185,327.4857148987072,0.0030666158065192003,72.96475807126362,378.81475807126367,0.0026445818641483015,62.923198761000066,368.7731987610001,,,,0.00040016710372320005,9.52127614067939,315.3712761406794,0.00024682004454970076,5.8726511483513635,311.72265114835136,189.71627373078007,0.23488368646986407,189.95115741724993,62.923198761000066,,
final,2026-09-01,2026-10-27,0.1534246575342465,24500.0,CE,242.5,-0.0121102011286328,24205.08938996567,0.9829854422970316,0.010069283590349,0.098784823787285,0.1496702158050125,test,328cfdef6953b86b56c40b28f4b9677e8e4701f5027d00daa6b1d1708b64fa63,True,0.0101919659947969,0.018810574012242,0.0130880974806651,0.0179344894797263,0.0179398587225269,0.0126977417306531,,0.0112497452278857,0.0107557724362881,0.0106072064242821,0.008618608017445099,205.064699518954,447.564699518954,0.007742523484929402,184.21980077777755,426.71980077777755,0.007747892727729999,184.34755251672658,426.8475525167266,0.0010577792330888,25.168006266404742,267.66800626640475,0.0028961314858681995,68.90838192372023,311.40838192372024,0.0025057757358562006,59.62054977963393,302.12054977963396,,,,0.0005638064414911995,13.414787895820444,255.91478789582044,0.0004152404294851999,9.879919556400262,252.37991955640027,184.21980077777755,0.12775173894904251,184.34755251672658,59.62054977963393,,
final,2026-09-01,2026-10-27,0.1534246575342465,24650.0,CE,187.8,-0.0182139840666505,24205.08938996567,0.9829854422970316,0.0077505331511352,0.097448431666392,0.1406983535663644,test,328cfdef6953b86b56c40b28f4b9677e8e4701f5027d00daa6b1d1708b64fa63,True,0.0078929946961767,0.0161531225296255,0.0105826975277658,0.0153009531871731,0.0153014243506937,0.010234762554389,,0.0090828449792996,0.0086141507421249,0.0084735169561966,0.008260127833448799,196.53529070190325,384.33529070190326,0.007407958490996401,176.259412068654,364.059412068654,0.007408429654517001,176.27062258032603,364.070622580326,0.0011898502831228994,28.310405843642254,216.11040584364227,0.0026897028315891,63.99677324211387,251.7967732421139,0.0023417678582122996,55.718269262906375,243.5182692629064,,,,0.0007211560459482007,17.158646450715764,204.95864645071578,0.0005805222600198997,13.812511553383585,201.6125115533836,176.259412068654,0.011210511672019545,176.27062258032603,55.718269262906375,,
final,2026-09-01,2026-10-27,0.1534246575342465,24900.0,CE,119.45,-0.0283048870486134,24205.08938996567,0.9829854422970316,0.0048802236010841,0.0963507949884774,0.1196142333853745,test,328cfdef6953b86b56c40b28f4b9677e8e4701f5027d00daa6b1d1708b64fa63,True,0.0050203312910453,0.0122727168107634,0.0071248846347202,0.0114850734617584,0.0114811461421525,0.006865867632633,,0.0061831084728395,0.0057739762624558,0.0056519413024634,0.0072523855197181,172.55782539202582,292.00782539202584,0.006464742170713101,153.81722988462124,273.26722988462126,0.006460814851107199,153.7237861854451,273.1737861854451,0.0011627771817941997,27.6662487619211,147.1162487619211,0.0021045533436748996,50.07416489632136,169.52416489632137,0.0018455363415877,43.911308481944445,163.36130848194443,,,,0.0007536449714105001,17.93166359271071,137.3816635927107,0.0006316100114181003,15.028055219874247,134.47805521987425,153.81722988462124,-0.09344369917612756,153.7237861854451,43.911308481944445,,
final,2026-09-01,2026-10-27,0.1534246575342465,25100.0,CE,81.65,-0.0363049297156897,24205.08938996567,0.9829854422970316,0.0033092942253622,0.0962651287035865,0.10008292698372,test,328cfdef6953b86b56c40b28f4b9677e8e4701f5027d00daa6b1d1708b64fa63,True,0.0034316454576294,0.0096503594772897,0.0049747639231277,0.0089340330094834,0.0089294244120256,0.0047950332442529,,0.0044300522782906,0.0040783321638778,0.0039741065287465,0.0062187140196603,147.9634204566108,229.6134204566108,0.005502387551853999,130.9196853684338,212.5696853684338,0.005497778954396199,130.81003185466747,212.46003185466748,0.0009984068206611999,23.755343584735357,105.40534358473536,0.0015431184654983,36.71580420052141,118.36580420052141,0.0013633877866234996,32.43942713554796,114.08942713554796,,,,0.0006466867062483997,15.38677879668112,97.03677879668112,0.0005424610711171002,12.906912151497751,94.55691215149776,130.9196853684338,-0.1096535137663349,130.81003185466747,32.43942713554796,,
final,2026-09-01,2026-10-27,0.1534246575342465,25600.0,CE,31.75,-0.0560294350634682,24205.08938996567,0.9829854422970316,0.0012617016708831,0.0991931510283355,0.0568027055128341,test,328cfdef6953b86b56c40b28f4b9677e8e4701f5027d00daa6b1d1708b64fa63,True,0.0013344120426176,0.004821887234556,0.0016463904999283,0.0043326096408172,0.0043319450822298,0.0016367137724715,,0.0017370218257837,0.0015314286169201,0.0014718976342031,0.0034874751919384,82.97837085374907,114.72837085374907,0.0029981975981996,71.3368665019655,103.0868665019655,0.0029975330396121995,71.32105449302367,103.07105449302367,0.00040260978316609985,9.579395424555102,41.3293954245551,0.0003119784573106998,7.422981585345433,39.17298158534543,0.0003023017298539,7.192740784947168,38.94274078494717,,,,0.00019701657430249981,4.687664704998652,36.43766470499865,0.0001374855915854999,3.27122912071175,35.02122912071175,71.3368665019655,-0.015812008941832493,71.32105449302367,7.192740784947168,,
final,2026-09-01,2026-10-27,0.1534246575342465,27000.0,CE,6.95,-0.1092739495822806,24205.08938996567,0.9829854422970316,0.0002618628886363,0.1291425678860906,0.0159996683203153,test,328cfdef6953b86b56c40b28f4b9677e8e4701f5027d00daa6b1d1708b64fa63,True,0.0002920996439745,0.0002510871553912,4.31233941690964e-06,0.0002243716631736,0.0002279329014522,1.5474579028408033e-05,,5.7086596948727024e-05,4.2035970239130086e-05,3.814362991727202e-05,-4.1012488583300004e-05,-0.9758204144840632,5.974179585515937,-6.772798080090001e-05,-1.6114688130438017,5.338531186956199,-6.416674252230002e-05,-1.5267353785914723,5.423264621408528,-0.00023501304702577299,-5.591724298613623,1.3582757013863773,-0.00028778730455759037,-6.847395428010937,0.10260457198906359,-0.000276625064946092,-6.581809464795379,0.3681905352046213,,,,-0.0002500636737353699,-5.949827630094564,1.0001723699054361,-0.000253956014057228,-6.04243905840314,0.9075609415968602,-1.6114688130438017,0.08473343445232932,-1.5267353785914723,-6.581809464795379,,
final,2026-09-01,2026-11-23,0.2273972602739726,23500.0,PE,197.75,0.034610141506257,24327.576995257183,0.975896194213236,0.0438387766820484,0.1129778532505855,0.1520592567593788,test,328cfdef6953b86b56c40b28f4b9677e8e4701f5027d00daa6b1d1708b64fa63,True,0.0423474665080284,0.0516339813234214,0.0471386697588586,0.0505416057969744,0.050547686861714,0.0464782294208654,,0.0416743137327456,0.0407938484905279,0.0410242834564038,0.009286514815393006,220.4729108508409,418.2229108508409,0.008194139288946002,194.53861614010788,392.2886161401079,0.008200220353685603,194.68298785230175,392.4329878523017,-0.0006731527752827995,-15.981447805146262,181.76855219485373,0.004791203250830205,113.74886576798541,311.4988657679854,0.0041307629128370035,98.06922634940423,295.81922634940423,,,,-0.0015536180175005007,-36.88474023655043,160.86525976344956,-0.001323183051624599,-31.41393997418912,166.33606002581087,194.53861614010788,0.14437171219388426,194.68298785230175,98.06922634940423,,
final,2026-09-01,2026-11-23,0.2273972602739726,24000.0,PE,339.7,0.0135567323084246,24327.576995257183,0.975896194213236,0.0281528040112095,0.1076326643933144,0.1824175501163961,test,328cfdef6953b86b56c40b28f4b9677e8e4701f5027d00daa6b1d1708b64fa63,True,0.0277737193638624,0.0384993163560593,0.0334877985207338,0.0373201824025134,0.0373376072150503,0.0327884482047867,,0.0279344110113476,0.0268472449771346,0.0271341996133817,0.010725596992196898,254.63843395404086,594.3384339540409,0.009546463038650997,226.64439095844767,566.3443909584477,0.009563887851187898,227.05807674018712,566.7580767401871,0.0001606916474851984,3.815010902879777,343.5150109028798,0.005714079156871402,135.6590378189411,475.3590378189411,0.0050147288409242985,119.05562922848296,458.7556292284829,,,,-0.0009264743867277991,-21.99560426394271,317.7043957360573,-0.0006395197504807,-15.182959779633583,324.5170402203664,226.64439095844767,0.4136857817394414,227.05807674018712,119.05562922848296,,
final,2026-09-01,2026-11-23,0.2273972602739726,24200.0,PE,417.4,0.0052579294937297,24327.576995257183,0.975896194213236,0.0229457198416701,0.1059161632377486,0.188655367800404,test,328cfdef6953b86b56c40b28f4b9677e8e4701f5027d00daa6b1d1708b64fa63,True,0.0228253894860418,0.0338062934227474,0.028681390524178,0.0326179905833481,0.0326392073583899,0.0279928341344244,,0.0233154162780314,0.0221895236559448,0.0224870871321337,0.010980903936705602,260.69972458192706,678.099724581927,0.0097926010973063,232.48800132699614,649.8880013269961,0.009813817872348099,232.99171281029442,650.3917128102944,0.0004900267919896,11.63381907771979,429.0338190777198,0.005856001038136202,139.0284321394038,556.4284321394038,0.005167444648382601,122.68128419943706,540.081284199437,,,,-0.0006358658300969974,-15.096211362275026,402.30378863772495,-0.0003383023539080994,-8.031700395306322,409.3682996046937,232.48800132699614,0.5037114832982641,232.99171281029442,122.68128419943706,,
final,2026-09-01,2026-11-23,0.2273972602739726,24400.0,CE,431.25,-0.0029725696427858,24327.576995257183,0.975896194213236,0.0181107175462629,0.1029750682129114,0.1901172518288379,test,328cfdef6953b86b56c40b28f4b9677e8e4701f5027d00daa6b1d1708b64fa63,True,0.0181646330094841,0.0294505116443085,0.0242767014166979,0.0282696824013629,0.0282908920189466,0.0236157893323101,,0.019217630848994,0.0180828855876583,0.0183828357480071,0.0112858786348244,267.94018677541385,699.1901867754138,0.010105049391878798,239.90589559240948,671.1558955924095,0.010126259009462499,240.40943714913652,671.6594371491365,0.001052997839509899,24.999421571112748,456.24942157111275,0.006112068407213799,145.1077761513118,576.3577761513118,0.005451156322826001,129.4169369120371,560.666936912037,,,,-8.174742182580005e-05,-1.9407810575622242,429.3092189424378,0.00021820273852300037,5.1803926310491635,436.4303926310492,239.90589559240948,0.5035415567270344,240.40943714913652,129.4169369120371,,
final,2026-09-01,2026-11-23,0.2273972602739726,24550.0,CE,362.85,-0.0091012915841592,24327.576995257183,0.975896194213236,0.0151450951656934,0.1021252986488915,0.18774400294267,test,328cfdef6953b86b56c40b28f4b9677e8e4701f5027d00daa6b1d1708b64fa63,True,0.0152835642608493,0.0264093277053564,0.0212442601982775,0.0252454073572525,0.0252647031636553,0.0206151133693768,,0.0164840875364706,0.0153623814575944,0.0156587021439554,0.011125763444507102,264.1388616515711,626.9888616515711,0.0099618430964032,236.50600775038112,599.3560077503812,0.009981138902806,236.9641131526132,599.8141131526132,0.0012005232756212986,28.501850950766254,391.3518509507663,0.0059606959374281995,141.51401361501635,504.36401361501635,0.005331549108527501,126.57731933543664,489.42731933543666,,,,7.88171967450995e-05,1.8712140277525753,364.7212140277526,0.00037513788310609975,8.906219685530552,371.7562196855306,236.50600775038112,0.45810540223208995,236.9641131526132,126.57731933543664,,
final,2026-09-01,2026-11-23,0.2273972602739726,24800.0,CE,258.65,-0.0192330905145661,24327.576995257183,0.975896194213236,0.0106870336678371,0.0991872938522652,0.1767879359748899,test,328cfdef6953b86b56c40b28f4b9677e8e4701f5027d00daa6b1d1708b64fa63,True,0.0108945677168766,0.021775153905616,0.0167145774381694,0.0206608758421028,0.0206745692048276,0.0161578892562208,,0.0125550203184221,0.0114897881870771,0.0117705171697061,0.0108805861887394,258.31806188674153,516.9680618867415,0.009766308125226199,231.86377488632854,490.5137748863285,0.009780001487950999,232.18887160983442,490.8388716098344,0.001660452601545499,39.42112037400491,298.07112037400486,0.005820009721292801,138.17395545492508,396.82395545492506,0.005263321539344199,124.95751566558344,383.60751566558343,,,,0.0005952204702004988,14.131242158316258,272.7812421583162,0.0008759494528294987,20.796082218423507,279.4460822184235,231.86377488632854,0.3250967235058834,232.18887160983442,124.95751566558344,,
final,2026-09-01,2026-11-23,0.2273972602739726,25500.0,CE,91.85,-0.0470678895080101,24327.576995257183,0.975896194213236,0.0036909261514413,0.0974647910389291,0.1166016335546164,test,328cfdef6953b86b56c40b28f4b9677e8e4701f5027d00daa6b1d1708b64fa63,True,0.0038688035754691,0.0116509264836618,0.0074496085958508,0.010798943919508,0.0108014475219508,0.0071791890460612,,0.0052266380679343,0.0044764687540266,0.0046711322517099,0.0077821229081927006,184.75685704224503,276.606857042245,0.006930140344038899,164.529777276885,256.37977727688497,0.006932643946481701,164.58921577767356,256.43921577767355,0.0013578344924652002,32.236606408171404,124.0866064081714,0.0035808050203817,85.01257164035952,176.86257164035953,0.0033103854705921,78.5924897820651,170.44248978206508,,,,0.0006076651785574998,14.426694341476502,106.2766943414765,0.0008023286762408001,19.0482373879059,110.8982373879059,164.529777276885,0.05943850078855951,164.58921577767356,78.5924897820651,,
final,2026-09-02,2026-09-15,0.0356164383561643,23200.0,PE,23.3,0.031786176032989,23949.284644501065,0.997612372326685,0.0333034659211897,0.1256782098419619,0.0301860471321593,test,cd5ce2d2aec05a9c97aafa726a72fd91a7bc16412fc7277c1ac183b92b3cc73c,True,0.0322615235002021,0.033416880996467,0.0314283119832801,0.0333666643337329,0.0333688355374184,0.0314477219362331,,0.0317026771389203,0.0317462627996179,0.0317057094333774,0.0011553574962649,27.603919921000593,50.90391992100059,0.0011051408335307975,26.404138259226322,49.704138259226326,0.0011073120372162987,26.45601288059721,49.75601288059721,-0.0005588463612818048,-13.352014640348651,9.94798535965135,-0.0008332115169220056,-19.907175107900162,3.3928248920998385,-0.0008138015639689994,-19.443430519132352,3.8565694808676483,,,,-0.0005152607005842053,-12.310661560033685,10.989338439966316,-0.0005558140668247002,-13.279566749854663,10.020433250145338,26.404138259226322,0.051874621370886484,26.45601288059721,-19.443430519132352,,
final,2026-09-02,2026-09-15,0.0356164383561643,23500.0,PE,52.95,0.0189380335551399,23949.284644501065,0.997612372326685,0.021377079658058,0.1139474520119848,0.0506045105680935,test,cd5ce2d2aec05a9c97aafa726a72fd91a7bc16412fc7277c1ac183b92b3cc73c,True,0.0209760491564289,0.0231617939380317,0.0194800705034617,0.0230652643635353,0.0230595875317747,0.0195266533865594,,0.0204617326263731,0.0205631922415684,0.0204689075495092,0.0021857447816027997,52.22203873187576,105.17203873187577,0.0020892152071064,49.91574422734264,102.86574422734265,0.002083538375345799,49.78011278007959,102.7301127800796,-0.0005143165300558021,-12.288103340831345,40.66189665916866,-0.0014959786529671996,-35.74207556841336,17.20792443158664,-0.0014493957698695006,-34.62911254279121,18.32088745720879,,,,-0.0004128569148604995,-9.864019797754105,43.0859802022459,-0.0005071416069197011,-12.116679340616216,40.83332065938379,49.91574422734264,-0.13563144726304963,49.78011278007959,-34.62911254279121,,
final,2026-09-02,2026-09-15,0.0356164383561643,23650.0,PE,79.7,0.0125753397673113,23949.284644501065,0.997612372326685,0.0160327862099403,0.1082087590618882,0.0618928571118751,test,cd5ce2d2aec05a9c97aafa726a72fd91a7bc16412fc7277c1ac183b92b3cc73c,True,0.0158324308844084,0.0186100728581364,0.0139863022175187,0.0184874787825249,0.0184812835767938,0.0140488519494849,,0.0155359510461989,0.0156676927681393,0.0155453141961178,0.002777641973728002,66.36370721605466,146.06370721605467,0.002655047898116502,63.43467697484434,143.13467697484435,0.0026488526923854026,63.286660483456835,142.98666048345683,-0.00029647983820949887,-7.083526734005621,72.61647326599439,-0.0018461286668896987,-44.107895650856314,35.59210434914369,-0.001783578934923499,-42.61345103275592,37.086548967244084,,,,-0.0001647381162690996,-3.935939987518876,75.76406001248112,-0.0002871166882905986,-6.859821394831203,72.8401786051688,63.43467697484434,-0.14801649138751097,63.286660483456835,-42.61345103275592,,
final,2026-09-02,2026-09-15,0.0356164383561643,23800.0,PE,122.45,0.0062528740278242,23949.284644501065,0.997612372326685,0.0114297356823167,0.1046086305287676,0.0713793900334341,test,cd5ce2d2aec05a9c97aafa726a72fd91a7bc16412fc7277c1ac183b92b3cc73c,True,0.0113584899623128,0.0145312221674648,0.0091206826183664,0.0143843286061253,0.0143773956227275,0.0091972565933547,,0.011270556533857,0.0114245918291003,0.0112815366766674,0.0031727322051520006,75.80324358904335,198.25324358904334,0.0030258386438124993,72.29364753999802,194.74364753999802,0.003018905660414699,72.12800398885027,194.57800398885027,-8.793342845580046e-05,-2.1009145007671446,120.34908549923286,-0.0022378073439464005,-53.46592281663818,68.98407718336182,-0.0021612333689581004,-51.63640954438854,70.81359045561146,,,,6.610186678750012e-05,1.57931258794762,124.02931258794763,-7.695328564540083e-05,-1.8385758014128037,120.6114241985872,72.29364753999802,-0.16564355114775836,72.12800398885027,-51.63640954438854,,
final,2026-09-02,2026-09-15,0.0356164383561643,23950.0,CE,183.5,-2.9869151670964692e-05,23949.284644501065,0.997612372326685,0.007680132704478,0.1022091548475894,0.0752871879854662,test,cd5ce2d2aec05a9c97aafa726a72fd91a7bc16412fc7277c1ac183b92b3cc73c,True,0.0076803621069526,0.0109789034467184,0.0051793589357791,0.0108131320957203,0.010806104676141,0.0052662210770436,,0.0077682089007752,0.0079307016083056,0.0077798032050682,0.0032985413397658,78.80908835002585,262.30908835002583,0.0031327699887676993,74.84846221227974,258.34846221227974,0.0031257425691883995,74.68056238218786,258.1805623821879,8.78467938225996e-05,2.0988446172159554,185.59884461721595,-0.0025010031711734998,-59.754224542991956,123.74577545700805,-0.0024141410299089996,-57.678905345788124,125.82109465421188,,,,0.0002503395013530004,5.981137068614335,189.48113706861434,9.94410981156003e-05,2.3758569257683937,185.8758569257684,74.84846221227974,-0.16789983009188708,74.68056238218786,-57.678905345788124,,
final,2026-09-02,2026-09-15,0.0356164383561643,24100.0,CE,114.8,-0.0062733857913559,23949.284644501065,0.997612372326685,0.0047748861274332,0.0997969107460054,0.0714473719713726,test,cd5ce2d2aec05a9c97aafa726a72fd91a7bc16412fc7277c1ac183b92b3cc73c,True,0.004804934985712,0.0079870804394706,0.0024024891513134,0.0078114170368844,0.0078069816214976,0.0024941038348796,,0.0050611412808319,0.0052160931081489,0.0050721866863401,0.003182145453758599,76.02814589120787,190.82814589120787,0.0030064820511724,71.83117784130468,186.6311778413047,0.0030020466357856,71.72520644150036,186.52520644150036,0.0002562062951199,6.121307107635221,120.92130710763522,-0.0024024458343986,-57.39948253391112,57.40051746608888,-0.0023108311508324,-55.21061510809285,59.589384891907144,,,,0.00041115812243690004,9.82343207475491,124.6234320747549,0.0002672517006280994,6.385205070065897,121.18520507006589,71.83117784130468,-0.10597139980431966,71.72520644150036,-55.21061510809285,,
final,2026-09-02,2026-09-15,0.0356164383561643,24250.0,CE,68.4,-0.0124781626782388,23949.284644501065,0.997612372326685,0.0028273692617931,0.0994533287274716,0.0607363850465555,test,cd5ce2d2aec05a9c97aafa726a72fd91a7bc16412fc7277c1ac183b92b3cc73c,True,0.0028628706709294,0.0055636735919784,0.0008226654795585,0.0053896288809935,0.0053891312479865,0.0009064817801437,,0.0031031267819167,0.0032369477514159,0.0031126382858687,0.002700802921049,64.52786068040334,132.92786068040334,0.0025267582100641,60.36956657642901,128.769566576429,0.0025262605770571002,60.35767707753393,128.75767707753394,0.00024025611098729997,5.740223670738078,74.14022367073808,-0.0020402051913709003,-48.74479189954511,19.655208100454892,-0.0019563888907857003,-46.742244240566755,21.65775575943325,,,,0.00037407708048649985,8.937488013375468,77.33748801337548,0.0002497676149392997,5.967473499702776,74.36747349970278,60.36956657642901,-0.01188949889507962,60.35767707753393,-46.742244240566755,,
final,2026-09-02,2026-09-15,0.0356164383561643,24400.0,CE,38.95,-0.0186446775939028,23949.284644501065,0.997612372326685,0.0016001319948416,0.1001374861640841,0.0467095647483534,test,cd5ce2d2aec05a9c97aafa726a72fd91a7bc16412fc7277c1ac183b92b3cc73c,True,0.0016302457987236,0.0036872122402474,0.0001753959114478,0.0035268883686408,0.0035301862918215,0.0002310995547349,,0.0017838438118256,0.0018887050816811,0.0017912613336395,0.0020569664415238,49.14525340907119,88.09525340907119,0.0018966425699171998,45.31477900823804,84.26477900823804,0.0018999404930978999,45.393573327468204,84.3435733274682,0.00015359801310199997,3.6697794988991723,42.61977949889918,-0.0014548498872758,-34.75942287583526,4.19057712416474,-0.0013991462439887,-33.42854571134198,5.5214542886580205,,,,0.00025845928295750004,6.175135724364808,45.12513572436481,0.00016101553491590002,3.8469996916318174,42.79699969163182,45.31477900823804,0.07879431923016071,45.393573327468204,-33.42854571134198,,
final,2026-09-02,2026-09-15,0.0356164383561643,24550.0,CE,20.3,-0.0247733995352762,23949.284644501065,0.997612372326685,0.0008288629264475,0.1000915783102916,0.0322555584172358,test,cd5ce2d2aec05a9c97aafa726a72fd91a7bc16412fc7277c1ac183b92b3cc73c,True,0.0008496531377173,0.0023077362058157,1.7082795040630414e-05,0.0021714165508991,0.0021757499148668,3.791411623608673e-05,,0.0009585407731753,0.001033228998006,0.0009637888951405,0.0014580830680984,34.83667036399862,55.13667036399862,0.0013217634131818,31.579707172829355,51.879707172829356,0.0013260967771495003,31.683240349650948,51.98324034965095,0.00010888763545799992,2.6015545658264223,22.901554565826423,-0.0008325703426766696,-19.89185610700141,0.40814389299859144,-0.0008117390214812133,-19.39415204225349,0.9058479577465093,,,,0.00018357586028870004,4.38601330170122,24.68601330170122,0.00011413575742319992,2.7269432346422344,23.026943234642236,31.579707172829355,0.10353317682159179,31.683240349650948,-19.39415204225349,,
final,2026-09-02,2026-09-15,0.0356164383561643,24700.0,CE,11.3,-0.0308647889286782,23949.284644501065,0.997612372326685,0.0004585848083214,0.1030378041847108,0.0216947220023939,test,cd5ce2d2aec05a9c97aafa726a72fd91a7bc16412fc7277c1ac183b92b3cc73c,True,0.0004729596283845,0.0013523280579143,4.173939859238615e-07,0.0012463116983098,0.0012496093609196,3.7935981274724462e-06,,0.000480326530917,0.000528766296638,0.0004837014244487,0.0008793684295297999,21.009960802843235,32.309960802843236,0.0007733520699252999,18.477007054501744,29.777007054501745,0.0007766497325351,18.55579514814521,29.855795148145212,7.366902532499986e-06,0.17601079166436706,11.476010791664368,-0.00047254223439857613,-11.290027580033339,0.00997241996666176,-0.00046916603025702754,-11.2093629640495,0.09063703595050043,,,,5.580666825350005e-05,1.3333386475680598,12.63333864756806,1.0741796064200003e-05,0.256644094423144,11.556644094423145,18.477007054501744,0.07878809364346692,18.55579514814521,-11.2093629640495,,
final,2026-09-02,2026-09-15,0.0356164383561643,24900.0,CE,6.25,-0.0389293487654085,23949.284644501065,0.997612372326685,0.0002516047545389,0.1109039859322822,0.0136129020127609,test,cd5ce2d2aec05a9c97aafa726a72fd91a7bc16412fc7277c1ac183b92b3cc73c,True,0.0002615927148144,0.0005880084726633,5.683155497398279e-11,0.0005233482435791,0.0005266841713404,8.154535381280992e-08,,0.0001709867524586,0.0001945629581043,0.0001726062178405,0.0003264157578489,7.798758799542912,14.048758799542913,0.0002617555287647,6.253889967615089,12.50388996761509,0.000265091456526,6.333592296186864,12.583592296186865,-9.060596235580001e-05,-2.164766955094262,4.085233044905738,-0.000261592657982845,-6.249998642173111,1.3578268891478729e-06,-0.0002615111694605872,-6.2480517100329225,0.0019482899670775211,,,,-6.702975671009999e-05,-1.6014818292445818,4.648518170755418,-8.898649697389999e-05,-2.1260745219198367,4.123925478080164,6.253889967615089,0.07970232857177473,6.333592296186864,-6.2480517100329225,,
final,2026-09-02,2026-09-15,0.0356164383561643,25300.0,CE,2.75,-0.0548659410282212,23949.284644501065,0.997612372326685,0.0001089557980525,0.1306279445072299,0.0065020410567045,test,cd5ce2d2aec05a9c97aafa726a72fd91a7bc16412fc7277c1ac183b92b3cc73c,True,0.0001151007945183,6.514824853256877e-05,-2.157830597070868e-16,5.324021525245602e-05,5.508412770005232e-05,4.071183341006329e-12,,1.4643605632106043e-05,1.811843197389298e-05,1.487338693990101e-05,-4.995254598573122e-05,-1.1934713573053874,1.5565286426946126,-6.186057926584397e-05,-1.477979311028376,1.272020688971624,-6.0016666818247676e-05,-1.4339243655164164,1.3160756344835836,-0.00010045718888619395,-2.4001334707811797,0.34986652921882033,-0.00011510079451851578,-2.7500000000036167,-3.61666252501891e-12,-0.00011510079044711665,-2.7499999027293307,9.727066929698935e-08,,,,-9.698236254440701e-05,-2.317112563063732,0.4328874369362681,-0.00010022740757839898,-2.3946435121837584,0.35535648781624163,-1.477979311028376,0.04405494551195971,-1.4339243655164164,-2.7499999027293307,,
final,2026-09-02,2026-09-22,0.0547945205479452,23300.0,PE,50.25,0.028746864947258,23979.52222531031,0.9953257304656808,0.031330824481218,0.1181419235570258,0.0536242553291179,test,cd5ce2d2aec05a9c97aafa726a72fd91a7bc16412fc7277c1ac183b92b3cc73c,True,0.0304429839574475,0.0329239276586952,0.029360600566556,0.0327649428636254,0.0327659415347874,0.0293816269427512,,0.0297384045321301,0.0298086679951143,0.0297359878937213,0.0024809437012477016,59.21376370694735,109.46376370694735,0.002321958906177899,55.41920436909286,105.66920436909285,0.002322957577339902,55.44304008861284,105.69304008861283,-0.0007045794253173997,-16.8165039708637,33.4334960291363,-0.001082383390891499,-25.83371574144987,24.41628425855013,-0.0010613570146962986,-25.331870064335217,24.918129935664783,,,,-0.0006343159623331991,-15.13949530182946,35.110504698170544,-0.0007069960637261993,-16.874182932152436,33.375817067847564,55.41920436909286,0.023835719519975405,55.44304008861284,-25.331870064335217,,
final,2026-09-02,2026-09-22,0.0547945205479452,23600.0,PE,100.25,0.0159535134873484,23979.52222531031,0.9953257304656808,0.0203492805703059,0.1103573397305378,0.0765525444377643,test,cd5ce2d2aec05a9c97aafa726a72fd91a7bc16412fc7277c1ac183b92b3cc73c,True,0.0200272139264027,0.0235721320036518,0.0185356733015478,0.0233465645120204,0.0233514410993866,0.0185547659433592,,0.0195474447312185,0.0196611946132376,0.0195435041785828,0.0035449180772491005,84.60810347334714,184.85810347334714,0.003319350585617699,79.22438592154886,179.47438592154884,0.0033242271729839006,79.34077755585048,179.59077755585048,-0.0004797691951842001,-11.450860309011555,88.79913969098844,-0.0014915406248549,-35.59924962225197,64.65075037774804,-0.001472447983043499,-35.14355722576868,65.10644277423131,,,,-0.00036601931316510017,-8.735942339617603,91.51405766038239,-0.0004837097478198986,-11.544911194780422,88.70508880521957,79.22438592154886,0.11639163430162881,79.34077755585048,-35.14355722576868,,
final,2026-09-02,2026-09-22,0.0547945205479452,23800.0,PE,157.75,0.0075146448414838,23979.52222531031,0.9953257304656808,0.0142022291665161,0.1064762045669484,0.088894307080555,test,cd5ce2d2aec05a9c97aafa726a72fd91a7bc16412fc7277c1ac183b92b3cc73c,True,0.0140959044549399,0.0181387821394636,0.0123257823209124,0.0178739354970279,0.0178752442287073,0.0123423185118615,,0.0138775347908642,0.0140122072753881,0.0138728578126023,0.0040428776845237,96.49312226919224,254.24312226919224,0.003778031042087999,90.17191212005464,247.92191212005463,0.003779339773767402,90.20314818896703,247.95314818896702,-0.0002183696640757002,-5.211923867051499,152.5380761329485,-0.0017701221340274999,-42.24827581699194,115.50172418300806,-0.0017535859430783986,-41.853599346509924,115.89640065349008,,,,-8.369717955179941e-05,-1.9976370324025252,155.75236296759746,-0.0002230466423375991,-5.323551343935933,152.42644865606405,90.17191212005464,0.03123606891240408,90.20314818896703,-41.853599346509924,,
final,2026-09-02,2026-09-22,0.0547945205479452,23950.0,PE,216.8,0.0012319016619887,23979.52222531031,0.9953257304656808,0.0103273639252359,0.1037939831663108,0.0932010566560076,test,cd5ce2d2aec05a9c97aafa726a72fd91a7bc16412fc7277c1ac183b92b3cc73c,True,0.0103146494615448,0.0145442962000261,0.0084215181480925,0.0142575630981439,0.0142543467544881,0.0084402003046102,,0.0103354404557782,0.0104768508854746,0.0103305260894007,0.0042296467384813005,100.95082061327541,317.75082061327544,0.003942913636599101,94.10723680551956,310.9072368055196,0.0039396972929433005,94.03047093084892,310.83047093084895,2.0790994233400167e-05,0.49622771332937476,217.2962277133294,-0.0018931313134522999,-45.184189469761435,171.61581053023858,-0.0018744491569345993,-44.73829430453903,172.06170569546097,,,,0.00016220142392979996,3.8713320196178986,220.67133201961792,1.5876627855900688e-05,0.37893439091328207,217.1789343909133,94.10723680551956,-0.07676587467064201,94.03047093084892,-44.73829430453903,,
final,2026-09-02,2026-09-22,0.0547945205479452,24100.0,CE,171.15,-0.0050116149776963,23979.52222531031,0.9953257304656808,0.0071350107142459,0.101174048393259,0.0915403732543308,test,cd5ce2d2aec05a9c97aafa726a72fd91a7bc16412fc7277c1ac183b92b3cc73c,True,0.0071708583931597,0.0113886697466069,0.0052870736594513,0.0110897084176596,0.0110845053661101,0.0053147402059708,,0.0074312674911292,0.0075703645179427,0.0074264349531099,0.0042178113534472005,100.66834032465076,271.81834032465076,0.0039188500244999,93.53290009644344,264.68290009644346,0.003913646972950401,93.40871659931202,264.558716599312,0.0002604090979695002,6.215297342922555,177.36529734292256,-0.0018837847337084,-44.96111058081079,126.18888941918922,-0.0018561181871888993,-44.30078106693706,126.84921893306294,,,,0.0003995061247829999,9.535186655175492,180.6851866551755,0.00025557655995020034,6.099957053565826,177.24995705356582,93.53290009644344,-0.12418349713142957,93.40871659931202,-44.30078106693706,,
final,2026-09-02,2026-09-22,0.0547945205479452,24250.0,CE,115.4,-0.0112163918645793,23979.52222531031,0.9953257304656808,0.0047811110884991,0.1003100564669827,0.0837790332496276,test,cd5ce2d2aec05a9c97aafa726a72fd91a7bc16412fc7277c1ac183b92b3cc73c,True,0.0048350397813066,0.0086832070991795,0.0029740883509437,0.0083838428670882,0.0083782807891522,0.0030168807245899,,0.0051468742747809,0.0052752003338022,0.0051424215771488,0.0038481673178728994,91.84588515681632,207.2458851568163,0.0035488030857816003,84.70082866381688,200.10082866381688,0.0035432410078456,84.56807612757179,199.9680761275718,0.00031183449347430003,7.442689651916148,122.84268965191616,-0.0018609514303629003,-44.41613818652812,70.98386181347189,-0.0018181590567167005,-43.39479396970001,72.0052060303,,,,0.0004401605524955998,10.505503585384105,125.90550358538411,0.0003073817958422001,7.3364151784917615,122.73641517849177,84.70082866381688,-0.13275253624510344,84.56807612757179,-43.39479396970001,,
final,2026-09-02,2026-09-22,0.0547945205479452,24400.0,CE,72.4,-0.0173829067802433,23979.52222531031,0.9953257304656808,0.0029811478031074,0.0985472090503256,0.0709122854962741,test,cd5ce2d2aec05a9c97aafa726a72fd91a7bc16412fc7277c1ac183b92b3cc73c,True,0.003033421838532,0.0064251205164723,0.0014480895162475,0.0061381902976838,0.0061338268202212,0.0015053649418711,,0.0034271482850622,0.0035383183136398,0.003423299409721,0.0033916986779403,80.95114934680693,153.35114934680695,0.0031047684591518003,74.1028608640089,146.5028608640089,0.0031004049816892,73.99871584722314,146.39871584722314,0.0003937264465302,9.397240557409807,81.79724055740981,-0.0015853323222845,-37.83781690875539,34.56218309124461,-0.0015280568966609001,-36.4707993833738,35.929200616626204,,,,0.0005048964751077998,12.050584041253474,84.45058404125348,0.000389877571189,9.305377773551918,81.70537777355193,74.1028608640089,-0.10414501678577065,73.99871584722314,-36.4707993833738,,
final,2026-09-02,2026-09-22,0.0547945205479452,24600.0,CE,39.2,-0.0255462174194041,23979.52222531031,0.9953257304656808,0.0016009793439317,0.099759982192368,0.0519906693559892,test,cd5ce2d2aec05a9c97aafa726a72fd91a7bc16412fc7277c1ac183b92b3cc73c,True,0.0016424051943432,0.0040776176463727,0.0004060090910456,0.0038261061085742,0.0038230796043206,0.0004644285426927,,0.0018692416915799,0.0019526578561242,0.0018663663968432,0.0024352124520294997,58.12227606703505,97.32227606703506,0.002183700914231,52.1193406673799,91.3193406673799,0.0021806744099774,52.04710577239191,91.2471057723919,0.00022683649723669996,5.4140054612003095,44.614005461200314,-0.0012363961032976,-29.509604217151466,9.690395782848537,-0.0011779766516505,-28.115281724472123,11.08471827552788,,,,0.000310252661781,7.404935386043802,46.604935386043806,0.0002239612025,5.345379549600157,44.545379549600156,52.1193406673799,-0.07223489498798868,52.04710577239191,-28.115281724472123,,
final,2026-09-02,2026-09-29,0.073972602739726,19500.0,PE,3.35,0.2078491285204387,24005.03485785951,0.9929402463914808,0.2312004449325956,0.3034137197962124,0.0040962411933408,test,cd5ce2d2aec05a9c97aafa726a72fd91a7bc16412fc7277c1ac183b92b3cc73c,True,0.1878109614454282,0.1876714920919121,0.187670417050363,0.1876715460105139,0.1876713898444089,0.1876704186645139,,0.1876704151664467,0.1876704151664471,0.187670415166447,-0.0001394693535160807,-3.3243308728162577,0.02566912718374237,-0.00013941543491430286,-3.323045692466666,0.026954307533334276,-0.0001395716010192949,-3.326767999848356,0.023232000151644172,-0.00014054627898149596,-3.3499999999911334,8.86668516386635e-12,-0.00014054439506519523,-3.349955095781266,4.4904218734043155e-05,-0.00014054278091429895,-3.3499166215822926,8.337841770744703e-05,,,,-0.00014054627898107963,-3.34999999998121,1.879030264717585e-11,-0.00014054627898119065,-3.349999999983856,1.6143975045679326e-11,-3.323045692466666,-0.00372230738169018,-3.326767999848356,-3.3499166215822926,,
final,2026-09-02,2026-09-29,0.073972602739726,21650.0,PE,9.45,0.1032581396416408,24005.03485785951,0.9929402463914808,0.1092171846128851,0.188390160523841,0.0135203651816899,test,cd5ce2d2aec05a9c97aafa726a72fd91a7bc16412fc7277c1ac183b92b3cc73c,True,0.0985023375666868,0.0984033595999342,0.098119144814022,0.0983867017788809,0.0983882041216663,0.0981207430185118,,0.0981067691205728,0.0981069483135606,0.098106900217851,-9.897796675260861e-05,-2.359195782508165,7.090804217491835,-0.00011563578780590666,-2.756244362753735,6.693755637246264,-0.00011413344502050893,-2.720435173299977,6.729564826700022,-0.00039556844611400577,-9.428597498855726,0.02140250114427289,-0.0003831927526648099,-9.133615850425498,0.31638414957450145,-0.0003815945481750044,-9.095521743063614,0.35447825693638535,,,,-0.0003953892531262104,-9.424326332707016,0.025673667292982927,-0.00039543734883580595,-9.425472721130191,0.0245272788698081,-2.756244362753735,0.03580918945375788,-2.720435173299977,-9.095521743063614,,
final,2026-09-02,2026-09-29,0.073972602739726,22050.0,PE,12.5,0.0849509921972848,24005.03485785951,0.9929402463914808,0.0892346363814348,0.1672721249083518,0.0181866007080635,test,cd5ce2d2aec05a9c97aafa726a72fd91a7bc16412fc7277c1ac183b92b3cc73c,True,0.0819671266407853,0.0821347792182844,0.0814959613355168,0.082094359002581,0.0821000055168102,0.0814993977084486,,0.0814533151967316,0.0814548140388349,0.0814544187907256,0.00016765257749909446,3.996093946353598,16.496093946353596,0.00012723236179569553,3.0326552584901108,15.532655258490111,0.00013287887602489445,3.1672431167019726,15.667243116701972,-0.0005138114440536995,-12.246986188812272,0.2530138111877278,-0.00047116530526850053,-11.230491366143593,1.2695086338564074,-0.00046772893233669455,-11.1485834749853,1.3514165250147006,,,,-0.0005123126019504071,-12.211260440095172,0.2887395599048279,-0.0005127078500597043,-12.220681402184937,0.2793185978150632,3.0326552584901108,0.13458785821186176,3.1672431167019726,-11.1485834749853,,
final,2026-09-02,2026-09-29,0.073972602739726,22500.0,PE,19.65,0.0647482848797653,24005.03485785951,0.9929402463914808,0.0677699808150881,0.1457638839226144,0.0276748257271656,test,cd5ce2d2aec05a9c97aafa726a72fd91a7bc16412fc7277c1ac183b92b3cc73c,True,0.0635210312073443,0.0643512132695671,0.0629237426627399,0.0642581390949856,0.0642653307195465,0.0629287355081749,,0.0628026526180717,0.0628123440102822,0.0628098280713472,0.0008301820622227951,19.78785869389796,39.43785869389796,0.0007371078876412945,17.569383134767342,37.21938313476734,0.0007442995122022011,17.740799571072607,37.390799571072606,-0.0007183785892725947,-17.12295972185551,2.52704027814449,-0.0005972885446044046,-14.236710063899281,5.413289936100718,-0.0005922956991693956,-14.117702770867794,5.532297229132205,,,,-0.0007086871970621023,-16.8919599106877,2.758040089312299,-0.0007112031359970961,-16.95192873727838,2.6980712627216192,17.569383134767342,0.1714164363052633,17.740799571072607,-14.117702770867794,,
final,2026-09-02,2026-09-29,0.073972602739726,22700.0,PE,25.15,0.0558986696027827,24005.03485785951,0.9929402463914808,0.0586063292094263,0.1368194202772428,0.0341379927662484,test,cd5ce2d2aec05a9c97aafa726a72fd91a7bc16412fc7277c1ac183b92b3cc73c,True,0.0554201933440809,0.0567374494612296,0.0547801905355986,0.0566096476351327,0.0566144338852116,0.0547840353293986,,0.0546187747615564,0.0546375226203652,0.0546326825669493,0.0013172561171486963,31.39754410017098,56.54754410017098,0.0011894542910518002,28.351315338185497,53.50131533818549,0.001194240541130695,28.46539831413085,53.61539831413085,-0.000801418582524499,-19.102264897411015,6.047735102588984,-0.0006400028084823026,-15.254828686658541,9.895171313341457,-0.0006361580146823018,-15.163185853256566,9.986814146743432,,,,-0.0007826707237157046,-18.655399085918674,6.494600914081325,-0.0007875107771316003,-18.770764494812514,6.379235505187484,28.351315338185497,0.11408297594535421,28.46539831413085,-15.163185853256566,,
final,2026-09-02,2026-09-29,0.073972602739726,23000.0,PE,41.05,0.04276937816099,24005.03485785951,0.9929402463914808,0.045494640053418,0.1263789406699184,0.0489657550045122,test,cd5ce2d2aec05a9c97aafa726a72fd91a7bc16412fc7277c1ac183b92b3cc73c,True,0.0435898855146223,0.0458141223292325,0.0428421640428621,0.0456210173901036,0.0456211217498596,0.0428388045685773,,0.042668041936882,0.0427098422164837,0.0426991236540439,0.002224236814610203,53.015941673599684,94.06594167359968,0.002031131875481304,48.41317630145298,89.46317630145298,0.0020312362352373006,48.41566377522405,89.46566377522404,-0.0009218435777402986,-21.972662725766007,19.07733727423399,-0.0007477214717602002,-17.822363911319393,23.227636088680605,-0.0007510809460450005,-17.90243887976116,23.147561120238837,,,,-0.0008800432981386011,-20.976329434838025,20.073670565161972,-0.0008907618605783971,-21.231812429005014,19.818187570994983,48.41317630145298,0.002487473771067983,48.41566377522405,-17.90243887976116,,
final,2026-09-02,2026-09-29,0.073972602739726,23250.0,PE,63.45,0.0319584620567743,24005.03485785951,0.9929402463914808,0.0352230530781003,0.1181467258884336,0.0651119793228481,test,cd5ce2d2aec05a9c97aafa726a72fd91a7bc16412fc7277c1ac183b92b3cc73c,True,0.0341151757918694,0.0373102264257425,0.0333399764390927,0.0370536765980858,0.0370558852191703,0.033323317247666,,0.0332715622118072,0.0333405734983548,0.0333229522152351,0.0031950506338730977,76.15583778533005,139.60583778533004,0.002938500806216396,70.04082763439727,133.49082763439728,0.0029407094273008957,70.09347136631727,133.54347136631728,-0.0008436135800621997,-20.10800651344863,43.341993486551374,-0.0007751993527767009,-18.47731473657143,44.97268526342857,-0.000791858544203404,-18.87439598044168,44.57560401955833,,,,-0.0007746022935146007,-18.463083491585614,44.98691650841439,-0.0007922235766343044,-18.88309673475816,44.56690326524185,70.04082763439727,0.05264373191999707,70.09347136631727,-18.87439598044168,,
final,2026-09-02,2026-09-29,0.073972602739726,23450.0,PE,94.0,0.0233930991978514,24005.03485785951,0.9929402463914808,0.0277058930908312,0.1134458954870436,0.0804442291904324,test,cd5ce2d2aec05a9c97aafa726a72fd91a7bc16412fc7277c1ac183b92b3cc73c,True,0.0270652884624856,0.0310005821236373,0.0262116816485687,0.0306916299951756,0.0307006961291697,0.0261800243704393,,0.0263496317388192,0.0264423546216343,0.0264187377439204,0.003935293661151702,93.79994874541636,187.79994874541637,0.0036263415326900014,86.43590013563265,180.43590013563266,0.0036354076666841005,86.65199656380027,180.65199656380025,-0.0007156567236663997,-17.058082516661553,76.94191748333844,-0.000853606813916899,-20.346200890814973,73.65379910918503,-0.0008852640920462979,-21.10077000855852,72.89922999144147,,,,-0.0006229338408512974,-14.847980195342423,79.15201980465758,-0.0006465507185651996,-15.41090182453603,78.58909817546397,86.43590013563265,0.21609642816762303,86.65199656380027,-21.10077000855852,,
final,2026-09-02,2026-09-29,0.073972602739726,23600.0,PE,125.9,0.0170168820585754,24005.03485785951,0.9929402463914808,0.0225351695052572,0.1102188781893003,0.0915647709631983,test,cd5ce2d2aec05a9c97aafa726a72fd91a7bc16412fc7277c1ac183b92b3cc73c,True,0.0221549355571938,0.0266038115283233,0.0212504694499107,0.0262576040049697,0.0262703822408816,0.0212070072851761,,0.0216200822396396,0.0217290431206417,0.0217013279493835,0.004448875971129501,106.0414733940169,231.9414733940169,0.0041026684477759,97.78942138925206,223.68942138925206,0.004115446683687803,98.09399786480853,223.99399786480853,-0.0005348533175542,-12.748531137119091,113.15146886288092,-0.0009044661072830987,-21.558460895213592,104.34153910478642,-0.0009479282720176972,-22.59440615762562,103.30559384237438,,,,-0.0004258924365520972,-10.151386950867558,115.74861304913244,-0.0004536076078103003,-10.81199372315328,115.08800627684673,97.78942138925206,0.3045764755564701,98.09399786480853,-22.59440615762562,,
final,2026-09-02,2026-09-29,0.073972602739726,23750.0,PE,168.85,0.0106810636094895,24005.03485785951,0.9929402463914808,0.0178983314776649,0.1077838010393468,0.1009838915955997,test,cd5ce2d2aec05a9c97aafa726a72fd91a7bc16412fc7277c1ac183b92b3cc73c,True,0.0177081756019764,0.0225262623934094,0.0167064001086885,0.0221471760305702,0.0221577660420872,0.0166534895979325,,0.0173595907067423,0.0174813315529096,0.0174503942722223,0.004818086791433002,114.84182198365332,283.6918219836533,0.004439000428593801,105.80608425576116,274.65608425576113,0.004449590440110802,106.05850316602294,274.9085031660229,-0.00034858489523409766,-8.308718007289835,160.54128199271017,-0.0010017754932879,-23.877885112471883,144.9721148875281,-0.0010546860040438998,-25.13903704275861,143.71096295724138,,,,-0.00022684404906679959,-5.406956127752181,163.4430438722478,-0.0002577813297540976,-6.1443636995016915,162.7056363004983,105.80608425576116,0.2524189102617821,106.05850316602294,-25.13903704275861,,
final,2026-09-02,2026-09-29,0.073972602739726,23900.0,PE,222.5,0.0043851351526747,24005.03485785951,0.9929402463914808,0.013770578297472,0.1051982572739073,0.1069912164569902,test,cd5ce2d2aec05a9c97aafa726a72fd91a7bc16412fc7277c1ac183b92b3cc73c,True,0.0137103246572384,0.0187926912311917,0.0126575897711731,0.0183876268277347,0.0183921185051402,0.0126009468508971,,0.0136168305026286,0.0137462782551871,0.0137133988899296,0.005082366573953301,121.1410799779345,343.6410799779345,0.004677302170496301,111.48614096844271,333.9861409684427,0.004681793847901799,111.5932026382174,334.0932026382174,-9.349415460980018e-05,-2.228486020488935,220.27151397951107,-0.0010527348860653006,-25.092531042915308,197.4074689570847,-0.001109377806341301,-26.44264706376764,196.05735293623235,,,,3.595359794869926e-05,0.8569743290299505,223.35697432902995,3.074232691200121e-06,0.07327607383222896,222.57327607383223,111.48614096844271,0.1070616697747045,111.5932026382174,-26.44264706376764,,
final,2026-09-02,2026-09-29,0.073972602739726,24050.0,CE,247.8,-0.0018714024616304,24005.03485785951,0.9929402463914808,0.010376791897578,0.1041245477921249,0.1083577857782018,test,cd5ce2d2aec05a9c97aafa726a72fd91a7bc16412fc7277c1ac183b92b3cc73c,True,0.0103962292333452,0.0154227117823005,0.0091722300695465,0.015000990393272,0.0150002984715485,0.0091207735366937,,0.0104178765358212,0.0105489897359739,0.0105156901098514,0.0050264825489553,119.80905265498092,367.6090526549809,0.0046047611599268,109.75708497942446,357.5570849794245,0.0046040692382033,109.74059263405242,357.5405926340524,2.1647302475998748e-05,0.5159756901422591,248.31597569014227,-0.0012239991637987002,-29.174711905781887,218.62528809421812,-0.0012754556966515004,-30.401207450919156,217.39879254908087,,,,0.00015276050262869913,3.641132924423871,251.44113292442387,0.00011946087650619927,2.8474175139663216,250.64741751396633,109.75708497942446,-0.016492345372051232,109.74059263405242,-30.401207450919156,,
final,2026-09-02,2026-09-29,0.073972602739726,24200.0,CE,178.0,-0.0080890390725009,24005.03485785951,0.9929402463914808,0.0074076682132254,0.1014993553717083,0.1043556959510079,test,cd5ce2d2aec05a9c97aafa726a72fd91a7bc16412fc7277c1ac183b92b3cc73c,True,0.0074678321369469,0.0124293084035504,0.0062975573879204,0.0120022740412381,0.0119985882767375,0.0062618072448902,,0.00776297579784,0.0078895905333924,0.0078574229211421,0.0049614762666035,118.25959117185887,296.25959117185886,0.0045344419042912,108.0809857750503,286.0809857750503,0.0045307561397906005,107.9931334948871,285.9931334948871,0.0002951436608931001,7.034915980375708,185.0349159803757,-0.0011702747490264995,-27.894160113228978,150.10583988677104,-0.0012060248920567002,-28.746284979278425,149.2537150207216,,,,0.00042175839644550007,10.052849768258211,188.0528497682582,0.00038959078419519965,9.28611654828866,187.28611654828865,108.0809857750503,-0.08785228016319235,107.9931334948871,-28.746284979278425,,
final,2026-09-02,2026-09-29,0.073972602739726,24350.0,CE,124.15,-0.0142682554384589,24005.03485785951,0.9929402463914808,0.0051348131439588,0.0999554671617888,0.0952112873474688,test,cd5ce2d2aec05a9c97aafa726a72fd91a7bc16412fc7277c1ac183b92b3cc73c,True,0.0052086031449548,0.0098175818494125,0.0040488522052321,0.0093978947548719,0.0093918002646212,0.0040377855269838,,0.0056269741839382,0.0057436528636241,0.0057139880290194,0.004608978704457699,109.85761253718596,234.00761253718596,0.0041892916099171,99.85413342058557,224.00413342058556,0.0041831971196664005,99.70886780069337,223.85886780069336,0.0004183710389833997,9.972110188525189,134.1221101885252,-0.0011597509397227,-27.643319170138078,96.50668082986192,-0.001170817617971,-27.90709970136501,96.24290029863499,,,,0.0005350497186693004,12.753212468708604,136.9032124687086,0.0005053848840646004,12.046134368557935,136.19613436855795,99.85413342058557,-0.1452656198921967,99.70886780069337,-27.90709970136501,,
final,2026-09-02,2026-09-29,0.073972602739726,24500.0,CE,83.8,-0.0204095234605415,24005.03485785951,0.9929402463914808,0.0034447270877534,0.0989623643293298,0.0822208899699313,test,cd5ce2d2aec05a9c97aafa726a72fd91a7bc16412fc7277c1ac183b92b3cc73c,True,0.0035157546802031,0.0075838801251454,0.0024014195483398,0.0071845332892083,0.0071785203430484,0.0024185855283458,,0.0039631955774659,0.0040658891270524,0.0040397506525546,0.004068125444942301,96.9660693920961,180.76606939209609,0.0036687786090052006,87.44741183616125,171.24741183616123,0.0036627656628453005,87.30408986576413,171.10408986576414,0.0004474408972628,10.665006691666012,94.465006691666,-0.0011143351318633,-26.56080771959574,57.239192280404254,-0.0010971691518573,-26.151646883487665,57.64835311651233,,,,0.0005501344468493005,13.112765491165497,96.91276549116549,0.0005239959723514999,12.4897401773546,96.2897401773546,87.44741183616125,-0.1433219703971252,87.30408986576413,-26.151646883487665,,
final,2026-09-02,2026-09-29,0.073972602739726,24650.0,CE,55.35,-0.0265133063985593,24005.03485785951,0.9929402463914808,0.0022614010396264,0.0987322181442689,0.0675269355062871,test,cd5ce2d2aec05a9c97aafa726a72fd91a7bc16412fc7277c1ac183b92b3cc73c,True,0.0023221601616854,0.0057154529641864,0.0012888752256154,0.0053486024275324,0.0053423286125544,0.0013296952590543,,0.0027098138183257,0.0027962122675226,0.0027741882268539,0.003393292802501,80.88105192628322,136.23105192628321,0.003026442265847,72.13696203152729,127.4869620315273,0.003020168450869,71.98742210540081,127.3374221054008,0.0003876536566402998,9.23994401810199,64.58994401810199,-0.0010332849360700001,-24.628930491152122,30.72106950884788,-0.0009924649026311,-23.65596192157543,31.694038078424573,,,,0.0004740521058372001,11.299299889394437,66.64929988939444,0.0004520280651685001,10.774344431486771,66.12434443148678,72.13696203152729,-0.14953992612648423,71.98742210540081,-23.65596192157543,,
final,2026-09-02,2026-09-29,0.073972602739726,24800.0,CE,36.25,-0.0325800590807967,24005.03485785951,0.9929402463914808,0.0014720861136399,0.0993141744136996,0.0532806640138702,test,cd5ce2d2aec05a9c97aafa726a72fd91a7bc16412fc7277c1ac183b92b3cc73c,True,0.0015208366009231,0.0041907319288818,0.000610320028726,0.0038664877949262,0.0038583678898973,0.0006628013470769,,0.0017973230141681,0.0018668636284561,0.0018491034469643,0.0026698953279587004,63.638464237217846,99.88846423721785,0.0023456511940031,55.90992203304184,92.15992203304184,0.0023375312889742,55.71637950709333,91.96637950709334,0.0002764864132450001,6.59020993711434,42.84020993711434,-0.0009105165721970999,-21.70267714632131,14.54732285367869,-0.0008580352538462,-20.45175525960102,15.798244740398982,,,,0.000346027027533,8.247749784859822,44.49774978485982,0.0003282668460412,7.8244258204793375,44.074425820479334,55.90992203304184,-0.1935425259485102,55.71637950709333,-20.45175525960102,,
final,2026-09-02,2026-09-29,0.073972602739726,24950.0,CE,25.35,-0.0386102281073878,24005.03485785951,0.9929402463914808,0.0010232559993621,0.1021804483665901,0.0421360702737044,test,cd5ce2d2aec05a9c97aafa726a72fd91a7bc16412fc7277c1ac183b92b3cc73c,True,0.0010635367678179,0.0029802793930781,0.0002464580623311,0.0027056449060518,0.0026977388266437,0.000296078695117,,0.0011556864146385,0.0012092773990088,0.0011955597792769,0.0019167426252602,45.68664386660897,71.03664386660897,0.0016421081382339,39.14057563767493,64.49057563767494,0.0016342020588257999,38.95212976625807,64.30212976625808,9.214964682059982e-05,2.1964389173820487,27.54643891738205,-0.0008170787054868001,-19.475532779732372,5.874467220267629,-0.0007674580727009001,-18.292796950388855,7.057203049611147,,,,0.0001457406311909,3.4738103208872735,28.823810320887276,0.00013202301145899997,3.146843101016631,28.496843101016633,39.14057563767493,-0.18844587141686128,38.95212976625807,-18.292796950388855,,
final,2026-09-02,2026-09-29,0.073972602739726,25200.0,CE,14.05,-0.0485804004272378,24005.03485785951,0.9929402463914808,0.0005615037607407,0.1070763988240635,0.0276500927564191,test,cd5ce2d2aec05a9c97aafa726a72fd91a7bc16412fc7277c1ac183b92b3cc73c,True,0.0005894552894611,0.0015622446958917,3.336368638593226e-05,0.0013753561084244,0.0013728154283427,5.906018914926363e-05,,0.0005160853749556,0.000547670926108,0.0005395491243435,0.0009727894064306,23.18698534852664,37.236985348526645,0.0007859008189633,18.732390231880217,32.782390231880214,0.0007833601388816,18.671831686073443,32.72183168607344,-7.336991450549997e-05,-1.7488133828511707,12.30118661714883,-0.0005560916030751677,-13.254757676951003,0.7952423230489973,-0.0005303951003118363,-12.642267009245273,1.4077329907547274,,,,-4.17843633531e-05,-0.9959539181463757,13.054046081853626,-4.990616511759999e-05,-1.1895416538599985,12.860458346140001,18.732390231880217,-0.06055854580677418,18.671831686073443,-12.642267009245273,,
final,2026-09-02,2026-09-29,0.073972602739726,25400.0,CE,9.6,-0.056485579934351,24005.03485785951,0.9929402463914808,0.0003806399803805,0.1126486133459495,0.0203973787697289,test,cd5ce2d2aec05a9c97aafa726a72fd91a7bc16412fc7277c1ac183b92b3cc73c,True,0.0004027594860375,0.0008588228368826,3.5476255316104627e-06,0.0007363135131507,0.0007373185145309,1.258239505868078e-05,,0.0002540068572996,0.0002730513992596,0.0002681330602623,0.0004560633508451,10.870527746438523,20.47052774643852,0.00033355402711320004,7.950448769784777,17.550448769784776,0.00033455902849340003,7.9744035457351545,17.574403545735155,-0.0001487526287379,-3.545602984880546,6.054397015119454,-0.00039921186050588954,-9.515440340240273,0.08455965975972646,-0.0003901770909788192,-9.300091501872306,0.29990849812769405,,,,-0.0001297080867779,-3.0916655627860714,6.508334437213929,-0.00013462642577519998,-3.2088969527617577,6.391103047238242,7.950448769784777,0.02395477595037788,7.9744035457351545,-9.300091501872306,,
final,2026-09-02,2026-09-29,0.073972602739726,26000.0,CE,4.75,-0.0798329439313423,24005.03485785951,0.9929402463914808,0.0001839912405164,0.1348523578235606,0.0105659559327244,test,cd5ce2d2aec05a9c97aafa726a72fd91a7bc16412fc7277c1ac183b92b3cc73c,True,0.0001992820373622,7.957019688066211e-05,3.6537463094890696e-11,6.532778793938085e-05,6.684351038601567e-05,3.2113326626095774e-08,,2.146846426318797e-05,2.4199721141864895e-05,2.348261002964834e-05,-0.0001197118404815379,-2.8533993821699823,1.8966006178300177,-0.00013395424942281916,-3.1928752494709416,1.5571247505290584,-0.00013243852697618434,-3.15674714822906,1.5932528517709401,-0.00017781357309901204,-4.2382870197405875,0.5117129802594125,-0.0001992820008247369,-4.749999129105338,8.708946621638347e-07,-0.00019924992403557392,-4.74923456070499,0.0007654392950096067,,,,-0.00017508231622033512,-4.173185968258832,0.5768140317411676,-0.00017579942733255167,-4.1902787169486455,0.5597212830513545,-3.1928752494709416,0.036128101241881615,-3.15674714822906,-4.74923456070499,,
final,2026-09-02,2026-09-29,0.073972602739726,26500.0,CE,2.65,-0.0988811389020367,24005.03485785951,0.9929402463914808,0.000100710994809,0.1504371756536585,0.0061459729544691,test,cd5ce2d2aec05a9c97aafa726a72fd91a7bc16412fc7277c1ac183b92b3cc73c,True,0.0001111783997916,4.0243412793278645e-06,-5.413659133406437e-11,4.031811222118494e-06,4.262964096817984e-06,6.066745740102686e-11,,1.8508894824310871e-06,2.192122788804605e-06,2.1009480462990684e-06,-0.00010715405851227213,-2.554077550942649,0.0959224490573507,-0.0001071465885694815,-2.5538995006340257,0.0961004993659742,-0.00010691543569478201,-2.5483898412118564,0.1016101587881435,-0.00010932751030916891,-2.6058830030140165,0.04411699698598337,-0.00011117845392819133,-2.650001290375613,-1.2903756130278055e-06,-0.0001111783391241426,-2.649998553956221,1.4460437789409752e-06,,,,-0.00010898627700279539,-2.597749514282531,0.05225048571746882,-0.00010907745174530093,-2.5999227158045217,0.05007728419547819,-2.5538995006340257,0.005509659422169342,-2.5483898412118564,-2.649998553956221,,
final,2026-09-02,2026-10-27,0.1506849315068493,23000.0,PE,89.9,0.0473470741373188,24115.17450992696,0.9820121480100537,0.0524661408234167,0.1213643116292074,0.0912468485918989,test,cd5ce2d2aec05a9c97aafa726a72fd91a7bc16412fc7277c1ac183b92b3cc73c,True,0.0500399131858589,0.0551498916659294,0.0511558663662039,0.0545320772347679,0.0545328660166961,0.050907204811429,,0.0487199545997685,0.0486993354320629,0.0486791464802276,0.005109978480070498,121.01141535393144,210.91141535393143,0.004492164048908995,106.38070819292865,196.28070819292867,0.004492952830837199,106.39938764880306,196.29938764880308,-0.0013199585860904015,-31.25845976344894,58.641540236551066,0.0011159531803449987,26.42732730655381,116.32732730655381,0.0008672916255700949,20.53867497567254,110.43867497567254,,,,-0.0013405777537960004,-31.74675040443813,58.153249595561874,-0.0013607667056313028,-32.224852933760054,57.67514706623995,106.38070819292865,0.0186794558743992,106.39938764880306,20.53867497567254,,
final,2026-09-02,2026-10-27,0.1506849315068493,23300.0,PE,132.05,0.0343879294948136,24115.17450992696,0.9820121480100537,0.0407572238149296,0.1151830587001909,0.1132201111454202,test,cd5ce2d2aec05a9c97aafa726a72fd91a7bc16412fc7277c1ac183b92b3cc73c,True,0.0393794917178368,0.0457776125124471,0.0410941853115109,0.045059831012061,0.0450677310477286,0.0407870836446494,,0.0383444690346852,0.0383160380443104,0.0382881564208716,0.006398120794610301,151.5164214449943,283.5664214449943,0.0056803392942242,134.51835469865603,266.56835469865604,0.005688239329891799,134.70543855844352,266.75543855844353,-0.0010350226831516013,-24.510780289992734,107.53921971000727,0.0017146935936740992,40.60633512999826,172.65633512999827,0.0014075919268125986,33.333739460681656,165.38373946068168,,,,-0.0010634536735264002,-25.18406578397019,106.86593421602981,-0.0010913352969652013,-25.844341502909835,106.20565849709018,134.51835469865603,0.18708385978750874,134.70543855844352,33.333739460681656,,
final,2026-09-02,2026-10-27,0.1506849315068493,23700.0,PE,226.9,0.0173662419253831,24115.17450992696,0.9820121480100537,0.0272671187654222,0.1094703844606497,0.1411918558121143,test,cd5ce2d2aec05a9c97aafa726a72fd91a7bc16412fc7277c1ac183b92b3cc73c,True,0.0267976793812745,0.0345075724921378,0.0290734507861628,0.033683293156736,0.0336992097230747,0.0287107200885079,,0.0262809125073555,0.0262436573413467,0.0262070742017921,0.0077098931108633036,182.5810189244128,409.4810189244128,0.006885613775461503,163.06093495282752,389.96093495282753,0.006901530341800199,163.4378614365167,390.33786143651673,-0.000516766873918998,-12.23776011285704,214.66223988714296,0.0022757714048882993,53.893440021637566,280.7934400216376,0.0019130407072334016,45.303471338455836,272.20347133845587,,,,-0.0005540220399277984,-13.120014389573372,213.77998561042662,-0.0005906051794823987,-13.98635414283423,212.91364585716576,163.06093495282752,0.3769264836891767,163.4378614365167,45.303471338455836,,
final,2026-09-02,2026-10-27,0.1506849315068493,23850.0,PE,277.0,0.0110570727321183,24115.17450992696,0.9820121480100537,0.0229454261448914,0.107919725512758,0.1487035487134006,test,cd5ce2d2aec05a9c97aafa726a72fd91a7bc16412fc7277c1ac183b92b3cc73c,True,0.0226931143844879,0.0306840367750402,0.025054813424068,0.029832769368199,0.0298489344992382,0.0246837276946984,,0.0223780873010851,0.0223386686915267,0.0222999508197471,0.0079909223905523,189.2361841122302,466.2361841122302,0.007139654983711101,169.07698497894867,446.07698497894864,0.0071558201147503,169.45979782132454,446.4597978213245,-0.000315027083402801,-7.4602805835824215,269.5397194164176,0.0023616990395801014,55.92832622177027,332.92832622177025,0.0019906133102104984,47.1404987379954,324.1404987379954,,,,-0.0003544456929612007,-8.393768220086157,268.60623177991386,-0.0003931635647408012,-9.310661408935136,267.6893385910649,169.07698497894867,0.382812842375852,169.45979782132454,47.1404987379954,,
final,2026-09-02,2026-10-27,0.1506849315068493,24000.0,PE,333.45,0.0047874597185228,24115.17450992696,0.9820121480100537,0.0189471844787541,0.1058889756647254,0.1534150415884239,test,cd5ce2d2aec05a9c97aafa726a72fd91a7bc16412fc7277c1ac183b92b3cc73c,True,0.0188566923827529,0.0270957243803469,0.0213343000875608,0.026226651850351,0.0262414103738342,0.0209641174544445,,0.0188430061952643,0.0188022790601357,0.0187622700199155,0.008239031997594001,195.1117655511974,528.5617655511974,0.0073699594675981014,174.53091627557092,507.9809162755709,0.007384717991081299,174.88041868975944,508.3304186897594,-1.3686187488599899e-05,-0.3241080026567731,333.1258919973432,0.0024776077048078993,58.673205028149766,392.12320502814975,0.0021074250716916,49.906764122858426,383.3567641228584,,,,-5.44133226172e-05,-1.2885833491663976,332.1614166508336,-9.442236283739927e-05,-2.236053206990904,331.2139467930091,174.53091627557092,0.3495024141885177,174.88041868975944,49.906764122858426,,
final,2026-09-02,2026-10-27,0.1506849315068493,24150.0,CE,366.5,-0.0014430900321131,24115.17450992696,0.9820121480100537,0.015453967109883,0.1044641430387234,0.1548438889230154,test,cd5ce2d2aec05a9c97aafa726a72fd91a7bc16412fc7277c1ac183b92b3cc73c,True,0.0154762846750307,0.0237503160287012,0.0179280329523282,0.02287373709842,0.0228856207998754,0.0175690696331765,,0.0156830986754949,0.0156419906937219,0.0156016062717172,0.008274031353670502,195.9405991033957,562.4405991033957,0.0073974524233893,175.1819878026882,541.6819878026882,0.007409336124844701,175.4634104228363,541.9634104228363,0.00020681400046419947,4.897643895916395,371.3976438959164,0.0024517482772974993,58.06081772838315,424.56081772838314,0.002092784958145801,49.56006582108887,416.06006582108887,,,,0.0001657060186912012,3.9241495698452784,370.42414956984527,0.00012532159668649998,2.967790147961387,369.4677901479614,175.1819878026882,0.2814226201480721,175.4634104228363,49.56006582108887,,
final,2026-09-02,2026-10-27,0.1506849315068493,24300.0,CE,296.5,-0.0076350602800342,24115.17450992696,0.9820121480100537,0.0124251478102998,0.1033320097263236,0.1526328499525729,test,cd5ce2d2aec05a9c97aafa726a72fd91a7bc16412fc7277c1ac183b92b3cc73c,True,0.0125203776429648,0.0206534790741118,0.0148480553785221,0.01978052590696,0.0197888597476232,0.014511066564468,,0.0128971955338881,0.0128566432043062,0.0128168079810676,0.008133101431146999,192.60318203661114,489.10318203661114,0.0072601482639952,171.93043386228246,468.4304338622825,0.007268482104658398,172.1277908292288,468.6277908292288,0.0003768178909233002,8.92357306183466,305.42357306183465,0.0023276777355572993,55.122654305921245,351.62265430592123,0.0019906889215031993,47.14228931883291,343.6422893188329,,,,0.00033626556134139923,7.963237354405763,304.46323735440575,0.00029643033810279953,7.0198837250620505,303.5198837250621,171.93043386228246,0.1973569669463319,172.1277908292288,47.14228931883291,,
final,2026-09-02,2026-10-27,0.1506849315068493,24450.0,CE,232.85,-0.0137889258544124,24115.17450992696,0.9820121480100537,0.0096979629037293,0.1014245984277138,0.1466289362912762,test,cd5ce2d2aec05a9c97aafa726a72fd91a7bc16412fc7277c1ac183b92b3cc73c,True,0.0098326136059506,0.0178086224020898,0.0121014638968873,0.0169509022813164,0.0169543595641284,0.0117968554464929,,0.0104757639312186,0.0104366495718878,0.0103982344157422,0.0079760087961392,188.8830094022031,421.7330094022031,0.007118288675365802,168.57100100585816,401.42100100585816,0.0071217459581778,168.65287428340528,401.5028742834053,0.0006431503252680004,15.230696459791815,248.0806964597918,0.002268850290936701,53.72953839301521,286.5795383930152,0.001964241840542301,46.51598556598145,279.3659855659814,,,,0.000604035965937201,14.304413892899875,247.15441389289987,0.0005656208097916011,13.394689432346533,246.24468943234652,168.57100100585816,0.08187327754713225,168.65287428340528,46.51598556598145,,
final,2026-09-02,2026-10-27,0.1506849315068493,24600.0,CE,181.55,-0.0199051528718485,24115.17450992696,0.9820121480100537,0.0075152647711822,0.1004785584862157,0.1372871965024506,test,cd5ce2d2aec05a9c97aafa726a72fd91a7bc16412fc7277c1ac183b92b3cc73c,True,0.0076663560238794,0.0152166973144384,0.0096896811905233,0.0143858703611716,0.0143847025756382,0.0094266137123972,,0.0084016873341123,0.0083647839077917,0.0083285512572814,0.007550341290559,178.80260935329196,360.352609353292,0.0067195143372922,159.1274686611881,340.6774686611881,0.006718346551758799,159.09981387149028,340.6498138714903,0.0007353313102328998,17.413670713563636,198.96367071356366,0.0020233251666439004,47.9151611091383,229.4651611091383,0.0017602576885178004,41.685356426831774,223.2353564268318,,,,0.0006984278839122999,16.53974612310162,198.08974612310163,0.0006621952334019991,15.681706439103703,197.2317064391037,159.1274686611881,-0.027654789697796972,159.09981387149028,41.685356426831774,,
final,2026-09-02,2026-10-27,0.1506849315068493,24900.0,CE,102.05,-0.0320265134041934,24115.17450992696,0.9820121480100537,0.0041734652494902,0.0979663344169111,0.1103597026784533,test,cd5ce2d2aec05a9c97aafa726a72fd91a7bc16412fc7277c1ac183b92b3cc73c,True,0.0043092901803189,0.0107823866008955,0.0058451059209213,0.0100381833244583,0.0100335683471362,0.0056832027550872,,0.0051968653823893,0.0051660721612742,0.0051358669150117,0.0064730964205766,153.29194880790084,255.34194880790085,0.0057288931441394,135.66817756425831,237.71817756425833,0.0057242781668173,135.55888846651519,237.60888846651517,0.0008875752020704002,21.019018348998806,123.06901834899881,0.0015358157406024,36.37025815626895,138.42025815626894,0.0013739125747683004,32.53616544447413,134.58616544447412,,,,0.0008567819809552997,20.289791937385136,122.33979193738513,0.0008265767346928004,19.57448959010624,121.62448959010624,135.66817756425831,-0.10928909774311059,135.55888846651519,32.53616544447413,,
final,2026-09-02,2026-10-27,0.1506849315068493,25500.0,CE,32.15,-0.0558371620979119,24115.17450992696,0.9820121480100537,0.0012838785307089,0.1002404983052871,0.0568651806739311,test,cd5ce2d2aec05a9c97aafa726a72fd91a7bc16412fc7277c1ac183b92b3cc73c,True,0.0013576058725845,0.0047006089463943,0.0015541981490189,0.0042204815383715,0.0042195202481352,0.0015740117600711,,0.00169145857724,0.0016747241225449,0.0016583601416701,0.0033430030738098,79.16697400429877,111.31697400429877,0.002862875665787,67.79688753100857,99.94688753100857,0.0028619143755507,67.77412283786666,99.92412283786666,0.0003338527046554999,7.906097543789016,40.056097543789015,0.00019659227643439988,4.655579218535156,36.80557921853516,0.00021640588748659986,5.124793154768002,37.274793154768,,,,0.00031711824996039995,7.509802323421993,39.65980232342199,0.0003007542690855998,7.122280439678774,39.272280439678774,67.79688753100857,-0.02276469314191461,67.77412283786666,5.124793154768002,,
final,2026-09-02,2026-10-27,0.1506849315068493,26500.0,CE,10.05,-0.0943034429257079,24115.17450992696,0.9820121480100537,0.0003861920484256,0.1216857381217781,0.022121533309066,test,cd5ce2d2aec05a9c97aafa726a72fd91a7bc16412fc7277c1ac183b92b3cc73c,True,0.0004243837953179,0.0006624006626236,3.62718489640779e-05,0.0005731592478082,0.000578654320054,6.793887192212654e-05,,0.0001593802829544,0.00015631425939,0.0001533417278688,0.00023801686730570004,5.6365712895085,15.6865712895085,0.00014877545249030003,3.5232101555786612,13.573210155578662,0.00015427052473609997,3.6533411282490555,13.703341128249056,-0.0002650035123635,-6.275652672499667,3.774347327500334,-0.0003881119463538221,-9.19103204195826,0.85896795804174,-0.00035644492339577345,-8.44111278434408,1.6088872156559209,,,,-0.0002680695359279,-6.3482603855230355,3.701739614476965,-0.0002710420674491,-6.41865407660559,3.6313459233944103,3.5232101555786612,0.13013097267039453,3.6533411282490555,-8.44111278434408,,
final,2026-09-02,2026-11-23,0.2246575342465753,23500.0,PE,227.65,0.0304289101131272,24226.07012634373,0.9773881692950244,0.0408079488811738,0.1145642041296301,0.1591163800799501,test,cd5ce2d2aec05a9c97aafa726a72fd91a7bc16412fc7277c1ac183b92b3cc73c,True,0.0395849097152893,0.0487008568473487,0.0440683748964324,0.0475957316655947,0.047603106000984,0.0434542496625947,,0.0386178184207591,0.0381671892269385,0.0383362801575033,0.009115947132059397,215.84989697067894,443.49989697067895,0.008010821950305398,189.68243974811668,417.3324397481167,0.008018196285694695,189.85705128446588,417.5070512844659,-0.0009670912945302021,-22.899052974040934,204.75094702595908,0.0044834651811430995,106.16071850810935,333.81071850810935,0.0038693399473054,91.61929274832492,319.2692927483249,,,,-0.0014177204883508016,-33.56917464643182,194.08082535356817,-0.001248629557785999,-29.565393205803446,198.08460679419656,189.68243974811668,0.17461153634920534,189.85705128446588,91.61929274832492,,
final,2026-09-02,2026-11-23,0.2246575342465753,24000.0,PE,385.8,0.0093755009152949,24226.07012634373,0.9773881692950244,0.0258664829892609,0.1095945896394765,0.1851034666996892,test,cd5ce2d2aec05a9c97aafa726a72fd91a7bc16412fc7277c1ac183b92b3cc73c,True,0.0256251050419936,0.0358877514932434,0.0307903990367397,0.0347110198836292,0.0347307513166456,0.0301588624261556,,0.0254100009443692,0.02487399051771,0.025075676376144,0.010262646451249802,243.00175802449354,628.8017580244936,0.009085914841635602,215.1387841592661,600.9387841592661,0.009105646274652004,215.60599044315248,601.4059904431525,-0.00021510409762439883,-5.093293833057612,380.7067061669424,0.005165293994746103,122.30524820269969,508.1052482026997,0.004533757384162,107.35155108785094,493.151551087851,,,,-0.0007511145242835998,-17.78509575923451,368.01490424076553,-0.0005494286658495988,-13.009522674752692,372.7904773252473,215.1387841592661,0.4672062838863976,215.60599044315248,107.35155108785094,,
final,2026-09-02,2026-11-23,0.2246575342465753,24150.0,PE,439.95,0.0031449511646588,24226.07012634373,0.9773881692950244,0.0217887515329921,0.1065366603199592,0.1883679125530158,test,cd5ce2d2aec05a9c97aafa726a72fd91a7bc16412fc7277c1ac183b92b3cc73c,True,0.0217203346138078,0.0324465885020377,0.0272806220304959,0.0312671534382663,0.0312884273248676,0.0266622035311738,,0.0220774253801095,0.0215315226210363,0.0217369835257509,0.010726253888229901,253.97918209873652,693.9291820987365,0.009546818824458497,226.0521951043362,666.0021951043361,0.009568092711059798,226.55592402734712,666.5059240273471,0.00035709076630170006,8.455293125201566,448.4052931252016,0.005560287416688098,131.6580108059877,571.6080108059876,0.004941868917365998,117.01492792829208,556.9649279282921,,,,-0.00018881199277150096,-4.470742161637572,435.4792578383624,1.6648911943098477e-05,0.3942175042846987,440.3442175042847,226.0521951043362,0.5037289230109284,226.55592402734712,117.01492792829208,,
final,2026-09-02,2026-11-23,0.2246575342465753,24350.0,CE,415.9,-0.0051025182653583,24226.07012634373,0.9773881692950244,0.0174752290564794,0.1056080745805354,0.1885324782502144,test,cd5ce2d2aec05a9c97aafa726a72fd91a7bc16412fc7277c1ac183b92b3cc73c,True,0.0175646246091955,0.0281604537080456,0.0229628426782235,0.0269924199192209,0.0270128559248074,0.0223761018528104,,0.0180971533953941,0.017550713364745,0.0177563655357438,0.0105958290988501,250.89094815636912,666.790948156369,0.0094277953100254,223.23392367786863,639.1339236778686,0.009448231315611899,223.71781302435517,639.6178130243552,0.0005325287861986001,12.60936268823236,428.50936268823233,0.005398218069027998,127.8204883316077,543.7204883316077,0.004811477243614901,113.92747810686575,529.8274781068658,,,,-1.3911244450499904e-05,-0.3293942623706265,415.57060573762936,0.00019174092654829916,4.540094259099003,420.440094259099,223.23392367786863,0.4838893464865281,223.71781302435517,113.92747810686575,,
final,2026-09-02,2026-11-23,0.2246575342465753,24550.0,CE,327.7,-0.0132825229772891,24226.07012634373,0.9773881692950244,0.0136570804297045,0.1040882307042403,0.1835199055788468,test,cd5ce2d2aec05a9c97aafa726a72fd91a7bc16412fc7277c1ac183b92b3cc73c,True,0.013839690994069,0.0242251471267427,0.0190683814165182,0.0230860431590924,0.0231028564869545,0.0185290655863724,,0.0146380654553281,0.014105201871895,0.014305645138542,0.010385456132673698,245.90967935162848,573.6096793516285,0.009246352165023399,218.93766311521327,546.6376631152133,0.009263165492885498,219.3357737047323,547.0357737047323,0.0007983744612590996,18.9041295117589,346.6041295117589,0.0052286904224492,123.80636620939563,451.50636620939565,0.004689374592303399,111.03629803269168,438.73629803269165,,,,0.00026551087782599944,6.286839402763123,333.9868394027631,0.00046595414447299886,11.03299005803211,338.7329900580321,218.93766311521327,0.39811058951902445,219.3357737047323,111.03629803269168,,
final,2026-09-02,2026-11-23,0.2246575342465753,24800.0,CE,235.3,-0.0234143219076961,24226.07012634373,0.9773881692950244,0.0097074054340661,0.1021445602841245,0.1701527982375504,test,cd5ce2d2aec05a9c97aafa726a72fd91a7bc16412fc7277c1ac183b92b3cc73c,True,0.0099373795877463,0.0198029530392775,0.0148017771978991,0.0187241548893337,0.0187344535592079,0.0143413139292931,,0.011014526639941,0.0105163173141152,0.0107034951924609,0.0098655734515312,233.59975460812052,468.89975460812053,0.008786775301587401,208.05567606705478,443.3556760670548,0.008797073971461601,208.29953079757018,443.5995307975702,0.0010771470521947005,25.50498339561692,260.80498339561694,0.004864397610152801,115.18054106339432,350.4805410633943,0.004403934341546801,104.27756547045298,339.577565470453,,,,0.0005789377263689006,13.708246304949292,249.0082463049493,0.0007661156047146008,18.140295456926143,253.44029545692615,208.05567606705478,0.24385473051541662,208.29953079757018,104.27756547045298,,
final,2026-09-02,2026-11-23,0.2246575342465753,26000.0,CE,40.35,-0.0706672067582416,24226.07012634373,0.9773881692950244,0.0015878267465038,0.1035155486387081,0.0694101891830609,test,cd5ce2d2aec05a9c97aafa726a72fd91a7bc16412fc7277c1ac183b92b3cc73c,True,0.0017040937797091,0.0058506513494802,0.0028812854023471,0.0053128063788215,0.0053221356412475,0.0028737850246584,,0.0020619223804284,0.001847031045842,0.0019265837185114,0.0041465575697711005,98.18332766217814,138.53332766217815,0.0036087125991124,85.44808689991063,125.79808689991063,0.0036180418615384,85.66898773493003,126.01898773493002,0.00035782860071929996,8.472763770951612,48.82276377095161,0.001177191622638,27.873866179800377,68.22386617980038,0.0011696912449493,27.696270179308726,68.04627017930872,,,,0.0001429372661328999,3.384507799475019,43.73450779947502,0.00022248993880229998,5.268177806625766,45.618177806625766,85.44808689991063,0.22090083501938823,85.66898773493003,27.696270179308726,,
final,2026-09-03,2026-09-29,0.0712328767123287,21000.0,PE,6.45,0.1335656186137915,24000.821437799634,0.9902590334470848,0.1432064230986502,0.2267862474168366,0.0087231080280264,test,6157cbff5800f56c4c8ae0c1d1a88ca260ab1ab5c768288701f007dc50eae8b0,True,0.125301331575898,0.1250853516970876,0.1250307254569691,0.1250833865096536,0.1250821568674029,0.1250308495429712,,0.1250299512500055,0.1250299513313758,0.1250299497592977,-0.00021597987881041836,-5.1332003106879815,1.3167996893120186,-0.00021794506624442378,-5.179906979857157,1.270093020142843,-0.00021917470849511234,-5.20913192441234,1.2408680755876604,-0.0002713803258925229,-6.449904411738688,9.558826131250697e-05,-0.0002706061189289011,-6.431503811423095,0.018496188576905048,-0.0002704820329268165,-6.428554655659323,0.021445344340676797,,,,-0.00027138024452222353,-6.449902477808322,9.752219167857845e-05,-0.00027138181660030236,-6.449939841435559,6.015856444108181e-05,-5.179906979857157,-0.02922494455518275,-5.20913192441234,-6.428554655659323,,
final,2026-09-03,2026-09-29,0.0712328767123287,22350.0,PE,14.5,0.0712617352776365,24000.821437799634,0.9902590334470848,0.0745174081074652,0.1514177771818532,0.0217013451546378,test,6157cbff5800f56c4c8ae0c1d1a88ca260ab1ab5c768288701f007dc50eae8b0,True,0.0693919612509118,0.0699325281670029,0.0688988586104691,0.0698689387986878,0.0698764652313852,0.0688973903974313,,0.0688264736511775,0.0688267883879899,0.0688197978090334,0.000540566916091112,12.847670240903424,27.347670240903426,0.00047697754777600854,11.336339801283806,25.836339801283806,0.00048450398047340804,11.515220754794184,26.015220754794186,-0.0005654875997342934,-13.439960882625765,1.0600391173742345,-0.0004931026404426941,-11.719585366298496,2.780414633701504,-0.0004945708534804943,-11.754480429965087,2.7455195700349133,,,,-0.0005651728629218894,-13.432480523288053,1.0675194767119471,-0.0005721634418783955,-13.598625824734974,0.9013741752650262,11.336339801283806,0.17888095351037694,11.515220754794184,-11.754480429965087,,
final,2026-09-03,2026-09-29,0.0712328767123287,22600.0,PE,18.9,0.0601381500589743,24000.821437799634,0.9902590334470848,0.062827758985037,0.1389734720110616,0.0277512389668649,test,6157cbff5800f56c4c8ae0c1d1a88ca260ab1ab5c768288701f007dc50eae8b0,True,0.0591607815066521,0.0602191147780273,0.058627670464123,0.0601201948237815,0.0601267536888436,0.0586212754224469,,0.0585131311721379,0.0585139434499847,0.058495602365627,0.0010583332713752017,25.153438863641753,44.05343886364175,0.0009594133171294053,22.802405319848187,41.70240531984818,0.0009659721821915004,22.958290064112074,41.85829006411207,-0.0006476503345142007,-15.392725084653133,3.5072749153468656,-0.0005331110425291011,-12.670466268497462,6.229533731502537,-0.0005395060842052005,-12.822457417392544,6.077542582607455,,,,-0.0006468380566673967,-15.37341965250573,3.526580347494269,-0.0006651791410250962,-15.809332759049967,3.0906672409500313,22.802405319848187,0.15588474426388657,22.958290064112074,-12.822457417392544,,
final,2026-09-03,2026-09-29,0.0712328767123287,23100.0,PE,41.45,0.0382554388094666,24000.821437799634,0.9902590334470848,0.0408086221902271,0.1192397854804034,0.0507123371382063,test,6157cbff5800f56c4c8ae0c1d1a88ca260ab1ab5c768288701f007dc50eae8b0,True,0.0392769545424637,0.0419627678095658,0.0386843991673528,0.0417599115028237,0.0417599375938348,0.0386464706547936,,0.0385920262328559,0.0385953181734955,0.0385191463735172,0.0026858132671020996,63.833805135339105,105.28380513533911,0.0024829569603600013,59.012513158841685,100.46251315884169,0.002482983051371096,59.013133264691334,100.46313326469134,-0.000684928309607799,-16.278711845948823,25.17128815405118,-0.0005925553751109022,-14.083281518502233,27.36671848149777,-0.0006304838876701052,-14.984729623414506,26.465270376585497,,,,-0.0006816363689682026,-16.200472193222765,25.249527806777238,-0.0007578081689465013,-18.010849666660835,23.439150333339168,59.012513158841685,0.0006201058496517144,59.013133264691334,-14.984729623414506,,
final,2026-09-03,2026-09-29,0.0712328767123287,23300.0,PE,60.55,0.0296346957655597,24000.821437799634,0.9902590334470848,0.032702448721619,0.1128298463679927,0.0646356369624878,test,6157cbff5800f56c4c8ae0c1d1a88ca260ab1ab5c768288701f007dc50eae8b0,True,0.0317475406909897,0.0352843376652421,0.0311713814765188,0.0350308035081551,0.0350341377109261,0.0311093302321321,,0.0312169014894846,0.0312217235319399,0.0311093982746246,0.0035367969742524027,84.05916063601842,144.60916063601843,0.0032832628171654,78.0334066579296,138.5834066579296,0.003286597019936402,78.11265075601074,138.66265075601075,-0.0005306392015051002,-12.611717948134201,47.9382820518658,-0.0005761592144708991,-13.6935934727689,46.8564065272311,-0.0006382104588576014,-15.168367274470983,45.381632725529016,,,,-0.000525817159049799,-12.497112319285646,48.05288768071435,-0.0006381424163650999,-15.166750106494169,45.38324989350583,78.0334066579296,0.079244098081135,78.11265075601074,-15.168367274470983,,
final,2026-09-03,2026-09-29,0.0712328767123287,23450.0,PE,83.05,0.0232175614449261,24000.821437799634,0.9902590334470848,0.0270656026825934,0.1093423409486157,0.0766861642308166,test,6157cbff5800f56c4c8ae0c1d1a88ca260ab1ab5c768288701f007dc50eae8b0,True,0.0264444441850321,0.0305793342642387,0.0258367149160123,0.0302872158444642,0.0302956389863631,0.0257532605903123,,0.0260629217369681,0.026068941904972,0.0259281618007497,0.004134890079206598,98.27405754716123,181.32405754716123,0.0038427716594320975,91.33127023103178,174.38127023103178,0.003851194801330997,91.53146329924974,174.58146329924972,-0.0003815224480640013,-9.067655559968305,73.9823444400317,-0.0006077292690198008,-14.443919913877364,68.60608008612263,-0.0006911835947198026,-16.42738139635895,66.62261860364104,,,,-0.00037550228006010336,-8.924574044976215,74.12542595502379,-0.0005162823842824009,-12.270499039067493,70.77950096093251,91.33127023103178,0.2001930682179518,91.53146329924974,-16.42738139635895,,
final,2026-09-03,2026-09-29,0.0712328767123287,23600.0,PE,113.3,0.0168413443056502,24000.821437799634,0.9902590334470848,0.021832031597212,0.1059905261252169,0.0884269853265522,test,6157cbff5800f56c4c8ae0c1d1a88ca260ab1ab5c768288701f007dc50eae8b0,True,0.0214674296473345,0.0261701235782872,0.0208439918422627,0.0258412008422943,0.025853162419443,0.0207389544520724,,0.0213175436381606,0.0213246644011783,0.0211576589067912,0.004702693930952698,111.76906886139258,225.06906886139257,0.004373771194959797,103.95155224877722,217.25155224877722,0.0043857327721084985,104.23584341457571,217.5358434145757,-0.00014988600917390307,-3.562345312428924,109.73765468757108,-0.0006234378050718019,-14.81726516523462,98.48273483476538,-0.0007284751952621009,-17.31369199410591,95.98630800589409,,,,-0.00014276524615620262,-3.393105922462972,109.90689407753703,-0.00030977074054330117,-7.362330557628854,105.93766944237115,103.95155224877722,0.2842911657985049,104.23584341457571,-17.31369199410591,,
final,2026-09-03,2026-09-29,0.0712328767123287,23750.0,PE,159.1,0.0105055258565642,24000.821437799634,0.9902590334470848,0.017325746126715,0.1052622662855009,0.0987556301236942,test,6157cbff5800f56c4c8ae0c1d1a88ca260ab1ab5c768288701f007dc50eae8b0,True,0.0171446828007902,0.0220863661849011,0.0162772576565845,0.0217248422796516,0.0217345487379809,0.0161544787665939,,0.0170487878927472,0.0170567756774507,0.0168690628673244,0.004941683384110902,117.44913842138932,276.54913842138933,0.004580159478861402,108.85678883322785,267.95678883322785,0.004589865937190702,109.08748252185325,268.1874825218532,-9.589490804300105e-05,-2.2791371792175648,156.82086282078242,-0.000867425144205701,-20.616119632346443,138.48388036765354,-0.0009902040341963,-23.53420922345546,135.56579077654453,,,,-8.790712333949999e-05,-2.0892912586273806,157.0107087413726,-0.00027561993346579897,-6.550667293133942,152.54933270686604,108.85678883322785,0.2306936886253975,109.08748252185325,-23.53420922345546,,
final,2026-09-03,2026-09-29,0.0712328767123287,23900.0,PE,209.25,0.0042095973997494,24000.821437799634,0.9902590334470848,0.0130598236546204,0.1014085666442292,0.1049647459453269,test,6157cbff5800f56c4c8ae0c1d1a88ca260ab1ab5c768288701f007dc50eae8b0,True,0.0130049626073982,0.0183539484802556,0.012220328708063,0.0179666086761582,0.0179702496490702,0.0120887171949216,,0.0133075750783951,0.0133160813544456,0.0131159712948428,0.0053489858728574015,127.12950898781946,336.37950898781946,0.004961646068760001,117.92359215109474,327.17359215109474,0.0049652870416720014,118.01012726439338,327.26012726439336,0.0003026124709969002,7.192199748861119,216.44219974886113,-0.0007846338993351999,-18.64841761199046,190.60158238800955,-0.0009162454124765993,-21.776432424613635,187.47356757538637,,,,0.0003111187470474005,7.394368668974059,216.64436866897407,0.00011100868744460049,2.6383468312799194,211.88834683127993,117.92359215109474,0.08653511329863847,118.01012726439338,-21.776432424613635,,
final,2026-09-03,2026-09-29,0.0712328767123287,24050.0,CE,226.65,-0.0020469402145557,24000.821437799634,0.9902590334470848,0.0095168194440106,0.0987892905691706,0.1062547325224616,test,6157cbff5800f56c4c8ae0c1d1a88ca260ab1ab5c768288701f007dc50eae8b0,True,0.0095363197556224,0.0149932717497833,0.008746433443573,0.014589385788114,0.0145880569766842,0.0086197109714007,,0.0101209501989144,0.0101295579052503,0.0099270302362678,0.005456951994160901,129.6955430576199,356.3455430576199,0.0050530660324916,120.09637319354566,346.74637319354565,0.005051737221061801,120.0647912921118,346.71479129211184,0.0005846304432920012,13.894929424320942,240.54492942432094,-0.0007898863120494003,-18.773251863796208,207.8767481362038,-0.000916608784221699,-21.785068691867394,204.8649313081326,,,,0.0005932381496278998,14.099509041094086,240.7495090410941,0.0003907104806454009,9.286027808166718,235.93602780816673,120.09637319354566,-0.031581901433857515,120.0647912921118,-21.785068691867394,,
final,2026-09-03,2026-09-29,0.0712328767123287,24200.0,CE,162.25,-0.0082645768254262,24000.821437799634,0.9902590334470848,0.0067704966358216,0.0978011345830464,0.1016809301630768,test,6157cbff5800f56c4c8ae0c1d1a88ca260ab1ab5c768288701f007dc50eae8b0,True,0.0068266837871155,0.0120176372355533,0.0059055992047039,0.0116085497008626,0.0116044933292213,0.0057999568232572,,0.0074885973284952,0.0074968821321159,0.0073020953589752,0.005190953448437801,123.37354757790715,285.6235475779072,0.0047818659137471,113.65075177054331,275.9007517705433,0.0047778095421058,113.5543438630842,275.8043438630842,0.0006619135413797007,15.731719153529607,177.9817191535296,-0.0009210845824115998,-21.89144512279012,140.35855487720988,-0.0010267269638583,-24.402250797146582,137.8477492028534,,,,0.0006701983450004001,15.928624331706379,178.17862433170637,0.00047541157185970045,11.299121204327474,173.54912120432746,113.65075177054331,-0.09640790745911854,113.5543438630842,-24.402250797146582,,
final,2026-09-03,2026-09-29,0.0712328767123287,24350.0,CE,111.4,-0.0144437931913842,24000.821437799634,0.9902590334470848,0.0046199514579254,0.096784935924806,0.0917187584049689,test,6157cbff5800f56c4c8ae0c1d1a88ca260ab1ab5c768288701f007dc50eae8b0,True,0.0046871653244047,0.0094318948347482,0.0037120979772551,0.0090302858165141,0.009024197749533,0.0036416302013778,,0.0053833735564324,0.0053909650363224,0.0052127664152937,0.004744729510343501,112.7681297478848,224.1681297478848,0.0043431204921094,103.22307606728732,214.62307606728734,0.004337032425128299,103.07838079525087,214.47838079525087,0.0006962082320276994,16.546802103195393,127.9468021031954,-0.0009750673471496003,-23.174455124699307,88.2255448753007,-0.0010455351230269,-24.84926488484534,86.55073511515467,,,,0.0007037997119176999,16.727229035299278,128.12722903529928,0.000525601090889,12.491977020774266,123.89197702077428,103.22307606728732,-0.14469527203646337,103.07838079525087,-24.84926488484534,,
final,2026-09-03,2026-09-29,0.0712328767123287,24500.0,CE,75.35,-0.0205850612134667,24000.821437799634,0.9902590334470848,0.0031057633409066,0.0969903260124939,0.07840935185985,test,6157cbff5800f56c4c8ae0c1d1a88ca260ab1ab5c768288701f007dc50eae8b0,True,0.0031703582333383,0.0072315283648814,0.0021355393063495,0.0068503809448199,0.0068446921861889,0.0021067147908514,,0.0037556188864517,0.0037622473628103,0.0036070371653046,0.0040611701315431,96.52195332183044,171.87195332183043,0.0036800227114816,87.46321106373802,162.813211063738,0.0036743339528505998,87.32800616533305,162.67800616533304,0.0005852606531133999,13.909907640202997,89.259907640203,-0.0010348189269887998,-24.59457272956149,50.7554272704385,-0.0010636434424869,-25.279645861027387,50.070354138972604,,,,0.0005918891294719999,14.067446838255885,89.41744683825588,0.00043667893196629995,10.378561380747378,85.72856138074738,87.46321106373802,-0.1352048984049658,87.32800616533305,-25.279645861027387,,
final,2026-09-03,2026-09-29,0.0712328767123287,24650.0,CE,49.6,-0.0266888441514845,24000.821437799634,0.9902590334470848,0.0020319636755962,0.0974209285969232,0.0637123079597034,test,6157cbff5800f56c4c8ae0c1d1a88ca260ab1ab5c768288701f007dc50eae8b0,True,0.0020869245968623,0.0054023324064961,0.0010997139116505,0.0050537077206537,0.0050477240138962,0.0011077047615395,,0.0025401438622698,0.0025456637316156,0.0024168388260418,0.0033154078096338,78.7973976659563,128.3973976659563,0.0029667831237914,70.51162421550197,120.11162421550196,0.0029607994170339,70.36940927605556,119.96940927605556,0.00045321926540750016,10.771675985806395,60.3716759858064,-0.0009872106852118,-23.46306620762517,26.13693379237483,-0.0009792198353228,-23.273147436678546,26.326852563321456,,,,0.0004587391347532998,10.902866887462965,60.502866887462964,0.0003299142291795002,7.84108146116297,57.44108146116297,70.51162421550197,-0.1422149394464003,70.36940927605556,-23.273147436678546,,
final,2026-09-03,2026-09-29,0.0712328767123287,24800.0,CE,32.3,-0.032755596833722,24000.821437799634,0.9902590334470848,0.0013152309757831,0.0984167017205044,0.0497329420105638,test,6157cbff5800f56c4c8ae0c1d1a88ca260ab1ab5c768288701f007dc50eae8b0,True,0.0013590254935212,0.0039207911965892,0.0004921267724886,0.0036145736415075,0.0036068166207992,0.0005221052300899,,0.0016643195786076,0.0016687073897385,0.0015667245001701,0.0025617657030679994,60.88556292987485,93.18556292987485,0.0022555481479863,53.607681038556414,85.9076810385564,0.0022477911272779996,53.423319692818225,85.72331969281822,0.00030529408508639996,7.255933752015405,39.555933752015406,-0.0008668987210326001,-20.60360811687288,11.696391883127117,-0.0008369202634313001,-19.891109208546258,12.40889079145374,,,,0.00030968189621729983,7.360218991846223,39.66021899184622,0.00020769900664889995,4.936388571620448,37.236388571620445,53.607681038556414,-0.1843613457381903,53.423319692818225,-19.891109208546258,,
final,2026-09-03,2026-09-29,0.0712328767123287,25000.0,CE,20.45,-0.0407877685309862,24000.821437799634,0.9902590334470848,0.0008260464912423,0.1032001337513527,0.0362980941774867,test,6157cbff5800f56c4c8ae0c1d1a88ca260ab1ab5c768288701f007dc50eae8b0,True,0.0008604356452789,0.002430438772601,0.0001260111756563,0.0021904017103122,0.0021839351145315,0.000158108323564,,0.0009004747985217,0.0009034847455366,0.0008339967967382,0.0015700031273221003,37.31431180228144,57.76431180228144,0.0013299660650333,31.609343684399228,52.059343684399224,0.0013234994692526,31.455651906936385,51.905651906936384,4.003915324280003e-05,0.951611765862842,21.401611765862842,-0.0007344244696225999,-17.455088577731587,2.9949114222684123,-0.0007023273217148999,-16.692234692825824,3.757765307174175,,,,4.304910025770001e-05,1.0231492675835516,21.47314926758355,-2.6438848540699992e-05,-0.6283729127493476,19.82162708725065,31.609343684399228,-0.15369177746284537,31.455651906936385,-16.692234692825824,,
final,2026-09-03,2026-09-29,0.0712328767123287,25250.0,CE,11.75,-0.0507380993841542,24000.821437799634,0.9902590334470848,0.0004699240490981,0.1091962270240608,0.0239921240685815,test,6157cbff5800f56c4c8ae0c1d1a88ca260ab1ab5c768288701f007dc50eae8b0,True,0.0004943823389744,0.0012155196257255,1.1635370842295096e-05,0.0010603467020995,0.001059393136347,2.533454115586156e-05,,0.0003846861419363,0.0003863675308856,0.0003479510148219,0.0007211372867511,17.139291700634438,28.889291700634438,0.0005659643631251,13.451292132551881,25.20129213255188,0.0005650107973725999,13.4286287064774,25.1786287064774,-0.00010969619703810003,-2.6071528321003155,9.142847167899685,-0.0004827469681321049,-11.473461789348256,0.27653821065174355,-0.00046904779781853844,-11.147873194257448,0.602126805742552,,,,-0.0001080148080888,-2.5671912100988963,9.182808789901104,-0.00014643132415250002,-3.480237709059254,8.269762290940747,13.451292132551881,-0.022663426074479888,13.4286287064774,-11.147873194257448,,
final,2026-09-03,2026-09-29,0.0712328767123287,25500.0,CE,8.4,-0.0605903958271659,24000.821437799634,0.9902590334470848,0.0003326521178597,0.1189311385938944,0.0177478356125081,test,6157cbff5800f56c4c8ae0c1d1a88ca260ab1ab5c768288701f007dc50eae8b0,True,0.0003534307785008,0.0005353359646888,3.199834502293285e-07,0.0004514509860527,0.0004534282478277,2.750482226748482e-06,,0.0001497338978454,0.0001505668684283,0.0001317701520837,0.00018190518618800002,4.323346060748668,12.723346060748668,9.802020755189997e-05,2.329649236912352,10.729649236912351,9.999746932689999e-05,2.376642877309061,10.776642877309062,-0.0002036968806554,-4.841269922112921,3.5587300778870796,-0.0003531107950505707,-8.39239494366007,0.0076050563399299165,-0.00035068029627405154,-8.334629205742853,0.06537079425714687,,,,-0.0002028639100725,-4.8214726850809955,3.578527314919005,-0.0002216606264171,-5.2682148108357225,3.131785189164278,2.329649236912352,0.046993640396708856,2.376642877309061,-8.334629205742853,,
final,2026-09-03,2026-09-29,0.0712328767123287,26000.0,CE,4.75,-0.0800084816842675,24000.821437799634,0.9902590334470848,0.0001844894128926,0.1377348480197008,0.0103734412825591,test,6157cbff5800f56c4c8ae0c1d1a88ca260ab1ab5c768288701f007dc50eae8b0,True,0.0001998566902236,6.241424657015861e-05,3.246206130046398e-10,5.1233125897444734e-05,5.253697767281773e-05,1.092565010795758e-08,,1.7131636082922536e-05,1.727626200556361e-05,1.4111260816048474e-05,-0.0001374424436534414,-3.2665987144239854,1.4834012855760146,-0.00014862356432615527,-3.5323407475575186,1.2176592524424814,-0.00014731971255078227,-3.501352062985144,1.248647937014856,-0.00018272505414067747,-4.342831887171884,0.40716811282811616,-0.000199856365602987,-4.7499922847291485,7.715270851527123e-06,-0.00019984576457349204,-4.749740329740578,0.0002596702594219735,,,,-0.0001825804282180364,-4.339394558495139,0.41060544150486056,-0.00018574542940755153,-4.4146172374726005,0.3353827625273995,-3.5323407475575186,0.030988684572374577,-3.501352062985144,-4.749740329740578,,
final,2026-09-03,2026-10-27,0.147945205479452,23000.0,PE,80.35,0.0471435976255162,24110.26813751887,0.9800771218408526,0.0518370209433038,0.1176769488959062,0.0871052472471801,test,6157cbff5800f56c4c8ae0c1d1a88ca260ab1ab5c768288701f007dc50eae8b0,True,0.0494499470058021,0.0548034456863155,0.0508150124524657,0.0541999110773911,0.0542005810487197,0.0505321759729016,,0.04847346029538,0.0483674121459665,0.0482117831396183,0.005353498680513394,126.50275733455904,206.85275733455904,0.004749964071588994,112.2412814788389,192.59128147883888,0.004750634042917597,112.25711284921205,192.60711284921206,-0.0009764867104221017,-23.074304999567637,57.27569500043236,0.0013650654466635936,32.25639030670608,112.60639030670607,0.0010822289670994953,25.572986298427352,105.92298629842735,,,,-0.0010825348598356016,-25.580214519984015,54.76978548001598,-0.0012381638661838057,-29.25771583252705,51.09228416747294,112.2412814788389,0.01583137037314142,112.25711284921205,25.572986298427352,,
final,2026-09-03,2026-10-27,0.147945205479452,23500.0,PE,165.25,0.0256373924045527,24110.26813751887,0.9800771218408526,0.0331437156455985,0.1101290210970526,0.126111247541094,test,6157cbff5800f56c4c8ae0c1d1a88ca260ab1ab5c768288701f007dc50eae8b0,True,0.0323047969947511,0.0395867026596689,0.0344786553193861,0.0388247318613727,0.0388381154543561,0.0340895149765358,,0.0317590900117825,0.0315859975356631,0.0313277876834581,0.0072819056649178,172.0708643518162,337.3208643518162,0.006519934866621599,154.06555366709577,319.31555366709574,0.006533318459605003,154.38180692809064,319.63180692809067,-0.0005457069829685954,-12.895013553198512,152.3549864468015,0.002173858324635,51.36810309153572,216.61810309153572,0.0017847179817847003,42.17274706392244,207.42274706392243,,,,-0.0007187994590879959,-16.985175297829898,148.2648247021701,-0.0009770093112929992,-23.086654017490183,142.1633459825098,154.06555366709577,0.31625326099486867,154.38180692809064,42.17274706392244,,
final,2026-09-03,2026-10-27,0.147945205479452,23750.0,PE,233.8,0.0150552830740156,24110.26813751887,0.9800771218408526,0.0252135070740519,0.106945965302754,0.1424007262861758,test,6157cbff5800f56c4c8ae0c1d1a88ca260ab1ab5c768288701f007dc50eae8b0,True,0.0248367537678639,0.0328363625365556,0.0273086299898125,0.0320162656130339,0.0320324926984469,0.026886972560934,,0.0246692949170301,0.0244707636401144,0.0241732681738917,0.007999608768691699,189.03013285886712,422.83013285886716,0.007179511845169996,169.65130635710443,403.45130635710444,0.007195738930583,170.03475112299566,403.83475112299567,-0.00016745885083380152,-3.9570396174116538,229.84296038258836,0.0024718762219485997,58.41024282016687,292.21024282016685,0.0020502187930700987,48.44651057943794,282.24651057943794,,,,-0.000365990127749502,-8.648318245798002,225.151681754202,-0.0006634855939721997,-15.678112968394696,218.12188703160533,169.65130635710443,0.3834447658912109,170.03475112299566,48.44651057943794,,
final,2026-09-03,2026-10-27,0.147945205479452,23900.0,PE,282.0,0.0087593546172009,24110.26813751887,0.9800771218408526,0.0208368450308087,0.1041831972293379,0.1491406153238022,test,6157cbff5800f56c4c8ae0c1d1a88ca260ab1ab5c768288701f007dc50eae8b0,True,0.0206551247541445,0.0290919144523044,0.0233866652045027,0.0282476143922452,0.0282633791262159,0.0229573086166891,,0.0208917346292629,0.0206832226486214,0.0203702806000983,0.008436789698159898,199.3606842108493,481.3606842108493,0.007592489638100698,179.40993947563626,461.4099394756363,0.0076082543720714,179.78245891291542,461.78245891291544,0.0002366098751184001,5.591072941516605,287.5910729415166,0.0027315404503581997,64.54608833639571,346.5460883363957,0.0023021838625445976,54.40042556900158,336.4004255690016,,,,2.809789447690003e-05,0.6639510605581139,282.66395106055813,-0.00028484415404620225,-6.7308452000998535,275.26915479990015,179.40993947563626,0.37251943727915493,179.78245891291542,54.40042556900158,,
final,2026-09-03,2026-10-27,0.147945205479452,24050.0,PE,352.8,0.0025028170028957,24110.26813751887,0.9800771218408526,0.0174735887432861,0.1053818740536734,0.1529325527551192,test,6157cbff5800f56c4c8ae0c1d1a88ca260ab1ab5c768288701f007dc50eae8b0,True,0.0174299102307402,0.0255881762871125,0.0197734050028473,0.0247292800366505,0.0247427551700924,0.0193472144053411,,0.0174891334766357,0.0172754071303551,0.0169544025240199,0.0081582660563723,192.77919222370357,545.5791922237036,0.0072993698059103,172.48354064481174,525.2835406448118,0.007312844939352199,172.80195699971927,525.6019569997193,5.9223245895499016e-05,1.3994406931215992,354.19944069312163,0.0023434947721070985,55.37659914809991,408.1765991480999,0.0019173041746008979,45.30574848536522,398.1057484853652,,,,-0.00015450310038509982,-3.650896242226952,349.14910375777305,-0.00047550770672030035,-11.236210116742239,341.56378988325775,172.48354064481174,0.31841635490752596,172.80195699971927,45.30574848536522,,
final,2026-09-03,2026-10-27,0.147945205479452,24200.0,CE,324.8,-0.0037148196079747,24110.26813751887,0.9800771218408526,0.0136943178288832,0.1010597426455186,0.153003696383578,test,6157cbff5800f56c4c8ae0c1d1a88ca260ab1ab5c768288701f007dc50eae8b0,True,0.0137452843563886,0.0223323069465206,0.0164841452732962,0.0214694745455833,0.0214797641726151,0.0160730221245335,,0.0144659769502704,0.0142520791759551,0.0139308424338018,0.008587022590132002,202.91067576048644,527.7106757604864,0.0077241901891947,182.5220132520838,507.3220132520838,0.007734479816226502,182.76515633834347,507.5651563383435,0.0007206925938818016,17.029909925727374,341.8299099257274,0.002738860916907601,64.71907039144796,389.51907039144794,0.0023277377681449017,55.004262370320355,379.8042623703204,,,,0.0005067948195665011,11.975522159255405,336.7755221592554,0.00018555807741320145,4.384722933417899,329.1847229334179,182.5220132520838,0.24314308625967387,182.76515633834347,55.004262370320355,,
final,2026-09-03,2026-10-27,0.147945205479452,24350.0,CE,265.75,-0.0098940359739328,24110.26813751887,0.9800771218408526,0.0111356111238535,0.1019463124027879,0.1493484613374179,test,6157cbff5800f56c4c8ae0c1d1a88ca260ab1ab5c768288701f007dc50eae8b0,True,0.0112463341062508,0.0193292911738127,0.0135295815647522,0.0184739198399602,0.0184800966674418,0.0131456927241213,,0.0118179180947971,0.0116088116483023,0.0112950469197183,0.008082957067561899,190.99964667692487,456.74964667692484,0.0072275857337094004,170.78728860328775,436.5372886032877,0.007233762561191001,170.9332465561395,436.68324655613947,0.0005715839885462991,13.506485181847044,279.25648518184704,0.0022832474585014004,53.95295981465567,319.7029598146557,0.0018993586178704999,44.88169637593584,310.63169637593586,,,,0.00036247754205150085,8.565316119022757,274.3153161190228,4.8712813467499325e-05,1.1510799925277555,266.90107999252774,170.78728860328775,0.1459579528517666,170.9332465561395,44.88169637593584,,
final,2026-09-03,2026-10-27,0.147945205479452,24500.0,CE,203.6,-0.0160353039960153,24110.26813751887,0.9800771218408526,0.008479132811532,0.0993352072760428,0.141617175967632,test,6157cbff5800f56c4c8ae0c1d1a88ca260ab1ab5c768288701f007dc50eae8b0,True,0.008616194257884,0.0165816991790244,0.0109149284466502,0.0157455316606606,0.0157466322128041,0.0105697578005642,,0.0095322344596684,0.0093324650180223,0.0090332096218105,0.007965504921140402,188.22426159440593,391.8242615944059,0.0071293374027766,168.46568818676803,372.06568818676806,0.007130437954920101,168.49169414829936,372.0916941482993,0.0009160402017843999,21.645958703013918,225.2459587030139,0.0022987341887662008,54.318910045992226,257.9189100459922,0.0019535635426802013,46.162554532210216,249.7625545322102,,,,0.000716270760138301,16.92542233837372,220.52542233837372,0.0004170153639264998,9.854040607051727,213.45404060705172,168.46568818676803,0.026005961531318313,168.49169414829936,46.162554532210216,,
final,2026-09-03,2026-10-27,0.147945205479452,24650.0,CE,152.5,-0.0221390869340331,24110.26813751887,0.9800771218408526,0.006312373218594,0.0971721102893961,0.1301678088019866,test,6157cbff5800f56c4c8ae0c1d1a88ca260ab1ab5c768288701f007dc50eae8b0,True,0.0064536818483659,0.0140894997753349,0.0086392211905421,0.0132841720380204,0.0132813350789909,0.0083425294425902,,0.007588824349815,0.0074022402891769,0.0071234172977537,0.007635817926969,180.43378357078467,332.93378357078467,0.006830490189654499,161.40395179010028,313.9039517901003,0.006827653230625,161.33691466894004,313.83691466894004,0.0011351425014490997,26.823328998595898,179.3233289985959,0.0021855393421762,51.64412462728651,204.14412462728652,0.0018888475942243,44.63332170490192,197.1333217049019,,,,0.0009485584408110001,22.414362161392038,174.91436216139203,0.0006697354493877998,15.82579656564552,168.32579656564553,161.40395179010028,-0.06703712116024753,161.33691466894004,44.63332170490192,,
final,2026-09-03,2026-10-27,0.147945205479452,24900.0,CE,94.65,-0.0322299899159959,24110.26813751887,0.9800771218408526,0.0038784752082952,0.0964311092335748,0.1068867585369998,test,6157cbff5800f56c4c8ae0c1d1a88ca260ab1ab5c768288701f007dc50eae8b0,True,0.0040055146685103,0.0104946446313847,0.0055759765194754,0.0097647258996205,0.0097597972166747,0.0053739797027828,,0.0050376096350933,0.0048790757955013,0.0046435255521078,0.006489129962874401,153.33763618807762,247.98763618807763,0.0057592112311102,136.0897133419547,230.7397133419547,0.0057542825481644,135.97324894738205,230.62324894738205,0.0010320949665830002,24.38832376649587,119.03832376649588,0.0015704618509651,37.10989136113292,131.75989136113293,0.0013684650342725,32.336722297426924,126.98672229742692,,,,0.0008735611269910003,20.642181470389165,115.29218147038917,0.0006380108835975003,15.076147544095813,109.72614754409582,136.0897133419547,-0.11646439457266143,135.97324894738205,32.336722297426924,,
final,2026-09-03,2026-10-27,0.147945205479452,25500.0,CE,29.6,-0.0560406386097144,24110.26813751887,0.9800771218408526,0.0011843805837904,0.0995397527369764,0.054053192772835,test,6157cbff5800f56c4c8ae0c1d1a88ca260ab1ab5c768288701f007dc50eae8b0,True,0.0012526490669615,0.0045061136400557,0.0014239159272194,0.0040401792940126,0.0040391543185603,0.0014247402523721,,0.0016115141857406,0.0015272087087037,0.0014046684228242,0.0032534645730942003,76.87911475253246,106.47911475253247,0.0027875302270511004,65.86912240381402,95.46912240381403,0.0027865052515988003,65.84490231361616,95.44490231361615,0.00035886511877910015,8.47995483813151,38.07995483813151,0.00017126686025790007,4.04702258385151,33.64702258385151,0.00017209118541060015,4.066501323079814,33.666501323079814,,,,0.00027455964174220014,6.487822974460172,36.087822974460174,0.00015201935586270018,3.5922055523904453,33.19220555239045,65.86912240381402,-0.02422009019786932,65.84490231361616,4.066501323079814,,
final,2026-09-03,2026-10-27,0.147945205479452,27000.0,CE,5.55,-0.113199052449663,24110.26813751887,0.9800771218408526,0.0002097340617128,0.1315243609907549,0.0132788200729724,test,6157cbff5800f56c4c8ae0c1d1a88ca260ab1ab5c768288701f007dc50eae8b0,True,0.0002348717000551,0.0001484481545821,9.462222999222996e-07,0.0001355872071812,0.0001382848700106,6.159003979668855e-06,,3.473931796483349e-05,3.0248826425135003e-05,2.4346540359501245e-05,-8.642354547300002e-05,-2.042181656037077,3.507818343962923,-9.92844928739e-05,-2.3460848425776137,3.203915157422386,-9.65868300445e-05,-2.282339279788884,3.267660720211116,-0.00020013238209026652,-4.7291126191002135,0.8208873808997863,-0.0002339254777551777,-5.52764084066164,0.02235915933836008,-0.00022871269607543116,-5.404463215107844,0.1455367848921556,,,,-0.000204622873629965,-4.835222584836656,0.7147774151633435,-0.00021052515969559877,-4.974693145387614,0.5753068546123856,-2.3460848425776137,0.06374556278872971,-2.282339279788884,-5.404463215107844,,
final,2026-09-03,2026-11-23,0.2219178082191781,23500.0,PE,214.75,0.0307850963659863,24234.700656430377,0.9547398497908636,0.0408353633765027,0.1138012305423524,0.1568769894556955,test,6157cbff5800f56c4c8ae0c1d1a88ca260ab1ab5c768288701f007dc50eae8b0,True,0.039597396021196,0.0487365556283355,0.044101164482896,0.0476442152936867,0.0476515907584691,0.0434460293170839,,0.0387491479485545,0.0381398740026681,0.0385303000369582,0.0091391596071395,211.46036213415312,426.2103621341531,0.008046819272490693,186.18597229221055,400.9359722922105,0.008054194737273097,186.35662457544416,401.10662457544413,-0.0008482480726414998,-19.626623489565137,195.12337651043487,0.004503768461699996,104.20744913301108,318.9574491330111,0.0038486332958878947,89.04904011461272,303.7990401146127,,,,-0.0014575220185279042,-33.72390319298513,181.02609680701488,-0.0010670959842378064,-24.690290240970384,190.0597097590296,186.18597229221055,0.17065228323362086,186.35662457544416,89.04904011461272,,
final,2026-09-03,2026-11-23,0.2219178082191781,23950.0,PE,356.4,0.0118171936591753,24234.700656430377,0.9547398497908636,0.0274737395651492,0.1110779914502743,0.1820608880421592,test,6157cbff5800f56c4c8ae0c1d1a88ca260ab1ab5c768288701f007dc50eae8b0,True,0.0271509878299541,0.0370719168006674,0.0319904771329263,0.0359081748227594,0.0359264868290552,0.0313077374818837,,0.0266545057883478,0.025931987765791,0.0263959759745284,0.009920928970713297,229.54881225789964,585.9488122578996,0.008757186992805303,202.6223430137365,559.0223430137364,0.0087754989991011,203.04604318412055,559.4460431841205,-0.0004964820416063012,-11.487519293257227,344.91248070674277,0.004839489302972198,111.97530238463214,468.3753023846321,0.004156749651929602,96.17818535649432,452.5781853564943,,,,-0.0012190000641630998,-28.20502169675593,328.19497830324406,-0.0007550118554256989,-17.469339329534723,338.9306606704653,202.6223430137365,0.42370017038405344,203.04604318412055,96.17818535649432,,
final,2026-09-03,2026-11-23,0.2219178082191781,24100.0,PE,409.8,0.0055736770194903,24234.700656430377,0.9547398497908636,0.0233994825379294,0.1087018977762627,0.1862433984945263,test,6157cbff5800f56c4c8ae0c1d1a88ca260ab1ab5c768288701f007dc50eae8b0,True,0.0232694241682109,0.033554716385155,0.0283891780473111,0.0323841570497679,0.0324049181871194,0.0277148344073044,,0.0232037473224199,0.0224631203197985,0.0229388747244915,0.010285292216944103,237.97938873411653,647.7793887341165,0.009114732881557001,210.89518060111683,620.6951806011168,0.0091354940189085,211.37554836044947,621.1755483604495,-6.567684579100036e-05,-1.5196199860591713,408.2803800139408,0.0051197538791002,118.46001775333022,528.2600177533302,0.004445410239093499,102.8571662387026,512.6571662387026,,,,-0.0008063038484124006,-18.6561249726126,391.1438750273874,-0.0003305494437194009,-7.648198311094499,402.1518016889055,210.89518060111683,0.4803677593326363,211.37554836044947,102.8571662387026,,
final,2026-09-03,2026-11-23,0.2219178082191781,24250.0,CE,470.6,-0.0006310998673925,24234.700656430377,0.9547398497908636,0.020326150177204,0.1098728647476858,0.1879167388048998,test,6157cbff5800f56c4c8ae0c1d1a88ca260ab1ab5c768288701f007dc50eae8b0,True,0.0203389820565582,0.0302311256346912,0.0250194164581325,0.0290632481628143,0.0290842104037932,0.0243631508689098,,0.0200526685983997,0.0193051870488458,0.0197853836183082,0.009892143578132999,228.8827806093826,699.4827806093826,0.008724266106256099,201.86062499033818,672.4606249903381,0.008745228347234998,202.3456458521118,672.9456458521119,-0.00028631345815850057,-6.624673399814725,463.9753266001853,0.004680434401574299,108.29511640532863,578.8951164053286,0.004024168812351597,93.11055183718106,563.7105518371811,,,,-0.0010337950077124007,-23.919777758621116,446.6802222413789,-0.0005535984382500012,-12.809069024004845,457.7909309759952,201.86062499033818,0.48502086177361925,202.3456458521118,93.11055183718106,,
final,2026-09-03,2026-11-23,0.2219178082191781,24400.0,CE,379.15,-0.0067976147830565,24234.700656430377,0.9547398497908636,0.0162755691297826,0.1039929596854631,0.1867114984639107,test,6157cbff5800f56c4c8ae0c1d1a88ca260ab1ab5c768288701f007dc50eae8b0,True,0.0163865810598045,0.0271044925782173,0.0218869967856012,0.0259491245552465,0.025968687228695,0.0212585469287397,,0.0172002553618577,0.0164572776833598,0.0169345229301204,0.010717911518412802,247.98926251762396,627.1392625176239,0.009562543495442,221.25654845661026,600.4065484566103,0.009582106168890502,221.70918635654374,600.8591863565437,0.0008136743020532022,18.826661308881345,397.9766613088813,0.005500415725796702,127.26770854912454,506.41770854912454,0.0048719658689352005,112.72673979185778,491.87673979185774,,,,7.069662355529971e-05,1.635766773017841,380.7857667730178,0.0005479418703159024,12.67818829150877,391.82818829150875,221.25654845661026,0.4526378999334827,221.70918635654374,112.72673979185778,,
final,2026-09-03,2026-11-23,0.2219178082191781,24600.0,CE,293.75,-0.0149609254222174,24234.700656430377,0.9547398497908636,0.0125071315638336,0.1019558246677112,0.1803267265246375,test,6157cbff5800f56c4c8ae0c1d1a88ca260ab1ab5c768288701f007dc50eae8b0,True,0.012695656564203,0.0232456623356414,0.0180859843984054,0.0221224079152071,0.0221378544479121,0.017509146905176,,0.0138518475893056,0.013131769757922,0.0135940876874931,0.0105500057714384,244.10428713850092,537.8542871385009,0.009426751351004101,218.1146122970339,511.8646122970339,0.009442197883709102,218.47201161381187,512.2220116138119,0.0011561910251025997,26.7517565481031,320.5017565481031,0.0053903278342023984,124.72051313687557,418.4705131368756,0.004813490340973,111.37374270564725,405.12374270564726,,,,0.0004361131937189993,10.090714884031462,303.84071488403146,0.0008984311232901002,20.787750608393406,314.5377506083934,218.1146122970339,0.35739931677796555,218.47201161381187,111.37374270564725,,
final,2026-09-03,2026-11-23,0.2219178082191781,25000.0,CE,169.1,-0.031090307352101,24234.700656430377,0.9547398497908636,0.0070846524333111,0.0999859730035144,0.1534714278980419,test,6157cbff5800f56c4c8ae0c1d1a88ca260ab1ab5c768288701f007dc50eae8b0,True,0.007308376255342,0.0165929886536836,0.0117746858920103,0.0155843281435425,0.0155888759711769,0.0113422686961322,,0.0086136911176548,0.0079876328580356,0.0083887942160351,0.0092846123983416,214.8258247393791,383.9258247393791,0.0082759518882005,191.48760482490977,360.58760482490976,0.008280499715834898,191.5928317078873,360.6928317078873,0.0013053148623128003,30.202159208175846,199.30215920817585,0.0044663096366683004,103.34073304019503,272.440733040195,0.004033892440790199,93.33553554238722,262.43553554238724,,,,0.0006792566026936004,15.716526832007089,184.81652683200707,0.001080417960693099,24.998531926932202,194.0985319269322,191.48760482490977,0.10522688297756327,191.5928317078873,93.33553554238722,,
final,2026-09-04,2026-09-15,0.0301369863013698,23200.0,PE,8.6,0.0337401326979449,23996.12625719054,0.997842745917386,0.0346872780036372,0.1144692154284321,0.0161108058338016,test,9e92b9e9f91b5951213b854e123edbdbb461a111adcf442d7fee1b341f2f3312,True,0.0335364483858405,0.0345852315247466,0.0332197914696754,0.0345595619727899,0.0345640242626983,0.0332232103987926,,0.0333787951338129,0.0333412872775161,0.0332745859987971,0.0010487831389060995,25.112441580917984,33.71244158091798,0.001023113586949398,24.497800574586243,33.097800574586245,0.0010275758768577975,24.60464725287923,33.20464725287923,-0.00015765325202760083,-3.774906303045869,4.825093696954131,-0.0003166569161651006,-7.582147360496134,1.0178526395038654,-0.0003132379870479027,-7.500283289135792,1.0997167108642074,,,,-0.00019516110832440425,-4.6730079363934225,3.926992063606577,-0.0002618623870433989,-6.270127400909578,2.3298725990904217,24.497800574586243,0.10684667829298258,24.60464725287923,-7.500283289135792,,
final,2026-09-04,2026-09-15,0.0301369863013698,23400.0,PE,16.55,0.0251563890065534,23996.12625719054,0.997842745917386,0.0261842750825469,0.1050643964936422,0.026417624885776,test,9e92b9e9f91b5951213b854e123edbdbb461a111adcf442d7fee1b341f2f3312,True,0.0255337895110464,0.0273259447664684,0.0250089994300969,0.0272781905978012,0.0272759519795216,0.0250152026019595,,0.0254813316876447,0.0253960567975631,0.025229044370556,0.0017921552554219997,42.912011536209086,59.46201153620909,0.0017444010867548009,41.768568505506714,58.31856850550672,0.001742162468475198,41.71496622236253,58.26496622236253,-5.24578234016998e-05,-1.2560690354073705,15.29393096459263,-0.0005247900809495012,-12.565762893399741,3.9842371066002595,-0.0005185869090869009,-12.41723190997983,4.132768090020171,,,,-0.00013773271348330174,-3.29792174647118,13.25207825352882,-0.0003047451404903992,-7.296927509357088,9.253072490642912,41.768568505506714,-0.05360228314419212,41.71496622236253,-12.41723190997983,,
final,2026-09-04,2026-09-15,0.0301369863013698,23550.0,PE,29.75,0.0187665909077824,23996.12625719054,0.997842745917386,0.0202097908385448,0.1004545449447694,0.038450182711436,test,9e92b9e9f91b5951213b854e123edbdbb461a111adcf442d7fee1b341f2f3312,True,0.0198340585953998,0.0222714309757001,0.0190207302095383,0.0222024869638979,0.0221954927315492,0.0190279866330761,,0.0199349824486014,0.0198003203869854,0.0195218814856528,0.0024373723803002983,58.36132298529869,88.1113229852987,0.002368428368498099,56.71050271129745,86.46050271129745,0.0023614341361494,56.54303029040854,86.29303029040854,0.00010092385320159894,2.4165571257083416,32.166557125708344,-0.000813328385861501,-19.474628088846444,10.275371911153556,-0.0008060719623237018,-19.300877667601643,10.449122332398357,,,,-3.3738208414402227e-05,-0.8078398254335095,28.94216017456649,-0.00031217710974699997,-7.474881260579891,22.27511873942011,56.71050271129745,-0.16747242088890757,56.54303029040854,-19.300877667601643,,
final,2026-09-04,2026-09-15,0.0301369863013698,23700.0,PE,53.05,0.0124173632291237,23996.12625719054,0.997842745917386,0.0147380146385882,0.096472236722667,0.0522847068116424,test,9e92b9e9f91b5951213b854e123edbdbb461a111adcf442d7fee1b341f2f3312,True,0.0145561389030395,0.017643589833952,0.0133677148086449,0.0175513098125179,0.0175431805426324,0.0133733211318581,,0.0149056920037246,0.0147196347282256,0.0143198061125516,0.0030874509309124984,73.92703816478189,126.97703816478189,0.0029951709094784007,71.717452063153,124.767452063153,0.002987041639592899,71.52280189428386,124.57280189428386,0.00034955310068509986,8.369825462239096,61.41982546223909,-0.0011884240943946002,-28.45605496191315,24.593945038086847,-0.001182817771181401,-28.321815137727896,24.7281848622721,,,,0.00016349582518609962,3.914802981093223,56.96480298109322,-0.0002363327904879014,-5.658837537160407,47.39116246283959,71.717452063153,-0.19465016886914357,71.52280189428386,-28.321815137727896,,
final,2026-09-04,2026-09-15,0.0301369863013698,23850.0,PE,92.0,0.006108194035859,23996.12625719054,0.997842745917386,0.0099926689155686,0.0931822902739518,0.0642922325396038,test,9e92b9e9f91b5951213b854e123edbdbb461a111adcf442d7fee1b341f2f3312,True,0.0099318177893357,0.0135219804014999,0.0083486064077045,0.0134071956263116,0.0133994724011358,0.0083512649444845,,0.0105700209342106,0.0103445485051129,0.0098488102064729,0.0035901626121642004,85.96414789620438,177.9641478962044,0.0034753778369759,83.21569985736431,175.2156998573643,0.0034676546118001007,83.03077216940984,175.03077216940983,0.0006382031448749007,15.281366183237246,107.28136618323725,-0.0015832113816312,-37.908984094582806,54.091015905417194,-0.0015805528448512001,-37.84532713147783,54.15467286852217,,,,0.0004127307157771997,9.882573054536273,101.88257305453627,-8.300758286279922e-05,-1.9875634896165961,90.01243651038341,83.21569985736431,-0.18492768795446812,83.03077216940984,-37.84532713147783,,
final,2026-09-04,2026-09-15,0.0301369863013698,24000.0,CE,146.2,-0.0001614189777363,23996.12625719054,0.997842745917386,0.0061048363498059,0.0893168635850556,0.0692561654918484,test,9e92b9e9f91b5951213b854e123edbdbb461a111adcf442d7fee1b341f2f3312,True,0.006105821865787,0.0099716932156643,0.0043552436020536,0.0098390788343246,0.0098333595077057,0.0043619488117774,,0.0070563311227778,0.0068160952154476,0.006284020459215,0.003865871349877299,92.5658173093782,238.76581730937818,0.0037332569685376,89.39045075299333,235.59045075299332,0.0037275376419187,89.25350513452247,235.45350513452246,0.0009505092569907997,22.759336323045456,168.95933632304545,-0.0017505782637334006,-41.91647705805255,104.28352294194744,-0.0017438730540096006,-41.75592509909146,104.44407490090853,,,,0.0007102733496605999,17.007041149077548,163.20704114907753,0.00017819859342799952,4.266851364458343,150.46685136445834,89.39045075299333,-0.1369456184708656,89.25350513452247,-41.75592509909146,,
final,2026-09-04,2026-09-15,0.0301369863013698,24150.0,CE,83.15,-0.0063919687283725,23996.12625719054,0.997842745917386,0.0034505078042424,0.0885858283398309,0.0637266327500961,test,9e92b9e9f91b5951213b854e123edbdbb461a111adcf442d7fee1b341f2f3312,True,0.0034726339818071,0.0070324419071252,0.001715669368432,0.0068905226502931,0.0068899746805494,0.0017402613496103,,0.0044050832536439,0.0041794948484787,0.0036838462836565,0.0035598079253181,85.23732433101546,168.38732433101546,0.003417888668486,81.8391584812854,164.98915848128541,0.0034173406987422997,81.82603769619045,164.97603769619047,0.0009324492718367997,22.326901527607085,105.47690152760708,-0.0017569646133751002,-42.06939411625371,41.080605883746294,-0.0017323726321968002,-41.48055485312136,41.669445146878644,,,,0.0007068608666716001,16.92533142613471,100.07533142613471,0.00021121230184939976,5.057343500865677,88.20734350086568,81.8391584812854,-0.01312078509494126,81.82603769619045,-41.48055485312136,,
final,2026-09-04,2026-09-15,0.0301369863013698,24300.0,CE,42.0,-0.0125839389762935,23996.12625719054,0.997842745917386,0.0017321317099312,0.0876400950282081,0.0495024591350551,test,9e92b9e9f91b5951213b854e123edbdbb461a111adcf442d7fee1b341f2f3312,True,0.0017540664730714,0.0047098213772235,0.0004289208466397,0.004569791467527,0.0045747376552619,0.0004675419552832,,0.0025567524231323,0.0023696190543951,0.0019678049007107,0.0029557549041521,70.77366102152519,112.77366102152519,0.0028157249944556,67.42073438074952,109.42073438074952,0.0028206711821905,67.53916768305308,109.53916768305308,0.0008026859500608998,19.219801769270003,61.219801769270006,-0.0013251456264317001,-31.72976461528953,10.270235384710471,-0.0012865245177882002,-30.80500686640755,11.194993133592451,,,,0.0006155525813236998,14.73901292368,56.73901292368,0.00021373842763930005,5.11782996748745,47.11782996748745,67.42073438074952,0.1184333023035506,67.53916768305308,-30.80500686640755,,
final,2026-09-04,2026-09-15,0.0301369863013698,24450.0,CE,18.95,-0.0187378045506718,23996.12625719054,0.997842745917386,0.0007767267216357,0.0871553444931132,0.0324691329574177,test,9e92b9e9f91b5951213b854e123edbdbb461a111adcf442d7fee1b341f2f3312,True,0.0007914180872549,0.0029714021686753,4.905880111265651e-05,0.0028448462858724,0.0028529191187843,7.315734906392438e-05,,0.0013730952794404,0.001235644487669,0.0009513798002365,0.0021799840814204,52.198324764355704,71.1483247643557,0.0020534281986174996,49.16802508112072,68.11802508112072,0.0020615010315294,49.36132390274752,68.31132390274752,0.0005816771921855,13.927888393540057,32.877888393540054,-0.0007423592861422435,-17.775318379682858,1.1746816203171413,-0.0007182607381909757,-17.198294059629074,1.7517059403709254,,,,0.0004442264004140999,10.636717082175897,29.586717082175895,0.0001599617129816,3.8301809243652,22.780180924365197,49.16802508112072,0.1932988216267971,49.36132390274752,-17.198294059629074,,
final,2026-09-04,2026-09-15,0.0301369863013698,24600.0,CE,8.9,-0.0248540315681079,23996.12625719054,0.997842745917386,0.0003625707751711,0.0897944026121749,0.0196711760298911,test,9e92b9e9f91b5951213b854e123edbdbb461a111adcf442d7fee1b341f2f3312,True,0.0003716950383412,0.0017495180443447,1.295956118019725e-06,0.0016456560737147,0.0016532389871995,5.953792310558689e-06,,0.0006797210768773,0.0005901236344435,0.0004141339682983,0.0013778230060035,32.99109078278725,41.89109078278725,0.0012739610353735,30.504182314135363,39.40418231413536,0.0012815439488582999,30.68575032837595,39.58575032837595,0.00030802603853609997,7.375486514979113,16.275486514979114,-0.0003703990822231803,-8.868969159493757,0.031030840506243607,-0.00036574124603064133,-8.757440250475804,0.14255974952419592,,,,0.0002184285961023,5.230133052045615,14.130133052045615,4.243892995709999e-05,1.0161730387999333,9.916173038799933,30.504182314135363,0.18156801424058835,30.68575032837595,-8.757440250475804,,
final,2026-09-04,2026-09-15,0.0301369863013698,24800.0,CE,4.6,-0.0329512418007272,23996.12625719054,0.997842745917386,0.0001858848718664,0.0996595178486263,0.0114788827087311,test,9e92b9e9f91b5951213b854e123edbdbb461a111adcf442d7fee1b341f2f3312,True,0.0001921120422887,0.0007606504291602,8.808813413875351e-11,0.0006933144339084,0.0006985077983942,7.294854083750475e-08,,0.0002333364860866,0.0001911157272318,0.0001152808226586,0.0005685383868715,13.613288102354005,18.213288102354007,0.0005012023916197,12.000970756350986,16.600970756350986,0.0005063957561055,12.12532254788922,16.72532254788922,4.122444379790001e-05,0.9870929443625326,5.587092944362532,-0.00019211195420056586,-4.599997890783829,2.1092161706093293e-06,-0.0001920390937478625,-4.598253293836952,0.0017467061630478398,,,,-9.963150568999908e-07,-0.02385612690978826,4.576143873090212,-7.68312196301e-05,-1.8396744216959726,2.760325578304027,12.000970756350986,0.1243517915382362,12.12532254788922,-4.598253293836952,,
final,2026-09-04,2026-09-15,0.0301369863013698,25100.0,CE,2.75,-0.044975434767529,23996.12625719054,0.997842745917386,0.0001097986165017,0.1196961377877687,0.0068063204696275,test,9e92b9e9f91b5951213b854e123edbdbb461a111adcf442d7fee1b341f2f3312,True,0.0001148495904986,0.0001553000303199,1.2634410106130787e-16,0.0001327143422,0.000136062728411,1.4066272109554852e-11,,3.5074060204376596e-05,2.5725312695106667e-05,1.163161547691272e-05,4.045043982129999e-05,0.9685599141061162,3.718559914106116,1.7864751701399996e-05,0.42776005526456073,3.1777600552645606,2.1213137912399994e-05,0.5079350218470634,3.2579350218470635,-7.977553029422341e-05,-1.9101740577084207,0.8398259422915793,-0.00011484959049847366,-2.749999999993802,6.198153101877324e-12,-0.00011484957643232789,-2.7499996631889365,3.3681106348382173e-07,,,,-8.912427780349334e-05,-2.134023838442084,0.6159761615579158,-0.00010321797502168729,-2.471488405635827,0.27851159436417294,0.42776005526456073,0.08017496658250267,0.5079350218470634,-2.7499996631889365,,
final,2026-09-04,2026-09-15,0.0301369863013698,26000.0,CE,0.95,-0.0802041266512728,23996.12625719054,0.997842745917386,3.661745469209099e-05,0.1745224987048991,0.002168053799677,test,9e92b9e9f91b5951213b854e123edbdbb461a111adcf442d7fee1b341f2f3312,True,3.967531308138032e-05,1.6135175197002028e-08,-1.9130396330821803e-14,1.8448173640864122e-08,2.09962988166638e-08,-2.220446049250313e-16,,1.399835852446032e-08,6.24163142544196e-09,7.644374546711557e-10,-3.965917790618332e-05,-0.9496136535480966,0.00038634645190338546,-3.965686490773946e-05,-0.949558270279484,0.0004417297205159265,-3.965431678256366e-05,-0.9494972570516351,0.0005027429483648316,-3.966131472285586e-05,-0.9496648182568601,0.00033518174313984517,-3.967531310051072e-05,-0.950000000458065,-4.580650303509515e-10,-3.9675313081602366e-05,-0.9500000000053167,-5.316747042627412e-12,,,,-3.966907144995488e-05,-0.9498505481269421,0.00014945187305781538,-3.9674548643925653e-05,-0.9499816960339935,1.83039660064388e-05,-0.949558270279484,6.101322784887462e-05,-0.9494972570516351,-0.9500000000053167,,
final,2026-09-04,2026-09-22,0.0493150684931506,23500.0,PE,48.95,0.0220847270930557,24024.764397273415,0.9963594412520947,0.0244209895217734,0.1036028803006116,0.0552701007216217,test,9e92b9e9f91b5951213b854e123edbdbb461a111adcf442d7fee1b341f2f3312,True,0.0238875705198094,0.0272523549440686,0.0231601204464753,0.0270919834131739,0.0270926052526162,0.0231400857179675,,0.0239031881856324,0.0236689173497078,0.0233880479133443,0.0033647844242592,80.54385699522666,129.49385699522668,0.0032044128933645007,76.70499541545932,125.65499541545933,0.0032050347328068003,76.71988057325828,125.66988057325828,1.561766582299992e-05,0.3738447650844345,49.32384476508444,-0.0007274500733341002,-17.41319124498997,31.536808755010032,-0.0007474848018419016,-17.892768568350238,31.057231431649765,,,,-0.00021865317010160215,-5.23396671039148,43.716033289608525,-0.0004995226064650991,-11.957222902880545,36.99277709711946,76.70499541545932,0.014885157798958186,76.71988057325828,-17.892768568350238,,
final,2026-09-04,2026-09-22,0.0493150684931506,23700.0,PE,85.75,0.0136101001020835,24024.764397273415,0.9963594412520947,0.0173345027780885,0.0991670473635108,0.072690632218102,test,9e92b9e9f91b5951213b854e123edbdbb461a111adcf442d7fee1b341f2f3312,True,0.0171001766779999,0.0212701080415216,0.0161542716117121,0.0210681716219394,0.0210698533824432,0.0161153286260019,,0.0174461253283244,0.0171296783885402,0.0167384887268912,0.004169931363521701,99.81690149357689,185.5669014935769,0.0039679949439394985,94.98308866928642,180.73308866928642,0.003969676704443301,95.02334547639175,180.77334547639174,0.0003459486503244978,8.2810769149238,94.0310769149238,-0.000945905066287802,-22.642414129374316,63.107585870625684,-0.0009848480519979996,-23.574604093579786,62.17539590642021,,,,2.950171054029796e-05,0.7061913202345724,86.45619132023457,-0.00036168795110870164,-8.65783329266615,77.09216670733385,94.98308866928642,0.04025680710534283,95.02334547639175,-23.574604093579786,,
final,2026-09-04,2026-09-22,0.0493150684931506,23850.0,PE,129.2,0.0073009309088189,24024.764397273415,0.9963594412520947,0.0127646321213554,0.096824529140578,0.0833208467314928,test,9e92b9e9f91b5951213b854e123edbdbb461a111adcf442d7fee1b341f2f3312,True,0.0126717777981155,0.0172453365107769,0.0115197334605503,0.0170156437800717,0.0170144770763358,0.011468536238641,,0.0132623785633562,0.0129011124167385,0.0124485040886545,0.0045735587126614005,109.47865077358547,238.67865077358545,0.004343865981956199,103.9804267799827,233.18042677998267,0.0043426992782202994,103.95249904167572,233.1524990416757,0.0005906007652407008,14.137388188633043,143.33738818863304,-0.0011520443375651994,-27.5768318790411,101.6231681209589,-0.0012032415594744987,-28.802355181599587,100.39764481840041,,,,0.00022933461862300122,5.48965175695991,134.6896517569599,-0.0002232737094609999,-5.344569951039232,123.85543004896076,103.9804267799827,-0.02792773830697852,103.95249904167572,-28.802355181599587,,
final,2026-09-04,2026-09-22,0.0493150684931506,24000.0,PE,185.95,0.0010313178952235,24024.764397273415,0.9963594412520947,0.0088080763623818,0.0934361926105526,0.0884333578229376,test,9e92b9e9f91b5951213b854e123edbdbb461a111adcf442d7fee1b341f2f3312,True,0.008798997118205,0.0136584095232829,0.0075968801951525,0.0134073599217383,0.0134026058664404,0.0075430618786653,,0.0097231378362352,0.0093416982412924,0.008861276686979,0.004859412405077899,116.32121660263437,302.27121660263435,0.0046083628035332985,110.31176676693836,296.26176676693836,0.004603608748235399,110.19796751510496,296.14796751510494,0.0009241407180301999,22.12143437773969,208.07143437773968,-0.0012021169230525004,-28.77543442124062,157.17456557875937,-0.0012559352395397011,-30.06369965321705,155.88630034678295,,,,0.0005427011230873992,12.990800044708354,198.94080004470834,6.227956877399854e-05,1.4908047733731742,187.44080477337317,110.31176676693836,-0.11379925183340343,110.19796751510496,-30.06369965321705,,
final,2026-09-04,2026-09-22,0.0493150684931506,24150.0,CE,138.25,-0.0051992318554125,24024.764397273415,0.9963594412520947,0.0057455547106227,0.0913840267821497,0.0859514732700811,test,9e92b9e9f91b5951213b854e123edbdbb461a111adcf442d7fee1b341f2f3312,True,0.0057755049734134,0.0105352341576956,0.0045189669755038,0.0102722263875924,0.0102663673352952,0.0044786725113536,,0.0068542367403652,0.0064812231765455,0.0060126502427064,0.0047597291842822005,113.93506935863671,252.18506935863672,0.004496721414179,107.63937324476471,245.88937324476473,0.0044908623618818,107.49912334734161,245.7491233473416,0.0010787317669518001,25.821926821568326,164.07192682156833,-0.0012565379979095999,-30.078128061645767,108.17187193835423,-0.0012968324620598005,-31.04266877183631,107.2073312281637,,,,0.0007057182031320998,16.892988930342693,155.14298893034268,0.0002371452692929996,5.6766176517341425,143.92661765173415,107.63937324476471,-0.14024989742310945,107.49912334734161,-31.04266877183631,,
final,2026-09-04,2026-09-22,0.0493150684931506,24300.0,CE,86.05,-0.0113912021033336,24024.764397273415,0.9963594412520947,0.0035540911409685,0.0904724249992086,0.0758660333373755,test,9e92b9e9f91b5951213b854e123edbdbb461a111adcf442d7fee1b341f2f3312,True,0.0035948079780268,0.007887234085835,0.002342389308753,0.0076239475973146,0.007618618678025,0.0023307068874245,,0.0046337679917568,0.0042954365684425,0.0038748351527558,0.0042924261078082,102.74909503778912,188.79909503778913,0.004029139619287801,96.44672715731748,182.49672715731748,0.004023810699998199,96.31916721317775,182.36916721317775,0.0010389600137300004,24.86989840011861,110.91989840011861,-0.0012524186692738,-29.97952245286854,56.07047754713146,-0.0012641010906023,-30.25916808664428,55.79083191335572,,,,0.0007006285904157003,16.771157339636545,102.82115733963654,0.0002800271747289999,6.7030947223656305,92.75309472236563,96.44672715731748,-0.12755994413972235,96.31916721317775,-30.25916808664428,,
final,2026-09-04,2026-09-22,0.0493150684931506,24450.0,CE,49.45,-0.0175450676777118,24024.764397273415,0.9963594412520947,0.0020298848024001,0.0892977550075336,0.0604235317272915,test,9e92b9e9f91b5951213b854e123edbdbb461a111adcf442d7fee1b341f2f3312,True,0.0020658135329857,0.0057090670187623,0.0010072072978209,0.0054581734224289,0.0054548393532576,0.0010262218583444,,0.0029974247958054,0.0027123965848648,0.0023643951711676,0.0036432534857766,87.20965469291735,136.65965469291734,0.0033923598894432003,81.20393920089307,130.6539392008931,0.0033890258202719,81.12413058414802,130.574130584148,0.0009316112628197002,22.30025905573802,71.75025905573803,-0.0010586062351647999,-25.340175912797427,24.109824087202576,-0.0010395916746413,-24.88501865737562,24.56498134262438,,,,0.0006465830518791,15.477453025108186,64.92745302510819,0.00029858163818190014,7.147238495796993,56.597238495796994,81.20393920089307,-0.07980861674504995,81.12413058414802,-24.88501865737562,,
final,2026-09-04,2026-09-22,0.0493150684931506,25500.0,CE,3.15,-0.0595933039212113,24024.764397273415,0.9963594412520947,0.0001239807710453,0.1213831206969797,0.0079243690821143,test,9e92b9e9f91b5951213b854e123edbdbb461a111adcf442d7fee1b341f2f3312,True,0.0001315937842043,0.0001438826552025,9.610292788907371e-15,0.0001182111698904,0.00012008671293,3.226988655160598e-09,,3.670066594109976e-05,2.4542207536271815e-05,1.3816790880557489e-05,1.2288870998199998e-05,0.2941624019582546,3.4441624019582546,-1.338261431389999e-05,-0.3203436647381488,2.829656335261851,-1.150707127429999e-05,-0.2754482267776044,2.8745517732223957,-9.489311826320023e-05,-2.2714851186655287,0.8785148813344712,-0.0001315937841946897,-3.149999999768582,2.3141799587733658e-10,-0.00013159055721564483,-3.149922754600409,7.724539959097498e-05,,,,-0.00010705157666802818,-2.562525795144075,0.5874742048559249,-0.0001177769933237425,-2.8192633201705912,0.3307366798294087,-0.3203436647381488,0.04489543796054444,-0.2754482267776044,-3.149922754600409,,
final,2026-09-04,2026-09-29,0.0684931506849315,21000.0,PE,5.6,0.1356692703792536,24051.363951474836,0.994996771026885,0.1455710528782309,0.2298131376554693,0.0076592013033595,test,9e92b9e9f91b5951213b854e123edbdbb461a111adcf442d7fee1b341f2f3312,True,0.1271026506692313,0.1269093048282537,0.1268690584483415,0.1269082300752527,0.1269070318500444,0.1268691418811083,,0.1268686464363868,0.1268686452789472,0.1268686450019304,-0.00019334584097760454,-4.6269650184355715,0.9730349815644281,-0.00019442059397858924,-4.652684964175656,0.9473150358243441,-0.0001956188191868935,-4.681359726947893,0.918640273052107,-0.00023400423284450356,-5.599962192425871,3.780757412830127e-05,-0.00023359222088978338,-5.59010232219526,0.009897677804739935,-0.00023350878812300468,-5.5881056901946735,0.011894309805326131,,,,-0.00023400539028409217,-5.599989891146777,1.0108853222945413e-05,-0.00023400566730089056,-5.599996520443943,3.479556056618094e-06,-4.652684964175656,-0.028674762772237086,-4.681359726947893,-5.5881056901946735,,
final,2026-09-04,2026-09-29,0.0684931506849315,22100.0,PE,9.6,0.0846140995789694,24051.363951474836,0.994996771026885,0.0887335847959923,0.165655615678998,0.0148975692971618,test,9e92b9e9f91b5951213b854e123edbdbb461a111adcf442d7fee1b341f2f3312,True,0.0815343457422164,0.0816964659794784,0.0811658104951513,0.0816669248803504,0.0816716453250366,0.0811664677505944,,0.0811401524943287,0.0811370762355228,0.0811356243170883,0.00016212023726200342,3.879704175683058,13.479704175683057,0.0001325791381340119,3.172755261859839,12.772755261859839,0.00013729958282020227,3.285720362758973,12.885720362758972,-0.0003941932478876975,-9.433450232276495,0.16654976772350416,-0.0003685352470650938,-8.8194278584364,0.7805721415635993,-0.0003678779916219954,-8.80369905905796,0.7963009409420394,,,,-0.0003972695066935955,-9.507068272419357,0.09293172758064294,-0.00039872142512809017,-9.541814175264026,0.05818582473597367,3.172755261859839,0.11296510089913359,3.285720362758973,-8.80369905905796,,
final,2026-09-04,2026-09-29,0.0684931506849315,22600.0,PE,13.2,0.0622418018244364,24051.363951474836,0.994996771026885,0.064806651601113,0.1356266643281876,0.0217495205602992,test,9e92b9e9f91b5951213b854e123edbdbb461a111adcf442d7fee1b341f2f3312,True,0.0608959362612506,0.0619054997084016,0.0605301695045735,0.0618244958319472,0.0618317359456484,0.0605270643673264,,0.0604466507905052,0.0604154935580303,0.0603976090109836,0.0010095634471509948,24.159892606120003,37.35989260612,0.0009285595706965966,22.221386451464255,35.42138645146426,0.0009357996843977964,22.394649825817513,35.59464982581751,-0.00044928547074540165,-10.751863841080112,2.448136158919887,-0.00036576675667709946,-8.753175033372484,4.446824966627515,-0.0003688718939242053,-8.827484164342952,4.3725158356570475,,,,-0.00048044270322029903,-11.497488489656408,1.7025115103435908,-0.0004983272502670014,-11.925484112097763,1.2745158879022362,22.221386451464255,0.17326337435325642,22.394649825817513,-8.827484164342952,,
final,2026-09-04,2026-09-29,0.0684931506849315,23000.0,PE,23.75,0.0446974921735268,24051.363951474836,0.994996771026885,0.0467492772030233,0.1178801164742091,0.0357402088836171,test,9e92b9e9f91b5951213b854e123edbdbb461a111adcf442d7fee1b341f2f3312,True,0.0447057130663727,0.0469658042556014,0.0443709001677072,0.0468124044967597,0.0468139014104792,0.04435159217854,,0.0442796366663519,0.0441622744287407,0.0440869833994026,0.002260091189228701,54.08630885547177,77.83630885547177,0.0021066914303869977,50.41529470586186,74.16529470586187,0.002108188344106497,50.451117392198014,74.20111739219801,-0.00042607640002079866,-10.19644688558649,13.55355311441351,-0.00033481289866549996,-8.012417345070919,15.737582654929081,-0.0003541208878327026,-8.474477402847532,15.275522597152468,,,,-0.000543438637632003,-13.005046052585204,10.744953947414796,-0.0006187296669701026,-14.806837894540289,8.943162105459711,50.41529470586186,0.035822686336153195,50.451117392198014,-8.474477402847532,,
final,2026-09-04,2026-09-29,0.0684931506849315,23300.0,PE,43.1,0.0317383475310217,24051.363951474836,0.994996771026885,0.034106466736515,0.1075777091143024,0.0544312359441855,test,9e92b9e9f91b5951213b854e123edbdbb461a111adcf442d7fee1b341f2f3312,True,0.0330409816492785,0.0366135454914928,0.0328011716496327,0.0363894239440927,0.036391132200805,0.0327536940790327,,0.0328636918721955,0.0326267548295627,0.032465588565396,0.003572563842214299,85.4951305933084,128.5951305933084,0.003348442294814194,80.13167123750021,123.23167123750022,0.0033501505515264943,80.17255157922547,123.27255157922548,-0.0001772897770830062,-4.2427268801935485,38.85727311980645,-0.00023980999964580418,-5.738900168846705,37.3610998311533,-0.0002872875702458061,-6.875087310063564,36.22491268993644,,,,-0.00041422681971580583,-9.912874230094534,33.187125769905464,-0.0005753930838825055,-13.769748847519805,29.330251152480194,80.13167123750021,0.04088034172525464,80.17255157922547,-6.875087310063564,,
final,2026-09-04,2026-09-29,0.0684931506849315,23500.0,PE,69.75,0.0231912869525632,24051.363951474836,0.994996771026885,0.026445305594818,0.1035395081086042,0.0715490419811462,test,9e92b9e9f91b5951213b854e123edbdbb461a111adcf442d7fee1b341f2f3312,True,0.0258390618815659,0.0302610213349087,0.025584929126485,0.0299865441974054,0.0299941423388368,0.0255109389662644,,0.0258903239018793,0.0255593322283219,0.0253278635993703,0.0044219594533428,105.82204199534632,175.57204199534632,0.004147482315839501,99.25352152877367,169.00352152877366,0.0041550804572709,99.4353528752896,169.1853528752896,5.12620203134001e-05,1.226752918837854,70.97675291883786,-0.00025413275508090125,-6.081658451262918,63.66834154873708,-0.0003281229153015014,-7.852319156029848,61.89768084397015,,,,-0.00027972965324399995,-6.694218575557673,63.05578142444233,-0.0005111982821956011,-12.233501156496958,57.516498843503044,99.25352152877367,0.18183134651590835,99.4353528752896,-7.852319156029848,,
final,2026-09-04,2026-09-29,0.0684931506849315,23650.0,PE,99.3,0.0168285931647345,24051.363951474836,0.994996771026885,0.0211908359542651,0.1008358751332509,0.0844771238677341,test,9e92b9e9f91b5951213b854e123edbdbb461a111adcf442d7fee1b341f2f3312,True,0.0208372078743433,0.0258409442373817,0.0205608018899831,0.0255301707044339,0.0255411898205018,0.0204658600660326,,0.0211279084460155,0.0207307634482241,0.0204488302165988,0.0050037363630384,119.74456236653387,219.04456236653385,0.004692962830090602,112.30743179090567,211.60743179090565,0.004703981946158502,112.57113058226554,211.87113058226555,0.00029070057167220054,6.956763947781501,106.2567639477815,-0.0002764059843601979,-6.61467975754919,92.68532024245081,-0.00037134780831070066,-8.886735344492632,90.41326465550736,,,,-0.00010644442611919963,-2.5473246984300784,96.75267530156992,-0.0003883776577445,-9.29427717317123,90.00572282682877,112.30743179090567,0.2636987913598683,112.57113058226554,-8.886735344492632,,
final,2026-09-04,2026-09-29,0.0684931506849315,23800.0,PE,140.2,0.0105061274252476,24051.363951474836,0.994996771026885,0.0164818878719587,0.0986665829497876,0.0956026473235531,test,9e92b9e9f91b5951213b854e123edbdbb461a111adcf442d7fee1b341f2f3312,True,0.0163096335053614,0.0217506261187663,0.0159674864638729,0.0214074919057443,0.0214163772182655,0.01585497798286,,0.0168461957864672,0.016396314884335,0.0160736739489448,0.005440992613404902,130.2085545802193,270.4085545802193,0.005097858400382901,121.99699961604956,262.19699961604954,0.005106743712904101,122.20963429184908,262.4096342918491,0.0005365622811058027,12.84048776190697,153.04048776190695,-0.00034214704148849764,-8.187930933109005,132.01206906689097,-0.00045465552250139804,-10.880374707911026,129.31962529208897,,,,8.668137897360068e-05,2.0743746347616736,142.27437463476167,-0.0002359595564165977,-5.6467550984540384,134.55324490154595,121.99699961604956,0.21263467579952847,122.20963429184908,-10.880374707911026,,
final,2026-09-04,2026-09-29,0.0684931506849315,23950.0,PE,193.25,0.0042233842457523,24051.363951474836,0.994996771026885,0.0123417823503414,0.0963872137198678,0.1027295037933072,test,9e92b9e9f91b5951213b854e123edbdbb461a111adcf442d7fee1b341f2f3312,True,0.0122897681764343,0.0180171268895085,0.0118946732532585,0.0176481900652228,0.0176511260337783,0.0117732072256977,,0.013098786730936,0.0126171456639054,0.0122698381989486,0.005727358713074199,137.0615901507602,330.3115901507602,0.0053584218887885,128.2325521360228,321.48255213602283,0.0053613578573439985,128.30281288604894,321.55281288604897,0.0008090185545016997,19.36064686996948,212.6106468699695,-0.00039509492317580004,-9.455028250168908,183.7949717498311,-0.0005165609507366015,-12.361835335392215,180.88816466460779,,,,0.00032737748747109843,7.834480300652336,201.08448030065233,-1.9929977485700148e-05,-0.4769448785568887,192.77305512144312,128.2325521360228,0.0702607500261307,128.30281288604894,-12.361835335392215,,
final,2026-09-04,2026-09-29,0.0684931506849315,24100.0,CE,211.45,-0.0020201323939327,24051.363951474836,0.994996771026885,0.0088179772805762,0.0939017785602732,0.1041531039170964,test,9e92b9e9f91b5951213b854e123edbdbb461a111adcf442d7fee1b341f2f3312,True,0.0088358087670472,0.0146617462512601,0.0084212185123372,0.0142761061180216,0.0142742512333494,0.0083044711721249,,0.0099143951115872,0.0094265517587852,0.0090744865887484,0.005825937484212899,139.42068162804708,350.87068162804707,0.005440297350974399,130.1919162345052,341.6419162345052,0.0054384424663022,130.1475269347504,341.59752693475036,0.0010785863445400001,25.81168159767627,237.26168159767627,-0.00041459025471000076,-9.921571603651227,201.52842839634877,-0.0005313375949223004,-12.715455642875414,198.73454435712458,,,,0.000590742991737999,14.13708794477923,225.58708794477923,0.00023867782170119978,5.711805985088515,217.1618059850885,130.1919162345052,-0.04438929975479446,130.1475269347504,-12.715455642875414,,
final,2026-09-04,2026-09-29,0.0684931506849315,24250.0,CE,147.2,-0.0082249092808155,24051.363951474836,0.994996771026885,0.0061006259211463,0.0927899376331627,0.0989869605678571,test,9e92b9e9f91b5951213b854e123edbdbb461a111adcf442d7fee1b341f2f3312,True,0.0061510099338347,0.011698278355223,0.0056008654164205,0.0113071668717788,0.0113028480933309,0.0055051222762746,,0.0072929955274073,0.0068250297026769,0.0064885725163256,0.005547268421388299,132.75184407307222,279.9518440730722,0.0051561569379441,123.39214363651426,270.59214363651427,0.005151838159496199,123.28879082220092,270.48879082220094,0.0011419855935725998,27.328890894683607,174.5288908946836,-0.0005501445174142007,-13.165524659278674,134.03447534072131,-0.0006458876575601005,-15.456756567709359,131.74324343229063,,,,0.0006740197688421996,16.129986951868936,163.32998695186893,0.0003375625824908997,8.078220109731145,155.27822010973114,123.39214363651426,-0.10335281431332914,123.28879082220092,-15.456756567709359,,
final,2026-09-04,2026-09-29,0.0684931506849315,24400.0,CE,98.15,-0.0143914241964795,24051.363951474836,0.994996771026885,0.0040427678769802,0.0919516537964501,0.0879361750882639,test,9e92b9e9f91b5951213b854e123edbdbb461a111adcf442d7fee1b341f2f3312,True,0.0041013697350942,0.0091315569939922,0.0034479343152832,0.0087475819586268,0.0087415693862083,0.0033871399787002,,0.0052063379490331,0.0047807755016762,0.0044773104167833,0.0050301872588980005,120.37755953487137,218.5275595348714,0.004646212223532601,111.18864164760191,209.33864164760192,0.004640199651114101,111.04475459986124,209.19475459986126,0.0011049682139389,26.443026891748485,124.5930268917485,-0.0006534354198109997,-15.63738228857203,82.51261771142798,-0.0007142297563939998,-17.092253348979902,81.0577466510201,,,,0.0006794057665820002,16.258879422508205,114.4088794225082,0.0003759406816891001,8.99664753266543,107.14664753266544,111.18864164760191,-0.14388704774068492,111.04475459986124,-17.092253348979902,,
final,2026-09-04,2026-09-29,0.0684931506849315,24550.0,CE,62.4,-0.020520146137853,24051.363951474836,0.994996771026885,0.0025545324382024,0.091224384921735,0.0729026209697265,test,9e92b9e9f91b5951213b854e123edbdbb461a111adcf442d7fee1b341f2f3312,True,0.0026074933415168,0.0069564851514817,0.0019273098242105,0.0065925635094179,0.0065871959017572,0.0019071071847736,,0.003602576621746,0.0032353288654758,0.0029767308067222,0.0043489918099649,104.07585117127613,166.47585117127613,0.0039850701679011,95.366831630091,157.766831630091,0.0039797025602404,95.23837925297664,157.63837925297665,0.0009950832802292,23.81336730477663,86.21336730477663,-0.0006801835173062998,-16.27749179801213,46.12250820198787,-0.0007003861567431999,-16.760961757758672,45.63903824224133,,,,0.0006278355239590001,15.024750426495844,77.42475042649585,0.00036923746520539993,8.836232661446793,71.23623266144679,95.366831630091,-0.12845237711435706,95.23837925297664,-16.760961757758672,,
final,2026-09-04,2026-09-29,0.0684931506849315,24700.0,CE,39.45,-0.0266115355312548,24051.363951474836,0.994996771026885,0.0016051971608455,0.0918525467026361,0.0573282625413093,test,9e92b9e9f91b5951213b854e123edbdbb461a111adcf442d7fee1b341f2f3312,True,0.0016484873769685,0.0051577212906603,0.0009537267618152,0.0048258111458734,0.004820214676675,0.0009677956289676,,0.0024137958996271,0.002112754779202,0.0019043363683946,0.0035092339136918002,83.9795802074712,123.4295802074712,0.0031773237689049004,76.0366287510147,115.4866287510147,0.0031717272997064997,75.90269948169697,115.35269948169697,0.0007653085226586001,18.314620809775338,57.76462080977534,-0.0006947606151532999,-16.626336756183196,22.823663243816807,-0.0006806917480008999,-16.289654281742422,23.16034571825758,,,,0.00046426740223349996,11.110396885046953,50.560396885046956,0.0002558489914261,6.122729753818229,45.57272975381823,76.0366287510147,-0.13392926931772778,75.90269948169697,-16.289654281742422,,
final,2026-09-04,2026-09-29,0.0684931506849315,24900.0,CE,21.45,-0.0346760953679852,24051.363951474836,0.994996771026885,0.0008657774660348,0.0939402418333346,0.039287110238274,test,9e92b9e9f91b5951213b854e123edbdbb461a111adcf442d7fee1b341f2f3312,True,0.0008963258361463,0.003300054445243,0.0002905750920866,0.0030253697386283,0.0030179066917587,0.0003246479459537,,0.0013440769131042,0.0011305265529818,0.0009869322675215,0.0024037286090967,57.523700183400855,78.97370018340085,0.002129043902482,50.950212374306105,72.40021237430611,0.0021215808556124,50.77161397972991,72.22161397972991,0.00044775107695789994,10.71514421813204,32.16514421813204,-0.0006057507440597,-14.49623890787597,6.953761092124029,-0.0005716778901926,-13.680840437838024,7.769159562161976,,,,0.00023420071683550008,5.6046642566048925,27.05466425660489,9.060643137520001e-05,2.1683051794576427,23.618305179457643,50.950212374306105,-0.17859839457619098,50.77161397972991,-13.680840437838024,,
final,2026-09-04,2026-09-29,0.0684931506849315,25200.0,CE,10.2,-0.0466522864147009,24051.363951474836,0.994996771026885,0.0004067972043207,0.1012023349704733,0.0226525738745759,test,9e92b9e9f91b5951213b854e123edbdbb461a111adcf442d7fee1b341f2f3312,True,0.0004262248731325,0.001497466313417,2.184672633428076e-05,0.0013223374663816,0.0013197145810931,3.972168781485666e-05,,0.000498592436222,0.0003902284203818,0.0003214406985582,0.0010712414402845,25.635910477479822,35.83591047747982,0.0008961125932491,21.444896877939247,31.644896877939246,0.0008934897079605999,21.382128532802383,31.582128532802383,7.236756308949999e-05,1.7318302850038074,11.931830285003807,-0.00040437814679821925,-9.677185348258357,0.5228146517416423,-0.00038650318531764335,-9.249419118282466,0.9505808817175332,,,,-3.5996452750699994e-05,-0.8614321716108181,9.33856782838918,-0.00010478417457430002,-2.507593169780626,7.692406830219373,21.444896877939247,-0.06276834513686376,21.382128532802383,-9.249419118282466,,
final,2026-09-04,2026-09-29,0.0684931506849315,25500.0,CE,6.7,-0.0584867440617039,24051.363951474836,0.994996771026885,0.0002640662821127,0.1133635518569018,0.0153998616074759,test,9e92b9e9f91b5951213b854e123edbdbb461a111adcf442d7fee1b341f2f3312,True,0.0002799712401949,0.0005685453569135,3.0756913037963325e-07,0.0004814135421252,0.0004831616379079,2.6736529759436266e-06,,0.0001609746826121,0.0001154781931374,8.865052025890628e-05,0.0002885741167186,6.905875691619175,13.605875691619175,0.00020144230193030002,4.8207216641013595,11.520721664101359,0.00020319039771300002,4.862555395794427,11.562555395794426,-0.00011899655758280001,-2.8477101264032134,3.8522898735967868,-0.00027966367106452034,-6.692639554076018,0.007360445923982439,-0.0002772975872189564,-6.636016731838129,0.06398326816187083,,,,-0.0001644930470575,-3.9364879568270013,2.763512043172999,-0.00019132071993599372,-4.578501787107434,2.1214982128925666,4.8207216641013595,0.04183373169306789,4.862555395794427,-6.636016731838129,,
final,2026-09-04,2026-09-29,0.0684931506849315,26200.0,CE,3.45,-0.0855677026643746,24051.363951474836,0.994996771026885,0.0001323415242615,0.1424119205908604,0.007810708735239,test,9e92b9e9f91b5951213b854e123edbdbb461a111adcf442d7fee1b341f2f3312,True,0.0001441642953242,2.1407490820627827e-05,-4.1371936481656366e-10,1.8085708844969416e-05,1.875865175183216e-05,5.888988767915771e-10,,6.673142062326538e-06,3.683693417229328e-06,2.2863665444984734e-06,-0.00012275680450357217,-2.937696706280606,0.5123032937193943,-0.00012607858647923059,-3.017190368634696,0.43280963136530426,-0.00012540564357236785,-3.001086152098593,0.448913847901407,-0.00013749115326187346,-3.2903048406442847,0.15969515935571543,-0.0001441647090435648,-3.450009900729032,-9.900729031731004e-06,-0.0001441637064253232,-3.4499859070423446,1.4092957655531535e-05,,,,-0.00014048060190697067,-3.361845424270682,0.08815457572931829,-0.00014187792877970153,-3.3952848948419394,0.05471510515806077,-3.017190368634696,0.016104216536102896,-3.001086152098593,-3.4499859070423446,,
final,2026-09-04,2026-09-29,0.0684931506849315,26900.0,CE,2.55,-0.1119345785051167,24051.363951474836,0.994996771026885,9.527220770337138e-05,0.173389471751793,0.0052681985257971,test,9e92b9e9f91b5951213b854e123edbdbb461a111adcf442d7fee1b341f2f3312,True,0.0001065562182831,6.226517349752345e-08,-1.6707836769630012e-10,1.3380376178685706e-07,1.476906118018829e-07,4.411535782178402e-12,,1.3026329918341758e-07,5.107817138124692e-08,2.4007572536693676e-08,-0.00010649395310960247,-2.5485099302969942,0.001490069703005581,-0.00010642241452131314,-2.5467979382323636,0.003202061767636266,-0.00010640852767129811,-2.5464656116154014,0.003534388384598408,-0.00010642595498391658,-2.546882665147266,0.0031173348527340217,-0.0001065563853614677,-2.550003998356291,-3.998356291390337e-06,-0.00010655621387156422,-2.549999894426357,1.0557364271690517e-07,,,,-0.00010650514011171875,-2.5487776467743255,0.001222353225674322,-0.0001065322107105633,-2.549425474073059,0.0005745259269409608,-2.5467979382323636,0.0003323266169621341,-2.5464656116154014,-2.549999894426357,,
final,2026-09-04,2026-10-27,0.1452054794520547,22800.0,PE,50.0,0.0580256414029206,24162.12144494294,0.9840307808936593,0.061970739632496,0.1191436191180558,0.0652353002812032,test,9e92b9e9f91b5951213b854e123edbdbb461a111adcf442d7fee1b341f2f3312,True,0.0584771857405191,0.0629381655473437,0.059578500946921,0.0624369405385448,0.0624344896779006,0.0593636248037238,,0.0576870484686985,0.0573842094666796,0.0573640179856063,0.004460979806824604,106.06546585429349,156.0654658542935,0.003959754798025704,94.14820409607009,144.1482040960701,0.003957303937381501,94.08993176863797,144.08993176863797,-0.0007901372718205971,-18.786518086515795,31.213481913484205,0.001101315206401901,26.185169061005748,76.18516906100575,0.0008864390632047012,21.076215598737594,71.07621559873759,,,,-0.0010929762738394952,-25.986900338604,24.013099661396,-0.0011131677549127972,-26.466978469209206,23.533021530790794,94.14820409607009,-0.058272327432112206,94.08993176863797,21.076215598737594,,
final,2026-09-04,2026-10-27,0.1452054794520547,23500.0,PE,141.65,0.0277857562132025,24162.12144494294,0.9840307808936593,0.0343008593216015,0.1072571973437972,0.1189643328221952,test,9e92b9e9f91b5951213b854e123edbdbb461a111adcf442d7fee1b341f2f3312,True,0.0333609031762541,0.0407902407674111,0.0357794241032506,0.0400580745483112,0.0400702665766289,0.0354107802351647,,0.033180690021926,0.0324628037491762,0.0324121190421048,0.0074293375911569995,176.64194565269506,318.29194565269506,0.006697171372057102,159.233763039359,300.883763039359,0.006709363400374799,159.52364401152724,301.17364401152724,-0.00018021315432809742,-4.284796837152076,137.36520316284793,0.002418520926996501,57.50340954420004,199.15340954420003,0.002049877058910604,48.738432948017774,190.3884329480178,,,,-0.0008980994270779002,-21.353455572868253,120.29654442713175,-0.000948784134149297,-22.558548915589018,119.09145108441099,159.233763039359,0.28988097216824443,159.52364401152724,48.738432948017774,,
final,2026-09-04,2026-10-27,0.1452054794520547,23700.0,PE,187.55,0.0193111292222302,24162.12144494294,0.9840307808936593,0.027540720523376,0.1037787828002353,0.133611064225861,test,9e92b9e9f91b5951213b854e123edbdbb461a111adcf442d7fee1b341f2f3312,True,0.0270139804524748,0.0352412338576717,0.0298549242442679,0.0344576504320301,0.0344735561238623,0.0294549773905122,,0.0272762396891095,0.0264548024534795,0.0263962982550997,0.0082272534051969,195.61340846881836,383.1634084688184,0.007443669979555298,176.98271640667707,364.5327164066771,0.007459575671387497,177.36089444983614,364.9108944498362,0.00026225923663469874,6.235546743721095,193.7855467437211,0.0028409437917930984,67.54705015284223,255.09705015284226,0.0024409969380373986,58.0378052789559,245.5878052789559,,,,-0.0005591779989953007,-13.295167771926241,174.25483222807378,-0.0006176821973751002,-14.686179460903702,172.8638205390963,176.98271640667707,0.3781780431590677,177.36089444983614,58.0378052789559,,
final,2026-09-04,2026-10-27,0.1452054794520547,23850.0,PE,233.8,0.0130019600289655,24162.12144494294,0.9840307808936593,0.023048873739251,0.1022341653771526,0.1428262431114178,test,9e92b9e9f91b5951213b854e123edbdbb461a111adcf442d7fee1b341f2f3312,True,0.022751133005177,0.0313412816026204,0.0257321574664582,0.0305274168300139,0.0305436751620054,0.0253177042495986,,0.0232523956366466,0.022371552963714,0.0223085379337358,0.008590148597443396,204.24170298900947,438.0417029890095,0.007776283824836899,184.89103340811468,418.69103340811466,0.0077925421568284005,185.27759591934915,419.07759591934916,0.0005012626314695977,11.918156285046441,245.71815628504646,0.0029810244612811995,70.87764614516364,304.67764614516364,0.0025665712444215977,61.023494047507086,294.8234940475071,,,,-0.0003795800414630006,-9.024998020653031,224.77500197934697,-0.00044259507144120067,-10.523260465202773,223.27673953479723,184.89103340811468,0.38656251123447716,185.27759591934915,61.023494047507086,,
final,2026-09-04,2026-10-27,0.1452054794520547,24000.0,PE,287.75,0.0067323470153702,24162.12144494294,0.9840307808936593,0.0189392149764446,0.1004784054855602,0.1491579556524879,test,9e92b9e9f91b5951213b854e123edbdbb461a111adcf442d7fee1b341f2f3312,True,0.0188121378526472,0.0276773791214434,0.0219081970169578,0.0268419151658747,0.0268569517699138,0.021489031078182,,0.0195971416479774,0.0186770462768194,0.0186110452429907,0.0088652412687962,210.78238095744584,498.53238095744587,0.008029777313227501,190.91816334401943,478.66816334401943,0.0080448139172666,191.27567772008405,479.02567772008405,0.0007850037953302004,18.66446315710925,306.41446315710925,0.0030960591643106015,73.6127424456575,361.3627424456575,0.0026768932255348023,63.64653939347331,351.3965393934733,,,,-0.00013509157582779902,-3.2119739482446583,284.53802605175537,-0.00020109260965649883,-4.7812324302482,282.9687675697518,190.91816334401943,0.35751437606459163,191.27567772008405,63.64653939347331,,
final,2026-09-04,2026-10-27,0.1452054794520547,24150.0,PE,352.75,0.0005017972647341,24162.12144494294,0.9840307808936593,0.0153455902159849,0.0992657822860972,0.1519416071505742,test,9e92b9e9f91b5951213b854e123edbdbb461a111adcf442d7fee1b341f2f3312,True,0.0153378917724792,0.0242581677980842,0.0184014582403575,0.0234110310111381,0.023423153533107,0.0179888565798295,,0.0163211802999605,0.0153845078361108,0.0153172516216811,0.008920276025605,212.09090226260238,564.8409022626024,0.0080731392386589,191.9491482442838,544.6991482442838,0.008085261760627802,192.23737661465066,544.9873766146507,0.0009832885274812988,23.378934730198566,376.1289347301986,0.0030635664678783005,72.84018728217487,425.59018728217484,0.0026509648073503016,63.030058290062634,415.78005829006264,,,,4.661606363160105e-05,1.1083561727437237,353.8583561727437,-2.064015079810029e-05,-0.490745823676276,352.25925417632374,191.9491482442838,0.2882283703668527,192.23737661465066,63.030058290062634,,
final,2026-09-04,2026-10-27,0.1452054794520547,24300.0,CE,290.85,-0.0056901729831869,24162.12144494294,0.9840307808936593,0.0121633754094554,0.0978226397621754,0.150661339213584,test,9e92b9e9f91b5951213b854e123edbdbb461a111adcf442d7fee1b341f2f3312,True,0.0122327844069183,0.0210902587044258,0.0152262908092486,0.0202423596829811,0.0202510568249974,0.0148323788781702,,0.0134262431260014,0.0124964866471985,0.0124297737653896,0.0088574742975075,210.5977113414228,501.44771134142286,0.0080095752760628,190.437834228922,481.287834228922,0.0080182724180791,190.64461983645793,481.49461983645796,0.0011934587190831,28.37599821092273,319.22599821092274,0.002993506402330301,71.17442016106781,362.02442016106784,0.0025995944712519006,61.80866324563024,352.65866324563024,,,,0.0002637022402802013,6.269855989787514,297.11985598978754,0.0001969893584713011,4.683672417129698,295.5336724171297,190.437834228922,0.20678560753594466,190.64461983645793,61.80866324563024,,
final,2026-09-04,2026-10-27,0.1452054794520547,24450.0,CE,227.35,-0.0118440385575651,24162.12144494294,0.9840307808936593,0.0094494691504597,0.0965272873984384,0.1451727435134113,test,9e92b9e9f91b5951213b854e123edbdbb461a111adcf442d7fee1b341f2f3312,True,0.0095620544435718,0.0181779544582429,0.0123919690492497,0.0173408438234927,0.0173449259704022,0.0120288627581995,,0.0109051323234109,0.0100048479353736,0.0099404016131182,0.008615900014671102,204.85397566966282,432.2039756696628,0.0077787893799209,184.9506061653824,412.3006061653824,0.007782871526830401,185.04766439751776,412.39766439751776,0.0013430778798391007,31.93338395878823,259.28338395878825,0.0028299146056779013,67.28481723228239,294.6348172322824,0.0024668083146276998,58.65150356967729,286.0015035696773,,,,0.000442793491801801,10.527978161514659,237.87797816151465,0.0003783471695464006,8.995684923567767,236.34568492356777,184.9506061653824,0.09705823213534756,185.04766439751776,58.65150356967729,,
final,2026-09-04,2026-10-27,0.1452054794520547,24600.0,CE,172.05,-0.0179602655750013,24162.12144494294,0.9840307808936593,0.0071074021004432,0.0947653903722146,0.1355238048740717,test,9e92b9e9f91b5951213b854e123edbdbb461a111adcf442d7fee1b341f2f3312,True,0.0072362061447835,0.0155230168317619,0.0099018140393195,0.0147084667386806,0.0147076210938413,0.0095805979236696,,0.0087423772336766,0.0078915954581265,0.0078309346121007,0.0082868106869784,197.02945855438614,369.0794585543862,0.0074722605938971,177.66249460800057,349.7124946080006,0.0074714149490578,177.64238832693417,349.6923883269342,0.0015061710888931,35.811132333600426,207.86113233360044,0.0026656078945359995,63.378216302685786,235.4282163026858,0.002344391778886101,55.7408948124178,227.7908948124178,,,,0.0006553893133430001,15.582714077590081,187.6327140775901,0.0005947284673171998,14.140425349226184,186.1904253492262,177.66249460800057,-0.020106281066402786,177.64238832693417,55.7408948124178,,
final,2026-09-04,2026-10-27,0.1452054794520547,24800.0,CE,115.1,-0.0260574758076207,24162.12144494294,0.9840307808936593,0.0047164470079311,0.0930953973580676,0.1175794709804179,test,9e92b9e9f91b5951213b854e123edbdbb461a111adcf442d7fee1b341f2f3312,True,0.0048409609256877,0.0123813998292497,0.0071102981698141,0.0116147320708607,0.0116102459483366,0.0068583803724154,,0.006376314806347,0.0056160563381906,0.0055622705796913,0.0075404389035619995,179.2835205908358,294.3835205908358,0.006773771145173,161.05502002138826,276.1550200213883,0.0067692850226489,160.9483567554685,276.0483567554685,0.0015353538806592995,36.50499030598476,151.60499030598476,0.0022693372441264003,53.9563778366659,169.0563778366659,0.0020174194467276994,47.966711957164804,163.06671195716478,,,,0.0007750954125028998,18.428878759521854,133.52887875952186,0.0007213096540036002,17.150053976942193,132.25005397694218,161.05502002138826,-0.10666326591978009,160.9483567554685,47.966711957164804,,
final,2026-09-04,2026-10-27,0.1452054794520547,25100.0,CE,61.55,-0.0380816687744224,24162.12144494294,0.9840307808936593,0.0024919863104615,0.0928085809427049,0.0867600235566791,test,9e92b9e9f91b5951213b854e123edbdbb461a111adcf442d7fee1b341f2f3312,True,0.0025887154211649,0.0084986962841366,0.0039928685403436,0.0078373355428031,0.0078315054556166,0.0038573031585337,,0.0037936688624702,0.0031992730971469,0.0031579269759063,0.0059099808629717,140.517307982896,202.067307982896,0.0052486201216382,124.7926156137524,186.3426156137524,0.005242790034451701,124.65399787949116,186.20399787949117,0.0012049534413053,28.649299844231663,90.19929984423166,0.0014041531191787,33.38552541497837,94.93552541497837,0.0012685877373688,30.162286127191212,91.7122861271912,,,,0.0006105576759820003,14.51678490785238,76.06678490785238,0.0005692115547414,13.533728314782087,75.08372831478208,124.7926156137524,-0.13861773426124818,124.65399787949116,30.162286127191212,,
final,2026-09-04,2026-10-27,0.1452054794520547,25750.0,CE,18.5,-0.0636484497464293,24162.12144494294,0.9840307808936593,0.0007301058217805,0.100130191255114,0.0390295293371608,test,9e92b9e9f91b5951213b854e123edbdbb461a111adcf442d7fee1b341f2f3312,True,0.0007780866822347,0.0031273078925563,0.0007336899941376,0.0027657156928265,0.0027687546200503,0.0007705232339386,,0.0010138869046691,0.0007564922339633,0.0007395902314082,0.0023492212103216,55.85572068413188,74.35572068413188,0.0019876290105918,47.25840646743296,65.75840646743296,0.0019906679378156,47.330660825364944,65.83066082536494,0.00023580022243439988,5.606450045523373,24.106450045523374,-4.4396688097100064e-05,-1.0555876980664016,17.4444123019336,-7.563448296100039e-06,-0.1798305981487386,18.32016940185126,,,,-2.159444827140003e-05,-0.5134354592389083,17.98656454076109,-3.84964508265e-05,-0.9153020563785225,17.584697943621478,47.25840646743296,0.07225435793198652,47.330660825364944,-0.1798305981487386,,
final,2026-09-04,2026-10-27,0.1452054794520547,27000.0,CE,4.65,-0.1110506886410132,24162.12144494294,0.9840307808936593,0.0001750171087796,0.1274609123301161,0.0117684916183685,test,9e92b9e9f91b5951213b854e123edbdbb461a111adcf442d7fee1b341f2f3312,True,0.0001955731390481,0.0001594565064653,1.0117759985658686e-06,0.0001441973445045,0.0001470036447635,6.352707989071716e-06,,3.752120137002352e-05,1.980247698679465e-05,1.8839483590408915e-05,-3.6116632582800016e-05,-0.8587188523298452,3.791281147670155,-5.137579454360001e-05,-1.2215248259059548,3.4284751740940456,-4.85694942846e-05,-1.1548014697852884,3.495198530214712,-0.0001580519376780765,-3.7578857392164977,0.8921142607835026,-0.00019456136304953414,-4.625943739428036,0.02405626057196475,-0.0001892204310590283,-4.498956291782013,0.15104370821798696,,,,-0.00017577066206130536,-4.179170936064036,0.47082906393596424,-0.0001767336554576911,-4.202067328252587,0.447932671747413,-1.2215248259059548,0.06672335612066659,-1.1548014697852884,-4.498956291782013,,
final,2026-09-04,2026-11-23,0.2191780821917808,23000.0,PE,108.45,0.0537717623614915,24270.605751619532,0.97428820081388,0.0600833819238919,0.1168899282093727,0.1121531849361756,test,9e92b9e9f91b5951213b854e123edbdbb461a111adcf442d7fee1b341f2f3312,True,0.0569379189951738,0.0643838176692341,0.0605330148652126,0.0634623008477915,0.0634648292277323,0.0599956708655696,,0.0560067298435686,0.0551495830146959,0.0554969197882529,0.007445898674060293,176.06992556790073,284.5199255679007,0.006524381852617701,154.27921832577692,262.7292183257769,0.006526910232558504,154.33900582591244,262.78900582591245,-0.0009311891516051995,-22.019424624181568,86.43057537581844,0.0035950958700387975,85.01166749050401,193.461667490504,0.0030577518703958015,72.30532777746184,180.75532777746184,,,,-0.0017883359804779023,-42.28800266515597,66.16199733484403,-0.0014409992069209024,-34.07468113820223,74.37531886179778,154.27921832577692,0.05978750013552721,154.33900582591244,72.30532777746184,,
final,2026-09-04,2026-11-23,0.2191780821917808,23900.0,PE,307.75,0.0153875193531762,24270.605751619532,0.97428820081388,0.0287229029072707,0.1063865328184157,0.1766470274687114,test,9e92b9e9f91b5951213b854e123edbdbb461a111adcf442d7fee1b341f2f3312,True,0.0282843117517972,0.0389487430007808,0.0339112987688228,0.0378028173399593,0.0378186947844316,0.0332362546097276,,0.0286162413809845,0.0270845470978101,0.0277227841344124,0.0106644312489836,252.17716469523532,559.9271646952353,0.009518505588162099,225.07995928870963,532.8299592887097,0.009534383032634403,225.4554063084476,533.2054063084477,0.0003319296291873011,7.848995489072345,315.59899548907237,0.005626987017025596,133.0589131854224,440.8089131854224,0.004951942857930401,117.09643772749024,424.84643772749024,,,,-0.0011997646539870996,-28.370312647743162,279.37968735225684,-0.0005615276173847987,-13.278199197323854,294.47180080267617,225.07995928870963,0.3754470197379891,225.4554063084476,117.09643772749024,,
final,2026-09-04,2026-11-23,0.2191780821917808,24050.0,PE,361.25,0.0091309817388709,24270.605751619532,0.97428820081388,0.0245899901372366,0.1048151483428159,0.1826738652407572,test,9e92b9e9f91b5951213b854e123edbdbb461a111adcf442d7fee1b341f2f3312,True,0.0243664813665014,0.0353251253397189,0.0301817388806308,0.0341667280497675,0.0341862518452243,0.029509307866774,,0.0249968457967069,0.0234096602734662,0.0240720747959299,0.010958643973217497,259.134284946879,620.384284946879,0.009800246683266102,231.74216835384186,592.9921683538419,0.0098197704787229,232.20383904845622,593.4538390484562,0.0006303644302054975,14.905953353030462,376.15595335303044,0.0058152575141293995,137.5108636970753,498.7608636970753,0.005142826500272597,121.6101801473818,482.8601801473818,,,,-0.0009568210930352011,-22.625531988422694,338.6244680115773,-0.0002944065705715003,-6.961704051629057,354.28829594837094,231.74216835384186,0.46167069461433363,232.20383904845622,121.6101801473818,,
final,2026-09-04,2026-11-23,0.2191780821917808,24200.0,PE,423.6,0.0029133451280004,24270.605751619532,0.97428820081388,0.0208836653160035,0.1036758920571687,0.1861083193447507,test,9e92b9e9f91b5951213b854e123edbdbb461a111adcf442d7fee1b341f2f3312,True,0.0208229125312853,0.0318934413203279,0.0266809328049157,0.0307317931260894,0.0307526202316844,0.0260206309218853,,0.0216768597255485,0.0200593008291813,0.0207349167605679,0.011070528789042598,261.77997649558785,685.3799764955879,0.0099088805948041,234.31098718363333,657.9109871836333,0.0099297077003991,234.8034766858987,658.4034766858987,0.0008539471942632,20.192917673811174,443.7929176738112,0.0058580202736304016,138.52205606108765,562.1220560610877,0.005197718390600001,122.90818478957458,546.5081847895746,,,,-0.0007636117021040008,-18.056793603788527,405.5432063962115,-8.799577071740006e-05,-2.0807976953108382,421.5192023046892,234.31098718363333,0.4924895022653648,234.8034766858987,122.90818478957458,,
final,2026-09-04,2026-11-23,0.2191780821917808,24350.0,CE,422.3,-0.0032658712379576,24270.605751619532,0.97428820081388,0.0178006012970297,0.1039823215843426,0.1866000831498858,test,9e92b9e9f91b5951213b854e123edbdbb461a111adcf442d7fee1b341f2f3312,True,0.017858830802101,0.0286577112745536,0.0234158415529511,0.027502491527706,0.0275227622260879,0.022777457007761,,0.0186578618431258,0.0170360453748222,0.0177134242791784,0.010798880472452602,255.35642697170417,677.6564269717041,0.009643660725605002,228.0394483576088,650.3394483576088,0.009663931423986902,228.51878074064865,650.8187807406487,0.0007990310410248003,18.894339297121036,441.194339297121,0.005557010750850102,131.4042148721132,553.7042148721132,0.004918626205660002,116.3086133503124,538.6086133503125,,,,-0.0008227854272787986,-19.456048931207683,402.8439510687923,-0.00014540652292259829,-3.4383647681453553,418.8616352318547,228.0394483576088,0.4793323830398447,228.51878074064865,116.3086133503124,,
final,2026-09-04,2026-11-23,0.2191780821917808,24550.0,CE,319.45,-0.0114458759498884,24270.605751619532,0.97428820081388,0.0133556168989801,0.0995822336418952,0.1822164262771499,test,9e92b9e9f91b5951213b854e123edbdbb461a111adcf442d7fee1b341f2f3312,True,0.0135093618274476,0.0246530842103084,0.0194375651558102,0.0235218880129066,0.0235389246840783,0.0188434109702567,,0.0150951209308436,0.013507603666738,0.0141698289365325,0.011143722382860802,263.5107535555167,582.9607535555167,0.010012526185459001,236.7618493603675,556.2118493603675,0.010029562856630701,237.1647081093827,556.6147081093827,0.001585759103396001,37.497755412148656,356.94775541214864,0.005928203328362599,140.181644213405,459.631644213405,0.0053340491428091,126.13193875733877,445.5819387573388,,,,-1.7581607095994156e-06,-0.04157446116665621,319.40842553883334,0.0006604671090849005,15.617778300119175,335.0677783001192,236.7618493603675,0.4028587490152111,237.1647081093827,126.13193875733877,,
final,2026-09-04,2026-11-23,0.2191780821917808,25000.0,CE,167.95,-0.0296098465775596,24270.605751619532,0.97428820081388,0.0068952903200388,0.096781831359777,0.1530707699952126,test,9e92b9e9f91b5951213b854e123edbdbb461a111adcf442d7fee1b341f2f3312,True,0.007102511563374,0.0169466626772031,0.0120711986809386,0.0159322779806639,0.0159372519434534,0.0116303308907484,,0.0089004399350101,0.0075322578350225,0.0080985710279833,0.009844151113829101,232.7803573166139,400.7303573166139,0.0088297664172899,208.79364384721322,376.7436438472132,0.008834740380079403,208.91126098067977,376.86126098067973,0.0017979283716361002,42.51482976436509,210.46482976436508,0.004968687117564601,117.49238194813265,285.4423819481326,0.0045278193273744,107.06737317457853,275.01737317457855,,,,0.00042974627164849965,10.162023064567622,178.1120230645676,0.0009960594646093003,23.553384684904515,191.50338468490452,208.79364384721322,0.11761713346653695,208.91126098067977,107.06737317457853,,
final,2026-09-07,2026-09-15,0.021917808219178,22500.0,PE,4.0,0.0570629647506865,23821.255586098367,0.9952383152473644,0.0589010988429275,0.1832115711090764,0.0062776409581752,test,d798b16fe2a330622d4b987cae07d99ab26a1937fc224a1de4bd56e919756c0c,True,0.0556341255470712,0.0555419617250002,0.055465415942539,0.0555437456668317,0.0555451085631879,0.0554654243289121,,0.0554656884403275,0.055465792870543,0.0554656471028243,-9.216382207100082e-05,-2.185003882645415,1.814996117354585,-9.037988023950089e-05,-2.142710499616681,1.857289500383319,-8.901698388329854e-05,-2.1103991895708445,1.8896008104291555,-0.00016843710674369766,-3.993277665210256,0.006722334789743822,-0.00016870960453219813,-3.9997379954407792,0.00026200455922076316,-0.00016870121815910216,-3.999539172764329,0.0004608272356709797,,,,-0.00016833267652820172,-3.990801851803252,0.009198148196747802,-0.00016847844424690284,-3.9942576875549523,0.005742312445047748,-2.142710499616681,0.032311310045836525,-2.1103991895708445,-3.999539172764329,,
final,2026-09-07,2026-09-15,0.021917808219178,23000.0,PE,7.65,0.0350840580319113,23821.255586098367,0.9952383152473644,0.0360409646639115,0.135740600457923,0.0126421738295147,test,d798b16fe2a330622d4b987cae07d99ab26a1937fc224a1de4bd56e919756c0c,True,0.0347984254765193,0.0351335878221462,0.0344787911109478,0.0351292582115079,0.0351354108775918,0.034479519114834,,0.0345273457173307,0.0345354178082164,0.0345237238061303,0.00033516234562690206,7.945970664575468,15.595970664575468,0.0003308327349886009,7.843325007717368,15.493325007717369,0.0003369854010724996,7.9891913463722775,15.639191346372279,-0.0002710797591885944,-6.426711837941802,1.2232881620581981,-0.0003196343655714959,-7.5778360109956155,0.07216398900438481,-0.0003189063616853005,-7.560576621333016,0.08942337866698402,,,,-0.0002630076683028948,-6.235340109534827,1.414659890465173,-0.0002747016703889965,-6.512579479470155,1.1374205205298455,7.843325007717368,0.1458663386549093,7.9891913463722775,-7.560576621333016,,
final,2026-09-07,2026-09-15,0.021917808219178,23300.0,PE,17.35,0.022124913389406,23821.255586098367,0.9952383152473644,0.023119682257453,0.1135697217570735,0.024574377433097,test,d798b16fe2a330622d4b987cae07d99ab26a1937fc224a1de4bd56e919756c0c,True,0.0226137784656919,0.0238136899528778,0.0219410685752556,0.0237894265229581,0.0237879999935476,0.0219462844890134,,0.0223600198657966,0.0223997825086038,0.0223413486169534,0.0011999114871859007,28.447293085482567,45.797293085482565,0.0011756480572662,27.872059904072202,45.2220599040722,0.0011742215278556997,27.838239992629617,45.18823999262962,-0.00025375859989529986,-6.016064802507312,11.33393519749269,-0.0006727098904362981,-15.948489217004557,1.4015107829954445,-0.0006674939766785001,-15.82483123976103,1.5251687602389712,,,,-0.00021399595708809782,-5.073378974536248,12.276621025463754,-0.00027242984873850074,-6.458719526448815,10.891280473551188,27.872059904072202,-0.03381991144258246,27.838239992629617,-15.82483123976103,,
final,2026-09-07,2026-09-15,0.021917808219178,23450.0,PE,31.9,0.0157077790687726,23821.255586098367,0.9952383152473644,0.0171986443749124,0.107417576847593,0.0359774430375416,test,d798b16fe2a330622d4b987cae07d99ab26a1937fc224a1de4bd56e919756c0c,True,0.0169306025509024,0.0186977902940653,0.0158085552957971,0.0186570010893353,0.0186509140002264,0.0158187752078042,,0.0167482089412153,0.0168153120862202,0.0167162283618204,0.0017671877431628992,41.896180013017045,73.79618001301705,0.0017263985384328995,40.92915663331813,72.82915663331812,0.0017203114493240003,40.78484498219426,72.68484498219425,-0.00018239360968709886,-4.3241560124210645,27.575843987578935,-0.001122047255105299,-26.601301398155936,5.2986986018440625,-0.0011118273430981984,-26.359009499729606,5.540990500270393,,,,-0.0001152904646821995,-2.733286308032391,29.166713691967608,-0.00021437418908199987,-5.082346032939925,26.817653967060075,40.92915663331813,-0.14431165112387695,40.78484498219426,-26.359009499729606,,
final,2026-09-07,2026-09-15,0.021917808219178,23600.0,PE,59.95,0.0093315619294966,23821.255586098367,0.9952383152473644,0.0119276446986254,0.1033700930619712,0.0488126007633837,test,d798b16fe2a330622d4b987cae07d99ab26a1937fc224a1de4bd56e919756c0c,True,0.0118168588498682,0.0141015262786773,0.0100318814542376,0.0140416065631514,0.0140362001161992,0.0100476666143535,,0.0117608949199264,0.0118556658800775,0.011715285799685,0.0022846674288091,54.164498501979196,114.1144985019792,0.0022247477132832007,52.743932295748756,112.69393229574877,0.0022193412663310003,52.615757190632415,112.56575719063241,-5.59639299417998e-05,-1.3267831288151861,58.623216871184816,-0.0017849773956305996,-42.31793400324211,17.632065996757895,-0.001769192235514699,-41.943702169466256,18.006297830533747,,,,3.8807030209300417e-05,0.920030330512296,60.8700303305123,-0.00010157305018320024,-2.4080762281262027,57.5419237718738,52.743932295748756,-0.12817510511634198,52.615757190632415,-41.943702169466256,,
final,2026-09-07,2026-09-15,0.021917808219178,23750.0,PE,107.5,0.0029957434804108,23821.255586098367,0.9952383152473644,0.0075482070015787,0.1002138380326506,0.0577820227092689,test,d798b16fe2a330622d4b987cae07d99ab26a1937fc224a1de4bd56e919756c0c,True,0.0075256283464803,0.0101360167168248,0.0051159444611758,0.0100578574541628,0.0100571350103608,0.0051384115905053,,0.0076416636071667,0.0077540522971287,0.0075873175362523,0.0026103883703445007,61.88663399854631,169.3866339985463,0.0025322291076824996,60.03364777744958,167.53364777744957,0.002531506663880501,60.016520205297205,167.5165202052972,0.0001160352606864,2.7509438023114714,110.25094380231147,-0.0024096838853045,-57.12836693428643,50.37163306571357,-0.0023872167559749998,-56.59572013520907,50.90427986479093,,,,0.00022842395064840045,5.4154353393835954,112.91543533938359,6.168918977200039e-05,1.4625165942578944,108.96251659425789,60.03364777744958,-0.01712757215237627,60.016520205297205,-56.59572013520907,,
final,2026-09-07,2026-09-15,0.021917808219178,23900.0,CE,102.55,-0.0033001849764039,23821.255586098367,0.9952383152473644,0.0043113241455269,0.0985456186702277,0.0576637053087941,test,d798b16fe2a330622d4b987cae07d99ab26a1937fc224a1de4bd56e919756c0c,True,0.0043255758163404,0.0068817952552033,0.0017637318755083,0.0067908651255134,0.0067984450720535,0.0018007322896462,,0.0045377177848044,0.0046499987924262,0.0044834301303656,0.0025562194388629,60.602406381392264,163.15240638139227,0.0024652893091730004,58.44665066339674,160.99665066339674,0.0024728692557131,58.62635471915522,161.17635471915523,0.00021214196846400073,5.0294249343173885,107.57942493431739,-0.0025618439408321,-60.73575109697037,41.81424890302963,-0.0025248435266941997,-59.85855170642731,42.691448293572684,,,,0.0003244229760858003,7.6913635571749746,110.24136355717498,0.00015785431402520061,3.742382653919015,106.292382653919,58.44665066339674,0.17970405575848397,58.62635471915522,-59.85855170642731,,
final,2026-09-07,2026-09-15,0.021917808219178,24050.0,CE,52.95,-0.0095567225907091,23821.255586098367,0.9952383152473644,0.0022121969863228,0.0980198747927617,0.0477743706284655,test,d798b16fe2a330622d4b987cae07d99ab26a1937fc224a1de4bd56e919756c0c,True,0.0022334396828398,0.0043682403842914,0.0002898248815671,0.0042740664287513,0.0042889044667519,0.0003319166171794,,0.0024359541302884,0.0025307566211174,0.0023903416736309,0.0021348007014515996,50.61148416514719,103.56148416514719,0.0020406267459115,48.37882438742363,101.32882438742362,0.0020554647839120996,48.730602014627216,101.68060201462723,0.00020251444744859987,4.80117733861009,57.75117733861009,-0.0019436148012727,-46.07888205717324,6.871117942826764,-0.0019015230656604,-45.08097850159687,7.869021498403136,,,,0.0002973169382775999,7.048738321771603,59.998738321771604,0.00015690199079109986,3.7198051401257985,56.6698051401258,48.37882438742363,0.3517776272035908,48.730602014627216,-45.08097850159687,,
final,2026-09-07,2026-09-15,0.021917808219178,24200.0,CE,25.4,-0.0157743592015796,23821.255586098367,0.9952383152473644,0.0010546084900264,0.0992757081748316,0.0334647163024709,test,d798b16fe2a330622d4b987cae07d99ab26a1937fc224a1de4bd56e919756c0c,True,0.0010713761651393,0.0025618307409921,1.0043482266049522e-05,0.0024755549075352,0.0024912106927739,2.305042148320613e-05,,0.0011715998002964,0.0012394621557419,0.0011392615305941,0.0014904545758528,35.33543815745996,60.73543815745996,0.0014041787423958998,33.29002568599616,58.69002568599616,0.0014198345276346,33.6611903226588,59.061190322658796,0.00010022363515710007,2.3760845311124057,27.776084531112403,-0.0010613326828732505,-25.16189086722133,0.23810913277866774,-0.0010483257436560939,-24.853524611870878,0.5464753881291209,,,,0.00016808599060260006,3.9849534647342093,29.38495346473421,6.788536545480005e-05,1.6094144509249118,27.00941445092491,33.29002568599616,0.3711646366626366,33.6611903226588,-24.853524611870878,,
final,2026-09-07,2026-09-15,0.021917808219178,24350.0,CE,12.4,-0.0219535755675377,23821.255586098367,0.9952383152473644,0.0005116766894972,0.1032524241293497,0.0212900847199508,test,d798b16fe2a330622d4b987cae07d99ab26a1937fc224a1de4bd56e919756c0c,True,0.0005230340333751,0.0013692698065707,8.086337455628196e-09,0.0013000687019517,0.0013122383682969,4.841341141823561e-07,,0.0005013058131858,0.0005426175106429,0.0004818982136509,0.0008462357731956,20.06241069995321,32.46241069995321,0.0007770346685766,18.42180293349815,30.821802933498148,0.0007892043349218,18.710319269054157,31.11031926905416,-2.17282201893e-05,-0.5151288695473201,11.88487113045268,-0.0005230259470376444,-12.39980829051503,0.00019170948496949336,-0.0005225498992609177,-12.38852223252504,0.011477767474961098,,,,1.9583477267800034e-05,0.4642816769564626,12.864281676956463,-4.113581972420001e-05,-0.9752408677662692,11.424759132233731,18.42180293349815,0.28851633555600875,18.710319269054157,-12.38852223252504,,
final,2026-09-07,2026-09-15,0.021917808219178,24500.0,CE,7.15,-0.0280948435896203,23821.255586098367,0.9952383152473644,0.0002932330178841,0.1112801983464155,0.0139924166976258,test,d798b16fe2a330622d4b987cae07d99ab26a1937fc224a1de4bd56e919756c0c,True,0.0003015881724703,0.0006563766780639,5.264754340979469e-15,0.0006084765069075,0.0006163631751677,3.173509535131452e-09,,0.0001898209423817,0.0002112728092776,0.0001799310960819,0.0003547885055936,8.411264255542418,15.561264255542419,0.00030688833443719995,7.275655319147779,14.42565531914778,0.00031477500269739997,7.46263108016166,14.61263108016166,-0.00011176723008860003,-2.649758074355679,4.500241925644321,-0.00030158817246503524,-7.149999999873933,1.2606715671381608e-10,-0.0003015849989607649,-7.149924762986004,7.523701399669847e-05,,,,-9.031536319270003e-05,-2.141180940679248,5.008819059320752,-0.00012165707638840003,-2.884224832333468,4.265775167666533,7.275655319147779,0.18697576101388222,7.46263108016166,-7.149924762986004,,
final,2026-09-07,2026-09-15,0.021917808219178,24650.0,CE,4.95,-0.034198626527638,23821.255586098367,0.9952383152473644,0.0002017721343218,0.122219625656151,0.0100697590049538,test,d798b16fe2a330622d4b987cae07d99ab26a1937fc224a1de4bd56e919756c0c,True,0.0002087918117101,0.0002768494302814,1.18747261598423e-16,0.0002487845142146,0.0002538322586232,7.834668145326942e-12,,6.336773480454354e-05,7.289772627288443e-05,5.907551623088314e-05,6.80576185713e-05,1.613498197886493,6.563498197886493,3.99927025045e-05,0.9481400433078481,5.898140043307849,4.504044691310002e-05,1.0678110908355427,6.017811090835543,-0.00014542407690555645,-3.447688751709728,1.502311248290272,-0.00020879181170998124,-4.949999999993765,6.235012506294879e-12,-0.00020879180387543185,-4.94999981425363,1.8574637028478946e-07,,,,-0.00013589408543721555,-3.221753369560961,1.7282466304390391,-0.00014971629547921685,-3.549447923995202,1.4005520760047983,0.9481400433078481,0.11967104752769468,1.0678110908355427,-4.94999981425363,,
final,2026-09-07,2026-09-15,0.021917808219178,24800.0,CE,3.95,-0.0402653792098754,23821.255586098367,0.9952383152473644,0.0001600362356515,0.1350187829458113,0.0079234777459861,test,d798b16fe2a330622d4b987cae07d99ab26a1937fc224a1de4bd56e919756c0c,True,0.0001666116477283,0.0001003906278303,2.3116775613433177e-16,8.682535893375296e-05,8.986797051789912e-05,9.092382484128713e-15,,1.860292450847189e-05,2.2235525468928576e-05,1.7011696971818736e-05,-6.6221019898e-05,-1.5699564356000892,2.380043564399911,-7.978628879454704e-05,-1.891559473994594,2.0584405260054064,-7.674367721040088e-05,-1.8194257671305305,2.1305742328694697,-0.0001480087232198281,-3.5089650975148974,0.4410349024851028,-0.00016661164772806882,-3.949999999992701,7.299050253095629e-12,-0.0001666116477192076,-3.9499999997826207,2.173794477755564e-10,,,,-0.00014437612225937142,-3.4228440250122327,0.5271559749877675,-0.00014959995075648126,-3.546689643520389,0.403310356479611,-1.891559473994594,0.07213370686406353,-1.8194257671305305,-3.9499999997826207,,
final,2026-09-07,2026-09-15,0.021917808219178,25050.0,CE,2.85,-0.0502955535698128,23821.255586098367,0.9952383152473644,0.0001143167956325,0.155453972603041,0.0055605825578844,test,d798b16fe2a330622d4b987cae07d99ab26a1937fc224a1de4bd56e919756c0c,True,0.0001202134673482,1.219686957715932e-05,-1.6939682152667911e-16,9.814602695210927e-06,1.0553131187962774e-05,3.3306690738754696e-16,,1.8062207511056305e-06,2.328210120212471e-06,1.5900537323891876e-06,-0.00010801659777104068,-2.560838734943635,0.2891612650563653,-0.00011039886465298907,-2.61731710432533,0.23268289567467004,-0.00010966033616023722,-2.599808199118861,0.25019180088113924,-0.00011840724659709437,-2.8071784322127216,0.042821567787278525,-0.00012021346734836939,-2.8500000000011134,-1.113331649094107e-12,-0.00012021346734786693,-2.849999999989201,1.0798917315923973e-11,,,,-0.00011788525722798753,-2.7948031989317124,0.055196801068287726,-0.00011862341361581081,-2.8123032823391783,0.03769671766082183,-2.61731710432533,0.017508905206469253,-2.599808199118861,-2.849999999989201,,
final,2026-09-07,2026-09-15,0.021917808219178,25300.0,CE,2.05,-0.0602261217724135,23821.255586098367,0.9952383152473644,8.141534217766773e-05,0.173886020118784,0.0039432542451252,test,d798b16fe2a330622d4b987cae07d99ab26a1937fc224a1de4bd56e919756c0c,True,8.64693361628284e-05,7.438065600982402e-07,2.5424817106700697e-16,5.753579976542267e-07,6.366501469173354e-07,-2.151527091980592e-16,,1.2192878311065677e-07,1.719772034519554e-07,1.025708360508628e-07,-8.572552960273016e-05,-2.032365963289806,0.0176340367101937,-8.589397816517417e-05,-2.0363595125447693,0.013640487455230499,-8.583268601591106e-05,-2.0349064089179207,0.015093591082079083,-8.634740737971773e-05,-2.0471093335918966,0.002890666408103204,-8.646933616257415e-05,-2.049999999993972,6.0276228452949e-12,-8.646933616304354e-05,-2.0500000000051,-5.100364575127969e-12,,,,-8.629735895937644e-05,-2.0459227943370277,0.004077205662972094,-8.636676532677753e-05,-2.0475682684378618,0.002431731562138051,-2.0363595125447693,0.0014531036268483235,-2.0349064089179207,-2.0500000000051,,
final,2026-09-07,2026-09-15,0.021917808219178,25550.0,CE,1.7,-0.0700590426886523,23821.255586098367,0.9952383152473644,6.685454378428695e-05,0.1939600872863052,0.003118076906416,test,d798b16fe2a330622d4b987cae07d99ab26a1937fc224a1de4bd56e919756c0c,True,7.170627876917477e-05,1.6946531446232328e-08,6.192770867697812e-15,1.5074900613849094e-08,1.663737241355574e-08,-1.4325052561504794e-16,,5.7306186281932015e-09,8.972594552810276e-09,4.573455437561001e-09,-7.168933223772854e-05,-1.6995982345764817,0.00040176542351821887,-7.169120386856092e-05,-1.6996426068751098,0.0003573931248901374,-7.168964139676122e-05,-1.6996055640651204,0.00039443593487953343,-7.170054815054658e-05,-1.6998641394891054,0.00013586051089453655,-7.1706278762982e-05,-1.6999999998531825,1.4681744708866518e-10,-7.170627876931802e-05,-1.700000000003396,-3.395950187723429e-12,,,,-7.169730617462197e-05,-1.6997872792870916,0.00021272071290834305,-7.170170531373721e-05,-1.6998915733130024,0.00010842668699750924,-1.6996426068751098,3.704280998950895e-05,-1.6996055640651204,-1.700000000003396,,
final,2026-09-07,2026-09-15,0.021917808219178,25800.0,CE,1.45,-0.0797962179665107,23821.255586098367,0.9952383152473644,5.64704448437841e-05,0.2135350145256581,0.0025413690288286,test,d798b16fe2a330622d4b987cae07d99ab26a1937fc224a1de4bd56e919756c0c,True,6.11612377737079e-05,8.842447207933089e-11,1.0886101233951436e-14,1.5691115174036814e-10,1.922163748055733e-10,-2.1282238907573727e-16,,1.8827483343834912e-10,3.3187445259287676e-10,1.4153810448952828e-10,-6.116114934923582e-05,-1.4499979036479775,2.096352022418202e-06,-6.116108086255616e-05,-1.4499962799776738,3.7200223261812937e-06,-6.11610455573331e-05,-1.4499954429675788,4.557032421192986e-06,-6.116104949887446e-05,-1.4499955364129566,4.463587043312955e-06,-6.116123776282181e-05,-1.4499999997419144,2.5808555292883284e-10,-6.116123777392073e-05,-1.4500000000050457,-5.0457416023164114e-12,,,,-6.116090589925531e-05,-1.4499921319781324,7.868021867585284e-06,-6.116109623560341e-05,-1.4499966444392072,3.3555607927837627e-06,-1.4499962799776738,8.370100950859802e-07,-1.4499954429675788,-1.4500000000050457,,
final,2026-09-07,2026-09-22,0.0410958904109589,23200.0,PE,30.6,0.0275146932340908,23847.203860462807,0.9939561263694708,0.0292237037742213,0.1136762774075594,0.0391061590032422,test,d798b16fe2a330622d4b987cae07d99ab26a1937fc224a1de4bd56e919756c0c,True,0.0284305837920897,0.0304807172792908,0.0275786000922676,0.0303904984528158,0.0303896388044089,0.0275796258768716,,0.0280633058645198,0.0280817668429494,0.0279919058019376,0.002050133487201098,48.59446652352743,79.19446652352744,0.001959914660726099,46.45600296966557,77.05600296966557,0.001959055012319199,46.43562665954142,77.03562665954142,-0.000367277927569902,-8.705616033077096,21.894383966922906,-0.0008519836998221002,-20.19463300222411,10.405366997775893,-0.0008509579152181021,-20.170318753463953,10.429681246536049,,,,-0.00034881694914030287,-8.268034088345551,22.33196591165445,-0.0004386779901521011,-10.398017026763268,20.20198297323673,46.45600296966557,-0.020376310124145085,46.43562665954142,-20.170318753463953,,
final,2026-09-07,2026-09-22,0.0410958904109589,23450.0,PE,64.5,0.0167964770140667,23847.203860462807,0.9939561263694708,0.0197055889433165,0.1072801946810843,0.0595129383461775,test,d798b16fe2a330622d4b987cae07d99ab26a1937fc224a1de4bd56e919756c0c,True,0.0193773686602687,0.0223492580593455,0.0179988693594018,0.0222126370224922,0.0222093638910934,0.0179882621370904,,0.0191618567850904,0.0191935585490697,0.0190374977521563,0.0029718893990768012,70.44291545728882,134.94291545728882,0.0028352683622234996,67.20457685971722,131.70457685971724,0.0028319952308247,67.12699358273596,131.62699358273596,-0.00021551187517829945,-5.10829400580745,59.39170599419255,-0.0013784993008668991,-32.67467145280169,31.82532854719831,-0.0013891065231783004,-32.92609523214921,31.57390476785079,,,,-0.00018381011119900093,-4.356864736422672,60.14313526357733,-0.0003398709081124003,-8.055985412509317,56.444014587490685,67.20457685971722,-0.07758327698125835,67.12699358273596,-32.92609523214921,,
final,2026-09-07,2026-09-22,0.0410958904109589,23600.0,PE,99.2,0.0104202598747907,23847.203860462807,0.9939561263694708,0.0147036889143617,0.1039918238341193,0.0711981704514414,test,d798b16fe2a330622d4b987cae07d99ab26a1937fc224a1de4bd56e919756c0c,True,0.0145512681658352,0.0180027415183205,0.0128282336134537,0.0178382705947375,0.0178346188909729,0.0128069786594844,,0.0145248540471966,0.0145635284178953,0.0143723543903626,0.0034514733524852997,81.81052957345403,181.01052957345405,0.003287002428902298,77.91206303942398,177.112063039424,0.003283350725137699,77.82550643350028,177.02550643350028,-2.6414118638601325e-05,-0.626095818611487,98.57390418138851,-0.0017230345523815,-40.841216143878725,58.35878385612128,-0.0017442895063508011,-41.34502389862665,57.85497610137335,,,,1.2260252060098537e-05,0.2906056664231378,99.49060566642314,-0.00017891377547260036,-4.240806526540271,94.95919347345973,77.91206303942398,-0.08655660592370015,77.82550643350028,-41.34502389862665,,
final,2026-09-07,2026-09-22,0.0410958904109589,23750.0,PE,150.5,0.0040844414257048,23847.203860462807,0.9939561263694708,0.0104681681851814,0.1019389869891868,0.0791436958687787,test,d798b16fe2a330622d4b987cae07d99ab26a1937fc224a1de4bd56e919756c0c,True,0.010425498765088,0.0141216409392214,0.0083551268431092,0.0139331581832736,0.0139272532827989,0.0083269807071235,,0.0105586352339641,0.0106016668576166,0.0103884872823146,0.0036961421741334,87.60993284995067,238.10993284995067,0.0035076594181856005,83.14231206752447,233.64231206752447,0.0035017545177108995,83.00234777240222,233.50234777240223,0.00013313646887610012,3.1557436236471195,153.6557436236471,-0.0020703719219788003,-49.0741796482744,101.4258203517256,-0.0020985180579645,-49.74132960288103,100.75867039711898,,,,0.00017616809252860022,4.175725399511518,154.67572539951152,-3.701148277339937e-05,-0.8772859288657858,149.62271407113423,83.14231206752447,-0.13996429512224928,83.00234777240222,-49.74132960288103,,
final,2026-09-07,2026-09-22,0.0410958904109589,23900.0,CE,166.4,-0.0022114870311099,23847.203860462807,0.9939561263694708,0.0070046784878372,0.0997863712656146,0.080477040811243,test,d798b16fe2a330622d4b987cae07d99ab26a1937fc224a1de4bd56e919756c0c,True,0.0070201863849064,0.010746609287096,0.0048041167268209,0.0105414808236105,0.0105347976349391,0.0047819825932134,,0.007328826804287,0.0073725717190891,0.0071557974670872,0.003726422902189601,88.3276791991623,254.7276791991623,0.0035212944387041003,83.46550397296396,249.86550397296395,0.0035146112500327002,83.30709185483104,249.70709185483105,0.00030864041938060034,7.31572681536657,173.71572681536657,-0.0022160696580854995,-52.527663923318705,113.87233607668131,-0.0022382037916929996,-53.05231093841887,113.34768906158114,,,,0.0003523853341827008,8.352615784400182,174.75261578440018,0.00013561108218080025,3.2143995668550414,169.61439956685504,83.46550397296396,-0.15841211813292622,83.30709185483104,-53.05231093841887,,
final,2026-09-07,2026-09-22,0.0410958904109589,24050.0,CE,104.9,-0.008468024645415,23847.203860462807,0.9939561263694708,0.0043882685020294,0.0980822707925067,0.0741721484413025,test,d798b16fe2a330622d4b987cae07d99ab26a1937fc224a1de4bd56e919756c0c,True,0.0044255862486579,0.0079003906510955,0.0023189615841525,0.0076890771049908,0.0076840337918821,0.002319383213015,,0.0048383774091159,0.004879075722832,0.0046777199896961,0.0034748044024376003,82.36354718569433,187.26354718569434,0.0032634908563328995,77.35476648616445,182.25476648616444,0.0032584475432241994,77.23522446045813,182.13522446045812,0.00041279116045799934,9.784419577219785,114.68441957721978,-0.0021066246645054004,-49.933481100639845,54.96651889936016,-0.0021062030356429,-49.92348720035382,54.97651279964619,,,,0.0004534894741740998,10.749094734124368,115.64909473412438,0.0002521337410381994,5.976344815995235,110.87634481599524,77.35476648616445,-0.11954202570632726,77.23522446045813,-49.92348720035382,,
final,2026-09-07,2026-09-22,0.0410958904109589,24200.0,CE,63.15,-0.0146856612562857,23847.203860462807,0.9939561263694708,0.0026253715460891,0.0978377161792452,0.0619336401067253,test,d798b16fe2a330622d4b987cae07d99ab26a1937fc224a1de4bd56e919756c0c,True,0.002664211359416,0.0055835727608787,0.0008708857829498,0.0053783938961463,0.0053760922523595,0.0008976852964568,,0.0030279043055204,0.0030626140394252,0.0028914751648527,0.0029193614014626995,69.19784042313033,132.34784042313032,0.0027141825367303,64.3344705324282,127.48447053242819,0.0027118808929435002,64.27991449856749,127.42991449856748,0.0003636929461043998,8.620640950771284,71.77064095077128,-0.0017933255764662,-42.50732951557517,20.642670484424826,-0.0017665260629592,-41.87209865373472,21.27790134626528,,,,0.00039840268000919995,9.443368355014648,72.59336835501465,0.0002272638054367001,5.386850882759074,68.53685088275907,64.3344705324282,-0.05455603386070984,64.27991449856749,-41.87209865373472,,
final,2026-09-07,2026-09-22,0.0410958904109589,24350.0,CE,36.6,-0.0208648776222437,23847.203860462807,0.9939561263694708,0.0015122197471891,0.0985420092621775,0.0473619323799906,test,d798b16fe2a330622d4b987cae07d99ab26a1937fc224a1de4bd56e919756c0c,True,0.0015441034957185,0.0037727082852098,0.0002254832065743,0.0035859336826681,0.003586810159832,0.000259913835916,,0.0017911830551091,0.0018183632817195,0.0016850474947104,0.0022286047894913,52.82478507531686,89.42478507531686,0.0020418301869496,48.39765278011745,84.99765278011745,0.0020427066641135,48.41842798352038,85.01842798352038,0.0002470795593906001,5.856545172503045,42.45654517250305,-0.0013186202891441999,-31.255354784503595,5.344645215496406,-0.0012841896598024998,-30.439243016477484,6.160756983522518,,,,0.0002742597860010002,6.500800105348507,43.10080010534851,0.0001409439989919002,3.3408060906583046,39.940806090658306,48.39765278011745,0.020775203402934067,48.41842798352038,-30.439243016477484,,
final,2026-09-07,2026-09-22,0.0410958904109589,24600.0,CE,15.25,-0.031079471031962,23847.203860462807,0.9939561263694708,0.0006236881918031,0.1031967893291353,0.027244244136135,test,d798b16fe2a330622d4b987cae07d99ab26a1937fc224a1de4bd56e919756c0c,True,0.0006433764565494,0.0017448288907124,5.5612278271029505e-06,0.0016090509098798,0.0016097693639758,1.481775175701458e-05,,0.0006549769743846,0.0006699988978048,0.0005972378245491,0.001101452434163,26.10780896626634,41.35780896626634,0.0009656744533304,22.889453388254786,38.139453388254786,0.0009663929074264,22.9064829591265,38.1564829591265,1.1600517835199916e-05,0.27496793702336597,15.524967937023366,-0.0006378152287222971,-15.118181803203441,0.1318181967965586,-0.0006285587047923855,-14.898773728049067,0.35122627195093337,,,,2.6622441255399966e-05,0.6310337050912284,15.881033705091228,-4.6138632000300005e-05,-1.0936274258125924,14.156372574187408,22.889453388254786,0.01702957087171252,22.9064829591265,-14.898773728049067,,
final,2026-09-07,2026-09-29,0.0602739726027397,21000.0,PE,5.75,0.1283255360893959,23875.384090863357,0.995346974353926,0.1371981414682864,0.234387382981462,0.0076389378887964,test,d798b16fe2a330622d4b987cae07d99ab26a1937fc224a1de4bd56e919756c0c,True,0.1206749579344601,0.1204649693117718,0.1204331732693196,0.1204646801073708,0.1204635728347651,0.1204332229067948,,0.1204329994198414,0.1204329994320084,0.1204329989434108,-0.00020998862268831187,-4.990230802690174,0.7597691973098257,-0.00021027782708930853,-4.997103540325438,0.7528964596745622,-0.00021138509969501063,-5.0234170890939875,0.7265829109060125,-0.0002419585146187092,-5.749972627877281,2.7372122718638536e-05,-0.000241784665140507,-5.7458412182320835,0.0041587817679165084,-0.0002417350276653074,-5.744661618811231,0.005338381188768615,,,,-0.0002419585024517057,-5.749972338737066,2.7661262934408626e-05,-0.0002419589910493125,-5.74998394991293,1.6050087070063057e-05,-4.997103540325438,-0.02631354876855025,-5.0234170890939875,-5.744661618811231,,
final,2026-09-07,2026-09-29,0.0602739726027397,21700.0,PE,7.95,0.095535713266405,23875.384090863357,0.995346974353926,0.1006161868822363,0.1902589694106433,0.0115274983595324,test,d798b16fe2a330622d4b987cae07d99ab26a1937fc224a1de4bd56e919756c0c,True,0.0914486337491031,0.0913255747955202,0.091118585624121,0.0913177942053662,0.091318437396692,0.0911190626333585,,0.0911146390139601,0.0911146424063537,0.0911144919585869,-0.00012305895358290242,-2.924408822032818,5.025591177967183,-0.00013083954373689644,-3.1093090330656796,4.8406909669343205,-0.0001301963524110994,-3.094024047027271,4.855975952972729,-0.00033399473514300615,-7.937148184075147,0.012851815924853405,-0.00033004812498209357,-7.84335979049904,0.1066402095009602,-0.0003295711157445952,-7.832024004018525,0.11797599598147546,,,,-0.000333991342749404,-7.937067566245325,0.01293243375467501,-0.0003341417905162042,-7.940642850803464,0.009357149196536518,-3.1093090330656796,0.015284986038408785,-3.094024047027271,-7.832024004018525,,
final,2026-09-07,2026-09-29,0.0602739726027397,22000.0,PE,9.45,0.081805520454503,23875.384090863357,0.995346974353926,0.0856762848868539,0.1713854144084987,0.0142005844014978,test,d798b16fe2a330622d4b987cae07d99ab26a1937fc224a1de4bd56e919756c0c,True,0.0789465107802011,0.0789894397115528,0.0785651359392599,0.0789707124393493,0.078974389956695,0.0785660502121543,,0.0785533991334106,0.0785534211263281,0.0785524122405709,4.292893135170173e-05,1.0201756305426628,10.470175630542663,2.420165914820971e-05,0.5751352783377572,10.025135278337757,2.7879176493897373e-05,0.6625288718617146,10.112528871861715,-0.0003931116467904977,-9.342019694190757,0.10798030580924234,-0.00038137484094119545,-9.063102820864161,0.386897179135838,-0.0003804605680467893,-9.041375773458824,0.4086242265411748,,,,-0.00039308965387299666,-9.341497048092366,0.10850295190763326,-0.00039409853963019714,-9.365472503131423,0.08452749686857608,0.5751352783377572,0.08739359352395742,0.6625288718617146,-9.041375773458824,,
final,2026-09-07,2026-09-29,0.0602739726027397,22350.0,PE,11.85,0.0660216527532411,23875.384090863357,0.995346974353926,0.0687825273815123,0.1489764527022781,0.0185783853586106,test,d798b16fe2a330622d4b987cae07d99ab26a1937fc224a1de4bd56e919756c0c,True,0.0643880526121081,0.064867441308083,0.0639566370382583,0.0648233094876353,0.0648304886384918,0.0639575946870347,,0.0639276599709345,0.0639277920222547,0.0639215324197347,0.00047938869597489997,11.392332624926427,23.242332624926426,0.00043525687552720127,10.343571187485196,22.193571187485198,0.00044243602638370516,10.514178619843385,22.364178619843386,-0.00046039264117360423,-10.940904844766541,0.9090951552334587,-0.00043141557384980544,-10.252285375389468,1.597714624610532,-0.00043045792507340197,-10.229527530888241,1.6204724691117587,,,,-0.00046026058985340623,-10.937766738724642,0.9122332612753574,-0.0004665201923734069,-11.086521756534678,0.7634782434653218,10.343571187485196,0.17060743235818815,10.514178619843385,-10.229527530888241,,
final,2026-09-07,2026-09-29,0.0602739726027397,22500.0,PE,13.95,0.0593326646024445,23875.384090863357,0.995346974353926,0.0617510801782028,0.1406873114564805,0.0217398242756348,test,d798b16fe2a330622d4b987cae07d99ab26a1937fc224a1de4bd56e919756c0c,True,0.0581937990493421,0.0589564184357976,0.0577265727873962,0.0588956249181397,0.0589029646813438,0.0577267289529949,,0.0576922096970198,0.0576924612980384,0.0576803921094877,0.0007626193864555056,18.123109263246626,32.07310926324662,0.0007018258687975995,16.678394399476733,30.628394399476733,0.0007091656320017056,16.85281867045235,30.80281867045235,-0.0005015893523223,-11.919915489780854,2.0300845102191456,-0.00046722626194589667,-11.103300999544954,2.846699000455045,-0.0004670700963471941,-11.09958983476379,2.850410165236209,,,,-0.0005013377513036973,-11.913936369879282,2.036063630120717,-0.0005134069398543967,-12.200752082550403,1.7492479174495958,16.678394399476733,0.174424270975615,16.85281867045235,-11.09958983476379,,
final,2026-09-07,2026-09-29,0.0602739726027397,22900.0,PE,25.35,0.0417110632526249,23875.384090863357,0.995346974353926,0.0437053535577785,0.1212685048442053,0.0359461357259455,test,d798b16fe2a330622d4b987cae07d99ab26a1937fc224a1de4bd56e919756c0c,True,0.0419198532121681,0.0438565501599182,0.0413603461375928,0.0437309472220679,0.0437330315452185,0.0413502931604534,,0.0413928986878817,0.0413938894600868,0.0413451394019326,0.0019366969477500953,46.02423045787474,71.37423045787475,0.0018110940098997955,43.039365652607195,68.3893656526072,0.0018131783330503984,43.0888981151556,68.43889811515561,-0.0005269545242864021,-12.522700825625817,12.827299174374184,-0.000559507074575305,-13.296289113782374,12.053710886217628,-0.0005695600517147056,-13.535190991119986,11.814809008880015,,,,-0.0005259637520813043,-12.499155826315702,12.8508441736843,-0.0005747138102355012,-13.65766640998244,11.692333590017562,43.039365652607195,0.04953246254840003,43.0888981151556,-13.535190991119986,,
final,2026-09-07,2026-09-29,0.0602739726027397,23050.0,PE,35.4,0.0351822043701613,23875.384090863357,0.995346974353926,0.0373513916697206,0.116675069312884,0.0452598296524009,test,d798b16fe2a330622d4b987cae07d99ab26a1937fc224a1de4bd56e919756c0c,True,0.0360601351882137,0.0385349799613709,0.0354083694098085,0.0383777920495972,0.0383784980948316,0.0353889673496392,,0.0355406746213866,0.0355421339266615,0.0354698107739472,0.002474844773157195,58.81293215212475,94.21293215212475,0.0023176568613835005,55.07747282532144,90.47747282532144,0.0023183629066178962,55.09425148995417,90.49425148995417,-0.0005194605668270985,-12.344612237450377,23.05538776254962,-0.0006517657784052,-15.488751828067501,19.9112481719325,-0.0006711678385745018,-15.949828038068697,19.450171961931304,,,,-0.0005180012615522006,-12.309932881778176,23.090067118221825,-0.0005903244142664993,-14.028641351799715,21.371358648200285,55.07747282532144,0.01677866463272062,55.09425148995417,-15.949828038068697,,
final,2026-09-07,2026-09-29,0.0602739726027397,23250.0,PE,56.8,0.0265428417794534,23875.384090863357,0.995346974353926,0.0293526717516421,0.1116071621117515,0.0604509146610406,test,d798b16fe2a330622d4b987cae07d99ab26a1937fc224a1de4bd56e919756c0c,True,0.028583817358852,0.0318250692115641,0.0277713609711912,0.0316217028057741,0.0316246137810787,0.0277331528551532,,0.0281464122123835,0.0281486159176032,0.028038558784765,0.003241251852712096,77.02605325760246,133.82605325760244,0.0030378854469221006,72.19319474644412,128.99319474644412,0.0030407964222266964,72.26237201159732,129.06237201159732,-0.00043740514646850234,-10.394623323960786,46.40537667603921,-0.0008124563876608024,-19.307450278224017,37.49254972177598,-0.0008506645036988024,-20.21543907840105,36.58456092159895,,,,-0.00043520144124880103,-10.34225383114438,46.45774616885562,-0.000545258574087,-12.957683597356729,43.84231640264327,72.19319474644412,0.06917726515319957,72.26237201159732,-20.21543907840105,,
final,2026-09-07,2026-09-29,0.0602739726027397,23400.0,PE,79.75,0.0201119514491631,23875.384090863357,0.995346974353926,0.0237396112978392,0.1074954738281584,0.0725202055624583,test,d798b16fe2a330622d4b987cae07d99ab26a1937fc224a1de4bd56e919756c0c,True,0.0232669305865541,0.0271330641640185,0.0223747100009689,0.026894176447415,0.0269005769930914,0.0223184919001449,,0.0230247787304661,0.0230275597860369,0.0228880663073407,0.0038661335774644,91.87592460289738,171.62592460289738,0.003627245860860901,86.19892731362731,165.9489273136273,0.003633646406537301,86.35103174566507,166.10103174566507,-0.00024215185608799858,-5.7545672508770105,73.99543274912298,-0.0008922205855851975,-21.202989914316632,58.54701008568337,-0.0009484386864091997,-22.53897323955177,57.211026760448235,,,,-0.0002393708005172003,-5.688477436125522,74.06152256387448,-0.0003788642792133985,-9.003441100597044,70.74655889940296,86.19892731362731,0.15210443203775909,86.35103174566507,-22.53897323955177,,
final,2026-09-07,2026-09-29,0.0602739726027397,23550.0,PE,115.9,0.013722153350392,23875.384090863357,0.995346974353926,0.0187611846104571,0.105755652600965,0.084587134684151,test,d798b16fe2a330622d4b987cae07d99ab26a1937fc224a1de4bd56e919756c0c,True,0.0185054990485092,0.0227758719427109,0.0173755527712687,0.0225032339358081,0.0225107256082523,0.0173009003865647,,0.0183678598347195,0.0183711514472867,0.0182055328591044,0.0042703728942017,101.48238548737646,217.38238548737647,0.0039977348872989,95.00333646742146,210.90333646742147,0.004005226559743103,95.18137075383238,211.0813707538324,-0.00013763921378969965,-3.2708983730557515,112.62910162694425,-0.0011299462772404976,-26.852372504200805,89.0476274957992,-0.001204598661944497,-28.626433521769016,87.27356647823099,,,,-0.0001343476012224988,-3.1926755331081376,112.70732446689186,-0.0002999661894047996,-7.128483910079689,108.77151608992031,95.00333646742146,0.1780342864109233,95.18137075383238,-28.626433521769016,,
final,2026-09-07,2026-09-29,0.0602739726027397,23700.0,PE,161.45,0.0073729256717332,23875.384090863357,0.995346974353926,0.0142442545861455,0.1029109993738937,0.0935077159757976,test,d798b16fe2a330622d4b987cae07d99ab26a1937fc224a1de4bd56e919756c0c,True,0.0141396189651598,0.0187887563823877,0.0128890351017169,0.0184868774564588,0.0184901933585732,0.0128005191720793,,0.0142531847138348,0.0142568429909709,0.0140724188029269,0.004649137417227901,110.48345595288033,271.9334559528803,0.004347258491298999,103.30951721483041,264.7595172148304,0.0043505743934134,103.38831727865362,264.8383172786536,0.00011356574867499997,2.6988095350753483,164.14880953507534,-0.0012505838634429,-29.71923924641944,131.73076075358054,-0.0013390997930805004,-31.822757584467457,129.62724241553252,,,,0.00011722402581109889,2.7857458986536505,164.23574589865365,-6.720016223290062e-05,-1.5969642318105606,159.85303576818941,103.30951721483041,0.07880006382321682,103.38831727865362,-31.822757584467457,,
final,2026-09-07,2026-09-29,0.0602739726027397,23850.0,PE,223.5,0.0010637564784686,23875.384090863357,0.995346974353926,0.0104791993138734,0.1014151553608424,0.0977943932503597,test,d798b16fe2a330622d4b987cae07d99ab26a1937fc224a1de4bd56e919756c0c,True,0.0104680579246272,0.0152011279932918,0.0090281076109309,0.0148774089041885,0.0148755344055487,0.0089366420095717,,0.0107330619342744,0.0107368842555404,0.0105440417290594,0.004733070068664599,112.47805593257809,335.97805593257806,0.0044093509795612995,104.78510119445453,328.2851011944545,0.004407476480921499,104.74055506270616,328.24055506270616,0.00026500400964719895,6.297632485264469,229.79763248526447,-0.0014399503136963004,-34.21939873578979,189.28060126421022,-0.0015314159150555014,-36.3930139319176,187.1069860680824,,,,0.0002688263309131994,6.388467241334493,229.8884672413345,7.598380443219963e-05,1.8057012638535392,225.30570126385354,104.78510119445453,-0.04454613174836893,104.74055506270616,-36.3930139319176,,
final,2026-09-07,2026-09-29,0.0602739726027397,24000.0,CE,172.4,-0.0052058565351267,23875.384090863357,0.995346974353926,0.0072169138184159,0.098173596640494,0.095927613610784,test,d798b16fe2a330622d4b987cae07d99ab26a1937fc224a1de4bd56e919756c0c,True,0.0072545819988824,0.0120340334079884,0.0058831515388046,0.0116985505798682,0.0116940834047801,0.0058047868620213,,0.007826235967518,0.0078299948827625,0.0076404225194226,0.004779451409106,113.58027561847167,285.9802756184717,0.004443968580985801,105.60776395938066,278.00776395938067,0.004439501405897699,105.50160470922575,277.90160470922575,0.0005716539686356006,13.58495144282043,185.98495144282043,-0.0013714304600777995,-32.591072973444106,139.8089270265559,-0.0014497951368611,-34.453353981436315,137.94664601856368,,,,0.0005754128838801002,13.674279399724293,186.0742793997243,0.0003858405205402005,9.169226531780525,181.56922653178054,105.60776395938066,-0.10615925015490951,105.50160470922575,-34.453353981436315,,
final,2026-09-07,2026-09-29,0.0602739726027397,24150.0,CE,116.1,-0.0114364062857627,23875.384090863357,0.995346974353926,0.0048299271912385,0.097006294022641,0.0877717065883663,test,d798b16fe2a330622d4b987cae07d99ab26a1937fc224a1de4bd56e919756c0c,True,0.0048854812649085,0.0092979280506729,0.003497909043821,0.0089627819592746,0.0089571962329392,0.0034487624864031,,0.0055152410644236,0.0055187242231753,0.0053433221953055,0.0044124467857644,104.85867083492407,220.95867083492408,0.0040773006943661,96.89416148538918,212.99416148538916,0.0040717149680307,96.76142065754115,212.86142065754115,0.0006297597995150997,14.965795335021078,131.06579533502108,-0.0013875722210875,-32.974670484437986,83.12532951556202,-0.0014367187785054004,-34.14260359211411,81.95739640788588,,,,0.0006332429582668001,15.04857013429768,131.14857013429767,0.00045784093039700005,10.880265246516176,126.98026524651617,96.89416148538918,-0.13274082784802524,96.76142065754115,-34.14260359211411,,
final,2026-09-07,2026-09-29,0.0602739726027397,24300.0,CE,76.2,-0.0176283765336839,23875.384090863357,0.995346974353926,0.0031504616479808,0.0970249129648927,0.075135388470632,test,d798b16fe2a330622d4b987cae07d99ab26a1937fc224a1de4bd56e919756c0c,True,0.0032064915795524,0.0069910426895061,0.0018489046668192,0.006669275825008,0.0066642698308248,0.0018371908065137,,0.0037500333157683,0.0037530779764305,0.0036001556480843,0.0037845511099537,89.9371750786641,166.1371750786641,0.0034627842454556,82.2906135747735,158.4906135747735,0.0034577782512724,82.17164967067583,158.37164967067582,0.0005435417362158997,12.91688416204491,89.11688416204491,-0.0013575869127332,-32.26209088149496,43.93790911850504,-0.0013693007730387,-32.540462470234225,43.65953752976578,,,,0.0005465863968780998,12.98923836498095,89.18923836498095,0.00039366406853189994,9.35514760538294,85.55514760538294,82.2906135747735,-0.11896390409766067,82.17164967067583,-32.540462470234225,,
final,2026-09-07,2026-09-29,0.0602739726027397,24450.0,CE,48.6,-0.0237822421080621,23875.384090863357,0.995346974353926,0.0019970222571278,0.0975335840465672,0.0605211235560503,test,d798b16fe2a330622d4b987cae07d99ab26a1937fc224a1de4bd56e919756c0c,True,0.0020450851806593,0.0050986375264994,0.0008385172884944,0.0048028247457029,0.004798934844456,0.0008583855354621,,0.0024567110553688,0.00245922426148,0.0023334584057551,0.0030535523458401002,72.56550749635572,121.16550749635573,0.0027577395650436004,65.53572639839962,114.13572639839961,0.0027538496637967004,65.44328565197634,114.04328565197633,0.00041162587470950024,9.781997199955766,58.38199719995577,-0.0012065678921648999,-28.67323088239569,19.926769117604312,-0.0011866996451971997,-28.201076073509505,20.398923926490497,,,,0.00041413908082069996,9.841721762120418,58.44172176212042,0.00028837322509580026,6.852985329020248,55.45298532902025,65.53572639839962,-0.0924407464232764,65.44328565197634,-28.201076073509505,,
final,2026-09-07,2026-09-29,0.0602739726027397,24600.0,CE,31.3,-0.0298984691254982,23875.384090863357,0.995346974353926,0.0012783057128426,0.0993509901056481,0.0468990882305188,test,d798b16fe2a330622d4b987cae07d99ab26a1937fc224a1de4bd56e919756c0c,True,0.0013171021842518,0.003593364417215,0.000310399471073,0.0033340814626413,0.0033289251761601,0.0003439671730139,,0.0015488833694578,0.0015508444664889,0.0014531705062809,0.0022762622329632,54.09375881660818,85.39375881660818,0.0020169792783895,47.93208315074739,79.23208315074739,0.0020118229919083,47.80954765669745,79.10954765669744,0.0002317811852060002,5.5081156068909145,36.808115606890915,-0.0010067027131787998,-23.923576544969833,7.376423455030167,-0.0009731350112378999,-23.125863897224917,8.174136102775083,,,,0.00023374228223710012,5.554719688037659,36.85471968803766,0.00013606832202910004,3.2335672436303633,34.533567243630365,47.93208315074739,-0.12253549404994107,47.80954765669745,-23.125863897224917,,
final,2026-09-07,2026-09-29,0.0602739726027397,24750.0,CE,21.15,-0.0359775152018803,23875.384090863357,0.995346974353926,0.0008585402644139,0.1027868284524573,0.0360888951526538,test,d798b16fe2a330622d4b987cae07d99ab26a1937fc224a1de4bd56e919756c0c,True,0.0008899907730646,0.0024368280366757,8.723638951036936e-05,0.0022212829676254,0.0022158278466224,0.0001158742302074,,0.0009389165946708,0.0009403646987625,0.0008686550264352,0.0015468372636111,36.759491351484264,57.90949135148426,0.0013312921945608002,31.637215538763975,52.787215538763974,0.0013258370735577999,31.50757845408258,52.65757845408258,4.892582160620008e-05,1.1626874775429141,22.312687477542912,-0.0008027543835542306,-19.076889026282743,2.073110973717256,-0.0007741165428572,-18.396331037286462,2.7536689627135367,,,,5.0373925697899994e-05,1.197100645034511,22.34710064503451,-2.1335746629399946e-05,-0.5070288983535054,20.642971101646495,31.637215538763975,-0.12963708468139476,31.50757845408258,-18.396331037286462,,
final,2026-09-07,2026-09-29,0.0602739726027397,24950.0,CE,13.85,-0.0440258483847087,23875.384090863357,0.995346974353926,0.0005577052372125,0.1094520955872656,0.0261576598404236,test,d798b16fe2a330622d4b987cae07d99ab26a1937fc224a1de4bd56e919756c0c,True,0.0005828071965458,0.0013556567892917,8.615592339859465e-06,0.0012022224034829,0.0012000243617514,2.0246569561251267e-05,,0.0004525998350584,0.0004534883593131,0.0004098934751366,0.0007728495927458999,18.366222865758207,32.216222865758205,0.0006194152069371001,14.719963423448245,28.569963423448243,0.0006172171652055999,14.66772851941532,28.51772851941532,-0.00013020736148739999,-3.0942856699236025,10.755714330076398,-0.0005741916042059405,-13.64525655376879,0.204743446231209,-0.0005625606269845487,-13.368854622785472,0.48114537721452777,,,,-0.0001293188372327,-3.073170520693244,10.776829479306755,-0.00017291372140920003,-4.109172048167379,9.740827951832621,14.719963423448245,-0.05223490403292616,14.66772851941532,-13.368854622785472,,
final,2026-09-07,2026-09-29,0.0602739726027397,25200.0,CE,9.05,-0.0539960207045587,23875.384090863357,0.995346974353926,0.000360805822874,0.1190922765861131,0.0182834684275537,test,d798b16fe2a330622d4b987cae07d99ab26a1937fc224a1de4bd56e919756c0c,True,0.0003808234749992,0.0005716675341583,9.35272675711441e-08,0.0004877604383834,0.0004891849130075,1.407429772324752e-06,,0.0001642120970619,0.0001646349723697,0.0001441745288189,0.00019084405915910005,4.535273817857066,13.585273817857066,0.00010693696338420002,2.541281150351052,11.591281150351053,0.00010836143800830006,2.5751327802909545,11.625132780290954,-0.0002166113779373,-5.147615887744204,3.9023841122557963,-0.00038072994773162886,-9.047777390764066,0.002222609235934314,-0.00037941604522687524,-9.016553428879782,0.033446571120219204,,,,-0.00021618850262949998,-5.1375665557391414,3.9124334442608593,-0.0002366489461803,-5.623794496742675,3.426205503257326,2.541281150351052,0.03385162993990233,2.5751327802909545,-9.016553428879782,,
final,2026-09-07,2026-09-29,0.0602739726027397,25400.0,CE,7.4,-0.0619012002116719,23875.384090863357,0.995346974353926,0.00029270052573,0.1288929714987073,0.0149084608687221,test,d798b16fe2a330622d4b987cae07d99ab26a1937fc224a1de4bd56e919756c0c,True,0.0003113915707176,0.0002525015813725,3.06246125955568e-10,0.0002091284034419,0.0002111459524477,1.1505544690723277e-07,,6.721813423013652e-05,6.742880503951554e-05,5.7367588222492424e-05,-5.888998934510005e-05,-1.3994788624153955,6.000521137584605,-0.00010226316727570003,-2.430211698075301,4.9697883019247,-0.00010024561826990001,-2.3822660757563994,5.0177339242436005,-0.0002441734364874635,-5.802608676409376,1.5973913235906245,-0.00031139126447147407,-7.399992722275636,7.277724364485039e-06,-0.0003112765152706928,-7.397265788839948,0.0027342111600523467,,,,-0.00024396276567808449,-5.797602233923436,1.6023977660765647,-0.0002540239824951076,-6.036699921360421,1.363300078639579,-2.430211698075301,0.04794562231890175,-2.3822660757563994,-7.397265788839948,,
final,2026-09-07,2026-09-29,0.0602739726027397,25600.0,CE,6.35,-0.0697443776726979,23875.384090863357,0.995346974353926,0.0002492064389516,0.1390484831092778,0.0125798753999746,test,d798b16fe2a330622d4b987cae07d99ab26a1937fc224a1de4bd56e919756c0c,True,0.0002672076316293,9.720337452804284e-05,9.282464595361043e-14,7.891679754531804e-05,8.0426071086416e-05,7.015495318682259e-09,,2.5571704458667455e-05,2.56677200830978e-05,2.1148687197409567e-05,-0.0001700042571012572,-4.040030690778819,2.309969309221181,-0.00018829083408398198,-4.474598233375676,1.8754017666243232,-0.00018678156054288401,-4.438731417268922,1.9112685827310774,-0.00024163592717063256,-5.742306565786181,0.6076934342138189,-0.0002672076315364754,-6.349999997792383,2.2076163119777448e-09,-0.00026720061613398134,-6.349833281723813,0.00016671827618708335,,,,-0.00024153991154620221,-5.740024822516294,0.6099751774837054,-0.00024605894443189045,-5.847416436480085,0.5025835635199147,-4.474598233375676,0.03586681610675449,-4.438731417268922,-6.349833281723813,,
final,2026-09-07,2026-09-29,0.0602739726027397,26000.0,CE,4.55,-0.0852485642086632,23875.384090863357,0.995346974353926,0.0001758180860634,0.1571529185184848,0.0088979259632714,test,d798b16fe2a330622d4b987cae07d99ab26a1937fc224a1de4bd56e919756c0c,True,0.0001914637360492,8.36426391977456e-06,-2.418038472629259e-16,7.225861012330687e-06,7.560397830722791e-06,1.2261724187753976e-11,,2.9730991539948836e-06,2.988498634812035e-06,2.287720532951514e-06,-0.00018309947212942544,-4.35122919555883,0.19877080444117023,-0.00018423787503686932,-4.378282533886739,0.171717466113261,-0.00018390333821847722,-4.370332503478414,0.17966749652158587,-0.00018849063689520512,-4.479346405587415,0.07065359441258501,-0.0001914637360494418,-4.550000000001174,-1.1741718708435656e-12,-0.00019146372378747582,-4.5499997086042425,2.9139575730141587e-07,,,,-0.00018847523741438797,-4.478980447839155,0.07101955216084477,-0.0001891760155162485,-4.495633942799907,0.05436605720009258,-4.378282533886739,0.00795003040832443,-4.370332503478414,-4.5499997086042425,,
final,2026-09-07,2026-09-29,0.0602739726027397,27000.0,CE,2.15,-0.1229888921915101,23875.384090863357,0.995346974353926,8.000188043100925e-05,0.1970792730998106,0.0041162393520312,test,d798b16fe2a330622d4b987cae07d99ab26a1937fc224a1de4bd56e919756c0c,True,9.04718752760865e-05,3.9289981906738666e-11,-9.493106194842284e-15,9.448686057617371e-10,1.224998767683171e-09,1.0283532931308576e-10,,3.934464399878593e-09,3.972945171247289e-09,2.399823786196038e-09,-9.047183598610458e-05,-2.1499990663014237,9.336985762331551e-07,-9.047093040748073e-05,-2.1499775458671966,2.2454132803328974e-05,-9.047065027731881e-05,-2.149970888772422,2.9111227577871546e-05,-9.046794081168661e-05,-2.1499065002418267,9.349975817318779e-05,-9.04718752855796e-05,-2.150000000225597,-2.2559687451462196e-10,-9.047177244075719e-05,-2.149997556191276,2.4438087238287665e-06,,,,-9.046790233091524e-05,-2.149905585773566,9.441422643385877e-05,-9.04694754523003e-05,-2.1499429698884365,5.7030111563438624e-05,-2.1499775458671966,6.657094774405292e-06,-2.149970888772422,-2.149997556191276,,
final,2026-09-07,2026-10-27,0.136986301369863,23000.0,PE,87.1,0.0417624468158722,23980.87560121816,0.9846105645640344,0.0464929118160357,0.1160053083430283,0.0900815866298878,test,d798b16fe2a330622d4b987cae07d99ab26a1937fc224a1de4bd56e919756c0c,True,0.0445912396841132,0.0500012037568954,0.0457762252289504,0.0494202302484487,0.0494226461428078,0.0455113171704678,,0.0436990214884417,0.0435798375522731,0.043504776331616,0.0054099640727822,127.73911663557887,214.83911663557888,0.0048289905643355,114.02127271661016,201.12127271661015,0.0048314064586945996,114.07831638772599,201.178316387726,-0.0008922181956715,-21.066898527970285,66.03310147202971,0.0011849855448371957,27.979669492627234,115.07966949262723,0.0009200774863546007,21.724707181424606,108.8247071814246,,,,-0.0010114021318401029,-23.881048588582242,63.21895141141775,-0.0010864633524972009,-25.653380879764168,61.44661912023582,114.02127271661016,0.05704367111582686,114.07831638772599,21.724707181424606,,
final,2026-09-07,2026-10-27,0.136986301369863,23300.0,PE,135.9,0.028803302173367,23980.87560121816,0.9846105645640344,0.035145910489121,0.1108337600154934,0.1137221605462383,test,d798b16fe2a330622d4b987cae07d99ab26a1937fc224a1de4bd56e919756c0c,True,0.0341480322909861,0.0407800108992586,0.0358214906385813,0.040103331228286,0.0401148301369459,0.0354924151003618,,0.0335638366378285,0.0334013676691546,0.0332983184912069,0.0066319786082724985,156.59310811857412,292.4931081185741,0.005955298937299902,140.6154671855835,276.5154671855835,0.005966797845959805,140.886977386895,276.78697738689505,-0.0005841956531576001,-13.793924631059406,122.1060753689406,0.0016734583475952053,39.513403078537046,175.41340307853704,0.0013443828093757035,31.743329563627558,167.64332956362756,,,,-0.0007466646218314971,-17.630113237839577,118.26988676216043,-0.0008497137997791962,-20.06329223569789,115.83670776430212,140.6154671855835,0.27151020131152437,140.886977386895,31.743329563627558,,
final,2026-09-07,2026-10-27,0.136986301369863,23600.0,PE,214.95,0.0160099507134575,23980.87560121816,0.9846105645640344,0.0253892060878627,0.1078054985071323,0.1351217857035677,test,d798b16fe2a330622d4b987cae07d99ab26a1937fc224a1de4bd56e919756c0c,True,0.0249859627161871,0.0324208640720014,0.0268717363289094,0.0316673915071467,0.0316840067574434,0.0264964488036996,,0.0246930553227595,0.0244952941667772,0.0243693021804514,0.007434901355814299,175.55157828912652,390.50157828912654,0.006681428790959603,157.76071710246708,372.7107171024671,0.006698044041256301,158.15303345929047,373.1030334592905,-0.00029290739342759803,-6.916077665046196,208.0339223349538,0.0018857736127223003,44.52655363752703,259.476553637527,0.001510486087512499,35.66533084386089,250.61533084386087,,,,-0.0004906685494098992,-11.585579168226898,203.3644208317731,-0.0006166605357357004,-14.56047970728778,200.3895202927122,157.76071710246708,0.39231635682336297,158.15303345929047,35.66533084386089,,
final,2026-09-07,2026-10-27,0.136986301369863,23750.0,PE,261.5,0.0096741322643717,23980.87560121816,0.9846105645640344,0.0209036984785066,0.1048947129722644,0.1424238982743524,test,d798b16fe2a330622d4b987cae07d99ab26a1937fc224a1de4bd56e919756c0c,True,0.0207024483642837,0.0285976700386567,0.0228405160460537,0.0278169275824877,0.0278324967333688,0.0224544023633567,,0.0208077902448651,0.0205983982005922,0.0204648281168005,0.007895221674373003,186.42058038803646,447.92058038803646,0.007114479218204,167.98582734176873,429.48582734176875,0.007130048369085103,168.3534433838648,429.8534433838648,0.00010534188058140131,2.4873138877017786,263.98731388770176,0.002138067681770002,50.48367665701046,311.98367665701045,0.001751953999073002,41.36682854395819,302.8668285439582,,,,-0.00010405016369149922,-2.456814096531355,259.04318590346867,-0.00023762024748319802,-5.610647335153448,255.88935266484654,167.98582734176873,0.3676160420960667,168.3534433838648,41.36682854395819,,
final,2026-09-07,2026-10-27,0.136986301369863,23900.0,PE,323.0,0.003378203807557,23980.87560121816,0.9846105645640344,0.017109794231594,0.1038470956711711,0.146810588611085,test,d798b16fe2a330622d4b987cae07d99ab26a1937fc224a1de4bd56e919756c0c,True,0.0170520913804466,0.0250266994595387,0.0191365767111864,0.024228108665845,0.0242408320743124,0.0187505118388732,,0.017314471982129,0.0170986150590257,0.0169608334474149,0.007974608079092102,188.29503816174162,511.2950381617416,0.007176017285398399,169.43885332070667,492.4388533207067,0.007188740693865801,169.7392761953051,492.73927619530514,0.0002623806016824014,6.195284447422422,329.1952844474224,0.0020844853307398006,49.218499643674875,372.2184996436749,0.0016984204584266013,40.102804032788136,363.10280403278813,,,,4.6523678579098865e-05,1.0985088855267426,324.09850888552677,-9.125793303170135e-05,-2.1547662044756155,320.8452337955244,169.43885332070667,0.30042287459843914,169.7392761953051,40.102804032788136,,
final,2026-09-07,2026-10-27,0.136986301369863,24050.0,CE,321.75,-0.0028783338067481,23980.87560121816,0.9846105645640344,0.0135874820562199,0.101609538887941,0.1474092950695337,test,d798b16fe2a330622d4b987cae07d99ab26a1937fc224a1de4bd56e919756c0c,True,0.013626647704035,0.0217163681804627,0.0157787428673281,0.0209105944146755,0.0209196579344511,0.015404978643804,,0.0142199806107137,0.0140032226156366,0.0138648624998074,0.0080897204764277,191.0130517662,512.7630517662,0.007283946710640499,171.98726385614327,493.7372638561433,0.0072930102304161,172.20127008505136,493.95127008505136,0.0005933329066786994,14.009671848149575,335.7596718481496,0.0021520951632930992,50.81489107438474,372.5648910743847,0.0017783309397689986,41.98963621120447,363.73963621120447,,,,0.0003765749116015991,8.891620333879814,330.6416203338798,0.00023821479577239985,5.624685704399176,327.37468570439916,171.98726385614327,0.21400622890809398,172.20127008505136,41.98963621120447,,
final,2026-09-07,2026-10-27,0.136986301369863,24200.0,CE,254.8,-0.0090959704176187,23980.87560121816,0.9846105645640344,0.0106934924311894,0.1005710877109284,0.1439401325768819,test,d798b16fe2a330622d4b987cae07d99ab26a1937fc224a1de4bd56e919756c0c,True,0.0107912038383468,0.0186726146596271,0.0127804067974732,0.0178712386361523,0.0178761302422303,0.0124317061931036,,0.0115210248202692,0.0113088961089281,0.0111735689519418,0.0078814108212803,186.09448096291806,440.89448096291807,0.007080034797805499,167.17253176798386,421.97253176798387,0.0070849264038835,167.28803150715527,422.0880315071553,0.0007298209819224001,17.232404185807127,272.03240418580714,0.0019892029591264005,46.96870910586464,301.7687091058647,0.0016405023547568006,38.73525199354078,293.5352519935408,,,,0.0005176922705813006,12.22365850187869,267.0236585018787,0.00038236511359500056,9.028337561171547,263.82833756117157,167.17253176798386,0.11549973917139748,167.28803150715527,38.73525199354078,,
final,2026-09-07,2026-10-27,0.136986301369863,24350.0,CE,197.6,-0.0152751867835767,23980.87560121816,0.9846105645640344,0.0082418267943861,0.0995411625245972,0.136509554082834,test,d798b16fe2a330622d4b987cae07d99ab26a1937fc224a1de4bd56e919756c0c,True,0.0083686886909628,0.0158985955917866,0.0101483203276065,0.0151136903030721,0.0151134067774788,0.0098368412776404,,0.009204573360743,0.0090021567823623,0.0088731759144387,0.0075299069008238,177.79483244603523,375.39483244603525,0.0067450016121092995,159.26178733259113,356.8617873325911,0.0067447180865159995,159.25509277633446,356.85509277633446,0.0008358846697802003,19.736761259494596,217.33676125949458,0.0017796316366436998,42.02034803619068,239.62034803619068,0.0014681525866775992,34.665759695514865,232.26575969551487,,,,0.0006334680913995007,14.957336744490439,212.55733674449044,0.0005044872234759006,11.91186326078617,209.51186326078616,159.26178733259113,-0.006694556256654855,159.25509277633446,34.665759695514865,,
final,2026-09-07,2026-10-27,0.136986301369863,24500.0,CE,152.05,-0.0214164548056592,23980.87560121816,0.9846105645640344,0.0063031239683351,0.0992710015551191,0.1259063876120907,test,d798b16fe2a330622d4b987cae07d99ab26a1937fc224a1de4bd56e919756c0c,True,0.0064395704223729,0.0133944478937776,0.0078816256142426,0.0126380771048001,0.0126339555249677,0.0076176622873754,,0.007248981353003,0.0070605654703819,0.0069407151786141,0.006954877471404701,164.21733907172498,316.267339071725,0.0061985066824272,146.35804552871747,298.4080455287175,0.0061943851025948,146.26072751332018,298.3107275133202,0.0008094109306300999,19.111668004238386,171.1616680042384,0.0014420551918696992,34.04955261642854,186.09955261642855,0.0011780918650025002,27.81689714134993,179.86689714134994,,,,0.0006209950480089996,14.662825445889437,166.71282544588945,0.0005011447562412001,11.832941514504695,163.8829415145047,146.35804552871747,-0.09731801539729121,146.26072751332018,27.81689714134993,,
final,2026-09-07,2026-10-27,0.136986301369863,24650.0,CE,112.25,-0.0275202377436771,23980.87560121816,0.9846105645640344,0.0046249275595709,0.0980288366398935,0.1122589753948199,test,d798b16fe2a330622d4b987cae07d99ab26a1937fc224a1de4bd56e919756c0c,True,0.0047539742184239,0.0111571350942084,0.0059712563382884,0.0104407995969046,0.0104352031860158,0.0057620081166341,,0.0056256565877048,0.005454492846534,0.0053458680652418,0.0064031608757845,151.19030421353054,263.44030421353057,0.005686825378480699,134.27631690987042,246.52631690987042,0.005681228967591901,134.14417544392956,246.39417544392956,0.0008716823692809005,20.58201022053875,132.83201022053873,0.0012172821198645004,28.742250520678486,140.99225052067848,0.0010080338982102,23.801518450725936,136.05151845072595,,,,0.0007005186281101002,16.540522180498094,128.7905221804981,0.0005918938468179001,13.975693020761598,126.2256930207616,134.27631690987042,-0.13214146594087148,134.14417544392956,23.801518450725936,,
final,2026-09-07,2026-10-27,0.136986301369863,25000.0,CE,55.65,-0.0416191621231788,23980.87560121816,0.9846105645640344,0.0022607923174027,0.0985778939933713,0.0786425709854625,test,d798b16fe2a330622d4b987cae07d99ab26a1937fc224a1de4bd56e919756c0c,True,0.0023568700690894,0.0069333343893649,0.0027872385923995,0.00634776405506,0.0063405544108771,0.0027098284484717,,0.002936607259009,0.0028118560046366,0.0027332812526663,0.004576464320275499,108.05866762172347,163.70866762172346,0.003990893985970599,94.2322842620941,149.8822842620941,0.0039836843417877,94.06205141640595,149.71205141640596,0.0005797371899195999,13.688652184160981,69.33865218416098,0.0004303685233101001,10.161785597056396,65.8117855970564,0.0003529583793822999,8.3339909442751,63.9839909442751,,,,0.0004549859355471998,10.743047588950514,66.39304758895051,0.0003764111835768999,8.887754416664432,64.53775441666443,94.2322842620941,-0.17023284568817038,94.06205141640595,8.3339909442751,,
final,2026-09-07,2026-10-27,0.136986301369863,25500.0,CE,22.05,-0.0614217894193584,23980.87560121816,0.9846105645640344,0.0008782212109777,0.1040480254780435,0.0426682417253702,test,d798b16fe2a330622d4b987cae07d99ab26a1937fc224a1de4bd56e919756c0c,True,0.0009338541783183,0.0030479264624681,0.0006509726885621,0.002694241944451,0.0026958027869404,0.0006883698512395,,0.0010028419712092,0.0009388091097578,0.0008991108270144,0.0021140722841498,49.91710156444284,71.96710156444284,0.0017603877661327,41.56596516291212,63.61596516291212,0.0017619486086221001,41.60281950022765,63.65281950022765,6.898779289090003e-05,1.6289275869423352,23.678927586942336,-0.0002828814897562,-6.679347797485512,15.370652202514488,-0.00024548432707880005,-5.796332594275229,16.253667405724773,,,,4.954931439500013e-06,0.11699496642795364,22.166994966427954,-3.474335130389998e-05,-0.8203538775512389,21.229646122448763,41.56596516291212,0.03685433731553691,41.60281950022765,-5.796332594275229,,
final,2026-09-07,2026-10-27,0.136986301369863,26000.0,CE,13.0,-0.08083987527646,23980.87560121816,0.9846105645640344,0.0005078149859395,0.1172811545176151,0.0271373213688734,test,d798b16fe2a330622d4b987cae07d99ab26a1937fc224a1de4bd56e919756c0c,True,0.0005505716244054,0.0010830019240022,7.99968489072038e-05,0.0009307043857471,0.0009363964790194,0.0001171583558597,,0.0002877433980837,0.0002618794444576,0.0002461847725556,0.0005324302995967999,12.571650241206681,25.571650241206683,0.0003801327613417,8.975627653856135,21.975627653856137,0.000385824854614,9.110028355344896,22.110028355344895,-0.00026282822632170004,-6.205853681383883,6.794146318616117,-0.00047057477549819623,-11.11112852588909,1.8888714741109105,-0.0004334132685457,-10.233677584053622,2.7663224159463784,,,,-0.00028869217994780005,-6.816548788496214,6.183451211503786,-0.00030438685184980003,-7.187128610778784,5.812871389221216,8.975627653856135,0.13440070148876118,9.110028355344896,-10.233677584053622,,
final,2026-09-07,2026-11-23,0.210958904109589,23000.0,PE,134.35,0.0465795194440865,24096.67189634608,0.9729193730907616,0.0536852803466859,0.1180567972257363,0.1237363079480439,test,d798b16fe2a330622d4b987cae07d99ab26a1937fc224a1de4bd56e919756c0c,True,0.0512419911465454,0.0587158208503411,0.054586184678515,0.0577757689644518,0.0577799857521352,0.0540406623410477,,0.0500387231220215,0.0496046779983897,0.0498296639545881,0.007473829703795697,175.21735232599744,309.56735232599743,0.0065337778179064,153.17866412696995,287.52866412696994,0.006537994605589799,153.27752299885873,287.6275229988587,-0.0012032680245239041,-28.2095586535156,106.1404413464844,0.0033441935319695956,78.40167083815804,212.75167083815802,0.002798671194502299,65.61238028780407,199.96238028780408,,,,-0.0016373131481557043,-38.38536414640099,95.964635853599,-0.0014123271919573022,-33.11076663508814,101.23923336491185,153.17866412696995,0.09885887188877363,153.27752299885873,65.61238028780407,,
final,2026-09-07,2026-11-23,0.210958904109589,23700.0,PE,305.75,0.0165986872321508,24096.67189634608,0.9729193730907616,0.0299971419459104,0.1112530372761468,0.1723256727893478,test,d798b16fe2a330622d4b987cae07d99ab26a1937fc224a1de4bd56e919756c0c,True,0.0295033383521265,0.03903649115322,0.0339658146580222,0.0379251259038937,0.0379400362559676,0.0333171762732774,,0.028942731186265,0.0282860641295139,0.0286288050945926,0.0095331528010935,223.49636790338488,529.2463679033849,0.008421787551767201,197.4413888402174,503.1913888402174,0.0084366979038411,197.7909489073019,503.54094890730187,-0.0005606071658614993,-13.142941061039508,292.6070589389605,0.0044624763058957045,104.61882517064068,410.36882517064066,0.003813837921150899,89.41206974587146,395.16206974587146,,,,-0.0012172742226125993,-28.53792162705355,277.21207837294645,-0.0008745332575338972,-20.502661684717975,285.24733831528204,197.4413888402174,0.34956006708448045,197.7909489073019,89.41206974587146,,
final,2026-09-07,2026-11-23,0.210958904109589,23950.0,PE,381.6,0.006105411516312,24096.67189634608,0.9729193730907616,0.0225007725825105,0.1049319046544922,0.1811641991009911,test,d798b16fe2a330622d4b987cae07d99ab26a1937fc224a1de4bd56e919756c0c,True,0.0223638146242445,0.032984414763855,0.0277362366205045,0.0318519853282828,0.0318718469206712,0.0270922694722979,,0.0229188055190072,0.0222247035636684,0.0225872969701588,0.010620600139610498,248.99061262134154,630.5906126213415,0.009488170704038304,222.4418022709783,604.0418022709783,0.009508032296426702,222.90743980477248,604.5074398047725,0.0005549908947626997,13.011272533540557,394.61127253354056,0.00537242199626,125.95170014170279,507.5517001417028,0.004728454848053402,110.85445774181524,492.45445774181525,,,,-0.00013911106057610048,-3.26133624653325,378.3386637534668,0.00022348234591430122,5.239346693010623,386.83934669301067,222.4418022709783,0.46563753379420786,222.90743980477248,110.85445774181524,,
final,2026-09-07,2026-11-23,0.210958904109589,24100.0,CE,449.8,-0.0001381051233731,24096.67189634608,0.9729193730907616,0.0191833988829377,0.105086589755729,0.1831937858276035,test,d798b16fe2a330622d4b987cae07d99ab26a1937fc224a1de4bd56e919756c0c,True,0.0191860483915582,0.0296197305724119,0.0243191095167223,0.0284874217716499,0.0285073186251807,0.023691145136377,,0.0197187923396903,0.0190170330693881,0.0193836761886996,0.0104336821808537,244.6084857689043,694.4084857689043,0.0093013733800917,218.0625035953765,667.8625035953766,0.0093212702336225,218.52896779558625,668.3289677955863,0.0005327439481320993,12.489712471237842,462.28971247123786,0.005133061125164099,120.34009541614043,570.1400954161404,0.0045050967448188005,105.61802380896181,555.4180238089618,,,,-0.00016901532217010115,-3.9624153114072764,445.83758468859276,0.00019762779714140033,4.633209577085926,454.43320957708596,218.0625035953765,0.46646420020975243,218.52896779558625,105.61802380896181,,
final,2026-09-07,2026-11-23,0.210958904109589,24250.0,CE,380.85,-0.0063428820102559,24096.67189634608,0.9729193730907616,0.0161422981940253,0.1047850834075703,0.1821750701903592,test,d798b16fe2a330622d4b987cae07d99ab26a1937fc224a1de4bd56e919756c0c,True,0.0162450122941862,0.0264598259389112,0.0211510337246177,0.0253377573650617,0.025356107022895,0.0205492288532329,,0.016829870619499,0.0161318698708047,0.0164964960625841,0.010214813644725002,239.4773057811584,620.3273057811584,0.0090927450708755,213.17139670508345,594.0213967050835,0.009111094728708802,213.60158826537634,594.4515882653764,0.0005848583253128016,13.71148812704166,394.5614881270417,0.0049060214304314995,115.0173498144116,495.8673498144116,0.004304216559046701,100.90856484606009,481.7585648460601,,,,-0.0001131424233815001,-2.652524428083409,378.19747557191664,0.0002514837683979011,5.895815371504364,386.74581537150436,213.17139670508345,0.43019156029289723,213.60158826537634,100.90856484606009,,
final,2026-09-07,2026-11-23,0.210958904109589,24400.0,CE,314.35,-0.01250939692592,24096.67189634608,0.9729193730907616,0.013241792770951,0.1032937610846648,0.178035464036797,test,d798b16fe2a330622d4b987cae07d99ab26a1937fc224a1de4bd56e919756c0c,True,0.0134084800175329,0.0235072175572193,0.0182364940726554,0.0224056830023544,0.0224208895081404,0.0176707243014764,,0.0142466711040853,0.0135634559147783,0.0139202076758427,0.0100987375396864,236.75600377144724,551.1060037714473,0.008997202984821501,210.93149667824954,525.2814966782496,0.009012409490607502,211.28799980817766,525.6379998081777,0.000838191086552401,19.65065150659972,334.00065150659975,0.004828014055122502,113.18853563142304,427.5385356314231,0.0042622442839435025,99.924561837409,414.274561837409,,,,0.00015497589724540115,3.6332733639748604,317.9832733639749,0.0005117276583098008,11.99700407349247,326.3470040734925,210.93149667824954,0.3565031299281179,211.28799980817766,99.924561837409,,
final,2026-09-07,2026-11-23,0.210958904109589,24700.0,CE,207.0,-0.0247295082606953,24096.67189634608,0.9729193730907616,0.0086138348494347,0.1010702015393389,0.1609308082497946,test,d798b16fe2a330622d4b987cae07d99ab26a1937fc224a1de4bd56e919756c0c,True,0.0088295064852212,0.0182271067962996,0.0131734986758628,0.0171968716670131,0.0172036930121816,0.012705981526413,,0.0099540499686636,0.0093294920027633,0.0096550758389081,0.0093976003110784,220.31845920825103,427.31845920825106,0.0083673651817919,196.16550432688214,403.1655043268821,0.0083741865269604,196.32542475417245,403.32542475417245,0.0011245434834424011,26.363931150874652,233.36393115087466,0.004343992190641601,101.84106948308883,308.84106948308886,0.0038764750411918007,90.88054183660141,297.8805418366014,,,,0.0004999855175421009,11.721719929018233,218.72171992901824,0.0008255693536869009,19.35474610038799,226.35474610038798,196.16550432688214,0.1599204272903144,196.32542475417245,90.88054183660141,,
final,2026-09-07,2026-11-23,0.210958904109589,25100.0,CE,109.9,-0.040794110764502,24096.67189634608,0.9729193730907616,0.0045003585876467,0.0990260380841641,0.125046413111724,test,d798b16fe2a330622d4b987cae07d99ab26a1937fc224a1de4bd56e919756c0c,True,0.0046877428151005,0.0124644791005174,0.0079747260427157,0.0115845590202161,0.0115856499196006,0.0076737851543314,,0.00584750636649,0.005343130995725,0.0056050561338111,0.0077767362854169,182.31873024565104,292.21873024565105,0.006896816205115601,161.68977924740022,271.5897792474002,0.0068979071045001,161.7153544222947,271.6153544222947,0.0011597635513895003,27.189634612019656,137.08963461201967,0.0032869832276152004,77.06042565971215,186.96042565971214,0.0029860423392309,70.00513168605485,179.90513168605486,,,,0.0006553881806244995,15.36499844202451,125.26499844202452,0.0009173133187105999,21.505602526134147,131.40560252613415,161.68977924740022,0.025575174894473484,161.7153544222947,70.00513168605485,,
final,2026-09-08,2026-09-22,0.0383561643835616,22100.0,PE,5.85,0.0709448966785936,23724.837738312064,0.9940496793000322,0.0737883600024869,0.1767374972979138,0.0092284279135018,test,d38a5676585ad9ef44ffd21cdd599404bdb0768b7d3c5ed967fe1f3256ef0feb,True,0.0687348328381435,0.0686779784634235,0.0684877238513781,0.06867628860504,0.0686775791964992,0.0684879623611773,,0.0684879252229185,0.06848796336683,0.0684875910341716,-5.68543747200001e-05,-1.34083466051665,4.509165339483349,-5.854423310348855e-05,-1.3806877184933635,4.469312281506636,-5.725364164430036e-05,-1.3502508388412942,4.4997491611587055,-0.0002469076152250005,-5.822987062466608,0.0270129375333914,-0.0002471089867654014,-5.8277361418882165,0.022263858111783108,-0.0002468704769661989,-5.822111206125252,0.027888793874748075,,,,-0.0002468694713134989,-5.82208748914651,0.02791251085348989,-0.0002472418039718982,-5.830868458703958,0.019131541296041554,-1.3806877184933635,0.030436879652069253,-1.3502508388412942,-5.822111206125252,,
final,2026-09-08,2026-09-22,0.0383561643835616,23250.0,PE,46.75,0.0202173731689353,23724.837738312064,0.9940496793000322,0.022445917460571,0.1097454748125368,0.0496915278062278,test,d38a5676585ad9ef44ffd21cdd599404bdb0768b7d3c5ed967fe1f3256ef0feb,True,0.0219966765090046,0.0244859995966921,0.0207922370857589,0.0243799073147369,0.0243756101637203,0.0207911480447824,,0.0216948010608654,0.0217055335194358,0.0215868408171598,0.0024893230876875012,58.707367614784026,105.45736761478403,0.0023832308057323004,56.20532252925788,102.95532252925787,0.0023789336547157015,56.103979949150265,102.85397994915027,-0.0003018754481391994,-7.119330148602403,39.6306698513976,-0.001204439423245697,-28.405098695288423,18.344901304711577,-0.0012055284642221997,-28.43078227540357,18.31921772459643,,,,-0.0002911429895687996,-6.866219415881798,39.8837805841182,-0.0004098356918447975,-9.665428622663505,37.084571377336495,56.20532252925788,-0.10134258010761744,56.103979949150265,-28.43078227540357,,
final,2026-09-08,2026-09-22,0.0383561643835616,23450.0,PE,84.2,0.0116520103100124,23724.837738312064,0.9940496793000322,0.0153322709753602,0.1039548844922749,0.065939934115076,test,d38a5676585ad9ef44ffd21cdd599404bdb0768b7d3c5ed967fe1f3256ef0feb,True,0.0151546559912437,0.0184024466801887,0.013503284491607,0.0182598375044045,0.0182549657422834,0.0134911530155314,,0.0151251522189751,0.0151401658672883,0.0149728631269769,0.0032477906889450004,76.59481521496362,160.79481521496362,0.003105181513160799,73.2315678528938,157.4315678528938,0.0031003097510397,73.11667383564479,157.3166738356448,-2.950377226859993e-05,-0.6958071506116227,83.50419284938837,-0.0016513714996366988,-38.94539611079976,45.25460388920024,-0.0016635029757122999,-39.231500806973166,44.96849919302684,,,,-1.4490123955398712e-05,-0.3417302631550457,83.85826973684496,-0.00018179286426679882,-4.287342436601898,79.9126575633981,73.2315678528938,-0.11489401724901287,73.11667383564479,-39.231500806973166,,
final,2026-09-08,2026-09-22,0.0383561643835616,23600.0,PE,130.5,0.0052757931707363,23724.837738312064,0.9940496793000322,0.0108524959044864,0.1012092897560589,0.0752102864128942,test,d38a5676585ad9ef44ffd21cdd599404bdb0768b7d3c5ed967fe1f3256ef0feb,True,0.0107953911496003,0.0143863267320564,0.0087876711835013,0.0142191306292748,0.0142127570555661,0.008768197098783,,0.010968348409553,0.0109855188169665,0.01079360690865,0.003590935582456099,84.68743023473839,215.18743023473837,0.0034237394796745,80.74433296532088,211.2443329653209,0.0034173659059657992,80.59402072317468,211.09402072317468,0.00017295725995269962,4.078966483664242,134.57896648366423,-0.002007719966099001,-47.34939980282399,83.150600197176,-0.0020271940508173013,-47.80867013867291,82.69132986132709,,,,0.00019012766736619877,4.483907660286009,134.983907660286,-1.7842409503008444e-06,-0.04207894503560435,130.4579210549644,80.74433296532088,-0.1503122421462048,80.59402072317468,-47.80867013867291,,
final,2026-09-08,2026-09-22,0.0383561643835616,23750.0,CE,170.9,-0.0010600252783493,23724.837738312064,0.9940496793000322,0.0072388630302171,0.0993362544649925,0.0780535424568951,test,d38a5676585ad9ef44ffd21cdd599404bdb0768b7d3c5ed967fe1f3256ef0feb,True,0.0072465404764402,0.0108932946227476,0.0050093509162038,0.0107079734920774,0.0107010752668513,0.0049933664701469,,0.0075721111759362,0.0075899037855263,0.0073908895963234,0.0036467541463073997,86.00383667629507,256.9038366762951,0.0034614330156372006,81.63328477853008,252.5332847785301,0.0034545347904111007,81.47059932952538,252.3705993295254,0.00032557069949600004,7.67815107426243,178.57815107426242,-0.0022371895602363995,-52.761134376801756,118.13886562319826,-0.0022531740062933002,-53.13810623530523,117.76189376469478,,,,0.00034336330908609977,8.097766060038614,178.99776606003863,0.00014434911988319993,3.404281624899862,174.30428162489986,81.63328477853008,-0.1626854490047064,81.47059932952538,-53.13810623530523,,
final,2026-09-08,2026-09-22,0.0383561643835616,23900.0,CE,106.65,-0.0073559537351642,23724.837738312064,0.9940496793000322,0.0044890544096111,0.097602916000148,0.0728196246112537,test,d38a5676585ad9ef44ffd21cdd599404bdb0768b7d3c5ed967fe1f3256ef0feb,True,0.0045221974359997,0.00795214324044,0.0023614216760168,0.0077585765384865,0.0077537421574633,0.0023655576662463,,0.0049539600600836,0.0049706967389261,0.0047837693728773,0.0034299458044402993,80.89070086403386,187.54070086403385,0.0032363791024867996,76.32568815605225,182.97568815605226,0.0032315447214636,76.2116757221811,182.8616757221811,0.0004317626240838996,10.182546098491548,116.83254609849155,-0.0021607757599829,-50.95901673103957,55.69098326896044,-0.0021566397697534005,-50.861474913323995,55.78852508667601,,,,0.0004484993029263999,10.577258364776762,117.22725836477677,0.0002615719368776002,6.1688255461647445,112.81882554616475,76.32568815605225,-0.11401243387115517,76.2116757221811,-50.861474913323995,,
final,2026-09-08,2026-09-22,0.0383561643835616,24050.0,CE,66.15,-0.0136124913494694,23724.837738312064,0.9940496793000322,0.0027669841938448,0.0994157827685621,0.0616058362319848,test,d38a5676585ad9ef44ffd21cdd599404bdb0768b7d3c5ed967fe1f3256ef0feb,True,0.0028049072704301,0.0055670221562263,0.0008420810667894,0.0053773323525805,0.00537576340028,0.0008711383530103,,0.0030594083662235,0.0030737255290366,0.0029144035517343,0.0027621148857962,65.14079863588246,131.29079863588248,0.0025724250821504,60.66721740792088,126.81721740792088,0.0025708561298498998,60.630215758785376,126.78021575878537,0.0002545010957934,6.0020691821840915,72.15206918218409,-0.0019628262036406998,-46.29064024313234,19.85935975686767,-0.0019337689174198,-45.60536287094396,20.54463712905605,,,,0.0002688182586065,6.339720387295517,72.48972038729552,0.00010949628130420015,2.582323873816276,68.73232387381628,60.66721740792088,-0.03700164913550427,60.630215758785376,-45.60536287094396,,
final,2026-09-08,2026-09-22,0.0383561643835616,24200.0,CE,39.05,-0.0198301279603399,23724.837738312064,0.9940496793000322,0.0016232954924069,0.1009860358209085,0.0477326552637911,test,d38a5676585ad9ef44ffd21cdd599404bdb0768b7d3c5ed967fe1f3256ef0feb,True,0.0016558069374194,0.0037148097068449,0.0001963080854932,0.0035413808457072,0.0035433592475735,0.0002305015045925,,0.0017776307851886,0.0017887884226222,0.0016653404974804,0.0020590027694254998,48.558836377006195,87.60883637700618,0.0018855739082877998,44.468747807875296,83.51874780787529,0.0018875523101541001,44.515405779365274,83.56540577936528,0.00012182384776919996,2.8730531005028523,41.92305310050285,-0.0014594988519262,-34.42033541454985,4.629664585450151,-0.0014253054328269,-33.61392919311645,5.436070806883549,,,,0.00013298148520279993,3.136191110095386,42.186191110095386,9.533560060999901e-06,0.22483630909424365,39.27483630909424,44.468747807875296,0.04665797148997894,44.515405779365274,-33.61392919311645,,
final,2026-09-08,2026-09-22,0.0383561643835616,24350.0,CE,22.55,-0.026009344326298,23724.837738312064,0.9940496793000322,0.0009316214752964,0.1031314009265658,0.0345442486599431,test,d38a5676585ad9ef44ffd21cdd599404bdb0768b7d3c5ed967fe1f3256ef0feb,True,0.0009561702032985,0.0023462588899889,2.3151407555795436e-05,0.0021993745932979,0.0022020256215772,4.0732505337395114e-05,,0.0009691887416325,0.0009771241132191,0.000890013105314,0.0013900886866903997,32.783389167252366,55.33338916725236,0.0012432043899993999,29.319318775856047,51.869318775856044,0.0012458554182787,29.381839744917816,51.931839744917816,1.3018538334000048e-05,0.3070248773899789,22.85702487738998,-0.0009330187957427046,-22.004004905628495,0.5459950943715057,-0.0009154376979611049,-21.58937814398356,0.9606218560164415,,,,2.09539099205999e-05,0.49417004114901614,23.044170041149016,-6.615709798450003e-05,-1.5602269913912032,20.989773008608797,29.319318775856047,0.06252096906177029,29.381839744917816,-21.58937814398356,,
final,2026-09-08,2026-09-22,0.0383561643835616,24600.0,CE,10.45,-0.0362239377360163,23724.837738312064,0.9940496793000322,0.0004273395553697,0.1111937123860539,0.0199452763928904,test,d38a5676585ad9ef44ffd21cdd599404bdb0768b7d3c5ed967fe1f3256ef0feb,True,0.0004431032649432,0.0009435711320783,3.3485317062014435e-08,0.0008519689844239,0.0008541441652854,8.347185625814111e-07,,0.0003044992793775,0.0003081857815042,0.0002684193235499,0.0005004678671351,11.802867695483164,22.25286769548316,0.00040886571948069996,9.642553117094579,20.092553117094578,0.0004110409003422,9.693851858947871,20.14385185894787,-0.00013860398556570002,-3.2687902883023687,7.181209711697631,-0.000443069779626138,-10.449210293420295,0.0007897065797042302,-0.0004422685463806186,-10.430314275092039,0.019685724907960278,,,,-0.000134917483439,-3.1818490484788504,7.268150951521148,-0.00017468394139329998,-4.119687964370517,6.330312035629483,9.642553117094579,0.05129874185329346,9.693851858947871,-10.430314275092039,,
final,2026-09-08,2026-09-29,0.0575342465753424,19500.0,PE,3.2,0.1971011996938987,23748.412004186488,0.994548631962948,0.2180322843169831,0.3266538171204272,0.0036610034919169,test,d38a5676585ad9ef44ffd21cdd599404bdb0768b7d3c5ed967fe1f3256ef0feb,True,0.1790279511502357,0.1788927011054684,0.1788924667649029,0.1788927356080341,0.178892690486233,0.1788924668159001,,0.1788924667231456,0.1788924667231457,0.1788924667231458,-0.0001352500447673044,-3.194464135481845,0.005535864518155353,-0.00013521554220161103,-3.1936492210847427,0.006350778915257482,-0.00013526066400271208,-3.1947149506790926,0.005285049320907564,-0.00013548442709010455,-3.2000000000019946,-1.9944046414366312e-12,-0.00013548438533281248,-3.199999013738573,9.862614271938241e-07,-0.00013548433433560603,-3.1999978092380696,2.1907619305316928e-06,,,,-0.00013548442708999353,-3.1999999999993722,6.279421427279885e-13,-0.00013548442708991026,-3.199999999997406,2.594369163944066e-12,-3.1936492210847427,-0.001065729594349918,-3.1947149506790926,-3.1999978092380696,,
final,2026-09-08,2026-09-29,0.0575342465753424,21750.0,PE,9.1,0.0879019077289067,23748.412004186488,0.994548631962948,0.0923016957952354,0.1854572179976408,0.0129955030384567,test,d38a5676585ad9ef44ffd21cdd599404bdb0768b7d3c5ed967fe1f3256ef0feb,True,0.0845345736461228,0.0844219812228852,0.0841554998132101,0.0844122112611375,0.0844138137049186,0.0841561132504338,,0.0841505734129767,0.0841505117346148,0.0841504002692096,-0.00011259242323759244,-2.6593148902707764,6.440685109729223,-0.0001223623849852945,-2.8900711348380868,6.209928865161913,-0.00012075994120419598,-2.8522230942207822,6.247776905779217,-0.0003840002331460951,-9.06968256396767,0.03031743603233039,-0.0003790738329126908,-8.95332615987394,0.14667384012605922,-0.0003784603956889926,-8.938837416348237,0.1611625836517625,,,,-0.00038406191150799907,-9.07113934215489,0.028860657845109827,-0.00038417337691319664,-9.07377203806167,0.026227961938330324,-2.8900711348380868,0.037848040617304346,-2.8522230942207822,-8.938837416348237,,
final,2026-09-08,2026-09-29,0.0575342465753424,22150.0,PE,11.95,0.0696781687724552,23748.412004186488,0.994548631962948,0.0727055307044758,0.1598477122910043,0.0177221149088504,test,d38a5676585ad9ef44ffd21cdd599404bdb0768b7d3c5ed967fe1f3256ef0feb,True,0.067812008012167,0.0680287664265233,0.0673418487534946,0.0679985569385909,0.0680047115250357,0.0673431270094301,,0.0673249545549558,0.0673243265027692,0.0673231661989778,0.00021675841435629672,5.119606296000957,17.069606296000956,0.00018654892642390453,4.40608989075813,16.356089890758128,0.00019270351286870824,4.5514547643925445,16.501454764392545,-0.00048705345721120064,-11.503691579551639,0.4463084204483607,-0.0004701592586724007,-11.104668337653589,0.8453316623464104,-0.00046888100273689837,-11.074477273769253,0.8755227262307468,,,,-0.00048768150939779153,-11.518525513164949,0.4314744868350502,-0.0004888418131892003,-11.545930671176512,0.40406932882348734,4.40608989075813,0.14536487363441494,4.5514547643925445,-11.074477273769253,,
final,2026-09-08,2026-09-29,0.0575342465753424,22300.0,PE,12.95,0.0629289867975267,23748.412004186488,0.994548631962948,0.0655351114956268,0.1491510528121825,0.0197370454987449,test,d38a5676585ad9ef44ffd21cdd599404bdb0768b7d3c5ed967fe1f3256ef0feb,True,0.0615381351011953,0.0620078177087691,0.0610565449266369,0.0619645168000814,0.0619717563091991,0.0610577808034102,,0.0610352825789353,0.0610339873726376,0.0610315780122244,0.0004696826075737959,11.093410338868813,24.04341033886881,0.0004263816988860983,10.070688312605478,23.02068831260548,0.00043362120800379683,10.241677921331823,23.191677921331824,-0.0005028525222600042,-11.876848917572335,1.073151082427664,-0.0004815901745583995,-11.374654576078553,1.575345423921446,-0.0004803542977851044,-11.34546446353583,1.6045355364641694,,,,-0.0005041477285577037,-11.907440331225247,1.0425596687747518,-0.0005065570889709048,-11.96434689597103,0.9856531040289696,10.070688312605478,0.17098960872634358,10.241677921331823,-11.34546446353583,,
final,2026-09-08,2026-09-29,0.0575342465753424,22700.0,PE,22.15,0.0451507407762429,23748.412004186488,0.994548631962948,0.0471666702130924,0.1279210689794638,0.0316831028383857,test,d38a5676585ad9ef44ffd21cdd599404bdb0768b7d3c5ed967fe1f3256ef0feb,True,0.0450844213772462,0.0465309491584901,0.0444637515459861,0.0464330909900979,0.0464370933926053,0.0444600206835718,,0.0444874691739429,0.0444813326253985,0.0444697473329813,0.001446527781243899,34.165468308065385,56.315468308065384,0.0013486696128517037,31.854161056148076,54.00416105614808,0.001352672015359102,31.94869360353203,54.09869360353203,-0.0005969522033032956,-14.099384642201851,8.050615357798147,-0.0006206698312600997,-14.659570126924352,7.490429873075646,-0.0006244006936743998,-14.747689182244473,7.4023108177555255,,,,-0.0006030887518476968,-14.244323479556469,7.90567652044353,-0.0006146740442648999,-14.517955929656562,7.6320440703434365,31.854161056148076,0.09453254738395214,31.94869360353203,-14.747689182244473,,
final,2026-09-08,2026-09-29,0.0575342465753424,22900.0,PE,32.15,0.0363787547034058,23748.412004186488,0.994548631962948,0.0384601845554841,0.1193442741752003,0.041902668692371,test,d38a5676585ad9ef44ffd21cdd599404bdb0768b7d3c5ed967fe1f3256ef0feb,True,0.037086194485986,0.0392502244629409,0.036376312874622,0.039113858590269,0.0391149361789441,0.0363638281199295,,0.0365162791656976,0.0365053182284204,0.0364845105956438,0.0021640299769549037,51.11211727422056,83.26211727422056,0.0020276641042830043,47.89129845450381,80.04129845450382,0.002028741692958101,47.91674996826353,80.06674996826354,-0.0005699153202883972,-13.460801836000888,18.68919816399911,-0.0007098816113639966,-16.76665876038619,15.38334123961381,-0.0007223663660564997,-17.06153556559617,15.088464434403829,,,,-0.0005808762575655949,-13.719687672848599,18.430312327151398,-0.0006016838903421945,-14.211142124959748,17.93885787504025,47.89129845450381,0.025451513759724473,47.91674996826353,-17.06153556559617,,
final,2026-09-08,2026-09-29,0.0575342465753424,23050.0,PE,44.9,0.0298498958209422,23748.412004186488,0.994548631962948,0.0322584864311024,0.1144180723053712,0.0521764023373049,test,d38a5676585ad9ef44ffd21cdd599404bdb0768b7d3c5ed967fe1f3256ef0feb,True,0.0313098034557355,0.0340636509948669,0.0304945507542129,0.0338944760386313,0.0338956345891642,0.0304709740308501,,0.0308005550462779,0.030784980055686,0.0307553146857598,0.002753847539131396,65.04298917959989,109.94298917959989,0.0025846725828957973,61.04725423366238,105.94725423366238,0.0025858311334286954,61.07461798154767,105.97461798154767,-0.0005092484094576036,-12.02791306178368,32.87208693821632,-0.0008152527015226028,-19.255413340892343,25.644586659107656,-0.0008388294248854004,-19.81227080695982,25.08772919304018,,,,-0.0005248234000495011,-12.395777996260296,32.5042220037397,-0.0005544887699757035,-13.096442905156238,31.80355709484376,61.04725423366238,0.02736374788528865,61.07461798154767,-19.81227080695982,,
final,2026-09-08,2026-09-29,0.0575342465753424,23200.0,PE,64.0,0.0233633865913355,23748.412004186488,0.994548631962948,0.0264121898310425,0.110317612829864,0.06404428348002,test,d38a5676585ad9ef44ffd21cdd599404bdb0768b7d3c5ed967fe1f3256ef0feb,True,0.0258022643354917,0.0291584607559133,0.024855757123942,0.0289546241854998,0.0289582412582744,0.024817013840763,,0.0254115724167627,0.02539094217512,0.0253515434881411,0.0033561964204216026,79.26983769295677,143.26983769295677,0.0031523598500081025,74.45543179160688,138.45543179160688,0.0031559769227827023,74.54086325504016,138.54086325504016,-0.0003906919187289977,-9.227733155649771,54.77226684435023,-0.0009465072115496971,-22.35550713844467,41.644492861555335,-0.000985250494728699,-23.27058283264553,40.72941716735447,,,,-0.00041132216037169725,-9.71499781532003,54.28500218467997,-0.0004507208473505976,-10.645553459539661,53.35444654046034,74.45543179160688,0.08543146343327439,74.54086325504016,-23.27058283264553,,
final,2026-09-08,2026-09-29,0.0575342465753424,23350.0,PE,91.5,0.0169186811486934,23748.412004186488,0.994548631962948,0.0210027211310282,0.1067397054435732,0.0762679191264813,test,d38a5676585ad9ef44ffd21cdd599404bdb0768b7d3c5ed967fe1f3256ef0feb,True,0.0206503718363592,0.0245769155243155,0.0195611920594386,0.0243386189458044,0.0243448131846722,0.0195046932725794,,0.0204481634262855,0.020422656393244,0.0203738466377056,0.003926543687956297,92.74084166966001,184.24084166966003,0.003688247109445198,87.11252653696322,178.61252653696323,0.0036944413483129997,87.25882795922037,178.75882795922035,-0.00020220841007370302,-4.775950462601271,86.72404953739873,-0.0010891797769206,-25.72528342191038,65.77471657808962,-0.0011456785637798013,-27.05972548165587,64.44027451834413,,,,-0.00022771544311520064,-5.378399817747895,86.12160018225211,-0.0002765251986536002,-6.531235026026852,84.96876497397315,87.11252653696322,0.1463014222571496,87.25882795922037,-27.05972548165587,,
final,2026-09-08,2026-09-29,0.0575342465753424,23500.0,PE,131.75,0.0105152441134865,23748.412004186488,0.994548631962948,0.0162078365385173,0.1044817138669361,0.0871620502108075,test,d38a5676585ad9ef44ffd21cdd599404bdb0768b7d3c5ed967fe1f3256ef0feb,True,0.0160383001014136,0.0203591176700992,0.0147311656793687,0.0200891748109742,0.0200939035014982,0.014658158929375,,0.0160027371548825,0.015973261478681,0.0159167809463065,0.0043208175686856,102.05317700909701,233.803177009097,0.004050874709560597,95.67740993568967,227.42740993568967,0.004055603400084599,95.78909664391001,227.53909664391,-3.5562946531102896e-05,-0.8399594797999628,130.91004052020003,-0.0013071344220449022,-30.873143433410863,100.87685656658914,-0.0013801411720386018,-32.59748626009318,99.15251373990682,,,,-6.50386227326015e-05,-1.5361440219697053,130.2138559780303,-0.00012151915510710126,-2.870154929941523,128.87984507005848,95.67740993568967,0.1116867082203543,95.78909664391001,-32.59748626009318,,
final,2026-09-08,2026-09-29,0.0575342465753424,23650.0,PE,184.25,0.0041525503256578,23748.412004186488,0.994548631962948,0.0119945845324717,0.1019245127395093,0.0941183742952335,test,d38a5676585ad9ef44ffd21cdd599404bdb0768b7d3c5ed967fe1f3256ef0feb,True,0.0119448796889218,0.0165402691185925,0.0104940928354096,0.0162444542197095,0.0162440500214233,0.0104119547211146,,0.012147204801633,0.0121153282227232,0.0120542031635803,0.0045953894296707,108.5382762490896,292.7882762490896,0.004299574530787699,101.55143874490436,285.8014387449044,0.0042991703325015,101.5418920055217,285.79189200552173,0.00020232511271119948,4.778706856439365,189.02870685643936,-0.001450786853512201,-34.26606312587061,149.9839368741294,-0.0015329249678072004,-36.20607919553564,148.04392080446436,,,,0.00017044853380140078,4.025815511638679,188.27581551163868,0.00010932347465849972,2.5821057550382354,186.83210575503824,101.55143874490436,-0.009546739382654178,101.5418920055217,-36.20607919553564,,
final,2026-09-08,2026-09-29,0.0575342465753424,23800.0,CE,200.45,-0.0021699154138291,23748.412004186488,0.994548631962948,0.0084684334550236,0.0995228659213107,0.0953936241831849,test,d38a5676585ad9ef44ffd21cdd599404bdb0768b7d3c5ed967fe1f3256ef0feb,True,0.0084868291906857,0.0131477789765804,0.0069665150979021,0.0128348319416419,0.0128307119510781,0.0068892584807564,,0.008921013727201,0.0088887119214962,0.0088267654785447,0.004660949785894701,110.08674306865558,310.5367430686556,0.0043480027509562,102.6952624881028,303.1452624881028,0.0043438827603924,102.59795263421532,303.04795263421533,0.00043418453651529985,10.254983149656049,210.70498314965604,-0.0015203140927835994,-35.90822356044696,164.54177643955302,-0.0015975707099292998,-37.73294378974667,162.7170562102533,,,,0.0004018827308104999,9.49204839416064,209.94204839416062,0.0003399362878590013,8.028938413903749,208.47893841390373,102.6952624881028,-0.0973098538874826,102.59795263421532,-37.73294378974667,,
final,2026-09-08,2026-09-29,0.0575342465753424,23950.0,CE,138.5,-0.0084526585933244,23748.412004186488,0.994548631962948,0.0058145784089753,0.0989817903093598,0.0901892207379358,test,d38a5676585ad9ef44ffd21cdd599404bdb0768b7d3c5ed967fe1f3256ef0feb,True,0.0058639353599899,0.0101985266733624,0.0042256133217664,0.009879708390543,0.0098744052873796,0.0041704905761899,,0.0063245835125892,0.0062938749368459,0.0062350141976474,0.0043345913133725,102.37849840539886,240.87849840539886,0.0040157730305531,94.84834511077545,233.34834511077545,0.004010469927389701,94.7230913787609,233.2230913787609,0.0004606481525993005,10.880025992495364,149.38002599249538,-0.0016383220382235,-38.69544740246665,99.80455259753336,-0.0016934447837999994,-39.99738881103604,98.50261118896395,,,,0.0004299395768560003,10.154721656866673,148.65472165686668,0.00037107883765750017,8.76449276133426,147.26449276133425,94.84834511077545,-0.12525373201455378,94.7230913787609,-39.99738881103604,,
final,2026-09-08,2026-09-29,0.0575342465753424,24100.0,CE,92.55,-0.0146961752330094,23748.412004186488,0.994548631962948,0.0038612983209036,0.0990771406843477,0.079614729377704,test,d38a5676585ad9ef44ffd21cdd599404bdb0768b7d3c5ed967fe1f3256ef0feb,True,0.003918463664744,0.0076966446339087,0.0022808043755249,0.0073848016087921,0.0073793860408716,0.0022604566429223,,0.0043199247891122,0.0042925034390418,0.0042400020464943,0.0037781809691647,89.23666993324588,181.7866699332459,0.0034663379440481,81.87126490621583,174.4212649062158,0.0034609223761276004,81.74335487465122,174.29335487465121,0.0004014611243682003,9.482090492397788,102.03209049239778,-0.0016376592892191001,-38.679793966425095,53.8702060335749,-0.0016580070218216998,-39.16038605901339,53.38961394098661,,,,0.0003740397742978,8.834426977778664,101.38442697777866,0.0003215383817503003,7.5943991770900166,100.14439917709001,81.87126490621583,-0.12791003156461903,81.74335487465122,-39.16038605901339,,
final,2026-09-08,2026-09-29,0.0575342465753424,24250.0,CE,60.15,-0.0209009521198923,23748.412004186488,0.994548631962948,0.0024940081273234,0.0997295181668737,0.0660097766200448,test,d38a5676585ad9ef44ffd21cdd599404bdb0768b7d3c5ed967fe1f3256ef0feb,True,0.0025466838404576,0.0056321920737832,0.0010564162647033,0.0053403911062587,0.0053366870877002,0.0010702178043191,,0.0028380494005293,0.002815023267101,0.0027710120486396,0.0030855082333256004,72.87646675496937,133.02646675496936,0.0027937072658010998,65.98443409753354,126.13443409753353,0.0027900032472426,65.89694906591937,126.04694906591936,0.0002913655600717,6.881748790286755,67.03174879028676,-0.0014902675757543,-35.19855635692493,24.951443643075066,-0.0014764660361384998,-34.872578473568524,25.277421526431475,,,,0.0002683394266434001,6.33789568072161,66.4878956807216,0.00022432820818200005,5.298396882952739,65.44839688295274,65.98443409753354,-0.08748503161417355,65.89694906591937,-34.872578473568524,,
final,2026-09-08,2026-09-29,0.0575342465753424,24400.0,CE,38.9,-0.0270674670355562,23748.412004186488,0.994548631962948,0.0016030008426388,0.101361123044367,0.0521888288550379,test,d38a5676585ad9ef44ffd21cdd599404bdb0768b7d3c5ed967fe1f3256ef0feb,True,0.0016469825668129,0.0039810320343071,0.0003988384693848,0.003720946511966,0.0037170604723114,0.0004312042612297,,0.0017908524375751,0.0017726490787909,0.0017379351630402,0.0023340494674942004,55.127799234216276,94.02779923421627,0.0020739639451531,48.98485211204605,87.88485211204605,0.0020700779054985,48.89306793314217,87.79306793314217,0.0001438698707622,3.3980553804397515,42.29805538043975,-0.0012481440974281,-29.479853866276013,9.420146133723986,-0.0012157783055832,-28.71540782529402,10.18459217470598,,,,0.00012566651197800011,2.9681111472864012,41.8681111472864,9.09525962273e-05,2.148204883606131,41.04820488360613,48.98485211204605,-0.09178417890388335,48.89306793314217,-28.71540782529402,,
final,2026-09-08,2026-09-29,0.0575342465753424,24550.0,CE,25.8,-0.0331961889769297,23748.412004186488,0.994548631962948,0.0010566768312483,0.1042759065918918,0.0403221255257562,test,d38a5676585ad9ef44ffd21cdd599404bdb0768b7d3c5ed967fe1f3256ef0feb,True,0.0010923431934132,0.0027060902580469,0.0001138366865148,0.0024864284201231,0.0024814372171613,0.0001442984902651,,0.0010841982480212,0.0010706349734454,0.0010448432440762,0.0016137470646336999,38.115012313531224,63.91501231353122,0.0013940852267099002,32.92683019951514,58.726830199515135,0.0013890940237481003,32.80894322297615,58.60894322297615,-8.144945392000004e-06,-0.19237506342394903,25.60762493657605,-0.0009785065068983999,-23.111296916762235,2.6887030832377654,-0.0009480447031481,-22.39182107666297,3.4081789233370294,,,,-2.170821996779989e-05,-0.5127253765541929,25.287274623445807,-4.749994933699996e-05,-1.1218989602207672,24.678101039779232,32.92683019951514,-0.11788697653899001,32.80894322297615,-22.39182107666297,,
final,2026-09-08,2026-09-29,0.0575342465753424,24700.0,CE,18.4,-0.0392875783703316,23748.412004186488,0.994548631962948,0.0007490224683983,0.1090763422350421,0.0316028955362265,test,d38a5676585ad9ef44ffd21cdd599404bdb0768b7d3c5ed967fe1f3256ef0feb,True,0.0007790354557675,0.0017599765625686,2.191964236444681e-05,0.0015852978269692,0.001581638581102,3.936579004597783e-05,,0.0006291961853525,0.0006196609050658,0.0006015903250407,0.0009809411068011,23.168799611765433,41.56879961176543,0.0008062623712017,19.04307117253543,37.443071172535426,0.0008026031253345001,18.956643624908427,37.35664362490843,-0.000149839270415,-3.5390463363690845,14.860953663630914,-0.0007571158134030532,-17.882281048286128,0.5177189517138707,-0.0007396696657215222,-17.470221346813535,0.9297786531864638,,,,-0.00015937455070169995,-3.7642596510858093,14.63574034891419,-0.00017744513072679997,-4.191067789277948,14.20893221072205,19.04307117253543,-0.08642754762700126,18.956643624908427,-17.470221346813535,,
final,2026-09-08,2026-09-29,0.0575342465753424,24850.0,CE,13.3,-0.0453420872790378,23748.412004186488,0.994548631962948,0.0005381448934772,0.1138840634166315,0.0246830021494183,test,d38a5676585ad9ef44ffd21cdd599404bdb0768b7d3c5ed967fe1f3256ef0feb,True,0.0005631071500928,0.0010887164616463,2.3885760452382887e-06,0.0009589465155629,0.000958006252737,8.670334297513835e-06,,0.0003497894058656,0.0003434576943959,0.0003315055442016,0.0005256093115534999,12.414340401304274,25.714340401304277,0.0003958393654701,9.349310446304608,22.64931044630461,0.0003948991026442,9.327102425002789,22.62710242500279,-0.00021331774422720003,-5.038341277949886,8.261658722050115,-0.0005607185740475617,-13.243584340213571,0.05641565978642937,-0.0005544368157952862,-13.095215801931857,0.2047841980681433,,,,-0.0002196494556969,-5.187889658809759,8.112110341190242,-0.0002316016058912,-5.470186904650032,7.8298130953499685,9.349310446304608,-0.022208021301819383,9.327102425002789,-13.095215801931857,,
final,2026-09-08,2026-09-29,0.0575342465753424,25000.0,CE,10.4,-0.0513601596046008,23748.412004186488,0.994548631962948,0.000418280199309,0.1200940813132257,0.0200300343370894,test,d38a5676585ad9ef44ffd21cdd599404bdb0768b7d3c5ed967fe1f3256ef0feb,True,0.0004403243880425,0.00063612045368,1.1306433108611629e-07,0.0005469324313134,0.0005480627768611,1.5418964775824667e-06,,0.0001861953957517,0.0001822200020771,0.0001747493318017,0.00019579606563750003,4.624497615683183,15.024497615683185,0.0001066080432709,2.5179701150465954,12.917970115046597,0.00010773838881859995,2.544667690777838,12.944667690777838,-0.00025412899229080004,-6.0022601327474785,4.397739867252522,-0.0004402113237114139,-10.39732953913999,0.0026704608600098823,-0.00043878249156491754,-10.363582023156104,0.03641797684389658,,,,-0.00025810438596540004,-6.096154759841909,4.303845240158092,-0.0002655750562408,-6.272604152548835,4.127395847451165,2.5179701150465954,0.02669757573124265,2.544667690777838,-10.363582023156104,,
final,2026-09-08,2026-09-29,0.0575342465753424,25300.0,CE,6.9,-0.0632887304698746,23748.412004186488,0.994548631962948,0.0002742221586379,0.1330193853265551,0.0138096148414817,test,d38a5676585ad9ef44ffd21cdd599404bdb0768b7d3c5ed967fe1f3256ef0feb,True,0.0002921382959128,0.0001767478987206,5.625587872781092e-12,0.0001451587186183,0.0001470381323909,2.6735557391296415e-08,,4.626646163211415e-05,4.4936395121772735e-05,4.2463050716005576e-05,-0.00011539039719220002,-2.7254000990807548,4.174599900919246,-0.0001469795772945,-3.4715033856244966,3.428496614375504,-0.00014510016352190002,-3.4271136044408332,3.472886395559167,-0.00024587183428068587,-5.8072347250317335,1.0927652749682668,-0.00029213829028721213,-6.899999867128199,1.328718015614072e-07,-0.00029211156035540873,-6.89936853418752,0.000631465812480414,,,,-0.0002472019007910273,-5.838649500327381,1.0613504996726197,-0.00024967524519679444,-5.897067299837254,1.002932700162746,-3.4715033856244966,0.04438978118366327,-3.4271136044408332,-6.89936853418752,,
final,2026-09-08,2026-09-29,0.0575342465753424,25550.0,CE,5.6,-0.0731216513861136,23748.412004186488,0.994548631962948,0.0002203794516907,0.1454850995396008,0.0110476131483277,test,d38a5676585ad9ef44ffd21cdd599404bdb0768b7d3c5ed967fe1f3256ef0feb,True,0.0002370977474074,4.670046298556763e-05,-1.0985448859084039e-16,3.7769691711806753e-05,3.878801825504218e-05,5.340548338082555e-10,,1.26798662630431e-05,1.2225817773043332e-05,1.139014141263205e-05,-0.00019039728442183236,-4.496984068471903,1.1030159315280965,-0.00019932805569559324,-4.707919514632416,0.8920804853675834,-0.00019830972915235782,-4.68386771024173,0.91613228975827,-0.0002244178811443569,-5.300514864227083,0.29948513577291624,-0.00023709774740750985,-5.599999999999402,5.977440764581843e-13,-0.0002370972133525662,-5.599987386182033,1.26138179670221e-05,,,,-0.00022487192963435666,-5.311239013114201,0.28876098688579876,-0.00022570760599476794,-5.330976811846887,0.26902318815311244,-4.707919514632416,0.024051804390686327,-4.68386771024173,-5.599987386182033,,
final,2026-09-08,2026-09-29,0.0575342465753424,25800.0,CE,4.8,-0.0828588266639719,23748.412004186488,0.994548631962948,0.0001870662787607,0.1582811520777768,0.0092148097798769,test,d38a5676585ad9ef44ffd21cdd599404bdb0768b7d3c5ed967fe1f3256ef0feb,True,0.0002032266406349,8.985534008490838e-06,1.7146982214900686e-17,7.633593719259032e-06,7.978726054620337e-06,7.178759412556003e-12,,3.0776806348781953e-06,2.943323168459104e-06,2.6989035143369492e-06,-0.00019424110662640917,-4.5877711155062695,0.21222888449373034,-0.00019559304691564098,-4.619702526506497,0.18029747349350256,-0.00019524791458027968,-4.611550862902957,0.18844913709704247,-0.00020014896000002181,-4.727308412903551,0.07269158709644863,-0.00020322664063488285,-4.799999999996521,3.4789948699653905e-12,-0.0002032266334561406,-4.799999830442162,1.6955783799232904e-07,,,,-0.0002002833174664409,-4.7304817952750575,0.0695182047249423,-0.00020052773712056306,-4.736254731028561,0.06374526897143884,-4.619702526506497,0.008151663603539925,-4.611550862902957,-4.799999830442162,,
final,2026-09-08,2026-09-29,0.0575342465753424,26300.0,CE,3.35,-0.102053273920119,23748.412004186488,0.994548631962948,0.0001280746076781,0.1806496417569121,0.0062868029091556,test,d38a5676585ad9ef44ffd21cdd599404bdb0768b7d3c5ed967fe1f3256ef0feb,True,0.0001418352596097,8.057220755215981e-08,2.7508289628585226e-15,1.3337946230783517e-07,1.4704232489690157e-07,1.9018566757762592e-16,,1.265547890043639e-07,1.187626381257139e-07,1.0496742876796228e-07,-0.00014175468740214783,-3.3480969690005553,0.001903030999444777,-0.00014170188014739216,-3.34684971705546,0.003150282944540006,-0.00014168821728480308,-3.346527014577957,0.0034729854220429957,-0.00014170870482069561,-3.3470109086775537,0.002989091322446402,-0.00014183525960694915,-3.3499999999311356,6.886446968223936e-11,-0.0001418352596095098,-3.3499999999916152,8.384848371179032e-12,,,,-0.00014171649697157428,-3.3471949511047705,0.0028050488952295893,-0.00014173029218093202,-3.3475207794740744,0.0024792205259256406,-3.34684971705546,0.00032270247750291456,-3.346527014577957,-3.3499999999916152,,
final,2026-09-08,2026-10-27,0.1342465753424657,23000.0,PE,101.05,0.0364651391849142,23854.177401845936,0.983143091242046,0.0416069564653505,0.1138213436438107,0.0979105129662112,test,d38a5676585ad9ef44ffd21cdd599404bdb0768b7d3c5ed967fe1f3256ef0feb,True,0.0401170823282721,0.0459286062169089,0.0414074272365581,0.0453237754836297,0.0453293550257232,0.0411270700438447,,0.039335316282947,0.0391653039570605,0.0390568951572498,0.005811523888636795,136.29226335698354,237.34226335698355,0.0052066931553576,122.1077308374378,223.15773083743778,0.005212272697451101,122.23858264756382,223.28858264756383,-0.000781766045325101,-18.334031791786927,82.71596820821307,0.0012903449082860008,30.261258738921,131.311258738921,0.001009987715572598,23.686302311738064,124.73630231173806,,,,-0.0009517783712116035,-22.321172710017205,78.72882728998279,-0.0010601871710223046,-24.863583440342946,76.18641655965705,122.1077308374378,0.1308518101260258,122.23858264756382,23.686302311738064,,
final,2026-09-08,2026-10-27,0.1342465753424657,23300.0,PE,157.9,0.0235059945424089,23854.177401845936,0.983143091242046,0.0306774568746071,0.1085999138701591,0.1213088168769314,test,d38a5676585ad9ef44ffd21cdd599404bdb0768b7d3c5ed967fe1f3256ef0feb,True,0.0299647618585679,0.0369760752415094,0.0317472116387436,0.0362810346794356,0.0362960140425027,0.0314074809903087,,0.0296022795707034,0.0293794098193146,0.0292361685031935,0.0070113133829415,164.4298102146075,322.3298102146075,0.0063162728208677014,148.12967050165375,306.02967050165375,0.006331252183934797,148.480967568513,306.38096756851303,-0.0003624822878645004,-8.500959883597579,149.39904011640243,0.0017824497801756968,41.80213649905315,199.70213649905315,0.0014427191317407974,33.83474964937279,191.7347496493728,,,,-0.0005853520392532993,-13.72771682939287,144.17228317060713,-0.0007285933553743996,-17.08702216040087,140.81297783959914,148.12967050165375,0.3512970668592304,148.480967568513,33.83474964937279,,
final,2026-09-08,2026-10-27,0.1342465753424657,23600.0,PE,247.75,0.0107126430824996,23854.177401845936,0.983143091242046,0.0214481062521008,0.105276245082671,0.1398639808111684,test,d38a5676585ad9ef44ffd21cdd599404bdb0768b7d3c5ed967fe1f3256ef0feb,True,0.0212195666621649,0.0289483782414486,0.0232040460876622,0.0281871908719748,0.0282029966110074,0.0228299035707116,,0.0212644316856762,0.0210041333854493,0.0208360899601587,0.0077288115792836995,181.25662793194294,429.00662793194294,0.006967624209809897,163.40520868075782,411.1552086807578,0.006983429948842497,163.77588597436664,411.52588597436664,4.4865023511298646e-05,1.0521776589226939,248.8021776589227,0.001984479425497298,46.54014982459908,294.2901498245991,0.0016103369085467,37.76573343564109,285.5157334356411,,,,-0.0002154332767156028,-5.052356223363687,242.6976437766363,-0.00038347670200620035,-8.993322347566963,238.75667765243304,163.40520868075782,0.3706772936088093,163.77588597436664,37.76573343564109,,
final,2026-09-08,2026-10-27,0.1342465753424657,23750.0,PE,306.0,0.0043768246334137,23854.177401845936,0.983143091242046,0.017491539298341,0.1037507958504646,0.1448618996479909,test,d38a5676585ad9ef44ffd21cdd599404bdb0768b7d3c5ed967fe1f3256ef0feb,True,0.0174151491932583,0.0253128588973977,0.0194179812246411,0.0245316899239718,0.024544705395984,0.0190416296487354,,0.0176826216167054,0.0174128698037588,0.0172385540488917,0.007897709704139399,185.217638529928,491.21763852992797,0.007116540730713501,166.897609309943,472.897609309943,0.0071295562027256995,167.20284906688016,473.20284906688016,0.00026747242344710154,6.2727819201538315,312.2727819201538,0.002002832031382802,46.97055641718401,352.970556417184,0.0016264804554771,38.14433302361766,344.14433302361766,,,,-2.27938949949949e-06,-0.05345640143824642,305.94654359856173,-0.00017659514436660015,-4.14152163611306,301.85847836388695,166.897609309943,0.305239756937158,167.20284906688016,38.14433302361766,,
final,2026-09-08,2026-10-27,0.1342465753424657,23900.0,CE,327.95,-0.001919103823401,23854.177401845936,0.983143091242046,0.0139570296983325,0.1020118818184597,0.1460932329225366,test,d38a5676585ad9ef44ffd21cdd599404bdb0768b7d3c5ed967fe1f3256ef0feb,True,0.0139838404054265,0.0219425177073036,0.0159845919717916,0.0211519594509467,0.021161169683809,0.0156183180498713,,0.01450761973194,0.0142355899769777,0.0140597745458285,0.007958677301877099,186.64745488211688,514.5974548821168,0.007168119045520201,168.10722754430822,496.0572275443082,0.007177329278382499,168.32322656743912,496.2732265674391,0.0005237793265134988,12.283709277992223,340.2337092779922,0.002000751566365101,46.9217652065599,374.87176520655987,0.0016344776444448,38.3318836567713,366.2818836567713,,,,0.0002517495715511995,5.904048501452908,333.8540485014529,7.593414040199878e-05,1.78081275406802,329.730812754068,168.10722754430822,0.21599902313090374,168.32322656743912,38.3318836567713,,
final,2026-09-08,2026-10-27,0.1342465753424657,24050.0,CE,261.2,-0.0081756414377062,23854.177401845936,0.983143091242046,0.0110469238480698,0.1014113189558063,0.1432350014819388,test,d38a5676585ad9ef44ffd21cdd599404bdb0768b7d3c5ed967fe1f3256ef0feb,True,0.0111376097389767,0.0188439715703945,0.0129190111804095,0.0180556379154542,0.0180607767584937,0.012575817437453,,0.0117377147387909,0.0114706301438171,0.0112981216066262,0.007706361831417799,180.73013488002246,441.9301348800225,0.006918028176477501,162.2420790497126,423.44207904971256,0.006923167019516998,162.36259555490307,423.56259555490306,0.0006001049998141991,14.073704288894305,275.2737042888943,0.0017814014414327985,41.77755078577512,302.9775507857751,0.0014382076984762997,33.728947201962285,294.9289472019623,,,,0.0003330204048403989,7.8100177491318155,269.0100177491318,0.00016051186764949946,3.7643355093802127,264.9643355093802,162.2420790497126,0.12051650519046525,162.36259555490307,33.728947201962285,,
final,2026-09-08,2026-10-27,0.1342465753424657,24200.0,CE,199.85,-0.0143932780485767,23854.177401845936,0.983143091242046,0.0083998601387483,0.0994615253144906,0.1361574850651464,test,d38a5676585ad9ef44ffd21cdd599404bdb0768b7d3c5ed967fe1f3256ef0feb,True,0.0085216359354306,0.0160209414303463,0.0102294278704213,0.0152470414061745,0.0152469942169207,0.009921878973362,,0.0093608128666467,0.0091053792153885,0.0089406311496467,0.0074993054949157,175.8742352425014,375.72423524250144,0.006725405470743899,157.72467792714113,357.5746779271411,0.006725358281490099,157.72357124147146,357.5735712414714,0.0008391769312160995,19.68043588980899,219.53043588980898,0.0017077919349906996,40.051255509384646,239.90125550938464,0.0014002430379314,32.8385973363511,232.6885973363511,,,,0.0005837432799579,13.689988094250738,213.53998809425073,0.00041899521421609985,9.826304971904998,209.67630497190498,157.72467792714113,-0.0011066856696676148,157.72357124147146,32.8385973363511,,
final,2026-09-08,2026-10-27,0.1342465753424657,24350.0,CE,152.75,-0.0205724944145348,23854.177401845936,0.983143091242046,0.0063806587992103,0.098964246654526,0.1257068594640758,test,d38a5676585ad9ef44ffd21cdd599404bdb0768b7d3c5ed967fe1f3256ef0feb,True,0.0065132844089919,0.013473984467951,0.0079159722063059,0.012726808048953,0.0127226754218079,0.007654861819315,,0.0073555406628469,0.007117464522292,0.0069642485434246,0.006960700058959101,163.24282301232319,315.9928230123232,0.006213523639961101,145.7199895483984,298.4699895483984,0.006209391012816001,145.6230708885065,298.3730708885065,0.000842256253855,19.752652378995716,172.50265237899572,0.001402687797314,32.89593200381574,185.64593200381574,0.0011415774103231005,26.772353006129595,179.5223530061296,,,,0.0006041801133001004,14.169274134441363,166.91927413444137,0.0004509641344327001,10.576042317374522,163.32604231737452,145.7199895483984,-0.09691865989186065,145.6230708885065,26.772353006129595,,
final,2026-09-08,2026-10-27,0.1342465753424657,24500.0,CE,115.65,-0.0267137624366173,23854.177401845936,0.983143091242046,0.0048013439806628,0.0989657866718702,0.1129107490895213,test,d38a5676585ad9ef44ffd21cdd599404bdb0768b7d3c5ed967fe1f3256ef0feb,True,0.0049313344805231,0.0112003160010815,0.0059699964333985,0.0104916586875629,0.0104858973164878,0.0057630155659925,,0.0056929626968316,0.0054766066195647,0.0053377793406854,0.006268981520558399,147.0205916301288,262.6705916301288,0.0055603242070397995,130.40111091306937,246.05111091306938,0.0055545628359647,130.2659948369916,245.91599483699162,0.0007616282163085001,17.861758021883816,133.51175802188382,0.0010386619528753999,24.358772523841214,140.00877252384123,0.0008316810854693997,19.504642792822825,135.15464279282284,,,,0.0005452721390415997,12.787760215662777,128.4377602156628,0.0004064448601622996,9.531973193751513,125.18197319375152,130.40111091306937,-0.13511607607775822,130.2659948369916,19.504642792822825,,
final,2026-09-08,2026-10-27,0.1342465753424657,24700.0,CE,76.8,-0.0348438885198675,23854.177401845936,0.983143091242046,0.0031626238017525,0.0985947291503586,0.0933976371131527,test,d38a5676585ad9ef44ffd21cdd599404bdb0768b7d3c5ed967fe1f3256ef0feb,True,0.0032747642724096,0.0085826756120278,0.0039153238619554,0.0079417506506793,0.0079349237786695,0.0037851284605628,,0.0039493375217418,0.003766091070901,0.0036491059851676,0.0053079113396182,124.48150675062557,201.28150675062557,0.0046669863782697,109.45048987827393,186.25048987827392,0.004660159506259901,109.29038559999964,186.09038559999965,0.0006745732493321998,15.820138867763713,92.62013886776371,0.0006405595895458004,15.022448147364695,91.8224481473647,0.0005103641881532002,11.969096517998722,88.76909651799872,,,,0.0004913267984914,11.522630328555902,88.3226303285559,0.000374341712758,8.779087942919102,85.5790879429191,109.45048987827393,-0.16010427827428572,109.29038559999964,11.969096517998722,,
final,2026-09-08,2026-10-27,0.1342465753424657,24900.0,CE,51.85,-0.0429084483565979,23854.177401845936,0.983143091242046,0.0021180328029751,0.0997789149275047,0.0749854708088288,test,d38a5676585ad9ef44ffd21cdd599404bdb0768b7d3c5ed967fe1f3256ef0feb,True,0.0022108922854744,0.0064155705299049,0.002416957846617,0.0058571783047844,0.0058496663403035,0.0023583980814932,,0.0026641353610463,0.0025154730172846,0.0024211701279922,0.0042046782444305,98.60840729602926,150.45840729602926,0.00364628601931,85.51295390704439,137.36295390704439,0.0036387740548290996,85.33678279238012,137.18678279238011,0.00045324307557189974,10.629488203835761,62.479488203835764,0.0002060655611425999,4.832663904723229,56.68266390472323,0.00014750579601879995,3.4593162108452646,55.30931621084527,,,,0.0003045807318101997,7.143048554701192,58.99304855470119,0.00021027784251779992,4.931450621172078,56.78145062117208,85.51295390704439,-0.1761711146642735,85.33678279238012,3.4593162108452646,,
final,2026-09-08,2026-10-27,0.1342465753424657,25200.0,CE,30.4,-0.0548846394033136,23854.177401845936,0.983143091242046,0.0012270331929253,0.1036838684786213,0.0529004258600899,test,d38a5676585ad9ef44ffd21cdd599404bdb0768b7d3c5ed967fe1f3256ef0feb,True,0.0012962608578288,0.0039338277121251,0.0010208611203551,0.0035144436677006,0.0035120169201359,0.0010389053541334,,0.0013994028967554,0.001298970354819,0.0012360168480199,0.0026375668542963004,61.85640173144413,92.25640173144413,0.0022181828098718,52.020977886386405,82.4209778863864,0.0022157560623070997,51.96406563333076,82.36406563333077,0.00010314203892660008,2.4188942869265007,32.8188942869265,-0.0002753997374736999,-6.458693841317781,23.941306158682217,-0.00025735550369539997,-6.0355192128875945,24.364480787112406,,,,2.709496990199907e-06,0.06354331229289716,30.463543312292895,-6.02440098089001e-05,-1.4128467176414397,28.98715328235856,52.020977886386405,-0.05691225305564435,51.96406563333076,-6.0355192128875945,,
final,2026-09-08,2026-10-27,0.1342465753424657,26500.0,CE,8.05,-0.1051853778781125,23854.177401845936,0.983143091242046,0.000308982067424,0.136814167520658,0.0170401707576649,test,d38a5676585ad9ef44ffd21cdd599404bdb0768b7d3c5ed967fe1f3256ef0feb,True,0.0003432532863657,0.0001676563101827,6.828361959179598e-07,0.0001482059500906,0.0001510752210432,4.939773341580472e-06,,4.0661095808627954e-05,3.3990549477734815e-05,3.013932561518086e-05,-0.000175596976183,-4.118112526289078,3.9318874737109226,-0.0001950473362751,-4.574263727051411,3.4757362729485894,-0.0001921780653225,-4.506973384654482,3.5430266153455188,-0.00030259219055707204,-7.096413146611856,0.9535868533881446,-0.00034257045016978203,-8.03398607792909,0.016013922070911235,-0.0003383135130241195,-7.9341520912384045,0.11584790876159623,,,,-0.0003092627368879652,-7.252851264166992,0.7971487358330087,-0.00031311396075051913,-7.343170434659988,0.706829565340013,-4.574263727051411,0.06729034239692898,-4.506973384654482,-7.9341520912384045,,
final,2026-09-08,2026-11-23,0.2082191780821917,23000.0,PE,147.75,0.0410949596853796,23964.87401639648,0.9754469642049162,0.0485366539466897,0.1146654134096391,0.1309625714998883,test,d38a5676585ad9ef44ffd21cdd599404bdb0768b7d3c5ed967fe1f3256ef0feb,True,0.0465824706614386,0.0546954519349722,0.0503551839180685,0.0537275597956071,0.053732914730762,0.0497921011844322,,0.045713354863883,0.0451964642840619,0.0453991003637861,0.008112981273533604,189.6528114837913,337.4028114837913,0.007145089134168503,167.02691611256952,314.77691611256955,0.0071504440693234,167.152095559335,314.902095559335,-0.0008691157975556016,-20.316853811694518,127.43314618830549,0.003772713256629902,88.19269414267896,235.94269414267896,0.003209630522993598,75.02981111218585,222.77981111218585,,,,-0.0013860063773767015,-32.39992763960462,115.35007236039539,-0.001183370297652496,-27.663012696497535,120.08698730350247,167.02691611256952,0.12517944676547754,167.152095559335,75.02981111218585,,
final,2026-09-08,2026-11-23,0.2082191780821917,23650.0,PE,319.0,0.0132260606765873,23964.87401639648,0.9754469642049162,0.0271418006386037,0.1079276133709122,0.1743835038221214,test,d38a5676585ad9ef44ffd21cdd599404bdb0768b7d3c5ed967fe1f3256ef0feb,True,0.0267851850447365,0.0368233228160117,0.0316639322569957,0.0357129694210677,0.0357299120149477,0.0310225332531549,,0.0267803763225138,0.0260551291011259,0.0263416699411933,0.010038137771275202,234.65616229073325,553.6561622907333,0.0089277843763312,208.70002656308552,527.7000265630855,0.0089447269702112,209.09608449232692,528.0960844923269,-4.80872222270029e-06,-0.11241092003439081,318.8875890799656,0.0048787472122592025,114.04785665438459,433.0478566543846,0.0042373482084184025,99.05421618363206,418.0542161836321,,,,-0.0007300559436105997,-17.06612619677569,301.9338738032243,-0.0004435151035432003,-10.367814677064699,308.6321853229353,208.70002656308552,0.3960579292414052,209.09608449232692,99.05421618363206,,
final,2026-09-08,2026-11-23,0.2082191780821917,23850.0,PE,403.0,0.004804958280179,23964.87401639648,0.9754469642049162,0.0221391175803837,0.1076224273320087,0.1806830229321037,test,d38a5676585ad9ef44ffd21cdd599404bdb0768b7d3c5ed967fe1f3256ef0feb,True,0.0220329952050191,0.0320492792533778,0.026764172103299,0.0309259395722278,0.0309457457458077,0.0261307869217403,,0.0220831552392644,0.0213307325080688,0.0216282417916217,0.0100162840483587,234.1452995323015,637.1452995323015,0.0088929443672087,207.88559035777118,610.8855903577712,0.008912750540788602,208.34858865365263,611.3485886536527,5.016003424530152e-05,1.1725642150535014,404.1725642150535,0.004731176898279902,110.59818458019645,513.5981845801964,0.0040977917167212,95.79187893437312,498.79187893437313,,,,-0.0007022626969502982,-16.416418377705025,386.58358162229496,-0.00040475341339739693,-9.461703438031437,393.53829656196854,207.88559035777118,0.46299829588145786,208.34858865365263,95.79187893437312,,
final,2026-09-08,2026-11-23,0.2082191780821917,24000.0,CE,431.3,-0.0014646547334162,23964.87401639648,0.9754469642049162,0.0184231782893304,0.1052613414595823,0.182037691211543,test,d38a5676585ad9ef44ffd21cdd599404bdb0768b7d3c5ed967fe1f3256ef0feb,True,0.0184501816550928,0.0287079925833229,0.0233787635196387,0.0275864495344131,0.0276058422978193,0.0227632905704757,,0.018930525761262,0.0181723418141638,0.0184721612785739,0.0102578109282301,239.79134384969063,671.0913438496907,0.0091362678793203,213.57363358333825,644.8736335833382,0.0091556606427265,214.02696781133946,645.3269678113395,0.0004803441061692025,11.22874651662792,442.5287465166279,0.0049285818645459015,115.21281458992449,546.5128145899245,0.004313108915382901,100.82523359281667,532.1252335928167,,,,-0.0002778398409289985,-6.4949129300089545,424.80508706999103,2.1979623481101912e-05,0.5138058683981834,431.8138058683982,213.57363358333825,0.45333422800121853,214.02696781133946,100.82523359281667,,
final,2026-09-08,2026-11-23,0.2082191780821917,24200.0,CE,338.4,-0.0097634575481113,23964.87401639648,0.9754469642049162,0.0143354498886344,0.103761056702811,0.1790338773472175,test,d38a5676585ad9ef44ffd21cdd599404bdb0768b7d3c5ed967fe1f3256ef0feb,True,0.0144760989382875,0.024578872165002,0.01926314146581,0.0234758430112378,0.0234922069818334,0.018687560248914,,0.0152177130028024,0.0144714448372004,0.0147664113258991,0.0101027732267145,236.167110662522,574.5671106625219,0.008999744072950299,210.38218979226164,548.7821897922616,0.009016108043545901,210.76472155535328,549.1647215553533,0.0007416140645149002,17.336314189458612,355.7363141894586,0.0047870425275225,111.90412542905965,450.30412542905964,0.0042114613106265,98.44907205950547,436.84907205950543,,,,-4.654101087100265e-06,-0.10879642468518744,338.2912035753148,0.00029031238761159997,6.78647696361949,345.18647696361944,210.38218979226164,0.3825317630916151,210.76472155535328,98.44907205950547,,
final,2026-09-08,2026-11-23,0.2082191780821917,24400.0,CE,257.95,-0.0179939566846268,23964.87401639648,0.9754469642049162,0.0108378227616838,0.1019723071984612,0.1704069202474391,test,d38a5676585ad9ef44ffd21cdd599404bdb0768b7d3c5ed967fe1f3256ef0feb,True,0.0110346031948324,0.0208264860094692,0.0156102355085648,0.0197605283508693,0.019771722860527,0.0150917441165319,,0.0120488737668979,0.0113353691998308,0.011617055363793,0.0097918828146368,228.89959225886992,486.8495922588699,0.008725925156036898,203.9812718461692,461.9312718461692,0.008737119665694598,204.24295989377893,462.19295989377895,0.0010142705720654985,23.71005911538524,281.66005911538525,0.004575632313732399,106.96210226027958,364.91210226027954,0.004057140921699499,94.84160710395892,352.7916071039589,,,,0.0003007660049984002,7.030845570021931,264.9808455700219,0.0005824521689605996,13.615671930436687,271.5656719304367,203.9812718461692,0.2616880476097367,204.24295989377893,94.84160710395892,,
final,2026-09-08,2026-11-23,0.2082191780821917,24800.0,CE,145.05,-0.0342544775564071,23964.87401639648,0.9754469642049162,0.0059960105851044,0.1008883140804535,0.1403689078661086,test,d38a5676585ad9ef44ffd21cdd599404bdb0768b7d3c5ed967fe1f3256ef0feb,True,0.006204959075055,0.0144482567201562,0.0096843108197822,0.0135083562806109,0.0135098395303308,0.0093195216248942,,0.0072070839967617,0.006607601705431,0.0068432413170255,0.0082432976451012,192.6991474011176,337.7491474011176,0.0073033972055559,170.7275989820272,315.7775989820272,0.007304880455275799,170.7622721151243,315.8122721151243,0.0010021249217066997,23.426136761791287,168.4761367617913,0.0034793517447272004,81.33493943603578,226.38493943603578,0.0031145625498391998,72.80745809756533,217.85745809756534,,,,0.00040264263037600046,9.412360795549812,154.4623607955498,0.0006382822419705005,14.920781600320257,159.97078160032027,170.7275989820272,0.03467313309709262,170.7622721151243,72.80745809756533,,
final,2026-09-08,2026-11-23,0.2082191780821917,26000.0,CE,29.25,-0.0815073624069526,23964.87401639648,0.9754469642049162,0.0011533174444978,0.1119851919582694,0.0531203736222075,test,d38a5676585ad9ef44ffd21cdd599404bdb0768b7d3c5ed967fe1f3256ef0feb,True,0.0012512585518466,0.0034139840857606,0.0012378692439803,0.0030569764622893,0.0030688687227206,0.0012854124338275,,0.0010443720715946,0.0008544400452778,0.0009270020092555,0.002162725533914,50.55687473513985,79.80687473513984,0.0018057179104427,42.211299017695985,71.46129901769598,0.0018176101708740002,42.48929801087142,71.73929801087142,-0.00020688648025199994,-4.8362742763595925,24.413725723640407,-1.338930786629988e-05,-0.31299466805743237,28.93700533194257,3.415388198090008e-05,0.7983969791590658,30.048396979159065,,,,-0.0003968185065688,-9.276213377329018,19.973786622670982,-0.00032425654259109996,-7.579971267162954,21.670028732837046,42.211299017695985,0.27799899317543636,42.48929801087142,0.7983969791590658,,
final,2026-09-09,2026-09-22,0.0356164383561643,22500.0,PE,14.85,0.0449032743383125,23533.350458960424,0.9928988077630624,0.0465914073715893,0.148599138514309,0.0204283948716599,test,50826bed50da889b90b208c9b6368d3768c0eabb416178b176f064d3f93de3f5,True,0.0445455766142985,0.0448455343773063,0.0439328048651669,0.0448255830533472,0.0448323973392883,0.0439450028093001,,0.0439795608344995,0.044012985785242,0.0440132781367338,0.0002999577630077993,7.0088837645002755,21.858883764500277,0.0002800064390486995,6.542696428073232,21.392696428073233,0.00028682072498980443,6.7019206389099795,21.55192063890998,-0.0005660157797989993,-13.225658071669969,1.6243419283300309,-0.0006127717491315951,-14.318169067427005,0.5318309325729942,-0.0006005738049983944,-14.033149030811888,0.8168509691881116,,,,-0.0005325908290564965,-12.444642797255293,2.4053572027447068,-0.0005322984775646966,-12.437811643415976,2.412188356584023,6.542696428073232,0.1592242108367474,6.7019206389099795,-14.033149030811888,,
final,2026-09-09,2026-09-22,0.0356164383561643,22900.0,PE,36.5,0.0272816729884929,23533.350458960424,0.9928988077630624,0.0292625111888153,0.1285015244133615,0.03944312437644,test,50826bed50da889b90b208c9b6368d3768c0eabb416178b176f064d3f93de3f5,True,0.0284749724605712,0.0296864383383959,0.0271692457500044,0.0296216114754542,0.0296205377215497,0.0272347753676127,,0.0276210655133026,0.0277852357506216,0.0277865621071555,0.0012114658778247002,28.30739713881263,64.80739713881263,0.001146639014882999,26.792637385241058,63.29263738524106,0.0011455652609785004,26.767547798517764,63.26754779851777,-0.0008539069472686019,-19.952590921773474,16.547409078226526,-0.0013057267105668,-30.509917965777195,5.990082034222805,-0.0012401970929585004,-28.97873748108749,7.521262518912511,,,,-0.0006897367099495989,-16.116550475874437,20.383449524125563,-0.0006884103534156999,-16.085558516596016,20.414441483403984,26.792637385241058,-0.025089586723292503,26.767547798517764,-28.97873748108749,,
final,2026-09-09,2026-09-22,0.0356164383561643,23100.0,PE,60.0,0.018585966020939,23533.350458960424,0.9928988077630624,0.0213757392965218,0.1193933215593668,0.0530794523907481,test,50826bed50da889b90b208c9b6368d3768c0eabb416178b176f064d3f93de3f5,True,0.0209821197627915,0.0228994417754594,0.0191651983265603,0.0228014835716686,0.0227957142326255,0.019288175151274,,0.0201751445476545,0.0204461195431229,0.0204482539643977,0.0019173220126679005,44.80059789470301,104.800597894703,0.0018193638088770982,42.511683424664405,102.5116834246644,0.0018135944698339998,42.37687568924994,102.37687568924994,-0.0008069752151369999,-18.8559730110428,41.1440269889572,-0.0018169214362311996,-42.45461436996468,17.54538563003532,-0.0016939446115174991,-39.58110890871999,20.41889109128001,,,,-0.000536000219668601,-12.524307421595747,47.47569257840425,-0.0005338657983938004,-12.47443403119056,47.52556596880944,42.511683424664405,-0.1348077354144634,42.37687568924994,-39.58110890871999,,
final,2026-09-09,2026-09-22,0.0356164383561643,23250.0,PE,88.0,0.0121134515153215,23533.350458960424,0.9928988077630624,0.0159991326100914,0.1130211074257655,0.0636860538959106,test,50826bed50da889b90b208c9b6368d3768c0eabb416178b176f064d3f93de3f5,True,0.0158064969895942,0.0182962598890958,0.0136072075366631,0.0181717943557233,0.0181655970642749,0.0137824725480223,,0.0152013820223493,0.015549601981823,0.0155523101781221,0.0024897628995015977,58.17638653118687,146.17638653118686,0.002365297366129098,55.26809555266101,143.268095552661,0.0023591000746806985,55.12328818051297,143.123288180513,-0.0006051149672449008,-14.139258897822307,73.8607411021777,-0.0021992894529311007,-51.389115539192375,36.610884460807625,-0.0020240244415719016,-47.29383198899299,40.70616801100701,,,,-0.0002568950077712021,-6.002669279480971,81.99733072051903,-0.0002541868114721013,-5.9393889266689195,82.06061107333107,55.26809555266101,-0.14480737214804099,55.12328818051297,-47.29383198899299,,
final,2026-09-09,2026-09-22,0.0356164383561643,23400.0,PE,133.2,0.0056825611850312,23533.350458960424,0.9928988077630624,0.0114317565244666,0.109558002241709,0.0722896102350872,test,50826bed50da889b90b208c9b6368d3768c0eabb416178b176f064d3f93de3f5,True,0.0113669790937339,0.0141873388909667,0.0087214746327861,0.0140384568149888,0.014031425466799,0.0089429354992444,,0.0109210894564728,0.0113239805338228,0.0113270909687636,0.0028203597972328003,65.90119153662404,199.10119153662401,0.0026714777212548998,62.422377870716446,195.62237787071643,0.0026644463730651005,62.25808173223393,195.45808173223392,-0.00044588963726109945,-10.418762321803879,122.7812376781961,-0.0026455044609478007,-61.81548055073332,71.38451944926666,-0.0024240435944895,-56.64077376592713,76.55922623407287,,,,-4.299855991110081e-05,-1.0047144819184786,132.1952855180815,-3.988812497029981e-05,-0.9320353262316572,132.26796467376832,62.422377870716446,-0.1642961384825072,62.25808173223393,-56.64077376592713,,
final,2026-09-09,2026-09-22,0.0356164383561643,23550.0,CE,181.0,-0.0007072369137397,23533.350458960424,0.9928988077630624,0.0077407434542468,0.1074824946358962,0.0752666480282885,test,50826bed50da889b90b208c9b6368d3768c0eabb416178b176f064d3f93de3f5,True,0.0077462199301121,0.0106278005592954,0.0048198747505442,0.0104604682103506,0.0104535906579729,0.0050624293096922,,0.0074371430563939,0.007857658721299,0.0078608985885901,0.0028815806291833,67.33169192042607,248.33169192042607,0.0027142482802385006,63.42176482924289,244.42176482924287,0.002707370727860801,63.26106231994225,244.26106231994225,-0.0003090768737181995,-7.221963053943911,173.7780369460561,-0.0029263451795679,-68.3776709518393,112.6223290481607,-0.0026837906204198996,-62.71008397368952,118.28991602631048,,,,0.00011143879118690001,2.6039050513424824,183.60390505134248,0.00011467865847800043,2.6796085538223924,183.6796085538224,63.42176482924289,-0.16070250930064015,63.26106231994225,-62.71008397368952,,
final,2026-09-09,2026-09-22,0.0356164383561643,23700.0,CE,111.85,-0.0070564645923985,23533.350458960424,0.9928988077630624,0.004753162402655,0.1035394558512191,0.0707829443613941,test,50826bed50da889b90b208c9b6368d3768c0eabb416178b176f064d3f93de3f5,True,0.0047868215424477,0.0076509452235535,0.0021403632152527,0.0074748183102477,0.0074708601224065,0.0023630748760949,,0.0047752512961415,0.0051719685858336,0.0051750348067546,0.0028641236811058,66.9237887585568,178.7737887585568,0.0026879967678000004,62.808365804397525,174.65836580439753,0.0026840385799588003,62.71587785469806,174.56587785469804,-1.1570246306200072e-05,-0.27035310129541934,111.57964689870458,-0.002646458327195,-61.837768814209014,50.01223118579098,-0.0024237466663528,-56.63383567312475,55.216164326875244,,,,0.0003851470433859005,8.999436561548606,120.8494365615486,0.00038821326430690025,9.071082602031337,120.92108260203133,62.808365804397525,-0.09248794969946737,62.71587785469806,-56.63383567312475,,
final,2026-09-09,2026-09-22,0.0356164383561643,23850.0,CE,66.8,-0.0133656337856632,23533.350458960424,0.9928988077630624,0.0028208701153882,0.1030613045517448,0.0598518351159681,test,50826bed50da889b90b208c9b6368d3768c0eabb416178b176f064d3f93de3f5,True,0.0028588259189584,0.0052615868647589,0.0006820473443927,0.0050887834614856,0.0050888589842739,0.000843368577308,,0.0028776732462276,0.0032166118544006,0.0032192532667583,0.0024027609458005003,56.14347838218333,122.94347838218333,0.0022299575425272,52.10571334650684,118.90571334650684,0.0022300330653155,52.10747802977244,118.90747802977243,1.884732726919981e-05,0.4403910896544561,67.24039108965445,-0.0021767785745657,-50.86312105144246,15.936878948557535,-0.0020154573416504,-47.09365111370388,19.70634888629612,,,,0.00035778593544220005,8.360110466693193,75.1601104666932,0.00036042734779989996,8.421830330195283,75.22183033019527,52.10571334650684,0.0017646832655978319,52.10747802977244,-47.09365111370388,,
final,2026-09-09,2026-09-22,0.0356164383561643,24000.0,CE,38.4,-0.0196352467992586,23533.350458960424,0.9928988077630624,0.0016114431677128,0.1038556518020537,0.0460308042411847,test,50826bed50da889b90b208c9b6368d3768c0eabb416178b176f064d3f93de3f5,True,0.0016433969354491,0.0034328946067078,0.0001284685454206,0.003275826993211,0.0032795603777085,0.0002102043385101,,0.0016213684938237,0.0018841113493493,0.0018861862336011,0.0017894976712587,41.813824216211515,80.21382421621152,0.0016324300577619,38.143745352015216,76.54374535201521,0.0016361634422593998,38.23098049381911,76.63098049381911,-2.2028441625399986e-05,-0.5147217572145101,37.88527824278549,-0.0015149283900285,-35.39817369879243,3.001826301207572,-0.001433192596939,-33.48831589941734,4.9116841005826615,,,,0.00024071441390020008,5.624589710726853,44.02458971072685,0.00024278929815200003,5.673071945024885,44.073071945024886,38.143745352015216,0.08723514180389431,38.23098049381911,-33.48831589941734,,
final,2026-09-09,2026-09-22,0.0356164383561643,24150.0,CE,22.65,-0.0258657965498947,23533.350458960424,0.9928988077630624,0.0009445959562291,0.1069879194345731,0.0335716152646799,test,50826bed50da889b90b208c9b6368d3768c0eabb416178b176f064d3f93de3f5,True,0.0009693474111437,0.0021080620771917,9.971260161858314e-06,0.0019768415237391,0.001981013067901,3.3544903572794646e-05,,0.0008514988900259,0.0010366524204962,0.0010381411893351,0.001138714666048,26.60747518327992,49.25747518327992,0.0010074941125953999,23.541344813989376,46.191344813989375,0.0010116656567573002,23.638818097747926,46.28881809774792,-0.0001178485211178,-2.7536763111259748,19.896323688874023,-0.0009593761509818417,-22.41700918569178,0.23299081430822,-0.0009358025075709053,-21.866181879486223,0.7838181205137751,,,,6.730500935250004e-05,1.5726647064907302,24.22266470649073,6.879377819139993e-05,1.6074516299543113,24.25745162995431,23.541344813989376,0.0974732837585493,23.638818097747926,-21.866181879486223,,
final,2026-09-09,2026-09-22,0.0356164383561643,24300.0,CE,13.75,-0.0320577667978158,23533.350458960424,0.9928988077630624,0.0005698905235609,0.1112738989116979,0.0238579929675198,test,50826bed50da889b90b208c9b6368d3768c0eabb416178b176f064d3f93de3f5,True,0.0005884559339172,0.0012070643934,1.5729437982981724e-07,0.0011073073728395,0.0011104970186713,3.246966762879321e-06,,0.0004158310598991,0.0005346642035723,0.0005356415986821,0.0006186084594828,14.454551016700266,28.204551016700265,0.0005188514389223001,12.123604970195618,25.87360497019562,0.0005220410847541,12.198134986224666,25.948134986224666,-0.00017262487401809994,-4.033593479035603,9.716406520964398,-0.0005882986395373701,-13.746324622456466,0.003675377543533642,-0.0005852089671543206,-13.674130609586003,0.0758693904139971,,,,-5.379173034489998e-05,-1.256910245289912,12.493089754710088,-5.2814335235099974e-05,-1.2340722008669671,12.515927799133033,12.123604970195618,0.07453001602904781,12.198134986224666,-13.674130609586003,,
final,2026-09-09,2026-09-22,0.0356164383561643,24450.0,CE,9.3,-0.0382116323721941,23533.350458960424,0.9928988077630624,0.0003830884831219,0.1179271680722608,0.0175742707745598,test,50826bed50da889b90b208c9b6368d3768c0eabb416178b176f064d3f93de3f5,True,0.000398010195304,0.000637374470115,1.5941798125069e-10,0.0005692402495713,0.0005725388896188,1.8979654876108117e-07,,0.0001885013968987,0.0002580923564335,0.0002586804409495,0.000239364274811,5.59304204265778,14.89304204265778,0.0001712300542673,4.001001792100226,13.301001792100227,0.0001745286943148,4.078078592653816,13.378078592653818,-0.00020950879840529998,-4.895431946612721,4.40456805338728,-0.00039801003588601873,-9.299996274999407,3.725000594201333e-06,-0.0003978203987552389,-9.295565169120563,0.004434830879437968,,,,-0.0001399178388705,-3.2693531895619397,6.030646810438061,-0.00013932975435449997,-3.2556118682005066,6.044388131799494,4.001001792100226,0.0770768005535905,4.078078592653816,-9.295565169120563,,
final,2026-09-09,2026-09-22,0.0356164383561643,24800.0,CE,5.05,-0.0524250696222495,23533.350458960424,0.9928988077630624,0.0002050853829876,0.1376940922835949,0.0100992288087714,test,50826bed50da889b90b208c9b6368d3768c0eabb416178b176f064d3f93de3f5,True,0.0002161238157296,9.67319190502188e-05,-1.695212634555951e-16,8.007593074464171e-05,8.235841362582254e-05,4.5246811510162634e-11,,2.213915293808235e-05,3.626585808963901e-05,3.639505711659427e-05,-0.0001193918966793812,-2.7897391881378018,2.260260811862198,-0.0001360478849849583,-3.178926935259487,1.871073064740513,-0.00013376540210377746,-3.125593902474327,1.9244060975256727,-0.00019398466279151765,-4.532691336167142,0.5173086638328579,-0.00021612381572976952,-5.0500000000028145,-2.814637412029697e-12,-0.0002161237704827885,-5.049998942751195,1.0572488049476192e-06,,,,-0.000179857957639961,-4.202603415155231,0.8473965848447689,-0.00017972875861300573,-4.199584520250376,0.850415479749624,-3.178926935259487,0.053333032785159745,-3.125593902474327,-5.049998942751195,,
final,2026-09-09,2026-09-29,0.0547945205479452,19500.0,PE,3.65,0.1892201742750551,23561.98574548508,0.9935895731383064,0.2084953484360192,0.327955291752759,0.0040703635936114,test,50826bed50da889b90b208c9b6368d3768c0eabb416178b176f064d3f93de3f5,True,0.1725516405289155,0.1723959938038552,0.1723957305751018,0.172396033124368,0.1723959844201215,0.1723957307005235,,0.1723957305365669,0.1723957305365672,0.1723957305365674,-0.00015564672506029886,-3.6438366644234415,0.00616333557655846,-0.00015560740454750865,-3.6429161341256573,0.007083865874342621,-0.0001556561087940056,-3.6440563464817473,0.005943653518252656,-0.0001559099923486018,-3.6499999999982182,1.7816859099184512e-12,-0.00015590995381370432,-3.6499990978599155,9.021400844133609e-07,-0.0001559098283920035,-3.649996161619582,3.838380417953147e-06,,,,-0.0001559099923482965,-3.6499999999910706,8.929301742455209e-12,-0.0001559099923481022,-3.6499999999865222,1.347766342973955e-11,-3.6429161341256573,-0.0011402123560899197,-3.6440563464817473,-3.649996161619582,,
final,2026-09-09,2026-09-29,0.0547945205479452,22000.0,PE,14.85,0.0685921864864405,23561.98574548508,0.9935895731383064,0.0716787070227574,0.1685515378531936,0.0199068058979316,test,50826bed50da889b90b208c9b6368d3768c0eabb416178b176f064d3f93de3f5,True,0.0669269378028901,0.0669636035772039,0.0663209604604447,0.0669376266765183,0.0669434946311958,0.0663300872504044,,0.0663095236658875,0.0663196809528402,0.0663241292456813,3.666577431381268e-05,0.8583803656799496,15.708380365679949,1.0688873628206252e-05,0.2502366150830207,15.10023661508302,1.655682830570271e-05,0.3876109696719342,15.237610969671934,-0.0006174141370026004,-14.454247390504738,0.39575260949526125,-0.000605977342445399,-14.186501240915891,0.6634987590841082,-0.0005968505524856921,-13.972834478118356,0.8771655218816434,,,,-0.000607256850049892,-14.216455720972276,0.6335442790277241,-0.0006028085572087893,-14.11231698922432,0.7376830107756795,0.2502366150830207,0.13737435458891348,0.3876109696719342,-13.972834478118356,,
final,2026-09-09,2026-09-29,0.0547945205479452,22250.0,PE,18.6,0.0572926312325071,23561.98574548508,0.9935895731383064,0.0598069999414164,0.1524079311545725,0.0249892772693733,test,50826bed50da889b90b208c9b6368d3768c0eabb416178b176f064d3f93de3f5,True,0.0564768081549112,0.0568889611670184,0.0557663585054445,0.0568405835090861,0.0568478880843998,0.0557860197382173,,0.0557563912550175,0.0557884127632313,0.0558015312588263,0.00041215301210720257,9.648890821743704,28.248890821743707,0.0003637753541749014,8.516324212042393,27.116324212042393,0.0003710799294886005,8.68733121097403,27.28733121097403,-0.0007204168998936958,-16.86563923838386,1.7343607616161414,-0.0007104496494666976,-16.632296503190968,1.9677034968090332,-0.0006907884166938993,-16.172008496375977,2.4279915036240247,,,,-0.0006883953916798982,-16.115985523316173,2.4840144766838286,-0.0006752768960848962,-15.808869165984357,2.791130834015645,8.516324212042393,0.17100699893163587,8.68733121097403,-16.172008496375977,,
final,2026-09-09,2026-09-29,0.0547945205479452,22500.0,PE,27.45,0.0461193306343819,23561.98574548508,0.9935895731383064,0.0484272376443881,0.1405029998369249,0.0341366461158594,test,50826bed50da889b90b208c9b6368d3768c0eabb416178b176f064d3f93de3f5,True,0.0462445253455567,0.0471607483564427,0.0453061806603565,0.0470785512734064,0.0470835242155765,0.0453446267444189,,0.0453390407724325,0.0454205563027324,0.0454521702346125,0.0009162230108859942,21.449645012199483,48.899645012199485,0.000834025927849695,19.52533375694955,46.97533375694955,0.0008389988700197998,19.641755024422185,47.091755024422184,-0.0009054845731242059,-21.198248053992526,6.251751946007474,-0.0009383446852002028,-21.967534276578927,5.482465723421072,-0.0008998986011378024,-21.06747518021305,6.382524819786948,,,,-0.0008239690428243004,-19.289892591250577,8.160107408749422,-0.0007923551109441998,-18.5497806226456,8.9002193773544,19.52533375694955,0.1164212674726376,19.641755024422185,-21.06747518021305,,
final,2026-09-09,2026-09-29,0.0547945205479452,22700.0,PE,38.5,0.0372697153573992,23561.98574548508,0.9935895731383064,0.0396799180277172,0.1311978286963958,0.043887030315281,test,50826bed50da889b90b208c9b6368d3768c0eabb416178b176f064d3f93de3f5,True,0.0382282779116687,0.0397346200627423,0.0370899493690015,0.0396166303920496,0.0396183047620673,0.0371507012596403,,0.0372365741913044,0.0373848012603033,0.0374402939767891,0.0015063421510736058,35.26489077828041,73.7648907782804,0.0013883524803809041,32.50264128072912,71.00264128072912,0.0013900268503986013,32.54183986237568,71.04183986237568,-0.0009917037203642995,-23.216719626504347,15.283280373495653,-0.0011383285426671969,-26.649345036482526,11.850654963517474,-0.0010775766520284003,-25.227085965776542,13.272914034223458,,,,-0.0008434766513653949,-19.74658410987856,18.75341589012144,-0.0007879839348795964,-18.44744726738431,20.05255273261569,32.50264128072912,0.03919858164656275,32.54183986237568,-25.227085965776542,,
final,2026-09-09,2026-09-29,0.0547945205479452,22900.0,PE,58.55,0.0284977292845623,23561.98574548508,0.9935895731383064,0.0314809387567547,0.1245826686686459,0.0571064910033131,test,50826bed50da889b90b208c9b6368d3768c0eabb416178b176f064d3f93de3f5,True,0.0305964660753528,0.0327309842903743,0.0291391027569878,0.0325707292883258,0.032571770928629,0.0292278809734916,,0.0295259190618444,0.0297627403262767,0.0298489738473425,0.002134518215021499,49.97108503093668,108.52108503093667,0.0019742632129730008,46.21936425495924,104.76936425495924,0.0019753048532762003,46.24375003709805,104.79375003709805,-0.0010705470135084008,-25.062515496549555,33.487484503450446,-0.0014573633183650007,-34.1182500999421,24.431749900057895,-0.0013685851018611986,-32.039868301845466,26.51013169815453,,,,-0.0008337257490761002,-19.518306288683302,39.03169371131669,-0.0007474922280103005,-17.499498211352023,41.05050178864798,46.21936425495924,0.02438578213881063,46.24375003709805,-32.039868301845466,,
final,2026-09-09,2026-09-29,0.0547945205479452,23100.0,PE,90.2,0.0198020223170084,23561.98574548508,0.9935895731383064,0.0239293375126708,0.1187824206373718,0.071746387594101,test,50826bed50da889b90b208c9b6368d3768c0eabb416178b176f064d3f93de3f5,True,0.0234601490092411,0.0262567904583064,0.0216510695306433,0.0260511089783003,0.0260550318026441,0.0217702623475986,,0.0224379816511972,0.0227714931703841,0.022890494939123,0.002796641449065298,65.47201455991154,155.67201455991153,0.002590959969059198,60.656817081463124,150.85681708146313,0.0025948827934029993,60.748654099983746,150.94865409998374,-0.001022167358043901,-23.929902122735086,66.27009787726492,-0.001809079478597802,-42.35225720564901,47.84774279435099,-0.0016898866616424993,-39.5618409190912,50.6381590809088,,,,-0.000688655838857001,-16.122082837427378,74.07791716257262,-0.0005696540701181016,-13.336139169842646,76.86386083015736,60.656817081463124,0.09183701852062155,60.748654099983746,-39.5618409190912,,
final,2026-09-09,2026-09-29,0.0547945205479452,23250.0,PE,124.5,0.0133295078113909,23561.98574548508,0.9935895731383064,0.0188081287220405,0.1148664187761857,0.0820312976054175,test,50826bed50da889b90b208c9b6368d3768c0eabb416178b176f064d3f93de3f5,True,0.0185590890984744,0.0218130979774346,0.0165038190432292,0.0215744861727525,0.0215791758216963,0.0166441017144219,,0.0176804021447281,0.0180780369298237,0.0182184523829461,0.003254008878960199,76.17941755549988,200.67941755549987,0.0030153970742781006,70.59329011126333,195.09329011126334,0.0030200867232219007,70.70307921706093,195.20307921706092,-0.0008786869537463007,-20.5708905045764,103.9291094954236,-0.0020552700552451987,-48.11581085109705,76.38418914890295,-0.001914987384052498,-44.83166118153484,79.66833881846516,,,,-0.0004810521686507002,-11.261885073076556,113.23811492692344,-0.00034063671552829813,-7.974626853278986,116.52537314672101,70.59329011126333,0.10978910579759106,70.70307921706093,-44.83166118153484,,
final,2026-09-09,2026-09-29,0.0547945205479452,23400.0,PE,171.4,0.0068986174811006,23561.98574548508,0.9935895731383064,0.0142945120312078,0.1117457750507904,0.0898752102665838,test,50826bed50da889b90b208c9b6368d3768c0eabb416178b176f064d3f93de3f5,True,0.0141962390243087,0.0177685553418768,0.0119128647395854,0.0175012191633978,0.0175020383883444,0.0120699409066019,,0.0135034068526375,0.013946364290246,0.0141018002118308,0.0035723163175680993,83.63129497154472,255.03129497154472,0.0033049801390891004,77.37270283932196,248.77270283932197,0.003305799364035699,77.39188166814517,248.79188166814518,-0.0006928321716712007,-16.219854728389553,155.18014527161046,-0.0022833742847233,-53.45594604739084,117.94405395260917,-0.0021262981177067996,-49.77864479829557,121.62135520170443,,,,-0.00024987473406270014,-5.849803246023887,165.5501967539761,-9.44388124778997e-05,-2.2109016898252505,169.18909831017476,77.37270283932196,0.01917882882322195,77.39188166814517,-49.77864479829557,,
final,2026-09-09,2026-09-29,0.0547945205479452,23550.0,PE,231.75,0.0005088193823295,23561.98574548508,0.9935895731383064,0.0104132036853026,0.1087364666542176,0.0933353578787299,test,50826bed50da889b90b208c9b6368d3768c0eabb416178b176f064d3f93de3f5,True,0.0104079065931812,0.0141570922740786,0.0080185615681813,0.0138684045183665,0.0138648038863898,0.0081860426409683,,0.0099674214950358,0.0104290567093783,0.0105906748783989,0.0037491856808973996,87.77197361841542,319.5219736184154,0.0034604979251852998,81.01352092096008,312.7635209209601,0.0034568972932086,80.92922672969642,312.67922672969644,-0.00044048509814540067,-10.31217168323045,221.43782831676955,-0.0023893450249999008,-55.936821045733254,175.81317895426673,-0.0022218639522129,-52.01593113698754,179.73406886301245,,,,2.1150116197099847e-05,0.4951441723296901,232.2451441723297,0.00018276828521769997,4.278777973080067,236.02877797308005,81.01352092096008,-0.08429419126364862,80.92922672969642,-52.01593113698754,,
final,2026-09-09,2026-09-29,0.0547945205479452,23700.0,CE,169.3,-0.0058404082963292,23561.98574548508,0.9935895731383064,0.007189547987152,0.1055508908152139,0.0910710608873083,test,50826bed50da889b90b208c9b6368d3768c0eabb416178b176f064d3f93de3f5,True,0.0072316607409947,0.0110021838210035,0.0049313076126286,0.0107024502901018,0.0106971621500147,0.0051011451693049,,0.0070920304639149,0.0075426827767339,0.0077007154042325,0.0037705230800088004,88.27150226044395,257.57150226044394,0.003470789549107101,81.25445754566701,250.55445754566702,0.0034655014090200003,81.13065719761266,250.43065719761267,-0.00013963027707980004,-3.2688765079372533,166.03112349206276,-0.0023003531283660996,-53.853436794216236,115.44656320578378,-0.0021305155716898,-49.87737937461141,119.4226206253886,,,,0.0003110220357392,7.281319262137123,176.58131926213713,0.0004690546632378006,10.981012153404098,180.2810121534041,81.25445754566701,-0.12380034805435276,81.13065719761266,-49.87737937461141,,
final,2026-09-09,2026-09-29,0.0547945205479452,23850.0,CE,112.5,-0.0121495774895939,23561.98574548508,0.9935895731383064,0.0047474140828356,0.1034446561355849,0.0828358394750973,test,50826bed50da889b90b208c9b6368d3768c0eabb416178b176f064d3f93de3f5,True,0.0048054449696509,0.0083139802245413,0.0026954597248761,0.0080156641783374,0.008010130638223,0.0028576527652749,,0.0048528933140948,0.005265491966768,0.005410979277973,0.0035085352548904006,82.13812012581089,194.63812012581087,0.003210219208686499,75.15426006500654,187.65426006500655,0.0032046856685720992,75.02471467081277,187.52471467081278,4.74483444438999e-05,1.1108105042614558,113.61081050426145,-0.0021099852447748002,-49.396745054059565,63.103254945940435,-0.0019477922043760003,-45.59965297203536,66.90034702796464,,,,0.00046004699711709937,10.77013419205425,123.27013419205426,0.0006055343083221001,14.17612939414917,126.67612939414917,75.15426006500654,-0.12954539419378033,75.02471467081277,-45.59965297203536,,
final,2026-09-09,2026-09-29,0.0547945205479452,24000.0,CE,74.6,-0.0184191905031892,23561.98574548508,0.9935895731383064,0.0031283876334526,0.1040077320808877,0.0707878555480859,test,50826bed50da889b90b208c9b6368d3768c0eabb416178b176f064d3f93de3f5,True,0.0031865439532085,0.0060873291066043,0.0012604051983096,0.0058037490566456,0.0057997566103734,0.0014023932718508,,0.0031872042307046,0.0035419251290361,0.0036681712547892,0.0029007851533958,67.91011692320471,142.5101169232047,0.0026172051034371,61.271240435837406,135.8712404358374,0.0026132126571649,61.17777350229449,135.77777350229448,6.602774960998668e-07,0.015457719062513637,74.6154577190625,-0.0019261387548989,-45.09272529279681,29.507274707203187,-0.0017841506813577,-41.76865054544932,32.831349454550676,,,,0.0003553811758276,8.31980857820714,82.91980857820714,0.0004816273015807002,11.275349477524765,85.87534947752476,61.271240435837406,-0.09346693354291692,61.17777350229449,-41.76865054544932,,
final,2026-09-09,2026-09-29,0.0547945205479452,24150.0,CE,50.15,-0.0246497402538253,23561.98574548508,0.9935895731383064,0.0020900023621487,0.1063983457145944,0.057928903560536,test,50826bed50da889b90b208c9b6368d3768c0eabb416178b176f064d3f93de3f5,True,0.0021421605798043,0.0043011136111465,0.000477381833165,0.0040447681035419,0.0040418461945822,0.0005858440702413,,0.0020057501628364,0.00229245784111,0.0023958309346964,0.0021589530313422,50.54312713181178,100.69312713181178,0.0019026075237375995,44.54183697290859,94.69183697290859,0.0018996856147779,44.473432327752484,94.62343232775248,-0.00013641041696790032,-3.1934965452331907,46.95650345476681,-0.0016647787466393003,-38.97404094308502,11.175959056914976,-0.0015563165095630002,-36.434837654285346,13.715162345714653,,,,0.00015029726130569993,3.518600671462714,53.66860067146271,0.00025367035489209976,5.938662310273762,56.08866231027376,44.54183697290859,-0.06840464515611075,44.473432327752484,-36.434837654285346,,
final,2026-09-09,2026-09-29,0.0547945205479452,24300.0,CE,32.5,-0.0308417105017463,23561.98574548508,0.9935895731383064,0.0013460774909768,0.1081317123523785,0.0451384156702459,test,50826bed50da889b90b208c9b6368d3768c0eabb416178b176f064d3f93de3f5,True,0.0013882396578991,0.0029191924501255,0.0001350579786836,0.0027000057675519,0.002695919615903,0.0002024410863483,,0.0012078579223837,0.0014259791509363,0.00150593768454,0.0015309527922263999,35.841049104340776,68.34104910434078,0.0013117661096528,30.709682093530812,63.209682093530816,0.0013076799580038997,30.614021428721518,63.114021428721514,-0.00018038173551540018,-4.222906593175737,28.277093406824264,-0.0012531816792155002,-29.338165310835276,3.161834689164724,-0.0011857985715508,-27.76066319393365,4.739336806066351,,,,3.77394930372e-05,0.8835171338968261,33.383517133896824,0.00011769802664089984,2.755421835173525,35.25542183517352,30.709682093530812,-0.09566066480929397,30.614021428721518,-27.76066319393365,,
final,2026-09-09,2026-09-29,0.0547945205479452,24450.0,CE,22.4,-0.0369955760761247,23561.98574548508,0.9935895731383064,0.0009220662575284,0.1120376283530316,0.0351698171870621,test,50826bed50da889b90b208c9b6368d3768c0eabb416178b176f064d3f93de3f5,True,0.0009568174872904,0.0018929983943146,2.5196253718258108e-05,0.0017168741594614,0.0017132361452067,5.6481842175919866e-05,,0.0006952900503297,0.0008516648895843,0.0009101507684703,0.0009361809070242,21.916878188258764,44.31687818825876,0.000760056672171,17.79364370193733,40.19364370193733,0.0007564186579163001,17.708474356280778,40.10847435628078,-0.00026152743696069994,-6.122604013549933,16.277395986450067,-0.0009316212335721419,-21.810131931336425,0.5898680686635736,-0.0009003356451144801,-21.07770679199651,1.3222932080034902,,,,-0.00010515259770609996,-2.461721508964717,19.93827849103528,-4.666671882010002e-05,-1.0925119110546184,21.30748808894538,17.79364370193733,-0.08516934565654981,17.708474356280778,-21.07770679199651,,
final,2026-09-09,2026-09-29,0.0547945205479452,24600.0,CE,16.05,-0.0431118030935607,23561.98574548508,0.9935895731383064,0.0006566484210673,0.116800340369259,0.0275226151009807,test,50826bed50da889b90b208c9b6368d3768c0eabb416178b176f064d3f93de3f5,True,0.0006855768156701,0.0011655625694785,2.546080100730057e-06,0.0010336266479187,0.0010323949550946,1.2530609369038048e-05,,0.0003822772348984,0.0004880423139345,0.0005285387798095,0.00047998575380839997,11.23691929560611,27.28691929560611,0.0003480498322486,8.148174908932722,24.19817490893272,0.0003468181394245001,8.11933981799185,24.16933981799185,-0.0003032995807717,-7.100529306299413,8.949470693700587,-0.0006830307355693699,-15.99039386297129,0.05960613702871065,-0.0006730462063010619,-15.756646613803182,0.2933533861968183,,,,-0.00019753450173559998,-4.6244690316095305,11.42553096839047,-0.00015703803586059994,-3.67640856276426,12.37359143723574,8.148174908932722,-0.02883509094087178,8.11933981799185,-15.756646613803182,,
final,2026-09-09,2026-09-29,0.0547945205479452,24750.0,CE,12.4,-0.049190849169943,23561.98574548508,0.9935895731383064,0.0005042425107457,0.1230498391235847,0.0222635538455095,test,50826bed50da889b90b208c9b6368d3768c0eabb416178b176f064d3f93de3f5,True,0.0005296668233214,0.0006764418286868,1.0286321904697645e-07,0.0005852205075033,0.0005861779355816,2.2016220175922335e-06,,0.0002006332330256,0.0002681967632944,0.000294767548016,0.0001467750053654,3.436141337147932,15.836141337147932,5.5553684181900006e-05,1.3005641537744228,13.700564153774422,5.6511112260200025e-05,1.322978448285962,13.722978448285962,-0.00032903359029580004,-7.702986745671879,4.697013254328121,-0.000529563960102353,-12.39759187500197,0.0024081249980305586,-0.0005274652013038078,-12.348457951644715,0.05154204835528553,,,,-0.000261470060027,-6.121260765404962,6.278739234595038,-0.0002348992753054,-5.499213629279486,6.900786370720514,1.3005641537744228,0.022414294511539066,1.322978448285962,-12.348457951644715,,
final,2026-09-09,2026-09-29,0.0547945205479452,24900.0,CE,9.65,-0.0552331636259056,23561.98574548508,0.9935895731383064,0.0003900505915929,0.1290303415861252,0.0180327164365797,test,50826bed50da889b90b208c9b6368d3768c0eabb416178b176f064d3f93de3f5,True,0.0004122003907299,0.0003668109720842,1.1154781130237424e-09,0.00030933937803,0.0003112748782611,3.0839284824289324e-07,,0.0001004788440049,0.0001412879601065,0.0001578244959324,-4.5389418645699984e-05,-1.0626091090191103,8.58739089098089,-0.00010286101269989999,-2.408073342181898,7.2419266578181025,-0.00010092551246879995,-2.362761455899998,7.287238544100003,-0.00031172154672499995,-7.2976954742047875,2.352304525795213,-0.00041219927525178694,-9.649973885601185,2.6114398815835216e-05,-0.0004118919978816571,-9.642780232493527,0.007219767506473573,,,,-0.0002709124306234,-6.342315568613361,3.3076844313866394,-0.0002543758947975,-5.955179665036704,3.694820334963296,-2.408073342181898,0.045311886281899534,-2.362761455899998,-9.642780232493527,,
final,2026-09-09,2026-09-29,0.0547945205479452,25100.0,CE,7.75,-0.0632332062929819,23561.98574548508,0.9935895731383064,0.0003107570254222,0.138977749351547,0.0145736506704579,test,50826bed50da889b90b208c9b6368d3768c0eabb416178b176f064d3f93de3f5,True,0.0003310417645758,0.0001432777350255,2.1847842648619478e-13,0.0001172187846904,0.0001189914294173,1.6181506256026283e-08,,3.713885730996687e-05,5.627230044294874e-05,6.43793876776693e-05,-0.0001877640295503,-4.3957330606873475,3.3542669393126525,-0.0002138229798854,-5.005797670981209,2.7442023290187914,-0.0002120503351585,-4.964298385683861,2.785701614316139,-0.0002939029072658331,-6.880544315089164,0.8694556849108359,-0.00033104176435732154,-7.749999994881469,5.1185313765245155e-09,-0.00033102558306954396,-7.749621175669829,0.00037882433017077943,,,,-0.00027476946413285125,-6.4326123616374575,1.3173876383625425,-0.0002666623768981307,-6.242817801577748,1.5071821984222522,-5.005797670981209,0.041499285297347414,-4.964298385683861,-7.749621175669829,,
final,2026-09-09,2026-09-29,0.0547945205479452,25400.0,CE,6.05,-0.0751145341797345,23561.98574548508,0.9935895731383064,0.0002397257205765,0.1544706313703798,0.0112058767413913,test,50826bed50da889b90b208c9b6368d3768c0eabb416178b176f064d3f93de3f5,True,0.0002584261517011,2.5065834203461847e-05,-4.763321614089764e-17,2.033351171352657e-05,2.1023753037444e-05,1.0611715213734988e-10,,7.132854124583098e-06,1.2276033275667245e-05,1.4628590392863974e-05,-0.00023336031749763815,-5.463185175209856,0.5868148247901441,-0.00023809263998757343,-5.57397330897895,0.4760266910210502,-0.000237402398663656,-5.557814108440576,0.4921858915594237,-0.0002512932975765169,-5.8830131560972045,0.16698684390279528,-0.00025842615170114765,-6.049999999997996,2.0037305148434825e-12,-0.0002584260455839479,-6.049997515694242,2.4843057575552052e-06,,,,-0.00024615011842543276,-5.762606480305226,0.2873935196947741,-0.00024379756130823603,-5.707530898885374,0.3424691011146255,-5.57397330897895,0.016159200538373886,-5.557814108440576,-6.049997515694242,,
final,2026-09-09,2026-09-29,0.0547945205479452,26000.0,CE,4.0,-0.0984618981767257,23561.98574548508,0.9935895731383064,0.0001548387362401,0.183765679157276,0.0071427705366462,test,50826bed50da889b90b208c9b6368d3768c0eabb416178b176f064d3f93de3f5,True,0.0001708602655875,1.1952690323319257e-07,-1.1722030457023574e-14,1.7300943029018714e-07,1.897985496801286e-07,9.597808375739293e-16,,1.5033064487867794e-07,3.524274397542722e-07,4.63537534611019e-07,-0.0001707407386842668,-3.997201762436354,0.0027982375636459444,-0.0001706872561572098,-3.9959496860247183,0.004050313975281661,-0.00017067046703781987,-3.9955566369016307,0.004443363098369346,-0.00017070993494262132,-3.996480617785442,0.0035193822145580533,-0.00017086026559922203,-4.000000000272264,-2.722639891317158e-10,-0.0001708602655865402,-3.999999999975371,2.4629187578284473e-11,,,,-0.0001705078381477457,-3.9917493411675435,0.008250658832456459,-0.00017039672805288896,-3.9891481490302225,0.010851850969777477,-3.9959496860247183,0.0003930491230878823,-3.9955566369016307,-3.999999999975371,,
final,2026-09-09,2026-09-29,0.0547945205479452,27000.0,CE,2.2,-0.1362022261595728,23561.98574548508,0.9935895731383064,8.200718252720569e-05,0.2271197387929086,0.0037540586550767,test,50826bed50da889b90b208c9b6368d3768c0eabb416178b176f064d3f93de3f5,True,9.397314607317572e-05,2.8812615439363536e-14,-9.899827773762865e-14,1.1551478897443106e-12,4.413775573402078e-12,1.8273311795629583e-16,,4.8861201816514825e-11,2.2336253449249798e-10,3.6355169793906976e-10,-9.39731460443631e-05,-2.199999999325469,6.745310976441488e-10,-9.397314491802783e-05,-2.1999999729568978,2.7043102424073595e-08,-9.397314165940014e-05,-2.1999998966693495,1.0333065070255998e-07,-9.39730972119739e-05,-2.199998856113172,1.1438868283697445e-06,-9.3973146172174e-05,-2.200000002317643,-2.3176429664317766e-09,-9.397314607299299e-05,-2.199999999995722,4.278355447695503e-12,,,,-9.397292271064122e-05,-2.199994770872356,5.2291276442240076e-06,-9.397278252147778e-05,-2.1999914889117913,8.511088208873474e-06,-2.1999999729568978,7.628754813066161e-08,-2.1999998966693495,-2.199999999995722,,
final,2026-09-09,2026-10-27,0.1315068493150684,22250.0,PE,50.95,0.0616116122638761,23663.96958959491,0.9837496654947532,0.0658769088057824,0.1322807208925095,0.0614710045105319,test,50826bed50da889b90b208c9b6368d3768c0eabb416178b176f064d3f93de3f5,True,0.0619406315317932,0.0649315304095418,0.0619438884371252,0.0645347929660331,0.0645329368693735,0.0618792513946296,,0.0605954118472101,0.0607316137069054,0.0606550212984673,0.0029908988777486017,69.62639763703275,120.57639763703276,0.0025941614342398917,60.390579199723774,111.34057919972378,0.0025923053375803,60.34737034200045,111.29737034200045,-0.0013452196845831002,-31.315936946170297,19.634063053829706,3.256905331996962e-06,0.07581887418490428,51.02581887418491,-6.138013716359969e-05,-1.4288941257637615,49.52110587423624,,,,-0.0012090178248878036,-28.14523635425106,22.80476364574894,-0.0012856102333258998,-29.928263365148606,21.021736634851397,60.390579199723774,-0.043208857723323585,60.34737034200045,-1.4288941257637615,,
final,2026-09-09,2026-10-27,0.1315068493150684,23100.0,PE,167.55,0.0241210033483774,23663.96958959491,0.9837496654947532,0.0317873294162682,0.1150073693018507,0.1208974432955865,test,50826bed50da889b90b208c9b6368d3768c0eabb416178b176f064d3f93de3f5,True,0.0310297605283714,0.0371378527743859,0.0319380170655707,0.0364632052128405,0.036477898546325,0.031777649624636,,0.0299042921557483,0.0303057491824376,0.0300833386355836,0.006108092246014503,142.1928580363155,309.7428580363155,0.005433444684469102,126.48745263646,294.03745263646,0.005448138017953602,126.82950494970152,294.3795049497015,-0.0011254683726231,-26.200253383072354,141.34974661692766,0.000908256537199302,21.1436873663465,188.69368736634652,0.000747889096264602,17.410426006819076,184.9604260068191,,,,-0.0007240113459337991,-16.85456577644521,150.6954342235548,-0.0009464218927877979,-22.032154791284537,145.51784520871547,126.48745263646,0.3420523132415051,126.82950494970152,17.410426006819076,,
final,2026-09-09,2026-10-27,0.1315068493150684,23400.0,PE,255.55,0.0112175985124696,23663.96958959491,0.9837496654947532,0.0223820923623793,0.1107907506805247,0.138335302016165,test,50826bed50da889b90b208c9b6368d3768c0eabb416178b176f064d3f93de3f5,True,0.0221324220053919,0.0289859951288149,0.0232415169498106,0.0282427055433254,0.0282586165612581,0.0230647066468809,,0.02140996741618,0.0218797536461247,0.0216200446754865,0.006853573123422999,159.54722209971024,415.0972220997103,0.006110283537933497,142.2438700459912,397.7938700459912,0.006126194555866198,142.6142693495698,398.16426934956985,-0.0007224545892119023,-16.81832537950324,238.73167462049676,0.0011090949444186975,25.819089435563942,281.369089435564,0.0009322846414889993,21.703047750004103,277.2530477500041,,,,-0.00025266835926720035,-5.881973403887666,249.66802659611236,-0.0005123773299053995,-11.927848172201928,243.6221518277981,142.2438700459912,0.37039930357863027,142.6142693495698,21.703047750004103,,
final,2026-09-09,2026-10-27,0.1315068493150684,23550.0,PE,319.25,0.0048278004136986,23663.96958959491,0.9837496654947532,0.0186196690841395,0.110916370204472,0.1432582842544606,test,50826bed50da889b90b208c9b6368d3768c0eabb416178b176f064d3f93de3f5,True,0.0185299936796864,0.0252971528198263,0.0193904152001335,0.024532558593906,0.0245455744399915,0.019215279655785,,0.0177626666254943,0.018250202393488,0.0179808109474141,0.0067671591401399014,157.5355545016409,476.7855545016409,0.006002564914219601,139.73624272919494,458.98624272919494,0.0060155807603051,140.03924410509353,459.28924410509353,-0.0007673270541921004,-17.86293043549795,301.38706956450204,0.0008604215204471022,20.030115816956677,339.28011581695665,0.000685285976098602,15.9530615434381,335.2030615434381,,,,-0.00027979128619839977,-6.513379470352013,312.736620529648,-0.0005491827322723006,-12.78465667196567,306.46534332803435,139.73624272919494,0.3030013758985751,140.03924410509353,15.9530615434381,,
final,2026-09-09,2026-10-27,0.1315068493150684,23700.0,CE,339.2,-0.0015214272649601,23663.96958959491,0.9837496654947532,0.0145486568269599,0.1058211475599837,0.1446416476716862,test,50826bed50da889b90b208c9b6368d3768c0eabb416178b176f064d3f93de3f5,True,0.0145708083968532,0.021880267795716,0.0159021804320749,0.0211050321777628,0.0211140727714565,0.0157369198337516,,0.0145327773004287,0.0150252690361238,0.0147531660013551,0.007309459398862798,170.15999116628961,509.3599911662896,0.0065342237809096,152.11295393625417,491.3129539362542,0.0065432643746033,152.32341373349956,491.5234137334995,-3.80310964245012e-05,-0.8853419491794763,338.3146580508205,0.0013313720352216979,30.993571670651196,370.1935716706512,0.0011661114368984003,27.146400434539935,366.34640043453993,,,,0.00045446063927059854,10.579581080338512,349.7795810803385,0.00018235760450189924,4.24517966075255,343.44517966075256,152.11295393625417,0.21045979724538505,152.32341373349956,27.146400434539935,,
final,2026-09-09,2026-10-27,0.1315068493150684,23850.0,CE,266.35,-0.0078305964582248,23663.96958959491,0.9837496654947532,0.0113521917987941,0.1036032253586471,0.1420937686271678,test,50826bed50da889b90b208c9b6368d3768c0eabb416178b176f064d3f93de3f5,True,0.0114414351901588,0.0187424910446865,0.0127933928343969,0.0179683842201441,0.0179733216742628,0.0126466405588941,,0.0117193377295673,0.0122038429164704,0.0119360781829527,0.007301055854527701,169.96436151000503,436.314361510005,0.006526949029985301,151.94360193832009,418.2936019383201,0.006531886484103999,152.05854301718458,418.40854301718457,0.0002779025394085005,6.469410536461414,272.8194105364614,0.0013519576442380995,31.47279275353026,297.8227927535303,0.0012052053687353,28.056484577979784,294.4064845779798,,,,0.0007624077263116008,17.748411324984783,284.0984113249848,0.0004946429927938992,11.515003051712938,277.86500305171296,151.94360193832009,0.11494107886449698,152.05854301718458,28.056484577979784,,
final,2026-09-09,2026-10-27,0.1315068493150684,24000.0,CE,213.2,-0.0141002094718202,23663.96958959491,0.9837496654947532,0.0090300750738915,0.1044409130680865,0.1359163546830946,test,50826bed50da889b90b208c9b6368d3768c0eabb416178b176f064d3f93de3f5,True,0.0091583029192485,0.0158878970173677,0.0100731758057523,0.0151273536642345,0.0151270752092197,0.0099530908306881,,0.0093102735325129,0.0097747042406626,0.0095178678583166,0.006729594098119199,156.66106202968072,369.86106202968074,0.005969050744986,138.95605223499473,352.1560522349947,0.0059687722899712005,138.9495699631504,352.1495699631504,0.00015197061326439887,3.5377880633181853,216.73778806331816,0.0009148728865037998,21.297712155017134,234.49771215501713,0.0007947879114395991,18.502203324458808,231.7022033244588,,,,0.0006164013214140993,14.349466586137767,227.54946658613775,0.00035956493906809904,8.370464013392578,221.57046401339255,138.95605223499473,-0.006482271844326724,138.9495699631504,18.502203324458808,,
final,2026-09-09,2026-10-27,0.1315068493150684,24150.0,CE,160.9,-0.0203307592224563,23663.96958959491,0.9837496654947532,0.0067725826128402,0.1026160080965226,0.1258658010982643,test,50826bed50da889b90b208c9b6368d3768c0eabb416178b176f064d3f93de3f5,True,0.0069116835821158,0.0133171865897701,0.0077419300749725,0.012582766286729,0.0125783682111856,0.0076551419485653,,0.0072835495571041,0.007717537629117,0.007477294549768,0.006405503007654301,149.11640871384728,310.0164087138473,0.0056710827046132,132.01952843057214,292.91952843057214,0.0056666846290698,131.91714377327037,292.81714377327035,0.00037186597498830003,8.656825021683186,169.55682502168318,0.0008302464928566997,19.32765861074738,180.2276586107474,0.0007434583664494999,17.307281176940783,178.2072811769408,,,,0.0008058540470011998,18.759816565966094,179.6598165659661,0.0005656109676521999,13.167096498850313,174.06709649885033,132.01952843057214,-0.1023846573017634,131.91714377327037,17.307281176940783,,
final,2026-09-09,2026-10-27,0.1315068493150684,24300.0,CE,123.95,-0.0265227294703774,23663.96958959491,0.9837496654947532,0.0051850823681877,0.1030758066984364,0.1139568333929217,test,50826bed50da889b90b208c9b6368d3768c0eabb416178b176f064d3f93de3f5,True,0.0053244448726118,0.0110274888896944,0.0057905129891774,0.0103312677331566,0.0103252743117738,0.0057410777322911,,0.0056090122285518,0.006004538983697,0.005785288902784,0.0057030440170826,132.763569316592,256.713569316592,0.0050068228605448,116.5559430912261,240.5059430912261,0.005000829439162,116.41641970462493,240.36641970462495,0.00028456735594,6.624563614170737,130.57456361417073,0.0004660681165656001,10.849796444594816,134.79979644459482,0.0004166328596793001,9.698972229553032,133.64897222955304,,,,0.0006800941110852001,15.832197925951629,139.78219792595164,0.0004608440301722,10.728182732000532,134.67818273200052,116.5559430912261,-0.13952338660115865,116.41641970462493,9.698972229553032,,
final,2026-09-09,2026-10-27,0.1315068493150684,24450.0,CE,94.4,-0.0326765950447556,23663.96958959491,0.9837496654947532,0.0039247186867959,0.1036301435367329,0.1007460666355359,test,50826bed50da889b90b208c9b6368d3768c0eabb416178b176f064d3f93de3f5,True,0.0040550834689355,0.0090122824327995,0.0042000307848795,0.0083652162981457,0.0083584360299454,0.0041886084126004,,0.004250675731261,0.0046024123504418,0.0044071034559319,0.004957198963863999,115.40072745077045,209.80072745077047,0.004310132829210201,100.33740173152155,194.73740173152157,0.004303352561009901,100.17956100567422,194.57956100567424,0.00019559226232550037,4.5532748474777405,98.95327484747774,0.00014494731594400043,3.374289759984952,97.77428975998495,0.0001335249436649,3.108383533539233,97.50838353353925,,,,0.0005473288815063,12.741500097347394,107.1415000973474,0.00035201998699639983,8.194821888877849,102.59482188887786,100.33740173152155,-0.15784072584733744,100.17956100567422,3.108383533539233,,
final,2026-09-09,2026-10-27,0.1315068493150684,24600.0,CE,70.4,-0.0387928220621917,23663.96958959491,0.9837496654947532,0.0029090618459798,0.10390114433712,0.086806191282422,test,50826bed50da889b90b208c9b6368d3768c0eabb416178b176f064d3f93de3f5,True,0.0030241300446299,0.0072614513166118,0.0029423725234099,0.0066727612139116,0.0066649559349034,0.0029658501811713,,0.0031691769769915,0.0034745292094776,0.0033046297004427,0.004237321271981899,98.64239075209137,169.04239075209136,0.0036486311692817005,84.93802532518544,155.33802532518544,0.0036408258902734998,84.75632294001417,155.15632294001418,0.00014504693236160006,3.3766087726251217,73.77660877262512,-8.17575212199999e-05,-1.9032678518930302,68.49673214810697,-5.8279863458599816e-05,-1.3567215453485897,69.04327845465141,,,,0.0004503991648476999,10.485032302623152,80.88503230262316,0.0002804996558127999,6.529869905656647,76.92986990565666,84.93802532518544,-0.1817023851712605,84.75632294001417,-1.3567215453485897,,
final,2026-09-09,2026-10-27,0.1315068493150684,24800.0,CE,48.95,-0.0468900322948111,23663.96958959491,0.9837496654947532,0.0020063949110345,0.1057662472535932,0.0701363250531749,test,50826bed50da889b90b208c9b6368d3768c0eabb416178b176f064d3f93de3f5,True,0.0021027154216566,0.0053144621515494,0.0017201233233075,0.0048139643657132,0.0048070796848327,0.0017793130871879,,0.002088146190942,0.0023319153778995,0.0021958421832541,0.0032117467298927995,74.76760802200286,123.71760802200286,0.0027112489440565997,63.11630877135168,112.06630877135169,0.0027043642631760997,62.95603737864228,111.90603737864228,-1.4569230714600069e-05,-0.3391632724687793,48.61083672753122,-0.0003825920983491001,-8.906522975625748,40.043477024374255,-0.0003234023344687001,-7.528619474227193,41.42138052577281,,,,0.00022919995624289978,5.3356425422752185,54.28564254227522,9.312676159750014e-05,2.1679371983708076,51.11793719837081,63.11630877135168,-0.1602713927094056,62.95603737864228,-7.528619474227193,,
final,2026-09-09,2026-10-27,0.1315068493150684,25000.0,CE,35.7,-0.0549222039920754,23663.96958959491,0.9837496654947532,0.0014515888036229,0.1091602543088149,0.0567843631817767,test,50826bed50da889b90b208c9b6368d3768c0eabb416178b176f064d3f93de3f5,True,0.0015335432186546,0.0037728678241212,0.0009247754814616,0.0033664635607117,0.0033639685016389,0.0010024151190283,,0.0013355742153066,0.0015223657128228,0.0014177017127805,0.0022393246054666005,52.130182861941094,87.8301828619411,0.0018329203420571,42.669326443139184,78.36932644313919,0.0018304252829843,42.61124290964927,78.31124290964928,-0.00019796900334799993,-4.6086040051246115,31.09139599487539,-0.0006087677371929999,-14.17176115639949,21.528238843600512,-0.0005311280996262999,-12.364355256510509,23.335644743489496,,,,-1.1177505831799859e-05,-0.26020587704422043,35.43979412295578,-0.00011584150587409998,-2.696723319824891,33.00327668017511,42.669326443139184,-0.05808353348991383,42.61124290964927,-12.364355256510509,,
final,2026-09-09,2026-10-27,0.1315068493150684,26000.0,CE,11.75,-0.0941429171453566,23663.96958959491,0.9837496654947532,0.0004593882903083,0.1337471843634861,0.0230456495455202,test,50826bed50da889b90b208c9b6368d3768c0eabb416178b176f064d3f93de3f5,True,0.0005047376139828,0.0003730676187561,5.386727657146146e-06,0.0003197006313823,0.0003237791149758,1.929688896267238e-05,,9.112886486609129e-05,0.0001187416166498,0.0001028524396911,-0.00013166999522670004,-3.065201405746426,8.684798594253575,-0.00018503698260050007,-4.307554034657684,7.442445965342316,-0.00018095849900700005,-4.212609293279164,7.537390706720836,-0.00041360874911670876,-9.628572683083634,2.1214273169163658,-0.0004993508863256539,-11.62460009276085,0.1253999072391494,-0.00048544072502012766,-11.300779575303944,0.4492204246960565,,,,-0.000385995997333,-8.985763777089323,2.764236222910677,-0.00040188517429170004,-9.355654635413627,2.394345364586373,-4.307554034657684,0.09494474137851983,-4.212609293279164,-11.300779575303944,,
final,2026-09-09,2026-11-23,0.2054794520547945,22500.0,PE,111.8,0.0554605644364855,23783.114965095177,0.9694553229549624,0.0621527757000868,0.1256405565842278,0.1094351525761673,test,50826bed50da889b90b208c9b6368d3768c0eabb416178b176f064d3f93de3f5,True,0.0587995918660925,0.0647696561618244,0.0609898368012867,0.0639259998163828,0.063927097484349,0.0606238105549006,,0.0569925579577512,0.0571004461632566,0.0571762965062956,0.0059700642957318945,137.6497868194927,249.44978681949272,0.005126407950290304,118.19788306328527,229.99788306328526,0.005127505618256492,118.2231916284966,230.0231916284966,-0.0018070339083413045,-41.66417980399347,70.13582019600653,0.0021902449351942008,50.499748993908426,162.29974899390842,0.0018242186888080963,42.06040357154733,153.86040357154732,,,,-0.0016991457028358997,-39.176637333341404,72.6233626666586,-0.0016232953597969044,-37.42778120176383,74.37221879823616,118.19788306328527,0.025308565211325997,118.2231916284966,42.06040357154733,,
final,2026-09-09,2026-11-23,0.2054794520547945,23300.0,PE,275.15,0.020522513075205,23783.114965095177,0.9694553229549624,0.0329156278893096,0.1145949222439448,0.1654999573584272,test,50826bed50da889b90b208c9b6368d3768c0eabb416178b176f064d3f93de3f5,True,0.0322470009057472,0.0409989581187966,0.0359849249068883,0.0399240294967775,0.0399366044529692,0.0355090992886319,,0.0311283856891999,0.0313186639736962,0.031451127193302,0.008751957213049402,201.7909665547215,476.9409665547215,0.0076770285910303035,177.00669483877334,452.1566948387733,0.007689603547222,177.29663142124684,452.4466314212468,-0.0011186152165472973,-25.7915389957956,249.35846100420437,0.0037379240011411047,86.18407045840043,361.3340704584004,0.003262098382884701,75.21311743816705,350.363117438167,,,,-0.0009283369320510007,-21.404355876843436,253.74564412315655,-0.0007958737124451956,-18.350195479743828,256.79980452025615,177.00669483877334,0.28993658247348747,177.29663142124684,75.21311743816705,,
final,2026-09-09,2026-11-23,0.2054794520547945,23450.0,PE,319.8,0.0141053787545715,23783.114965095177,0.9694553229549624,0.0282725338844412,0.1119552485270828,0.1727095502881432,test,50826bed50da889b90b208c9b6368d3768c0eabb416178b176f064d3f93de3f5,True,0.0278765384838433,0.03712381672795,0.0319614768364331,0.0360265588962077,0.0360429150069049,0.0314833129773989,,0.0271604218632848,0.0273603040409942,0.0274993383491113,0.009247278244106701,213.2114188237184,533.0114188237184,0.008150020412364397,187.91230994589168,507.71230994589166,0.0081663765230616,188.28942735018424,508.0894273501842,-0.0007161166205585032,-16.511262739372057,303.28873726062795,0.004084938352589797,94.18506494255801,413.98506494255804,0.003606774493555596,83.16019988241133,402.96019988241136,,,,-0.000516234442849102,-11.902645848866356,307.89735415113364,-0.000377200134732001,-8.696978049510035,311.10302195048996,187.91230994589168,0.3771174042925572,188.28942735018424,83.16019988241133,,
final,2026-09-09,2026-11-23,0.2054794520547945,23600.0,PE,378.15,0.0077291616152954,23783.114965095177,0.9694553229549624,0.0242872608449281,0.1111199915043198,0.1779775709117707,test,50826bed50da889b90b208c9b6368d3768c0eabb416178b176f064d3f93de3f5,True,0.0241002642749496,0.0334511004821176,0.0281794346040055,0.0323406408492962,0.032359783555304,0.0277069791930977,,0.0235100800366028,0.0237164677379655,0.0238599530041148,0.009350836207168,215.5991203345781,593.749120334578,0.008240376574346599,189.99562192019812,568.1456219201981,0.0082595192803544,190.43698892574375,568.5869889257438,-0.0005901842383468012,-13.607681687907595,364.5423183120924,0.004079170329055901,94.05207354238527,472.2020735423853,0.0036067149181480997,83.1588262720555,461.3088262720555,,,,-0.00038379653698410177,-8.84906910226912,369.30093089773084,-0.0002403112708348025,-5.540777043955885,372.6092229560441,189.99562192019812,0.4413670055456147,190.43698892574375,83.1588262720555,,
final,2026-09-09,2026-11-23,0.2054794520547945,23750.0,PE,436.15,0.0013933431662096,23783.114965095177,0.9694553229549624,0.0203371269399188,0.1084959287848196,0.1805868431101711,test,50826bed50da889b90b208c9b6368d3768c0eabb416178b176f064d3f93de3f5,True,0.0203088100752129,0.0299864632415879,0.0246487668242901,0.0288726703644341,0.0288921702376717,0.0241905756909847,,0.0201836332695353,0.0203931696804957,0.0205388127507666,0.009677653166375002,223.1344302634846,659.2844302634846,0.008563860289221202,197.4540783431717,633.6040783431716,0.008583360162458802,197.90368043474075,634.0536804347407,-0.0001251768056775987,-2.88615997462288,433.2638400253771,0.004339956749077202,100.06493929108656,536.2149392910866,0.0038817656157718004,89.50057872512748,525.6505787251275,,,,8.435960528280217e-05,1.945051360946976,438.09505136094697,0.00023000267555370324,5.303095191204954,441.4530951912049,197.4540783431717,0.4496020915690391,197.90368043474075,89.50057872512748,,
final,2026-09-09,2026-11-23,0.2054794520547945,23900.0,CE,392.6,-0.004902585290605,23783.114965095177,0.9694553229549624,0.0169443375612276,0.1069469283155044,0.1803061389625856,test,50826bed50da889b90b208c9b6368d3768c0eabb416178b176f064d3f93de3f5,True,0.0170276125859747,0.0267343254119991,0.0213773807850577,0.0256275945781855,0.0256457574699237,0.0209421770813597,,0.0171819304680968,0.0173911676919393,0.0175366147323613,0.009706712826024401,223.80444917075943,616.4044491707594,0.0085999819922108,198.28692443490135,590.8869244349014,0.008618144883948999,198.70570018871962,591.3057001887196,0.00015431788212209863,3.558056081863078,396.1580560818631,0.0043497681990830005,100.29115863057572,492.8911586305758,0.003914564495384999,90.25681158344071,482.85681158344073,,,,0.0003635551059645997,8.382369159565345,400.9823691595654,0.0005090021463865987,11.735893194796843,404.3358931947969,198.28692443490135,0.41877575381826915,198.70570018871962,90.25681158344071,,
final,2026-09-09,2026-11-23,0.2054794520547945,24050.0,CE,331.3,-0.0111591229049102,23783.114965095177,0.9694553229549624,0.0142094921233494,0.1070601346184373,0.1770550419851571,test,50826bed50da889b90b208c9b6368d3768c0eabb416178b176f064d3f93de3f5,True,0.0143689456182715,0.0236977444641496,0.0183707859285832,0.0226087443542711,0.0226239034334057,0.0179670587234645,,0.0145004551355064,0.0147060237625245,0.0148489739599733,0.009328798845878101,215.09101222495735,546.3910122249574,0.0082397987359996,189.98229889362077,521.2822988936208,0.008254957815134202,190.3318167393079,521.6318167393079,0.00013150951723490088,3.032171198735688,334.3321711987357,0.004001840310311701,92.26910102021388,423.5691010202139,0.003598113105193002,82.9604971317183,414.2604971317183,,,,0.00033707814425300124,7.7718986596353945,339.0718986596354,0.00048002834170180093,11.067853816885401,342.36785381688543,189.98229889362077,0.34951784568712474,190.3318167393079,82.9604971317183,,
final,2026-09-09,2026-11-23,0.2054794520547945,24200.0,CE,268.05,-0.0173767595157808,23783.114965095177,0.9694553229549624,0.0114254324244979,0.1048538156926677,0.1705772431153798,test,50826bed50da889b90b208c9b6368d3768c0eabb416178b176f064d3f93de3f5,True,0.0116257044158699,0.0208783050456085,0.0156317999310935,0.0198176927429247,0.019828819586707,0.0152673640370924,,0.0121296441303686,0.0123284113591442,0.0124667229883899,0.0092526006297386,213.3341352990042,481.38413529900424,0.008191988327054799,188.87995019635306,456.92995019635305,0.0082031151708371,189.13649813264624,457.18649813264625,0.0005039397144986999,11.619170386525637,279.66917038652565,0.004006095515223599,92.36721186458365,360.4172118645837,0.0036416596212225007,83.96453466821141,352.0145346682114,,,,0.0007027069432742998,16.202080270297408,284.2520802702974,0.0008410185725200008,19.391085503279317,287.44108550327934,188.87995019635306,0.25654793629316974,189.13649813264624,83.96453466821141,,
final,2026-09-09,2026-11-23,0.2054794520547945,24400.0,CE,205.9,-0.0256072586522962,23783.114965095177,0.9694553229549624,0.0087043976038449,0.1046778301951274,0.1583036791987005,test,50826bed50da889b90b208c9b6368d3768c0eabb416178b176f064d3f93de3f5,True,0.0089301717561186,0.0174566415973529,0.0123954719512008,0.0164498618670537,0.0164550629687279,0.0120935751604243,,0.0094269496512436,0.0096124326437588,0.0097416700475118,0.008526469841234301,196.5919792200246,402.49197922002463,0.007519690110935099,173.37899383409717,379.27899383409715,0.007524891212609299,173.49891390550948,379.3989139055095,0.0004967778951249988,11.454042699251907,217.35404269925192,0.0034653001950821997,79.89827403695226,285.79827403695225,0.0031634034043056987,72.9375401430839,278.8375401430839,,,,0.0006822608876401997,15.730662365913124,221.63066236591314,0.0008114982913931985,18.710446199802995,224.610446199803,173.37899383409717,0.11992007141229374,173.49891390550948,72.9375401430839,,
final,2026-09-09,2026-11-23,0.2054794520547945,24700.0,CE,131.2,-0.0378273699870715,23783.114965095177,0.9694553229549624,0.0054790981749398,0.1035536343945851,0.1331597712037777,test,50826bed50da889b90b208c9b6368d3768c0eabb416178b176f064d3f93de3f5,True,0.005690327996128,0.0130366127551032,0.0084100283268621,0.0121411562465008,0.0121418546410771,0.0082155183307978,,0.0062634372185811,0.0064223719540174,0.0065334305565697,0.0073462847589752,169.3808443086886,300.5808443086886,0.006450828250372801,148.73460141924974,279.9346014192497,0.0064515266449491,148.750704070709,279.950704070709,0.0005731092224530998,13.213988725607715,144.4139887256077,0.0027197003307341,62.70722595166919,193.90722595166918,0.0025251903346698006,58.22247366656355,189.42247366656355,,,,0.0007320439578894005,16.87849405876799,148.07849405876797,0.0008431025604417001,19.439135319654223,150.6391353196542,148.73460141924974,0.016102651459245842,148.750704070709,58.22247366656355,,
final,2026-09-09,2026-11-23,0.2054794520547945,25500.0,CE,44.0,-0.0697025785175205,23783.114965095177,0.9694553229549624,0.001779855301448,0.1100951298727715,0.0705834906706099,test,50826bed50da889b90b208c9b6368d3768c0eabb416178b176f064d3f93de3f5,True,0.0019083417060185,0.0050855861413822,0.002225475760622,0.0045876470042837,0.0045963371818017,0.0022772931195789,,0.0017498470380744,0.0018292409683717,0.0018854287136568,0.0031772444353637,73.25666819265247,117.25666819265247,0.0026793052982652006,61.775851123447374,105.77585112344738,0.0026879954757832005,61.97621765612131,105.9762176561213,-0.0001584946679440999,-3.6543588433593297,40.34564115664067,0.00031713405460350006,7.3120544180038,51.3120544180038,0.00036895141356039986,8.506790028986357,52.50679002898636,,,,-7.91007376467999e-05,-1.8237993989664056,42.17620060103359,-2.2912992361699908e-05,-0.5282972440078217,43.471702755992176,61.775851123447374,0.20036653267393037,61.97621765612131,8.506790028986357,,
final,2026-09-10,2026-09-29,0.0520547945205479,21000.0,PE,7.4,0.112054416532944,23490.048285754092,0.9981955171950552,0.1189267458602847,0.2327376864619437,0.0092826864128926,test,ef39a7fefc5e6de6ad76334bdd96020c7c96d507cd0be0ec479c5590d7d057b1,True,0.1063199884770183,0.1060462079086317,0.1060045504426935,0.1060461462686959,0.1060450817605965,0.1060046182624392,,0.1060043970328316,0.1060044055940355,0.1060044048036739,-0.0002737805683866029,-6.419513927863491,0.9804860721365092,-0.00027384220832239736,-6.420959240175745,0.9790407598242554,-0.0002749067164218022,-6.445919465113269,0.9540805348867316,-0.00031559144418670526,-7.399881165453248,0.00011883454675221117,-0.0003154380343248081,-7.396284063033146,0.0037159369668540165,-0.00031537021457909986,-7.394693848633622,0.005306151366378131,,,,-0.0003155828829828067,-7.39968042524736,0.0003195747526403281,-0.0003155836733444023,-7.39969895737804,0.00030104262196051224,-6.420959240175745,-0.02496022493752424,-6.445919465113269,-7.394693848633622,,
final,2026-09-10,2026-09-29,0.0520547945205479,22000.0,PE,14.2,0.0655344008980511,23490.048285754092,0.9981955171950552,0.0683760888968616,0.1651504748035465,0.0194076558211502,test,ef39a7fefc5e6de6ad76334bdd96020c7c96d507cd0be0ec479c5590d7d057b1,True,0.0640387766526323,0.0641228669994066,0.0634600197525101,0.064098028864078,0.0641040549162467,0.0634627255344553,,0.0634529334216561,0.0634627494105241,0.0634620344743039,8.409034677429872e-05,1.9717219359198932,16.17172193591989,5.925221144570392e-05,1.389325761407915,15.589325761407915,6.527826361439615e-05,1.5306225892102665,15.730622589210267,-0.0005858432309761991,-13.736653419046261,0.46334658095373804,-0.0005787569001221987,-13.57049553617392,0.6295044638260787,-0.0005760511181770039,-13.507051278660322,0.6929487213396772,,,,-0.0005760272421082013,-13.506491440695472,0.6935085593045276,-0.0005767421783283988,-13.523255022750027,0.6767449772499727,1.389325761407915,0.14129682780235156,1.5306225892102665,-13.507051278660322,,
final,2026-09-10,2026-09-29,0.0520547945205479,22250.0,PE,18.5,0.0542348456441177,23490.048285754092,0.9981955171950552,0.0565654709678116,0.1494683847835343,0.0250076892402551,test,ef39a7fefc5e6de6ad76334bdd96020c7c96d507cd0be0ec479c5590d7d057b1,True,0.0535793589576014,0.0540496952625271,0.0528741588313286,0.0540023528751928,0.0540095478201637,0.0528789920109926,,0.0528782411426234,0.052909504129731,0.0529073195042327,0.00047033630492569756,11.028286185697436,29.528286185697436,0.0004229939175913952,9.918217941402952,28.41821794140295,0.0004301888625622974,10.086922571257093,28.58692257125709,-0.0007011178149780029,-16.439572774824985,2.0604272251750153,-0.0007052001262728008,-16.535293425743586,1.9647065742564145,-0.0007003669466087992,-16.42196666792521,2.0780333320747886,,,,-0.0006698548278704017,-15.70652885448194,2.79347114551806,-0.000672039453368703,-15.757753212354217,2.742246787645783,9.918217941402952,0.1687046298541399,10.086922571257093,-16.42196666792521,,
final,2026-09-10,2026-09-29,0.0520547945205479,22700.0,PE,39.05,0.03421192976901,23490.048285754092,0.9981955171950552,0.0365272633564081,0.1270724534474973,0.0445954724604922,test,ef39a7fefc5e6de6ad76334bdd96020c7c96d507cd0be0ec479c5590d7d057b1,True,0.0352987302581802,0.0369900060323583,0.0341780507518008,0.0368723606366427,0.0368735654451088,0.0341836744258786,,0.0344113550554324,0.0345542436464378,0.0345447959882733,0.0016912757741781026,39.656460837144344,78.70646083714433,0.001573630378462497,36.89795149224849,75.94795149224848,0.0015748351869286012,36.92620143260818,75.97620143260818,-0.0008873752027478005,-20.806872842911904,18.243127157088093,-0.0011206795063794031,-26.277313040401296,12.772686959598701,-0.0011150558323015994,-26.145451037626696,12.904548962373301,,,,-0.0007444866117424023,-17.456469614890743,21.593530385109254,-0.0007539342699069002,-17.677995099807717,21.37200490019228,36.89795149224849,0.02824994035969232,36.92620143260818,-26.145451037626696,,
final,2026-09-10,2026-09-29,0.0520547945205479,22950.0,PE,66.75,0.0232589177498127,23490.048285754092,0.9981955171950552,0.0264452702711455,0.1178870002933752,0.0618966979098095,test,ef39a7fefc5e6de6ad76334bdd96020c7c96d507cd0be0ec479c5590d7d057b1,True,0.0258372799127392,0.0284487211367084,0.0243686814223287,0.0282778460691351,0.0282793603033935,0.0243665867802053,,0.0250166614973579,0.0252624405393476,0.0252465110604238,0.0026114412239692,61.23218827347388,127.98218827347388,0.002440566156395898,57.22556763317169,123.97556763317169,0.0024420803906543,57.261072884582134,124.01107288458213,-0.0008206184153813009,-19.24158233013337,47.50841766986663,-0.001468598490410502,-34.43519939777744,32.31480060222256,-0.0014706931325339026,-34.48431385598863,32.26568614401137,,,,-0.000574839373391603,-13.478638697837884,53.27136130216212,-0.0005907688523154007,-13.852147717917527,52.897852282082475,57.22556763317169,0.035505251410439316,57.261072884582134,-34.48431385598863,,
final,2026-09-10,2026-09-29,0.0520547945205479,23100.0,PE,95.55,0.0167442367286191,23490.048285754092,0.9981955171950552,0.0210290483019245,0.1143558773741212,0.0734568931475369,test,ef39a7fefc5e6de6ad76334bdd96020c7c96d507cd0be0ec479c5590d7d057b1,True,0.0206798645053896,0.0237650067031542,0.0189082297332122,0.0235609395013779,0.0235641759942138,0.0188977054322241,,0.0199313350112319,0.020239308336899,0.0202195131262691,0.003085142197764599,72.33936807386057,167.88936807386057,0.0028810749959882996,67.55446952630102,163.10446952630102,0.0028843114888242004,67.63035771281453,163.18035771281453,-0.0007485294941577021,-17.5512657508133,77.9987342491867,-0.0017716347721773995,-41.540691372297566,54.00930862770243,-0.0017821590731654999,-41.787461613050134,53.76253838694986,,,,-0.0004405561684906016,-10.330011645084976,85.21998835491502,-0.0004603513791205001,-10.794163031330118,84.75583696866988,67.55446952630102,0.07588818651350313,67.63035771281453,-41.787461613050134,,
final,2026-09-10,2026-09-29,0.0520547945205479,23250.0,PE,135.15,0.0102717222230017,23490.048285754092,0.9981955171950552,0.0161480689234622,0.111078068811661,0.083407176322532,test,ef39a7fefc5e6de6ad76334bdd96020c7c96d507cd0be0ec479c5590d7d057b1,True,0.0159830494132355,0.019469746991968,0.0139357918736999,0.0192347423743113,0.019236740046097,0.0139164630653605,,0.0153922270790892,0.0157509096703049,0.0157279836519019,0.0034866975787325,81.75490247837644,216.90490247837644,0.0032516929610757993,76.24459389420723,211.39459389420722,0.0032536906328614994,76.2914346248229,211.4414346248229,-0.0005908223341463004,-13.853401741752641,121.29659825824737,-0.0020472575395356005,-48.00340055695287,87.14659944304714,-0.002066586347875,-48.45661590044856,86.69338409955145,,,,-0.00023213974293060172,-5.443133973077726,129.70686602692228,-0.0002550657613335991,-5.980695478321858,129.16930452167816,76.24459389420723,0.046840730615669283,76.2914346248229,-48.45661590044856,,
final,2026-09-10,2026-09-29,0.0520547945205479,23400.0,PE,187.55,0.003840831892711,23490.048285754092,0.9981955171950552,0.0118776636025898,0.1078362607311333,0.0897390796748125,test,ef39a7fefc5e6de6ad76334bdd96020c7c96d507cd0be0ec479c5590d7d057b1,True,0.0118321309909422,0.0156039981492662,0.0096098111145848,0.0153435011123341,0.0153410574917155,0.0095862120242058,,0.011483949292011,0.0118727589096595,0.0118479794010043,0.0037718671583239997,88.44146207893058,275.99146207893057,0.0035113701213918998,82.33341589213401,269.88341589213405,0.0035089265007733003,82.27611870450687,269.8261187045069,-0.00034818169893119887,-8.164046407266419,179.38595359273359,-0.0022223198763574002,-52.10820286668051,135.4417971333195,-0.002245918966736399,-52.66154633537755,134.88845366462246,,,,4.062791871729983e-05,0.9526296610558667,188.5026296610559,1.5848410062101193e-05,0.3716081449012324,187.92160814490126,82.33341589213401,-0.057297187627145085,82.27611870450687,-52.66154633537755,,
final,2026-09-10,2026-09-29,0.0520547945205479,23550.0,CE,193.6,-0.0025489662060597,23490.048285754092,0.9981955171950552,0.0082356679151954,0.1040016280212609,0.0906061334941472,test,ef39a7fefc5e6de6ad76334bdd96020c7c96d507cd0be0ec479c5590d7d057b1,True,0.0082566871316512,0.01219928972272,0.0060762147723467,0.0119219911168053,0.0119167319770149,0.0060587050462346,,0.0082524235460337,0.0086452343696312,0.0086202064805585,0.0039426025910688,92.44480860912456,286.0448086091246,0.003665303985154099,85.94280493027743,279.54280493027744,0.0036600448453636986,85.81949040385939,279.4194904038594,-4.26358561750155e-06,-0.09997110976678425,193.5000288902332,-0.0021804723593045004,-51.12697647742029,142.4730235225797,-0.002197982085416601,-51.53753859770555,142.06246140229445,,,,0.0003885472379799998,9.110523878828916,202.71052387882892,0.00036351934890729853,8.523678422871093,202.12367842287108,85.94280493027743,-0.12331452641803914,85.81949040385939,-51.53753859770555,,
final,2026-09-10,2026-09-29,0.0520547945205479,23700.0,CE,130.5,-0.0088981938847185,23490.048285754092,0.9981955171950552,0.005516283152019,0.1024197875326848,0.0850268585681834,test,ef39a7fefc5e6de6ad76334bdd96020c7c96d507cd0be0ec479c5590d7d057b1,True,0.0055655871419445,0.0092740445736859,0.0034274713064628,0.0089913856208763,0.0089857925445355,0.0034286916051474,,0.0056962246641769,0.0060665894858465,0.0060429367220816,0.0037084574317413996,86.95465231241636,217.45465231241636,0.0034257984789317995,80.32696103728446,210.82696103728446,0.0034202054025909995,80.19581647987137,210.69581647987138,0.00013063752223239997,3.0631443217995207,133.5631443217995,-0.0021381158354816998,-50.1338150700249,80.3661849299751,-0.0021368955367971,-50.105201920274695,80.3947980797253,,,,0.0005010023439020002,11.747333068684375,142.24733306868438,0.0004773495801371,11.19273108463549,141.69273108463548,80.32696103728446,-0.1311445574131031,80.19581647987137,-50.105201920274695,,
final,2026-09-10,2026-09-29,0.0520547945205479,23850.0,CE,84.6,-0.0152073630779832,23490.048285754092,0.9981955171950552,0.0035535821892772,0.1018067194911308,0.0740176111870973,test,ef39a7fefc5e6de6ad76334bdd96020c7c96d507cd0be0ec479c5590d7d057b1,True,0.003608035802364,0.0068307647592564,0.0016602069607491,0.0065558369086261,0.0065511081816818,0.0016863958461275,,0.0037677205173479,0.0040940422205686,0.0040731005421521,0.0032227289568924,75.5654557458801,160.16545574588008,0.0029478011062621,69.11904073301264,153.71904073301263,0.0029430723793177995,69.00816314714564,153.60816314714563,0.0001596847149839,3.7442330474620333,88.34423304746203,-0.0019478288416149001,-45.672030164624836,38.92796983537516,-0.0019216399562365003,-45.0579620609877,39.542037939012296,,,,0.0004860064182045996,11.395713688087094,95.9957136880871,0.00046506473978809955,10.90468031395177,95.50468031395177,69.11904073301264,-0.11087758586699824,69.00816314714564,-45.0579620609877,,
final,2026-09-10,2026-09-29,0.0520547945205479,24000.0,CE,54.1,-0.0214769760915787,23490.048285754092,0.9981955171950552,0.0022582416248481,0.10270223997151,0.0604437104457578,test,ef39a7fefc5e6de6ad76334bdd96020c7c96d507cd0be0ec479c5590d7d057b1,True,0.0023072663937103,0.004854531608465,0.0006537324831941,0.00460046181104,0.0045979270794719,0.0006967289264757,,0.0023833462321425,0.0026523711021221,0.0026349792332203,0.0025472652147547,59.727410971655196,113.8274109716552,0.0022931954173297,53.77006851732835,107.87006851732835,0.0022906606857616,53.71063499105327,107.81063499105326,7.60798384321997e-05,1.783894252697479,55.88389425269748,-0.0016535339105162002,-38.771502416359056,15.328497583640946,-0.0016105374672346002,-37.76333639449199,16.336663605508008,,,,0.00034510470841179986,8.091898176982621,62.19189817698262,0.0003277128395099997,7.6840995325988235,61.78409953259882,53.77006851732835,-0.05943352627507966,53.71063499105327,-37.76333639449199,,
final,2026-09-10,2026-09-29,0.0520547945205479,24150.0,CE,34.75,-0.0277075258422148,23490.048285754092,0.9981955171950552,0.0014415246018019,0.1048617853603036,0.0471936523674176,test,ef39a7fefc5e6de6ad76334bdd96020c7c96d507cd0be0ec479c5590d7d057b1,True,0.0014820241623185,0.0033132540118638,0.0001928320473904,0.0030913335037328,0.0030885513466303,0.0002334639336482,,0.0014394590005753,0.0016472466772594,0.0016336820681611,0.0018312298495453002,42.93805653758247,77.68805653758247,0.0016093093414143002,37.734539716718096,72.4845397167181,0.0016065271843118002,37.66930464041501,72.419304640415,-4.256516174320005e-05,-0.9980534786032899,33.75194652139671,-0.0012891921149281,-30.22853954261022,4.521460457389779,-0.0012485602286703,-29.27581685201011,5.474183147989891,,,,0.00016522251494090006,3.8740815029721554,38.62408150297215,0.00015165790584260007,3.5560231486275975,38.306023148627595,37.734539716718096,-0.06523507630309039,37.66930464041501,-29.27581685201011,,
final,2026-09-10,2026-09-29,0.0520547945205479,24300.0,CE,23.85,-0.0338994960901358,23490.048285754092,0.9981955171950552,0.0009832557495744,0.1093216365169734,0.036758167102711,test,ef39a7fefc5e6de6ad76334bdd96020c7c96d507cd0be0ec479c5590d7d057b1,True,0.0010171590293898,0.0021598611192831,3.751953879654012e-05,0.0019778161123685,0.0019744414385554,6.156029703147277e-05,,0.0008289865155862,0.0009795325027759,0.0009695852343403,0.0011427020898932998,26.793691110722797,50.6436911107228,0.0009606570829786998,22.525161520499818,46.375161520499816,0.0009572824091655999,22.446033313290457,46.29603331329046,-0.00018817251380359994,-4.412205293903559,19.43779470609644,-0.0009796394905932598,-22.97025457726481,0.8797454227351906,-0.0009555987323583272,-22.406555030452484,1.4434449695475173,,,,-3.762652661389986e-05,-0.8822540367948045,22.967745963205196,-4.757379504949995e-05,-1.11549421392951,22.734505786070493,22.525161520499818,-0.07912820720935906,22.446033313290457,-22.406555030452484,,
final,2026-09-10,2026-09-29,0.0520547945205479,24450.0,CE,16.85,-0.040053361664514,23490.048285754092,0.9981955171950552,0.0006904073824422,0.1143198133940945,0.0285582736253885,test,ef39a7fefc5e6de6ad76334bdd96020c7c96d507cd0be0ec479c5590d7d057b1,True,0.0007186217880594,0.0013363007228992,3.924077234926555e-06,0.0011971518496412,0.0011954487943136,1.2530735557868268e-05,,0.0004547739688362,0.0005572146455497,0.0005503481730491,0.0006176789348398001,14.483126207674328,31.33312620767433,0.0004785300615818001,11.220410613246651,28.07041061324665,0.00047682700625419994,11.18047794943534,28.030477949435344,-0.00026384781922319996,-6.186614193699743,10.663385806300258,-0.0007146977108244734,-16.75798956765687,0.09201043234313033,-0.0007060910525015317,-16.556183561839585,0.293816438160416,,,,-0.00016140714250970003,-3.784619944007573,13.065380055992428,-0.0001682736150103,-3.945622662763891,12.90437733723611,11.220410613246651,-0.03993266381130949,11.18047794943534,-16.556183561839585,,
final,2026-09-10,2026-09-29,0.0520547945205479,24600.0,CE,12.6,-0.0461695886819501,23490.048285754092,0.9981955171950552,0.0005131210400448,0.1203416831480388,0.0226525949583621,test,ef39a7fefc5e6de6ad76334bdd96020c7c96d507cd0be0ec479c5590d7d057b1,True,0.0005373670343946,0.0007788370248432,1.5913281070287482e-07,0.0006806993079983,0.0006812781641316,1.95966693259937e-06,,0.0002374783846478,0.0003030252889039,0.0002985586235566,0.0002414699904486,5.661906452969818,18.261906452969818,0.00014333227360370006,3.360806547132284,15.960806547132284,0.00014391112973700004,3.3743793694543607,15.974379369454361,-0.0002998886497468,-7.031687366282649,5.56831263371735,-0.0005372079015838971,-12.596268707815643,0.0037312921843568603,-0.0005354073674620006,-12.554050394290973,0.04594960570902629,,,,-0.00023434174549069999,-5.494765782402415,7.105234217597585,-0.00023880841083799998,-5.599498636808676,7.000501363191324,3.360806547132284,0.013572822322076536,3.3743793694543607,-12.554050394290973,,
final,2026-09-10,2026-09-29,0.0520547945205479,24750.0,CE,10.35,-0.0522486347583324,23490.048285754092,0.9981955171950552,0.0004189377842097,0.1280861353896644,0.0188934929063321,test,ef39a7fefc5e6de6ad76334bdd96020c7c96d507cd0be0ec479c5590d7d057b1,True,0.0004414086353955,0.0004238344910748,1.5940052427277456e-09,0.0003607645088364,0.0003626241917761,2.375365981737229e-07,,0.0001179816593688,0.0001574657385976,0.0001547246141548,-1.7574144320699995e-05,-0.4120725765961163,9.937927423403883,-8.06441265591e-05,-1.8909161329356832,8.459083867064317,-7.878444361939999e-05,-1.8473109179886658,8.502689082011333,-0.00032342697602670003,-7.583606058989285,2.7663939410107146,-0.00044140704139025727,-10.349962624303004,3.737569699602261e-05,-0.0004411710987973263,-10.344430322392673,0.0055696776073261844,,,,-0.0002839428967979,-6.6577967583809725,3.692203241619027,-0.0002866840212407,-6.722069714793691,3.6279302852063084,-1.8909161329356832,0.043605214947017204,-1.8473109179886658,-10.344430322392673,,
final,2026-09-10,2026-09-29,0.0520547945205479,24900.0,CE,8.35,-0.058290949214295,23490.048285754092,0.9981955171950552,0.000335947577088,0.13491717460812,0.015597770342437,test,ef39a7fefc5e6de6ad76334bdd96020c7c96d507cd0be0ec479c5590d7d057b1,True,0.0003561122807297,0.0002130667955462,2.7471562641930118e-12,0.0001767319374645,0.0001787439381793,2.2729172953023192e-08,,5.574875310790459e-05,7.816622400495105e-05,7.657754977573837e-05,-0.00014304548518350002,-3.3540820295060936,4.995917970493906,-0.00017938034326520002,-4.2060494605658585,4.143950539434141,-0.00017736834255040003,-4.158872750079631,4.191127249920369,-0.0003003635276217954,-7.042822141663285,1.3071778583367148,-0.00035611227798254373,-8.34999993558345,6.441655031608207e-08,-0.00035608955155674697,-8.349467054057955,0.0005329459420444493,,,,-0.000277946056724749,-6.517184885888977,1.832815114111023,-0.00027953473095396165,-6.554435580492209,1.7955644195077909,-4.2060494605658585,0.047176710486228325,-4.158872750079631,-8.349467054057955,,
final,2026-09-10,2026-09-29,0.0520547945205479,25100.0,CE,7.1,-0.0662909918813712,23490.048285754092,0.9981955171950552,0.0002833798800171,0.1462005889512792,0.0130567845790533,test,ef39a7fefc5e6de6ad76334bdd96020c7c96d507cd0be0ec479c5590d7d057b1,True,0.0003028020590635,7.358464765984223e-05,1.012194977043822e-16,5.947561038450317e-05,6.081619091680005e-05,7.171036064932676e-10,,1.897466291143467e-05,2.8605766346842445e-05,2.7902172136810236e-05,-0.00022921741140365776,-5.374612134403768,1.7253878655962316,-0.00024332644867899682,-5.705436056026602,1.394563943973398,-0.00024198586814669994,-5.674002578299467,1.425997421700533,-0.0002838273961520653,-6.6550885384039935,0.44491146159600614,-0.0003028020590633988,-7.099999999993977,6.022737863986549e-12,-0.0003028013419598935,-7.099983185594158,1.6814405841891755e-05,,,,-0.00027419629271665754,-6.429261690981467,0.6707383090185326,-0.00027489988692668975,-6.445759329427771,0.6542406705722286,-5.705436056026602,0.03143347772713439,-5.674002578299467,-7.099983185594158,,
final,2026-09-10,2026-09-29,0.0520547945205479,25400.0,CE,5.8,-0.0781723197681239,23490.048285754092,0.9981955171950552,0.0002287592488238,0.1628687920154341,0.0103523608642003,test,ef39a7fefc5e6de6ad76334bdd96020c7c96d507cd0be0ec479c5590d7d057b1,True,0.0002473594285307,1.003011283356092e-05,2.644831631461841e-16,8.291371685417367e-06,8.660178423546793e-06,2.2402742151622147e-12,,3.187447746923286e-06,5.435409931643892e-06,5.2625238580679455e-06,-0.0002373293156971391,-5.564817315510578,0.2351826844894216,-0.00023906805684528265,-5.605586728340839,0.1944132716591609,-0.00023869925010715324,-5.596939073008454,0.20306092699154554,-0.00024417198078377673,-5.72526180609746,0.07473819390254022,-0.00024735942853043553,-5.799999999989728,1.0271783423831948e-11,-0.0002473594262904258,-5.799999947466739,5.253326040843831e-08,,,,-0.00024192401859905613,-5.672552351079649,0.12744764892035043,-0.00024209690467263208,-5.6766061251067645,0.12339387489323528,-5.605586728340839,0.0086476553323848,-5.596939073008454,-5.799999947466739,,
final,2026-09-10,2026-09-29,0.0520547945205479,25800.0,CE,4.35,-0.0937976376712047,23490.048285754092,0.9981955171950552,0.0001689094453525,0.1827887837935472,0.007602719558691,test,ef39a7fefc5e6de6ad76334bdd96020c7c96d507cd0be0ec479c5590d7d057b1,True,0.0001855195713981,2.407015383617834e-07,1.1007584936493664e-14,2.9236061545336836e-07,3.180460355663478e-07,6.606354609933617e-16,,2.1684527460931897e-07,4.474854583245855e-07,4.283060488289019e-07,-0.0001852788698597382,-4.344356111949683,0.005643888050316903,-0.00018522721078264662,-4.34314482742776,0.006855172572239887,-0.00018520152536253363,-4.34254256440694,0.007457435593059891,-0.00018530272612349066,-4.344915485532433,0.0050845144675664145,-0.0001855195713870924,-4.349999999740604,2.593960601871004e-10,-0.00018551957139743936,-4.349999999983215,1.6784795775492967e-11,,,,-0.00018507208593977542,-4.339507512715333,0.010492487284667007,-0.0001850912653492711,-4.339957225005402,0.010042774994597714,-4.34314482742776,0.0006022630208198705,-4.34254256440694,-4.349999999983215,,
final,2026-09-10,2026-09-29,0.0520547945205479,26300.0,CE,2.5,-0.1129920849273519,23490.048285754092,0.9981955171950552,9.522887308454766e-05,0.2005522908653665,0.0045647949852678,test,ef39a7fefc5e6de6ad76334bdd96020c7c96d507cd0be0ec479c5590d7d057b1,True,0.0001066204433322,1.2263235524474027e-10,-3.063718335440495e-12,1.299497391306795e-09,1.6415727210288275e-09,1.3758396000608664e-16,,4.631994621215806e-09,1.2642650795049282e-08,1.1898882958002537e-08,-0.00010662032069984476,-2.499997124556405,2.8754435947853096e-06,-0.00010661914383480869,-2.499969529824117,3.047017588286849e-05,-0.00010661880175947897,-2.4999615089577842,3.8491042215760274e-05,-0.0001066158113375788,-2.4998913905591285,0.00010860944087154323,-0.00010662044639591834,-2.5000000718353146,-7.18353145856554e-08,-0.00010662044333206242,-2.49999999999506,4.9400483703720965e-12,,,,-0.00010660780068140496,-2.4997035594095975,0.00029644059040245807,-0.000106608544449242,-2.499720999025627,0.0002790009743729449,-2.499969529824117,8.020866332734733e-06,-2.4999615089577842,-2.49999999999506,,
final,2026-09-10,2026-09-29,0.0520547945205479,27000.0,CE,2.0,-0.1392600117479621,23490.048285754092,0.9981955171950552,7.420798109995862e-05,0.2351365271991367,0.0033574963952505,test,ef39a7fefc5e6de6ad76334bdd96020c7c96d507cd0be0ec479c5590d7d057b1,True,8.529635466581847e-05,-8.436407279532658e-14,-3.019832083220195e-13,6.150862288831636e-14,7.68041720629723e-13,4.976783139490144e-17,,8.87132211700363e-12,3.853132141240465e-11,3.526512751679185e-11,-8.529635475018255e-05,-2.00000000197814,-1.9781398741258727e-09,-8.529635460430986e-05,-1.9999999985577663,1.4422336658270751e-09,-8.529635389777676e-05,-1.999999981991218,1.8008782021183833e-08,-8.529634579449635e-05,-1.9999997919882468,2.0801175315554588e-07,-8.529635496780168e-05,-2.0000000070807995,-7.080799502290347e-09,-8.529635466576871e-05,-1.9999999999988327,1.1672884880908896e-12,,,,-8.529631613449706e-05,-1.9999990965306411,9.034693588816367e-07,-8.529631940069096e-05,-1.9999991731152482,8.26884751781165e-07,-1.9999999985577663,1.6566548488725544e-08,-1.999999981991218,-1.9999999999988327,,
final,2026-09-10,2026-10-06,0.0712328767123287,23400.0,PE,213.15,0.0050288845048965,23517.97228328496,0.9932300114329556,0.014212612913939,0.1078943249454846,0.1045901566335302,test,ef39a7fefc5e6de6ad76334bdd96020c7c96d507cd0be0ec479c5590d7d057b1,True,0.0141413187404147,0.0188202606932285,0.0127180170057707,0.0184358140647472,0.0184402624885689,0.0126244757460203,,0.0137646020544798,0.014182597180261,0.0138369620634418,0.004678941952813801,109.29426285156526,322.44426285156527,0.004294495324332499,100.31406790805566,313.46406790805565,0.0042989437481541996,100.41797755415668,313.5679775541567,-0.00037671668593490006,-8.799633102603273,204.35036689739673,-0.0014233017346440002,-33.24655776285512,179.90344223714487,-0.0015168429943943993,-35.43156521405431,177.7184347859457,,,,4.12784398463005e-05,0.9642129994690336,214.11421299946903,-0.00030435667697290003,-7.109393317799264,206.04060668220075,100.31406790805566,0.10390964610102273,100.41797755415668,-35.43156521405431,,
final,2026-09-10,2026-10-06,0.0712328767123287,23550.0,CE,245.5,-0.0013609135938745,23517.97228328496,0.9932300114329556,0.0104956841115446,0.1049109081625763,0.1064119233160322,test,ef39a7fefc5e6de6ad76334bdd96020c7c96d507cd0be0ec479c5590d7d057b1,True,0.0105099775545934,0.0153441273526077,0.0090980710661366,0.0149415380209019,0.0149406131495189,0.009008153152341,,0.0104439700277189,0.0108694558871037,0.010517660572159,0.004834149798014302,112.91972501823464,358.41972501823466,0.0044315604663085015,103.5157390991042,349.01573909910417,0.0044306355949255,103.49413525424845,348.9941352542485,-6.600752687449876e-05,-1.54185370649122,243.95814629350878,-0.0014119064884567985,-32.980378988977975,212.51962101102202,-0.0015018244022523986,-35.08074958655093,210.41925041344908,,,,0.0003594783325103004,8.396966613188216,253.89696661318823,7.6830175656014e-06,0.17946573173515257,245.67946573173515,103.5157390991042,-0.021603844855753496,103.49413525424845,-35.08074958655093,,
final,2026-09-10,2026-10-06,0.0712328767123287,23700.0,CE,174.35,-0.0077101412725332,23517.97228328496,0.9932300114329556,0.0074066832452784,0.1019751810051763,0.1026733793115274,test,ef39a7fefc5e6de6ad76334bdd96020c7c96d507cd0be0ec479c5590d7d057b1,True,0.0074640105362254,0.0122678643435755,0.0061331963544684,0.0118587389179521,0.0118549085580915,0.0060609593496204,,0.007701954060258,0.0081137839162098,0.0077731991252612,0.004803853807350099,112.21204836817263,286.5620483681726,0.0043947283817267,102.65538742681349,277.0053874268135,0.004390898021866099,102.5659149858979,276.91591498589787,0.0002379435240326003,5.558064691058513,179.9080646910585,-0.0013308141817569997,-31.08616359304693,143.26383640695306,-0.0014030511866050003,-32.77353015477981,141.57646984522017,,,,0.0006497733799844,15.177897760252707,189.5278977602527,0.0003091885890357995,7.222260772109228,181.57226077210922,102.65538742681349,-0.08947244091559504,102.5659149858979,-32.77353015477981,,
final,2026-09-10,2026-10-06,0.0712328767123287,23850.0,CE,123.45,-0.0140193104657979,23517.97228328496,0.9932300114329556,0.0052113816229366,0.1018748245777403,0.0938697181826897,test,ef39a7fefc5e6de6ad76334bdd96020c7c96d507cd0be0ec479c5590d7d057b1,True,0.0052849561267395,0.0095975691837848,0.0038428190047248,0.0091950255259553,0.0091890037439802,0.0038007147626013,,0.0055124236516407,0.0058918118447669,0.0055778803577895,0.0043126130570453,100.73727560358957,224.18727560358957,0.003910069399215799,91.33435656938568,214.7843565693857,0.0039040476172406994,91.1936952342679,214.6436952342679,0.00022746752490120006,5.313358384751064,128.76335838475106,-0.0014421371220147004,-33.6865289783489,89.7634710216511,-0.0014842413641382004,-34.67003169161603,88.77996830838397,,,,0.0006068557180273996,14.17539457166705,137.62539457166704,0.0002929242310499994,6.842345604377133,130.29234560437715,91.33435656938568,-0.14066133511776943,91.1936952342679,-34.67003169161603,,
final,2026-09-10,2026-10-06,0.0712328767123287,24000.0,CE,87.0,-0.0202889234793932,23517.97228328496,0.9932300114329556,0.0036497084847145,0.103076851286839,0.0819425660432943,test,ef39a7fefc5e6de6ad76334bdd96020c7c96d507cd0be0ec479c5590d7d057b1,True,0.0037245134307519,0.0073292493220768,0.0021985622066533,0.0069468223510369,0.0069410918090063,0.0021921186759626,,0.0038242866264144,0.0041572446975397,0.00388149064941,0.0036047358913248997,84.20214569663702,171.20214569663702,0.0032223089202850002,75.26912743826196,162.26912743826196,0.0032165783782544003,75.13526910591021,162.1352691059102,9.977319566250014e-05,2.3305777208285647,89.33057772082856,-0.0015259512240985997,-35.64432212821193,51.35567787178807,-0.0015323947547893,-35.794834988620046,51.205165011379954,,,,0.00043273126678779975,10.108064022455872,97.10806402245588,0.0001569772186581003,3.6667925293256576,90.66679252932566,75.26912743826196,-0.1338583323517566,75.13526910591021,-35.794834988620046,,
final,2026-09-10,2026-10-06,0.0712328767123287,24200.0,CE,52.75,-0.0285877262940884,23517.97228328496,0.9932300114329556,0.0021946095476625,0.1046770311514331,0.0639804360727873,test,ef39a7fefc5e6de6ad76334bdd96020c7c96d507cd0be0ec479c5590d7d057b1,True,0.0022582538330134,0.0049035842387828,0.0008699016263783,0.0045672780285215,0.0045607240647461,0.0009013444739748,,0.0022335778290497,0.0024934289807469,0.002277866731914,0.0026453304057694,61.791627169798346,114.54162716979835,0.0023090241955081004,53.93593250344159,106.68593250344159,0.0023024702317327003,53.78284006356692,106.53284006356692,-2.467600396369998e-05,-0.576400752677219,52.173599247322784,-0.0013883522066351,-32.43018026998074,20.319819730019262,-0.0013569093590386,-31.695714468808116,21.054285531191884,,,,0.00023517514773350014,5.493398864904389,58.24339886490439,1.9612898900599803e-05,0.45813291751444696,53.20813291751445,53.93593250344159,-0.15309243987466842,53.78284006356692,-31.695714468808116,,
final,2026-09-10,2026-10-27,0.1287671232876712,22250.0,PE,54.35,0.0586994472057166,23595.156450460396,0.9824311741671854,0.0629428490793855,0.1314631905652941,0.0640820772289967,test,ef39a7fefc5e6de6ad76334bdd96020c7c96d507cd0be0ec479c5590d7d057b1,True,0.0593544863733675,0.0624383029922774,0.0593215420590009,0.0620356848399787,0.0620337241412712,0.0591861213113183,,0.05796970507296,0.0580891589565634,0.0580460388751582,0.0030838166189098987,71.48477273151893,125.83477273151894,0.002681198466611197,62.151835442650366,116.50183544265036,0.0026792377679037,62.106385236356985,116.456385236357,-0.001384781300407499,-32.10008530840581,22.249914691594192,-3.294431436660222e-05,-0.7636695421029124,53.58633045789709,-0.00016836506204920276,-3.902806062693117,50.447193937306885,,,,-0.0012653274168041018,-29.331070552818726,25.018929447181275,-0.0013084474982093044,-30.33062065593255,24.019379344067453,62.151835442650366,-0.04545020629337633,62.106385236356985,-3.902806062693117,,
final,2026-09-10,2026-10-27,0.1287671232876712,22900.0,PE,132.25,0.0299045452577718,23595.156450460396,0.9824311741671854,0.036234562377357,0.1162505299531102,0.1090516403894684,test,ef39a7fefc5e6de6ad76334bdd96020c7c96d507cd0be0ec479c5590d7d057b1,True,0.0351670259183759,0.0408302300238235,0.0359490097022071,0.0402111679122959,0.0402215446797035,0.0356858417709556,,0.0340266305154772,0.0343149861407759,0.0342123781393659,0.0056632041054476,131.27656681259842,263.5265668125984,0.005044141993919997,116.9263249474099,249.1763249474099,0.005054518761327599,117.166864821043,249.41686482104302,-0.001140395402898703,-26.435069355420897,105.8149306445791,0.0007819837838312013,18.126866793611992,150.37686679361198,0.0005188158525797001,12.02647170514282,144.27647170514282,,,,-0.0008520397776000041,-19.750807971675243,112.49919202832476,-0.0009546477790099983,-22.129324779792594,110.1206752202074,116.9263249474099,0.24053987363311108,117.166864821043,12.02647170514282,,
final,2026-09-10,2026-10-27,0.1287671232876712,23200.0,PE,207.85,0.0168891771457015,23595.156450460396,0.9824311741671854,0.026151872152811,0.1124518158698734,0.1300221534633444,test,ef39a7fefc5e6de6ad76334bdd96020c7c96d507cd0be0ec479c5590d7d057b1,True,0.0257138974780299,0.0322003912499039,0.0266554567076109,0.0314999941415898,0.0315169499864969,0.026346196901728,,0.0248174772591253,0.0251744498549032,0.0250478620662913,0.006486493771873998,150.36092946108266,358.2109294610826,0.005786096663559899,134.12529216584528,341.9752921658453,0.005803052508467001,134.5183391168937,342.3683391168937,-0.0008964202189046012,-20.779573995222098,187.0704260047779,0.0009415592295810016,21.825924125039062,229.67592412503905,0.0006322994236981003,14.657090932114766,222.50709093211475,,,,-0.0005394476231267015,-12.504728881512335,195.34527111848766,-0.0006660354117386004,-15.439111958644181,192.4108880413558,134.12529216584528,0.3930469510484403,134.5183391168937,14.657090932114766,,
final,2026-09-10,2026-10-27,0.1287671232876712,23400.0,PE,275.75,0.00830543345431,23595.156450460396,0.9824311741671854,0.0203349440289435,0.1100308901885633,0.1394171406357623,test,ef39a7fefc5e6de6ad76334bdd96020c7c96d507cd0be0ec479c5590d7d057b1,True,0.0201667529213604,0.027007761057355,0.0211616856840307,0.0262694350661124,0.0262841203743971,0.0208386447161087,,0.0195381379378951,0.0199239852820146,0.0197873256021217,0.0068410081359946,158.57879124761735,434.32879124761735,0.006102682144752,141.46393903425596,417.213939034256,0.0061173674530367005,141.80435354489413,417.5543535448941,-0.0006286149834653018,-14.57168333327461,261.1783166667254,0.000994932762670299,23.063155567197686,298.81315556719767,0.0006718917947482993,15.574866531698218,291.3248665316982,,,,-0.0002427676393457999,-5.627503729886639,270.12249627011334,-0.0003794273192386996,-8.795359463850271,266.9546405361497,141.46393903425596,0.34041451063817646,141.80435354489413,15.574866531698218,,
final,2026-09-10,2026-10-27,0.1287671232876712,23550.0,PE,338.3,0.0019156353555389,23595.156450460396,0.9824311741671854,0.016539544480235,0.1086086996445531,0.1428201580356135,test,ef39a7fefc5e6de6ad76334bdd96020c7c96d507cd0be0ec479c5590d7d057b1,True,0.0165078910719379,0.0234285986154213,0.0174567256447574,0.0226732109115628,0.0226840688145817,0.0171359347642302,,0.0160664585706574,0.016462227607921,0.0163221057359964,0.006920707543483399,160.4262727081678,498.7262727081678,0.0061653198396249,142.91591946492056,481.2159194649206,0.006176177742643799,143.1676123590075,481.4676123590075,-0.00044143250128050177,-10.232677856667516,328.0673221433325,0.0009488345728194993,21.994571072058772,360.2945710720588,0.0006280436922922981,14.558440451251318,352.85844045125134,,,,-4.5663464016899163e-05,-1.0585072819718473,337.24149271802816,-0.00018578533594150112,-4.306618764290127,333.9933812357099,142.91591946492056,0.2516928940869457,143.1676123590075,14.558440451251318,,
final,2026-09-10,2026-10-27,0.1287671232876712,23700.0,CE,301.0,-0.0044335923231198,23595.156450460396,0.9824311741671854,0.0129275437047226,0.1052706625812778,0.1424644919839833,test,ef39a7fefc5e6de6ad76334bdd96020c7c96d507cd0be0ec479c5590d7d057b1,True,0.0129849864079179,0.0201299431595628,0.014131691480972,0.0193687796655591,0.0193756003338332,0.0138255218006393,,0.0130201922919329,0.0134150686160897,0.0132752501385451,0.007144956751644902,165.62450777258442,466.6245077725844,0.0063837932576412005,147.98026814862862,448.9802681486286,0.006390613925915301,148.1383754493226,449.1383754493226,3.520588401500005e-05,0.8160941225208518,301.81609412252084,0.0011467050730541006,26.581331404306567,327.5813314043066,0.0008405353927214004,19.48412922903535,320.4841292290354,,,,0.000430082208171801,9.969571056368084,310.96957105636807,0.00029026373062720004,6.728492443050315,307.7284924430503,147.98026814862862,0.1581073006940018,148.1383754493226,19.48412922903535,,
final,2026-09-10,2026-10-27,0.1287671232876712,23850.0,CE,238.2,-0.0107427615163845,23595.156450460396,0.9824311741671854,0.0101660265332217,0.104669719548077,0.1381353423196832,test,ef39a7fefc5e6de6ad76334bdd96020c7c96d507cd0be0ec479c5590d7d057b1,True,0.0102758264530433,0.0171177702930699,0.011200559507444,0.0163630748187986,0.0163651924659038,0.010921682649695,,0.0103930118027882,0.0107764540711454,0.010640610488499,0.006841943840026598,158.60048144464824,396.8004814446482,0.006087248365755299,141.10617451051536,379.30617451051535,0.006089366012860498,141.15526287754483,379.3552628775448,0.00011718534974489853,2.7164287404802994,240.91642874048028,0.0009247330544006997,21.435882998297295,259.6358829982973,0.0006458561966516986,14.971345297182475,253.17134529718246,,,,0.000500627618102099,11.604857203149995,249.80485720315,0.0003647840354556991,8.455919107101382,246.65591910710137,141.10617451051536,0.049088367029488975,141.15526287754483,14.971345297182475,,
final,2026-09-10,2026-10-27,0.1287671232876712,24000.0,CE,185.35,-0.0170123745299799,23595.156450460396,0.9824311741671854,0.0078610256573071,0.1042016670829094,0.1301609874789396,test,ef39a7fefc5e6de6ad76334bdd96020c7c96d507cd0be0ec479c5590d7d057b1,True,0.0079959044209553,0.0143946719942182,0.0086686746225364,0.0136591392852884,0.0136562015100302,0.0084287058152375,,0.0081674318214123,0.0085299920167438,0.0084014197416973,0.0063987675732629,148.32738202773004,333.67738202773,0.0056632348643330995,131.2772798225504,316.6272798225504,0.0056602970890749,131.2091803787051,316.5591803787051,0.00017152740045700034,3.97611101895912,189.32611101895912,0.0006727702015811004,15.595228544284685,200.94522854428467,0.00043280139428220066,10.032603468841861,195.38260346884186,,,,0.0005340875957884992,12.380480139302248,197.73048013930224,0.0004055153207419993,9.40009544167963,194.75009544167963,131.2772798225504,-0.06809944384530149,131.2091803787051,10.032603468841861,,
final,2026-09-10,2026-10-27,0.1287671232876712,24150.0,CE,141.1,-0.0232429242806159,23595.156450460396,0.9824311741671854,0.0059471342697085,0.1035982950236135,0.1190969701168042,test,ef39a7fefc5e6de6ad76334bdd96020c7c96d507cd0be0ec479c5590d7d057b1,True,0.0060869820005223,0.0119595870835836,0.0065315741115524,0.0112557646209511,0.0112500691804113,0.0063395864547268,,0.0063164007243181,0.0066503790541257,0.0065317743394098,0.0058726050830613,136.13061072775335,277.23061072775334,0.005168782620428799,119.81557160509391,260.9155716050939,0.005163087179889,119.6835477778349,260.7835477778349,0.00022941872379579967,5.318067627735623,146.4180676277356,0.0004445921110300998,10.305919560952171,151.40591956095216,0.00025260445420449956,5.855527170147085,146.9555271701471,,,,0.0005633970536033997,13.059891462898666,154.15989146289866,0.00044479233888749994,10.31056096627861,151.4105609662786,119.81557160509391,-0.13202382725900763,119.6835477778349,5.855527170147085,,
final,2026-09-10,2026-10-27,0.1287671232876712,24300.0,CE,105.7,-0.029434894528537,23595.156450460396,0.9824311741671854,0.0044275816495445,0.1032143355906574,0.1059205660624881,test,ef39a7fefc5e6de6ad76334bdd96020c7c96d507cd0be0ec479c5590d7d057b1,True,0.0045598440641758,0.0098076496653461,0.0047744000932771,0.0091472845416294,0.0091407070782334,0.0046355634620156,,0.0048055148465826,0.0051053803729577,0.0049986935033801,0.0052478056011703,121.64737307611335,227.34737307611334,0.0045874404774536,106.33970189383776,212.03970189383776,0.004580863014057601,106.18723223233788,211.88723223233788,0.0002456707824068007,5.6948003780239365,111.39480037802394,0.00021455602910130066,4.9735411906254345,110.67354119062544,7.57193978398003e-05,1.7552223802007267,107.45522238020072,,,,0.0005455363087819003,12.64586837327933,118.34586837327933,0.00043884943920430037,10.172800883329868,115.87280088332987,106.33970189383776,-0.15246966149987987,106.18723223233788,1.7552223802007267,,
final,2026-09-10,2026-10-27,0.1287671232876712,24450.0,CE,78.95,-0.0355887601029152,23595.156450460396,0.9824311741671854,0.0032867837867044,0.1034749814322395,0.092041446961139,test,ef39a7fefc5e6de6ad76334bdd96020c7c96d507cd0be0ec479c5590d7d057b1,True,0.0034058627139704,0.0079301757399268,0.0033720744020274,0.0073235553313862,0.0073159095247708,0.0032867244272628,,0.0035955659943876,0.0038581161827064,0.0037644942324651,0.0045243130259564,104.8763686023165,183.8263686023165,0.0039176926174158,90.81453309208608,169.76453309208608,0.0039100468108004,90.63729857531894,169.58729857531893,0.0001897032804171997,4.397439135612668,83.34743913561267,-3.378831194299995e-05,-0.7832339268866196,78.16676607311338,-0.0001191382867075999,-2.76169902473833,76.18830097526167,,,,0.0004522534687359998,10.483514561596124,89.43351456159613,0.00035863151849469975,8.313299966265658,87.26329996626566,90.81453309208608,-0.17723451676715443,90.63729857531894,-2.76169902473833,,
final,2026-09-10,2026-10-27,0.1287671232876712,24600.0,CE,59.05,-0.0417049871203513,23595.156450460396,0.9824311741671854,0.0024433329959219,0.1042823243451603,0.0785377422151965,test,ef39a7fefc5e6de6ad76334bdd96020c7c96d507cd0be0ec479c5590d7d057b1,True,0.0025473868683971,0.0063148018727046,0.0022903457428958,0.0057701461709825,0.0057618664407992,0.0022537691675239,,0.002645125462134,0.0028693993160512,0.0027892128928884,0.0037674150043074998,87.33100526043461,146.38100526043462,0.0032227593025854003,74.70554990236171,133.7555499023617,0.0032144795724021002,74.51362064599732,133.56362064599733,9.773859373689991e-05,2.2656409325825373,61.31564093258253,-0.00025704112550129984,-5.9583719493701555,53.09162805062984,-0.0002936177008732001,-6.806239543611808,52.24376045638819,,,,0.0003220124476541,7.464447300828957,66.51444730082895,0.00024182602449130015,5.605676516341648,64.65567651634164,74.70554990236171,-0.19192925636438227,74.51362064599732,-6.806239543611808,,
final,2026-09-10,2026-10-27,0.1287671232876712,24800.0,CE,40.75,-0.0498021973529708,23595.156450460396,0.9824311741671854,0.0016725295415052,0.1062813788111874,0.0625556508714593,test,ef39a7fefc5e6de6ad76334bdd96020c7c96d507cd0be0ec479c5590d7d057b1,True,0.0017579342063874,0.0045410316030717,0.0012743078851,0.0040873037468602,0.0040815868200747,0.0012880723463588,,0.0017104601847418,0.0018855261212472,0.0018226721725111,0.0027830973966843,64.51391553949983,105.26391553949983,0.0023293695404727997,53.996223766146684,94.74622376614668,0.0023236526136872996,53.8637018744498,94.6137018744498,-4.7474021645600066e-05,-1.1004771253832086,39.64952287461679,-0.00048362632128740013,-11.210756648827976,29.539243351172026,-0.0004698618600286,-10.891687940648778,29.85831205935122,,,,0.00012759191485979993,2.957659343361428,43.70765934336143,6.473796612369996e-05,1.5006660146637842,42.250666014663786,53.996223766146684,-0.13252189169687803,53.8637018744498,-10.891687940648778,,
final,2026-09-10,2026-10-27,0.1287671232876712,25500.0,CE,16.05,-0.0776369963464147,23595.156450460396,0.9824311741671854,0.0006406675411531,0.1219358577618739,0.0308271165968615,test,ef39a7fefc5e6de6ad76334bdd96020c7c96d507cd0be0ec479c5590d7d057b1,True,0.0006923888101231,0.0010750758916161,6.652781394270516e-05,0.0009213127787154,0.0009264303413502,0.0001020122297042,,0.0002916461117524,0.0003448445191314,0.0003253634218661,0.000382687081493,8.87092276501369,24.920922765013692,0.00022892396859230002,5.306598896727742,21.356598896727743,0.0002340415312271,5.425227157450102,21.475227157450103,-0.00040074269837069997,-9.28946310918176,6.760536890818241,-0.0006258609961803948,-14.507844208094507,1.5421557919054933,-0.0005903765804189,-13.685293547764436,2.3647064522355645,,,,-0.00034754429099169995,-8.056291189085272,7.993708810914729,-0.00036702538825699995,-8.507875048524637,7.542124951475364,5.306598896727742,0.11862826072235992,5.425227157450102,-13.685293547764436,,
final,2026-09-10,2026-10-27,0.1287671232876712,26500.0,CE,7.3,-0.1161032771742108,23595.156450460396,0.9824311741671854,0.0002803979610548,0.1500139452803113,0.0148163764623527,test,ef39a7fefc5e6de6ad76334bdd96020c7c96d507cd0be0ec479c5590d7d057b1,True,0.0003149182750092,4.325644720101947e-05,6.103058970365296e-09,4.195866900047213e-05,4.3266922821807965e-05,5.064029629377556e-07,,1.2107140873216654e-05,1.6424335896071066e-05,1.4777896746276085e-05,-0.00027166182780818054,-6.297288853564028,1.0027111464359715,-0.00027295960600872787,-6.327372153314466,0.9726278466855343,-0.000271651352187392,-6.297046022208008,1.002953977791992,-0.00030281113413598335,-7.019349001347579,0.2806509986524208,-0.00031491217195022965,-7.299858527323444,0.00014147267655584272,-0.00031441187204626225,-7.28826126673622,0.011738733263779721,,,,-0.00029849393911312894,-6.919273755902055,0.38072624409794464,-0.0003001403782629239,-6.957439231669214,0.3425607683307854,-6.327372153314466,0.03032613110645718,-6.297046022208008,-7.28826126673622,,
final,2026-09-10,2026-11-23,0.2027397260273972,22500.0,PE,121.75,0.0518136790311879,23696.5386331709,0.9752299271187156,0.0587280438837074,0.1247062441634436,0.114303876722097,test,ef39a7fefc5e6de6ad76334bdd96020c7c96d507cd0be0ec479c5590d7d057b1,True,0.0557626161288265,0.0619338542040838,0.0580074991244491,0.0610738024744833,0.061076144982396,0.057542078019302,,0.0539437198173777,0.0540018642425879,0.0541498811979629,0.006171238075257303,142.61468077600702,264.36468077600705,0.005311186345656804,122.73925199298867,244.48925199298867,0.005313528853569498,122.79338635210917,244.54338635210917,-0.0018188963114487977,-42.03391826057715,79.71608173942285,0.002244882995622602,51.878288909937304,173.6282889099373,0.001779461890475502,41.12260560497866,162.87260560497867,,,,-0.0017607518862386012,-40.69022538418284,81.05977461581716,-0.001612734930863599,-37.26961665335499,84.48038334664501,122.73925199298867,0.054134359120494774,122.79338635210917,41.12260560497866,,
final,2026-09-10,2026-11-23,0.2027397260273972,23200.0,PE,272.5,0.0211767095692981,23696.5386331709,0.9752299271187156,0.0334465482232768,0.1158838948611392,0.1636311263075687,test,ef39a7fefc5e6de6ad76334bdd96020c7c96d507cd0be0ec479c5590d7d057b1,True,0.0327457073284879,0.0411916390700373,0.036177650870494,0.0401309862449845,0.0401432918908481,0.0355877926114654,,0.0314153278731571,0.0315100649866937,0.0317490998070248,0.008445931741549395,195.18188157516371,467.68188157516374,0.007385278916496596,170.6706470036846,443.1706470036846,0.007397584562360199,170.95502523300888,443.4550252330089,-0.0013303794553308004,-30.74450199768862,241.75549800231138,0.0034319435420060995,79.31075202670283,351.81075202670286,0.0028420852829774967,65.6793791500458,338.1793791500458,,,,-0.0012356423417941992,-28.55516769557625,243.94483230442376,-0.0009966075214631054,-23.031174911608375,249.4688250883916,170.6706470036846,0.2843782293242897,170.95502523300888,65.6793791500458,,
final,2026-09-10,2026-11-23,0.2027397260273972,23400.0,PE,334.2,0.0125929658779066,23696.5386331709,0.9752299271187156,0.0273173953092822,0.1126245348775593,0.1730272849089136,test,ef39a7fefc5e6de6ad76334bdd96020c7c96d507cd0be0ec479c5590d7d057b1,True,0.0269755452529425,0.0360178701583256,0.0308053503146409,0.0349275057597771,0.0349446093272031,0.0302074602708722,,0.0261251317776916,0.0262262906700186,0.0264812346562475,0.009042324905383103,208.9642733156721,543.1642733156721,0.0079519605068346,183.76641694840916,517.9664169484091,0.007969064074260599,184.16167309941872,518.3616730994187,-0.0008504134752508989,-19.65269283432482,314.5473071656752,0.0038298050616983985,88.50516211622258,422.7051621162226,0.0032319150179297013,74.68817811862004,408.88817811862003,,,,-0.0007492545829239014,-17.314953962329074,316.8850460376709,-0.0004943105966950002,-11.423307137428136,322.77669286257185,183.76641694840916,0.3952561510095574,184.16167309941872,74.68817811862004,,
final,2026-09-10,2026-11-23,0.2027397260273972,23600.0,PE,413.1,0.004082276209998,23696.5386331709,0.9752299271187156,0.0220394511933133,0.1107205961494617,0.1786084935135,test,ef39a7fefc5e6de6ad76334bdd96020c7c96d507cd0be0ec479c5590d7d057b1,True,0.021949663459882,0.0312116199716268,0.025873682759276,0.0301082283394746,0.0301276002245876,0.0252848224210922,,0.0214106992846261,0.0215153844255997,0.0217790666349488,0.009261956511744801,214.03986609748017,627.1398660974802,0.0081585648795926,188.5409559158725,601.6409559158725,0.008177936764705601,188.98863192151822,602.0886319215183,-0.0005389641752558995,-12.455232299657998,400.644767700342,0.0039240192993940035,90.68241298058068,503.7824129805807,0.003335158961210203,77.07410162917769,490.1741016291777,,,,-0.00043427903428229844,-10.03600332487583,403.0639966751242,-0.0001705968249331967,-3.942419889259224,409.1575801107408,188.5409559158725,0.44767600564574245,188.98863192151822,77.07410162917769,,
final,2026-09-10,2026-11-23,0.2027397260273972,23750.0,CE,435.1,-0.0022535422390877,23696.5386331709,0.9752299271187156,0.0187853135866388,0.1108668209333954,0.1795936727868506,test,ef39a7fefc5e6de6ad76334bdd96020c7c96d507cd0be0ec479c5590d7d057b1,True,0.0188276948202949,0.0278558584897474,0.0224778959713676,0.0267546468377465,0.0267732311610606,0.0219078145742345,,0.0182594623920619,0.0183647373040256,0.0186298928276165,0.0090281636694525,208.637013191041,643.737013191041,0.0079269520174516,183.18848142128272,618.2884814212828,0.0079455363407657,183.6179572095374,618.7179572095374,-0.0005682324282329995,-13.131609147269165,421.96839085273086,0.0036502011510726982,84.35459231683289,519.4545923168329,0.003080119753939601,71.1802542866011,506.2802542866011,,,,-0.00046295751626930157,-10.698750816358142,424.4012491836419,-0.00019780199267839874,-4.571119716769597,430.5288802832304,183.18848142128272,0.4294757882546829,183.6179572095374,71.1802542866011,,
final,2026-09-10,2026-11-23,0.2027397260273972,23900.0,CE,355.5,-0.0085494706959026,23696.5386331709,0.9752299271187156,0.0152522770003519,0.1074065053847109,0.1775508371222638,test,ef39a7fefc5e6de6ad76334bdd96020c7c96d507cd0be0ec479c5590d7d057b1,True,0.015383234908331,0.0247177715178641,0.0193495839037588,0.0236294579241264,0.0236456620737354,0.0188086549637906,,0.0154358382608548,0.0155399371102046,0.0158022013616475,0.009334536609533099,215.7171612124216,571.2171612124216,0.0082462230157954,190.5666980699638,546.0666980699638,0.008262427165404401,190.94116905869453,546.4411690586945,5.2603352523800107e-05,1.2156410490802088,356.7156410490802,0.003966348995427801,91.66063420841003,447.16063420841004,0.0034254200554596007,79.1599970339396,434.6599970339396,,,,0.00015670220187360105,3.6213210744051954,359.1213210744052,0.0004189664533164987,9.68213610736401,365.182136107364,190.5666980699638,0.37447098873073353,190.94116905869453,79.1599970339396,,
final,2026-09-10,2026-11-23,0.2027397260273972,24200.0,CE,241.3,-0.0210236449210783,23696.5386331709,0.9752299271187156,0.0102243318246236,0.1059196673669217,0.1646738215059442,test,ef39a7fefc5e6de6ad76334bdd96020c7c96d507cd0be0ec479c5590d7d057b1,True,0.0104415600095085,0.0191021578419812,0.0139088882610156,0.0180719860473919,0.0180799694776748,0.0134549906800919,,0.0107356609173291,0.0108325504877926,0.011077009978061,0.008660597832472701,200.1427234122669,441.4427234122669,0.0076304260378834005,176.3358924590349,417.63589245903495,0.0076384094681663,176.52038612909084,417.8203861290908,0.00029410090782059847,6.796546588104163,248.09654658810416,0.0034673282515070986,80.12847757679454,321.42847757679453,0.003013430670583399,69.6390980035172,310.9390980035172,,,,0.00039099047828409887,9.03562325208466,250.33562325208467,0.0006354499685525001,14.684977845464182,255.9849778454642,176.3358924590349,0.18449367005594006,176.52038612909084,69.6390980035172,,
final,2026-09-10,2026-11-23,0.2027397260273972,24400.0,CE,176.85,-0.0292541440575937,23696.5386331709,0.9752299271187156,0.0074320430681264,0.103707727755147,0.1497574302995394,test,ef39a7fefc5e6de6ad76334bdd96020c7c96d507cd0be0ec479c5590d7d057b1,True,0.0076526725556633,0.0158468427843057,0.0108838791385478,0.014878191855685,0.0148807652792352,0.0105050954144751,,0.0082553286359048,0.0083444665133239,0.0085697381588557,0.0081941702286424,189.36378035186607,366.21378035186603,0.007225519300021699,166.97867038138992,343.8286703813899,0.0072280927235719,167.038141102441,343.88814110244095,0.0006026560802415001,13.927125068461685,190.7771250684617,0.0032312065828845006,74.67180648677086,251.52180648677086,0.0028524228588118006,65.91827612009108,242.76827612009106,,,,0.0006917939576606006,15.987063411165442,192.83706341116545,0.0009170656031923996,21.192995093531113,198.04299509353112,166.97867038138992,0.0594707210510622,167.038141102441,65.91827612009108,,
final,2026-09-10,2026-11-23,0.2027397260273972,24550.0,CE,143.1,-0.0353828659989671,23696.5386331709,0.9752299271187156,0.005976970566814,0.1040114938622688,0.1374029070429882,test,ef39a7fefc5e6de6ad76334bdd96020c7c96d507cd0be0ec479c5590d7d057b1,True,0.0061922388618345,0.0136575355683818,0.0089227574450019,0.0127456140011123,0.01274628663791,0.0086059954654902,,0.0067044184819016,0.0067866453598518,0.0069947788976037,0.0074652967065473004,172.51982401570694,315.61982401570697,0.0065533751392778,151.44570539916444,294.54570539916443,0.0065540477760755,151.46124974877668,294.5612497487767,0.0005121796200671007,11.8362526489955,154.9362526489955,0.0027305185831674,63.1011202845448,206.2011202845448,0.0024137566036557005,55.78088599133879,198.8808859913388,,,,0.0005944064980173006,13.73648074051772,156.83648074051771,0.0008025400357692001,18.546358059021685,161.64635805902168,151.44570539916444,0.01554434961223804,151.46124974877668,55.78088599133879,,
final,2026-09-10,2026-11-23,0.2027397260273972,25500.0,CE,39.15,-0.073349463922818,23696.5386331709,0.9752299271187156,0.0015742893803341,0.1119241371349214,0.064589959083246,test,ef39a7fefc5e6de6ad76334bdd96020c7c96d507cd0be0ec479c5590d7d057b1,True,0.0016941030848414,0.0043517705414846,0.0017474490477687,0.0039090183166874,0.0039189393878713,0.001771535123353,,0.0014324513606664,0.0014674580609163,0.0015575356023559,0.0026576674566431997,61.41756181107136,100.56756181107136,0.0022149152318459995,51.18574666599013,90.33574666599013,0.0022248363030299,51.415018391143754,90.56501839114375,-0.00026165172417500003,-6.04665978895226,33.10334021104774,5.334596292729996e-05,1.2328024588888327,40.38280245888883,7.743203851160005e-05,1.7894213964038166,40.939421396403816,,,,-0.0002266450239250999,-5.237669871487,33.912330128513,-0.00013656748248549989,-3.156016293900709,35.99398370609929,51.18574666599013,0.22927172515362654,51.415018391143754,1.7894213964038166,,
final,2026-09-11,2026-09-22,0.0301369863013698,22050.0,PE,11.4,0.0621259561143841,23463.324864369253,0.9936347194456252,0.0646166845087508,0.1996670098005859,0.0134689543746597,test,532f111f183057b70433da2f7497a73a85da7a93c0a6230dbd898e9fef3463a2,True,0.0607244668713432,0.0603955910450161,0.0602362696788502,0.0603960512840348,0.0603976405074612,0.0602377226832056,0.0602380357247397,0.0602366181909266,0.0602394703602419,0.0602407146334703,-0.00032887582632709633,-7.667402536199197,3.7325974638008033,-0.00032841558730839493,-7.6566725355826755,3.743327464417325,-0.00032682636388199626,-7.619621421591594,3.7803785784084063,-0.0004878486804165971,-11.373691557941859,0.026308442058141424,-0.0004881971924929965,-11.381816759505998,0.018183240494002106,-0.0004867441881376,-11.34794145342438,0.05205854657562092,-0.0004864311466034957,-11.340643211168837,0.05935678883116324,-0.00048499651110129466,-11.307196156057048,0.09280384394295282,-0.00048375223787289895,-11.278187202089,0.12181279791099975,-7.6566725355826755,0.037051113991081346,-7.619621421591594,-11.34794145342438,0.007298242255543589,-11.340643211168837
final,2026-09-11,2026-09-22,0.0301369863013698,22250.0,PE,14.3,0.05309654939499,23463.324864369253,0.9936347194456252,0.0551782683587855,0.1834145143489925,0.0167895172989507,test,532f111f183057b70433da2f7497a73a85da7a93c0a6230dbd898e9fef3463a2,True,0.0523249146521153,0.0520466339772862,0.0517151236740526,0.0520442244384204,0.052048277620445,0.0517200074483593,0.0517209014854512,0.0517189912266838,0.0517313636481224,0.0517360500556345,-0.0002782806748291011,-6.48782847857516,7.81217152142484,-0.00028069021369490216,-6.544004405571809,7.7559955944281915,-0.0002766370316703015,-6.449508624345886,7.850491375654115,-0.0006059234254314969,-14.126483119118774,0.17351688088122685,-0.0006097909780626992,-14.216651141452745,0.08334885854725549,-0.0006049072037559999,-14.102790953175584,0.1972090468244172,-0.0006040131666640997,-14.081947395464308,0.21805260453569275,-0.000593551003992901,-13.838032804674366,0.46196719532563435,-0.0005888645964807968,-13.728774020758054,0.5712259792419463,-6.544004405571809,0.09449578122592309,-6.449508624345886,-14.102790953175584,0.02084355771127582,-14.081947395464308
final,2026-09-11,2026-09-22,0.0301369863013698,22500.0,PE,20.95,0.0419232487968647,23463.324864369253,0.9936347194456252,0.0437515142782839,0.165255502942877,0.0233128482441492,test,532f111f183057b70433da2f7497a73a85da7a93c0a6230dbd898e9fef3463a2,True,0.0419552248861491,0.041843899533807,0.0410781785724376,0.0418319467178245,0.041838416301931,0.0410976292753005,0.0411007757158102,0.0411130169210364,0.041168718415143,0.0411868778355031,-0.0001113253523420954,-2.5954363944101315,18.354563605589867,-0.00012327816832459482,-2.8741040380690097,18.07589596193099,-0.00011680858421810048,-2.723272321003395,18.226727678996603,-0.0008422079651126957,-19.635214785563598,1.3147852144364016,-0.0008770463137115006,-20.44743514662411,0.5025648533758904,-0.0008575956108485966,-19.993961961539483,0.956038038460516,-0.000854449170338896,-19.920605928615117,1.029394071384882,-0.0007865064710060946,-18.33659158800981,2.6134084119901893,-0.0007683470506459969,-17.913223329904888,3.0367766700951115,-2.8741040380690097,0.1508317170656144,-2.723272321003395,-19.993961961539483,0.07335603292436615,-19.920605928615117
final,2026-09-11,2026-09-22,0.0301369863013698,22750.0,PE,32.6,0.0308734126102797,23463.324864369253,0.9936347194456252,0.0327970857944755,0.1475094514888495,0.0329675055186298,test,532f111f183057b70433da2f7497a73a85da7a93c0a6230dbd898e9fef3463a2,True,0.0317999987698834,0.0321118072101569,0.0305152483134729,0.0320796598409268,0.0320822755113933,0.0305798739068224,0.0305877383702891,0.0307040020809979,0.0308791163112716,0.0309298675816183,0.00031180844027349497,7.269493937762049,39.86949393776205,0.0002796610710433939,6.520011000327006,39.12001100032701,0.00028227674150990006,6.580992674148189,39.18099267414819,-0.0010959966888855026,-25.55203854864251,7.047961451357491,-0.0012847504564105043,-29.952639018434812,2.647360981565189,-0.0012201248630610041,-28.44595960120545,4.154040398794553,-0.0012122603995943018,-28.26260770269751,4.33739229730249,-0.0009208824586118027,-21.469429898684364,11.130570101315637,-0.0008701311882651046,-20.286216090246587,12.313783909753415,6.520011000327006,0.06098167382118244,6.580992674148189,-28.44595960120545,0.18335189850793546,-28.26260770269751
final,2026-09-11,2026-09-22,0.0301369863013698,22900.0,PE,44.85,0.0243016474470452,23463.324864369253,0.9936347194456252,0.026570400699624,0.1381324272495667,0.0409389248851192,test,532f111f183057b70433da2f7497a73a85da7a93c0a6230dbd898e9fef3463a2,True,0.0259324788596088,0.0266300446592525,0.0242944260149911,0.0265796634181636,0.0265766681813406,0.0244137308679388,0.02442240645823,0.0247181964880418,0.025012251856269,0.0250929783550131,0.0006975657996436992,16.263031068858012,61.113031068858014,0.0006471845585548017,15.088444112996829,59.938444112996834,0.0006441893217318008,15.01861323892598,59.86861323892598,-0.001214282371567,-28.309747905140274,16.540252094859728,-0.0016380528446176996,-38.18952178856225,6.6604782114377485,-0.0015187479916700004,-35.408051522753624,9.441948477246378,-0.0015100724013787994,-35.20578903437109,9.644210965628915,-0.0009202270033397998,-21.454148631371268,23.395851368628733,-0.0008395005045956985,-19.57209312087172,25.27790687912828,15.088444112996829,-0.06983087407084979,15.01861323892598,-35.408051522753624,0.20226248838253102,-35.20578903437109
final,2026-09-11,2026-09-22,0.0301369863013698,23050.0,PE,63.8,0.0177727885645817,23463.324864369253,0.9936347194456252,0.020717291574825,0.1297650670723343,0.0502819987778949,test,532f111f183057b70433da2f7497a73a85da7a93c0a6230dbd898e9fef3463a2,True,0.0203523402399327,0.02151878506093,0.0182905164088347,0.021446277775992,0.0214388427657878,0.0184901022917985,0.0184940596449403,0.019111112235093,0.0195471474761376,0.0196619808474158,0.0011664448209973005,27.19446448446445,90.99446448446444,0.0010939375360593008,25.504031512739733,89.30403151273973,0.0010865025258551021,25.330691876522014,89.13069187652201,-0.0012412280048396986,-28.93795770457107,34.86204229542893,-0.0020618238310980003,-48.06930764206871,15.73069235793129,-0.0018622379481341989,-43.41616751220042,20.38383248779958,-0.0018582805949923994,-43.32390588307754,20.476094116922454,-0.0008051927637950998,-18.772243336338917,45.02775666366108,-0.000690359392516899,-16.09502107889312,47.70497892110688,25.504031512739733,-0.1733396362177167,25.330691876522014,-43.41616751220042,0.09226162912287192,-43.32390588307754
final,2026-09-11,2026-09-22,0.0301369863013698,23200.0,PE,92.0,0.0112862793349748,23463.324864369253,0.9936347194456252,0.0153411302415691,0.1218392412497355,0.0597251709120965,test,532f111f183057b70433da2f7497a73a85da7a93c0a6230dbd898e9fef3463a2,True,0.0151689593722023,0.0168672959005601,0.0127080320857715,0.0167708275491443,0.0167627807080192,0.0130045448976638,0.0130047526016397,0.0140748822150665,0.0146469747645078,0.0147933709348556,0.0016983365283578002,39.594974037097415,131.59497403709742,0.001601868176942002,37.34591337925269,129.3459133792527,0.0015938213358169008,37.15830953271875,129.15830953271876,-0.0010940771571357998,-25.507286634917637,66.49271336508237,-0.002460927286430799,-57.373995310359156,34.626004689640844,-0.0021644144745384987,-50.46110325833768,41.53889674166232,-0.0021642067705626,-50.45626085319842,41.54373914680158,-0.0005219846076945003,-12.169535686436083,79.83046431356392,-0.00037558843734670014,-8.756459145206302,83.2435408547937,37.34591337925269,-0.1876038465339465,37.15830953271875,-50.46110325833768,0.0048424051392598425,-50.45626085319842
final,2026-09-11,2026-09-22,0.0301369863013698,23350.0,PE,135.45,0.0048415738923328,23463.324864369253,0.9936347194456252,0.0106913303972965,0.1157025977760393,0.0671073619973247,test,532f111f183057b70433da2f7497a73a85da7a93c0a6230dbd898e9fef3463a2,True,0.0106396926360583,0.0127588467836701,0.0078523258906462,0.0126399618731893,0.01263238401976,0.0082329769173771,0.0082388875886569,0.0097930523933922,0.0104585780167136,0.0106261912850833,0.0021191541476117993,49.405905163231026,184.855905163231,0.0020002692371309996,46.63422542526909,182.0842254252691,0.0019926913837016984,46.457555545784004,181.907555545784,-0.0008466402426661,-19.738548790174537,115.71145120982546,-0.0027873667454121013,-64.98459644107082,70.46540355892917,-0.0024067157186812,-56.11010821748052,79.33989178251946,-0.002400805047401401,-55.97230697964709,79.4776930203529,-0.0001811146193447001,-4.22250156606263,131.22749843393737,-1.3501350974999896e-05,-0.31477014855105084,135.13522985144894,46.63422542526909,-0.1766698794850951,46.457555545784004,-56.11010821748052,0.13780123783343706,-55.97230697964709
final,2026-09-11,2026-09-22,0.0301369863013698,23500.0,CE,159.9,-0.0015618631428741,23463.324864369253,0.9936347194456252,0.0068478437659114,0.1098633396179443,0.0690753568402531,test,532f111f183057b70433da2f7497a73a85da7a93c0a6230dbd898e9fef3463a2,True,0.0068585475174191,0.0092587029472982,0.0040766554166911,0.009123138604433,0.0091183467248168,0.0044830935337122,0.0044997826462899,0.0063874211475478,0.007075361016909,0.007248061191109,0.0024001554298791004,55.95716181348004,215.85716181348005,0.0022645910870138994,52.796618218922816,212.69661821892282,0.0022597992073976995,52.684900461090805,212.5849004610908,-0.0004711263698712999,-10.983828041008877,148.91617195899113,-0.002781892100728,-64.8569607160482,95.0430392839518,-0.0023754539837069003,-55.381272934252586,104.51872706574741,-0.0023587648711292,-54.99218339388028,104.90781660611972,0.0002168134994898997,5.054784337410311,164.95478433741033,0.00038951367368990006,9.081111746303323,168.98111174630333,52.796618218922816,-0.11171775783200745,52.684900461090805,-55.381272934252586,0.38908954037230314,-54.99218339388028
final,2026-09-11,2026-09-22,0.0301369863013698,23650.0,CE,95.4,-0.0079245569307027,23463.324864369253,0.9936347194456252,0.004059667561464,0.1064207427347595,0.0634174846348399,test,532f111f183057b70433da2f7497a73a85da7a93c0a6230dbd898e9fef3463a2,True,0.0040919664362838,0.0064021749821676,0.0016253314098539,0.0062596210945368,0.0062605769314103,0.0019666439616717,0.0019875765698574,0.003878300418668,0.0045115664307173,0.0046720213718951,0.0023102085458838,53.860142478946,149.26014247894602,0.0021676546582530005,50.536644817921974,145.93664481792197,0.0021686104951265,50.55892917414819,145.95892917414818,-0.00021366601761579982,-4.981404026143189,90.41859597385681,-0.0024666350264299,-57.5070654135462,37.892934586453805,-0.0021253224746121,-49.54971337988958,45.850286620110424,-0.0021043898664263997,-49.06169109231448,46.33830890768552,0.0004195999944335005,9.782543452460251,105.18254345246025,0.0005800549356113002,13.523385814369632,108.92338581436964,50.536644817921974,0.02228435622621689,50.55892917414819,-49.54971337988958,0.4880222875751013,-49.06169109231448
final,2026-09-11,2026-09-22,0.0301369863013698,23800.0,CE,53.45,-0.0142470226701898,23463.324864369253,0.9936347194456252,0.0022601850311558,0.1052606245310481,0.051467904937807,test,532f111f183057b70433da2f7497a73a85da7a93c0a6230dbd898e9fef3463a2,True,0.0022926164152973,0.0041857820531834,0.0004282843846364,0.0040482937369966,0.0040543476901538,0.0006347728559285,0.0006457088208238,0.0021791405992736,0.0026994497957658,0.0028341417498301,0.0018931656378861003,44.137214873725426,97.58721487372543,0.0017556773216992998,40.931815814750635,94.38181581475064,0.0017617312748565003,41.07295752257985,94.52295752257984,-0.00011347581602370004,-2.645572249241676,50.80442775075833,-0.0018643320306608998,-43.46498889824011,9.985011101759895,-0.0016578435593688,-38.65092200204239,14.79907799795761,-0.0016469075944735,-38.39596119841491,15.054038801585094,0.00040683338046850013,9.484902943617978,62.934902943617985,0.0005415253345328001,12.625107688162169,66.07510768816218,40.931815814750635,0.14114170782921426,41.07295752257985,-38.65092200204239,0.2549608036274831,-38.39596119841491
final,2026-09-11,2026-09-22,0.0301369863013698,23950.0,CE,27.9,-0.020529765849685,23463.324864369253,0.9936347194456252,0.0011723895193159,0.1049275997001797,0.0370739607472508,test,532f111f183057b70433da2f7497a73a85da7a93c0a6230dbd898e9fef3463a2,True,0.0011967071653282,0.0025645338799424,5.686062219472515e-05,0.0024438308953947,0.002452156247899,0.0001345917171202,0.0001374775133883,0.0011275840112021,0.0015100478145551,0.0016123990870946,0.0013678267146142002,31.889476760395894,59.78947676039589,0.0012471237300665,29.075410490510254,56.97541049051026,0.0012554490825708,29.269507544158504,57.169507544158506,-6.912315412609983e-05,-1.6115354332228071,26.28846456677719,-0.0011398465431334747,-26.5743529200809,1.3256470799190971,-0.001062115448208,-24.762132176983915,3.1378678230160837,-0.0010592296519399,-24.694852797188524,3.2051472028114745,0.00031334064922690016,7.305215817799658,35.205215817799655,0.0004156919217664001,9.691430747054005,37.591430747054005,29.075410490510254,0.1940970536482488,29.269507544158504,-24.762132176983915,0.06727937979539231,-24.694852797188524
final,2026-09-11,2026-09-22,0.0301369863013698,24100.0,CE,14.9,-0.0267732824893701,23463.324864369253,0.9936347194456252,0.0006222178526085,0.1073737278886923,0.025019101868117,test,532f111f183057b70433da2f7497a73a85da7a93c0a6230dbd898e9fef3463a2,True,0.0006391016761071,0.0014570969053665,2.2206164673806584e-06,0.0013615988081891,0.0013685154840818,1.673892047457902e-05,1.7152950788195328e-05,0.0005352764784313,0.000787397025869,0.0008579354242184,0.0008179952292594001,19.070719686111577,33.97071968611158,0.000722497132082,16.844279510566615,31.744279510566614,0.0007294138079747001,17.005534714009297,31.9055347140093,-0.00010382519767579998,-2.420577981882589,12.479422018117411,-0.0006368810596397193,-14.848228604926453,0.051771395073547666,-0.000622362755632521,-14.509749239600927,0.39025076039907347,-0.0006219487253189046,-14.500096547543446,0.3999034524565541,0.0001482953497619,3.4573539611271134,18.357353961127114,0.0002188337481113,5.101884361685344,20.001884361685345,16.844279510566615,0.16125520344268449,17.005534714009297,-14.509749239600927,0.009652692057480912,-14.500096547543446
final,2026-09-11,2026-09-22,0.0301369863013698,24250.0,CE,9.35,-0.032978059376253,23463.324864369253,0.9936347194456252,0.0003880369745175,0.1141065049994318,0.01760985770186,test,532f111f183057b70433da2f7497a73a85da7a93c0a6230dbd898e9fef3463a2,True,0.0004010470249397,0.0007583409000091,8.722011781178601e-09,0.0006911258407796,0.0006963144443698,1.1361099130424235e-06,1.1429003346209724e-06,0.0002324487691002,0.0003818553219742,0.0004260265780471,0.00035729387506940003,8.32994019192783,17.67994019192783,0.0002900788158399,6.762890033931508,16.112890033931507,0.0002952674194301,6.883857004265362,16.23385700426536,-0.0001685982558395,-3.9306953899884007,5.419304610011599,-0.00040103830292791885,-9.34979665524052,0.0002033447594804727,-0.0003999109150266576,-9.323512762775849,0.026487237224150917,-0.00039990412460507905,-9.323354451062231,0.026645548937768382,-1.9191702965499992e-05,-0.4474348681538606,8.902565131846139,2.4979553107400002e-05,0.5823726571447952,9.932372657144795,6.762890033931508,0.12096697033385453,6.883857004265362,-9.323512762775849,0.00015831171361754094,-9.323354451062231
final,2026-09-11,2026-09-22,0.0301369863013698,24400.0,CE,6.7,-0.0391445742919169,23463.324864369253,0.9936347194456252,0.0002763492041498,0.1231223015460812,0.0132011580130591,test,532f111f183057b70433da2f7497a73a85da7a93c0a6230dbd898e9fef3463a2,True,0.0002873812905985,0.0003562276972579,9.168306989111373e-13,0.0003148433769647,0.000319197258865,4.1873929662281676e-08,4.0065435105314986e-08,9.215150122831792e-05,0.0001719408306556,0.0001971187881389,6.884640665940001e-05,1.6050833499190302,8.30508334991903,2.7462086366200015e-05,0.6402503735379439,7.340250373537944,3.18159682665e-05,0.7417566639135386,7.441756663913539,-0.00019522978937018206,-4.55158227613167,2.14841772386833,-0.0002873812896816693,-6.699999978623792,2.1376208358958593e-08,-0.0002873394166688377,-6.699023752282169,0.0009762477178307805,-0.00028734122516339464,-6.699065915477645,0.0009340845223553274,-0.00011544045994289998,-2.6913759069231618,4.008624093076838,-9.026250245959999e-05,-2.1043776552737232,4.5956223447262765,0.6402503735379439,0.10150629037559464,0.7417566639135386,-6.699023752282169,-4.2163195476086526e-05,-6.699065915477645
final,2026-09-11,2026-09-22,0.0301369863013698,24550.0,CE,5.0,-0.0452732962332903,23463.324864369253,0.9936347194456252,0.0002049706836871,0.1322089470925009,0.0101237064650954,test,532f111f183057b70433da2f7497a73a85da7a93c0a6230dbd898e9fef3463a2,True,0.0002144636497003,0.0001483465923911,1.4168164345101411e-18,0.0001265433994884,0.0001298289768094,8.815666288028573e-10,9.918337416134307e-10,3.3304601942090416e-05,7.180066531302723e-05,8.488756389133864e-05,-6.61170573092e-05,-1.54145136953418,3.45854863046582,-8.792025021190001e-05,-2.049770446756758,2.950229553243242,-8.46346728909e-05,-1.9731705818008625,3.0268294181991378,-0.0001811590477582096,-4.223537368949776,0.7764626310502241,-0.0002144636497002986,-4.999999999997336,2.6636470806806756e-12,-0.0002144627681336712,-4.999979447175713,2.055282428692351e-05,-0.0002144626578665584,-4.999976876411088,2.3123588912099535e-05,-0.00014266298438727278,-3.3260411399918035,1.6739588600081965,-0.00012957608580896137,-3.0209335239320962,1.9790664760679038,-2.049770446756758,0.07659986495589534,-1.9731705818008625,-4.999979447175713,2.5707646252548374e-06,-4.999976876411088
final,2026-09-11,2026-09-22,0.0301369863013698,24700.0,CE,3.4,-0.0513646856266923,23463.324864369253,0.9936347194456252,0.0001385336272661,0.138717306693776,0.0073056796513144,test,532f111f183057b70433da2f7497a73a85da7a93c0a6230dbd898e9fef3463a2,True,0.0001458352817962,5.356115477165787e-05,2.1911879364829344e-16,4.402050452755914e-05,4.5952995073742e-05,1.1442698000631404e-11,5.912292608757269e-11,1.0964139589677084e-05,2.7786034439594536e-05,3.399961403602672e-05,-9.227412702454213e-05,-2.1512766185188283,1.2487233814811716,-0.00010181477726864087,-2.3737070923409935,1.0262929076590064,-9.988228672245801e-05,-2.328653057569078,1.0713469424309219,-0.00013487114220652293,-3.1443823322723046,0.25561766772769534,-0.0001458352817959809,-3.3999999999930095,6.990408252249836e-12,-0.000145835270353502,-3.399999733223352,2.6677664788365973e-07,-0.00014583522267327392,-3.399998621607743,1.3783922567789375e-06,-0.00011804924735660548,-2.752197109428802,0.6478028905711981,-0.00011183566776017329,-2.6073338749106907,0.7926661250893092,-2.3737070923409935,0.045054034771915594,-2.328653057569078,-3.399999733223352,1.1116156083687477e-06,-3.399998621607743
final,2026-09-11,2026-09-22,0.0301369863013698,25000.0,CE,2.4,-0.0634372668609615,23463.324864369253,0.9936347194456252,9.661498146276624e-05,0.1586226990153069,0.0050323266734626,test,532f111f183057b70433da2f7497a73a85da7a93c0a6230dbd898e9fef3463a2,True,0.0001029425518561,4.034335098715902e-06,-2.591031807097228e-16,3.1733975441067697e-06,3.448429214418447e-06,4.4584594101585914e-15,6.341930630269239e-11,8.970643925827119e-07,3.3076761640090345e-06,4.382548732789391e-06,-9.89082167573841e-05,-2.3059436155159703,0.09405638448402964,-9.976915431199324e-05,-2.326015491468184,0.07398450853181604,-9.949412264168155e-05,-2.3196034101971645,0.08039658980283537,-0.0001020454874635173,-2.3790858638763726,0.020914136123627358,-0.0001029425518563591,-2.400000000003752,-3.752109734023179e-12,-0.00010294255185164155,-2.399999999893767,1.0623280033428273e-10,-0.0001029424884367937,-2.3999985214416393,1.4785583606347075e-06,-9.963487569209097e-05,-2.322884923185637,0.07711507681436292,-9.856000312331062e-05,-2.297825371828522,0.10217462817147771,-2.326015491468184,0.006412081271018956,-2.3196034101971645,-2.399999999893767,1.4784521277117889e-06,-2.3999985214416393
final,2026-09-11,2026-09-22,0.0301369863013698,25200.0,CE,2.0,-0.0714054365101384,23463.324864369253,0.9936347194456252,7.987349657966786e-05,0.1718547624619197,0.0040925404096938,test,532f111f183057b70433da2f7497a73a85da7a93c0a6230dbd898e9fef3463a2,True,8.578545988016515e-05,4.177388175730448e-07,-3.8656676948358846e-16,3.4968102204530884e-07,3.879709362757642e-07,-1.3212578831395862e-14,1.0171187236443356e-10,1.3734853779093621e-07,6.753350342020715e-07,9.510628656435836e-07,-8.53677210625921e-05,-1.9902608479768815,0.00973915202311848,-8.543577885811984e-05,-1.9918475456672082,0.00815245433279177,-8.539748894388939e-05,-1.9909548555939967,0.009045144406003347,-8.564811134237422e-05,-1.9967978597309433,0.0032021402690567413,-8.578545988055172e-05,-2.000000000009013,-9.01279051390702e-12,-8.578545989337773e-05,-2.000000000308038,-3.0803803952039743e-10,-8.578535816829279e-05,-1.9999976286920302,2.3713079697618156e-06,-8.511012484596308e-05,-1.984255256423514,0.01574474357648592,-8.483439701452157e-05,-1.977826944869862,0.02217305513013801,-1.9918475456672082,0.000892690073211545,-1.9909548555939967,-2.000000000308038,2.371616007779549e-06,-1.9999976286920302
final,2026-09-11,2026-09-22,0.0301369863013698,25550.0,CE,1.45,-0.0851987586424743,23463.324864369253,0.9936347194456252,5.711502084189948e-05,0.1933132118543533,0.0028795112360123,test,532f111f183057b70433da2f7497a73a85da7a93c0a6230dbd898e9fef3463a2,True,6.219445841311973e-05,1.585445134549857e-09,1.0055855790680552e-15,2.691792638508545e-09,3.169852347776122e-09,4.4886502601061993e-14,1.4888484035315575e-10,3.465281909398711e-09,3.0282218415701784e-08,4.816675201686307e-08,-6.219287296798518e-05,-1.4499630369730077,3.6963026992298254e-05,-6.219176662048122e-05,-1.4499372436158233,6.27563841766321e-05,-6.219128856077196e-05,-1.4499260981440865,7.390185591349407e-05,-6.219099313121033e-05,-1.4499192105069032,8.078949309675565e-05,-6.219445841211414e-05,-1.4499999999765558,2.344413552179958e-11,-6.219445836823323e-05,-1.4499999989535173,1.0464826782907721e-09,-6.219430952827937e-05,-1.4499965289026704,3.471097329565964e-06,-6.216417619470402e-05,-1.4492940011405662,0.0007059988594337874,-6.214629166110286e-05,-1.448877041585272,0.0011229584147278704,-1.4499372436158233,1.1145471736944352e-05,-1.4499260981440865,-1.4499999989535173,3.4700508468094995e-06,-1.4499965289026704
final,2026-09-11,2026-09-29,0.0493150684931506,19500.0,PE,3.2,0.1860571565126494,23487.57650696284,0.9985052197757204,0.2046554511497559,0.3353072974650645,0.0035558337022444,test,532f111f183057b70433da2f7497a73a85da7a93c0a6230dbd898e9fef3463a2,True,0.1699103054006947,0.1697739795938273,0.1697738592334938,0.1697740034044681,0.1697739802953368,0.1697738593421199,0.1697738593838343,0.1697738592051305,0.1697738592051306,0.1697738592051308,-0.00013632580686739892,-3.1971765879712435,0.002823412028756689,-0.00013630199622660655,-3.196618169686142,0.0033818303138581918,-0.00013632510535790954,-3.197160135842573,0.0028398641574272077,-0.000136446195564216,-3.1999999999998576,1.425526363618701e-13,-0.0001364461672009043,-3.199999334810205,6.651897952458796e-07,-0.00013644605857482395,-3.1999967872605595,3.2127394407055476e-06,-0.00013644601686041424,-3.1999958089547116,4.191045288592932e-06,-0.00013644619556410498,-3.1999999999972535,2.7466917629226373e-12,-0.0001364461955639107,-3.199999999992697,7.30304705598428e-12,-3.196618169686142,-0.0005419661564309476,-3.197160135842573,-3.1999967872605595,9.783058479687869e-07,-3.1999958089547116
final,2026-09-11,2026-09-29,0.0493150684931506,21800.0,PE,15.25,0.0745616522873072,23487.57650696284,0.9985052197757204,0.0781123548846964,0.1911240152396705,0.0182371232103735,test,532f111f183057b70433da2f7497a73a85da7a93c0a6230dbd898e9fef3463a2,True,0.0725000016915996,0.0722014334930024,0.0718608487128964,0.0721914105833282,0.072194370763428,0.0718685216581309,0.0718689089704732,0.0718534046948289,0.0718599721625704,0.0718617894178919,-0.0002985681985972072,-7.002161046413124,8.247838953586875,-0.0003085911082714027,-7.237223012229015,8.012776987770984,-0.0003056309281716102,-7.1677994839278725,8.082200516072128,-0.0006465969967707069,-15.164295208893382,0.08570479110661822,-0.0006391529787032058,-14.989714615293819,0.26028538470618123,-0.0006314800334687037,-14.809765114694883,0.44023488530511656,-0.0006310927211264084,-14.800681684481091,0.44931831551890866,-0.0006400295290292096,-15.010271883538739,0.23972811646126146,-0.0006382122737077084,-14.9676527617321,0.2823472382678993,-7.237223012229015,0.06942352830114222,-7.1677994839278725,-14.809765114694883,0.009083430213793557,-14.800681684481091
final,2026-09-11,2026-09-29,0.0493150684931506,22200.0,PE,22.05,0.0563793332041166,23487.57650696284,0.9985052197757204,0.058993671901277,0.1644275397541011,0.0261456878383913,test,532f111f183057b70433da2f7497a73a85da7a93c0a6230dbd898e9fef3463a2,True,0.0557596700459966,0.0558134477033084,0.0548906507842965,0.055779041329295,0.0557861526408314,0.0549215081055839,0.0549248440783323,0.0548728850435544,0.05492376341819,0.0549355755813374,5.377765731180012e-05,1.2612187733498388,23.31121877334984,1.9371283298402764e-05,0.45430439667856093,22.504304396678563,2.6482594834800754e-05,0.6210822010898445,22.671082201089845,-0.0008867850024422003,-20.797296663939562,1.2527033360604385,-0.0008690192617000977,-20.380646202271176,1.6693537977288244,-0.000838161940412703,-19.65696587017143,2.393034129828571,-0.0008348259676643002,-19.57872907690104,2.4712709230989596,-0.0008359066278066027,-19.604073224028546,2.4459267759714542,-0.0008240944646591974,-19.327048848849792,2.722951151150209,0.45430439667856093,0.1667778044112835,0.6210822010898445,-19.65696587017143,0.078236793270388,-19.57872907690104
final,2026-09-11,2026-09-29,0.0493150684931506,22400.0,PE,28.75,0.0474106632213563,23487.57650696284,0.9985052197757204,0.0498379261709165,0.1529056837194541,0.0326371162492513,test,532f111f183057b70433da2f7497a73a85da7a93c0a6230dbd898e9fef3463a2,True,0.0475302143623708,0.0479076642578412,0.0464735546265229,0.0478512624756882,0.047857633134253,0.0465301883026605,0.0465365552413806,0.0464691504030039,0.0465828399447549,0.046607420850248,0.00037744989547040114,8.852131497772552,37.602131497772554,0.00032104811331740146,7.529370521233279,36.279370521233275,0.0003274187718822,7.678778185720047,36.42877818572005,-0.0010610639593668994,-24.88456827934011,3.8654317206598883,-0.001056659735847898,-24.7812783693318,3.968721630668199,-0.0010000260597103003,-23.453078906599163,5.296921093400837,-0.000993659120990198,-23.303758481650135,5.446241518349865,-0.000947374417615901,-22.218267968812512,6.531732031187488,-0.0009227935121228006,-21.641785075664362,7.108214924335638,7.529370521233279,0.14940766448676818,7.678778185720047,-23.453078906599163,0.14932042494902592,-23.303758481650135
final,2026-09-11,2026-09-29,0.0493150684931506,22600.0,PE,39.85,0.0385217158041102,23487.57650696284,0.9985052197757204,0.0410392107578597,0.142951913122806,0.0416134442304465,test,532f111f183057b70433da2f7497a73a85da7a93c0a6230dbd898e9fef3463a2,True,0.0394883721976457,0.0403037982785146,0.0381732487422777,0.0402174923952947,0.0402206572442033,0.0382702652990446,0.0382785378816531,0.0382344670799046,0.0384547995078339,0.0384996852461678,0.0008154260808689029,19.123753857631904,58.973753857631905,0.0007291201976490011,17.09966791546509,56.94966791546509,0.0007322850465576042,17.173891432402673,57.02389143240268,-0.0012539051177411012,-29.407169325457186,10.442830674542815,-0.0013151234553680016,-30.842890413876074,9.007109586123928,-0.0012181068986010998,-28.56761274585225,11.28238725414775,-0.0012098343159926,-28.373600269082683,11.476399730917318,-0.0010335726898118014,-24.239830166910238,15.610169833089763,-0.000988686951477899,-23.187148836554773,16.66285116344523,17.09966791546509,0.0742235169375834,17.173891432402673,-28.56761274585225,0.19401247676956598,-28.373600269082683
final,2026-09-11,2026-09-29,0.0493150684931506,22750.0,PE,52.15,0.0319064766853911,23487.57650696284,0.9985052197757204,0.0347166846790444,0.1360472050688458,0.0499152959394272,test,532f111f183057b70433da2f7497a73a85da7a93c0a6230dbd898e9fef3463a2,True,0.0336264823326546,0.0348618908795663,0.0320900812970088,0.0347481806063122,0.0347490009738943,0.0322281405654958,0.032234719757364,0.0322669158378317,0.0325971522468151,0.0326619974397505,0.0012354085469117038,28.97337909474157,81.12337909474157,0.0011216982736576009,26.30659257930617,78.45659257930618,0.0011225186412397031,26.325832223562074,78.47583222356207,-0.0013595664948228975,-31.885189363052184,20.264810636947814,-0.0015364010356457986,-36.0323957273875,16.117604272612496,-0.0013983417671587992,-32.79456518670044,19.35543481329956,-0.0013917625752905977,-32.64026690164246,19.509733098357536,-0.0010293300858394971,-24.140330634107336,28.009669365892663,-0.0009644848929040994,-22.61955083856071,29.53044916143929,26.30659257930617,0.0192396442559043,26.325832223562074,-32.79456518670044,0.15429828505797677,-32.64026690164246
final,2026-09-11,2026-09-29,0.0493150684931506,22900.0,PE,69.9,0.0253347115221566,23487.57650696284,0.9985052197757204,0.02871533399636,0.1299702639743732,0.059503782172987,test,532f111f183057b70433da2f7497a73a85da7a93c0a6230dbd898e9fef3463a2,True,0.0279969773944836,0.0296986271660025,0.0262097769789836,0.0295542278798072,0.0295544398799193,0.0263968789362643,0.0263992953795073,0.0265851594049735,0.0270434211498433,0.0271307481785371,0.0017016497715189004,39.90788637487158,109.80788637487159,0.0015572504853236004,36.52136677339635,106.42136677339636,0.0015574624854356976,36.52633869918663,106.42633869918663,-0.0014118179895101016,-33.11061585667951,36.7893841433205,-0.0017872004155000017,-41.91426009315287,27.985739906847137,-0.0016000984582193005,-37.52625747554645,32.373742524453554,-0.001597682014976301,-37.469585918339426,32.43041408166058,-0.0009535562446403023,-22.363247067689425,47.53675293231058,-0.0008662292159464999,-20.315212744235982,49.58478725576403,36.52136677339635,0.004971925790279315,36.52633869918663,-37.52625747554645,0.05667155720702191,-37.469585918339426
final,2026-09-11,2026-09-29,0.0493150684931506,23050.0,PE,93.55,0.0188058526396929,23487.57650696284,0.9985052197757204,0.0230484404768266,0.1236785323884965,0.0694176005857502,test,532f111f183057b70433da2f7497a73a85da7a93c0a6230dbd898e9fef3463a2,True,0.022619045129384,0.0248659440082971,0.0206366231448088,0.024689291500106,0.0246905676140603,0.0208767913412197,0.020877042828653,0.0213045128853756,0.0218940594869817,0.0220038359282781,0.002246898878913099,52.69532347743411,146.2453234774341,0.0020702463707219995,48.55238622752412,142.1023862275241,0.0020715224846762983,48.582314248872535,142.13231424887255,-0.0013145322440084005,-30.829025048536273,62.720974951463724,-0.0019824219845752007,-46.49268764444799,47.05731235555201,-0.0017422537881643003,-40.86015076544686,52.68984923455314,-0.001742002300731002,-40.854252764529896,52.6957472354701,-0.0007249856424023024,-17.002702391914028,76.54729760808597,-0.0006152092011059013,-14.428173943569403,79.12182605643059,48.55238622752412,0.02992802134841653,48.582314248872535,-40.86015076544686,0.0058980009169680775,-40.854252764529896
final,2026-09-11,2026-09-29,0.0493150684931506,23200.0,PE,127.3,0.0123193434100861,23487.57650696284,0.9985052197757204,0.0178908222994064,0.1184159525027048,0.0788914505576017,test,532f111f183057b70433da2f7497a73a85da7a93c0a6230dbd898e9fef3463a2,True,0.0176717711690341,0.0204148786323983,0.0155041257836802,0.0202069132544916,0.0202083320791666,0.0157942436889292,0.0157980960602956,0.0165428102007493,0.0172468806769,0.0173758640647818,0.0027431074633642027,64.33263929761877,191.63263929761877,0.002535142085457503,59.45533798079158,186.75533798079158,0.002536560910132501,59.48861292071365,186.78861292071366,-0.0011289609682847979,-26.476920690771113,100.82307930922889,-0.002167645385353899,-50.83663347628951,76.46336652371049,-0.0018775274801048972,-44.03265266203631,83.26734733796368,-0.001873675108738499,-43.94230504683534,83.35769495316467,-0.00042489049213409805,-9.96473056069312,117.33526943930687,-0.00029590710425229927,-6.939751817130529,120.36024818286947,59.45533798079158,0.033274939922063075,59.48861292071365,-44.03265266203631,0.09034761520097875,-43.94230504683534
final,2026-09-11,2026-09-29,0.0493150684931506,23350.0,PE,173.75,0.0058746379674442,23487.57650696284,0.9985052197757204,0.0133441804637863,0.1139726644327348,0.085978686492824,test,532f111f183057b70433da2f7497a73a85da7a93c0a6230dbd898e9fef3463a2,True,0.0132660180473298,0.0163917702823231,0.0109656631128879,0.0161565556682046,0.0161544509992258,0.0112930514841815,0.011304956375684,0.0124009608539092,0.0131825677901892,0.0133244030064959,0.003125752234993298,73.30660346092722,247.05660346092722,0.002890537620874798,67.79024031084636,241.54024031084634,0.0028884329518959993,67.74088062951333,241.49088062951333,-0.0008650571934206014,-20.28772592375435,153.46227407624565,-0.0023003549344419016,-53.948999895342396,119.8010001046576,-0.0019729665631483,-46.2709346784458,127.4790653215542,-0.0019610616716458015,-45.99173559451044,127.75826440548957,-8.345025714060102e-05,-1.9571144636585582,171.79288553634143,5.838495916609884e-05,1.3692713714658233,175.11927137146583,67.79024031084636,-0.049359681333042284,67.74088062951333,-46.2709346784458,0.279199083935359,-45.99173559451044
final,2026-09-11,2026-09-29,0.0493150684931506,23500.0,CE,222.15,-0.0005287990677627,23487.57650696284,0.9985052197757204,0.0094673430865839,0.1098528123390408,0.0885891174345663,test,532f111f183057b70433da2f7497a73a85da7a93c0a6230dbd898e9fef3463a2,True,0.0094723507326848,0.0128340274969824,0.0071719133927952,0.0125790039644073,0.0125737062150082,0.0075139504300428,0.007531269318429,0.0089436811101624,0.0097513222564523,0.0098974756120726,0.0033616767642976,78.8396158740027,300.9896158740027,0.0031066532317225014,72.8586847028129,295.0086847028129,0.0031013554823234,72.73443940592483,294.8844394059248,-0.0005286696225223989,-12.398607268426273,209.75139273157373,-0.002300437339889599,-53.95093250644629,168.1990674935537,-0.001958400302641999,-45.92931992379898,176.22068007620103,-0.0019410814142557988,-45.523149252592866,176.62685074740713,0.000278971523767501,6.54257066211733,228.69257066211733,0.0004251248793878011,9.970227520199746,232.12022752019976,72.8586847028129,-0.12424529688807023,72.73443940592483,-45.92931992379898,0.40617067120611333,-45.523149252592866
final,2026-09-11,2026-09-29,0.0493150684931506,23650.0,CE,151.75,-0.0068914928555914,23487.57650696284,0.9985052197757204,0.006426096087609,0.1072218650339701,0.0852462921172525,test,532f111f183057b70433da2f7497a73a85da7a93c0a6230dbd898e9fef3463a2,True,0.006470534430272,0.0097659524135843,0.0042344530637364,0.0095016410236414,0.0094958565530184,0.0045614960723342,0.0045825975913455,0.0061864690086963,0.0069643117079024,0.0071056124034357,0.0032954179833122998,77.28568395031515,229.03568395031516,0.003031106593369399,71.08692960381389,222.83692960381387,0.0030253221227464003,70.95126949312298,222.701269493123,-0.0002840654215757006,-6.662035136145604,145.0879648638544,-0.0022360813665356005,-52.44162611735123,99.30837388264877,-0.0019090383579378001,-44.77166050793722,106.97833949206279,-0.0018879368389265,-44.27677781401574,107.47322218598427,0.0004937772776303995,11.580295675400988,163.33029567540098,0.0006350779731636993,14.894145679329732,166.64414567932974,71.08692960381389,-0.13566011069091416,70.95126949312298,-44.77166050793722,0.4948826939214854,-44.27677781401574
final,2026-09-11,2026-09-29,0.0493150684931506,23800.0,CE,98.7,-0.0132139585950784,23487.57650696284,0.9985052197757204,0.0041532670449743,0.1054062331379037,0.076039493824934,test,532f111f183057b70433da2f7497a73a85da7a93c0a6230dbd898e9fef3463a2,True,0.0042085123444338,0.0071952477325598,0.0021835508793973,0.0069343018121049,0.0069293473049,0.0024650984278051,0.0024848366956687,0.0040931152316791,0.0047923056588229,0.0049206317398564,0.002986735388126,70.04631534416568,168.74631534416568,0.0027257894676711,63.92648956226873,162.62648956226872,0.0027208349604661997,63.81029414186788,162.5102941418679,-0.00011539711275470026,-2.7063470644092353,95.99365293559077,-0.0020249614650365002,-47.49034343773163,51.20965656226837,-0.0017434139166287,-40.88735864083487,57.812641359165134,-0.0017236756487651003,-40.42444755047919,58.275552449520816,0.0005837933143890998,13.691393873754652,112.39139387375465,0.0007121193954225998,16.700957149660866,115.40095714966087,63.92648956226873,-0.11619542040084453,63.81029414186788,-40.88735864083487,0.462911090355688,-40.42444755047919
final,2026-09-11,2026-09-29,0.0493150684931506,23950.0,CE,63.75,-0.0194967017745737,23487.57650696284,0.9985052197757204,0.0026657801625674,0.1060097826250767,0.0634841930508688,test,532f111f183057b70433da2f7497a73a85da7a93c0a6230dbd898e9fef3463a2,True,0.0027182640522559,0.0051108712941265,0.0009385060638959,0.0048665197728799,0.0048640110913727,0.001151210403847,0.0011628501225004,0.0025843215356694,0.0031716992660445,0.0032813050078857,0.0023926072418706005,56.11254415944677,119.86254415944677,0.0021482557206240005,50.38189798968174,114.13189798968173,0.0021457470391168,50.32306321755895,114.07306321755895,-0.00013394251658649988,-3.1412825495384364,60.60871745046156,-0.0017797579883599998,-41.73971681072916,22.010283189270837,-0.0015670536484088998,-36.75127513942473,26.998724860575273,-0.0015554139297554999,-36.47829501317893,27.27170498682107,0.00045343521378859997,10.634174724502092,74.38417472450209,0.0005630409556298,13.20469984938002,76.95469984938002,50.38189798968174,-0.05883477212278288,50.32306321755895,-36.75127513942473,0.27298012624579543,-36.47829501317893
final,2026-09-11,2026-09-29,0.0493150684931506,24100.0,CE,40.65,-0.0257402184142588,23487.57650696284,0.9985052197757204,0.0016892470447777,0.1075274398599,0.0501918510037237,test,532f111f183057b70433da2f7497a73a85da7a93c0a6230dbd898e9fef3463a2,True,0.0017332930780267,0.0034828040253407,0.0003139713904308,0.0032669201720447,0.0032652133076768,0.0004492417444773,0.0004531354473049,0.0015541502836893,0.0020159419723612,0.0021040875748372,0.001749510947314,41.03034905630436,81.68034905630435,0.001533627094018,35.96733995084313,76.61733995084313,0.0015319202296501001,35.92730976931485,76.57730976931485,-0.00017914279433740008,-4.20134060542466,36.44865939457534,-0.0014193216875959,-33.286596093983036,7.363403906016963,-0.0012840513335494,-30.114172479247213,10.535827520752786,-0.0012801576307218,-30.022855539285665,10.627144460714334,0.00028264889433450005,6.628814076715565,47.27881407671556,0.0003707944968105001,8.696045975390513,49.34604597539051,35.96733995084313,-0.04003018152828562,35.92730976931485,-30.114172479247213,0.0913169399615509,-30.022855539285665
final,2026-09-11,2026-09-29,0.0493150684931506,24250.0,CE,27.2,-0.0319449953011417,23487.57650696284,0.9985052197757204,0.0011233286139335,0.1112487960726624,0.0390152220264596,test,532f111f183057b70433da2f7497a73a85da7a93c0a6230dbd898e9fef3463a2,True,0.0011597926622958,0.0022640411521647,7.364971849469631e-05,0.002085245674721,0.0020827042534257,0.000141576391018,0.0001420675139603,0.0008888554444772,0.0012290830217976,0.001295903120334,0.0011042484898689002,25.897352087895325,53.097352087895324,0.0009254530124251999,21.704156920716443,48.904156920716446,0.0009229115911299,21.644554319769377,48.84455431976937,-0.00027093721781860003,-6.354146361020697,20.845853638979303,-0.0010861429438011037,-25.472732352787514,1.7272676472124857,-0.0010182162712778,-23.879684256607632,3.320315743392367,-0.0010177251483355,-23.868166211645946,3.3318337883540536,6.929035950179992e-05,1.6250299210533645,28.825029921053364,0.00013611045803820008,3.192126126501162,30.39212612650116,21.704156920716443,-0.059602600947065314,21.644554319769377,-23.879684256607632,0.011518044961688345,-23.868166211645946
final,2026-09-11,2026-09-29,0.0493150684931506,24400.0,CE,19.25,-0.0381115102168056,23487.57650696284,0.9985052197757204,0.0007901154752167,0.1164830421176638,0.0304978873891026,test,532f111f183057b70433da2f7497a73a85da7a93c0a6230dbd898e9fef3463a2,True,0.0008208091451909,0.0013947277717952,1.0265649411297928e-05,0.0012570212059021,0.0012555251462067,3.4997401689220234e-05,3.4872520584094307e-05,0.0004828908950726,0.0007181113343881,0.0007659117918988,0.0005739186266042999,13.459808077018481,32.70980807701848,0.0004362120607111999,10.230249282537393,29.480249282537393,0.0004347160010157999,10.195162990790791,29.44516299079079,-0.0003379182501183,-7.925016860360896,11.324983139639105,-0.0008105434957796021,-19.009245188327096,0.2407548116729039,-0.0007858117435016798,-18.42922456582391,0.8207754341760882,-0.0007859366246068057,-18.432153335913476,0.8178466640865238,-0.00010269781080280002,-2.4085170950353105,16.84148290496469,-5.489735329210004e-05,-1.2874784072087637,17.962521592791237,10.230249282537393,-0.035086291746600905,10.195162990790791,-18.42922456582391,-0.0029287700895616092,-18.432153335913476
final,2026-09-11,2026-09-29,0.0493150684931506,24550.0,CE,14.25,-0.044240232158179,23487.57650696284,0.9985052197757204,0.0005813170063382,0.1225094913474758,0.0241411163301475,test,532f111f183057b70433da2f7497a73a85da7a93c0a6230dbd898e9fef3463a2,True,0.0006076119646218,0.0008079121126429,6.514990099003e-07,0.0007102599740096,0.0007108633211742,6.6629095883770015e-06,6.525547229564081e-06,0.0002489819910511,0.0004017909361539,0.0004340940469361,0.0002003001480211001,4.697532760199495,18.947532760199493,0.0001026480093878,2.4073491289565125,16.65734912895651,0.00010325135655240008,2.421499108871574,16.671499108871572,-0.0003586299735706999,-8.410757886511268,5.839242113488732,-0.0006069604656118997,-14.234720740483347,0.015279259516653099,-0.000600949055033423,-14.0937383278072,0.15626167219279985,-0.0006010864173922358,-14.096959814096236,0.15304018590376423,-0.00020582102846789993,-4.827011030785971,9.422988969214028,-0.00017351791768569993,-4.0694233671974605,10.18057663280254,2.4073491289565125,0.014149979915061223,2.421499108871574,-14.0937383278072,-0.0032214862890365746,-14.096959814096236
final,2026-09-11,2026-09-29,0.0493150684931506,24700.0,CE,11.3,-0.050331621551581,23487.57650696284,0.9985052197757204,0.0004581747490967,0.1297582863136991,0.0197598443780923,test,532f111f183057b70433da2f7497a73a85da7a93c0a6230dbd898e9fef3463a2,True,0.0004818256280861,0.0004359983803638,1.2635805465472412e-08,0.0003730432508718,0.0003749632862444,9.724866439787664e-07,9.124648161623684e-07,0.0001217656820421,0.0002151716719232,0.000235816090269,-4.5827247722299996e-05,-1.0747620489157321,10.225237951084269,-0.00010878237721430003,-2.551215192525582,8.748784807474419,-0.00010686234184170001,-2.50618562488602,8.79381437511398,-0.000360059946044,-8.444294269813406,2.8557057301865942,-0.00048181299228063453,-11.299703659178537,0.00029634082146401397,-0.00048085314144212125,-11.277192788351092,0.02280721164890842,-0.00048091316326993763,-11.278600448331776,0.021399551668224603,-0.0002666539561629,-6.253693305209487,5.0463066947905135,-0.00024600953781710004,-5.769530749900527,5.530469250099474,-2.551215192525582,0.04502956763956199,-2.50618562488602,-11.277192788351092,-0.0014076599806849934,-11.278600448331776
final,2026-09-11,2026-09-29,0.0493150684931506,24850.0,CE,8.8,-0.0563861304602872,23487.57650696284,0.9985052197757204,0.0003546548795914,0.1360801910005903,0.0159801591163966,test,532f111f183057b70433da2f7497a73a85da7a93c0a6230dbd898e9fef3463a2,True,0.0003752270378016,0.0002167736777369,4.850350399006933e-11,0.0001804821896643,0.0001825756090878,1.097694474472063e-07,9.542764258512506e-08,5.64619701556102e-05,0.0001102560246563,0.0001227458304309,-0.00015845336006470003,-3.716122315542195,5.083877684457805,-0.0001947448481373,-4.567247268877071,4.23275273112293,-0.0001926514287138,-4.518151417376785,4.2818485826232155,-0.0003187650676459898,-7.475827466270792,1.3241725337292083,-0.000375226989298096,-8.799998862472886,1.1375271142810561e-06,-0.0003751172683541528,-8.797425635574427,0.00257436442557335,-0.0003751316101590149,-8.797761986290318,0.0022380137096824626,-0.00026497101314530003,-6.214224138377459,2.585775861622542,-0.0002524812073707,-5.921307371343757,2.8786926286562435,-4.567247268877071,0.04909585150028567,-4.518151417376785,-8.797425635574427,-0.0003363507158912235,-8.797761986290318
final,2026-09-11,2026-09-29,0.0493150684931506,25000.0,CE,7.65,-0.0624042027858502,23487.57650696284,0.9985052197757204,0.0003064580874887,0.1445476364332091,0.0138102817599957,test,532f111f183057b70433da2f7497a73a85da7a93c0a6230dbd898e9fef3463a2,True,0.0003261916862706,9.795427707902718e-05,3.2417187397436446e-14,7.966729895686302e-05,8.126557402475555e-05,9.551014043224358e-09,7.878815051272437e-09,2.4818829573401095e-05,5.404725022301917e-05,6.120773602418927e-05,-0.00022823740919157283,-5.352730476602183,2.2972695233978175,-0.000246524387313737,-5.781605241112433,1.8683947588875673,-0.0002449261122458445,-5.744121746639706,1.905878253360294,-0.0003013728566971989,-7.067937200030754,0.582062799969246,-0.0003261916862381828,-7.64999999923696,7.630402976133155e-10,-0.00032618213525655677,-7.64977600514847,0.00022399485153012932,-0.00032618380745554873,-7.649815222341387,0.0001847776586130223,-0.00027214443604758084,-6.3824586075935255,1.267541392406475,-0.00026498395024641074,-6.214527545323933,1.4354724546760673,-5.781605241112433,0.03748349447272663,-5.744121746639706,-7.64977600514847,-3.921719291709776e-05,-7.649815222341387
final,2026-09-11,2026-09-29,0.0493150684931506,25150.0,CE,6.45,-0.0683862744633977,23487.57650696284,0.9985052197757204,0.0002568451596697,0.1518728847071453,0.0117325481784841,test,532f111f183057b70433da2f7497a73a85da7a93c0a6230dbd898e9fef3463a2,True,0.000275024362934,3.95593603889138e-05,1.1214269063299914e-16,3.1772428612571006e-05,3.2733728923241496e-05,6.982817194929307e-10,5.989732764723204e-10,1.034168055292009e-05,2.5344107875852843e-05,2.9238078550367606e-05,-0.00023546500254508618,-5.522235376578355,0.9277646234216448,-0.00024325193432142897,-5.704858142872843,0.7451418571271571,-0.00024229063401075848,-5.682313278346388,0.7676867216536118,-0.0002646826823810799,-6.207462070430535,0.2425379295694654,-0.0002750243629338878,-6.4499999999942,5.799805080641818e-12,-0.0002750236646522805,-6.449983623567329,1.6376432671272312e-05,-0.0002750237639607235,-6.4499859525953855,1.4047404614636605e-05,-0.00024968025505814714,-5.855618127586495,0.5943818724135053,-0.0002457862843836324,-5.764294905953816,0.6857050940461837,-5.704858142872843,0.022544864526454957,-5.682313278346388,-6.449983623567329,-2.3290280564574475e-06,-6.4499859525953855
final,2026-09-11,2026-09-29,0.0493150684931506,25300.0,CE,5.65,-0.074332773651124,23487.57650696284,0.9985052197757204,0.0002236544723851,0.1597195025719985,0.0102271800529271,test,532f111f183057b70433da2f7497a73a85da7a93c0a6230dbd898e9fef3463a2,True,0.000240912814043,1.398269495977598e-05,1.1958936042077242e-16,1.134040703869299e-05,1.181500805648978e-05,4.1260177787080816e-11,5.508825201253087e-11,4.0854000576527215e-06,1.1369419998966169e-05,1.3380024678874732e-05,-0.00022693011908322402,-5.322071297506587,0.32792870249341366,-0.000229572407004307,-5.384039469741084,0.2659605302589165,-0.00022909780598651022,-5.372908904680844,0.27709109531915654,-0.00023682741398534728,-5.554187286932525,0.09581271306747574,-0.0002409128140428804,-5.6499999999953285,4.671818487622659e-12,-0.00024091277278282222,-5.649999032345145,9.676548557990827e-07,-0.00024091275895474798,-5.64999870804268,1.2919573206815471e-06,-0.00022954339404403383,-5.383359044226174,0.26664095577382607,-0.00022753278936412527,-5.3362054028285355,0.31379459717146485,-5.384039469741084,0.011130565060239454,-5.372908904680844,-5.649999032345145,3.243024647075102e-07,-5.64999870804268
final,2026-09-11,2026-09-29,0.0493150684931506,25600.0,CE,4.4,-0.0861207294031663,23487.57650696284,0.9985052197757204,0.0001721322999579,0.1747771537511102,0.0078870216024315,test,532f111f183057b70433da2f7497a73a85da7a93c0a6230dbd898e9fef3463a2,True,0.0001876135189007,1.0464312299887733e-06,-4.782732430725621e-15,1.0022799419897026e-06,1.0729432372905924e-06,8.86186930329135e-14,5.566380699804402e-12,5.438179360217811e-07,2.0046178939667355e-06,2.4651749844756374e-06,-0.00018656708767071122,-4.375458605331908,0.02454139466809213,-0.0001866112389587103,-4.376494061989478,0.023505938010522698,-0.0001865405756634094,-4.374836833335884,0.025163166664116332,-0.00018706970096467822,-4.387246127395412,0.0127538726045886,-0.00018761351890548273,-4.400000000109696,-1.0969536390348367e-10,-0.0001876135188120813,-4.399999997919202,2.080798644499282e-09,-0.0001876135133343193,-4.399999869452166,1.3054783476462717e-07,-0.00018560890100673325,-4.352986763504069,0.04701323649593103,-0.00018514834391622435,-4.342185563195522,0.0578144368044784,-4.376494061989478,0.0016572286535934718,-4.374836833335884,-4.399999997919202,1.2846703676262151e-07,-4.399999869452166
final,2026-09-11,2026-09-29,0.0493150684931506,26000.0,CE,3.1,-0.1016249159391315,23487.57650696284,0.9985052197757204,0.0001194092598309,0.1927178516298343,0.0055583496394605,test,532f111f183057b70433da2f7497a73a85da7a93c0a6230dbd898e9fef3463a2,True,0.0001321822519527,6.945933243487201e-09,-6.406186611765277e-17,1.7427645584652896e-08,1.9949025618852303e-08,-2.010750539253109e-16,8.590743111229213e-12,2.6696010518153585e-08,1.511572690871667e-07,1.987818434322477e-07,-0.00013217530601945652,-3.099837100721382,0.00016289927861823372,-0.00013216482430711534,-3.0995912787008186,0.00040872129918145816,-0.00013216230292708114,-3.099532146116901,0.00046785388309888987,-0.00013215555594218184,-3.099373912671194,0.0006260873288059798,-0.00013218225195276405,-3.0999999999982153,1.7847945343874017e-12,-0.00013218225195290106,-3.1000000000014287,-1.4286349880876514e-12,-0.0001321822433619569,-3.099999798522588,2.0147741208731418e-07,-0.00013203109468361282,-3.096454989019465,0.003545010980535057,-0.00013198347010926774,-3.0953380752259063,0.004661924774093773,-3.0995912787008186,5.913258391759619e-05,-3.099532146116901,-3.1000000000014287,2.014788414028492e-07,-3.099999798522588
final,2026-09-11,2026-09-29,0.0493150684931506,27000.0,CE,1.8,-0.1393652439219785,23487.57650696284,0.9985052197757204,6.67664678624725e-05,0.2390234629645296,0.0030239598034921,test,532f111f183057b70433da2f7497a73a85da7a93c0a6230dbd898e9fef3463a2,True,7.675098500487492e-05,-4.2755749492881424e-14,1.383673035063205e-13,-5.18966896018295e-15,3.1545932457135057e-13,-3.0245981617956243e-16,1.1292265393746795e-11,2.982597502181756e-12,6.394615978214692e-11,1.0352224578785027e-10,-7.675098504763066e-05,-1.8000000010027275,-1.0027274566226652e-09,-7.675098501006458e-05,-1.8000000001217105,-1.2171041952058204e-10,-7.675098468941559e-05,-1.7999999926017003,7.39829975060502e-09,-7.675098202227742e-05,-1.7999999300507283,6.994927170822507e-08,-7.675098486650761e-05,-1.7999999967549452,3.2450548914653154e-09,-7.675098500517738e-05,-1.8000000000070935,-7.09343694893505e-12,-7.675097371260952e-05,-1.79999973516851,2.648314900710602e-07,-7.675092105871513e-05,-1.7999985003047503,1.499695249762567e-06,-7.675088148262913e-05,-1.79999757214787,2.4278521300047373e-06,-1.8000000001217105,7.520010177329984e-09,-1.7999999926017003,-1.8000000000070935,2.648385833109802e-07,-1.79999973516851
final,2026-09-11,2026-10-27,0.1260273972602739,22250.0,PE,61.9,0.0587963983628097,23597.4441390753,0.98324863460268,0.0633887062546553,0.1380061262319295,0.0669109372675246,test,532f111f183057b70433da2f7497a73a85da7a93c0a6230dbd898e9fef3463a2,True,0.0597691303284233,0.0623447751360379,0.0594323536976432,0.061958395728374,0.061956618244376,0.0594351930524789,0.059442557518101,0.0580073304921097,0.0583351069734638,0.0583105124221667,0.002575644807614602,59.76050935543141,121.6605093554314,0.0021892653999507003,50.795674554382366,112.69567455438236,0.0021874879159526975,50.75443309563086,112.65443309563085,-0.0017617998363135962,-40.87755240518797,21.02244759481203,-0.00033677663078009873,-7.8139434967603805,54.08605650323962,-0.0003339372759443987,-7.748064346529495,54.1519356534705,-0.0003265728103222995,-7.577192875662824,54.322807124337174,-0.0014340233549594988,-33.272431768001525,28.627568231998474,-0.0014586179062565999,-33.84307835270832,28.05692164729168,50.795674554382366,-0.04124145875150937,50.75443309563086,-7.748064346529495,0.17087147086667134,-7.577192875662824
final,2026-09-11,2026-10-27,0.1260273972602739,22600.0,PE,94.7,0.0431885006968187,23597.4441390753,0.98324863460268,0.0483963504295093,0.1281595248566643,0.0883043506938097,test,532f111f183057b70433da2f7497a73a85da7a93c0a6230dbd898e9fef3463a2,True,0.046350677355593,0.0502247561986951,0.0464009542523823,0.0497211512718944,0.0497218424237937,0.0463903751544395,0.0463969175055882,0.0445290501282928,0.0450897790177247,0.0450490396700474,0.003874078843102098,89.88697675332727,184.5869767533273,0.0033704739163014016,78.2022573189783,172.9022573189783,0.0033711650682006974,78.21829353228759,172.91829353228758,-0.0018216272273001988,-42.26567678794289,52.434323212057116,5.0276896789297476e-05,1.1665323386424213,95.86653233864243,3.96977988465011e-05,0.9210744712713288,95.62107447127133,4.6240149995199764e-05,1.0728711149205048,95.7728711149205,-0.0012608983378682992,-29.255558333842064,65.44444166615794,-0.0013016376855456008,-30.20079898224433,64.49920101775567,78.2022573189783,0.016036213309297068,78.21829353228759,0.9210744712713288,0.15179664364917594,1.0728711149205048
final,2026-09-11,2026-10-27,0.1260273972602739,22950.0,PE,153.5,0.0278204704685047,23597.4441390753,0.98324863460268,0.035013476290169,0.1210804674171232,0.1132496821967784,test,532f111f183057b70433da2f7497a73a85da7a93c0a6230dbd898e9fef3463a2,True,0.0340528099621075,0.0391499316715105,0.0344438629419348,0.0385333305700964,0.0385453092816728,0.034418159836802,0.0344291436964255,0.0323391213472818,0.0331514569526784,0.0330937420723845,0.005097121709402998,118.26420657849076,271.76420657849076,0.004480520607988897,103.95773241687944,257.4577324168794,0.004492499319565302,104.23566433633952,257.73566433633954,-0.0017136886148257022,-39.76126839998335,113.73873160001665,0.00039105297982729853,9.073271745525334,162.57327174552535,0.0003653498746944983,8.476904323196276,161.97690432319627,0.00037633373431800177,8.731753533711851,162.23175353371184,-0.0009013530094291039,-20.91333199099795,132.58666800900204,-0.0009590678897230046,-22.252441573792314,131.2475584262077,103.95773241687944,0.2779319194600935,104.23566433633952,8.476904323196276,0.25484921051557585,8.731753533711851
final,2026-09-11,2026-10-27,0.1260273972602739,23100.0,PE,188.45,0.0213057894473111,23597.4441390753,0.98324863460268,0.029831372961989,0.1182806595785192,0.1231727123549989,test,532f111f183057b70433da2f7497a73a85da7a93c0a6230dbd898e9fef3463a2,True,0.0292025149571537,0.0347785494289576,0.0297455760875687,0.0341198421742243,0.0341360565032631,0.0297151259600312,0.0297269349199511,0.0276496284033809,0.0285561973444339,0.0284922107995915,0.005576034471803899,129.37601459382057,317.82601459382056,0.0049173272170706,114.09258694781806,302.54258694781805,0.004933541546109404,114.46879431901722,302.9187943190172,-0.0015528865537727983,-36.030314098553674,152.41968590144631,0.0005430611304150026,12.600188375660922,201.05018837566092,0.0005126110028774999,11.893679804991852,200.34367980499184,0.0005244199627974025,12.16767312025213,200.6176731202521,-0.0006463176127197989,-14.995961254957734,173.45403874504225,-0.0007103041575621978,-16.48058696902012,171.96941303097987,114.09258694781806,0.3762073711991652,114.46879431901722,11.893679804991852,0.27399331526028003,12.16767312025213
final,2026-09-11,2026-10-27,0.1260273972602739,23250.0,PE,231.5,0.0148332749416936,23597.4441390753,0.98324863460268,0.0250704579653457,0.115897772559359,0.1317061304973194,test,532f111f183057b70433da2f7497a73a85da7a93c0a6230dbd898e9fef3463a2,True,0.0247013254596109,0.0306555125480194,0.0253486938623572,0.0299611002643194,0.0299779482848816,0.0253159797025387,0.0253307878933732,0.0233374083842516,0.0243205469684339,0.0242514905474111,0.005954187088408499,138.14997011578149,369.64997011578146,0.0052597748047084995,122.03810886305948,353.5381088630595,0.005276622825270697,122.42901924303544,353.92901924303544,-0.0013639170753593013,-31.645815021183,199.854184978817,0.0006473684027463004,15.020341847741214,246.5203418477412,0.0006146542429277986,14.261302849775005,245.761302849775,0.0006294624337622977,14.60488478478633,246.10488478478632,-0.00038077849117700013,-8.834881470090933,222.66511852990908,-0.00044983491219980146,-10.437139235752243,221.06286076424774,122.03810886305948,0.3909103799759524,122.42901924303544,14.261302849775005,0.3435819350113246,14.60488478478633
final,2026-09-11,2026-10-27,0.1260273972602739,23400.0,PE,284.0,0.0084023846114031,23597.4441390753,0.98324863460268,0.0207813067219959,0.1140139328254715,0.1379974796987471,test,532f111f183057b70433da2f7497a73a85da7a93c0a6230dbd898e9fef3463a2,True,0.0206074257207145,0.026794961568803,0.0212828697388537,0.0260730502558221,0.0260876384923278,0.0212514273199488,0.0212711517650288,0.0194311883602668,0.0204677872748018,0.0203952005256897,0.0061875358480885,143.5641641438975,427.56416414389753,0.005465624535107599,126.81426615887912,410.81426615887915,0.005480212771613299,127.15274467952014,411.15274467952014,-0.0011762373604476996,-27.291241236148228,256.7087587638518,0.0006754440181391992,15.671756620223258,299.6717566202233,0.0006440015992342993,14.942224751710732,298.94222475171074,0.0006637260443142987,15.39987437841748,299.3998743784175,-0.00013963844591270008,-3.239912828303487,280.7600871716965,-0.00021222519502480178,-4.924081812539912,279.0759181874601,126.81426615887912,0.3384785206410226,127.15274467952014,14.942224751710732,0.45764962670674775,15.39987437841748
final,2026-09-11,2026-10-27,0.1260273972602739,23550.0,PE,340.65,0.0020125865126322,23597.4441390753,0.98324863460268,0.0167260173853691,0.1107379656286675,0.1412708315977787,test,532f111f183057b70433da2f7497a73a85da7a93c0a6230dbd898e9fef3463a2,True,0.0166923886800597,0.0232088642584281,0.0175742633184288,0.0224693234577849,0.0224799048310747,0.0175485267162508,0.0175669887210105,0.0159490075228806,0.0170122163628398,0.0169378688197474,0.0065164755783684025,151.1962746626498,491.84627466264976,0.005776934777725201,134.0373345770826,474.68733457708254,0.005787516151015002,134.28284523740695,474.9328452374069,-0.0007433811571790974,-17.248044632130906,323.40195536786905,0.0008818746383691019,20.46139181177818,361.11139181177816,0.0008561380361911015,19.864247185823395,360.51424718582336,0.0008746000409508015,20.29260547688134,360.94260547688134,0.0003198276827801015,7.420691382756114,348.0706913827561,0.0002454801396877017,5.695668184141407,346.3456681841414,134.0373345770826,0.24551066032435645,134.28284523740695,19.864247185823395,0.4283582910579472,20.29260547688134
final,2026-09-11,2026-10-27,0.1260273972602739,23700.0,CE,312.95,-0.0043366411660265,23597.4441390753,0.98324863460268,0.0134296055804306,0.1096677277445528,0.1410287641610914,test,532f111f183057b70433da2f7497a73a85da7a93c0a6230dbd898e9fef3463a2,True,0.0134879714252256,0.0199065189339591,0.0142437965704556,0.0191606137295315,0.0191670567273125,0.0142287426279925,0.0142420868282961,0.0128968980869564,0.0139582616383892,0.0138840204427539,0.0064185475087335,148.92413243858442,461.8741324385844,0.005672642304305902,131.61752447164832,444.5675244716483,0.005679085302086901,131.7670159030872,444.7170159030872,-0.0005910733382691984,-13.714175051216115,299.2358249487839,0.0007558251452300015,17.5367719683445,330.4867719683445,0.0007407712027669017,17.187488066021263,330.13748806602126,0.0007541154030705002,17.497102266211588,330.4471022662116,0.0004702902131636013,10.911746293760157,323.8617462937601,0.00039604901752830074,9.189190585300196,322.1391905853002,131.61752447164832,0.14949143143887686,131.7670159030872,17.187488066021263,0.3096142001903227,17.497102266211588
final,2026-09-11,2026-10-27,0.1260273972602739,23850.0,CE,250.3,-0.0106458103592912,23597.4441390753,0.98324863460268,0.0106735555387718,0.109267829246846,0.1370935854657406,test,532f111f183057b70433da2f7497a73a85da7a93c0a6230dbd898e9fef3463a2,True,0.0107877911734589,0.0168941005901187,0.0113054278663672,0.0161540944783032,0.0161558316053623,0.0113060130521835,0.0113156824761782,0.0102685966759696,0.0113003354297569,0.0112280250719741,0.006106309416659799,141.67953591373453,391.97953591373454,0.0053663033048443,124.50979960635011,374.8097996063501,0.005368040431903401,124.5501046971608,374.8501046971608,-0.0005191944974893004,-12.046431065638036,238.25356893436197,0.0005176366929083003,12.01028664271079,262.3102866427108,0.000518221878724601,12.023864214566318,262.32386421456636,0.0005278913027193001,12.248215686239934,262.5482156862399,0.0005125442562980004,11.892131140526613,262.1921311405266,0.0004402338985151997,10.214375030678621,260.51437503067865,124.50979960635011,0.04030509081068614,124.5501046971608,12.023864214566318,0.22435147167361724,12.248215686239934
final,2026-09-11,2026-10-27,0.1260273972602739,24000.0,CE,193.1,-0.0169154233728866,23597.4441390753,0.98324863460268,0.0081829082189212,0.1076131993827893,0.1294686028788362,test,532f111f183057b70433da2f7497a73a85da7a93c0a6230dbd898e9fef3463a2,True,0.008322502898901,0.0141742780635311,0.0087646113234381,0.0134529161602998,0.0134496268739513,0.0087850402427713,0.0087926219401594,0.0080462950653231,0.0090234284702481,0.0089547000021403,0.005851775164630101,135.7737928140926,328.87379281409255,0.0051304132613988005,119.03664231909451,312.1366423190945,0.0051271239750503,118.96032378828579,312.0603237882858,-0.00027620783357789995,-6.408616892273525,186.69138310772647,0.0004421084245371,10.2578680734839,203.3578680734839,0.000462537343870301,10.731863020816633,203.83186302081663,0.00047011904125840095,10.907774736730294,204.00777473673028,0.0007009255713470997,16.262983560510094,209.3629835605101,0.0006321971032393001,14.66833500912676,207.76833500912676,119.03664231909451,-0.07631853080872171,118.96032378828579,10.731863020816633,0.17591171591366148,10.907774736730294
final,2026-09-11,2026-10-27,0.1260273972602739,24150.0,CE,148.15,-0.0231459731235227,23597.4441390753,0.98324863460268,0.0062390888260293,0.1070168038179924,0.1189844064576885,test,532f111f183057b70433da2f7497a73a85da7a93c0a6230dbd898e9fef3463a2,True,0.0063851828299957,0.0117459304849318,0.0066171334784672,0.0110558264007087,0.0110498817111315,0.0066600556490126,0.0066688004814153,0.0062022959434185,0.0071043477270568,0.0070405724776514,0.005360747654936099,124.3808965575551,272.53089655755514,0.004670643570713,108.36899481570325,256.51899481570325,0.0046646988811358,108.23106520831207,256.38106520831207,-0.0001828868865772007,-4.2433698404263485,143.90663015957367,0.00023195064847149945,5.381754835526818,153.5317548355268,0.0002748728190169001,6.3776416778625915,154.5276416778626,0.0002836176514195996,6.580540632356708,154.7305406323567,0.0007191648970610994,16.686175217894608,164.8361752178946,0.0006553896476557,15.206452013255197,163.3564520132552,108.36899481570325,-0.13792960739117202,108.23106520831207,6.3776416778625915,0.2028989544941164,6.580540632356708
final,2026-09-11,2026-10-27,0.1260273972602739,24300.0,CE,111.45,-0.0293379433714438,23597.4441390753,0.98324863460268,0.0046645574595074,0.1064387587419838,0.1062998985427733,test,532f111f183057b70433da2f7497a73a85da7a93c0a6230dbd898e9fef3463a2,True,0.0048034331853056,0.0096039891771019,0.0048485230687564,0.0089569533896518,0.008950148533721,0.0049143110623933,0.0049243729413973,0.0047013274272732,0.0055134357552875,0.0054556339694901,0.004800555991796299,111.38324291100854,222.83324291100854,0.0041535202043462005,96.37061845483531,207.8206184548353,0.004146715348415399,96.21273113461446,207.66273113461446,-0.00010210575803239978,-2.369073596677263,109.08092640332274,4.5089883450800256e-05,1.0461824525767673,112.49618245257678,0.00011087787708769989,2.572605660307079,114.02260566030708,0.00012093975609170013,2.80606293383101,114.25606293383102,0.0007100025699818997,16.47358948731744,127.92358948731744,0.0006522007841844998,15.132463509584014,126.58246350958402,96.37061845483531,-0.15788732022084387,96.21273113461446,2.572605660307079,0.23345727352393117,2.80606293383101
final,2026-09-11,2026-10-27,0.1260273972602739,24450.0,CE,84.0,-0.035491808945822,23597.4441390753,0.98324863460268,0.0034941140024813,0.1067424357175542,0.092956954572313,test,532f111f183057b70433da2f7497a73a85da7a93c0a6230dbd898e9fef3463a2,True,0.0036203534101899,0.0077394266927625,0.0034342039524258,0.0071457875462054,0.0071378236804112,0.0035205017698728,0.0035309668912803,0.0035032073878046,0.0042165681778976,0.0041653771563913,0.0041190732825726,95.57137564587688,179.57137564587688,0.0035254341360155,81.79766831375773,165.79766831375773,0.0035174702702213,81.61288946735287,165.6128894673529,-0.00011714602238530004,-2.7180401373712346,81.28195986262877,-0.0001861494577641001,-4.319068521921967,79.68093147807804,-9.985164031709988e-05,-2.316773208667559,81.68322679133244,-8.938651890960008e-05,-2.073959842503991,81.926040157496,0.0005962147677076998,13.833467292580876,97.83346729258088,0.0005450237462013997,12.64572529081217,96.64572529081217,81.79766831375773,-0.18477884640485695,81.61288946735287,-2.316773208667559,0.24281336616356824,-2.073959842503991
final,2026-09-11,2026-10-27,0.1260273972602739,24600.0,CE,64.0,-0.0416080359632581,23597.4441390753,0.98324863460268,0.0026459492794632,0.1079140232081093,0.0801588890924148,test,532f111f183057b70433da2f7497a73a85da7a93c0a6230dbd898e9fef3463a2,True,0.0027583645030018,0.0061394077753076,0.0023404998805015,0.0056073860765622,0.0055987791373072,0.0024422216206504,0.0024519128338095,0.0025655410068352,0.0031772174004682,0.0031328978460101,0.0033810432723057997,78.4474891523873,142.4474891523873,0.0028490215735604,66.10343937845421,130.1034393784542,0.0028404146343054,65.9037398421092,129.9037398421092,-0.00019282349616659995,-4.473920593609788,59.52607940639021,-0.0004178646225003,-9.695359627385999,54.304640372614,-0.0003161428823514,-7.3351960730607315,56.66480392693927,-0.0003064516691923002,-7.110339045823254,56.88966095417675,0.00041885289746639975,9.718289736065092,73.71828973606509,0.00037453334300829996,8.689980575969857,72.68998057596986,66.10343937845421,-0.19969953634499893,65.9037398421092,-7.3351960730607315,0.224857027237477,-7.110339045823254
final,2026-09-11,2026-10-27,0.1260273972602739,24750.0,CE,49.2,-0.0476870820396403,23597.4441390753,0.98324863460268,0.0020217457903534,0.1096032187184637,0.0684298074497287,test,532f111f183057b70433da2f7497a73a85da7a93c0a6230dbd898e9fef3463a2,True,0.0021204927116826,0.0047876078233887,0.0015265020242312,0.0043228099872038,0.004315860327586,0.0016363887056267,0.0016438503931457,0.0018461762862712,0.0023583914822635,0.0023208658960254,0.0026671151117061004,61.88281750414959,111.0828175041496,0.0022023172755212,51.09850619088397,100.29850619088397,0.0021953676159034005,50.93725911311193,100.13725911311192,-0.0002743164254113998,-6.364732147337071,42.83526785266293,-0.0005939906874513998,-13.781863838342579,35.41813616165742,-0.0004841040060558999,-11.232256053853494,37.96774394614651,-0.00047664231853689976,-11.059128825491795,38.140871174508206,0.00023789877058090015,5.519764085061227,54.71976408506123,0.00020037318434279992,4.649089626836165,53.84908962683617,51.09850619088397,-0.16124707777203853,50.93725911311193,-11.232256053853494,0.17312722836169706,-11.059128825491795
final,2026-09-11,2026-10-27,0.1260273972602739,24900.0,CE,38.8,-0.0537293964956029,23597.4441390753,0.98324863460268,0.001584780163317,0.1121183175733702,0.0584829312439882,test,532f111f183057b70433da2f7497a73a85da7a93c0a6230dbd898e9fef3463a2,True,0.0016722584799448,0.003664693384545,0.0009466833950897,0.0032697840457814,0.0032663919031047,0.0010563892942093,0.0010610744088558,0.0013052175769752,0.0017242997009307,0.0016932135087617,0.0019924349046002,46.228782945705305,85.0287829457053,0.0015975255658365998,37.06603536344603,75.86603536344603,0.0015941334231598999,36.98733034419548,75.78733034419548,-0.00036704090296960003,-8.516139822887752,30.283860177112246,-0.0007255750848551001,-16.834905386938463,21.965094613061535,-0.0006158691857355001,-14.289492140787225,24.510507859212773,-0.000611184071089,-14.180787385832001,24.619212614167996,5.20412209859e-05,1.207468461645627,40.00746846164562,2.095502881689984e-05,0.4862018209783602,39.286201820978356,37.06603536344603,-0.07870501925054958,36.98733034419548,-14.289492140787225,0.10870475495522364,-14.180787385832001
final,2026-09-11,2026-10-27,0.1260273972602739,25100.0,CE,29.45,-0.0617294391626791,23597.4441390753,0.98324863460268,0.0011932961121095,0.1164599505212681,0.0479038088175715,test,532f111f183057b70433da2f7497a73a85da7a93c0a6230dbd898e9fef3463a2,True,0.0012692786658344,0.0024857297108078,0.0004567592297827,0.0021829088808556,0.0021843268686055,0.0005540179312661,0.0005559921530477,0.0007995854196267,0.001109144742631,0.0010857516211658,0.0012164510449734001,28.224285366771262,57.67428536677126,0.0009136302150212002,21.198189614796057,50.64818961479605,0.0009150482027710999,21.231089985974275,50.681089985974275,-0.00046969324620769993,-10.89789537408072,18.552104625919277,-0.0008125194360517,-18.85220167628916,10.59779832371084,-0.0007152607345683,-16.595590235646164,12.854409764353836,-0.0007132865127867,-16.549784036398425,12.900215963601575,-0.00016013392320340003,-3.7154520636646144,25.734547936335385,-0.00018352704466859993,-4.258222887514564,25.191777112485436,21.198189614796057,0.03290037117821838,21.231089985974275,-16.595590235646164,0.04580619924774058,-16.549784036398425
final,2026-09-11,2026-10-27,0.1260273972602739,25500.0,CE,17.75,-0.0775400451893215,23597.4441390753,0.98324863460268,0.0007079373485769,0.1254410444732602,0.0323232103447353,test,532f111f183057b70433da2f7497a73a85da7a93c0a6230dbd898e9fef3463a2,True,0.0007650151551293,0.0010077729616722,7.083791429488354e-05,0.0008619322031333,0.0008668634058448,0.0001211932455522,0.0001216746094851,0.0002727742432936,0.0004229791981681,0.0004111209417814,0.0002427578065429001,5.632504189289498,23.3825041892895,9.691704800400005e-05,2.2486843437499626,19.998684343749964,0.00010184825071549999,2.3630988720664834,20.113098872066484,-0.0004922409118357,-11.421049800778697,6.328950199221303,-0.0006941772408344165,-16.10640775178659,1.6435922482134089,-0.0006438219095771,-14.938055564481038,2.811944435518962,-0.0006433405456442,-14.92688688402852,2.8231131159714806,-0.0003420359569612,-7.9359711965890884,9.814028803410912,-0.0003538942133479,-8.211108296099638,9.538891703900362,2.2486843437499626,0.11441452831652091,2.3630988720664834,-14.938055564481038,0.011168680452519364,-14.92688688402852
final,2026-09-11,2026-10-27,0.1260273972602739,27000.0,CE,5.1,-0.13469845902927,23597.4441390753,0.98324863460268,0.0001921069424776,0.1640734376337647,0.0104453939717335,test,532f111f183057b70433da2f7497a73a85da7a93c0a6230dbd898e9fef3463a2,True,0.0002198071713328,2.961613007726341e-06,6.710263408758252e-13,4.3990005506420885e-06,4.583673893843868e-06,2.4663687739999367e-08,1.9343054362013187e-08,1.5834704728431262e-06,4.378730062802182e-06,4.102088684365267e-06,-0.00021684555832507366,-5.031284196740981,0.0687158032590185,-0.00021540817078215791,-4.997933708563479,0.1020662914365209,-0.00021522349743895614,-4.99364888908003,0.1063511109199693,-0.00021822370085995688,-5.063260073075141,0.0367399269248585,-0.00021980717066177367,-5.099999984426954,1.557304596389031e-08,-0.00021978250764506,-5.099427749297058,0.0005722507029419788,-0.00021978782827843798,-5.099551199455955,0.00044880054404483616,-0.00021542844126999782,-4.99840402755879,0.10159597244120988,-0.00021570508264843474,-5.0048227036259645,0.09517729637403516,-4.997933708563479,0.004284819483448015,-4.99364888908003,-5.099427749297058,-0.0001234501588968867,-5.099551199455955
final,2026-09-11,2026-11-23,0.2,22500.0,PE,132.05,0.0520135140732735,23701.274505146772,0.9747808871369016,0.0594107042705832,0.1297611997780036,0.1162784542791817,test,532f111f183057b70433da2f7497a73a85da7a93c0a6230dbd898e9fef3463a2,True,0.0563995343709405,0.0619041244088055,0.0581995788838221,0.0610590783191101,0.0610611940332536,0.0579088775227757,0.0579124533793323,0.0540238523072073,0.0545621479579234,0.0545460051530188,0.0055045900378649995,127.17556780272075,259.2255678027208,0.0046595439481696005,107.65200373396695,239.70200373396696,0.004661659662313099,107.700884240173,239.750884240173,-0.0023756820637332032,-54.88668789060132,77.16331210939869,0.001800044512881599,41.587417304682404,173.6374173046824,0.0015093431518352005,34.87118405247119,166.9211840524712,0.0015129190083917957,34.95379903103233,167.00379903103234,-0.001837386413017103,-42.4501477387198,89.5998522612802,-0.0018535292179217011,-42.823103829100525,89.2268961708995,107.65200373396695,0.0488805062060531,107.700884240173,34.87118405247119,0.0826149785611391,34.95379903103233
final,2026-09-11,2026-11-23,0.2,23000.0,PE,224.15,0.0300346073544983,23701.274505146772,0.9747808871369016,0.0404879833813395,0.1212460022851541,0.1507020329906487,test,532f111f183057b70433da2f7497a73a85da7a93c0a6230dbd898e9fef3463a2,True,0.0392900228875283,0.0466433140584345,0.0421481843302349,0.0456403780937509,0.0456490921667747,0.0417962679684216,0.0418048703768609,0.0372729328414392,0.0380613822812025,0.0380381390532466,0.007353291170906197,169.88712573433315,394.03712573433313,0.0063503552062225965,146.7157451408608,370.8657451408608,0.006359069279246399,146.91707115734036,371.06707115734037,-0.002017090046089104,-46.601939500674085,177.5480604993259,0.0028581614427065985,66.03367405159878,290.1836740515988,0.0025062450808932962,57.90315700585833,282.05315700585834,0.002514847489332596,58.1019031740949,282.2519031740949,-0.0012286406063258051,-28.385958928844662,195.76404107115533,-0.0012518838342817015,-28.922959993869608,195.2270400061304,146.7157451408608,0.20132601647955806,146.91707115734036,57.90315700585833,0.19874616823656754,58.1019031740949
final,2026-09-11,2026-11-23,0.2,23250.0,PE,289.6,0.0192236912502826,23701.274505146772,0.9747808871369016,0.0321878241758363,0.1170142953883686,0.1651195485401908,test,532f111f183057b70433da2f7497a73a85da7a93c0a6230dbd898e9fef3463a2,True,0.0315749649634109,0.0397720336049477,0.0349743223667861,0.0387148700423308,0.0387282687178115,0.0346099677148696,0.0346227266655033,0.0300295684650717,0.0309140085893679,0.0308880676216557,0.008197068641536805,189.3813801998685,478.9813801998685,0.0071399050789199,164.9571496193296,454.5571496193296,0.007153303754400604,165.26670658003724,454.86670658003726,-0.0015453964983391973,-35.70414432404346,253.89585567595657,0.0033993574033752,78.5372216577096,368.13722165770963,0.0030350027514587027,70.11933596226271,359.71933596226273,0.003047761702092401,70.41411300837254,360.01411300837253,-0.0006609563740429952,-15.270438231281577,274.32956176871846,-0.0006868973417551959,-15.869766660003352,273.7302333399967,164.9571496193296,0.30955696070761596,165.26670658003724,70.11933596226271,0.2947770461098357,70.41411300837254
final,2026-09-11,2026-11-23,0.2,23400.0,PE,339.55,0.0127928009199921,23701.274505146772,0.9747808871369016,0.027761076797272,0.115235688256116,0.171839175063019,test,532f111f183057b70433da2f7497a73a85da7a93c0a6230dbd898e9fef3463a2,True,0.0274081968425411,0.0359151184939293,0.0309799036439378,0.0348363552409866,0.0348532683733686,0.0306163020795083,0.0306347059517758,0.0260989112594275,0.0270245668399408,0.0269974703169384,0.008506921651388204,196.54008451611537,536.0900845161154,0.0074281583984454995,171.61682442336019,511.1668244233602,0.007445071530827501,172.00757781266034,511.5575778126604,-0.0013092855831135994,-30.249144132988018,309.300855867012,0.0035717068013967,82.5191044869607,422.0691044869607,0.003208105236967202,74.1186177854635,413.66861778546354,0.0032265091092347,74.54381255733348,414.0938125573335,-0.00038363000260029784,-8.863214711948846,330.68678528805117,-0.00041072652560269693,-9.489240569388748,330.06075943061126,171.61682442336019,0.3907533893001571,172.00757781266034,74.1186177854635,0.4251947718699853,74.54381255733348
final,2026-09-11,2026-11-23,0.2,23550.0,PE,395.5,0.0064030028212213,23701.274505146772,0.9747808871369016,0.0236520896581622,0.1133100624068261,0.176371440705095,test,532f111f183057b70433da2f7497a73a85da7a93c0a6230dbd898e9fef3463a2,True,0.0235011290776268,0.0322662046712078,0.0272325132119506,0.0311752159184386,0.0311942207955593,0.0268766412664617,0.0268973394144011,0.0224944356714352,0.0234467700106775,0.0234189251672056,0.008765075593580997,202.5043568693773,598.0043568693773,0.007674086840811799,177.2986443375828,572.7986443375828,0.007693091717932501,177.73772445476146,573.2377244547615,-0.0010066934061916007,-23.258190828926484,372.2418091710735,0.0037313841343237994,86.20821763445029,481.7082176344503,0.0033755121888348998,77.98631256590072,473.48631256590073,0.0033962103367742996,78.4645132490671,473.96451324906707,-5.435906694930062e-05,-1.2558873879706287,394.24411261202937,-8.220391042119968e-05,-1.899202104335977,393.600797895664,177.2986443375828,0.4390801171786538,177.73772445476146,77.98631256590072,0.47820068316638,78.4645132490671
final,2026-09-11,2026-11-23,0.2,23700.0,PE,462.25,5.3775142562491434e-05,23701.274505146772,0.9747808871369016,0.0200626007936421,0.1123087124447827,0.1783512637660848,test,532f111f183057b70433da2f7497a73a85da7a93c0a6230dbd898e9fef3463a2,True,0.0200615219534319,0.0288309865532038,0.0237420214325857,0.0277378970681372,0.0277566339845588,0.0234012359256532,0.0234187105200718,0.0192216940764089,0.0201851433310253,0.0201569845354539,0.0087694645997719,202.60575849067482,664.8557584906748,0.0076763751147053,177.3515115864955,639.6015115864955,0.007695112031126897,177.78440086042824,640.0344008604283,-0.0008398278770230007,-19.403004834557866,442.84699516544214,0.0036804994791537968,85.03260149061832,547.2826014906183,0.0033397139722212976,77.15924670035164,539.4092467003517,0.0033571885666398987,77.56297185554409,539.8129718555441,0.00012362137759339836,2.856092602691396,465.1060926026914,9.546258202199759e-05,2.2055244784896173,464.4555244784896,177.3515115864955,0.4328892739327234,177.78440086042824,77.15924670035164,0.4037251551924481,77.56297185554409
final,2026-09-11,2026-11-23,0.2,23850.0,CE,391.5,-0.0062553940507022,23701.274505146772,0.9747808871369016,0.0168397786171583,0.1113470545432645,0.1775097011880908,test,532f111f183057b70433da2f7497a73a85da7a93c0a6230dbd898e9fef3463a2,True,0.0169454482260863,0.0256138240852335,0.0205160885261211,0.0245292778553821,0.024546180394251,0.0201978066660044,0.0202110675583168,0.0162804734917609,0.0172392227169791,0.0172111908121569,0.0086683758591472,200.27024977904068,591.7702497790407,0.0075838296292958,175.21338239366347,566.7133823936634,0.0076007321681647,175.60389103521047,567.1038910352105,-0.0006649747343254013,-15.36327661652654,376.13672338347345,0.003570640300034799,82.49446452007322,473.9944645200732,0.003252358439918099,75.14102384543452,466.6410238454345,0.0032656193322304974,75.44739752590831,466.9473975259083,0.00029377449089279875,6.787233459394488,398.2872334593945,0.00026574258607059767,6.139596961883775,397.6395969618838,175.21338239366347,0.390508641547021,175.60389103521047,75.14102384543452,0.3063736804737848,75.44739752590831
final,2026-09-11,2026-11-23,0.2,24000.0,CE,321.45,-0.0125250070642975,23701.274505146772,0.9747808871369016,0.0137402673531481,0.1090317394826071,0.1736553355880038,test,532f111f183057b70433da2f7497a73a85da7a93c0a6230dbd898e9fef3463a2,True,0.0139134465703076,0.0226176056212761,0.0175598178706221,0.0215524931213549,0.0215659257554966,0.0172711451001951,0.0172813802653515,0.0136649137100374,0.0146036692554597,0.014576191039072,0.0087041590509685,201.09696851855875,522.5469685185587,0.007639046551047302,176.48908927242482,497.9390892724248,0.007652479185189,176.79943079873388,498.2494307987339,-0.0002485328602701998,-5.741991211893423,315.70800878810655,0.0036463713003145014,84.24411942526844,405.6941194252684,0.003357698529887501,77.57475381662134,399.02475381662134,0.003367933695043901,77.81122246031067,399.26122246031065,0.0006902226851521007,15.94659389540714,337.39659389540714,0.0006627444687644004,15.311749565988704,336.7617495659887,176.48908927242482,0.31034152630906214,176.79943079873388,77.57475381662134,0.23646864368933548,77.81122246031067
final,2026-09-11,2026-11-23,0.2,24200.0,CE,246.6,-0.0208238098789927,23701.274505146772,0.9747808871369016,0.0104537160905545,0.1076576891444641,0.1641344277218694,test,532f111f183057b70433da2f7497a73a85da7a93c0a6230dbd898e9fef3463a2,True,0.0106736846297646,0.0189683493205703,0.0140410444180668,0.0179459397895328,0.017953543820396,0.0138016080634179,0.0138091508396309,0.0106642051620451,0.011554723632867,0.0115285884101193,0.008294664690805698,191.6361953442653,438.2361953442653,0.0072722551597682004,168.01490624876735,414.61490624876734,0.007279859190631399,168.1905863513662,414.7905863513662,-9.47946771950002e-06,-0.2190093506332331,246.38099064936677,0.0033673597883022,77.79796317755945,324.39796317755946,0.0031279234336532985,72.26613353254957,318.86613353254955,0.0031354662098662996,72.4403984353123,319.0403984353123,0.0008810390031023987,20.355128121284906,266.95512812128493,0.0008549037803546999,19.751311711756554,266.3513117117565,168.01490624876735,0.17568010259884684,168.1905863513662,72.26613353254957,0.17426490276273696,72.4403984353123
final,2026-09-11,2026-11-23,0.2,24400.0,CE,187.8,-0.0290543090155081,23701.274505146772,0.9747808871369016,0.0078958475828162,0.1072360774211312,0.1506289004822253,test,532f111f183057b70433da2f7497a73a85da7a93c0a6230dbd898e9fef3463a2,True,0.0081286211414022,0.0157124388599616,0.011002048514024,0.0147509000253138,0.0147531460955317,0.0108203555077285,0.010826928509923,0.0081834621231571,0.0090052817147295,0.008981068109638,0.007583817718559401,175.21310721337682,363.0131072133768,0.006622278883911601,152.99814725822466,340.7981472582247,0.006624524954129501,153.05003945243374,340.85003945243375,5.484098175490004e-05,1.267021330482797,189.06702133048282,0.002873427372621801,66.38637121735455,254.18637121735458,0.0026917343663263003,62.18861787287918,249.9886178728792,0.0026983073685207994,62.34047755370987,250.14047755370987,0.0008766605733273002,20.253970852732266,208.05397085273228,0.0008524469682358003,19.694550631629536,207.49455063162955,152.99814725822466,0.05189219420907401,153.05003945243374,62.18861787287918,0.15185968083068582,62.34047755370987
final,2026-09-11,2026-11-23,0.2,24800.0,CE,103.5,-0.0453148298872885,23701.274505146772,0.9747808871369016,0.0042813591770681,0.1067749112667247,0.116302037134084,test,532f111f183057b70433da2f7497a73a85da7a93c0a6230dbd898e9fef3463a2,True,0.0044798311402297,0.010347033854953,0.0062992922456969,0.0095523749106948,0.0095529592189802,0.006242201003456,0.0062538072853538,0.0045761145511503,0.0052222900204708,0.0052030313691687,0.005867202714723299,135.5532076913772,239.0532076913772,0.005072543770465099,117.19376552577233,220.69376552577233,0.0050731280787505,117.20726512110214,220.70726512110213,9.628341092059959e-05,2.224488539487896,105.7244885394879,0.0018194611054671997,42.03600951043831,145.5360095104383,0.0017623698632263,40.716999175680456,144.21699917568046,0.0017739761451240994,40.985145482721975,144.48514548272198,0.0007424588802410993,17.15343540850803,120.65343540850803,0.0007232002289389999,16.708492206995963,120.20849220699597,117.19376552577233,0.013499595329799224,117.20726512110214,40.716999175680456,0.2681463070415249,40.985145482721975
final,2026-09-11,2026-11-23,0.2,26000.0,CE,27.9,-0.092567714737834,23701.274505146772,0.9747808871369016,0.001100839108806,0.1253498010426851,0.0477808493143175,test,532f111f183057b70433da2f7497a73a85da7a93c0a6230dbd898e9fef3463a2,True,0.0012076066551923,0.0019416340292931,0.0005399379014322,0.0017255212358914,0.0017362176163224,0.0006488321026479,0.0006529722430044,0.0005236608034231,0.0006971735183491,0.0006916763868752,0.0007340273741008002,16.958637689977014,44.858637689977016,0.0005179145806991001,11.965665094155275,39.865665094155275,0.0005286109611301001,12.212789447720024,40.11278944772002,-0.0006839458517691999,-15.80157676534252,12.098423234657478,-0.0006676687537600999,-15.425518027589414,12.474481972410585,-0.0005587745525443999,-12.909675471691884,14.990324528308115,-0.0005546344121878999,-12.81402353449057,15.085976465509429,-0.0005104331368431999,-11.792817186533927,16.10718281346607,-0.0005159302683170999,-11.919820435035717,15.980179564964281,11.965665094155275,0.2471243535647472,12.212789447720024,-12.909675471691884,0.09565193720131468,-12.81402353449057
final,2026-09-15,2026-09-29,0.0383561643835616,19500.0,PE,2.95,0.1748595634581049,23226.039210264775,0.9960675995131358,0.1912308131612533,0.3568594708251831,0.0031284505149726,test,a45f7cad1a76fc2b289c079aa41d181788a9e23efe3b000b95ecc25e11b37231,True,0.1605525945636225,0.1604251022237073,0.1604250805720467,0.1604251089928152,0.1604251067182714,0.1604250808477414,0.1604250810161649,0.1604250805112758,0.1604250805112773,0.1604250805113042,-0.00012749233991521391,-2.949497689298978,0.0005023107010222461,-0.00012748557080730083,-2.949341087983467,0.0006589120165330087,-0.00012748784535110413,-2.9493937088836444,0.0006062911163557949,-0.00012751405234670554,-2.9499999999990263,9.738876372011873e-13,-0.00012751399157578946,-2.9499985940818028,1.4059181974168666e-06,-0.00012751371588110016,-2.949992215966462,7.78403353818291e-06,-0.0001275135474576028,-2.9499883195385146,1.168046148558588e-05,-0.00012751405234520674,-2.949999999964352,3.5648373142294076e-11,-0.0001275140523183116,-2.9499999993421406,6.578595446171676e-10,-2.949341087983467,-5.2620900177355285e-05,-2.9493937088836444,-2.949992215966462,3.896427947353317e-06,-2.9499883195385146
final,2026-09-15,2026-09-29,0.0383561643835616,22000.0,PE,23.4,0.0542315756694902,23226.039210264775,0.9960675995131358,0.0567968905325925,0.1838055902745488,0.0244422301788949,test,a45f7cad1a76fc2b289c079aa41d181788a9e23efe3b000b95ecc25e11b37231,True,0.0537987377186895,0.0533933356835431,0.0528910559508944,0.0533804767454317,0.0533863202344142,0.052932826094331,0.0529365329543934,0.0528099417996823,0.0528996628595067,0.052956342213465,-0.00040540203514640577,-9.378856539119317,14.021143460880682,-0.00041826097325780437,-9.676344280513284,13.723655719486715,-0.0004124174842753056,-9.541156886017378,13.858843113982621,-0.0009887959190072043,-22.875502012430964,0.5244979875690348,-0.0009076817677951057,-20.998950042888023,2.401049957111976,-0.0008659116243585063,-20.03261009156335,3.3673899084366496,-0.0008622047642961039,-19.94685297708979,3.4531470229102084,-0.000899074859182801,-20.799831750127197,2.6001682498728016,-0.0008423955052245038,-19.48857160977576,3.9114283902242377,-9.676344280513284,0.1351873944959056,-9.541156886017378,-20.03261009156335,0.08575711447355613,-19.94685297708979
final,2026-09-15,2026-09-29,0.0383561643835616,22200.0,PE,30.65,0.0451817401495721,23226.039210264775,0.9960675995131358,0.0476040637016005,0.1704570620279434,0.0305633957122841,test,a45f7cad1a76fc2b289c079aa41d181788a9e23efe3b000b95ecc25e11b37231,True,0.045501094896476,0.0452582658596639,0.0444207522589044,0.0452317019831881,0.0452385932233148,0.0444967649267628,0.0445032969871256,0.044265440746673,0.04448255942735,0.0445977985644732,-0.00024282903681210194,-5.617778161796235,25.032221838203764,-0.0002693929132879039,-6.232325610970878,24.41767438902912,-0.00026250167316120565,-6.072898802712295,24.577101197287703,-0.001235654149803006,-28.586494388920904,2.063505611079094,-0.0010803426375716046,-24.99340835133863,5.656591648661369,-0.0010043299697132038,-23.23487769487015,7.415122305129849,-0.0009977979093504022,-23.083760404535237,7.566239595464761,-0.001018535469126003,-23.563517734901204,7.086482265098795,-0.0009032963320028051,-20.897494279000078,9.75250572099992,-6.232325610970878,0.15942680825858238,-6.072898802712295,-23.23487769487015,0.15111729033491336,-23.083760404535237
final,2026-09-15,2026-09-29,0.0383561643835616,22500.0,PE,52.4,0.0317587198174315,23226.039210264775,0.9960675995131358,0.0346064925133792,0.1547131277484383,0.0443940992463224,test,a45f7cad1a76fc2b289c079aa41d181788a9e23efe3b000b95ecc25e11b37231,True,0.0335247036527394,0.03366058527698,0.0320580019466331,0.033598848038591,0.0336005695519753,0.0322188492798053,0.0322248356726733,0.0317611220199738,0.032367657664108,0.0326284683839511,0.00013588162424060107,3.1435813083545003,55.5435813083545,7.414438585159888e-05,1.7153085031556956,54.115308503155696,7.586589923590237e-05,1.7551352076657638,54.155135207665765,-0.001763581632765597,-40.79994103325356,11.600058966746438,-0.0014667017061062992,-33.931711473240945,18.468288526759054,-0.0013058543729341024,-30.210555850583145,22.189444149416854,-0.0012998679800661009,-30.07206241683529,22.327937583164708,-0.0011570459886314013,-26.76791776000438,25.63208223999562,-0.0008962352687882993,-20.7341386636821,31.6658613363179,1.7153085031556956,0.03982670451006817,1.7551352076657638,-30.210555850583145,0.13849343374785225,-30.07206241683529
final,2026-09-15,2026-09-29,0.0383561643835616,22650.0,PE,71.25,0.025114177098763,23226.039210264775,0.9960675995131358,0.0285903090482619,0.1484549510686729,0.0531261864112946,test,a45f7cad1a76fc2b289c079aa41d181788a9e23efe3b000b95ecc25e11b37231,True,0.0278812282232322,0.0282614053662273,0.0261747848336798,0.028175393515923,0.0281730496191895,0.0263916021565779,0.0263936352611166,0.0258378174972948,0.0267246522451929,0.0270766799846766,0.0003801771429950973,8.795286097455302,80.0452860974553,0.0002941652926907977,6.805427303636209,78.05542730363621,0.00029182139595729933,6.751201943869447,78.00120194386945,-0.0020434107259373994,-47.273704588442406,23.976295411557594,-0.0017064433895524027,-39.47806462530625,31.771935374693747,-0.001489626066654301,-34.462059794637774,36.787940205362226,-0.0014875929621156019,-34.415024520652025,36.834975479347975,-0.0011565759780393023,-26.75704420355178,44.49295579644822,-0.000804548238555601,-18.61298625570313,52.637013744296866,6.805427303636209,-0.05422535976676233,6.751201943869447,-34.462059794637774,0.047035273985748936,-34.415024520652025
final,2026-09-15,2026-09-29,0.0383561643835616,22800.0,PE,97.45,0.0185134930674109,23226.039210264775,0.9960675995131358,0.0229769269993974,0.1426742509557492,0.0621499209458758,test,a45f7cad1a76fc2b289c079aa41d181788a9e23efe3b000b95ecc25e11b37231,True,0.0225554572970295,0.0232195633111088,0.0206250772489576,0.0231062185707424,0.0231015955019228,0.0209008757009806,0.0209007018224617,0.0203116509850208,0.0214985192502527,0.0219413084521288,0.0006641060140793013,15.363896805714747,112.81389680571475,0.0005507612737128999,12.74169966016687,110.19169966016688,0.0005461382048933018,12.634746326265061,110.08474632626506,-0.0022438063120086976,-51.90979738002568,45.54020261997432,-0.0019303800480718995,-44.658773186242875,52.79122681375713,-0.0016545815960489,-38.27825732548566,59.17174267451434,-0.001654755474567799,-38.282279953747505,59.1677200462525,-0.001056938046776798,-24.45195004479113,72.99804995520887,-0.0006141488449006999,-14.20815242801963,83.24184757198037,12.74169966016687,-0.10695333390180772,12.634746326265061,-38.27825732548566,-0.004022628261845285,-38.282279953747505
final,2026-09-15,2026-09-29,0.0383561643835616,22950.0,PE,134.9,0.0119560925212517,23226.039210264775,0.9960675995131358,0.0179290538295916,0.1383387796418906,0.0704537778014684,test,a45f7cad1a76fc2b289c079aa41d181788a9e23efe3b000b95ecc25e11b37231,True,0.017715968773844,0.0186056043088808,0.0155411861314078,0.01846426103612,0.0184594134335729,0.0158700563014347,0.015871850475261,0.0153404377011842,0.0167955535769938,0.0173152619123667,0.0008896355350367993,20.581455769455015,155.481455769455,0.0007482922622759972,17.311520833103653,152.21152083310366,0.0007434446597288993,17.199372977626115,152.09937297762613,-0.002375531072659802,-54.95721087500328,79.94278912499672,-0.0021747826424362016,-50.31295513800233,84.58704486199767,-0.0018459124724093008,-42.70464073088748,92.19535926911252,-0.0018441182985830008,-42.66313304847776,92.23686695152225,-0.0009204151968502002,-21.293534169274206,113.6064658307258,-0.0004007068614772999,-9.270235080786254,125.62976491921376,17.311520833103653,-0.1121478554775403,17.199372977626115,-42.70464073088748,0.041507682409717944,-42.66313304847776
final,2026-09-15,2026-09-29,0.0383561643835616,23100.0,PE,183.65,0.005441411500058,23226.039210264775,0.9960675995131358,0.0134378461795673,0.1338300082131005,0.0762517200173628,test,a45f7cad1a76fc2b289c079aa41d181788a9e23efe3b000b95ecc25e11b37231,True,0.0133649239088004,0.0144845030592605,0.0110677344351065,0.0143178817570731,0.0143115519867234,0.0114324273328897,0.0114344300378901,0.0110672428625738,0.0127032974672112,0.0132732412643925,0.0011195791504601,25.9011335070439,209.55113350704391,0.0009529578482726994,22.046398813833683,205.6963988138337,0.0009466280779229994,21.899961443301073,205.54996144330107,-0.0022976810462266,-53.156173469702715,130.4938265302973,-0.0022971894736939,-53.144801084112444,130.50519891588755,-0.0019324965759107,-44.7077384336768,138.9422615663232,-0.0019304938709103006,-44.661406444045475,138.98859355595454,-0.0006616264415891995,-15.306532627326709,168.3434673726733,-9.168264440789949e-05,-2.1210509432155296,181.52894905678448,22.046398813833683,-0.14643737053260894,21.899961443301073,-44.7077384336768,0.04633198963132615,-44.661406444045475
final,2026-09-15,2026-09-29,0.0383561643835616,23250.0,CE,223.05,-0.0010311030055593,23226.039210264775,0.9960675995131358,0.0096314229995895,0.1298303471979984,0.0781014991678306,test,a45f7cad1a76fc2b289c079aa41d181788a9e23efe3b000b95ecc25e11b37231,True,0.0096413591104887,0.0109080456635869,0.0073382224528478,0.0107227873180352,0.0107158854718085,0.0077107034076118,0.0077115961438904,0.0075858750765449,0.0092750612211595,0.0098598169979191,0.0012666865530982004,29.30441988839358,252.35441988839358,0.0010814282075464997,25.01852269259752,248.06852269259753,0.0010745263613197997,24.8588505153429,247.90885051534292,-0.0020554840339438,-47.55301700902198,175.49698299097804,-0.0023031366576409,-53.28238743103476,169.76761256896526,-0.0019306557028768998,-44.66515037887212,178.3848496211279,-0.0019297629665983003,-44.64449718831468,178.40550281168532,-0.00036629788932920036,-8.474193656576253,214.57580634342375,0.00021845788743040002,5.053958807357418,228.10395880735743,25.01852269259752,-0.15967217725462063,24.8588505153429,-44.66515037887212,0.020653190557437112,-44.64449718831468
final,2026-09-15,2026-09-29,0.0383561643835616,23400.0,CE,151.75,-0.0074619933358497,23226.039210264775,0.9960675995131358,0.0065106451993946,0.1256637233286607,0.0748950117739087,test,a45f7cad1a76fc2b289c079aa41d181788a9e23efe3b000b95ecc25e11b37231,True,0.0065594093029216,0.0079072513596983,0.0044423960023605,0.0077136456050966,0.0077088616570767,0.0047886465853319,0.0047930555162163,0.0049161856897845,0.0065202069747342,0.0070822128607155,0.0013478420567766998,31.181928535052784,182.93192853505278,0.0011542363021750006,26.702916492349242,178.45291649234923,0.0011494523541551007,26.59224126558813,178.34224126558814,-0.0016432236131370993,-38.01549374003628,113.73450625996372,-0.0021170133005610995,-48.976478448608674,102.77352155139133,-0.0017707627175896998,-40.96607331311788,110.78392668688213,-0.0017663537867052999,-40.86407399720239,110.88592600279762,-3.9202328187399466e-05,-0.9069343027257192,150.84306569727428,0.0005228035577939001,12.09490614648592,163.84490614648593,26.702916492349242,-0.11067522676111405,26.59224126558813,-40.96607331311788,0.10199931591548722,-40.86407399720239
final,2026-09-15,2026-09-29,0.0383561643835616,23550.0,CE,98.25,-0.0138517914346207,23226.039210264775,0.9960675995131358,0.0041884451661033,0.1228033020147359,0.0666460689756392,test,a45f7cad1a76fc2b289c079aa41d181788a9e23efe3b000b95ecc25e11b37231,True,0.0042468663196839,0.0054863530295276,0.002393186289016,0.0052970646362906,0.0052956363903551,0.0026817684913877,0.0026873985291013,0.0029997578358432,0.0044030940249126,0.0049097089864036,0.0012394867098437,28.675159535326124,126.92515953532612,0.0010501983166066996,24.296028374701585,122.54602837470159,0.0010487700706711999,24.262986326141583,122.51298632614159,-0.0012471084838407004,-28.85148702925605,69.39851297074395,-0.0018536800306679,-42.88434090072098,55.36565909927902,-0.0015650978282962004,-36.208076745288636,62.041923254711364,-0.0015594677905826004,-36.0778274829567,62.1721725170433,0.0001562277052287002,3.6142818924099585,101.86428189240996,0.0006628426667196997,15.334669637083243,113.58466963708324,24.296028374701585,-0.03304204856000535,24.262986326141583,-36.208076745288636,0.13024926233193784,-36.0778274829567
final,2026-09-15,2026-09-29,0.0383561643835616,23700.0,CE,61.1,-0.0202010191132795,23226.039210264775,0.9960675995131358,0.0025882370563906,0.1213683629727059,0.0549976762501772,test,a45f7cad1a76fc2b289c079aa41d181788a9e23efe3b000b95ecc25e11b37231,True,0.0026410537621648,0.0036199082794936,0.0011081305068845,0.0034478115423321,0.0034499374801039,0.001319561869457,0.0013231888739001,0.0017173674694694,0.0028507694892294,0.0032796399449009,0.0009788545173288,22.64551061609808,83.74551061609807,0.0008067577801673001,18.664103349345385,79.76410334934539,0.0008088837179390999,18.713286292804476,79.81328629280448,-0.0009236862926954,-21.369210007079904,39.730789992920094,-0.0015329232552803,-35.46372748612774,25.636272513872264,-0.0013214918927078,-30.572325259392812,30.52767474060719,-0.0013178648882647,-30.488415581124183,30.611584418875818,0.0002097157270646,4.851711505162196,65.9517115051622,0.0006385861827361001,14.773503032817263,75.87350303281727,18.664103349345385,0.04918294345908999,18.713286292804476,-30.572325259392812,0.08390967826862984,-30.488415581124183
final,2026-09-15,2026-09-29,0.0383561643835616,23850.0,CE,39.2,-0.0265101883065442,23226.039210264775,0.9960675995131358,0.0016500947032353,0.1234874578052188,0.0434147695484677,test,a45f7cad1a76fc2b289c079aa41d181788a9e23efe3b000b95ecc25e11b37231,True,0.0016944240176245,0.0022542012855338,0.0004202005295828,0.0021098118720299,0.002112393737818,0.0005526924480288,0.000556265744414,0.0009198997835094,0.0017667493784504,0.0021081140579143,0.0005597772679093,12.950282027285553,52.150282027285556,0.0004153878544054001,9.6098755230814,48.8098755230814,0.0004179697201934999,9.669606226754615,48.86960622675462,-0.0007745242341151001,-17.91838976637952,21.281610233620484,-0.0012742234880417,-29.478784655837902,9.7212153441621,-0.0011417315695957,-26.413623191493073,12.78637680850693,-0.0011381582732105,-26.330956033306652,12.86904396669335,7.232536082590001e-05,1.6732258955759474,40.87322589557595,0.0004136900402897999,9.570597094164397,48.7705970941644,9.6098755230814,0.05973070367321573,9.669606226754615,-26.413623191493073,0.08266715818641995,-26.330956033306652
final,2026-09-15,2026-09-29,0.0383561643835616,24000.0,CE,24.75,-0.0327798013201396,23226.039210264775,0.9960675995131358,0.0010353212979762,0.1258478005399574,0.0327956367566457,test,a45f7cad1a76fc2b289c079aa41d181788a9e23efe3b000b95ecc25e11b37231,True,0.0010698212866379,0.0013132092881394,0.0001216836417697,0.0012024945971936,0.0012044280943048,0.00018990978457,0.0001925268126407,0.0004600162001964,0.0010467304851821,0.0013025195192871,0.00024338800150150008,5.630709645059276,30.380709645059277,0.00013267331055570012,3.0693579173142638,27.819357917314264,0.00013460680766690016,3.1140888028368243,27.864088802836825,-0.0006098050864415,-14.107660856943255,10.642339143056745,-0.0009481376448681999,-21.93488482944076,2.8151151705592383,-0.0008799115020679,-20.35649313411936,4.393506865880639,-0.0008772944739971999,-20.295948961406758,4.454051038593242,-2.3090801455799862e-05,-0.5341988827190387,24.21580111728096,0.00023269823264919997,5.383404994835055,30.133404994835054,3.0693579173142638,0.04473088552256036,3.1140888028368243,-20.35649313411936,0.06054417271260024,-20.295948961406758
final,2026-09-15,2026-09-29,0.0383561643835616,24150.0,CE,16.55,-0.0390103510707757,23226.039210264775,0.9960675995131358,0.0006880057210718,0.130352831665293,0.0247872461919304,test,a45f7cad1a76fc2b289c079aa41d181788a9e23efe3b000b95ecc25e11b37231,True,0.0007153754462164,0.0007082316915542,2.423041593648933e-05,0.0006315942780441,0.0006341290887117,5.1450695143341954e-05,5.279152669208056e-05,0.0002144167015537,0.0005922507094535,0.0007728998339089,-7.143754662199955e-06,-0.16526865757652617,16.384731342423475,-8.378116817229998e-05,-1.9382526204735493,14.611747379526452,-8.124635750469998e-05,-1.8796105231375948,14.670389476862406,-0.0005009587446626999,-11.589532836242405,4.960467163757595,-0.0006911450302799106,-15.98943647231473,0.5605635276852698,-0.000663924751073058,-15.359703339515713,1.1902966604842877,-0.0006625839195243194,-15.32868359701688,1.2213164029831205,-0.0001231247367629,-2.8484544782786774,13.701545521721323,5.752438769250005e-05,1.3308097466106719,17.880809746610673,-1.9382526204735493,0.05864209733595466,-1.8796105231375948,-15.359703339515713,0.031019742498833436,-15.32868359701688
final,2026-09-15,2026-09-29,0.0383561643835616,24300.0,CE,12.2,-0.0452023213186967,23226.039210264775,0.9960675995131358,0.0005040396991269,0.1373333204889403,0.0194662190250072,test,a45f7cad1a76fc2b289c079aa41d181788a9e23efe3b000b95ecc25e11b37231,True,0.000527346250383,0.0003491851109243,2.8197316986437737e-06,0.0003020470605261,0.0003050527079056,1.0589273239851402e-05,1.1078169163430628e-05,9.304715409311042e-05,0.0003197882755054,0.0004401790650043,-0.0001781611394587,-4.121705425641822,8.078294574358178,-0.0002252991898569,-5.212230321647425,6.987769678352574,-0.00022229354247739995,-5.142695555820878,7.057304444179121,-0.00043429909628988955,-10.047381527576807,2.1526184724231925,-0.0005245265186843562,-12.134766338623992,0.06523366137600739,-0.0005167569771431486,-11.955020286132177,0.24497971386782247,-0.0005162680812195693,-11.943709823104644,0.25629017689535516,-0.00020755797487759996,-4.8017925445888086,7.398207455411191,-8.716718537869994e-05,-2.016587130082871,10.183412869917127,-5.212230321647425,0.06953476582654672,-5.142695555820878,-11.955020286132177,0.011310463027532372,-11.943709823104644
final,2026-09-15,2026-09-29,0.0383561643835616,24450.0,CE,9.5,-0.051356186893075,23226.039210264775,0.9960675995131358,0.0003900820159692,0.1452232535229059,0.0157013521263876,test,a45f7cad1a76fc2b289c079aa41d181788a9e23efe3b000b95ecc25e11b37231,True,0.0004106384736589,0.0001549950057133,1.4896228435369444e-07,0.0001297631489904,0.0001323219898063,1.6105514599945104e-06,1.7339696342725604e-06,3.756544027192724e-05,0.0001646944399399,0.0002404928519298,-0.00025564346794559997,-5.9142362473805825,3.5857637526194175,-0.00028087532466849997,-6.4979678123546725,3.0020321876453275,-0.0002783164838526,-6.438769784623751,3.0612302153762494,-0.00037307303338697274,-8.63093461651437,0.8690653834856299,-0.00041048951137454627,-9.496553801474397,0.00344619852560335,-0.00040902792219890547,-9.462740366885905,0.03725963311409508,-0.0004089045040246274,-9.45988512381724,0.04011487618275922,-0.000245944033719,-5.689842696694404,3.810157303305596,-0.00017014562172909997,-3.9362687865644252,5.563731213435575,-6.4979678123546725,0.0591980277309214,-6.438769784623751,-9.462740366885905,0.002855243068663513,-9.45988512381724
final,2026-09-15,2026-09-29,0.0383561643835616,24600.0,CE,7.5,-0.057472413910511,23226.039210264775,0.9960675995131358,0.0003060816845458,0.1529172154962228,0.0127515306879361,test,a45f7cad1a76fc2b289c079aa41d181788a9e23efe3b000b95ecc25e11b37231,True,0.0003241882686781,6.077420152290902e-05,2.494844708282505e-09,4.9352025782179246e-05,5.097314737909253e-05,1.7850798130236465e-07,2.004270166581813e-07,1.4104011797050776e-05,8.087464530505233e-05,0.0001260119326958,-0.000263414067155191,-6.094006768718564,1.4059932312814363,-0.00027483624289592075,-6.3582554363361945,1.1417445636638055,-0.00027321512129900745,-6.320751266224105,1.1792487337758946,-0.0003100842568810492,-7.1737078460311885,0.3262921539688115,-0.00032418577383339173,-7.499942282501683,5.7717498316733895e-05,-0.00032400976069679765,-7.495870270488917,0.004129729511083369,-0.0003239878416614418,-7.4953631800693925,0.004636819930607494,-0.00024331362337304767,-5.628988928989975,1.8710110710100247,-0.0001981763359823,-4.584751095181521,2.915248904818479,-6.3582554363361945,0.03750417011208863,-6.320751266224105,-7.495870270488917,0.0005070904195235416,-7.4953631800693925
final,2026-09-15,2026-09-29,0.0383561643835616,24750.0,CE,6.45,-0.0635514599868933,23226.039210264775,0.9960675995131358,0.0002616349138687,0.1622768388310936,0.010921899457935,test,a45f7cad1a76fc2b289c079aa41d181788a9e23efe3b000b95ecc25e11b37231,True,0.0002788019110631,2.0553853918406015e-05,9.119097931530848e-12,1.636273817931782e-05,1.714990724156013e-05,1.4513427390860952e-08,1.7390897697118244e-08,4.923948037863484e-06,3.786103624268348e-05,6.3312419875226e-05,-0.00025824805714469396,-5.974492650466523,0.4755073495334772,-0.00026243917288378216,-6.071452877224037,0.3785471227759629,-0.00026165200382153984,-6.053241953087611,0.3967580469123888,-0.0002738779630252365,-6.336085914103215,0.11391408589678509,-0.00027880190194400203,-6.449999789029399,2.109706009889578e-07,-0.0002787873976357091,-6.449664236134038,0.0003357638659622353,-0.00027878452016540285,-6.449597666707005,0.00040233329299521614,-0.0002409408748204165,-5.574096090895332,0.8759039091046681,-0.00021548949118787398,-4.985285835600238,1.464714164399762,-6.071452877224037,0.018210924136425572,-6.053241953087611,-6.449664236134038,6.656942703362778e-05,-6.449597666707005
final,2026-09-15,2026-09-29,0.0383561643835616,25000.0,CE,5.25,-0.0736017958403947,23226.039210264775,0.9960675995131358,0.0002108290643151,0.1780250607299022,0.0087309161411367,test,a45f7cad1a76fc2b289c079aa41d181788a9e23efe3b000b95ecc25e11b37231,True,0.0002269317880746,2.2272115477134195e-06,-5.1712964345851746e-17,1.8387642824267256e-06,1.976229215901003e-06,1.1621816288751536e-10,2.1001238441118907e-10,7.253924547347026e-07,9.609596930996436e-06,1.8312285980328323e-05,-0.00022470457652688658,-5.198474117595736,0.051525882404264145,-0.00022509302379217328,-5.207460730533733,0.04253926946626674,-0.000224955558858699,-5.204280519833141,0.04571948016685923,-0.0002262063956198653,-5.233218259458939,0.016781740541061296,-0.00022693178807465172,-5.249999999998412,1.588063014423824e-12,-0.00022693167185643712,-5.249997311324287,2.688675713180544e-06,-0.0002269315780622156,-5.24999514142263,4.858577369759587e-06,-0.00021732219114360357,-5.027684808653816,0.22231519134618427,-0.00020861950209427168,-4.826350663725876,0.42364933627412427,-5.207460730533733,0.0031802107005931214,-5.204280519833141,-5.249997311324287,2.169901657132103e-06,-5.24999514142263
final,2026-09-15,2026-09-29,0.0383561643835616,25200.0,CE,4.25,-0.0815699654895716,23226.039210264775,0.9960675995131358,0.0001693166143876,0.1886189714628871,0.0071068703895571,test,a45f7cad1a76fc2b289c079aa41d181788a9e23efe3b000b95ecc25e11b37231,True,0.0001837066855842,2.3003132412678057e-07,-2.1260891639186654e-16,2.2636028517210603e-07,2.488118984643377e-07,1.4706647684554593e-12,8.891466776326207e-12,1.35694515805934e-07,2.917195319755662e-06,6.242699200682432e-06,-0.00018347665426007322,-4.244678293145165,0.005321706854834574,-0.0001834803252990279,-4.244763221548874,0.005236778451125801,-0.00018345787368573567,-4.2442438100958375,0.00575618990416249,-0.00018357099106839408,-4.246860747387854,0.003139252612146315,-0.00018370668558441262,-4.2500000000026645,-2.6645352591003757e-12,-0.00018370668411353525,-4.24999996597435,3.4025649853219875e-08,-0.00018370667669273324,-4.249999794296285,2.0570371539463395e-07,-0.00018078949026444435,-4.1825115464908516,0.06748845350914845,-0.00017746398638351758,-4.105576994822326,0.14442300517767404,-4.244763221548874,0.0005194114530371819,-4.2442438100958375,-4.24999996597435,1.7167806622355427e-07,-4.249999794296285
final,2026-09-15,2026-09-29,0.0383561643835616,25500.0,CE,3.6,-0.0934044231365744,23226.039210264775,0.9960675995131358,0.0001417338247496,0.2073289856802682,0.0058074267138981,test,a45f7cad1a76fc2b289c079aa41d181788a9e23efe3b000b95ecc25e11b37231,True,0.0001556103689654,2.3240853880973464e-09,-5.940532314403428e-17,5.254646519014769e-09,6.164023645059273e-09,-3.1131295662847075e-11,1.821256745197666e-12,8.659269674651546e-09,4.169498494568643e-07,1.081954080955487e-06,-0.0001556080448800119,-3.5999462329670324,5.3767032967666495e-05,-0.00015560511431888098,-3.5998784352994253,0.0001215647005747833,-0.00015560420494175494,-3.5998573971277694,0.00014260287223066825,-0.00015560170969572534,-3.599799670346667,0.00020032965333305341,-0.0001556103689654594,-3.5999999999985395,1.460609411196856e-12,-0.00015561040009669567,-3.6000007202105104,-7.202105103409906e-07,-0.00015561036714414325,-3.599999957862927,4.2137072941983433e-08,-0.00015519341911594313,-3.5903539881791655,0.009646011820834577,-0.0001545284148844445,-3.574969311378319,0.02503068862168112,-3.5998784352994253,2.1038171656064624e-05,-3.5998573971277694,-3.6000007202105104,7.6234758298944e-07,-3.599999957862927
final,2026-09-15,2026-09-29,0.0383561643835616,25800.0,CE,2.8,-0.1051004628997657,23226.039210264775,0.9960675995131358,0.0001089555887933,0.2226145062465291,0.00450460579202,test,a45f7cad1a76fc2b289c079aa41d181788a9e23efe3b000b95ecc25e11b37231,True,0.0001210302869731,2.907982101660424e-12,2.1035407043332403e-15,5.773141991868782e-11,9.0864195489106e-11,-1.845560390673573e-17,3.0104886404951047e-12,4.1769909867084565e-10,4.9481864879184176e-08,1.591772698037247e-07,-0.0001210302840651179,-2.799999932722744,6.727725576638477e-08,-0.00012103022924168008,-2.799998664398676,1.3356013237597608e-06,-0.0001210301961089045,-2.799997897881683,2.102118316749113e-06,-0.00012102986927400133,-2.7999903366525745,9.663347425359348e-06,-0.00012103028697099646,-2.7999999999493874,5.0612403157401786e-11,-0.00012103028697311846,-2.7999999999984793,1.5205614545266144e-12,-0.00012103028396261136,-2.799999930351285,6.96487147955338e-08,-0.00012098080510822081,-2.7988552516451675,0.001144748354832359,-0.00012087110970329627,-2.7963174807989595,0.0036825192010403462,-2.799998664398676,7.665169927071698e-07,-2.799997897881683,-2.7999999999984793,6.96471939370422e-08,-2.799999930351285
final,2026-09-15,2026-09-29,0.0383561643835616,26300.0,CE,1.5,-0.1242949101559128,23226.039210264775,0.9960675995131358,5.7259387375110825e-05,0.2405266557299568,0.0025578781122605,test,a45f7cad1a76fc2b289c079aa41d181788a9e23efe3b000b95ecc25e11b37231,True,6.483765373563438e-05,-1.201733380759162e-13,8.99760045872903e-15,-4.882607529765019e-14,2.278736355851915e-13,1.8122722913547983e-16,6.521412484150357e-12,1.4590904995104277e-12,9.477809902649336e-10,4.573734761357298e-09,-6.483765385580772e-05,-1.5000000027801745,-2.7801745350330975e-09,-6.483765378446045e-05,-1.5000000011295764,-1.1295764323904223e-09,-6.483765350776074e-05,-1.4999999947282103,5.271789671468241e-09,-6.483765227654388e-05,-1.4999999662443715,3.37556285145979e-08,-6.483765372663678e-05,-1.499999999791843,2.0815704715460015e-10,-6.483765373545316e-05,-1.4999999999958071,4.192868274799366e-12,-6.48376472142219e-05,-1.4999998491290452,1.5087095484034307e-07,-6.483670595464412e-05,-1.4999780733662695,2.192663373046244e-05,-6.483308000087303e-05,-1.4998941879949879,0.00010581200501214028,-1.5000000011295764,6.401366218718579e-09,-1.4999999947282103,-1.4999999999958071,1.5086676216363126e-07,-1.4999998491290452
final,2026-09-15,2026-10-06,0.0575342465753424,23000.0,PE,179.35,0.0110276432398003,23255.039451975616,0.988706563983857,0.0189755680700928,0.1316450586406027,0.089524209171247,test,a45f7cad1a76fc2b289c079aa41d181788a9e23efe3b000b95ecc25e11b37231,True,0.0187674618447081,0.0206833199926741,0.017149976310727,0.0204157442557418,0.020420796099957,0.0174436385380803,0.017452509850722,0.0163385098288351,0.0181869573329015,0.0182546967477066,0.001915858147966,44.05019633083986,223.40019633083986,0.0016482824110336976,37.897985240603,217.247985240603,0.0016533342552488978,38.01413931482224,217.36413931482224,-0.0024289520158730024,-55.84746098816801,123.50253901183198,-0.0016174855339811008,-37.18989081201292,142.16010918798708,-0.0013238233066278013,-30.437888434593617,148.91211156540638,-0.0013149519939861,-30.233915575750135,149.11608442424986,-0.0005805045118065996,-13.347197830469472,166.00280216953053,-0.0005127650970015024,-11.789705421822898,167.5602945781771,37.897985240603,0.11615407421924394,38.01413931482224,-30.437888434593617,0.20397285884348193,-30.233915575750135
final,2026-09-15,2026-10-06,0.0575342465753424,23200.0,PE,256.1,0.0023695804966858,23255.039451975616,0.988706563983857,0.0135372731665449,0.1285446605069648,0.0952850152586689,test,a45f7cad1a76fc2b289c079aa41d181788a9e23efe3b000b95ecc25e11b37231,True,0.013505233483367,0.0155416885386552,0.0117220583557512,0.0152400483801895,0.015238312240626,0.0120297290310686,0.0120372454880505,0.0111750735759295,0.0131808637367873,0.0132533921419992,0.0020364550552882006,46.82300988703917,302.9230098870392,0.0017348148968225011,39.88757564532019,295.9875756453202,0.001733078757259001,39.8476576123953,295.94765761239535,-0.0023301599074375,-53.57599231125075,202.52400768874926,-0.0017831751276157996,-40.99949390675889,215.10050609324114,-0.0014755044522983991,-33.925403548157824,222.1745964518422,-0.0014679879953164998,-33.75258208634109,222.34741791365894,-0.0003243697465796988,-7.458042254219166,248.64195774578087,-0.0002518413413677995,-5.790439413926018,250.309560586074,39.88757564532019,-0.03991803292488586,39.8476576123953,-33.925403548157824,0.1728214618167299,-33.75258208634109
final,2026-09-15,2026-10-06,0.0575342465753424,23350.0,CE,231.65,-0.0040751249459562,23255.039451975616,0.988706563983857,0.010034090233982,0.1252194964271495,0.0949974433910831,test,a45f7cad1a76fc2b289c079aa41d181788a9e23efe3b000b95ecc25e11b37231,True,0.0100750638349734,0.0122081695011523,0.0083508308503232,0.0118921626231737,0.0118875209799652,0.0086527792198929,0.0086598792044386,0.0080699700541678,0.0100675301989235,0.0101398528744552,0.0021331056661789,49.045240374067106,280.6952403740671,0.0018170987882002998,41.779480624770606,273.42948062477063,0.0018124571449917998,41.672758060342126,273.32275806034215,-0.0020050937808056,-46.10193860124979,185.5480613987502,-0.001724232984650199,-39.644271980463536,192.00572801953646,-0.0014222846150804998,-32.701751222628026,198.948248777372,-0.0014151846305347996,-32.538505465881336,199.11149453411866,-7.5336360498990534e-06,-0.17321644999420674,231.4767835500058,6.478903948180063e-05,1.489656169111379,233.1396561691114,41.779480624770606,-0.10672256442848296,41.672758060342126,-32.701751222628026,0.1632457567466898,-32.538505465881336
final,2026-09-15,2026-10-06,0.0575342465753424,23500.0,CE,169.2,-0.0104785619811632,23255.039451975616,0.988706563983857,0.0072822415287591,0.1236169203441702,0.090361167654988,test,a45f7cad1a76fc2b289c079aa41d181788a9e23efe3b000b95ecc25e11b37231,True,0.0073589501440858,0.0093396366551673,0.0056218021524596,0.0090216289285333,0.0090161051445371,0.0059036720893315,0.0059105926673556,0.0056135002264317,0.007496699275523,0.0075656184776731,0.0019806865110815006,45.540756645065926,214.74075664506591,0.001662678784447499,38.22899256283262,207.4289925628326,0.0016571550004512992,38.10198745560165,207.30198745560165,-0.0017454499176540999,-40.13210040625401,129.06789959374598,-0.0017371479916262,-39.941219117970036,129.25878088202995,-0.0014552780547543,-33.46034991992909,135.7396500800709,-0.0014483574767302004,-33.30122915151095,135.89877084848905,0.00013774913143720004,3.167184528068208,172.3671845280682,0.00020666833358730027,4.75180309124308,173.95180309124308,38.22899256283262,-0.1270051072309736,38.10198745560165,-33.46034991992909,0.15912076841812905,-33.30122915151095
final,2026-09-15,2026-10-06,0.0575342465753424,23650.0,CE,114.7,-0.0168412557689919,23255.039451975616,0.988706563983857,0.0049052918918761,0.1196694016514701,0.0812335979168693,test,a45f7cad1a76fc2b289c079aa41d181788a9e23efe3b000b95ecc25e11b37231,True,0.0049886027276988,0.0069358884093526,0.0035336551908573,0.0066295194686131,0.0066246165429363,0.0037828014826304,0.0037890078955599,0.0037537826377697,0.0054363732442411,0.0054991908147828,0.0019472856816538002,44.77279107545153,159.47279107545154,0.0016409167409143005,37.72863073217443,152.42863073217444,0.0016360138152375003,37.6159006540693,152.3159006540693,-0.0012348200899290995,-28.391489971421137,86.30851002857887,-0.0014549475368414995,-33.45275051651544,81.24724948348457,-0.0012058012450683994,-27.724276788250382,86.97572321174962,-0.0011995948321388995,-27.581576396603438,87.11842360339656,0.00044777051654230036,10.295323370256089,124.99532337025609,0.0005105880870840008,11.739650716895007,126.43965071689502,37.72863073217443,-0.11273007810513347,37.6159006540693,-27.724276788250382,0.14270039164694392,-27.581576396603438
final,2026-09-15,2026-10-06,0.0575342465753424,23800.0,CE,82.05,-0.0231637215084789,23255.039451975616,0.988706563983857,0.0034868575947402,0.1213904740530544,0.0705389772474324,test,a45f7cad1a76fc2b289c079aa41d181788a9e23efe3b000b95ecc25e11b37231,True,0.0035685689085238,0.004981227548149,0.0020426200727481,0.0046998121240637,0.0046964016187374,0.0022497994476168,0.002252720087572,0.0024090641569831,0.0038355930891544,0.0038904036485925,0.0014126586396251998,32.48042684684792,114.53042684684792,0.0011312432155398998,26.010007993215748,108.06000799321575,0.0011278327102136002,25.931592255928322,107.98159225592832,-0.0011595047515407,-26.659808820468033,55.39019117953197,-0.0015259488357757,-35.08524150292623,46.96475849707377,-0.0013187694609069997,-30.321688340936664,51.72831165906334,-0.0013158488209517997,-30.254535789180764,51.79546421081923,0.00026702418063060014,6.139529481526273,88.18952948152626,0.00032183474006870034,7.399756344780624,89.44975634478062,26.010007993215748,-0.07841573728742393,25.931592255928322,-30.321688340936664,0.06715255175590186,-30.254535789180764
final,2026-09-15,2026-10-06,0.0575342465753424,23950.0,CE,55.55,-0.0294464646879741,23255.039451975616,0.988706563983857,0.0023459088200102,0.1215084104953186,0.0582860126035019,test,a45f7cad1a76fc2b289c079aa41d181788a9e23efe3b000b95ecc25e11b37231,True,0.0024160146601888,0.0034448266762431,0.001064882994444,0.0031995773770965,0.0031951058883872,0.0012253618493327,0.0012278646293208,0.0014817465483587,0.0026308625002579,0.0026766817715421,0.0010288120160542999,23.654867842294628,79.20486784229462,0.0007835627169077001,18.01599536685689,73.5659953668569,0.0007790912281983998,17.913185064463196,73.46318506446319,-0.0009342681118301001,-21.48107561901254,34.068924380987454,-0.0013511316657448,-31.06577342798626,24.484226572013736,-0.0011906528108561,-27.375977775682546,28.17402222431745,-0.001188150030868,-27.318432831676255,28.231567168323743,0.0002148478400691,4.939869659112515,60.489869659112514,0.00026066711135329986,5.993365137338722,61.54336513733872,18.01599536685689,-0.10281030239369597,17.913185064463196,-27.375977775682546,0.057544944006293966,-27.318432831676255
final,2026-09-15,2026-10-06,0.0575342465753424,24100.0,CE,37.85,-0.0356899813276592,23255.039451975616,0.988706563983857,0.0015884788028096,0.1228840265974384,0.0467959118585355,test,a45f7cad1a76fc2b289c079aa41d181788a9e23efe3b000b95ecc25e11b37231,True,0.0016461954075274,0.0022826790898743,0.0004880662645514,0.0020811101829814,0.0020763453782804,0.0006020729992077,0.0006043154827072,0.0008725113948084,0.0017531822477113,0.0017899090754915,0.0006364836823468999,14.634293879493638,52.48429387949364,0.00043491477545400006,9.999738898347617,47.84973889834762,0.0004301499707529998,9.890184554368652,47.74018455436865,-0.0007736840127190001,-17.788860148381286,20.061139851618716,-0.0011581291429760001,-26.628180264140028,11.221819735859974,-0.0010441224083197,-24.006890660846757,13.843109339153244,-0.0010418799248202001,-23.95533056046745,13.894669439532553,0.00010698684018389999,2.4598853103609932,40.309885310361,0.0001437136679641,3.3043235982605133,41.15432359826052,9.999738898347617,-0.10955434397896514,9.890184554368652,-24.006890660846757,0.05156010037930756,-23.95533056046745
final,2026-09-15,2026-10-27,0.1150684931506849,22200.0,PE,96.0,0.0497824834266451,23333.14244233221,0.9858102715363026,0.0554290208981122,0.1483555725186954,0.0808999632995269,test,a45f7cad1a76fc2b289c079aa41d181788a9e23efe3b000b95ecc25e11b37231,True,0.0527371856139535,0.0544787632783968,0.0521219118354865,0.0540906922986942,0.0540889902769182,0.0521589342814493,0.0521593237203621,0.0498582163663778,0.05101916746185,0.0509434588580914,0.0017415776644433,40.059859105908885,136.05985910590888,0.001353506684740699,31.133430450229287,127.13343045022928,0.001351804662964702,31.09428045770603,127.09428045770603,-0.002878969247575698,-66.22219886185373,29.777801138146273,-0.0006152737784669987,-14.152559130819409,81.84744086918059,-0.0005782513325041996,-13.300966922613213,82.69903307738679,-0.0005778618935914012,-13.292009028690034,82.70799097130997,-0.0017180181521034982,-39.5179419900632,56.4820580099368,-0.0017937267558620976,-41.259395191717594,54.740604808282406,31.133430450229287,-0.0391499925232566,31.09428045770603,-13.300966922613213,0.00895789392318004,-13.292009028690034
final,2026-09-15,2026-10-27,0.1150684931506849,22700.0,PE,177.1,0.027509847817522,23333.14244233221,0.9858102715363026,0.0358057980315229,0.1358126063466632,0.1116534311053381,test,a45f7cad1a76fc2b289c079aa41d181788a9e23efe3b000b95ecc25e11b37231,True,0.0348342113508449,0.0379485224555471,0.0346683009807164,0.0373985628913119,0.0374102005002584,0.0346936295499086,0.0347015952199089,0.0315955323411464,0.0336605079082209,0.0335365284530868,0.0031143111047022,71.6355443764933,248.7355443764933,0.002564351540467004,58.98534616425833,236.08534616425834,0.002575989149413503,59.25303504442977,236.35303504442976,-0.0032386790096985,-74.49626133053245,102.60373866946755,-0.00016591037012849558,-3.816278875901437,173.28372112409855,-0.00014058180093629719,-3.2336698232537215,173.86633017674626,-0.00013261613093600022,-3.050443071779469,174.0495569282205,-0.0011737034426239981,-26.997587017554647,150.10241298244534,-0.0012976828977580984,-29.8493688278634,147.2506311721366,58.98534616425833,0.267688880171443,59.25303504442977,-3.2336698232537215,0.18322675147425246,-3.050443071779469
final,2026-09-15,2026-10-27,0.1150684931506849,22950.0,PE,239.95,0.0165568357983247,23333.14244233221,0.9858102715363026,0.0273004913572187,0.1298393282258171,0.1250263967919102,test,a45f7cad1a76fc2b289c079aa41d181788a9e23efe3b000b95ecc25e11b37231,True,0.026852202963946,0.0306664808598522,0.0270120377074943,0.030048529701711,0.0300658076288379,0.0270302926306782,0.0270447729166765,0.0238323115470624,0.0262662379112945,0.026123536008953,0.003814277895906198,87.73621654686737,327.68621654686734,0.0031963267377649977,73.52207219093208,313.47207219093207,0.003213604664891897,73.91949996029142,313.8694999602914,-0.003019891416883601,-69.46369785591563,170.48630214408436,0.0001598347435482969,3.676527000488707,243.6265270004887,0.00017808966673220003,4.096427683453717,244.04642768345371,0.00019256995273049873,4.429503967531197,244.37950396753118,-0.000585965052651502,-13.478398310596775,226.4716016894032,-0.0007286669549930007,-16.760834815530327,223.18916518446966,73.52207219093208,0.39742776935933444,73.91949996029142,4.096427683453717,0.3330762840774803,4.429503967531197
final,2026-09-15,2026-10-27,0.1150684931506849,23100.0,PE,292.2,0.010042154777131,23333.14244233221,0.9858102715363026,0.022924171508447,0.1280476038808339,0.131068560422415,test,a45f7cad1a76fc2b289c079aa41d181788a9e23efe3b000b95ecc25e11b37231,True,0.0226951154630758,0.0266611772504615,0.0228406153355155,0.0260117991217403,0.0260267597019688,0.0228559742120622,0.0228738188091061,0.0197288901737979,0.0223142797176436,0.0221639934453413,0.003966061787385702,91.22755743355651,383.4275574335565,0.0033166836586645022,76.29052828226371,368.4905282822637,0.003331644238893001,76.6346523189531,368.8346523189531,-0.0029662252892778997,-68.22926682562832,223.97073317437167,0.00014549987243970067,3.34679555719112,295.5467955571911,0.0001608587489864005,3.7000812262988014,295.90008122629877,0.00017870334603030044,4.110543566265049,296.31054356626504,-0.0003808357454321981,-8.76000342447222,283.43999657552774,-0.0005311220177344998,-12.216895997739641,279.98310400226035,76.29052828226371,0.34412403668938424,76.6346523189531,3.7000812262988014,0.41046233996624765,4.110543566265049
final,2026-09-15,2026-10-27,0.1150684931506849,23250.0,PE,349.15,0.0035696402715136,23333.14244233221,0.9858102715363026,0.0188093805903169,0.1251211979068142,0.134579642140226,test,a45f7cad1a76fc2b289c079aa41d181788a9e23efe3b000b95ecc25e11b37231,True,0.0187423575630971,0.0229473339631568,0.0190180377588249,0.022275953226757,0.0222863560674276,0.0190324875852554,0.0190499228022343,0.0160746884723871,0.0187449138370091,0.0185903741956315,0.0042049764000597,96.72308365524961,445.8730836552496,0.0035335956636598984,81.27994938928818,430.42994938928814,0.003543998504330497,81.519236066003,430.669236066003,-0.002667669090710003,-61.361861774445146,287.7881382255548,0.0002756801957277989,6.341210056041435,355.49121005604144,0.00029013002215829906,6.673585707572144,355.82358570757214,0.00030756523913719885,7.0746314662055605,356.22463146620555,2.5562739119980304e-06,0.05879954413832319,349.2087995441383,-0.00015198336746560098,-3.4959292435917497,345.6540707564082,81.27994938928818,0.23928667671482517,81.519236066003,6.673585707572144,0.4010457586334161,7.0746314662055605
final,2026-09-15,2026-10-27,0.1150684931506849,23400.0,CE,350.05,-0.0028612500587768,23333.14244233221,0.9858102715363026,0.0151747269645392,0.1225835310610506,0.1351722679216241,test,a45f7cad1a76fc2b289c079aa41d181788a9e23efe3b000b95ecc25e11b37231,True,0.0152182078281062,0.0195366410513704,0.0155653126020611,0.0188543872591344,0.0188600444512459,0.0155815407492017,0.0155955344663479,0.012880959956553,0.0155638126865511,0.0154085774157826,0.004318433223264202,99.33282334413636,449.38282334413634,0.0036361794310282025,83.63958648801108,433.68958648801106,0.003641836623139702,83.76971351223091,433.8197135122309,-0.0023372478715531983,-53.761495879045725,296.28850412095426,0.000347104773954901,7.984121881849265,358.0341218818493,0.00036333292109550115,8.357402557913863,358.4074025579139,0.00037732663824170155,8.679286760203471,358.7292867602035,0.0003456048584449013,7.949620748062295,357.9996207480623,0.0001903695876764016,4.3788910572669435,354.428891057267,83.63958648801108,0.13012702421983072,83.76971351223091,8.357402557913863,0.32188420228960757,8.679286760203471
final,2026-09-15,2026-10-27,0.1150684931506849,23550.0,CE,280.05,-0.0092510481575478,23333.14244233221,0.9858102715363026,0.012062888862672,0.1206705623117824,0.132499730349265,test,a45f7cad1a76fc2b289c079aa41d181788a9e23efe3b000b95ecc25e11b37231,True,0.0121750010063167,0.0164371208262835,0.0124971567628016,0.0157564251392415,0.0157575395314925,0.0125182967966965,0.0125284848363733,0.0101441419883259,0.0127677616567259,0.0126153686376195,0.004262119819966799,98.03749954208858,378.0874995420886,0.003581424132924801,82.38010230185769,362.4301023018577,0.0035825385251758,82.40573560979173,362.45573560979176,-0.002030859017990801,-46.71392369440016,233.33607630559985,0.0003221557564849001,7.410243297457465,287.46024329745745,0.0003432957903798002,7.8965074455421504,287.9465074455422,0.00035348383005659977,8.130853258738176,288.1808532587382,0.0005927606504091999,13.634711000103406,293.6847110001034,0.0004403676313028005,10.129358928378329,290.17935892837835,82.38010230185769,0.025633307934049217,82.40573560979173,7.8965074455421504,0.23434581319602538,8.130853258738176
final,2026-09-15,2026-10-27,0.1150684931506849,23700.0,CE,220.75,-0.0156002758362065,23333.14244233221,0.9858102715363026,0.0094484164554763,0.1192512803697048,0.1265878208430952,test,a45f7cad1a76fc2b289c079aa41d181788a9e23efe3b000b95ecc25e11b37231,True,0.0095969700844292,0.0136526027289536,0.0098205653223218,0.012986637132913,0.0129826796319263,0.0098497891838125,0.0098562664441091,0.0078464673944551,0.0103450416197863,0.0101987721575483,0.004055632644524401,93.28787090118402,314.037870901184,0.003389667048483801,77.96929597257358,298.7192959725736,0.0033857095474971004,77.87826533111814,298.62826533111814,-0.0017505026899740997,-40.26515300268998,180.48484699731003,0.00022359523789259976,5.143149174224692,225.8931491742247,0.0002528190993832998,5.815357940878954,226.56535794087895,0.0002592963596798996,5.964348215715205,226.7143482157152,0.0007480715353571001,17.207179972146463,237.95717997214646,0.0006018020731191013,13.84268227079112,234.59268227079113,77.96929597257358,-0.09103064145543022,77.87826533111814,5.815357940878954,0.1489902748362516,5.964348215715205
final,2026-09-15,2026-10-27,0.1150684931506849,23850.0,CE,169.85,-0.0219094450294712,23333.14244233221,0.9858102715363026,0.007224101327638,0.1176246748465678,0.1176484465110537,test,a45f7cad1a76fc2b289c079aa41d181788a9e23efe3b000b95ecc25e11b37231,True,0.0073841239811565,0.0111823275977563,0.0075336899737007,0.0105443112224131,0.0105377020083957,0.007573681314712,0.0075790943031985,0.0059578563192482,0.0082763545991625,0.0081390321413753,0.0037982036165998,87.36647514664726,257.21647514664727,0.0031601872412566007,72.69078963153635,242.54078963153634,0.0031535780272392002,72.53876415042035,242.38876415042034,-0.0014262676619083,-32.80708219327347,137.0429178067265,0.00014956599254419955,3.4403246611866036,173.2903246611866,0.00018955733355549998,4.360207546157541,174.21020754615753,0.00019497032204199988,4.484717386021851,174.33471738602185,0.0008922306180060005,20.523134613536524,190.3731346135365,0.0007549081602187995,17.364436369211695,187.21443636921168,72.69078963153635,-0.15202548111599318,72.53876415042035,4.360207546157541,0.12450983986430916,4.484717386021851
final,2026-09-15,2026-10-27,0.1150684931506849,24000.0,CE,132.45,-0.0281790580430666,23333.14244233221,0.9858102715363026,0.0055981867498697,0.1179780165022876,0.1070931654506587,test,a45f7cad1a76fc2b289c079aa41d181788a9e23efe3b000b95ecc25e11b37231,True,0.0057581820506575,0.0090207207981713,0.005625193845033,0.008423138240507,0.008415694056114,0.0056775794261681,0.0056823018568734,0.0044387665210046,0.0065361768776118,0.0064100202912626,0.0032625387475137997,75.0450842482232,207.49508424822318,0.0026649561898495003,61.29945948917309,193.7494594891731,0.0026575120054565006,61.12822797648755,193.57822797648754,-0.0013194155296528997,-30.34926394565283,102.10073605434715,-0.00013298820562449975,-3.0590015529212966,129.3909984470787,-8.060262448939936e-05,-1.8540257184820728,130.59597428151793,-7.58801937840994e-05,-1.7454001242555839,130.7045998757444,0.0007779948269543008,17.89547706612192,150.3454770661219,0.0006518382406051001,14.993616771509753,147.44361677150974,61.29945948917309,-0.1712315126855383,61.12822797648755,-1.8540257184820728,0.10862559422648893,-1.7454001242555839
final,2026-09-15,2026-10-27,0.1150684931506849,24150.0,CE,101.05,-0.0344096077937027,23333.14244233221,0.9858102715363026,0.0042444932165609,0.1179204477098751,0.0950795193608234,test,a45f7cad1a76fc2b289c079aa41d181788a9e23efe3b000b95ecc25e11b37231,True,0.004393086419169,0.0071573672105181,0.0040742316405382,0.006611163428055,0.0066022493537214,0.0041390861908523,0.0041432402245465,0.0032435698193871,0.0050943882046674,0.0049809300354162,0.0027642807913491,63.584129086779804,164.6341290867798,0.002218077008886,51.02032156024003,152.07032156024002,0.0022091629345524005,50.81527956346078,151.86527956346077,-0.0011495165997819,-26.441240013195856,74.60875998680415,-0.00031885477863079995,-7.334314034900434,93.71568596509957,-0.00025400022831669963,-5.842526329417649,95.20747367058235,-0.00024984619462250016,-5.7469750325054765,95.30302496749452,0.0007013017854984004,16.131379777868588,117.18137977786859,0.0005878436162472002,13.521609127146386,114.57160912714639,51.02032156024003,-0.20504199677925244,50.81527956346078,-5.842526329417649,0.09555129691217225,-5.7469750325054765
final,2026-09-15,2026-10-27,0.1150684931506849,24300.0,CE,77.35,-0.0406015780416238,23333.14244233221,0.9858102715363026,0.0032289454309051,0.1186253493241696,0.0829941454702468,test,a45f7cad1a76fc2b289c079aa41d181788a9e23efe3b000b95ecc25e11b37231,True,0.0033627435380774,0.0055772104942664,0.0028511584841561,0.0050910420951754,0.005081315385138,0.0029267186008767,0.0029314833702974,0.0023239997162338,0.0039180127370478,0.0038180836059883,0.0022144669561890004,50.937282942233324,128.28728294223333,0.0017282985570980002,39.75441239505262,117.1044123950526,0.0017185718470606,39.530678109974474,116.88067810997447,-0.0010387438218436,-23.89323887171538,53.45676112828461,-0.0005115850539212999,-11.767505750211285,65.58249424978871,-0.0004360249372007,-10.029468055050083,67.3205319449499,-0.0004312601677800001,-9.919868583512077,67.43013141648791,0.0005552691989703998,12.77233070379061,90.12233070379061,0.0004553400679108998,10.473755686121738,87.82375568612173,39.75441239505262,-0.22373428507814266,39.530678109974474,-10.029468055050083,0.10959947153800592,-9.919868583512077
final,2026-09-15,2026-10-27,0.1150684931506849,24450.0,CE,58.7,-0.0467554436160021,23333.14244233221,0.9858102715363026,0.0024353753102699,0.1194012405117766,0.0711357617196562,test,a45f7cad1a76fc2b289c079aa41d181788a9e23efe3b000b95ecc25e11b37231,True,0.0025519462919863,0.0042609846152812,0.0019189966102583,0.0038406143660868,0.0038327970410781,0.0020017050270107,0.0020066876449086,0.0016322727501371,0.0029729160788232,0.0028866881277834,0.0017090383232949,39.31138750546454,98.01138750546454,0.0012886680741005002,29.642009389946267,88.34200938994627,0.0012808507490918,29.462194877606542,88.16219487760654,-0.0009196735418492,-21.154378160728076,37.54562183927193,-0.0006329496817280001,-14.559141167705908,44.14085883229409,-0.0005502412649756,-12.656677907169637,46.043322092830365,-0.0005452586470776999,-12.542067473742737,46.15793252625727,0.0004209697868369001,9.683168711239377,68.38316871123938,0.0003347418357970999,7.699748941814524,66.39974894181452,29.642009389946267,-0.17981451233972692,29.462194877606542,-12.656677907169637,0.11461043342690201,-12.542067473742737
final,2026-09-15,2026-10-27,0.1150684931506849,24600.0,CE,45.85,-0.0528716706334381,23333.14244233221,0.9858102715363026,0.0018906489331935,0.1214257767123978,0.0609525773907207,test,a45f7cad1a76fc2b289c079aa41d181788a9e23efe3b000b95ecc25e11b37231,True,0.001993300468272,0.0031858681131345,0.001235590645631,0.0028337846529603,0.0028298490521643,0.0013205326997343,0.0013244819819043,0.001123599718956,0.0022253290516472,0.00215240530581,0.0011925676448625,27.43150236870341,73.28150236870341,0.0008404841846883001,19.332860490100856,65.18286049010086,0.0008365485838922999,19.24233359795949,65.0923335979595,-0.000869700749316,-20.004901413936697,25.845098586063305,-0.0007577098226410001,-17.428880352495984,28.421119647504018,-0.0006727677685377002,-15.475038850611318,30.37496114938868,-0.0006688184863677001,-15.384197258800796,30.465802741199205,0.00023202858337519972,5.337133421222025,51.18713342122203,0.00015910483753800008,3.659737664859283,49.50973766485929,19.332860490100856,-0.09052689214136697,19.24233359795949,-15.475038850611318,0.09084159181052273,-15.384197258800796
final,2026-09-15,2026-10-27,0.1150684931506849,24750.0,CE,36.6,-0.0589507167098204,23333.14244233221,0.9858102715363026,0.0015000735146361,0.1241549629183156,0.0523170913037419,test,a45f7cad1a76fc2b289c079aa41d181788a9e23efe3b000b95ecc25e11b37231,True,0.0015911624239642,0.0023263323458311,0.0007562715418172,0.0020416581409118,0.0020415895852271,0.0008379641508716,0.0008403621217949,0.0007579405776897,0.0016431062649414,0.0015826395375019,0.0007351699218668998,16.91041639438117,53.51041639438117,0.0004504957169476,10.362325675843444,46.962325675843445,0.00045042716126290016,10.36074875445426,46.96074875445426,-0.0008332218462745,-19.16581180799155,17.434188192008452,-0.000834890882147,-19.204203057064227,17.395796942935775,-0.0007531982730926,-17.32510545749812,19.274894542501883,-0.0007508003021693,-17.26994720685635,19.33005279314365,5.194384097720003e-05,1.1948149045833814,37.79481490458338,-8.522886462300006e-06,-0.19604387322257838,36.40395612677742,10.362325675843444,-0.0015769213891835534,10.36074875445426,-17.32510545749812,0.05515825064176545,-17.26994720685635
final,2026-09-15,2026-10-27,0.1150684931506849,25000.0,CE,26.75,-0.0690010525633218,23333.14244233221,0.9858102715363026,0.0010854015533156,0.1302605251383695,0.0413755790516145,test,a45f7cad1a76fc2b289c079aa41d181788a9e23efe3b000b95ecc25e11b37231,True,0.0011629397497552,0.0012985306543583,0.0002919746219883,0.0011159589745179,0.001119556454945,0.0003576191385878,0.0003583755235376,0.0003758723465276,0.0009613040506497,0.00091891002384,0.0001355909046031,3.1188689688318854,29.868868968831887,-4.698077523729999e-05,-1.0806542109014763,25.669345789098525,-4.3383294810200044e-05,-0.9979047808943137,25.752095219105687,-0.0007870674032276,-18.104164932678913,8.645835067321087,-0.0008709651277668999,-20.03398471216319,6.716015287836811,-0.0008053206111674,-18.524026161510747,8.225973838489253,-0.0008045642262176,-18.506627755951556,8.243372244048444,-0.00020163569910549997,-4.638034732415887,22.11196526758411,-0.0002440297259152,-5.613184319828386,21.136815680171615,-1.0806542109014763,0.08274943000716266,-0.9979047808943137,-18.524026161510747,0.017398405559194682,-18.506627755951556
final,2026-09-15,2026-10-27,0.1150684931506849,25300.0,CE,18.7,-0.0809296234285956,23333.14244233221,0.9858102715363026,0.0007497694598279,0.137441105900754,0.0312276867920547,test,a45f7cad1a76fc2b289c079aa41d181788a9e23efe3b000b95ecc25e11b37231,True,0.0008129709652494,0.000575872001889,7.060288318823556e-05,0.000486659292269,0.0004908271036644,0.0001088956505829,0.0001092073029224,0.0001503462117252,0.0004803820314278,0.0004545361790661,-0.00023709896336040006,-5.453762562699602,13.246237437300397,-0.00032631167298040006,-7.5058379026620905,11.194162097337909,-0.00032214386158500006,-7.409969690357534,11.290030309642464,-0.0006626247535242001,-15.241728697038686,3.458271302961313,-0.0007423680820611645,-17.07598884578039,1.624011154219609,-0.0007040753146665001,-16.195176638593555,2.5048233614064443,-0.000703763662327,-16.188007995434372,2.511992004565627,-0.00033258893382160005,-7.65022777972789,11.049772220272109,-0.0003584347861833,-8.244735406473774,10.455264593526225,-7.5058379026620905,0.09586821230455729,-7.409969690357534,-16.195176638593555,0.007168643159182606,-16.188007995434372
final,2026-09-15,2026-10-27,0.1150684931506849,25800.0,CE,13.1,-0.1004997196226927,23333.14244233221,0.9858102715363026,0.0005150605067171,0.1539556944629647,0.0223313659239831,test,a45f7cad1a76fc2b289c079aa41d181788a9e23efe3b000b95ecc25e11b37231,True,0.0005695144195062,0.0001045609159822,2.4885422338548563e-06,9.13897326722552e-05,9.358383831673088e-05,9.701830639019788e-06,9.702799249477382e-06,2.727047491203009e-05,0.0001338431385496,0.0001241861145008,-0.000464953503524,-10.694884427059986,2.405115572940014,-0.00047812468683394477,-10.997848663698347,2.1021513363016524,-0.0004759305811894691,-10.947379732696485,2.152620267303515,-0.0005422439445941699,-12.472723131998983,0.627276868001017,-0.0005670258772723451,-13.042758423406534,0.05724157659346574,-0.0005598125888671802,-12.876837992121283,0.22316200787871665,-0.0005598116202567226,-12.876815712093666,0.22318428790633327,-0.0004356712809566,-10.021333235914643,3.078666764085357,-0.0004453283050054,-10.24346460029509,2.85653539970491,-10.997848663698347,0.0504689310018634,-10.947379732696485,-12.876837992121283,2.228002761628432e-05,-12.876815712093666
final,2026-09-15,2026-10-27,0.1150684931506849,27000.0,CE,4.95,-0.1459620936994502,23333.14244233221,0.9858102715363026,0.0001859722287612,0.1835543443053504,0.0093234275673036,test,a45f7cad1a76fc2b289c079aa41d181788a9e23efe3b000b95ecc25e11b37231,True,0.0002151981966836,8.046034253777344e-08,7.517799464008263e-15,3.0385105657030313e-07,3.160427727866186e-07,3.376591439061688e-09,2.7011787426156015e-09,1.861213303485404e-07,3.4045297189085316e-06,2.9758278087138883e-06,-0.00021511773634106223,-4.9481492470561985,0.001850752943801659,-0.00021489434562702972,-4.943010802350334,0.006989197649666323,-0.00021488215391081338,-4.942730367866213,0.007269632133787063,-0.00021501207535325146,-4.945718827574422,0.004281172425578461,-0.0002151981966760822,-4.949999999824979,1.7502088667242788e-10,-0.00021519482009216094,-4.949922331467772,7.76685322279036e-05,-0.0002151954955048574,-4.949937867345391,6.213265460885964e-05,-0.00021179366696469148,-4.871688832114988,0.07831116788501191,-0.00021222236887488612,-4.8815498555258054,0.06845014447419473,-4.943010802350334,0.00028043448412100536,-4.942730367866213,-4.949922331467772,-1.5535877618539086e-05,-4.949937867345391
final,2026-09-15,2026-11-23,0.1890410958904109,22050.0,PE,123.3,0.061307789752825,23444.135812223805,0.978563043262307,0.0689404486130663,0.1450891198890019,0.1048484793113178,test,a45f7cad1a76fc2b289c079aa41d181788a9e23efe3b000b95ecc25e11b37231,True,0.0648408158054395,0.0681400258072049,0.0657714570216465,0.0674272370038491,0.0674249690115547,0.0655350974013487,0.0655342120029485,0.0614546093529581,0.0628986397821502,0.0628579823295185,0.0032992100017653903,75.68904033155309,198.9890403315531,0.0025864211984095997,59.33654974859312,182.63654974859313,0.0025841532061152,59.28451845620779,182.58451845620777,-0.0033862064524814023,-77.6848750505988,45.61512494940119,0.0009306412162069927,21.350365848189405,144.6503658481894,0.0006942815959092019,15.927906282445695,139.2279062824457,0.0006933961975089942,15.907593857596426,139.20759385759644,-0.0019421760232893048,-44.5565572603926,78.74344273960739,-0.0019828334759210003,-45.4893028480854,77.8106971519146,59.33654974859312,-0.05203129238533241,59.28451845620779,15.927906282445695,-0.02031242484926897,15.907593857596426
final,2026-09-15,2026-11-23,0.1890410958904109,22200.0,PE,143.7,0.0545281027674463,23444.135812223805,0.978563043262307,0.062656927291988,0.1423807524243495,0.114462752791581,test,a45f7cad1a76fc2b289c079aa41d181788a9e23efe3b000b95ecc25e11b37231,True,0.059331843025618,0.063054544765232,0.0604929767884261,0.062285249857823,0.0622856803336555,0.0602328829830247,0.0602350274169523,0.0557697289368903,0.0574600263784612,0.0574134218559565,0.003722701739614004,85.4046035145428,229.1046035145428,0.002953406832204998,67.75577447893076,211.45577447893075,0.002953837308037499,67.7656502681744,211.4656502681744,-0.003562114088727704,-81.72047150167347,61.979528498326516,0.0011611337628080962,26.638225562023372,170.33822556202335,0.0009010399574066949,20.67126664868358,164.37126664868356,0.0009031843913342996,20.72046331877975,164.42046331877975,-0.0018718166471568057,-42.94240306743549,100.7575969325645,-0.0019184211696615036,-44.01158374450768,99.68841625549231,67.75577447893076,0.009875789243636062,67.7656502681744,20.67126664868358,0.049196670096166316,20.72046331877975
final,2026-09-15,2026-11-23,0.1890410958904109,22350.0,PE,165.25,0.0477940705861022,23444.135812223805,0.978563043262307,0.0565103298612103,0.1389706426987436,0.1238080853485114,test,a45f7cad1a76fc2b289c079aa41d181788a9e23efe3b000b95ecc25e11b37231,True,0.0538729976022198,0.0581251685055502,0.0553744986195705,0.0573011913927976,0.0573042840334698,0.0550915735918675,0.0550970583381275,0.0502766323611171,0.052218429331409,0.0521658739454939,0.004252170903330396,97.55145468964223,262.80145468964224,0.0034281937905778007,78.64813029197244,243.89813029197245,0.0034312864312499997,78.71908030862606,243.96908030862608,-0.0035963652411026975,-82.50624653634112,82.74375346365888,0.0015015010173506996,34.44678301754453,199.69678301754453,0.0012185759896476966,27.956040136321548,193.20604013632155,0.0012240607359077019,28.081868798534543,193.33186879853454,-0.0016545682708107995,-37.95838534488417,127.29161465511584,-0.0017071236567259007,-39.16408814102018,126.08591185897981,78.64813029197244,0.0709500166536283,78.71908030862606,27.956040136321548,0.12582866221299455,28.081868798534543
final,2026-09-15,2026-11-23,0.1890410958904109,22750.0,PE,249.95,0.0300552462487206,23444.135812223805,0.978563043262307,0.0417389608180842,0.1328204218701801,0.1491636142834793,test,a45f7cad1a76fc2b289c079aa41d181788a9e23efe3b000b95ecc25e11b37231,True,0.0405031503919335,0.0458292482973261,0.0426222467857096,0.0448777902089339,0.0448870801833798,0.0422891616518981,0.0422975139136161,0.036796286813205,0.0393669817144887,0.0392999724902883,0.005326097905392596,122.1890206914229,372.1390206914229,0.0043746398170003975,100.36108321925087,350.31108321925086,0.004383929791446299,100.57420977080069,350.52420977080067,-0.0037068635787285004,-85.04125131889626,164.90874868110373,0.002119096393776096,48.615387419758825,298.5653874197588,0.0017860112599645955,40.973893209505704,290.9238932095057,0.0017943635216826,41.16550716366305,291.11550716366304,-0.0011361686774448015,-26.065487436250244,223.88451256374975,-0.0012031779016452027,-27.602783901275604,222.34721609872437,100.36108321925087,0.21312655154982257,100.57420977080069,40.973893209505704,0.19161395415734725,41.16550716366305
final,2026-09-15,2026-11-23,0.1890410958904109,22900.0,PE,285.3,0.023483481085486,23444.135812223805,0.978563043262307,0.036492827762011,0.1291138482387257,0.1570067305844759,test,a45f7cad1a76fc2b289c079aa41d181788a9e23efe3b000b95ecc25e11b37231,True,0.0356458332456137,0.0415673061212255,0.038218762867195,0.0405786281309141,0.0405905167719603,0.0378734468654969,0.0378837447509861,0.0322593861904388,0.0350236652294472,0.0349523036803799,0.005921472875611802,135.84785420284095,421.14785420284096,0.0049327948853004,113.16603393569932,398.46603393569933,0.0049446835263466035,113.43877796567982,398.73877796567984,-0.0033864470551749,-77.69039485290368,207.60960514709632,0.002572929621581302,59.02703186335791,344.32703186335794,0.0022276136198832036,51.10494240385929,336.4049424038593,0.002237911505372399,51.34119201200922,336.64119201200924,-0.000622168016166498,-14.273507913539948,271.02649208646005,-0.0006935295652337956,-15.910653521908797,269.3893464780912,113.16603393569932,0.2727440299805035,113.43877796567982,51.10494240385929,0.23624960814993334,51.34119201200922
final,2026-09-15,2026-11-23,0.1890410958904109,23100.0,PE,348.5,0.0147877741179323,23444.135812223805,0.978563043262307,0.030314729470816,0.1263173444866278,0.1659856946648941,test,a45f7cad1a76fc2b289c079aa41d181788a9e23efe3b000b95ecc25e11b37231,True,0.0298697404069263,0.0362060861448615,0.0327045601238041,0.0351800649669219,0.0351958029924049,0.0323507983512654,0.0323676020810352,0.0267098570766011,0.0296744159257446,0.0295985838697748,0.006336345737935203,145.36568689371543,493.8656868937154,0.0053103245599956,121.82715546451163,470.32715546451163,0.005326062585478599,122.18821039732414,470.68821039732416,-0.0031598833303252,-72.49266845820924,276.0073315417908,0.002834819716877799,65.03520047788201,413.53520047788203,0.0024810579443390983,56.919351818622445,405.41935181862243,0.002497861674108901,57.30485567548107,405.80485567548106,-0.00019532448118169884,-4.481049259062165,344.01895074093784,-0.0002711565371515019,-6.220755291612915,342.27924470838707,121.82715546451163,0.36105493281249507,122.18821039732414,56.919351818622445,0.3855038568586312,57.30485567548107
final,2026-09-15,2026-11-23,0.1890410958904109,23250.0,PE,407.05,0.0083152596123147,23444.135812223805,0.978563043262307,0.0262409840974504,0.1252440324409476,0.1706704144046135,test,a45f7cad1a76fc2b289c079aa41d181788a9e23efe3b000b95ecc25e11b37231,True,0.0260236881901875,0.032436941528021,0.0288524482607525,0.0313935994822016,0.0314115703041543,0.0284992183698253,0.0285204408246039,0.0229427908751775,0.0260059659340475,0.0259279349610151,0.006413253337833498,147.1300675870906,554.1800675870907,0.0053699112920140984,123.19416834352215,530.2441683435221,0.005387882113966798,123.60644712142388,530.6564471214239,-0.00308089731501,-70.68060566268491,336.3693943373151,0.002828760070564998,64.89618270880423,471.94618270880426,0.002475530179637798,56.792536246047135,463.84253624604713,0.0024967526344163993,57.27941256941321,464.3294125694132,-1.7722256139999365e-05,-0.4065762891809738,406.64342371081904,-9.575322917240031e-05,-2.196728920204585,404.85327107979543,123.19416834352215,0.4122787779017386,123.60644712142388,56.792536246047135,0.4868763233660795,57.27941256941321
final,2026-09-15,2026-11-23,0.1890410958904109,23400.0,PE,465.3,0.0018843692820244,23444.135812223805,0.978563043262307,0.0222063648626301,0.1224086663977914,0.1731222991614817,test,a45f7cad1a76fc2b289c079aa41d181788a9e23efe3b000b95ecc25e11b37231,True,0.0221645592717735,0.0288913049284041,0.025254833631935,0.0278408593854605,0.0278587108293806,0.0249086425970759,0.0249294749452718,0.0195243962336597,0.0226374500398571,0.0225582924817692,0.0067267456566306,154.32207196037064,619.6220719603707,0.0056763001136869995,130.22320737660226,595.5232073766023,0.005694151557607101,130.63274743562306,595.932747435623,-0.0026401630381138012,-60.569471651317286,404.7305283486827,0.003090274360161502,70.89572975247702,536.1957297524771,0.002744083325302401,62.95356566293693,528.2535656629369,0.0027649156734982985,63.43149233082303,528.731492330823,0.0004728907680836003,10.848854240483718,476.14885424048373,0.00039373320999570166,9.032855985308608,474.33285598530864,130.22320737660226,0.4095400590207993,130.63274743562306,62.95356566293693,0.47792666788610727,63.43149233082303
final,2026-09-15,2026-11-23,0.1890410958904109,23550.0,CE,428.9,-0.0045054288167466,23444.135812223805,0.978563043262307,0.0186112835043691,0.1200931094427265,0.1731417466040362,test,a45f7cad1a76fc2b289c079aa41d181788a9e23efe3b000b95ecc25e11b37231,True,0.0186953244955766,0.0255745336114699,0.0219198081042444,0.0245279016792363,0.0245439826756923,0.0215874614115207,0.0216054505503232,0.0164565874691698,0.0195693037745249,0.0194901180437099,0.006879209115893299,157.81982230395218,586.7198223039521,0.0058325771836597005,133.80844791774132,562.7084479177413,0.0058486581801157,134.17737114138527,563.0773711413852,-0.0022387370264068014,-51.36013075638561,377.53986924361436,0.0032244836086678004,73.97469993552845,502.87469993552844,0.002892136915944102,66.35014671940641,495.2501467194064,0.0029101260547465986,66.7628457145063,495.66284571450626,0.0008739792789482989,20.0504523379423,448.9504523379423,0.0007947935481333011,18.2338077563204,447.1338077563204,133.80844791774132,0.3689232236439615,134.17737114138527,66.35014671940641,0.4126989950998908,66.7628457145063
final,2026-09-15,2026-11-23,0.1890410958904109,23700.0,CE,361.75,-0.0108546564954054,23444.135812223805,0.978563043262307,0.0155980886313497,0.1191101567585165,0.1705532451288083,test,a45f7cad1a76fc2b289c079aa41d181788a9e23efe3b000b95ecc25e11b37231,True,0.0157683227705172,0.0224903424970657,0.018853045890776,0.0214588514657683,0.0214715410497201,0.0185413469574103,0.0185555158306239,0.0137347081535865,0.0167978364605134,0.0167197014081831,0.006722019726548501,154.21365172874044,515.9636517287404,0.0056905286952511,130.54963330380596,492.299633303806,0.0057032182792029,130.84075221742603,492.59075221742603,-0.0020336146169307005,-46.65430168959861,315.0956983104014,0.0030847231202588005,70.76837562204554,432.51837562204554,0.0027730241868931006,63.61751431700752,425.36751431700753,0.002787193060106701,63.94257044121393,425.69257044121395,0.0010295136899961983,23.618655121169056,385.36865512116907,0.0009513786376658985,21.826114748179297,383.5761147481793,130.54963330380596,0.29111891362006975,130.84075221742603,63.61751431700752,0.32505612420640806,63.94257044121393
final,2026-09-15,2026-11-23,0.1890410958904109,23900.0,CE,283.1,-0.0192580672917848,23444.135812223805,0.978563043262307,0.0121046756936882,0.1177508226657556,0.1631182157118477,test,a45f7cad1a76fc2b289c079aa41d181788a9e23efe3b000b95ecc25e11b37231,True,0.0123400474812258,0.0187429326294866,0.0151860219709802,0.0177493285565317,0.0177559601427108,0.0149117885194423,0.014920391211411,0.0106240902750093,0.0135504120656289,0.0134752426371116,0.006402885148260798,146.8922050932471,429.9922050932471,0.0054092810753059006,124.0973727815007,407.1973727815007,0.005415912661484999,124.24951174613264,407.34951174613263,-0.001715957206216501,-39.36674358984189,243.73325641015813,0.0028459744897543996,65.29110842363102,348.39110842363107,0.0025717410382165,58.99976390097062,342.09976390097063,0.0025803437301851993,59.19712311697397,342.297123116974,0.001210364584403099,27.76765765008863,310.86765765008863,0.0011351951558857994,26.043153328235437,309.1431533282355,124.0973727815007,0.15213896463194454,124.24951174613264,58.99976390097062,0.19735921600334347,59.19712311697397
final,2026-09-15,2026-11-23,0.1890410958904109,24150.0,CE,202.2,-0.0296639884529015,23444.135812223805,0.978563043262307,0.0085560872803256,0.1160913911390855,0.1480785095003609,test,a45f7cad1a76fc2b289c079aa41d181788a9e23efe3b000b95ecc25e11b37231,True,0.0088136969293671,0.0146428916830126,0.0112770260467657,0.0137236982976124,0.013724070776575,0.0110628299704023,0.0110665729371765,0.0075096352282196,0.0101704649373958,0.0101011506718331,0.0058291947536454995,133.73084968009456,335.9308496800945,0.0049100013682452995,112.64311498517533,314.8431149851753,0.0049103738472079,112.6516602354649,314.8516602354649,-0.0013040617011474999,-29.917216133611166,172.28278386638883,0.0024633291173985997,56.51262478499546,258.71262478499546,0.0022491330410352,51.598631600549886,253.79863160054987,0.0022528760078094,51.68450111567032,253.8845011156703,0.0013567680080287005,31.126381292883767,233.32638129288375,0.0012874537424659993,29.536203571877834,231.7362035718778,112.64311498517533,0.008545250289570523,112.6516602354649,51.598631600549886,0.08586951512043403,51.68450111567032
final,2026-09-15,2026-11-23,0.1890410958904109,24500.0,CE,125.15,-0.0440527259050011,23444.135812223805,0.978563043262307,0.0052200655854288,0.1161754987504094,0.1211858488546033,test,a45f7cad1a76fc2b289c079aa41d181788a9e23efe3b000b95ecc25e11b37231,True,0.0054551640490123,0.0099618441734455,0.0070143244195596,0.009188914999151,0.0091884129445202,0.0068976604780552,0.0069030751312015,0.0043965318415628,0.0065716622368734,0.0065133366052861,0.004506680124433201,103.39029449992847,228.54029449992848,0.0037337509501386996,85.65808969474594,210.80808969474595,0.0037332488955079002,85.64657177585661,210.79657177585662,-0.0010586322074494997,-24.286679478739092,100.86332052126092,0.0015591603705473007,35.76957881025053,160.91957881025053,0.0014424964290429007,33.09312542624663,158.24312542624665,0.0014479110821892004,33.217346042743415,158.3673460427434,0.0011164981878611004,25.614215623105437,150.76421562310543,0.0010581725562738,24.27613436146636,149.42613436146638,85.65808969474594,-0.0115179188893341,85.64657177585661,33.09312542624663,0.1242206164967819,33.217346042743415
final,2026-09-15,2026-11-23,0.1890410958904109,24800.0,CE,82.2,-0.0562232615252563,23444.135812223805,0.978563043262307,0.0033871257982341,0.1173146085971433,0.0971459227982597,test,a45f7cad1a76fc2b289c079aa41d181788a9e23efe3b000b95ecc25e11b37231,True,0.0035830162591195,0.0068689805097038,0.0043840528275918,0.0062465244521753,0.0062487086500116,0.0043485884238028,0.0043573967394886,0.0026509343190899,0.0043728360417623,0.0043251209242792,0.0032859642505843004,75.38516207135422,157.5851620713542,0.0026635081930558,61.10504603821772,143.3050460382177,0.0026656923908921,61.155154954605386,143.35515495460538,-0.0009320819400295997,-21.383418307250082,60.81658169274992,0.0008010365684723002,18.377032412518812,100.57703241251882,0.0007655721646832999,17.563423491812404,99.7634234918124,0.0007743804803691003,17.76550003766394,99.96550003766394,0.0007898197826428002,18.11970179258703,100.31970179258704,0.0007421046651597003,17.025042328754584,99.22504232875458,61.10504603821772,0.05010891638766216,61.155154954605386,17.563423491812404,0.20207654585153673,17.76550003766394
final,2026-09-15,2026-11-23,0.1890410958904109,26000.0,CE,24.9,-0.1034761463758019,23444.135812223805,0.978563043262307,0.0009786720582657,0.1379425353498748,0.0412183877368762,test,a45f7cad1a76fc2b289c079aa41d181788a9e23efe3b000b95ecc25e11b37231,True,0.0010853662390763,0.0009389802957923,0.0002937969508336,0.0008344075822082,0.000841757375163,0.0003665654735651,0.0003684436262247,0.0002258154762866,0.000630259602699,0.0006166650047586,-0.00014638594328399992,-3.358322616404037,21.54167738359596,-0.00025095865686809997,-5.757384310510086,19.14261568948991,-0.00024360886391329992,-5.588768558531052,19.311231441468948,-0.0008595507627896999,-19.71943959826574,5.180560401734258,-0.0007915692882426999,-18.15983818882741,6.740161811172587,-0.0007188007655111999,-16.490414402846874,8.409585597153125,-0.0007169226128515999,-16.447326641738847,8.452673358261151,-0.00045510663637729997,-10.440858428983525,14.459141571016474,-0.0004687012343177,-10.752739779746767,14.147260220253232,-5.757384310510086,0.16861575197903528,-5.588768558531052,-16.490414402846874,0.04308776110802612,-16.447326641738847
final,2026-09-16,2026-09-29,0.0356164383561643,19500.0,PE,2.05,0.1767852411485284,23270.808167265262,0.9959643865392844,0.1934803319894768,0.3591566602660762,0.0022958099872576,test,a787e7c68763f27a24749f60c805ece2f465886386a9b897a8a96b326d27c5b6,True,0.1621287256839682,0.1620402827926335,0.1620402755394775,0.1620402855663572,0.1620402856361326,0.1620402755842465,0.1620402756580113,0.1620402755315394,0.1620402755315394,0.1620402755315397,-8.844289133469463e-05,-2.049831710374865,0.00016828962513493195,-8.844011761099946e-05,-2.0497674240687482,0.00023257593125158849,-8.844004783559178e-05,-2.0497658068913687,0.00023419310863115328,-8.845015242878174e-05,-2.049999999998679,1.3207213100940862e-12,-8.845014449068711e-05,-2.049999816018284,1.8398171564015797e-07,-8.845009972169304e-05,-2.049998778411956,1.2215880436095006e-06,-8.845002595689322e-05,-2.049997068772849,2.9312271507819787e-06,-8.845015242878174e-05,-2.049999999998679,1.3207213100940862e-12,-8.845015242847643e-05,-2.049999999991603,8.396838779844984e-12,-2.0497674240687482,1.6171773796169114e-06,-2.0497658068913687,-2.049998778411956,1.7096391073001976e-06,-2.049997068772849
final,2026-09-16,2026-09-29,0.0356164383561643,22000.0,PE,18.7,0.0561572533599136,23270.808167265262,0.9959643865392844,0.0586174517737499,0.1866507022561834,0.0205389753985936,test,a787e7c68763f27a24749f60c805ece2f465886386a9b897a8a96b326d27c5b6,True,0.0554163796011407,0.0550434087899607,0.0546640487189041,0.0550366679155693,0.0550412999537955,0.0546884681215683,0.0546909137937794,0.0546206052459822,0.0546616356309118,0.0546883603574253,-0.0003729708111799984,-8.644305769106916,10.055694230893083,-0.00037971168557140306,-8.800538315042857,9.899461684957142,-0.00037507964734519866,-8.693182045969623,10.006817954030376,-0.0007957743551584989,-18.443579612679486,0.25642038732051375,-0.0007523308822365987,-17.4366947510446,1.2633052489553975,-0.0007279114795724004,-16.870728790704607,1.829271209295392,-0.0007254658073613043,-16.814045699776297,1.8859543002237018,-0.0007547439702288994,-17.492622640916768,1.2073773590832317,-0.0007280192437153984,-16.873226429058864,1.8267735709411355,-8.800538315042857,0.10735626907323438,-8.693182045969623,-16.870728790704607,0.05668309092831153,-16.814045699776297
final,2026-09-16,2026-09-29,0.0356164383561643,22300.0,PE,29.25,0.0426130282521565,23270.808167265262,0.9959643865392844,0.0448509725228643,0.1672032327175645,0.029609032497599,test,a787e7c68763f27a24749f60c805ece2f465886386a9b897a8a96b326d27c5b6,True,0.0429798862192852,0.0428041585725051,0.0419380547413498,0.0427802081751498,0.0427869052318482,0.0420039306479036,0.0420105616746018,0.0418154565092996,0.0419935051273556,0.042083548203281,-0.00017572764678010222,-4.072821425480716,25.177178574519285,-0.0001996780441354054,-4.627917298468304,24.622082701531696,-0.00019298098743700254,-4.472700310653939,24.777299689346062,-0.0011644297099855996,-26.98786649792345,2.2621335020765514,-0.0010418314779353996,-24.146420001772853,5.103579998227147,-0.0009759555713816023,-22.61962095477366,6.630379045226341,-0.0009693245446834031,-22.465934337418815,6.784065662581185,-0.0009863810919296043,-22.86125216214324,6.388747837856759,-0.0008963380160042014,-20.77433313963976,8.475666860360239,-4.627917298468304,0.15521698781436608,-4.472700310653939,-22.61962095477366,0.15368661735484182,-22.465934337418815
final,2026-09-16,2026-09-29,0.0356164383561643,22600.0,PE,52.7,0.0292498004399894,23270.808167265262,0.9959643865392844,0.0320230843298162,0.1521253774376992,0.0441512494925555,test,a787e7c68763f27a24749f60c805ece2f465886386a9b897a8a96b326d27c5b6,True,0.031099981601494,0.0313008549888369,0.0296024542364834,0.0312426655729523,0.0312430326284137,0.0297482775066554,0.0297542809909316,0.0293905506183447,0.0299079359962413,0.0301238438811305,0.00020087338734289806,4.655621643888527,57.35562164388853,0.0001426839714583003,3.3069715931223964,56.0069715931224,0.00014305102691970079,3.3154787994437918,56.0154787994438,-0.0017094309831492994,-39.61930442432447,13.080695575675534,-0.0014975273650106,-34.70803626643377,17.99196373356623,-0.0013517040948385975,-31.32830547294406,21.371694527055944,-0.0013457006105623975,-31.189163341152806,21.510836658847197,-0.0011920456052526979,-27.62791723546286,25.072082764537143,-0.0009761377203634999,-22.6238426028165,30.076157397183504,3.3069715931223964,0.008507206321395141,3.3154787994437918,-31.32830547294406,0.13914213179125315,-31.189163341152806
final,2026-09-16,2026-09-29,0.0356164383561643,22750.0,PE,72.15,0.0226345613212701,23270.808167265262,0.9959643865392844,0.0260769457839693,0.1452543056046453,0.0529341290426589,test,a787e7c68763f27a24749f60c805ece2f465886386a9b897a8a96b326d27c5b6,True,0.0254933353547995,0.0259831457879621,0.0237591775367504,0.0259012614575948,0.0258971345841967,0.0239580373613811,0.023959857046935,0.023553887915431,0.0243138981828552,0.0246093498258886,0.0004898104331625998,11.352285557576314,83.50228555757631,0.0004079261027952995,9.454460933836778,81.60446093383678,0.000403799229397199,9.35881281753859,81.5088128175386,-0.0019394474393685003,-44.950371949942664,27.199628050057342,-0.0017341578180491007,-40.192395709671594,31.957604290328412,-0.001535297993418401,-35.583442199716785,36.56655780028322,-0.0015334783078645026,-35.54126753655277,36.60873246344723,-0.001179437171944301,-27.33569288567433,44.81430711432567,-0.0008839855289109015,-20.48804082870635,51.66195917129366,9.454460933836778,-0.09564811629818802,9.35881281753859,-35.583442199716785,0.042174663164013464,-35.54126753655277
final,2026-09-16,2026-09-29,0.0356164383561643,22900.0,PE,100.35,0.0160627961580356,23270.808167265262,0.9959643865392844,0.0205923485596509,0.1394507001505274,0.0619894632419419,test,a787e7c68763f27a24749f60c805ece2f465886386a9b897a8a96b326d27c5b6,True,0.0202642202465211,0.021053971121613,0.018288638436288,0.0209456795901061,0.0209395216388278,0.0185422578040621,0.0185422076840373,0.0181666737094121,0.0191788973794435,0.0195519766104063,0.000789750875091897,18.303974040530036,118.65397404053003,0.0006814593435849996,15.794112457558263,116.14411245755826,0.0006753013923066972,15.651390260095956,116.00139026009595,-0.002097546537109002,-48.614618324518226,51.73538167548177,-0.0019755818102331,-45.7878545120222,54.562145487977794,-0.0017219624424590005,-39.90974475573662,60.440255244263376,-0.001722012562483801,-39.91090638234799,60.439093617652006,-0.0010853228670776004,-25.154415412671007,75.195584587329,-0.000712243636114801,-16.50759680951419,83.84240319048581,15.794112457558263,-0.1427221974623063,15.651390260095956,-39.90974475573662,-0.0011616266113709784,-39.91090638234799
final,2026-09-16,2026-09-29,0.0356164383561643,23050.0,PE,138.3,0.0095339372755719,23270.808167265262,0.9959643865392844,0.0156038418269664,0.1335072517941368,0.0697492097889474,test,a787e7c68763f27a24749f60c805ece2f465886386a9b897a8a96b326d27c5b6,True,0.0154557826924772,0.0165884795138784,0.0133446323702745,0.016453777861505,0.0164474127602824,0.0136446204139987,0.0136463902718223,0.0133973232577525,0.0146211141971466,0.0150564954581516,0.0011326968214012013,26.25239663369282,164.55239663369284,0.0009979951690277985,23.130430421281385,161.4304304212814,0.000991630067805201,22.982907131066334,161.28290713106634,-0.0020584594347246993,-47.7087006105574,90.59129938944261,-0.0021111503222026994,-48.92991183929783,89.37008816070218,-0.0018111622784785005,-41.97712009448566,96.32287990551436,-0.0018093924206548997,-41.93610028345367,96.36389971654634,-0.0008346684953305997,-19.345025061481333,118.95497493851867,-0.0003992872343256005,-9.254238776196846,129.04576122380317,23.130430421281385,-0.14752329021504892,22.982907131066334,-41.97712009448566,0.04101981103198891,-41.93610028345367
final,2026-09-16,2026-09-29,0.0356164383561643,23200.0,PE,189.55,0.0030474280459653,23270.808167265262,0.9959643865392844,0.0112554404030173,0.1280155029192148,0.0745739079543932,test,a787e7c68763f27a24749f60c805ece2f465886386a9b897a8a96b326d27c5b6,True,0.0112211924688255,0.0126531479012101,0.0090911399438224,0.0124957234731966,0.0124884308222673,0.009416935790146,0.0094174500577822,0.0093871821839296,0.010732190251389,0.0112024533814852,0.001431955432384599,33.188282391600715,222.73828239160073,0.0012745310043710996,29.539672767244067,219.08967276724408,0.0012672383534417988,29.370651753774425,218.92065175377445,-0.0018340102848959008,-42.50666596715506,147.04333403284494,-0.0021300525250031004,-49.36800623118706,140.18199376881296,-0.0018042566786795004,-41.81706972487957,147.73293027512045,-0.0018037424110433006,-41.80515059726634,147.74484940273368,-0.0004890022174364999,-11.333553625600983,178.21644637439903,-1.873908734030018e-05,-0.4343138818050279,189.115686118195,29.539672767244067,-0.16902101346964202,29.370651753774425,-41.81706972487957,0.011919127613235353,-41.80515059726634
final,2026-09-16,2026-09-29,0.0356164383561643,23350.0,CE,178.1,-0.0033972773966767,23270.808167265262,0.9959643865392844,0.0076583149926467,0.1231416060396675,0.0746110739456715,test,a787e7c68763f27a24749f60c805ece2f465886386a9b897a8a96b326d27c5b6,True,0.0076843766573541,0.0092967859052639,0.0056688228795737,0.0091243736753868,0.0091184230145569,0.0059896890485938,0.0059931317951543,0.0062126353938195,0.0075585875032378,0.0080294071032043,0.0016124092479098007,37.370641739418524,215.4706417394185,0.0014399970180327005,33.37466138729404,211.47466138729402,0.0014340463572028,33.23674353903357,211.33674353903356,-0.0014717412635346,-34.11039446962252,143.98960553037747,-0.0020155537777803998,-46.71428065399963,131.38571934600037,-0.0016946876087602994,-39.277598766759134,138.82240123324087,-0.0016912448621998,-39.19780658715038,138.9021934128496,-0.00012578915411629987,-2.915402165596927,175.18459783440306,0.00034503044585020015,7.996734822610601,186.09673482261059,33.37466138729404,-0.13791784826047176,33.23674353903357,-39.277598766759134,0.07979217960875595,-39.19780658715038
final,2026-09-16,2026-09-29,0.0356164383561643,23500.0,CE,114.6,-0.0098007144318837,23270.808167265262,0.9959643865392844,0.0048963555430187,0.1193153253838093,0.0688176011005091,test,a787e7c68763f27a24749f60c805ece2f465886386a9b897a8a96b326d27c5b6,True,0.0049445792528511,0.006542193937426,0.0031512056294713,0.0063659462186493,0.0063637347373209,0.0034333899758707,0.0034400894870307,0.0038635221908787,0.0050921017580904,0.0055296659463529,0.0015976146845749,37.02774968096846,151.62774968096846,0.0014213669657982004,32.942874600816175,147.54287460081616,0.0014191554844698003,32.891619327662546,147.49161932766253,-0.0010810570619723997,-25.055547290621167,89.54445270937883,-0.0017933736233797996,-41.56483428207086,73.03516571792913,-0.0015111892769803996,-35.024676981786094,79.57532301821391,-0.0015044897658203996,-34.86940310717011,79.73059689282988,0.00014752250523930067,3.4191137882308893,118.01911378823088,0.0005850866935018005,13.560493551932236,128.16049355193223,32.942874600816175,-0.05125527315362864,32.891619327662546,-35.024676981786094,0.15527387461598072,-34.86940310717011
final,2026-09-16,2026-09-29,0.0356164383561643,23650.0,CE,68.05,-0.0161634082197123,23270.808167265262,0.9959643865392844,0.0028890374740367,0.1156985896499373,0.0577069888253777,test,a787e7c68763f27a24749f60c805ece2f465886386a9b897a8a96b326d27c5b6,True,0.0029361135964792,0.0043804519303243,0.0015066464256185,0.0042132022866125,0.0042150879715628,0.0017238339119569,0.0017294792436549,0.0022477209748144,0.0032726737005583,0.0036507028206625,0.0014443383338450999,33.47527961316514,101.52527961316514,0.0012770886901333003,29.598951984617152,97.64895198461716,0.0012789743750836,29.642656308939536,97.69265630893953,-0.0006883926216647998,-15.954804323804911,52.09519567619509,-0.0014294671708607,-33.13061221259117,34.91938778740883,-0.0012122796845222999,-28.096880390004124,39.95311960999587,-0.0012066343528243,-27.966039123334625,40.08396087666537,0.0003365601040791,7.800418590767752,75.85041859076775,0.0007145892241832998,16.561960260660204,84.6119602606602,29.598951984617152,0.04370432432238496,29.642656308939536,-28.096880390004124,0.13084126666950166,-27.966039123334625
final,2026-09-16,2026-09-29,0.0356164383561643,23800.0,CE,38.4,-0.0224858739591994,23270.808167265262,0.9959643865392844,0.0016199830033657,0.113879991089899,0.0440446680288667,test,a787e7c68763f27a24749f60c805ece2f465886386a9b897a8a96b326d27c5b6,True,0.0016568223674474,0.0027696538694514,0.0005892442402083,0.0026233678695591,0.0026277692306877,0.0007315163627167,0.0007359596219729,0.0012189530780821,0.0020021283340818,0.0023061601451898,0.001112831502004,25.79198018842975,64.19198018842975,0.0009665455021116997,22.401524756253025,60.80152475625302,0.0009709468632403001,22.50353464618385,60.90353464618385,-0.00043786928936529997,-10.148451060285527,28.25154893971447,-0.0010675781272391,-24.74314741968261,13.656852580317388,-0.0009253060047307001,-21.44572120691414,16.95427879308586,-0.0009208627454745001,-21.342740248429777,17.05725975157022,0.0003453059666344001,8.003120539221596,46.4031205392216,0.0006493377777424,15.04963426086655,53.449634260866546,22.401524756253025,0.10200988993082698,22.50353464618385,-21.44572120691414,0.10298095848436445,-21.342740248429777
final,2026-09-16,2026-09-29,0.0356164383561643,23950.0,CE,22.3,-0.0287686171386946,23270.808167265262,0.9959643865392844,0.0009348792832358,0.1154092099587618,0.0319236241450702,test,a787e7c68763f27a24749f60c805ece2f465886386a9b897a8a96b326d27c5b6,True,0.0009621650727624,0.0016390883646998,0.0001752152655632,0.0015222230572632,0.0015258383234417,0.0002513076667704,0.0002546467945212,0.0006144452968256,0.0011638082297292,0.0013917524480199,0.0006769232919374,15.688980859452082,37.988980859452084,0.0005600579845008001,12.980405761882007,35.28040576188201,0.0005636732506792999,13.064196410766273,35.364196410766276,-0.00034771977593679997,-8.059065146823045,14.240934853176956,-0.0007869498071992,-18.23905398078623,4.06094601921377,-0.0007108574059920001,-16.475468297875636,5.824531702124364,-0.0007075182782412,-16.398077680661636,5.9019223193383645,0.00020164315696679996,4.673462514544669,26.97346251454467,0.00042958737525750003,9.956501996832536,32.25650199683254,12.980405761882007,0.08379064888426581,13.064196410766273,-16.475468297875636,0.0773906172139976,-16.398077680661636
final,2026-09-16,2026-09-29,0.0356164383561643,24100.0,CE,13.55,-0.0350121337783797,23270.808167265262,0.9959643865392844,0.000564518843745,0.1189976955456573,0.0227257071129831,test,a787e7c68763f27a24749f60c805ece2f465886386a9b897a8a96b326d27c5b6,True,0.0005846339343466,0.000898502529348,3.5441421323447256e-05,0.0008142116508398,0.0008173568341349,6.660542222863483e-05,6.832073139998411e-05,0.0002872738401674,0.0006418837671711,0.0008014169056257,0.00031386859500140006,7.274499840693126,20.82449984069313,0.00022957771649320007,5.32089890053838,18.870898900538382,0.00023272289978830006,5.393794487237819,18.94379448723782,-0.00029736009417919996,-6.891884031039914,6.658115968960087,-0.0005491925130231527,-12.728577857491482,0.8214221425085189,-0.0005180285121179651,-12.006293043940332,1.543706956059669,-0.0005163132029466159,-11.966537501358367,1.5834624986416337,5.7249832824500003e-05,1.3268734317292104,14.87687343172921,0.0002167829712791,5.024356419054163,18.574356419054162,5.32089890053838,0.07289558669943864,5.393794487237819,-12.006293043940332,0.039755542581965383,-11.966537501358367
final,2026-09-16,2026-09-29,0.0356164383561643,24250.0,CE,9.15,-0.0412169106652625,23270.808167265262,0.9959643865392844,0.0003788484736286,0.1251554109922882,0.0167656640839114,test,a787e7c68763f27a24749f60c805ece2f465886386a9b897a8a96b326d27c5b6,True,0.0003947897047433,0.0004505690986349,4.087944437411364e-06,0.00039648972964,0.0003999032635997,1.2991596224652506e-05,1.3601122345135009e-05,0.0001243798713006,0.0003355465292068,0.0004399162511432,5.5779393891599997e-05,1.2927932212414988,10.4427932212415,1.7000248966999774e-06,0.039401300535222936,9.189401300535224,5.113558856400017e-06,0.11851642272808759,9.268516422728087,-0.0002704098334427,-6.267260635910392,2.882739364089608,-0.00039070176030588864,-9.055254136180885,0.09474586381911543,-0.0003817981085186475,-8.848895123079929,0.30110487692007126,-0.000381188582398165,-8.83476819946615,0.3152318005338497,-5.92431755365e-05,-1.3730729288175574,7.776927071182443,4.512654639989998e-05,1.0458932808987758,10.195893280898776,0.039401300535222936,0.07911512219286465,0.11851642272808759,-8.848895123079929,0.014126923613776928,-8.83476819946615
final,2026-09-16,2026-09-29,0.0356164383561643,24400.0,CE,7.15,-0.0473834255809265,23270.808167265262,0.9959643865392844,0.0002942201456655,0.1341568334331743,0.0133793122845506,test,a787e7c68763f27a24749f60c805ece2f465886386a9b897a8a96b326d27c5b6,True,0.0003084968731054,0.0002035915861255,2.02515981486903e-07,0.0001733212015534,0.0001763956744378,1.798215192101347e-06,1.941809043334917e-06,4.9818368603007576e-05,0.0001661262820194,0.0002300378539058,-0.0001049052869799,-2.431378945127483,4.718621054872518,-0.000135175671552,-3.132952505701388,4.0170474942986125,-0.0001321011986676,-3.0616957668496294,4.088304233150371,-0.0002586785045023924,-5.995364843000607,1.1546351569993938,-0.0003082943571239131,-7.145306308120734,0.004693691879266382,-0.00030669865791329865,-7.108322953180884,0.04167704681911655,-0.0003065550640620651,-7.104994893398673,0.045005106601327505,-0.000142370591086,-3.2997084087685598,3.8502915912314406,-7.845901919959999e-05,-1.8184365424195534,5.331563457580447,-3.132952505701388,0.07125673885175868,-3.0616957668496294,-7.108322953180884,0.0033280597822106348,-7.104994893398673
final,2026-09-16,2026-09-29,0.0356164383561643,24550.0,CE,5.85,-0.0535121475222999,23270.808167265262,0.9959643865392844,0.0002392547453736,0.1435530718759166,0.0109930965996302,test,a787e7c68763f27a24749f60c805ece2f465886386a9b897a8a96b326d27c5b6,True,0.0002524065325408,8.136125479636311e-05,2.828497412360765e-09,6.695958711924917e-05,6.904668248654912e-05,1.734075727761878e-07,1.9597024742774065e-07,1.8447648185366053e-05,7.785642352576248e-05,0.0001145371102878,-0.00017104527774443686,-3.9642986444619197,1.88570135553808,-0.0001854469454215508,-4.298084601041658,1.551915398958342,-0.00018335985005425086,-4.24971220839477,1.60028779160523,-0.00023395888435543392,-5.422440773231084,0.4275592267689152,-0.0002524037040433876,-5.849934444208373,6.555579162625946e-05,-0.0002522331249680238,-5.845980950688086,0.004019049311913214,-0.00025221056229337224,-5.845458017920131,0.004541982079868667,-0.0001745501090150375,-4.045529754951094,1.8044702450489059,-0.00013786942225299997,-3.195385286034839,2.654614713965161,-4.298084601041658,0.04837239264688817,-4.24971220839477,-5.845980950688086,0.0005229327679553284,-5.845458017920131
final,2026-09-16,2026-09-29,0.0356164383561643,24700.0,CE,4.95,-0.0596035369157019,23270.808167265262,0.9959643865392844,0.000201216891897,0.1531405146596929,0.0092484135136509,test,a787e7c68763f27a24749f60c805ece2f465886386a9b897a8a96b326d27c5b6,True,0.0002135747583037,2.8092230568366877e-05,7.0876141959672586e-12,2.248057264255844e-05,2.355331156915774e-05,1.1699180591534165e-08,1.4258690437266776e-08,6.313658264615971e-06,3.4530160672294544e-05,5.4286733175140135e-05,-0.00018548252773533313,-4.298909288634055,0.6510907113659448,-0.00019109418566114157,-4.428970101781467,0.5210298982185328,-0.00019002144673454228,-4.404107343050805,0.5458926569491949,-0.00020726110003908404,-4.803668997879426,0.14633100212057393,-0.00021357475121608582,-4.949999835729217,1.642707827542722e-07,-0.00021356305912310848,-4.949728849304147,0.0002711506958528176,-0.00021356049961326274,-4.94966952781018,0.00033047218982051874,-0.00017904459763140547,-4.14969805099747,0.80030194900253,-0.00015928802512855987,-3.6918020212148424,1.2581979787851578,-4.428970101781467,0.0248627587306628,-4.404107343050805,-4.949728849304147,5.9321493967726576e-05,-4.94966952781018
final,2026-09-16,2026-09-29,0.0356164383561643,24900.0,CE,3.8,-0.0676680967524323,23270.808167265262,0.9959643865392844,0.0001532288140315,0.1641840824999793,0.0071735666986554,test,a787e7c68763f27a24749f60c805ece2f465886386a9b897a8a96b326d27c5b6,True,0.0001639563801119,5.142434564818022e-06,-6.472491671671348e-17,4.092636909251929e-06,4.383514083390144e-06,1.913575740897515e-10,3.2727570736349414e-10,1.337194720890146e-06,1.0717256091077527e-05,1.85779323895398e-05,-0.00015881394554708198,-3.6808143279735948,0.11918567202640507,-0.00015986374320264808,-3.7051453792472704,0.09485462075272943,-0.00015957286602850986,-3.6984037491809674,0.10159625081903245,-0.00016261918539100986,-3.7690079767785316,0.030992023221468212,-0.00016395638011196473,-3.7999999999993275,6.723510637129948e-13,-0.0001639561887543259,-3.799995564923199,4.4350768009238095e-06,-0.00016395605283619263,-3.799992414762735,7.585237264962075e-06,-0.00015323912402082248,-3.551607268234195,0.2483927317658048,-0.0001453784477223602,-3.3694211897555597,0.4305788102444401,-3.7051453792472704,0.0067416300663029815,-3.6984037491809674,-3.799995564923199,3.150160463944274e-06,-3.799992414762735
final,2026-09-16,2026-09-29,0.0356164383561643,25050.0,CE,3.45,-0.0736741208126442,23270.808167265262,0.9959643865392844,0.0001382826060445,0.1743000723310108,0.0063591195602363,test,a787e7c68763f27a24749f60c805ece2f465886386a9b897a8a96b326d27c5b6,True,0.0001488551345753,1.1069155402869337e-06,-9.404567042009467e-17,9.270748664545748e-07,1.0086817024297024e-06,6.184917895522313e-12,2.340211441125575e-11,3.8094967278228724e-07,4.17881360282148e-06,7.847533164495688e-06,-0.00014774821903501306,-3.4243451334406405,0.025654866559359668,-0.00014792805970884542,-3.4285132820670996,0.02148671793290058,-0.0001478464528728703,-3.426621888902078,0.023378111097922094,-0.00014847418490251772,-3.4411707689824436,0.008829231017556616,-0.00014885513457539405,-3.450000000000726,-7.256417688950023e-13,-0.0001488551283903821,-3.449999856651346,1.4334865428011767e-07,-0.00014885511117318558,-3.4499994576101694,5.423898308265507e-07,-0.00014467632097247852,-3.3531480709679413,0.09685192903205886,-0.0001410076014108043,-3.2681185385713416,0.18188146142865858,-3.4285132820670996,0.0018913931650214575,-3.426621888902078,-3.449999856651346,3.990411761658616e-07,-3.4499994576101694
final,2026-09-16,2026-09-29,0.0356164383561643,25250.0,CE,2.9,-0.0816264490031392,23270.808167265262,0.9959643865392844,0.0001153168594186,0.1861667648868021,0.0052759692448547,test,a787e7c68763f27a24749f60c805ece2f465886386a9b897a8a96b326d27c5b6,True,0.0001251246058749,9.053371258488359e-08,1.0357536187161121e-16,9.467099388581969e-08,1.0548051922307812e-07,-5.635800935380561e-10,2.904758217947241e-12,6.325909830343638e-08,1.0929622503375524e-06,2.3042910334935933e-06,-0.00012503407216231513,-2.8979017095415904,0.0020982904584094797,-0.00012502993488101418,-2.8978058202024086,0.002194179797591289,-0.00012501912535567693,-2.8975552889559055,0.002444711044094383,-0.00012506134677659657,-2.898533850445157,0.0014661495548429215,-0.00012512460587479644,-2.8999999999966124,3.3875124927362776e-12,-0.00012512516945499354,-2.9000130620363302,-1.3062036330335758e-05,-0.00012512460297014178,-2.8999999326757333,6.732426660605029e-08,-0.00012403164362456245,-2.8746685273936423,0.025331472606357597,-0.0001228203148414064,-2.846593685945882,0.05340631405411811,-2.8978058202024086,0.00025053124650302797,-2.8975552889559055,-2.9000130620363302,1.3129360597022249e-05,-2.8999999326757333
final,2026-09-16,2026-09-29,0.0356164383561643,25500.0,CE,2.4,-0.0914787454461509,23270.808167265262,0.9959643865392844,9.449900852967014e-05,0.2008245419920852,0.004280189987761,test,a787e7c68763f27a24749f60c805ece2f465886386a9b897a8a96b326d27c5b6,True,0.0001035513979654,1.459931300408522e-09,3.289320476125604e-09,3.28039974107588e-09,3.887905103139125e-09,4.153257378242573e-16,3.174118798912746e-12,5.5302518509349455e-09,1.7843195638074318e-07,4.4095530985885e-07,-0.0001035499380340996,-2.3999661633222034,3.383667779655042e-05,-0.00010354811756565893,-2.399923970514154,7.602948584573e-05,-0.00010354751006029686,-2.399909890425448,9.010957455179991e-05,-0.00010354586771354907,-2.3998718259253824,0.0001281740746175153,-0.00010354810864492387,-2.3999237637592037,7.62362407962236e-05,-0.00010355139796498467,-2.399999999988758,1.1242118347354335e-11,-0.0001035513947912812,-2.399999926432162,7.35678380436866e-08,-0.00010337296600901925,-2.3958645010700486,0.004135498929951353,-0.00010311044265554115,-2.389780024561508,0.010219975438491957,-2.399923970514154,1.4080088705687751e-05,-2.399909890425448,-2.399999999988758,7.355659590573313e-08,-2.399999926432162
final,2026-09-16,2026-10-06,0.0547945205479452,22800.0,PE,111.0,0.0215521825749193,23296.72327098159,0.9996444004946006,0.0266562612529712,0.1372073038111814,0.0737502868999888,test,a787e7c68763f27a24749f60c805ece2f465886386a9b897a8a96b326d27c5b6,True,0.026087907277706,0.0275164491418203,0.0245330389059086,0.0273199625084937,0.0273232243365429,0.0247475907599643,0.0247463894082315,0.0238071611315638,0.0249594357093771,0.0249886485189285,0.0014285418641142994,33.26851001524311,144.26851001524312,0.0012320552307877007,28.692643047045998,139.692643047046,0.0012353170588369003,28.768605930492946,139.76860593049295,-0.0022807461461422027,-53.11501742527021,57.88498257472979,-0.0015548683717973993,-36.21045717942481,74.78954282057519,-0.0013403165177417013,-31.213879420839874,79.78612057916013,-0.0013415178694744997,-31.2418570273479,79.7581429726521,-0.0011284715683289002,-26.280341245822456,84.71965875417754,-0.0010992587587775014,-25.600020513509396,85.39997948649061,28.692643047045998,0.07596288344694582,28.768605930492946,-31.213879420839874,-0.027977606508027518,-31.2418570273479
final,2026-09-16,2026-10-06,0.0547945205479452,23050.0,PE,172.45,0.0106469490926569,23296.72327098159,0.9996444004946006,0.0181880527518668,0.1287777566494316,0.0872627290945705,test,a787e7c68763f27a24749f60c805ece2f465886386a9b897a8a96b326d27c5b6,True,0.0179954327076,0.0200784898700969,0.016443933767488,0.0198272264533244,0.0198307747399423,0.0166974749081575,0.0167055735101729,0.0158664509050281,0.0173588587956178,0.0173953298335024,0.002083057162496897,48.511149595058086,220.9611495950581,0.0018317937457243971,42.65961684873369,215.10961684873368,0.0018353420323422992,42.74225090507464,215.19225090507462,-0.0021289818025719033,-49.58066277255887,122.86933722744112,-0.0015514989401120005,-36.13198837526353,136.31801162473647,-0.0012979577994425007,-30.22741099497856,142.22258900502143,-0.0012898591974271033,-30.038807196219214,142.41119280378078,-0.000636573911982203,-14.824812697633297,157.6251873023667,-0.0006001028740976015,-13.975459157768753,158.47454084223125,42.65961684873369,0.08263405634095106,42.74225090507464,-30.22741099497856,0.1886037987593472,-30.038807196219214
final,2026-09-16,2026-10-06,0.0547945205479452,23200.0,PE,224.05,0.0041604398630501,23296.72327098159,0.9996444004946006,0.0138298694565603,0.1242464169866242,0.0922328769623043,test,a787e7c68763f27a24749f60c805ece2f465886386a9b897a8a96b326d27c5b6,True,0.013772450642956,0.0161691382733798,0.012283795832545,0.0158915848122416,0.0158902806673661,0.0125476851240006,0.0125560704939677,0.0119103160307771,0.0135150894286242,0.013553910780362,0.0023966876304238015,55.815113605787815,279.8651136057878,0.002119134169285601,49.35132676579444,273.40132676579447,0.0021178300244101,49.320955267456284,273.3709552674563,-0.0018621346121788993,-43.366208265386774,180.68379173461324,-0.0014886548104109994,-34.66844669624298,189.38155330375702,-0.0012247655189553987,-28.522877037947246,195.52712296205277,-0.0012163801489882987,-28.32759486124678,195.72240513875323,-0.0002573612143317999,-5.993540932621598,218.05645906737843,-0.00021853986259399993,-5.0894522520318795,218.96054774796812,49.35132676579444,-0.030371498338157072,49.320955267456284,-28.522877037947246,0.19528217670046844,-28.32759486124678
final,2026-09-16,2026-10-06,0.0547945205479452,23350.0,CE,237.65,-0.0022842655795917,23296.72327098159,0.9996444004946006,0.0101813506759841,0.1209907781698516,0.0931791087402092,test,a787e7c68763f27a24749f60c805ece2f465886386a9b897a8a96b326d27c5b6,True,0.010204634167602,0.0127145279486365,0.0087393122289514,0.0124195689330386,0.0124148785745626,0.0090008758586298,0.0090083987583947,0.0086238561191106,0.0102479301662853,0.0102871681972794,0.0025098937810345,58.45150813505434,296.10150813505436,0.0022149347654365995,51.582373102327104,289.23237310232713,0.002210244406960599,51.47314197522209,289.1231419752221,-0.0015807780484913998,-36.81385310378611,200.8361468962139,-0.0014653219386506003,-34.12506053630954,203.52493946369046,-0.0012037583089722012,-28.033651910371706,209.6163480896283,-0.0011962354092073003,-27.85845531833662,209.7915446816634,4.329599868329974e-05,1.0082962228820354,238.65829622288203,8.253402967739985e-05,1.92208871290121,239.5720887129012,51.582373102327104,-0.10923112710501479,51.47314197522209,-28.033651910371706,0.1751965920350862,-27.85845531833662
final,2026-09-16,2026-10-06,0.0547945205479452,23500.0,CE,169.35,-0.0086877026147988,23296.72327098159,0.9996444004946006,0.0072089464765249,0.1182747329090431,0.0892774518971269,test,a787e7c68763f27a24749f60c805ece2f465886386a9b897a8a96b326d27c5b6,True,0.0072718485010873,0.009733283815334,0.0058596337883008,0.0094325595269316,0.0094270747454155,0.0061057070762887,0.0061139432184045,0.0060074959304837,0.0075561783777277,0.0075938737613531,0.0024614353142467004,57.32298608879791,226.6729860887979,0.0021607110258443007,50.31958685223091,219.6695868522309,0.0021552262443282006,50.191854852641995,219.541854852642,-0.0012643525706035998,-29.444797674167923,139.90520232583208,-0.0014122147127865001,-32.88827614802911,136.46172385197087,-0.0011661414247985998,-27.15761339913941,142.19238660086057,-0.0011579052826827998,-26.965806506146222,142.3841934938538,0.00028432987664039986,6.621598978836182,175.97159897883617,0.00032202526026579945,7.499465619760678,176.84946561976068,50.31958685223091,-0.12773199958891662,50.191854852641995,-27.15761339913941,0.1918068929931869,-26.965806506146222
final,2026-09-16,2026-10-06,0.0547945205479452,23650.0,CE,116.1,-0.0150503964026274,23296.72327098159,0.9996444004946006,0.0049108372003704,0.1162248635471856,0.0807334559178624,test,a787e7c68763f27a24749f60c805ece2f465886386a9b897a8a96b326d27c5b6,True,0.0049853062354664,0.0072290410422671,0.003654082638906,0.0069358844150643,0.0069307914541509,0.0038728978727716,0.0038809507084663,0.0040172021481496,0.0054103806409763,0.0054448341861486,0.0022437348068007,52.25308110790245,168.35308110790245,0.0019505781795978996,45.42592088731062,161.5259208873106,0.0019454852186845005,45.307313777914,161.407313777914,-0.0009681040873167996,-22.545632951866917,93.55436704813307,-0.0013312235965604,-31.00211948087095,85.09788051912905,-0.0011124083626948,-25.906254261786952,90.19374573821304,-0.0011043555270000998,-25.71871628919394,90.38128371080606,0.0004250744055099001,9.899319349452496,125.99931934945249,0.0004595279506822,10.701688633418808,126.8016886334188,45.42592088731062,-0.11860710939662342,45.307313777914,-25.906254261786952,0.18753797259301458,-25.71871628919394
final,2026-09-16,2026-10-06,0.0547945205479452,23800.0,CE,76.65,-0.0213728621421145,23296.72327098159,0.9996444004946006,0.0032217338822691,0.114794314455326,0.0687871569622528,test,a787e7c68763f27a24749f60c805ece2f465886386a9b897a8a96b326d27c5b6,True,0.0032913326696683,0.0051889243177429,0.002083984036345,0.0049167942870161,0.0049136803110749,0.00226675058864,0.0022712515366391,0.0025737507422742,0.0037575693383028,0.0037875578635274,0.0018975916480745997,44.19194728181966,120.84194728181967,0.0016254616173477995,37.854463669957795,114.5044636699578,0.0016223476414066003,37.78194403130426,114.43194403130427,-0.0007175819273941,-16.71136292044849,59.93863707955151,-0.0012073486333233,-28.117264959896552,48.532735040103454,-0.0010245820810283,-23.860917261435844,52.78908273856416,-0.0010200811330292,-23.756097208661973,52.893902791338036,0.00046623666863449984,10.857924202002517,87.50792420200253,0.0004962251938591001,11.556310141427222,88.20631014142722,37.854463669957795,-0.07251963865353371,37.78194403130426,-23.860917261435844,0.10482005277387131,-23.756097208661973
final,2026-09-16,2026-10-06,0.0547945205479452,23950.0,CE,50.35,-0.0276556053216097,23296.72327098159,0.9996444004946006,0.0021030442924496,0.1150729836469356,0.0558919592478245,test,a787e7c68763f27a24749f60c805ece2f465886386a9b897a8a96b326d27c5b6,True,0.0021620169591363,0.0035835968766664,0.0010634886949613,0.0033442428232322,0.003340804765975,0.0012053715553122,0.0012086213454975,0.0015774021906334,0.0025288048187595,0.0025536849665654,0.0014215799175301001,33.10637714712054,83.45637714712055,0.0011822258640959002,27.53219488204441,77.88219488204442,0.0011787878068387002,27.45212789544262,77.80212789544262,-0.0005846147685029,-13.614765355901115,36.73523464409889,-0.0010985282641750001,-25.583008434542805,24.766991565457197,-0.0009566454038240999,-22.278778100696886,28.071221899303115,-0.0009533956136388,-22.203095560308668,28.146904439691333,0.0003667878596231998,8.541916682931506,58.89191668293151,0.00039166800742909983,9.121336486616789,59.47133648661679,27.53219488204441,-0.08006698660179094,27.45212789544262,-22.278778100696886,0.07568254038821595,-22.203095560308668
final,2026-09-16,2026-10-06,0.0547945205479452,24200.0,CE,23.7,-0.0380399146273261,23296.72327098159,0.9996444004946006,0.0009796872192658,0.1161400346312298,0.0357567796177936,test,a787e7c68763f27a24749f60c805ece2f465886386a9b897a8a96b326d27c5b6,True,0.0010176723323045,0.0017496463783228,0.0002490980985926,0.0015811030502858,0.0015777959540539,0.0003240763270265,0.0003258120781376,0.0006299945044355,0.0012161102409459,0.0012325338780869,0.0007319740460183001,17.046532896644205,40.746532896644204,0.0005634307179813,13.12142188823997,36.82142188823997,0.0005601236217494001,13.044404779483028,36.74440477948303,-0.0003876778278689999,-9.028411433461201,14.671588566538798,-0.0007685742337118999,-17.8988941339533,5.801105866046701,-0.0006935960052779999,-16.152768237163475,7.547231762836525,-0.0006918602541669,-16.11234530334949,7.58765469665051,0.00019843790864140006,4.621309124275061,28.32130912427506,0.00021486154578239996,5.003789995461036,28.703789995461037,13.12142188823997,-0.07701710875694293,13.044404779483028,-16.152768237163475,0.040422933813985824,-16.11234530334949
final,2026-09-16,2026-10-13,0.073972602739726,23000.0,PE,189.85,0.0141230643219937,23327.13511701709,1.0016824442199297,0.0224637496292281,0.1302852549588592,0.0994983767347902,test,a787e7c68763f27a24749f60c805ece2f465886386a9b897a8a96b326d27c5b6,True,0.0221487224590789,0.0247034549556384,0.0209958071121667,0.0243415622074225,0.024354159725027,0.0211682525912862,0.0211787188045653,0.0196159263784645,0.0212752129891584,0.0213346803638034,0.0025547324965595024,59.69485470878975,249.54485470878973,0.002192839748343601,51.238730612037486,241.08873061203747,0.0022054372659481014,51.53308901711701,241.38308901711702,-0.0025327960806143975,-59.1822800402332,130.6677199597668,-0.0011529153469121978,-26.939460087560136,162.91053991243984,-0.0009804698677927,-22.91003319645146,166.93996680354854,-0.0009700036545136001,-22.665475661802148,167.18452433819783,-0.0008735094699204998,-20.410755710775724,169.43924428922426,-0.0008140420952755002,-19.021218334895032,170.82878166510497,51.238730612037486,0.294358405079522,51.53308901711701,-22.91003319645146,0.24455753464931188,-22.665475661802148
final,2026-09-16,2026-10-13,0.073972602739726,23250.0,PE,275.95,0.003312148217778,23327.13511701709,1.0016824442199297,0.0151665215626588,0.1236911745047709,0.1077854109507386,test,a787e7c68763f27a24749f60c805ece2f465886386a9b897a8a96b326d27c5b6,True,0.0151163708943658,0.0181900130261322,0.0141348905600966,0.0177813758138859,0.0177848178971443,0.0143117314247124,0.0143245278101235,0.0130307400772956,0.0148754107157623,0.0149405660313803,0.003073642131766398,71.81989532356366,347.7698953235637,0.002665004919520101,62.271522236949416,338.2215222369494,0.0026684470027785005,62.35195126827948,338.3019512682795,-0.002085630817070201,-48.733645800038985,227.21635419996102,-0.0009814803342692007,-22.93364414185731,253.01635585814267,-0.0008046394696534006,-18.801512995432574,257.1484870045674,-0.000791843084242301,-18.502507769272107,257.4474922307279,-0.00024096017860350018,-5.630367512728333,270.31963248727163,-0.00017580486298550066,-4.107923536867931,271.84207646313206,62.271522236949416,0.08042903133006378,62.35195126827948,-18.801512995432574,0.29900522616046543,-18.502507769272107
final,2026-09-16,2026-10-13,0.073972602739726,23400.0,CE,269.9,-0.0031187421125122,23327.13511701709,1.0016824442199297,0.0115148150002473,0.1201190114071864,0.108164792964013,test,a787e7c68763f27a24749f60c805ece2f465886386a9b897a8a96b326d27c5b6,True,0.0115507827966935,0.0147932643509976,0.0106823895778258,0.0143695175958463,0.0143681231942086,0.0108563656141661,0.0108673624261199,0.009843502993184,0.011695342843675,0.0117607450780957,0.0032424815543040993,75.76506172007578,345.66506172007576,0.0028187347991527993,65.8636332863185,335.7636332863185,0.0028173403975151005,65.83105116538012,335.7310511653801,-0.0017072798035094993,-39.89295159278017,230.0070484072198,-0.0008683932188677003,-20.29120743569727,249.60879256430272,-0.0006944171825274004,-16.22601696032202,253.67398303967795,-0.0006834203705736001,-15.96906125449918,253.93093874550078,0.00014456004698150046,3.377845239326606,273.2778452393266,0.00020996228140219945,4.9060588141848935,274.8060588141849,65.8636332863185,-0.03258212093838769,65.83105116538012,-16.22601696032202,0.2569557058228392,-15.96906125449918
final,2026-09-16,2026-10-13,0.073972602739726,23550.0,CE,202.7,-0.0095085402112833,23327.13511701709,1.0016824442199297,0.0085927618411589,0.1182613999184466,0.10434633844542,test,a787e7c68763f27a24749f60c805ece2f465886386a9b897a8a96b326d27c5b6,True,0.0086748561426075,0.0117970399105484,0.0077667735546595,0.0113705416012517,0.0113662043291706,0.007934326926102,0.0079439396571446,0.0072290074264415,0.0090085231727434,0.0090717648389943,0.003122183767940899,72.95413772376256,275.6541377237626,0.0026956854586442005,62.98841542551884,265.6884154255188,0.0026913481865630997,62.88706907044546,265.58706907044547,-0.0014458487161660002,-33.78425301226419,168.91574698773582,-0.0009080825879480003,-21.21860438387981,181.48139561612018,-0.0007405292165055012,-17.303488348170468,185.3965116518295,-0.0007309164854629006,-17.078873605251005,185.62112639474898,0.0003336670301359,7.796591193755149,210.49659119375514,0.0003969086963868003,9.274320108024407,211.9743201080244,62.98841542551884,-0.10134635507337228,62.88706907044546,-17.303488348170468,0.22461474291946448,-17.078873605251005
final,2026-09-16,2026-10-13,0.073972602739726,23700.0,CE,147.65,-0.015857767889942,23327.13511701709,1.0016824442199297,0.0062194938544209,0.1165703367661908,0.0964962545999271,test,a787e7c68763f27a24749f60c805ece2f465886386a9b897a8a96b326d27c5b6,True,0.0063189072987469,0.0092049070649425,0.0053959548200588,0.0087892403860195,0.0087829270619217,0.005554090037206,0.0055630157536859,0.0051543754738946,0.0067926771028999,0.0068516280534287,0.0028859997661955994,67.43537218266833,215.08537218266832,0.0024703330872725996,57.722745894393576,205.37274589439357,0.0024640197631748,57.575226353598126,205.22522635359815,-0.0011645318248523,-27.21089514535822,120.43910485464178,-0.0009229524786880999,-21.566059927057516,126.08394007294248,-0.0007648172615409001,-17.871012079716238,129.77898792028378,-0.0007558915450609997,-17.662450381316475,129.98754961868354,0.000473769804153,11.070286091562386,158.7202860915624,0.0005327207546818001,12.447756504414205,160.0977565044142,57.722745894393576,-0.14751954079544544,57.575226353598126,-17.871012079716238,0.2085616983997604,-17.662450381316475
final,2026-09-16,2026-10-27,0.1123287671232876,22000.0,PE,69.9,0.0607932101099638,23378.941083562186,0.9863047280024988,0.0659005307089417,0.1554266403401278,0.0656233910209307,test,a787e7c68763f27a24749f60c805ece2f465886386a9b897a8a96b326d27c5b6,True,0.0620135732587172,0.0631207559833028,0.0611884696364687,0.0628243506396449,0.0628243756555645,0.0612112368351996,0.0612147382751713,0.0595725936850792,0.0601566394916656,0.0602061198229439,0.001107182724585598,25.530260862323537,95.43026086232354,0.0008107773809276908,18.695521142729955,88.59552114272996,0.0008108023968472905,18.696097978819346,88.59609797881936,-0.002440979573638001,-56.285962461983374,13.614037538016632,-0.0008251036222485034,-19.025866504859625,50.874133495140384,-0.0008023364235176036,-18.50088313057352,51.399116869426486,-0.0007988349835459027,-18.420144266169046,51.47985573383096,-0.001856933767051601,-42.81859030507237,27.081409694927636,-0.0018074534357733,-41.67763521515076,28.222364784849248,18.695521142729955,0.0005768360893908211,18.696097978819346,-18.50088313057352,0.08073886440447307,-18.420144266169046
final,2026-09-16,2026-10-27,0.1123287671232876,22500.0,PE,125.3,0.0383203542579051,23378.941083562186,0.9863047280024988,0.0447102635020974,0.1406634400283535,0.0942419248229254,test,a787e7c68763f27a24749f60c805ece2f465886386a9b897a8a96b326d27c5b6,True,0.0430293624164398,0.0454952659750531,0.0425828747128987,0.04503995649371,0.0450420897733067,0.0425906649510805,0.0425929777410319,0.0400334622001268,0.0413103423957835,0.0414077191126228,0.0024659035586133,56.86067865292302,182.16067865292302,0.0020105940772702016,46.36180653935271,171.6618065393527,0.002012727356866896,46.410997321855454,171.71099732185544,-0.002995900216312998,-69.08174445061898,56.21825554938101,-0.00044648770354110273,-10.295452855345612,115.00454714465438,-0.0004386974653593015,-10.115819621783862,115.18418037821614,-0.0004363846754079012,-10.062489553071753,115.23751044692824,-0.0017190200206562978,-39.638470308808635,85.66152969119136,-0.0016216433038169983,-37.393083953313955,87.90691604668604,46.36180653935271,0.04919078250273932,46.410997321855454,-10.115819621783862,0.0533300687121086,-10.062489553071753
final,2026-09-16,2026-10-27,0.1123287671232876,22650.0,PE,151.15,0.0316758115392366,23378.941083562186,0.9863047280024988,0.0389487800149799,0.1368743516243938,0.1036647219283803,test,a787e7c68763f27a24749f60c805ece2f465886386a9b897a8a96b326d27c5b6,True,0.0377343808766242,0.0406387142459052,0.0374353707011745,0.0401352836368862,0.040142781055484,0.0374362517457742,0.037441626229889,0.0346776478979232,0.0361833212885793,0.0362955939718511,0.0029043333692809967,66.97032648937646,218.12032648937645,0.0024009027602619956,55.3618408357152,206.5118408357152,0.0024084001788598,55.53472201272925,206.68472201272925,-0.0030567329787010017,-70.48447252635081,80.66552747364919,-0.00029901017544969877,-6.894803911050146,144.25519608894987,-0.00029812913084999865,-6.874488114964993,144.275511885035,-0.00029275464673519935,-6.7505591749586396,144.39944082504135,-0.001551059588044905,-35.765510982494604,115.3844890175054,-0.0014387869047731011,-33.17664211018176,117.97335788981825,55.3618408357152,0.1728811770140511,55.53472201272925,-6.874488114964993,0.12392894000635385,-6.7505591749586396
final,2026-09-16,2026-10-27,0.1123287671232876,22800.0,PE,181.7,0.0250751275078845,23378.941083562186,0.9863047280024988,0.0334721082208115,0.1329393127531062,0.1126745603078729,test,a787e7c68763f27a24749f60c805ece2f465886386a9b897a8a96b326d27c5b6,True,0.0326432264278678,0.0360179902864141,0.0325437348289113,0.0354691256023473,0.03548271392199,0.032537376749314,0.032546218584632,0.0296477134130601,0.031368436834972,0.0314944267471593,0.0033747638585462994,77.81787029749442,259.5178702974944,0.0028258991744795,65.1617312057407,246.86173120574068,0.002839487494122196,65.4750610089026,247.1750610089026,-0.002995513014807702,-69.07281606398779,112.6271839360122,-9.949159895650261e-05,-2.294152914930902,179.4058470850691,-0.00010584967855380156,-2.440762347229635,179.25923765277037,-9.700784323580375e-05,-2.2368805875547104,179.46311941244528,-0.0012747895928958003,-29.395067434227155,152.30493256577284,-0.0011487996807085024,-26.489896270752887,155.2101037292471,65.1617312057407,0.3133298031619051,65.4750610089026,-2.440762347229635,0.20388175967492503,-2.2368805875547104
final,2026-09-16,2026-10-27,0.1123287671232876,22950.0,PE,220.6,0.0185177269617255,23378.941083562186,0.9863047280024988,0.0284359133301637,0.1298951700671948,0.1209885452931192,test,a787e7c68763f27a24749f60c805ece2f465886386a9b897a8a96b326d27c5b6,True,0.0279141903217381,0.0316528460701822,0.0279401619269152,0.0310632007862009,0.0310803827021916,0.027927011490511,0.0279397246064993,0.0249925874194868,0.0268994542503527,0.0270371334722615,0.003738655748444099,86.2087660985935,306.8087660985935,0.0031490104644627988,72.61227693560024,293.21227693560024,0.0031661923804535003,73.00847061494194,293.60847061494195,-0.0029216029022513003,-67.36854050763381,153.23145949236618,2.597160517709904e-05,0.5988730138765352,221.19887301387652,1.282116877290157e-05,0.29564025527454607,220.89564025527454,2.5534284761201398e-05,0.58878894730797,221.18878894730796,-0.0010147360713853998,-23.39855566169082,197.20144433830916,-0.0008770568494766012,-20.223843509305166,200.37615649069483,72.61227693560024,0.3961936793417008,73.00847061494194,0.29564025527454607,0.2931486920334239,0.58878894730797
final,2026-09-16,2026-10-27,0.1123287671232876,23100.0,PE,266.75,0.0120030459405317,23378.941083562186,0.9863047280024988,0.0237833343652398,0.1269144961102357,0.1276908461854256,test,a787e7c68763f27a24749f60c805ece2f465886386a9b897a8a96b326d27c5b6,True,0.0234995683454337,0.0275614844931854,0.0236556897281267,0.0269377686971317,0.0269536882615099,0.023637133969353,0.0236539058182205,0.0207535594654937,0.0228037343401695,0.0229503211375234,0.0040619161477516985,93.6627501045947,360.4127501045947,0.0034382003516979995,79.28063717634006,346.03063717634006,0.0034541199160761996,79.64772259265392,346.3977225926539,-0.0027460088799400005,-63.3195600675262,203.4304399324738,0.00015612138269299747,3.5999655141211684,270.34996551412115,0.00013756562391929739,3.1720927235949046,269.9220927235949,0.0001543374727868002,3.5588307635070406,270.30883076350705,-0.0006958340052642016,-16.04506941518581,250.70493058481418,-0.0005492472079102993,-12.664959617303618,254.08504038269638,79.28063717634006,0.36708541631384495,79.64772259265392,3.1720927235949046,0.3867380399121362,3.5588307635070406
final,2026-09-16,2026-10-27,0.1123287671232876,23250.0,PE,320.85,0.0055305314349142,23378.941083562186,0.9863047280024988,0.0195374720847155,0.1239479216268812,0.1321332748325226,test,a787e7c68763f27a24749f60c805ece2f465886386a9b897a8a96b326d27c5b6,True,0.019429717725283,0.0237598662815177,0.0197186492486662,0.0231108104034285,0.0231224636773968,0.0196970841942555,0.019715383158304,0.0169607115944598,0.019100434594086,0.0192525708623398,0.0043301485562347,99.84785686993325,420.6978568699333,0.003681092678145502,84.88143306843853,405.73143306843855,0.0036927459521138017,85.15014311756087,406.0001431175609,-0.0024690061308231988,-56.932220121285944,263.9177798787141,0.0002889315233832006,6.662402690651226,327.51240269065124,0.00026736646897250124,6.165139273881946,327.01513927388197,0.0002856654330210019,6.58709069643811,327.43709069643813,-0.00032928313119700084,-7.592860735944587,313.2571392640554,-0.0001771468629431991,-4.084787019753122,316.76521298024693,84.88143306843853,0.2687100491223541,85.15014311756087,6.165139273881946,0.4219514225561637,6.58709069643811
final,2026-09-16,2026-10-27,0.1123287671232876,23400.0,CE,363.7,-0.000900358895376,23378.941083562186,0.9863047280024988,0.015758552708363,0.1212570109497326,0.1337072113431968,test,a787e7c68763f27a24749f60c805ece2f465886386a9b897a8a96b326d27c5b6,True,0.0157727474506945,0.020261013716843,0.016152957270592,0.0195971808219556,0.0196037584654179,0.0161317136792851,0.0161469638178658,0.013630287439713,0.0157992769839618,0.0159532677392448,0.0044882662661485,103.49385521457273,467.19385521457275,0.0038244333712611003,88.18669172734434,451.8866917273443,0.003831011014723402,88.33836403013859,452.0383640301386,-0.0021424600109814992,-49.40247147364651,314.29752852635346,0.0003802098198975,8.767167034721712,372.4671670347217,0.00035896622859060007,8.277316158552434,371.9773161585524,0.00037421636717130044,8.628965445979304,372.3289654459793,2.6529533267299205e-05,0.6117381438762465,364.31173814387625,0.0001805202885503017,4.162574031631588,367.8625740316316,88.18669172734434,0.15167230279425356,88.33836403013859,8.277316158552434,0.351649287426869,8.628965445979304
final,2026-09-16,2026-10-27,0.1123287671232876,23550.0,CE,288.95,-0.007290156994147,23378.941083562186,0.9863047280024988,0.0124400083640137,0.1186597630420863,0.1319337716483544,test,a787e7c68763f27a24749f60c805ece2f465886386a9b897a8a96b326d27c5b6,True,0.0125310293535281,0.017074349703936,0.0129763637145581,0.0164077812804021,0.0164099829819021,0.0129594524495289,0.0129712997923991,0.0107633805850894,0.0129000126687475,0.0130520982781655,0.004543320350407899,104.76333413748934,393.7133341374893,0.0038767519268740006,89.39309275138241,378.3430927513824,0.0038789536283740014,89.44386125814088,378.3938612581409,-0.0017676487684387,-40.759788939170704,248.19021106082928,0.00044533436102999965,10.268858207038495,299.21885820703847,0.0004284230960008,9.878905403296047,298.82890540329606,0.00044027043887099986,10.15209044067531,299.1020904406753,0.00036898331521940074,8.50829775629141,297.4582977562914,0.0005210689246373992,12.015203342539804,300.9652033425398,89.39309275138241,0.05076850675847239,89.44386125814088,9.878905403296047,0.2731850373792629,10.15209044067531
final,2026-09-16,2026-10-27,0.1123287671232876,23700.0,CE,226.2,-0.0136393846728057,23378.941083562186,0.9863047280024988,0.0096768306249508,0.1168644575894395,0.1266781709070941,test,a787e7c68763f27a24749f60c805ece2f465886386a9b897a8a96b326d27c5b6,True,0.0098097208505557,0.0142051153312292,0.0101988047666608,0.0135488101862085,0.0135459022836191,0.0101904698744668,0.010198518262002,0.0083461104857507,0.0103926268058204,0.0105392544901272,0.0043953944806735,101.35234699079336,327.55234699079335,0.0037390893356528,86.21876408203282,312.4187640820328,0.003736181433063401,86.1517114537529,312.3517114537529,-0.0014636103648049993,-33.74904032056481,192.4509596794352,0.0003890839161050999,8.971792690511437,235.17179269051144,0.0003807490239111002,8.779600410730517,234.9796004107305,0.0003887974114463004,8.965186248309081,235.16518624830906,0.0005829059552647006,13.441088598704168,239.64108859870416,0.0007295336395715009,16.822141199025538,243.02214119902553,86.21876408203282,-0.06705262827991502,86.1517114537529,8.779600410730517,0.1855858375785634,8.965186248309081
final,2026-09-16,2026-10-27,0.1123287671232876,23850.0,CE,173.2,-0.0199485538660704,23378.941083562186,0.9863047280024988,0.0073628913064676,0.1151762448161823,0.1181450357882931,test,a787e7c68763f27a24749f60c805ece2f465886386a9b897a8a96b326d27c5b6,True,0.0075112451428658,0.0116539110108677,0.0078210423576384,0.011021155739229,0.0110148114281225,0.0078251505587682,0.0078316461953482,0.0063512127477273,0.0082582361439557,0.0083962988378233,0.004142665868001901,95.52473853411877,268.7247385341187,0.0035099105963632008,80.93418650668107,254.13418650668106,0.0035035662852567007,80.78789455870897,253.98789455870894,-0.0011600323951384993,-26.74890873836264,146.45109126163734,0.0003097972147726004,7.1435396632710795,180.34353966327106,0.00031390541590239993,7.23826968767417,180.43826968767416,0.0003204010524824009,7.388051013440742,180.58805101344072,0.0007469910010899005,17.224686310718322,190.4246863107183,0.0008850536949575006,20.408240851017187,193.60824085101717,80.93418650668107,-0.14629194797209932,80.78789455870897,7.23826968767417,0.14978132576657183,7.388051013440742
final,2026-09-16,2026-10-27,0.1123287671232876,24000.0,CE,131.8,-0.0262181668796659,23378.941083562186,0.9863047280024988,0.0055679208572675,0.1145123240008388,0.1072587814003196,test,a787e7c68763f27a24749f60c805ece2f465886386a9b897a8a96b326d27c5b6,True,0.0057158320428967,0.0094164047018211,0.0058337836956017,0.0088199956661828,0.0088126785453173,0.0058531304550773,0.0058591143042506,0.0047407551668009,0.0064705532181942,0.006597570503547,0.0037005726589243995,85.33061727248618,217.13061727248618,0.0031041636232861007,71.57816438247959,203.3781643824796,0.0030968465024205994,71.40944064762604,203.20944064762605,-0.0009750768760958001,-22.484063790701523,109.31593620929848,0.00011795165270500011,2.7198188662381275,134.51981886623813,0.00013729841218060052,3.1659311522093327,134.96593115220935,0.0001432822613539001,3.30391129492906,135.10391129492908,0.0007547211752975003,17.402934543506724,149.20293454350673,0.0008817384606503,20.331795658364605,152.1317956583646,71.57816438247959,-0.16872373485354022,71.40944064762604,3.1659311522093327,0.1379801427197275,3.30391129492906
final,2026-09-16,2026-10-27,0.1123287671232876,24150.0,CE,98.0,-0.0324487166303019,23378.941083562186,0.9863047280024988,0.0041143177146794,0.1137296157566519,0.0945707254032546,test,a787e7c68763f27a24749f60c805ece2f465886386a9b897a8a96b326d27c5b6,True,0.0042500116859171,0.0074832449738155,0.0042174625773986,0.0069346632555665,0.0069260488918723,0.004253126138492,0.0042582423024649,0.0034695456621714,0.0049977357118537,0.0051119616215738,0.0032332332878984,74.55435081837068,172.55435081837066,0.0026846515696494003,61.90473656753358,159.90473656753358,0.0026760372059552,61.70610002146737,159.70610002146736,-0.0007804660237456999,-17.996578828364516,80.00342117163548,-3.2549108518499514e-05,-0.7505420856565441,97.24945791434345,3.1144525749005406e-06,0.07181541484970919,98.07181541484971,8.230616547800357e-06,0.18978781266818298,98.18978781266819,0.0007477240259366,17.241588954825065,115.24158895482506,0.0008619499356567004,19.87549680728174,117.87549680728173,61.90473656753358,-0.1986365460662132,61.70610002146737,0.07181541484970919,0.1179723978184738,0.18978781266818298
final,2026-09-16,2026-10-27,0.1123287671232876,24300.0,CE,72.7,-0.038640686878223,23378.941083562186,0.9863047280024988,0.0030333115743895,0.1137211137850226,0.0815228669839462,test,a787e7c68763f27a24749f60c805ece2f465886386a9b897a8a96b326d27c5b6,True,0.0031528147914915,0.0058402064372385,0.0029428200540229,0.005348825261377,0.0053388801476683,0.0029937280419685,0.0029990327692345,0.0024887461198788,0.0038044144106586,0.0039048682773593,0.0026873916457470005,61.96791932499625,134.66791932499626,0.0021960104698855,50.637278660172996,123.337278660173,0.0021860653561768003,50.40795666873423,123.10795666873423,-0.0006640686716126998,-15.312600206180477,57.387399793819526,-0.00020999473746859988,-4.842218279096729,67.85778172090328,-0.00015908674952299978,-3.6683431965410023,69.031656803459,-0.00015378202225699994,-3.5460227629782892,69.1539772370217,0.0006515996191671001,15.025079316833777,87.72507931683379,0.0007520534858678003,17.341420932855513,90.04142093285552,50.637278660172996,-0.22932199143876583,50.40795666873423,-3.6683431965410023,0.12232043356271301,-3.5460227629782892
final,2026-09-16,2026-10-27,0.1123287671232876,24450.0,CE,52.65,-0.0447945524526013,23378.941083562186,0.9863047280024988,0.0021832747750179,0.1134814837493556,0.0683278850001085,test,a787e7c68763f27a24749f60c805ece2f465886386a9b897a8a96b326d27c5b6,True,0.0022832970945258,0.0044685804778884,0.0019723426533052,0.0040409950592152,0.0040321981747967,0.0020352098678011,0.0020404857722162,0.001749245610671,0.002853698541913,0.0029401255905113,0.0021852833833625996,50.3899253451862,103.03992534518619,0.0017576979646893999,40.53033574245062,93.18033574245061,0.0017489010802709004,40.32749049478469,92.97749049478469,-0.0005340514838548,-12.314565061360753,40.335434938639246,-0.0003109544412206,-7.170223870347439,45.479776129652564,-0.0002480872267246999,-5.72058385147096,46.929416148529036,-0.0002428113223095999,-5.598928037113306,47.051071962886695,0.0005704014473872001,13.15275015105809,65.80275015105809,0.0006568284959855,15.145650733119801,67.7956507331198,40.53033574245062,-0.2028452476659276,40.32749049478469,-5.72058385147096,0.1216558143576544,-5.598928037113306
final,2026-09-16,2026-10-27,0.1123287671232876,24600.0,CE,39.5,-0.0509107794700374,23378.941083562186,0.9863047280024988,0.0016279867786525,0.1148550468581609,0.0571881489081,test,a787e7c68763f27a24749f60c805ece2f465886386a9b897a8a96b326d27c5b6,True,0.0017130149142216,0.003345805998406,0.0012625052385071,0.0029853745545396,0.0029801670167225,0.0013322393769026,0.0013362653701145,0.0012044552798281,0.0021089881716247,0.0021817645448693,0.0016327910841844,37.65013794674776,77.15013794674776,0.0012723596403179998,29.339035740617103,68.8390357406171,0.0012671521025008998,29.218956375243387,68.71895637524338,-0.0005085596343935,-11.7267546194541,27.7732453805459,-0.00045050967571449996,-10.388194546927071,29.11180545307293,-0.0003807755373189999,-8.78021177704341,30.719788222956588,-0.0003767495441071001,-8.68737736529966,30.81262263470034,0.0003959732574031001,9.13065235893099,48.63065235893099,0.00046874963064769994,10.808785292448244,50.30878529244824,29.339035740617103,-0.12007936537371397,29.218956375243387,-8.78021177704341,0.09283441174375,-8.68737736529966
final,2026-09-16,2026-10-27,0.1123287671232876,24750.0,CE,30.9,-0.0569898255464195,23378.941083562186,0.9863047280024988,0.0012658206059838,0.1175450437539119,0.0483097698975416,test,a787e7c68763f27a24749f60c805ece2f465886386a9b897a8a96b326d27c5b6,True,0.0013400547050493,0.0024463143160258,0.000766635252083,0.0021529831474411,0.0021518325342999,0.000837188989091,0.0008394690172034,0.0008123317084904,0.0015354711223345,0.0015954725541865,0.0011062596109765,25.50897500704192,56.40897500704192,0.0008129284423917999,18.74512195304801,49.645121953048005,0.0008117778292506001,18.71859024062679,49.61859024062679,-0.0005277229965589,-12.168637990841566,18.73136200915843,-0.0005734194529663,-13.22234161776672,17.67765838223328,-0.0005028657159583,-11.595459920077486,19.30454007992251,-0.0005005856878459,-11.542885298752184,19.357114701247816,0.0001954164172852,4.50606029094172,35.40606029094172,0.0002554178491372,5.889618915258079,36.789618915258075,18.74512195304801,-0.026531712421220762,18.71859024062679,-11.595459920077486,0.05257462132530141,-11.542885298752184
final,2026-09-16,2026-10-27,0.1123287671232876,25000.0,CE,21.25,-0.067040161399921,23378.941083562186,0.9863047280024988,0.0008618026213069,0.1227443607046064,0.0366393137418167,test,a787e7c68763f27a24749f60c805ece2f465886386a9b897a8a96b326d27c5b6,True,0.000921558656385,0.0013680469387906,0.0002903039458302,0.0011777786643865,0.0011808886613154,0.0003497682146824,0.000350291781492,0.00040228613447,0.0008749921336793,0.0009165379625863,0.0004464882824056001,10.295466203243201,31.5454662032432,0.0002562200080015,5.9081157040932455,27.158115704093245,0.00025933000493039995,5.979828377270619,27.229828377270618,-0.000519272521915,-11.973780523073573,9.276219476926427,-0.0006312547105548,-14.555950949349032,6.694049050650968,-0.0005717904417026,-13.184778637793844,8.065221362206156,-0.000571266874893,-13.172705836321127,8.077294163678873,-4.656652270569996e-05,-1.0737662769917249,20.176233723008274,-5.020693798700026e-06,-0.11577097397237432,21.134229026027626,5.9081157040932455,0.0717126731773733,5.979828377270619,-13.184778637793844,0.01207280147271601,-13.172705836321127
final,2026-09-16,2026-10-27,0.1123287671232876,25500.0,CE,11.65,-0.0868427886961008,23378.941083562186,0.9863047280024988,0.0004632064838858,0.1353890675944978,0.0223635956213973,test,a787e7c68763f27a24749f60c805ece2f465886386a9b897a8a96b326d27c5b6,True,0.0005052309810298,0.0003258418794036,2.030691909642255e-05,0.0002745953485633,0.0002781507738688,4.058812744945923e-05,4.0666728482602265e-05,8.29162160501289e-05,0.0002506007735763,0.0002674763969239,-0.00017938910162619998,-4.136490263690596,7.5135097363094046,-0.0002306356324665,-5.318171725647708,6.331828274352293,-0.000227080207161,-5.236188026380818,6.4138119736191825,-0.0004223147649796711,-9.73805486350713,1.9119451364928697,-0.00048492406193337745,-11.181747623645771,0.4682523763542292,-0.00046464285358034077,-10.714088105159371,0.9359118948406291,-0.0004645642525471977,-10.712275662790438,0.9377243372095627,-0.0002546302074535,-5.87145687460808,5.77854312539192,-0.0002377545841059,-5.48232592385214,6.16767407614786,-5.318171725647708,0.08198369926688968,-5.236188026380818,-10.714088105159371,0.0018124423689332132,-10.712275662790438
final,2026-09-16,2026-10-27,0.1123287671232876,27000.0,CE,3.7,-0.1440012025360493,23378.941083562186,0.9863047280024988,0.0001389398561584,0.1771186873353261,0.0075756906014773,test,a787e7c68763f27a24749f60c805ece2f465886386a9b897a8a96b326d27c5b6,True,0.0001604596248764,8.072256575829052e-08,1.7301258374176847e-14,2.952944177767825e-07,3.086256748079464e-07,2.172666686245191e-09,1.705667437403476e-09,1.8693779424201634e-07,2.2014254638141515e-06,2.5379344509175164e-06,-0.0001603789023106417,-3.6981386377179084,0.001861362282091772,-0.00016016433045862321,-3.6931908768523347,0.0068091231476654634,-0.00016015099920159206,-3.69288347459427,0.007116525405730378,-0.00016027268708215797,-3.6956894462425303,0.004310553757469915,-0.00016045962485909874,-3.6999999995995716,4.004285791836537e-10,-0.00016045745220971377,-3.699949900998565,5.009900143537749e-05,-0.0001604579192089626,-3.699960669422223,3.9330577777274556e-05,-0.00015825819941258585,-3.6492378582922576,0.050762141707742625,-0.0001579216904254825,-3.64147837827826,0.058521621721740136,-3.6931908768523347,0.0003074022580651153,-3.69288347459427,-3.699949900998565,-1.0768423658254407e-05,-3.699960669422223
final,2026-09-16,2026-11-23,0.1863013698630137,22500.0,PE,180.6,0.0427811211994904,23483.462039572685,0.9780927912467696,0.0519158709955447,0.1363709333067707,0.1293691764843075,test,a787e7c68763f27a24749f60c805ece2f465886386a9b897a8a96b326d27c5b6,True,0.0497416903619808,0.0543509711151756,0.051370538840074,0.0535018933184405,0.0535066635891871,0.0510510330587676,0.0510584024065264,0.0462077453047913,0.0478732173595973,0.0476639365623841,0.0046092807531948055,105.8705923642734,286.4705923642734,0.0037602029564597003,86.36812026135559,266.9681202613556,0.0037649732272063002,86.47768863367277,267.0776886336728,-0.0035339450571895,-81.17120145656612,99.42879854343387,0.0016288484780931992,37.41302873075042,218.01302873075042,0.0013093426967868,30.074298863346996,210.674298863347,0.001316712044545601,30.243565448382377,210.84356544838238,-0.0018684730023834986,-42.91696561158312,137.68303438841687,-0.002077753799596696,-47.723937275453075,132.87606272454693,86.36812026135559,0.10956837231718809,86.47768863367277,30.074298863346996,0.16926658503538186,30.243565448382377
final,2026-09-16,2026-11-23,0.1863013698630137,22900.0,PE,268.1,0.0251595198496708,23483.462039572685,0.9780927912467696,0.0374483367789717,0.128736947723482,0.1534154366551842,test,a787e7c68763f27a24749f60c805ece2f465886386a9b897a8a96b326d27c5b6,True,0.0365179082536186,0.042422380787512,0.0389922975813165,0.0414555297560392,0.0414669156222802,0.0386236225151536,0.0386331260056164,0.0332570349468811,0.0354076233678682,0.0351442767573321,0.005904472533893403,135.61985876616384,403.71985876616384,0.004937621502420601,113.41225265341292,381.51225265341293,0.0049490073686616,113.67377467128509,381.7737746712851,-0.003260873306737501,-74.89901507298258,193.20098492701743,0.002474389327697897,56.83426067757712,324.93426067757713,0.0021057142615349966,48.366161263682656,316.4661612636827,0.0021152177519978,48.58444698301703,316.68444698301704,-0.0011102848857503997,-25.502139019416436,242.5978609805836,-0.0013736314962864982,-31.55094861628371,236.54905138371632,113.41225265341292,0.2615220178721713,113.67377467128509,48.366161263682656,0.21828571933437285,48.58444698301703
final,2026-09-16,2026-11-23,0.1863013698630137,23100.0,PE,327.65,0.0164638128821169,23483.462039572685,0.9780927912467696,0.031101762174154,0.1255984500455231,0.1630255970004392,test,a787e7c68763f27a24749f60c805ece2f465886386a9b897a8a96b326d27c5b6,True,0.030593900720953,0.0369899415437795,0.0333898707647908,0.0359823130912175,0.035997302615756,0.0330087803345466,0.0330239434931748,0.0275920867053913,0.0299195350405407,0.0296367668986111,0.0063960408228265,146.91069322027414,474.5606932202741,0.005388412370264502,123.76647032131238,451.4164703213124,0.005403401894802998,124.11076478440175,451.7607647844017,-0.0030018140155616997,-68.94868093565742,258.70131906434256,0.0027959700438378032,64.22064973340997,391.87064973340995,0.0024148796135936013,55.46738176066943,383.1173817606694,0.0024300427722218007,55.81566442602199,383.465664426022,-0.0006743656804122991,-15.489508640995762,312.1604913590042,-0.0009571338223418983,-21.984411488274407,305.66558851172556,123.76647032131238,0.3442944630893711,124.11076478440175,55.46738176066943,0.3482826653525549,55.81566442602199
final,2026-09-16,2026-11-23,0.1863013698630137,23300.0,PE,398.85,0.0078430698382098,23483.462039572685,0.9780927912467696,0.0253753405817407,0.1226847088164298,0.1695896035581719,test,a787e7c68763f27a24749f60c805ece2f465886386a9b897a8a96b326d27c5b6,True,0.0251770984430759,0.0319405824180433,0.0282204625249593,0.0309080894651744,0.0309259589149022,0.0278378815069632,0.0278591700531587,0.022527828749569,0.0249686472806702,0.0246734583206444,0.006763483974967403,155.35049679491854,554.2004967949185,0.005730991022098498,131.6351610657155,530.4851610657155,0.005748860471826298,132.04560454468876,530.8956045446888,-0.0026492696935069004,-60.851088662777855,337.9989113372222,0.003043364081883399,69.90304461402614,468.7530446140262,0.002660783063887298,61.11553932385705,459.96553932385706,0.002682071610082798,61.60451604646818,460.4545160464682,-0.00020845116240570186,-4.787915777882819,394.0620842221172,-0.0005036401224315021,-11.568112457302679,387.28188754269735,131.6351610657155,0.4104434789732738,132.04560454468876,61.11553932385705,0.48897672261113134,61.60451604646818
final,2026-09-16,2026-11-23,0.1863013698630137,23450.0,PE,458.5,0.0014259355175763,23483.462039572685,0.9780927912467696,0.0214171202271835,0.1201167042480338,0.1719484524188592,test,a787e7c68763f27a24749f60c805ece2f465886386a9b897a8a96b326d27c5b6,True,0.0213866025580524,0.0284151824083775,0.0246430306312452,0.0273758937589988,0.0273933591373249,0.0242674258081688,0.0242878907833225,0.0191378791568174,0.0216167937969395,0.0213173869526939,0.007028579850325099,161.43948526410472,619.9394852641047,0.005989291200946399,137.56805914823533,596.0680591482353,0.0060067565792725,137.9692215091891,596.4692215091891,-0.002248723401235001,-51.65093889911968,406.8490611008803,0.0032564280731927978,74.79691248175962,533.2969124817596,0.002880823250116401,66.16964344712471,524.6696434471247,0.0029012882252700996,66.63970356241286,525.1397035624128,0.00023019123888709872,5.287263701858762,463.78726370185876,-6.921560535850038e-05,-1.5898135810184846,456.91018641898154,137.56805914823533,0.40116236095377844,137.9692215091891,66.16964344712471,0.4700601152881529,66.63970356241286
final,2026-09-16,2026-11-23,0.1863013698630137,23600.0,CE,412.25,-0.0049502816216995,23483.462039572685,0.9780927912467696,0.0178594715095654,0.117802982792206,0.1717491064812882,test,a787e7c68763f27a24749f60c805ece2f465886386a9b897a8a96b326d27c5b6,True,0.0179481001104304,0.0251200925235386,0.0213317463829659,0.0240849686259197,0.0241004768896176,0.0209704467579422,0.0209878014773196,0.0161001666360933,0.0185754870372506,0.0182763674369604,0.0071719924131082025,164.7335291263281,576.9835291263281,0.006136868515489301,140.95776321418018,553.2077632141802,0.006152376779187202,141.3139725995816,553.5639725995816,-0.0018479334743371004,-42.44519309053468,369.8048069094653,0.0033836462725355017,77.71898793021063,489.96898793021063,0.0030223466475118,69.42029506023597,481.67029506023596,0.003039701366889202,69.81891569525105,482.06891569525106,0.0006273869268202011,14.41045341792581,426.6604534179258,0.0003282673265300011,7.539973842877509,419.7899738428775,140.95776321418018,0.35620938540142905,141.3139725995816,69.42029506023597,0.3986206350150782,69.81891569525105
final,2026-09-16,2026-11-23,0.1863013698630137,23750.0,CE,343.0,-0.0112861000707853,23483.462039572685,0.9780927912467696,0.0147655778596922,0.1160852780527684,0.1687778039006598,test,a787e7c68763f27a24749f60c805ece2f465886386a9b897a8a96b326d27c5b6,True,0.014933167587332,0.0220589609070483,0.0182922881818088,0.0210393668426667,0.0210513033047745,0.0179526223233545,0.0179661168572999,0.0134095332841369,0.0158405333661139,0.0155461086797942,0.0071257933197163,163.67238192224363,506.67238192224363,0.006106199255334701,140.25332082635404,483.25332082635407,0.0061181357174425015,140.5274894834077,483.5274894834077,-0.0015236343031951004,-34.99636382834473,308.0036361716553,0.0033591205944768013,77.15565750986026,420.15565750986025,0.003019454736022501,69.35387073096835,412.35387073096837,0.003032949269967899,69.66382674774793,412.6638267477479,0.0009073657787819003,20.841289050168225,363.8412890501682,0.0006129410924621999,14.07864697727502,357.078646977275,140.25332082635404,0.2741686570536259,140.5274894834077,69.35387073096835,0.3099560167795795,69.66382674774793
final,2026-09-16,2026-11-23,0.1863013698630137,23900.0,CE,284.2,-0.0175820285276001,23483.462039572685,0.9780927912467696,0.012157551405694,0.1151603107676379,0.1631297027363957,test,a787e7c68763f27a24749f60c805ece2f465886386a9b897a8a96b326d27c5b6,True,0.0123731960009323,0.0192336027853948,0.0155274925281881,0.0182409672551631,0.0182483194887662,0.0152164130022938,0.015225875496013,0.0110545554317793,0.0134034354106372,0.0131178266109085,0.0068604067844625,157.5767172844696,441.77671728446956,0.005867771254230799,134.77686689249387,418.97686689249383,0.0058751234878338995,134.9457403824025,419.1457403824025,-0.0013186405691530002,-30.287861739605887,253.9121382603941,0.003154296527255799,72.45105249917243,356.6510524991724,0.0028432170013614998,65.30586533390824,349.5058653339082,0.002852679495080699,65.52320939883647,349.72320939883645,0.001030239409704899,23.663574085149076,307.8635740851491,0.0007446306099761994,17.103424154865884,301.30342415486587,134.77686689249387,0.1688734899086545,134.9457403824025,65.30586533390824,0.2173440649282354,65.52320939883647
final,2026-09-16,2026-11-23,0.1863013698630137,24050.0,CE,232.55,-0.0238385661419053,23483.462039572685,0.9780927912467696,0.0098860136338527,0.1142322169106668,0.1549896258267784,test,a787e7c68763f27a24749f60c805ece2f465886386a9b897a8a96b326d27c5b6,True,0.0101245134764841,0.016643884663409,0.0130371089894352,0.0156893264708189,0.0156921777446595,0.0127607937129322,0.0127661874856917,0.0090182785619568,0.0112518312925673,0.0109787097223508,0.006519371186924899,149.74346896181447,382.2934689618145,0.005564812994334801,127.81821712601842,360.3682171260184,0.0055676642681753985,127.8837080489325,360.43370804893254,-0.0011062349145273005,-25.4091152104088,207.1408847895912,0.0029125955129511005,66.89942070895272,299.44942070895274,0.0026362802364481,60.55273375949879,293.1027337594988,0.0026416740092076,60.6766233526269,293.2266233526269,0.0011273178160832002,25.89336848027822,258.44336848027825,0.0008541962458667,19.62003778627801,252.17003778627802,127.81821712601842,0.06549092291407951,127.8837080489325,60.55273375949879,0.12388959312810968,60.6766233526269
final,2026-09-16,2026-11-23,0.1863013698630137,24200.0,CE,187.15,-0.0300562027527759,23483.462039572685,0.9780927912467696,0.0079066844614224,0.1131119676504837,0.1445830211783987,test,a787e7c68763f27a24749f60c805ece2f465886386a9b897a8a96b326d27c5b6,True,0.0081479367754203,0.0142876497144602,0.0108176407584317,0.013381588735136,0.013381456396259,0.0105811013682537,0.01058498775046,0.0072792002325072,0.0093700699036277,0.0091125304235151,0.0061397129390399,141.02309679274947,328.17309679274945,0.0052336519597157,120.2117776877636,307.3617776877636,0.005233519620838699,120.20873799544475,307.35873799544476,-0.0008687365429131009,-19.954013940884774,167.19598605911523,0.0026697039830113987,61.320443959238105,248.4704439592381,0.0024331645928334002,55.887369539054205,243.03736953905423,0.0024370509750396997,55.97663587112775,243.12663587112775,0.0012221331282073998,28.071181852317835,215.22118185231784,0.0009645936480947997,22.155756262802736,209.30575626280273,120.2117776877636,-0.003039692318852525,120.20873799544475,55.887369539054205,0.08926633207354583,55.97663587112775
final,2026-09-16,2026-11-23,0.1863013698630137,24400.0,CE,138.45,-0.0382867018892913,23483.462039572685,0.9780927912467696,0.0058012699599145,0.1121659572340808,0.1283514738728594,test,a787e7c68763f27a24749f60c805ece2f465886386a9b897a8a96b326d27c5b6,True,0.0060276881996096,0.0115016334422464,0.008267550530931,0.0106745197932465,0.0106734679873021,0.0080891808451279,0.0080938885322904,0.0053793431677446,0.0072489420679326,0.007015843205384,0.0054739452426368,125.73107528888708,264.1810752888871,0.0046468315936369,106.7330978036796,245.18309780367957,0.0046457797876925,106.70893886775262,245.15893886775262,-0.000648345031865,-14.891840236115957,123.55815976388403,0.0022398623313214005,51.44740894054991,189.8974089405499,0.0020614926455182992,47.350434747186966,185.80043474718696,0.0020662003326807994,47.45856563685215,185.90856563685213,0.0012212538683229997,28.050986127694408,166.5009861276944,0.0009881550057743993,22.69693720360717,161.14693720360717,106.7330978036796,-0.024158935926977793,106.70893886775262,47.350434747186966,0.10813088966518651,47.45856563685215
final,2026-09-16,2026-11-23,0.1863013698630137,24800.0,CE,77.65,-0.0545472227610716,23483.462039572685,0.9780927912467696,0.0032011772452648,0.1136843239998379,0.095366101437242,test,a787e7c68763f27a24749f60c805ece2f465886386a9b897a8a96b326d27c5b6,True,0.0033806427497268,0.0070835097251444,0.0044654911225691,0.0064489492191079,0.0064503097987883,0.0044045159971353,0.0044132765261867,0.0027705552058993,0.0041517989169213,0.0039739440621093,0.0037028669754176004,85.0511698298796,162.7011698298796,0.0030683064693811,70.47594643553714,148.12594643553714,0.0030696670490615,70.50719759692991,148.1571975969299,-0.0006100875438275,-14.013103804603983,63.63689619539602,0.0010848483728423002,24.917887628915782,102.56788762891578,0.0010238732474085002,23.517349671949752,101.16734967194975,0.0010326337764599,23.718570306959517,101.36857030695953,0.0007711561671945003,17.712689809501363,95.36268980950138,0.0005933013123825006,13.62754077171342,91.27754077171343,70.47594643553714,0.03125116139277815,70.50719759692991,23.517349671949752,0.2012206350097628,23.718570306959517
final,2026-09-16,2026-11-23,0.1863013698630137,26000.0,CE,21.65,-0.1018001076116172,23483.462039572685,0.9780927912467696,0.0008513428533001,0.1335535894705281,0.0380831549638326,test,a787e7c68763f27a24749f60c805ece2f465886386a9b897a8a96b326d27c5b6,True,0.0009425745722032,0.0009724813935165,0.0002903775548845,0.0008616378035748,0.000869073071649,0.0003585981352583,0.0003603260861429,0.0002352134886076,0.0005463666612586,0.0004997928799477,2.990682131329993e-05,0.6869299263180992,22.3369299263181,-8.093676862840006e-05,-1.8590370380019905,19.79096296199801,-7.350150055419999e-05,-1.6882563289169297,19.96174367108307,-0.0007073610835956,-16.247380219526285,5.402619780473714,-0.0006521970173187,-14.980316509009318,6.66968349099068,-0.0005839764369449,-13.413357661774292,8.236642338225707,-0.0005822484860603,-13.373668349379473,8.276331650620525,-0.0003962079109446,-9.100501461544027,12.549498538455971,-0.00044278169225550005,-10.170254874288839,11.47974512571116,-1.8590370380019905,0.17078070908506077,-1.6882563289169297,-13.413357661774292,0.039689312394818065,-13.373668349379473
