case_id,source,geometry,quotes,weakest_direction_combo,largest_singular_value,smallest_singular_value,condition_number,numerical_rank,practical_rank,singular_value_01,singular_value_02,singular_value_03,singular_value_04,singular_value_05,singular_value_06,singular_value_07,singular_value_08,singular_value_09,singular_value_10,column_norm_kappa_slow,column_norm_theta_slow,column_norm_sigma_slow,column_norm_rho_slow,column_norm_v0_slow,column_norm_kappa_fast,column_norm_theta_fast,column_norm_sigma_fast,column_norm_rho_fast,column_norm_v0_fast,weakest_kappa_slow,weakest_theta_slow,weakest_sigma_slow,weakest_rho_slow,weakest_v0_slow,weakest_kappa_fast,weakest_theta_fast,weakest_sigma_fast,weakest_rho_fast,weakest_v0_fast,second_weakest_kappa_slow,second_weakest_theta_slow,second_weakest_sigma_slow,second_weakest_rho_slow,second_weakest_v0_slow,second_weakest_kappa_fast,second_weakest_theta_fast,second_weakest_sigma_fast,second_weakest_rho_fast,second_weakest_v0_fast
case_1,representative,full108_calls_puts,108,"kappa_slow:+0.611, theta_fast:-0.446, v0_fast:-0.395, theta_slow:+0.394",0.559161035699155,8.102155389370346e-06,69013.86221655887,10,10,0.559161035699155,0.08169749411829487,0.02814690040024544,0.005430380548208042,0.0036946145771109213,0.0018378867781312456,0.0006331825280108745,0.00010578788933135812,3.655050851529884e-05,8.102155389370346e-06,0.007721195121152379,0.05640023819481332,0.014524750418307968,0.022228683336466746,0.46793362865825655,0.036554735556007696,0.16092940653564763,0.00866078345450645,0.016128084391945168,0.2640028575541808,0.610729492404786,0.39439230696760164,0.0013846718752383257,0.0369880549965448,0.3320262167717937,0.05743479096393065,-0.4462418905897775,0.0358113665555923,0.013557244479242465,-0.3949125475047457,0.740772758843863,-0.27820212129143856,0.24614158179797152,-0.07882792254403673,-0.21023089116220509,0.08676196374174343,0.38287922242139655,-0.19372178484248237,0.09308062395992944,0.2500929475388326
case_1,representative,full108_calls,54,"kappa_slow:+0.611, theta_fast:-0.446, v0_fast:-0.395, theta_slow:+0.394",0.3953865601182792,5.72908873507281e-06,69013.86562539502,10,10,0.3953865601182792,0.05776885209693223,0.01990286414248386,0.0038398589100626028,0.0026124870217111074,0.0012995822037846002,0.00044772765946885775,7.480333369852596e-05,2.5845112594489756e-05,5.72908873507281e-06,0.005459709429254934,0.039880990888153466,0.010270549515772671,0.015718052724146836,0.3308790419695806,0.025848101396248078,0.1137942746536647,0.006124098710964702,0.011404277841195659,0.1866782108292145,0.6107294890872493,0.3943923080438236,0.0013846709423249364,0.036988055463487254,0.3320262178051318,0.05743479106786044,-0.4462418922410973,0.03581136726831903,0.0135572439401948,-0.39491254872404385,0.7407727614536083,-0.27820212027563934,0.24614158169342726,-0.07882792237284506,-0.21023088936712078,0.08676196478783127,0.3828792205401691,-0.19372178443036867,0.09308062406939827,0.2500929454002173
case_1,representative,full108_puts,54,"kappa_slow:+0.611, theta_fast:-0.446, v0_fast:-0.395, theta_slow:+0.394",0.3953865601180523,5.729089301020057e-06,69013.85880783081,10,10,0.3953865601180523,0.057768852097056546,0.019902864142307915,0.003839858910060256,0.0026124870209805265,0.0012995822039547924,0.00044772765910180165,7.480333412869266e-05,2.584511225948328e-05,5.729089301020057e-06,0.005459709428807735,0.039880990888024576,0.01027054951588274,0.015718052723981257,0.33087904196938134,0.025848101396020014,0.11379427465370161,0.006124098711174825,0.011404277840991031,0.18667821082916017,0.6107294957224547,0.3943923058912133,0.0013846728082086506,0.036988054529591724,0.3320262157384738,0.05743479086018368,-0.44624188893837036,0.03581136584284575,0.013557245018313584,-0.39491254628546724,0.7407727562340012,-0.27820212230726565,0.24614158190251265,-0.0788279227152398,-0.21023089295738792,0.08676196269556125,0.3828792243027114,-0.19372178525461464,0.09308062385045696,0.25009294967756407
case_1,representative,short3_full_moneyness,54,"kappa_slow:-0.653, v0_fast:+0.458, v0_slow:-0.385, theta_fast:+0.380",0.1783747526131907,1.4804565327545418e-08,12048631.531336222,10,8,0.1783747526131907,0.0051584527671613796,0.004711492104929114,0.0005557089841349836,6.3484809979769e-05,2.4839603707132503e-05,8.996777278940388e-06,3.929810673610086e-07,1.0571769792935652e-07,1.4804565327545418e-08,0.000500232100038317,0.0030078223644318318,0.001491298203001593,0.0030927013562919783,0.1414186398420971,0.004155842641510367,0.01158826151664245,0.0012641485184985207,0.003217247119882244,0.10808722600593601,-0.6530622268021996,-0.1361051056376361,-0.030411891013334642,-0.04047468678046108,-0.3848059790522871,-0.2212733483841848,0.3796285573041711,-0.034241550838743556,-0.024100708886443056,0.4577262708710103,0.6861008079032644,0.26681773230113526,0.05287153911051587,-0.07056654951103768,-0.3407848855339791,-0.3195318606395086,0.24663026678113736,-0.07943787533568562,0.02476114913800552,0.4053566508115887
case_1,representative,long3_full_moneyness,54,"kappa_slow:+0.563, v0_fast:-0.472, v0_slow:+0.399, theta_fast:-0.396",0.5322795824411835,2.205975694742277e-06,241289.86720471072,10,10,0.5322795824411835,0.06466932221882114,0.027750449659576258,0.005366709800324322,0.001768751065712469,0.0014110380612211008,0.0006035990151655346,3.1966842096335736e-05,1.4855135431105354e-05,2.205975694742277e-06,0.007704973844536954,0.05631997756618607,0.01444798963122073,0.022012486483668853,0.44605229417019526,0.03631773208101874,0.16051163846568153,0.008568027694226406,0.01580393707666905,0.24086232659159212,0.562847081095879,0.2043182557704116,0.024004116688526533,0.03138012949423116,0.39854955062617403,0.3128581336327666,-0.39601925488211975,0.0473030915535458,0.035980644515554654,-0.4720285033168486,-0.46714902783408924,-0.4926443885699091,-0.02157433550203583,0.0062974180138493895,0.19680540248971887,0.6566219582866722,0.0839749973773088,0.09298992242706018,0.025572057041881823,-0.22875874686232822
case_1,representative,central5x6,60,"theta_fast:-0.516, theta_slow:+0.447, kappa_slow:+0.445, v0_fast:-0.435",0.5065953661874227,8.91304873627123e-07,568374.9535956837,10,10,0.5065953661874227,0.07553030391752981,0.015227777921734267,0.0035958813642905972,0.0012462199481278564,0.0009675402238561314,0.00015400239631313973,0.00010318913553635238,1.9556131220494215e-05,8.91304873627123e-07,0.006640442847760569,0.04919155246596692,0.011400882057278633,0.011460376075028299,0.42365553786321647,0.032178525624219065,0.14090824609695884,0.007268723597964985,0.008817513404093365,0.24364034509533164,0.4446689727627108,0.44675001670749326,-0.05230701883342213,0.05424553053289353,0.3660329137412524,0.03179213507901427,-0.515982357150976,0.07838402906654215,-0.00816967526577042,-0.4353916617707001,0.8482295251501641,-0.19756609685769264,0.24619585787826245,-0.06976698723451229,-0.13053861480302947,0.11067183917712864,0.28100863969884515,-0.18615982248440005,0.09462897971600107,0.15533805797452746
case_1,representative,wings4x6,48,"kappa_slow:+0.627, theta_fast:-0.424, v0_fast:-0.415, v0_slow:+0.349",0.237504996803846,3.758267853661967e-06,63195.335205399686,10,10,0.237504996803846,0.025494729390450197,0.022735214937086023,0.0024370217536311845,0.0013358828340378204,0.0006417762690420896,0.00024596961933751917,2.2217546000327942e-05,1.6873220234393896e-05,3.758267853661967e-06,0.003939717360995941,0.027589455130895616,0.00899934792249747,0.01904663075433115,0.19869037738932385,0.01734333244278995,0.07773763612173083,0.00470901553429585,0.013504316477420808,0.10167050230327761,0.627217092860584,0.3332552731394832,0.01727953403437883,0.03288018994355648,0.34907790769117836,0.1381533173722948,-0.4240232992835486,0.03154334957748671,0.023906612019952936,-0.41455513515805104,0.3171241654968446,0.45573331015178115,0.02397729898622475,-0.013940400895924649,-0.29338012351923554,-0.6872554218327143,0.013585489549386794,-0.10775813057152442,-0.03252534482688737,0.34601152875434504
case_1,representative,single_7d,18,"theta_fast:-0.964, kappa_fast:+0.205, kappa_slow:-0.160, theta_slow:+0.047",0.05350683856773443,5.187351869373293e-13,103148658342.69853,10,4,0.05350683856773443,0.0008665990564177109,6.286560313961539e-05,2.3264030379035036e-07,2.6448584054098923e-08,1.0484854156556335e-11,6.838442093800315e-12,3.6131429116050675e-12,1.8788252807721375e-12,5.187351869373293e-13,4.078454130701941e-05,0.00023816854089670227,0.0002447111389727015,0.0005416136311587582,0.041425223739791635,0.00037739744150097566,0.0009713557682094863,0.0002005683994414678,0.0006069782423953881,0.03384939187132765,-0.16043429155282016,0.0467564806287699,-0.0023819004583835977,0.007335647284332866,0.03432261219685425,0.20525823222241904,-0.9636023192663271,0.004025667599058493,-0.0014364621450226607,-0.01258974664708005,-0.8143474048196272,-0.015409937962812939,0.03254049709830278,0.03476961419878478,0.33193431558310005,0.14444187935724664,0.18304238159195987,0.023598338287618825,0.022953218933713326,-0.4107321954637793
case_1,representative,single_30d,18,"theta_slow:-0.822, kappa_slow:-0.416, theta_fast:+0.374, v0_fast:+0.075",0.14571523624431124,5.160604744870747e-13,282360776397.6523,10,5,0.14571523624431124,0.00422443236830093,0.0005274509996207292,4.119867407567853e-06,7.608382147183893e-07,1.5623474767875924e-09,1.9923925168783567e-10,2.2666005940988753e-12,1.469973698438106e-12,5.160604744870747e-13,0.0004800243263698948,0.0028913757228369707,0.001357995013974175,0.0027858093507216676,0.11636595225687923,0.0039599415329954,0.01110160232190822,0.0011568507417960634,0.002861040328606944,0.08685259554238056,-0.4158846172922239,-0.8218340950093728,-0.011520996082932096,-0.010859415850329313,-0.07270315957818364,0.01721103582196795,0.3742925986647736,-0.0021562430712697487,-0.0035670351303413676,0.07539067190789937,-0.7463064715650765,0.5446750526576803,-0.008219440417028217,-0.0060736313020999565,-0.04736867664131789,-0.10667398283247956,0.36401525777238386,-0.004026187165306992,-0.00034258946512773827,-0.010233461420998962
case_1,representative,single_90d,18,"kappa_slow:+0.748, theta_slow:-0.564, v0_slow:+0.221, v0_fast:-0.204",0.2777465484631696,6.099817105791943e-13,455335862774.38,10,5,0.2777465484631696,0.012909801117068229,0.002531771923345207,2.278361459505631e-05,1.0348005808299286e-06,4.425659835682998e-08,4.119229719365426e-10,4.674163710332255e-12,8.560981102311727e-13,6.099817105791943e-13,0.0026960443717693725,0.017637660734649965,0.005402297259239816,0.009524603719748703,0.23158094410980415,0.016800739991788643,0.05863734956099356,0.004022180628996078,0.008000341999071655,0.13945407560365752,0.7478837699890644,-0.5636672346514541,0.02508903196747367,0.023783031220075586,0.2208365917583433,0.06881996042962844,-0.16273434916877738,0.013479053871236608,0.005052917833605999,-0.20386110610900735,0.18166156305743708,0.6171674389641327,0.011974075047959384,0.028076388352994492,0.23811180270979332,0.41205551696131976,-0.5687310377077394,0.047729113384778414,0.018283651407201153,-0.18060297245730242
case_1,representative,single_180d,18,"kappa_slow:-0.895, theta_fast:+0.290, theta_slow:+0.196, v0_fast:-0.184",0.4019440438645964,7.208796505791574e-13,557574407242.1423,10,5,0.4019440438645964,0.023147190082851172,0.004529665673689932,6.362543556568334e-05,2.4112660328874188e-06,4.272187025279408e-08,1.6268646187909176e-10,3.0737114247143265e-12,1.1929922096864276e-12,7.208796505791574e-13,0.007070443591800273,0.05270558750874644,0.013010673507544578,0.018901479371201103,0.3353398178490105,0.030481956394664413,0.14584747574620716,0.007095874389211007,0.012428582589476376,0.15460486627720224,-0.8945046976355798,0.19606395732833531,-0.051324344187844075,0.01968062120681419,-0.07552182389025783,0.18007637001187815,0.2903583738504998,0.022932345695935955,-0.03756805050213022,-0.184451821091887,-0.08804351013859683,-0.7368334636528351,-0.003991277555206568,-0.018706712339603897,-0.20024817041024026,-0.3747223922282872,0.49564677083952124,-0.04864700998750876,-0.030868603595994408,0.13949046948980795
case_1,representative,central5_const_carry_27_55,20,"kappa_slow:-0.682, theta_slow:-0.498, theta_fast:+0.367, v0_fast:+0.290",0.24330132319883271,1.8749824842942202e-10,1297619179.0421767,10,7,0.24330132319883271,0.009930734834049073,0.006899261052014171,0.0005442052633453213,0.00015377505012899523,2.393204869892641e-05,4.424151817283998e-07,3.279975999464541e-08,1.949509027032844e-09,1.8749824842942202e-10,0.0012801543003980716,0.007979092810496498,0.002663533947629791,0.0046872103970379934,0.1975127155223492,0.009517395561570456,0.028976378869406377,0.002323762662049847,0.004512353196528639,0.1388540929440927,-0.6824209883579386,-0.49788725558132885,-0.028263490220138632,-0.024745655839138306,-0.24429846761668572,-0.0798992212034169,0.3667809144150807,-0.015551626920357714,-0.01799091358795848,0.2895501872498061,0.041736312859820095,0.6167026499543089,-0.004532530981417783,-0.044560857157663024,-0.40932268692324736,-0.4260742712579233,0.15707009636220895,-0.057425753789122284,-0.01953614611838385,0.4883594658320831
case_1,representative,central5_27_55,20,"kappa_slow:-0.682, theta_slow:-0.498, theta_fast:+0.367, v0_fast:+0.290",0.2432380128963182,1.8721890274264715e-10,1299217169.4899602,10,7,0.2432380128963182,0.009929576679317466,0.006897353489134494,0.0005440621479652636,0.00015375970409926522,2.3929314031342607e-05,4.4226424462381264e-07,3.27985699239822e-08,1.9494742933004616e-09,1.8721890274264715e-10,0.0012797195387753617,0.007976361547446185,0.0026627139883454764,0.004685880078694201,0.19746050444132157,0.009514257933177757,0.02896659463645277,0.0023230400955928624,0.004511139921936549,0.13881977938725876,-0.6824201300023962,-0.4978847010699461,-0.028263432451800904,-0.02474593061058529,-0.24430063012578962,-0.0799014692334101,0.3667819829292773,-0.015551982575918038,-0.017990966072914137,0.28955276414314396,0.04173692076897389,0.616706923042218,-0.004532917102422063,-0.044560473309943935,-0.40932076126225836,-0.42607379106687265,0.15706682739949995,-0.0574252555732238,-0.019536293532945812,0.4883571862387703
case_1,representative,central5_13_41,20,"kappa_slow:-0.666, theta_slow:-0.596, theta_fast:+0.340, v0_fast:+0.221",0.19191397541010502,2.2417068529805092e-10,856106475.9869994,10,7,0.19191397541010502,0.006917618143240653,0.005186691594825621,0.0004186963627945424,8.827656294569046e-05,1.3777952249060212e-05,2.9644404565897843e-07,2.451773526090305e-08,1.7424182287779137e-09,2.2417068529805092e-10,0.0007863672178272125,0.004814165169702701,0.0018279450494466812,0.0034634720568059827,0.15420436021590947,0.006175433356023667,0.018004148314385075,0.0015928186409706916,0.0034533507301620354,0.11274328419147664,-0.6660708974765832,-0.5964288120911815,-0.02409489566157068,-0.0192721641384465,-0.18585155071255538,-0.028194631992157177,0.3396772905366982,-0.01041145343865546,-0.013732705737978279,0.22058301812093695,-0.14103311691271736,0.6075470805117122,-0.013139906966179081,-0.04557787244026708,-0.42352082904358523,-0.366056429284074,0.19457701886935866,-0.05080437832264851,-0.02168100428853585,0.5044478527603709
case_1,representative,central5_6_34,20,"theta_slow:-0.676, kappa_slow:-0.637, theta_fast:+0.309, v0_fast:+0.155",0.1626103231952602,1.5253443590477204e-10,1066056475.9080276,10,7,0.1626103231952602,0.004365847504068052,0.004232714075710179,0.00035301381841500103,3.807391340958343e-05,4.841511214639885e-06,2.3315561359104058e-07,1.0186969506031795e-08,1.0016348525791732e-09,1.5253443590477204e-10,0.0005809012329219943,0.003522349425235078,0.001456503301043749,0.002859566801939375,0.13008586986396703,0.004703339999967955,0.013388882263972402,0.001260158367678173,0.002897860116530259,0.0965529604542195,-0.6374165450785428,-0.6756943328314196,-0.021020207710571188,-0.013293508512993095,-0.1303265742417555,0.013344014146679711,0.30863419249423385,-0.004943315841138456,-0.010644753599915239,0.15479941713211412,-0.30332160479983145,0.5725920239836293,-0.02238404578488368,-0.04247677317317074,-0.41905606786468685,-0.3273157110397343,0.20924939156013966,-0.0436778065960965,-0.02540235330762204,0.4987455818837112
case_2,representative,full108_calls_puts,108,"theta_fast:+0.530, v0_fast:+0.418, theta_slow:-0.418, v0_slow:-0.351",0.4526678844349654,2.8845821892059513e-05,15692.667247577121,10,10,0.4526678844349654,0.09134490927855643,0.048152696377748286,0.006379829151368485,0.005742222743664189,0.0029102377589498053,0.0006146464719208715,0.00014538753417153157,0.00012104646052193606,2.8845821892059513e-05,0.009002394839826407,0.08555745653650063,0.03836304759241936,0.021309859319541782,0.37171118680250453,0.002530913324712256,0.17837596648546306,0.00861719730614318,0.031037548630114136,0.1878701934830309,-0.2330603572422114,-0.4177635637795619,-0.019181101225770516,-0.28983660195494426,-0.351383489992932,0.07825392427397256,0.5304315612154619,-0.31769282371407626,-0.010607306134172786,0.4180793993526844,-0.02863877322522491,0.06763471401210261,-0.3654712748803123,-0.4279409047545726,0.0194974004140952,-0.8170949630590227,-0.05955382079737562,-0.008433556724355683,-0.07498735630621806,-0.025248407239521896
case_2,representative,full108_calls,54,"theta_fast:+0.530, v0_fast:+0.418, theta_slow:-0.418, v0_slow:-0.351",0.3200845307094824,2.0397076153969562e-05,15692.667335910759,10,10,0.3200845307094824,0.06459060477802359,0.03404909814124084,0.0045112204555533926,0.004060364641032197,0.0020578488542823585,0.00043462068823762703,0.00010280451132320837,8.559277287976033e-05,2.0397076153969562e-05,0.006365654438258953,0.06049825769800988,0.027126771099488592,0.01506834603095184,0.26283950083111657,0.001789625974523904,0.12613085550254255,0.006093278649955585,0.02194686110794618,0.13284428779490326,-0.23306035748509318,-0.41776356380240676,-0.01918110056823224,-0.2898366010404952,-0.35138349004882957,0.07825392507158993,0.5304315613033992,-0.31769282388562353,-0.010607306073711612,0.418079399421912,-0.028638780926853943,0.06763471427052792,-0.36547127549978087,-0.4279409032141656,0.019497400333374628,-0.8170949632246606,-0.059553820537686306,-0.008433556195212353,-0.07498735741748944,-0.02524840714410888
case_2,representative,full108_puts,54,"theta_fast:+0.530, v0_fast:+0.418, theta_slow:-0.418, v0_slow:-0.351",0.32008453070918247,2.0397076383580662e-05,15692.667159242767,10,10,0.32008453070918247,0.06459060477745086,0.03404909814100458,0.00451122045593516,0.00406036464122495,0.002057848854154736,0.00043462068841764297,0.00010280451130215342,8.559277326762019e-05,2.0397076383580662e-05,0.006365654438061117,0.06049825769805591,0.027126771099675383,0.01506834603100684,0.26283950083078433,0.0017896259744749489,0.12613085550260797,0.006093278650037001,0.021946861107575703,0.1328442877944565,-0.2330603569993401,-0.41776356375671553,-0.019181101883309723,-0.28983660286939444,-0.35138348993703283,0.07825392347635245,0.5304315611275229,-0.31769282354253064,-0.010607306194632484,0.4180793992834548,-0.028638765523659564,0.06763471375368584,-0.3654712742608478,-0.4279409062949641,0.019497400494820585,-0.8170949628933887,-0.05955382105707072,-0.00843355725349073,-0.0749873551949545,-0.025248407334940562
case_2,representative,short3_full_moneyness,54,"rho_slow:+0.579, kappa_slow:+0.493, theta_fast:-0.332, sigma_slow:+0.306",0.1574097256379264,6.035575654762912e-07,260803.1688140768,10,10,0.1574097256379264,0.009939249161745756,0.007048303668092233,0.0010702249664799129,0.00021481761148678925,4.21390048117977e-05,2.6815225367924887e-05,1.2796444253931894e-05,9.865829712029029e-06,6.035575654762912e-07,0.0005347868479362294,0.005173431652692243,0.005775430233893258,0.0033579307365317087,0.12668740699275496,0.00036622051697897276,0.016011264366450433,0.0014990933911139782,0.007472348154289866,0.09214946836727746,0.4932015755267366,0.219182948291631,0.3061376928495717,0.5792831786181799,0.22748017650688773,0.1696840668189668,-0.331546079168394,0.11808840535420534,0.04242054818816787,-0.2705820814973613,0.6044689014704524,0.2356085023282547,-0.3039326775290917,-0.4470555614702266,0.04371327546908989,-0.49876952304346084,-0.16009056110855674,0.08792331615116085,-0.012345958087192748,-0.05175350949337965
case_2,representative,long3_full_moneyness,54,"theta_fast:+0.525, v0_fast:+0.414, theta_slow:-0.408, v0_slow:-0.348",0.4285032850051646,2.2743866549688148e-05,18840.388641439687,10,10,0.4285032850051646,0.06976214344893124,0.046893883506921995,0.005647367747009438,0.002746295484683006,0.0022911457233963707,0.0005511683352679516,0.00011740351711487524,6.0179211176611484e-05,2.2743866549688148e-05,0.008986496307204914,0.08540090148195224,0.037925820046396684,0.02104363099342215,0.3494560162646774,0.0025042772989726392,0.17765591696594482,0.008485800399356544,0.030124631749247666,0.16371831015185684,-0.29354521652324395,-0.40809107013213647,-0.03318591160927994,-0.2807259484582955,-0.3479080048976112,0.051946989309751584,0.524597959916522,-0.3105044873414251,-0.02431286827795042,0.41405178435282575,0.05342311344393497,-0.06825835992576033,0.3466614392340847,0.3764228912368946,-0.03654264158212534,0.8454038047734435,0.07206346252042159,0.02487617516808445,0.07984621282432577,0.0488679705756765
case_2,representative,central5x6,60,"theta_fast:+0.528, theta_slow:-0.419, v0_fast:+0.417, v0_slow:-0.351",0.3994308273808289,4.961483528457235e-06,80506.32942543119,10,10,0.3994308273808289,0.0820321307932853,0.023794527193576814,0.0059541882839509955,0.002373290431281046,0.0007961932901816508,0.0001821877317802581,9.047941918776913e-05,5.495123604050703e-05,4.961483528457235e-06,0.007148839286915581,0.07222377784734883,0.02141277864982123,0.010446828905654949,0.3299844832362808,0.001920829140764396,0.1507199498692969,0.007784351939059699,0.015179540409352505,0.17072260874307876,-0.1915373485693022,-0.41855889836801,-0.028173608548658653,-0.31843028030617326,-0.350840687139076,0.06483525889989429,0.5280882012155668,-0.32490071839344775,-0.00364159357278949,0.4173566966483484,-0.012244014073806497,-0.0459362162284797,0.479260459831381,0.638977601279426,-0.055866842682135785,0.5467785157116185,0.08302944141501746,-0.21066026284196263,0.04274812247889799,0.067602507723446
case_2,representative,wings4x6,48,"theta_fast:-0.533, theta_slow:+0.425, v0_fast:-0.413, v0_slow:+0.347",0.2144425990605047,1.1705443436230517e-05,18319.903917246324,10,10,0.2144425990605047,0.04157424556304254,0.032221383328300955,0.003665458877802275,0.0018557731890824702,0.0013882804509180503,0.00026008314885603013,9.102210053412335e-05,4.2125292090978324e-05,1.1705443436230517e-05,0.0054714906288858296,0.04586724629244706,0.031831059220076126,0.018573472212664862,0.17111238183548017,0.0016480102151371376,0.09540168830277415,0.0036959375403081145,0.027072328638806344,0.07841556263465249,0.2503086858975575,0.42489324359822805,-0.032019374456760466,0.21804123888753,0.34727380020936466,-0.23027568333977436,-0.5334333543861776,0.28223233095797595,0.002489342532114571,-0.4128022037577404,0.03518741870606547,0.010673984915940913,-0.3293525955068552,-0.4641681182572621,-0.06065994885555243,-0.8020807997450572,0.03471551672061899,-0.13039879165951307,-0.06260833526011973,0.07470396984710204
case_2,representative,single_7d,18,"theta_fast:-0.707, kappa_fast:+0.680, theta_slow:-0.181, kappa_slow:+0.068",0.049257984129702975,2.8923509432830056e-13,170304313327.17868,10,5,0.049257984129702975,0.00196482275773483,0.00013862206408813964,6.768066326317495e-06,4.152389838228592e-07,4.75389453011895e-09,4.972849451109629e-11,7.193270696758082e-12,4.7352984267733675e-12,2.8923509432830056e-13,4.3403536371190767e-05,0.000424186024025313,0.001050780122299466,0.0006148057483942894,0.03836761797142259,4.732467388309655e-05,0.0014316459976908857,0.00017772688075881615,0.0015308024492225575,0.03085553348675719,0.06792805759813379,-0.18052494498261176,-0.0005102379902728541,-0.001611570062578409,0.0008066976505754285,0.6797262166345219,-0.7066273120972624,0.014157178694160753,0.000493881275276858,0.035248511438382986,0.9586712424071149,-0.26003308884487886,0.0028028591807839126,-0.001371578835380238,0.0013337799041645492,-0.06713660091175937,0.09378928776297805,-0.0014098933888119182,-1.5239339873981258e-05,-0.003870885918163122
case_2,representative,single_30d,18,"kappa_slow:+0.765, theta_slow:-0.590, kappa_fast:+0.223, theta_fast:-0.119",0.1268676551111712,6.094399419128076e-13,208170890002.68076,10,6,0.1268676551111712,0.008814788993273733,0.0010591359966297179,0.00011562424271128896,1.5084096089918344e-05,4.350300577349788e-07,1.2372505421226884e-08,3.294081661044873e-11,4.184509711254343e-12,6.094399419128076e-13,0.000513362255555374,0.004963546784573272,0.005194843023125795,0.003017264199344928,0.10311490414482323,0.00033790538557129283,0.015276384524953387,0.0014102506785553524,0.006584026950061719,0.072123112734547,0.7652627508566235,-0.5902315672611796,0.007063728499250031,-0.007797292568234649,0.017326337903188795,0.2225641540670711,-0.11930785614728621,0.02091374445254153,0.0006939529608824539,0.03717108622481969,0.3615143532218307,0.7220720795134685,0.004784782069784083,-0.028102583195263823,-0.05419097340858635,0.5146348870132911,-0.26426427572800365,0.04859228588530141,0.0016279724712318275,0.08438861642348196
case_2,representative,single_90d,18,"theta_slow:-0.751, kappa_slow:+0.594, kappa_fast:+0.204, theta_fast:-0.129",0.22825748998247986,3.046735547221182e-13,749187077265.9127,10,6,0.22825748998247986,0.024433545127961975,0.0031141650236562158,0.0002708179515486886,3.4169498059530336e-05,5.078205198049902e-07,2.131888785394104e-08,9.352261712527576e-11,2.5364243815682506e-12,3.046735547221182e-13,0.003021638213760535,0.02864702210322766,0.01718466922011069,0.00983365236869028,0.19063038763314413,0.000959895609143866,0.07183921172189328,0.004369897955124221,0.0165310273087202,0.09844971988287107,0.5938179487397642,-0.7507764800788874,0.013914837908074731,-0.003973552877534512,0.09241034026887207,0.2041661055540882,-0.12908484480101148,0.04906298830781242,0.0014851026146258373,0.11920469673580132,0.09261130699402714,0.39040678285436037,0.004719719424961,-0.05721427650339177,-0.10801107922781025,0.7149574049785886,-0.37452267570340503,0.17791937532968377,0.005766449878376636,0.37539800969543397
case_2,representative,single_180d,18,"kappa_fast:-0.537, v0_fast:-0.521, theta_slow:-0.493, sigma_fast:-0.234",0.3191720448935067,4.859376206696687e-13,656816906774.2831,10,5,0.3191720448935067,0.037319457339720134,0.0034123288312749413,0.00016292272500792687,2.0010096677589416e-05,1.753664215198037e-07,6.040793874604505e-09,3.1225618882590827e-11,6.175787855165962e-13,4.859376206696687e-13,0.008312499517423282,0.07900401875117893,0.03189485219839216,0.017440349709331348,0.2486725473103666,0.00221199272949692,0.15696646612551676,0.006577676670871194,0.021956433938086033,0.09293156643935291,0.22402137893583432,-0.4931556724063478,0.005971892489494511,0.05956253195228294,0.20395921615480095,-0.5369430066823886,0.2165731794766358,-0.23436711869491877,-0.008195028543009396,-0.520790115760903,-0.4684253600662474,0.6446842093877929,-0.018598708829502958,0.009358188025090362,-0.1670160524600022,-0.2871469269274388,0.22083537834949143,-0.10717974422332574,-0.00282419605944625,-0.440357817178812
case_2,representative,central5_const_carry_27_55,20,"kappa_slow:-0.664, theta_slow:-0.658, kappa_fast:+0.241, theta_fast:+0.225",0.20360895701023377,2.5233938944695604e-08,8068853.517339359,10,9,0.20360895701023377,0.012684532669675853,0.012306181025669558,0.0006998762882109312,0.000371638836437476,3.9618513793203315e-05,4.429722508101794e-06,7.275663555781531e-07,3.341984206022546e-07,2.5233938944695604e-08,0.0013457902134313678,0.01312142700741062,0.00811923198838127,0.004547246275910027,0.16838865586778518,0.00040617274408914105,0.03716867911308307,0.0029098486181968453,0.008773764473947879,0.10810704288960982,-0.6644882138383946,-0.6582620161485101,0.019911211825044423,0.06186489808381678,0.055096624253713186,0.24074899188731777,0.22489259389895505,0.06163126597327932,0.006552840169923045,-0.07422306410691053,0.1932237184263713,-0.018559760270820742,0.30950139935724746,0.6116709524796224,0.30679834077064216,0.34796588629631353,-0.30720493564675644,0.20813544686099902,0.05912474151245314,-0.36876985765445186
case_2,representative,central5_27_55,20,"kappa_slow:-0.664, theta_slow:-0.658, kappa_fast:+0.241, theta_fast:+0.225",0.2035576445089708,2.5227800027966856e-08,8068783.020450151,10,9,0.2035576445089708,0.012682561938880165,0.01230334953777459,0.0006997319650221803,0.00037159334317151137,3.961200436039928e-05,4.42889040220987e-06,7.274461356389618e-07,3.341373791023138e-07,2.5227800027966856e-08,0.0013453335732029096,0.013116971107208294,0.008116948488807707,0.004545993385179967,0.16834550359958803,0.00040608614156810576,0.037156341102257295,0.00290891958349868,0.008771579090416887,0.10808227594663178,-0.6644889961730338,-0.658259014444402,0.019915770969772914,0.06186862875198829,0.05509162606336596,0.24075435850671723,0.2248966762704892,0.06162559048192481,0.0065527986443325945,-0.07421699763900684,0.19320052402812202,-0.018533290468787267,0.309515483476597,0.6116902998477783,0.3067841497833256,0.3479793625713042,-0.3071995279557641,0.2081195686651061,0.05912191222146123,-0.36875243801758983
case_2,representative,central5_13_41,20,"theta_slow:+0.680, kappa_slow:+0.669, theta_fast:-0.231, kappa_fast:-0.179",0.1637926850125539,2.0435673314016498e-08,8015037.356278892,10,9,0.1637926850125539,0.009681282706848409,0.00932752185680248,0.0005698889325013538,0.00026327447945420754,3.178695395584583e-05,3.3167038770718245e-06,6.949481148622629e-07,3.0543697356753435e-07,2.0435673314016498e-08,0.0008271916233779489,0.008046299289267797,0.006032795265915699,0.0034294105884118036,0.1340132158485183,0.0003460135055521821,0.02378557910188915,0.0019767105442075297,0.006998954495810064,0.09119911045688354,0.6689584931587532,0.6798438968116786,-0.0062570818143466425,-0.03063442066672873,-0.033651399244686714,-0.17897277364402817,-0.2305318024509198,-0.033943217698790676,-0.0026865554810535886,0.04314220288687119,0.1820676286625592,-0.09772267088051911,0.364313103552406,0.676531023977683,0.2633235100430718,0.3418238221680515,-0.24352934434532292,0.13955910334871624,0.05376119385138573,-0.31468563229487506
case_2,representative,central5_6_34,20,"theta_slow:+0.686, kappa_slow:+0.672, theta_fast:-0.233, kappa_fast:-0.144",0.1397532868600271,1.2025517908914942e-08,11621394.43128874,10,9,0.1397532868600271,0.008139920189577932,0.0059819888070714936,0.00047559631245131775,0.00013041458836236222,1.4697588896694235e-05,2.636821233393547e-06,5.973832331264938e-07,1.5988570441725475e-07,1.2025517908914942e-08,0.0006117516492813046,0.00594505162790133,0.004983335401541555,0.0028512118840564463,0.11381622044820178,0.00031026329789382996,0.01800350046789109,0.001541525926099459,0.0059500928799648455,0.07904715014013165,0.6724913360814171,0.6861519434970712,0.009139352489398914,-0.0014155744176647476,-0.02167423618295682,-0.14448959121690252,-0.23286559470071594,-0.02376512493809791,-0.00027123180937248367,0.026965298186500005,0.20656908010486624,-0.19640405446103226,0.3508281004427227,0.6641559136595405,0.27846207661527395,0.29385321212147314,-0.23452745109959552,0.15027987667139786,0.053605322986779905,-0.33199351369499686
case_3,representative,full108_calls_puts,108,"kappa_slow:-0.844, theta_slow:-0.381, v0_fast:+0.218, v0_slow:-0.183",0.40046561769812367,1.131369269748808e-05,35396.54367552664,10,10,0.40046561769812367,0.08205058860139275,0.029995483700313554,0.007563098200966731,0.003379537699035946,0.00263743245139972,0.0005548983721363866,0.000401214790924566,4.199434666373282e-05,1.131369269748808e-05,0.04200816690460633,0.07396836812552586,0.01140784599398176,0.021541039570123717,0.3292782659039125,0.024682877065093475,0.16673213207577373,0.010811680108458281,0.022402159439649613,0.1509928901751285,-0.8438230220357361,-0.3807760992583741,-0.12994664189260763,0.013313130770219605,-0.18309132615493584,-0.1805327842998179,0.10076473429888902,-0.04564026509076104,0.015034305894642108,0.21755869271567205,0.38779544586890774,-0.37473307393865257,0.09818183816953455,0.021326148935265975,-0.34099839783461894,0.12957055726464348,0.6102582072638161,-0.15890496802299953,0.058935215945184576,0.40606363143684165
case_3,representative,full108_calls,54,"kappa_slow:-0.844, theta_slow:-0.381, v0_fast:+0.218, v0_slow:-0.183",0.2831719539065686,7.999988996333465e-06,35396.542924790425,10,10,0.2831719539065686,0.05801852760036751,0.021210009929673517,0.0053479180244719446,0.0023896940241169007,0.0018649463711648778,0.0003923724016919765,0.00028370169909722225,2.969448744369071e-05,7.999988996333465e-06,0.029704259683412403,0.052303534694708255,0.008066565261228405,0.015231815154077956,0.232834894718109,0.01745342975201063,0.1178974212324904,0.007645012320605961,0.015840718852927416,0.10676809655403635,-0.8438230213923691,-0.3807761003750704,-0.12994664134981251,0.013313130853663157,-0.1830913266368127,-0.1805327832950997,0.10076473556500336,-0.04564026570402596,0.015034305855646045,0.21755869329149002,0.3877954475600458,-0.3747330734092478,0.09818183847422733,0.02132614888077836,-0.34099839728727604,0.12957055824191324,0.6102582070805025,-0.15890496769055593,0.0589352159365694,0.4060636307941769
case_3,representative,full108_puts,54,"kappa_slow:-0.844, theta_slow:-0.381, v0_fast:+0.218, v0_slow:-0.183",0.28317195390623684,7.999988656975444e-06,35396.54442626368,10,10,0.28317195390623684,0.058018527600417424,0.021210009929250997,0.005347918024894788,0.0023896940244108977,0.0018649463714475233,0.00039237240192205466,0.00028370169965298727,2.96944871511583e-05,7.999988656975444e-06,0.029704259683514474,0.05230353469501616,0.008066565260924185,0.01523181515360651,0.23283489471789837,0.017453429751832374,0.11789742123245092,0.007645012320815156,0.015840718853069518,0.10676809655354168,-0.8438230226791026,-0.38077609814167446,-0.1299466424354009,0.013313130686777804,-0.18309132567306013,-0.1805327853045418,0.10076473303277288,-0.04564026447749701,0.01503430593363799,0.21755869213985551,0.38779544417776995,-0.3747330744680565,0.0981818378648412,0.021326148989753733,-0.34099839838196316,0.12957055628736625,0.6102582074471294,-0.15890496835544224,0.05893521595380084,0.40606363207950813
case_3,representative,short3_full_moneyness,54,"kappa_slow:-0.842, theta_slow:-0.504, v0_fast:+0.120, v0_slow:-0.101",0.13527834324159346,4.299492218449859e-08,3146379.5343340985,10,9,0.13527834324159346,0.007839658468811952,0.0067041566817030215,0.0006469250292376083,0.0001748196631170727,6.485984544539114e-05,2.397606447965407e-05,6.450271062629456e-06,7.387405087684789e-07,4.299492218449859e-08,0.0029619067499487874,0.004350354509067709,0.0013106117234707184,0.0035801211281957773,0.10979922072017262,0.004957172407312563,0.015708669062395597,0.0025238786280098882,0.006041405827103439,0.0774259859662757,-0.8415830125575122,-0.5041926746639062,-0.060521762833063035,0.008602347153056984,-0.1009321096048209,-0.02474160615316926,0.08935741371249584,-0.02265664486848138,0.008725059144484936,0.12007189601834259,0.21709084667938205,0.005324679487353932,-0.22968557140279902,0.04422858264039486,-0.47670720924795396,-0.28843590570371924,0.4982844413253908,-0.1269874278300272,0.04258411781109151,0.5669743816185063
case_3,representative,long3_full_moneyness,54,"kappa_slow:-0.754, theta_slow:-0.458, v0_fast:+0.289, v0_slow:-0.242",0.3808643566700786,1.6128280924692189e-06,236146.90148841607,10,10,0.3808643566700786,0.06117274100712406,0.029153633100587564,0.0033791296245843302,0.0027020701314584526,0.0022431587309222722,0.000493470561600691,7.160188128245795e-05,2.8047490333872705e-05,1.6128280924692189e-06,0.04190361792363364,0.07384032704964642,0.01133230987630972,0.02124144812551823,0.3104324524368071,0.024179968195485624,0.16599048642263023,0.010512966443335934,0.021572161764452882,0.12963051176551185,-0.7542455219635109,-0.45763735721114623,-0.0999077025070909,0.0146092338611185,-0.2419017166079077,-0.11837924183805523,0.22221444516629635,-0.07152602914800367,0.028436726591282692,0.2892279340711335,0.5155312116490074,-0.33436470890229264,0.1494922034103629,0.007303039682478536,-0.256359294229541,0.31442853873095394,0.5683524771665073,-0.10939470816704173,0.0592723661609096,0.3113458051979842
case_3,representative,central5x6,60,"kappa_slow:+0.879, theta_slow:+0.339, kappa_fast:+0.195, v0_fast:-0.174",0.3409474209606753,7.128913478177435e-06,47826.000694826966,10,10,0.3409474209606753,0.07277209006771639,0.013372953242236172,0.006749240406608909,0.001695237797729525,0.00042071248652397097,0.0003543589184782214,9.436558807589134e-05,2.5036337834108367e-05,7.128913478177435e-06,0.03444532409511872,0.06050644391175127,0.008077151717257642,0.009288970937021536,0.2815274073712298,0.02081124442433321,0.13764869514971034,0.007518358899427503,0.011114404405902133,0.1339830273365655,0.87940811707945,0.3388258619732982,0.14195110264675836,-0.010353034056295535,0.14640643709838305,0.19450573338141097,-0.035959065008437166,0.026734161558165832,-0.008837788594106947,-0.17386171693679642,0.2958919078560942,-0.4068176985484698,0.09413418407012353,0.03155486320596017,-0.3608293112621027,0.09962105901944411,0.6157421141325883,-0.17456130227609737,0.05393504088986929,0.42947555196994164
case_3,representative,wings4x6,48,"kappa_slow:-0.834, theta_slow:-0.393, v0_fast:+0.228, v0_slow:-0.191",0.21077758842799732,5.785921588887652e-06,36429.389024699776,10,10,0.21077758842799732,0.034400081579045755,0.026187576799594603,0.0031889378731251297,0.002020370150519378,0.0012685695133303567,0.00024970543569004147,0.0001498130632771928,2.632658917481059e-05,5.785921588887652e-06,0.024045908896681296,0.042547499671630615,0.008055964893096769,0.01943531334177057,0.17078201104191668,0.013271643670667825,0.09408740930706591,0.007769601420087888,0.019450623698523024,0.06962328108590952,-0.8339256560998175,-0.3934938398654653,-0.1242513683914219,0.013729822469356383,-0.1912703822421492,-0.17030530443633815,0.11814768626490385,-0.05010187938926601,0.01687957536015121,0.2275114008563122,0.3951315330248022,-0.39624383659129964,0.11244475262126595,0.014935986571532096,-0.31245860129990227,0.21664878664975154,0.6064847428565578,-0.13495441149555232,0.06015464374296677,0.37386213440132515
case_3,representative,single_7d,18,"kappa_slow:+0.838, theta_slow:+0.543, theta_fast:-0.044, kappa_fast:+0.018",0.043179487259610974,4.4075282133122894e-13,97967579944.68123,10,5,0.043179487259610974,0.0015259594483989808,6.99731094446272e-05,1.8935156091978147e-06,1.1235833891226347e-07,2.3098471909818187e-09,6.001853074482672e-12,2.4811617328895914e-12,2.1696431666438972e-12,4.4075282133122894e-13,0.0002546632008835435,0.0003633985955182336,0.00022426616787888385,0.0006529232998869,0.03376535956464362,0.0005374818967647265,0.0014586759169461156,0.0004929146393293731,0.001263417206165,0.026865828470610118,0.8384919442087326,0.5428331642206351,0.003689687754574164,-5.110285262695034e-06,0.001276994184296183,0.017574843510231624,-0.04400174778135236,0.0002858311632113372,5.061538600828201e-05,0.0017485964916890968,0.1015333795845515,-0.23072638157141814,0.0007590372349712906,0.00021342101169503276,-0.0006357637674803321,0.7491410689741101,-0.6101189204638642,0.013331744631238204,0.00266115575815762,0.053037989205232894
case_3,representative,single_30d,18,"kappa_slow:+0.811, theta_slow:-0.431, kappa_fast:+0.292, theta_fast:-0.248",0.10867343308338406,3.5007597142881094e-13,310428141182.7294,10,5,0.10867343308338406,0.006519585455160085,0.0006132790485306897,3.8512084611773507e-05,2.7599332298138294e-06,6.2727755591058e-08,1.1637386120233832e-10,2.03140463163893e-12,5.164743156574193e-13,3.5007597142881094e-13,0.0028354784956583375,0.004172224933514223,0.001197040686249339,0.0032411426791829115,0.08916485502130127,0.004662195614531241,0.014960976745906032,0.002256339489900929,0.005340955445338973,0.059882027404642886,0.8105041064509448,-0.4314812551736892,0.012283700781576553,0.0005846430796702535,0.04274290407146507,0.29154806633359526,-0.24781116807954837,0.02094391112433052,0.003839215489427432,0.0898042087123034,-0.28192699042652325,0.29448220741335007,-0.0013919582701448668,0.0005438876573083623,-0.04302715517351456,0.7265686503926009,-0.5054407843397164,0.0527355053786817,0.009836930325037102,0.21376071484028838
case_3,representative,single_90d,18,"kappa_fast:-0.654, v0_fast:-0.541, theta_fast:+0.323, kappa_slow:-0.317",0.2002150363521229,7.828149751097919e-13,255762910417.03973,10,5,0.2002150363521229,0.015699974266965212,0.0015423267758789883,8.935072563234276e-05,4.021952636532428e-06,5.4863059780070224e-08,1.3594237906367273e-10,1.4702671911229571e-12,9.7852981797278e-13,7.828149751097919e-13,0.015334431098910818,0.02445105408024334,0.0045486895024651796,0.010191014140147722,0.16794495225404268,0.013978706136743567,0.068398073448474,0.005659462335558902,0.012098893781690797,0.07822895990566543,-0.3171342682660909,0.24133578483128734,-0.015633093310316298,-0.003741863936074303,-0.0007194079070568737,-0.6544143539486359,0.32298969454469073,-0.1253561102061529,-0.019136388485980066,-0.5406136670348882,-0.37314186588777887,0.8387649498915036,-0.005528177421504621,-0.0002202298067053825,-0.18519360229097886,0.2598011055283199,-0.10658908190069534,0.05039619132505848,0.007460098155667933,0.20361225699911611
case_3,representative,single_180d,18,"kappa_slow:-0.700, theta_fast:+0.479, v0_slow:-0.397, kappa_fast:+0.211",0.28781752746921263,7.139397536557729e-13,403139797154.3468,10,5,0.28781752746921263,0.021754283988569927,0.0018895622137966041,6.674303101585864e-05,1.3654716104268957e-06,1.5687491011331568e-08,3.4310289387878813e-11,1.7872014547661916e-12,1.162854730024753e-12,7.139397536557729e-13,0.03807738490948241,0.06847079079536873,0.009994902483062972,0.01730177558163852,0.22329904176431833,0.0168915488259292,0.1457131692982628,0.0077742011244007845,0.015101190722019413,0.07148264543720043,-0.7000058035229003,0.15264351506114165,-0.05898455997234016,0.01601850881880744,-0.39717091822792344,0.2106310365882485,0.4789746332569114,0.09006678974787674,0.014444493197793708,-0.20762591418475312,-0.01688541042007654,-0.02498967684301162,0.005661549024633861,0.010271402575123071,-0.13639828509123478,0.5837078976496604,-0.08807401429153669,0.19055127146222448,0.017686320279736146,0.7715269387320567
case_3,representative,central5_const_carry_27_55,20,"kappa_slow:+0.886, theta_slow:+0.441, v0_fast:-0.097, v0_slow:+0.080",0.16892117182214472,1.0808228128974037e-11,15628942117.654898,10,7,0.16892117182214472,0.01189451408762251,0.007242559414800669,0.00032245481631044265,0.0002487202941769403,2.048706560426004e-05,2.543668758638174e-06,1.6034451432105644e-07,6.9821544420880055e-09,1.0808228128974037e-11,0.0070203408060977605,0.01064271129264133,0.0019461312573595742,0.003938036311361018,0.1408562457435328,0.009260918867503567,0.03465691343309557,0.0032882750792699316,0.006003048317057293,0.08586278045547203,0.8856929208288626,0.4413851607218782,0.05368683267890226,-0.0014314841531783654,0.08041465512192478,0.010664751946545868,-0.04034232827554922,0.014195731442485461,-0.009807558686075798,-0.09663022610170503,0.4182624516401603,-0.7608174324782501,-0.0017511416561909235,0.06246637747392255,-0.08838103760553892,0.08624322339418006,0.46478224020333564,-0.040794945932945095,-0.02061124971041843,0.0945915310531197
case_3,representative,central5_27_55,20,"kappa_slow:+0.886, theta_slow:+0.441, v0_fast:-0.097, v0_slow:+0.080",0.16887875753162523,1.0674293624327266e-11,15821071021.200113,10,7,0.16887875753162523,0.011893007811650941,0.007240764701124118,0.00032240805225672525,0.00024866811609852853,2.0483988473362895e-05,2.5430841763583488e-06,1.6032120567989016e-07,6.980817082372131e-09,1.0674293624327266e-11,0.007017979376663753,0.010639103459247873,0.0019455328034811098,0.003936966794273059,0.14082032568545863,0.009258045621531154,0.03464548824204588,0.0032873402146730984,0.006001561864459262,0.08584366697238814,0.8857018035933263,0.44136858215171143,0.05368715676368002,-0.0014302077567166656,0.08041347667870624,0.01066733303403084,-0.04033289844633258,0.01419507488665987,-0.009808062384250272,-0.09662905020671543,0.41824362986796326,-0.7608263018510641,-0.0017527404286835596,0.0624664701558978,-0.08838365077945708,0.08624205362997298,0.4647836861224292,-0.04079551960669008,-0.0206109531126408,0.0945946629603944
case_3,representative,central5_13_41,20,"kappa_slow:+0.887, theta_slow:+0.447, v0_fast:-0.075, v0_slow:+0.063",0.13650551650436757,9.344812426482022e-12,14607625094.488586,10,7,0.13650551650436757,0.009297038178387729,0.005806788186216794,0.00024444283699438866,0.0001971650791008232,1.5989170957165676e-05,2.2315153137640272e-06,1.338167766789553e-07,6.393739700413528e-09,9.344812426482022e-12,0.0043776885803677975,0.006531844924040262,0.0013395646529629917,0.003005528746222285,0.11262067488382992,0.006466231421227453,0.02236817351127086,0.0024447567379041893,0.004833780349752479,0.07366441355812464,0.8874112863969013,0.44738879424021766,0.045089686837727065,-0.0008724331523087412,0.0625138787206241,0.006911117094045111,-0.02466219627158886,0.010702465611154505,-0.007458403587886143,-0.07467590986115477,0.416921625398476,-0.7709932184326652,-0.007057689671474229,0.060984959738536904,-0.09353518189936387,0.07697759776338663,0.44675515609565947,-0.0425701771008688,-0.018659312277730242,0.10747976035803737
case_3,representative,central5_6_34,20,"kappa_slow:+0.887, theta_slow:+0.451, v0_fast:-0.065, v0_slow:+0.055",0.11654265145737101,5.4138372180053e-12,21526811162.65822,10,7,0.11654265145737101,0.006266219574864265,0.004869594009298812,0.00019331133228631456,0.00011495139469607482,8.823225846489839e-06,1.9433610339736516e-06,8.024755473942983e-08,5.603849672860014e-09,5.4138372180053e-12,0.003268739151106779,0.004835658297843057,0.0010643712349739354,0.002501402180845537,0.09570478248381509,0.0051461736625046306,0.01703596489860379,0.0020064775301323686,0.004098717492696179,0.06408449539771575,0.8870372292043648,0.45148392236699647,0.04066462901266412,-0.0006774326058904274,0.054507332622110626,0.005421027257815076,-0.01810231034789598,0.00922885381632491,-0.006436004673762893,-0.06494941490821084,0.41805370814493265,-0.775377622628219,-0.00960248860661056,0.06023917942815634,-0.0957678287139084,0.07253092975743605,0.43707859409650845,-0.04315936168109649,-0.017824938509315155,0.11246912362532856
case_4,representative,full108_calls_puts,108,"kappa_slow:+0.807, theta_fast:-0.515, theta_slow:+0.182, v0_fast:-0.120",0.41806488370217254,9.357267192619072e-05,4467.809618944497,10,10,0.41806488370217254,0.1039519675428054,0.07328693502295325,0.016746831559084952,0.013561107857269012,0.006057604055620895,0.0019064330169749149,0.000988755727249659,0.0001941244400636695,9.357267192619072e-05,0.06926015390085345,0.12071062593923375,0.011149766213183527,0.04735033675211706,0.31066480042401445,0.08028585551651787,0.1927237566346154,0.026826334388938056,0.05257723488245529,0.1616837953744523,0.8073346906325313,0.18186234984338728,0.07344101996860325,0.0892049724833407,0.10129005594374807,-0.09294481019998506,-0.5154755478321122,-0.03951915906518003,0.03406043690614936,-0.12020957364728692,0.408512730105594,-0.4360800502319522,0.4536152362261199,-0.045994853633495494,-0.3376600049146001,-0.0005631427134537419,0.3759281548027184,-0.02705920510444926,-0.12386044282434543,0.4045479533189836
case_4,representative,full108_calls,54,"kappa_slow:+0.807, theta_fast:-0.515, theta_slow:+0.182, v0_fast:-0.120",0.29561651424167085,6.61658708441013e-05,4467.809619527212,10,10,0.29561651424167085,0.07350514116713718,0.05182168872730933,0.011841798158991747,0.009589151326221127,0.004283372905600471,0.0013480517144231702,0.0006991558798305074,0.0001372667080139658,6.61658708441013e-05,0.04897432448921237,0.08535530216295645,0.00788407529810984,0.03348174420901516,0.21967318705569225,0.05677067286891665,0.1362762752120739,0.018969082960808667,0.03717771932143737,0.1143277081172964,0.8073346911324054,0.1818623493625502,0.07344102062226518,0.08920497242502756,0.10129005542511266,-0.09294481030085884,-0.5154755473664819,-0.03951915917288019,0.03406043672840985,-0.12020957303213041,0.4085127290467342,-0.43608005042747366,0.4536152359516629,-0.045994853753902165,-0.3376600051614304,-0.0005631427159937613,0.37592815547805325,-0.02705920500204403,-0.12386044293762392,0.4045479536101024
case_4,representative,full108_puts,54,"kappa_slow:+0.807, theta_fast:-0.515, theta_slow:+0.182, v0_fast:-0.120",0.29561651424187246,6.616587086140603e-05,4467.809618361767,10,10,0.29561651424187246,0.07350514116726592,0.051821688726906935,0.01184179815864396,0.009589151326333055,0.004283372905344866,0.0013480517139386149,0.0006991558795200361,0.00013726670791215927,6.616587086140603e-05,0.04897432448942242,0.08535530216285343,0.007884075297863613,0.03348174420876201,0.21967318705587977,0.05677067286926972,0.13627627521209096,0.01896908296078329,0.037177719321406684,0.11432770811721035,0.8073346901326581,0.18186235032422324,0.07344101931494142,0.08920497254165383,0.10129005646238315,-0.09294481009911078,-0.515475548297742,-0.03951915895748037,0.034060437083888936,-0.12020957426244296,0.40851273116445447,-0.4360800500364348,0.45361523650057445,-0.04599485351308967,-0.3376600046677693,-0.0005631427109129418,0.3759281541273868,-0.02705920520685295,-0.12386044271106665,0.40454795302786273
case_4,representative,short3_full_moneyness,54,"kappa_slow:-0.909, theta_fast:+0.287, theta_slow:+0.220, v0_fast:+0.118",0.14384731344948914,6.018799157742628e-07,238996.69963973277,10,10,0.14384731344948914,0.020613450248570645,0.009515109404729218,0.002002062139603519,0.0005884288163389193,0.0001740298501099285,0.00010307501690916376,1.533359636330702e-05,6.193696062862327e-06,6.018799157742628e-07,0.00575743290256433,0.007867248736327844,0.0009790935086546762,0.005635665165548743,0.11485674887135126,0.01583209527700935,0.01835694838148678,0.009254349355543435,0.017259377124270756,0.08319195448918298,-0.9089348383343931,0.21984125045477734,-0.10344122223218481,-0.0919591186520221,-0.0993287614538643,-0.00037142280898791675,0.28703878878600786,-0.0034115825014354026,-0.011400643607478844,0.11811645802316097,-0.2397267537319385,0.03249185593030937,-0.07600115101061175,0.16119863280877242,0.5575080152529626,0.2220765993018963,-0.2869494388506654,0.01455312376366204,0.1655866416757461,-0.6630311273769574
case_4,representative,long3_full_moneyness,54,"kappa_slow:+0.902, theta_fast:-0.321, sigma_slow:+0.268, rho_slow:+0.068",0.39844612577384403,5.4860803046278583e-05,7262.856240688444,10,10,0.39844612577384403,0.07878103984903793,0.07076235877559345,0.014501576195613087,0.007003996384972853,0.0036687962831231627,0.001723613910555927,0.000416623990930862,0.0001079045072074081,5.4860803046278583e-05,0.06902043816683849,0.12045398130390858,0.011106694490709612,0.0470137604184212,0.28865298450076016,0.07870936002254676,0.1918475144938758,0.02517954000280135,0.04966366407311358,0.13863891371096887,0.9017714356168308,-0.010809497784013118,0.26760765549287874,0.06754021901916325,-0.026109809385005792,-0.05086001808948708,-0.32129477919965216,-0.04860843039048114,-0.010160394563392974,0.03938378282767419,0.04933897914320048,-0.458347157820093,0.39092847400338704,-0.0716237204033822,-0.3559790693848184,0.039358331894728496,0.5445721992331812,-0.0015772095464016947,-0.1370883484779803,0.43116558276218747
case_4,representative,central5x6,60,"kappa_slow:+0.798, theta_fast:-0.527, theta_slow:+0.193, v0_fast:-0.121",0.3646561523587513,2.798788644619074e-05,13029.070739579995,10,10,0.3646561523587513,0.09394583843624091,0.037070100569653604,0.013159790498891544,0.0073471244428446915,0.0014254692730062165,0.0008937064401997127,0.0003005825158758413,0.00013772217050929097,2.798788644619074e-05,0.059225596193420424,0.101756437856737,0.009752466959820684,0.023431667460101994,0.2745214438880528,0.06622312238571282,0.16321037625854481,0.01762681912932252,0.028406754111744238,0.14627106850685412,0.7982804486395397,0.19311655967005925,0.01745997698695452,0.09888278232822129,0.10136624162201989,-0.1088873576188615,-0.5272526859110368,-0.014654269808690917,0.020058155657656628,-0.12094470075821266,0.4485797041206337,-0.4295907319283117,0.34502422452178866,-0.034332369808818944,-0.3728969967602869,-0.053606506227695354,0.35750681275062096,0.016794248102068247,-0.16098398453653748,0.4450536889593523
case_4,representative,wings4x6,48,"kappa_slow:+0.881, theta_fast:-0.402, sigma_slow:+0.210, rho_slow:+0.076",0.20629480746011483,4.1508529522068605e-05,4969.93774136073,10,10,0.20629480746011483,0.06115910202439427,0.03991586285144666,0.011860008686929656,0.004142465945437727,0.0025981718007769146,0.0008159803949552873,0.000466431564630343,9.04417456798888e-05,4.1508529522068605e-05,0.035906791473254915,0.06493598824496037,0.005404320013309251,0.04114621915289527,0.14543244159440977,0.04539071113681837,0.10249302148391706,0.020222449508634464,0.04424276154038957,0.06889429732968433,0.8807108316385588,0.07268832983935783,0.20986416123318186,0.07596481504927315,0.008697472914671529,-0.07446129278518854,-0.4015178493252533,-0.04900328244924291,0.002139821534888267,-0.00293333120955205,0.1993003004956217,-0.5173225772129593,0.4051877904135935,-0.06194484565026502,-0.311054216031172,0.0838254496059224,0.5167539495463118,0.009582116716405659,-0.11754906782452008,0.37405448257428686
case_4,representative,single_7d,18,"kappa_fast:-0.596, theta_slow:+0.567, theta_fast:+0.564, v0_fast:-0.061",0.045532939276288334,2.681628110578662e-13,169795875485.74323,10,5,0.045532939276288334,0.004393218573372337,0.0002294654327284426,4.858418866274767e-06,2.0494488664280973e-07,1.1599761665537996e-08,1.4320327612516983e-10,8.61042671379661e-12,1.697764733762369e-12,2.681628110578662e-13,0.0004988929698668858,0.000653980189447595,0.0001264125266882304,0.0009254703702004161,0.035466180022492626,0.0016778966875903396,0.0016682782769995147,0.0019684323177267633,0.003725572958142506,0.02845785501471735,-0.03351904770848229,0.5666199829826507,0.0013443814785147395,-0.004872015498950128,-0.01616838572531276,-0.5964699146988938,0.5637795009263145,-0.015539319250360839,0.002103153808016465,-0.06051222378642089,0.11737704657163392,-0.6782457724273993,0.024170005324082564,0.013835056790136809,-0.017906747047040008,0.033704925047863286,0.7236600573595722,0.00884339829110557,-0.013805040402094262,-0.004512887649953956
case_4,representative,single_30d,18,"theta_slow:-0.775, kappa_slow:+0.620, theta_fast:+0.106, kappa_fast:-0.052",0.11587612668846066,6.34245811541784e-13,182699080671.543,10,6,0.11587612668846066,0.01809970298261043,0.0018897033135027704,0.00013245809024432784,9.858334619904652e-06,8.344364215769508e-07,2.660832552931446e-08,2.7820588416081876e-09,5.17754274088634e-11,6.34245811541784e-13,0.0055065627743935185,0.007544312436371944,0.000919842495019722,0.005166232795857336,0.09296993217891258,0.01491316224599907,0.01750216671886361,0.008122924499959529,0.015100694369934197,0.06463389389871715,0.6197193183531626,-0.7752456666374389,0.02162806803102622,-0.0042698342730064865,0.012496462134001974,-0.05175926350486418,0.10570986377254032,-0.003462660261992196,-0.0031046922560689165,-0.02060899451583891,0.16756208115659424,-0.017236738754726744,-0.04659659693279118,-0.00707947091831922,0.08268289056109393,0.42687697471787356,-0.8596752523711796,0.023758277595068374,0.030341615267099133,0.19954313116415962
case_4,representative,single_90d,18,"theta_slow:-0.638, kappa_slow:-0.514, v0_fast:+0.512, sigma_slow:-0.163",0.21206524108158722,3.9628503002407025e-13,535133111308.05634,10,6,0.21206524108158722,0.03978650232204348,0.005484145192612851,0.0004989843719759638,3.8492191378068026e-05,2.394552008317041e-06,6.20462151391507e-08,1.2376250857294094e-09,4.7426048723089857e-11,3.9628503002407025e-13,0.027769984523655956,0.042572132838845915,0.004398978824232523,0.020437358806229697,0.16374683195978504,0.04538364192557124,0.08036790479882347,0.015414539607743957,0.030180070890984255,0.08416780034777809,-0.5135456767988732,-0.637831589546435,-0.16318842285063323,-0.07842455790551611,-0.0031679812262473133,0.14856842210830246,0.07476064279039867,0.057583122172597714,-0.0593457259831749,0.5120071596841731,0.40985515355407964,-0.661011331415947,0.1480813792652148,0.0830429333743864,0.10236075093325943,-0.031737284721696714,0.41956585055419926,0.047088406229548595,-0.05890683740063813,-0.41599367081506045
case_4,representative,single_180d,18,"v0_fast:+0.876, kappa_slow:-0.388, theta_fast:-0.176, sigma_slow:-0.170",0.3012085019450417,7.102040344681476e-13,424115447570.79346,10,6,0.3012085019450417,0.051108831585427256,0.005926986456263344,0.0003373099707436827,1.5068451591104211e-05,1.3790942784947924e-06,1.644041551374436e-08,2.9115174972669266e-10,1.3585238280148285e-11,7.102040344681476e-13,0.061176718555558486,0.11032225257537052,0.009878679220456378,0.04043650609356541,0.19452514168732588,0.05522581098397665,0.1675577268857899,0.014792418147241582,0.0302422216278812,0.07502471233287022,-0.38815536689014357,0.07052280486941497,-0.16977422154696276,-0.07477240561729817,-0.10611807412086423,-0.006162844685994179,-0.1759814355347435,-0.0003853719077921228,0.005186740531678404,0.8761576361891673,0.7118841983648645,0.008979696601276814,0.09726543415996118,-0.12762902896471684,-0.27186696722507364,-0.45060521392349767,-0.1979389430350022,-0.27194038555267697,0.12981136868725485,0.24586871062123705
case_4,representative,central5_const_carry_27_55,20,"kappa_slow:+0.851, theta_fast:-0.368, v0_fast:-0.237, v0_slow:+0.201",0.18405786487980885,2.050947403589679e-08,8974284.984474044,10,8,0.18405786487980885,0.022350398707085405,0.015503122911892485,0.0014879637537725714,0.0009159963428151167,9.984284775168046e-05,1.654871501735409e-05,1.9715218531428018e-06,1.0641596675729174e-07,2.050947403589679e-08,0.013772209747265894,0.019612231620152097,0.0019658285176091523,0.008025821131820703,0.14813161794019636,0.029971882794351864,0.04185440740203894,0.010341408368717072,0.018417116569512424,0.0945433239349159,0.8508077886762037,-0.12761412631432723,0.09142651271814985,0.12065376793201497,0.20069592625453628,0.0515426457774601,-0.36848214746550423,0.0061171435115586785,0.04392882545983919,-0.2371557489251024,-0.11270991748082924,0.869353271238076,0.12432305271450118,0.17986193967943642,0.05011872799626908,0.07076563677244872,-0.4146024501954829,0.0322484790067887,-0.0427691805001827,-0.03782597463170201
case_4,representative,central5_27_55,20,"kappa_slow:+0.851, theta_fast:-0.369, v0_fast:-0.237, v0_slow:+0.201",0.18401124583058678,2.0507893323555118e-08,8972703.481894637,10,8,0.18401124583058678,0.022344931851720522,0.015501190204923576,0.001487706767211719,0.0009158179634349351,9.9828112640691e-05,1.6544560061596444e-05,1.9712861876044606e-06,1.0638537625279404e-07,2.0507893323555118e-08,0.01376758948626767,0.01960558212483622,0.0019651764917112775,0.008023436453095275,0.1480942173536171,0.029962559480869497,0.04184054145445913,0.0103387841861941,0.018412700210203983,0.09452205987920567,0.8508011436457672,-0.12756217584588,0.09143400460744631,0.12066449635722096,0.20069879650418446,0.0515468242545454,-0.36850687685748507,0.006119064402382488,0.043926227124968076,-0.23715786030830416,-0.11276021544776665,0.8693610791351071,0.12431818405812986,0.17985468543320257,0.050106027227726176,0.07076239051255862,-0.4145802017990044,0.03224807526992691,-0.04277206573719666,-0.03781094513609964
case_4,representative,central5_13_41,20,"kappa_slow:+0.867, theta_fast:-0.350, v0_fast:-0.209, v0_slow:+0.177",0.1480079862811766,1.339684020068107e-08,11047977.288976854,10,8,0.1480079862811766,0.018065627751529426,0.012138971207223145,0.0010819922211828359,0.0006775293379105802,6.922686086712459e-05,1.4372812175970224e-05,1.4703321948604335e-06,7.629447934393308e-08,1.339684020068107e-08,0.0086510565112891,0.01206110711351906,0.0012399523205847529,0.005728989884468782,0.11906782748378844,0.020910230165929553,0.026856391007705118,0.008221429388133293,0.015036833051620062,0.08060831929909267,0.8673048009391573,-0.15255374273244232,0.10026158229764313,0.12163040043993996,0.17656480906347571,0.03573369374334709,-0.34966263467382175,0.006871800247808617,0.03203566594735746,-0.2094609900761146,-0.07590259360583299,0.8769504379587548,0.12112980084063946,0.17620156004351342,0.05449133609690786,0.04101707472416602,-0.41157835267971865,0.0268406691039791,-0.03740269080900493,-0.057528061966207
case_4,representative,central5_6_34,20,"kappa_slow:+0.872, theta_fast:-0.347, v0_fast:-0.200, v0_slow:+0.168",0.1262353871070818,7.500217525375508e-09,16830896.794658188,10,8,0.1262353871070818,0.015376020758413643,0.008099726311418544,0.0008427971884405554,0.00036777128693723095,3.473818569122453e-05,1.1641443355409147e-05,7.4058084737895e-07,5.826528493653697e-08,7.500217525375508e-09,0.0064765110143473895,0.008925613271317172,0.0009363578931004985,0.004630384556163275,0.10141665123496062,0.016617140856780715,0.02035972959875767,0.006944243526659251,0.012847977863873197,0.0700359928130847,0.8718579733297684,-0.15203355089702258,0.10385292791935319,0.12463705590789406,0.168232842314808,0.029801887061704533,-0.3471289721358384,0.007752540645390886,0.02709901631073332,-0.19986551435110356,-0.07576611904142123,0.8796753686193328,0.11627217284727355,0.17357888142402764,0.06238995533422006,0.031614881954269286,-0.4063100812015285,0.024970975080836386,-0.032580408835860414,-0.07153301884317152
interior_sample_00,interior_sample,full108_calls_puts,108,"kappa_slow:+0.743, theta_fast:-0.541, theta_slow:+0.250, v0_fast:-0.221",0.5332754612002846,1.6449182244313866e-05,32419.572795761724,10,10,0.5332754612002846,0.08841689346071774,0.04516844570257995,0.007519053168868205,0.007389717992773348,0.003303182451831239,0.0007801418686569046,0.0001377122587671707,5.112781727358601e-05,1.6449182244313866e-05,0.045934248996569234,0.09043429575221312,0.012748189341572042,0.026174057596928382,0.4212238186329755,0.09660044369043602,0.1466628757619686,0.030172570115576395,0.029876886928775992,0.27046822611727184,0.7426959767542357,0.25010292740225687,0.03997494274179286,-0.07186777564610182,0.18629693555107624,-0.03251923413273743,-0.5406992327640966,-0.018910873939978607,-0.0396962340423031,-0.22143874400850783,0.5559982953578493,-0.39878057941461315,0.3640209843322207,0.03573282420968625,-0.34107395048195555,-0.02081720145019409,0.3184169065424339,-0.10834292236147719,0.05885993213696322,0.40582635559815533
interior_sample_00,interior_sample,central5_27_55,20,"kappa_slow:-0.696, v0_fast:+0.437, theta_fast:+0.404, v0_slow:-0.367",0.23693285503392877,9.51075095726346e-10,249121080.0267887,10,7,0.23693285503392877,0.012698938605857803,0.010514526167629223,0.0007825776998961238,0.00035045090219459294,2.6417604051240493e-05,5.000255835811081e-06,2.008597775230841e-07,1.0260461657247081e-08,9.51075095726346e-10,0.007631034720553188,0.013493239293628575,0.0021993971153108994,0.005073678466167915,0.18776619212360143,0.02405501103103691,0.025777325839155315,0.00877503174801377,0.008642331574585384,0.1395990839513833,-0.6958754715634415,0.05583159183930559,-0.00551256998576679,0.10000528970620004,-0.3671515701657731,-0.0888029401901092,0.4036531400503345,-0.0010380092504318483,0.0772349940711754,0.4370586895664053,-0.32934627521502907,0.8308512550644191,0.027963570438319388,-0.15623979661268264,0.13221762402492962,0.15387702899098685,-0.33211780027795285,0.006608297609645406,0.03767307410141104,-0.15198547337732377
interior_sample_00,interior_sample,central5x6,60,"theta_fast:-0.618, kappa_slow:+0.559, theta_slow:+0.373, v0_fast:-0.294",0.4823853016217673,2.8172488647171863e-06,171225.6619083569,10,10,0.4823853016217673,0.08134311619936975,0.025004881821591447,0.006635750296242188,0.0023561172709564496,0.0013448289435329752,0.00016699383268316826,0.00011108529449976947,2.9496549308923834e-05,2.8172488647171863e-06,0.040076355724307434,0.07850485065220776,0.010389267213937058,0.01277728299675842,0.38140369934615304,0.08526740501573987,0.12820983207559408,0.02143780266729788,0.01671342346107127,0.2490635403868276,0.5585608331664277,0.37344864725168,-0.08595100867003312,-0.08393574270057431,0.24742747819383143,-0.04871940102866493,-0.6181304297055986,0.022489689794308827,-0.03613031686803575,-0.29431746066146913,0.7448433627526799,-0.35849270957086776,0.3830376055549347,0.014356265110751897,-0.22781936699309646,0.011356653443169452,0.17426466130033466,-0.11414523411346666,0.026893426762993417,0.27132311350872873
interior_sample_01,interior_sample,full108_calls_puts,108,"kappa_slow:-0.497, v0_fast:+0.470, theta_fast:+0.434, theta_slow:-0.400",0.5285505506070073,1.4625127828363472e-06,361398.92711361777,10,10,0.5285505506070073,0.08003289533934999,0.03282245342743485,0.004197304328135686,0.0037634627206299593,0.001304945858188159,0.0002897874695237369,6.910706230216411e-05,3.4137321151700436e-05,1.4625127828363472e-06,0.022945935099102536,0.08549962913678298,0.01873287177486199,0.015374164798734444,0.424742251006056,0.040772388366409874,0.1434513952705199,0.01881886477100169,0.021052478976612433,0.2738865119222145,-0.49695886627523417,-0.4002290136893812,-0.02727856864976273,-0.1234458031233556,-0.3955350877052005,-0.09124244607197832,0.43403774926578376,-0.04246481375122362,-0.023408052196886284,0.470481116031095,0.6750409649256196,-0.23905712335397256,0.2027913643460787,-0.42440336644763804,-0.06063947608833204,0.17808036283659603,0.35500795838609434,-0.09788988942117034,0.2995249595147728,0.07218579161870667
interior_sample_01,interior_sample,central5_27_55,20,"theta_slow:-0.699, kappa_slow:-0.618, theta_fast:+0.343, kappa_fast:+0.084",0.23416026607676071,4.930780217442474e-10,474894957.2897742,10,7,0.23416026607676071,0.008862987424149234,0.008137081452429622,0.0004386752868511165,0.00012583703204848044,9.24250381155131e-06,5.096352030716914e-07,1.2326944046278585e-07,2.82812271992834e-09,4.930780217442474e-10,0.003892144820766588,0.012523473109394787,0.003987772571650475,0.003356519368469743,0.18626992898589476,0.009888265472898316,0.024664276760167476,0.004719876947962453,0.005350734498860218,0.13900845333795525,-0.6176743305358752,-0.6986332228094747,-0.019956519098975892,-0.019194368533245024,-0.047294297699019175,0.08391334047238545,0.3425744945649303,0.0029421395444176454,-0.005272192853504661,0.05432696487830231,0.15826530882774503,-0.30042731626416735,0.040711017013995376,0.13110060601210194,0.5588200527233027,0.2510427555107424,-0.19572993546803732,0.05908885170096729,0.05775955045431093,-0.667390876277514
interior_sample_01,interior_sample,central5x6,60,"kappa_slow:-0.497, v0_fast:+0.469, theta_fast:+0.435, theta_slow:-0.403",0.47729199941077183,2.5652570536948595e-07,1860601.0603237827,10,9,0.47729199941077183,0.0732868663299848,0.017609455170549345,0.0035557239834087128,0.0009318443603412871,0.0007035449239165383,6.816985971401732e-05,6.1031460525163975e-05,2.695468180722215e-05,2.5652570536948595e-07,0.020011793723702428,0.07417330436456218,0.011675931231111738,0.00786667640880955,0.38403127322574215,0.035739092104722654,0.12464396376330959,0.013005438454934548,0.010966624182722874,0.25063825633036596,-0.49676331624112996,-0.40257206867210477,-0.02656543885282055,-0.127167974813754,-0.39398465760601803,-0.08754674927354013,0.4353675346597284,-0.0424658286849234,-0.02052576703258983,0.46864339653018117,0.6827597306059155,-0.2328344340754746,0.19757368185299598,-0.4250984384231716,-0.06323162595450638,0.17021621741989917,0.35211204954935116,-0.09722018739589813,0.2963308521696383,0.07526487258084981
interior_sample_02,interior_sample,full108_calls_puts,108,"theta_fast:+0.545, theta_slow:-0.506, v0_fast:+0.462, v0_slow:-0.389",0.5447112412037979,1.4483542686271422e-06,376089.78203938715,10,10,0.5447112412037979,0.06881474395659429,0.026811831807029597,0.0035026723275740144,0.0026816785424338676,0.0014549203041848337,0.0002552053956913809,5.572663018479319e-05,1.9511372890508795e-05,1.4483542686271422e-06,0.019855210735256396,0.04436471832443519,0.021939211068630473,0.013411879179521547,0.4498167306191941,0.06579160934256012,0.1265424645106153,0.009914794181980864,0.012974305162969327,0.27607861552581353,-0.2442675676803429,-0.5063822173931513,0.01484947054318126,-0.1331243399474869,-0.38863389107335433,-0.014616812630568582,0.5452771673131382,-0.060697730487698796,0.0010402384470750456,0.4622827817991279,-0.9165419630615693,-0.006565468699622998,-0.12153117549912702,0.1489199703902114,0.06569044049338783,-0.07674518207753073,-0.2565941591382512,0.08129097555036412,-0.18493107672651038,-0.07814982453868245
interior_sample_02,interior_sample,central5_27_55,20,"theta_slow:-0.858, kappa_slow:-0.394, theta_fast:+0.308, v0_fast:+0.078",0.23160823472520195,6.693697753591298e-11,3460094005.6031013,10,6,0.23160823472520195,0.008000447409630478,0.00595869078671847,0.00026254826609528267,0.00010570408242806042,6.670369336194907e-06,2.0686648904386121e-07,2.7838076912928532e-08,1.6647085571099301e-09,6.693697753591298e-11,0.002982951356822916,0.006133399104625116,0.004168989918854283,0.0026236754210056724,0.18546450746678542,0.014599835781797832,0.021151585734202318,0.0023970360952998786,0.0032481002010404554,0.13637178121898366,-0.3942934241773807,-0.8580124183488541,-0.014041378651387118,-0.025227390948879363,-0.06690732680652144,0.04522045690465526,0.30777674479197276,-0.0013160556914888252,-0.010817029016856113,0.07840318350660397,-0.26934664758451066,0.33696335899252366,-0.019998207062387613,-0.14909318735325947,-0.5172475307200657,-0.16231787869892694,0.33356673642934015,-0.06051409944900126,-0.04881572157483324,0.6165026934184119
interior_sample_02,interior_sample,central5x6,60,"theta_fast:-0.545, theta_slow:+0.507, v0_fast:-0.461, v0_slow:+0.388",0.4853184213082851,9.177694135666776e-08,5288021.306160318,10,9,0.4853184213082851,0.06269897039578493,0.013476548389122453,0.0032754193540427395,0.0008911840050229951,0.00046946472578235794,5.4080749517216606e-05,5.131557706753351e-05,1.4563296862934145e-05,9.177694135666776e-08,0.017076380154145962,0.03797470603835486,0.012522761211428823,0.006505171083458304,0.4004277898164598,0.056832324952281625,0.10856041310894718,0.007175090272043733,0.006538169663893028,0.2495471063813017,0.24665587166336095,0.5071040621520662,-0.014386550953477573,0.13375658322427925,0.3879507006044807,0.014272371130481415,-0.5445822017873992,0.06059464306303367,-0.0012842471552582456,-0.4614715305186156,0.9170769215364483,0.01201918320239303,0.13679452604423875,-0.12457306581564284,-0.07176028437028022,0.07388566100683217,0.2598549159330145,-0.09489159871289149,0.17369026279233343,0.08537176695471207
interior_sample_03,interior_sample,full108_calls_puts,108,"theta_fast:+0.508, kappa_slow:-0.499, theta_slow:-0.421, v0_fast:+0.417",0.4942451923296533,7.183418561291155e-06,68803.61879411593,10,10,0.4942451923296533,0.08748428136195095,0.03148313253447243,0.0068179828056996105,0.003908579610929006,0.0032591724872201005,0.0006255842530499952,0.00022241611312410375,4.602748290710636e-05,7.183418561291155e-06,0.00294065304327949,0.08088067505949735,0.02065699248033643,0.019123356974105568,0.40512868962430865,0.05822340554092993,0.16920707765016807,0.010358272553974724,0.01971697588170693,0.2213747298166371,-0.49892777202066924,-0.42081074077982866,-0.03945050694221047,-0.06501453662778434,-0.35080075704517527,-0.008390609929703289,0.5083703486834857,-0.11186534985943647,-0.0033326068004834054,0.41726396754765405,0.8494695563389997,-0.27128320746700396,0.12331589285052734,-0.06830558707689796,-0.16284866932275507,0.05936307285678127,0.3167298327707966,-0.1054306648479181,0.07656777662328672,0.19389360884433415
interior_sample_03,interior_sample,central5_27_55,20,"theta_slow:+0.676, kappa_slow:+0.480, theta_fast:-0.446, v0_fast:-0.238",0.21522797287491857,1.176611005498688e-09,182921944.35466596,10,7,0.21522797287491857,0.011295526369802586,0.007837531951399555,0.00044356454580472214,0.00028567255079909584,2.1264764592791117e-05,1.6565393741771909e-06,6.894366144764497e-08,1.3302048706089387e-08,1.176611005498688e-09,0.0005454738364526082,0.011674096423745318,0.00390057275921288,0.0037353247029942834,0.17512941942824437,0.016824289339265133,0.03167969304669691,0.0031488460070443263,0.0057555918030799055,0.119777337071321,0.479661748452189,0.6757167351521403,0.0914999434955271,0.07135131136364069,0.2033643784191988,0.03861324760807064,-0.44562219782336004,0.04129088763436095,0.008905918262055265,-0.2380268941502417,-0.674216339869749,0.6245139012923074,-0.04508450470875877,-0.019500908412122247,-0.23427190423474928,-0.08890757484255919,-0.06440921464302321,-0.06994963563240077,-0.02075335788883872,0.28415089979394587
interior_sample_03,interior_sample,central5x6,60,"theta_fast:-0.517, kappa_slow:+0.476, theta_slow:+0.429, v0_fast:-0.421",0.43994574838816713,9.352099220789622e-07,470424.59452330467,10,10,0.43994574838816713,0.07972033032651255,0.016060866422797335,0.00635752887138096,0.00201178264287284,0.000715887842387076,0.0002146261866635996,0.00012371425550765234,3.377501656295393e-05,9.352099220789622e-07,0.0024492086111386107,0.06918337128240681,0.012541831726890664,0.009192672983598427,0.36138448833283715,0.050609743026679685,0.14535494181228736,0.008066056675987277,0.010364889030700946,0.20178156111594497,0.47642488957621143,0.4293625936265998,0.03708978135073963,0.0678487230185707,0.35398853911924105,0.005217591341956944,-0.5168989764208965,0.11344211703959568,0.0004024338798684537,-0.4210689372383441,0.861640423420132,-0.25270185778120624,0.1382859795047438,-0.04810664165232532,-0.1579384958085368,0.05340517505666181,0.3018011326263838,-0.11553458622016781,0.06860474561803455,0.18800221842735632
interior_sample_04,interior_sample,full108_calls_puts,108,"kappa_slow:+0.828, theta_fast:-0.430, v0_fast:-0.251, v0_slow:+0.211",0.5130720149239165,2.5857764055811228e-05,19842.087421654294,10,10,0.5130720149239165,0.09911521811658702,0.03728068265238281,0.008454658036881618,0.006680949775335719,0.004324166135770672,0.0011070419243018631,0.00037070752178441143,6.422399441298089e-05,2.5857764055811228e-05,0.04065045585224482,0.08844684965727025,0.01072264614483433,0.029689053617928743,0.421142742204562,0.04681560064561986,0.19825640085015633,0.012988395277793255,0.02355861690858603,0.21104220868700277,0.8283996228561022,0.10973221823270067,0.008884670827393398,-0.03371593591741501,0.21085659905401266,-0.06632096693319424,-0.4296176034501412,-0.027771374999368846,-0.057966969173987345,-0.25086953466833106,-0.45944312417746613,0.47930010730924943,-0.3587121732863998,-0.03277645738299096,0.3068259981707287,0.0056852178587960345,-0.414371764040404,0.17307988996054582,-0.01643199273439871,-0.3651432198103356
interior_sample_04,interior_sample,central5_27_55,20,"kappa_slow:+0.820, theta_slow:-0.396, v0_fast:-0.262, v0_slow:+0.219",0.22679497087150385,1.142902910544394e-09,198437652.73419032,10,7,0.22679497087150385,0.013854114689534276,0.010186481839888678,0.0008011989338962184,0.00041598092551189974,5.1810689477151574e-05,3.873141228388231e-06,2.139033420165702e-07,5.818490468346843e-09,1.142902910544394e-09,0.006703011711053737,0.013157498121481486,0.0016927570743585838,0.005977407045521902,0.18676385292413372,0.015776713694617972,0.04037303398470499,0.0044551869456782855,0.007795621918347845,0.12097763716752687,0.8202478868112442,-0.39561176809476023,0.013694632848816128,-0.03459241853818292,0.21867312127985955,0.10898732554417143,-0.19703377332491956,0.004303222461032964,-0.04709707193673158,-0.2618118100824997,-0.0311164246678482,0.6422647358078333,0.017746089489882353,-0.15227770379911032,0.2886511859999963,0.4879237151145304,-0.3629656477414469,0.0291023714904946,0.0059566398015860915,-0.3301648141644369
interior_sample_04,interior_sample,central5x6,60,"kappa_slow:+0.831, theta_fast:-0.427, v0_fast:-0.253, v0_slow:+0.213",0.46276541258630777,8.563537182724524e-06,54039.04983560509,10,10,0.46276541258630777,0.09179657512232753,0.02019618394216046,0.00781304389130921,0.0028789274671125807,0.0012986091869391847,0.0003512094767220812,0.00026226448515531594,3.3299542677934844e-05,8.563537182724524e-06,0.03564266369791926,0.07674835732870951,0.010212786620640265,0.014738879853511676,0.38050477907133823,0.0416537835104907,0.17380643928911402,0.010166384249242962,0.013699203850141855,0.19635850841019922,0.8313405385154435,0.09938477900207712,-0.010277768809635246,-0.03718153748715223,0.2127047535730095,-0.06209938020258206,-0.4266873460837223,-0.0063441034920741594,-0.04762519542651643,-0.25305598600180657,0.4611739047181322,-0.48081523446271146,0.36850680830546356,0.03582095037038484,-0.30169427169748975,0.0008304118923930645,0.4120094125774716,-0.1707617794099208,0.014480650947048344,0.3590456487581578
interior_sample_05,interior_sample,full108_calls_puts,108,"kappa_slow:-0.630, theta_fast:+0.475, v0_fast:+0.360, theta_slow:-0.313",0.5290149556030672,1.9914835920052165e-05,26563.862124036095,10,10,0.5290149556030672,0.09842296640169698,0.03294603255866017,0.006284052664540647,0.0028113316101340416,0.0026028782391166565,0.0004921257568293754,0.00016877968950748697,6.619597623469096e-05,1.9914835920052165e-05,0.01451131546437077,0.08348716921076277,0.029133405429322325,0.016668616910033476,0.4409642572172917,0.015425725542472537,0.20008346511439593,0.006993692684498856,0.012771068760447524,0.2178156790963303,-0.6302029880513157,-0.3127404014338163,-0.0365273071351857,-0.08726610778948057,-0.30246552005061067,0.03565906095559788,0.4751909827306563,-0.21939408322522572,0.001180661732683605,0.3597074230459003,-0.7543886166307137,0.3612935087736755,-0.07710680124701397,0.11856567905736261,0.2158744115044257,-0.05356579124715475,-0.31594400066638517,0.20473194978951934,-0.15192541269801596,-0.2570474026082467
interior_sample_05,interior_sample,central5_27_55,20,"theta_slow:+0.843, theta_fast:-0.408, kappa_slow:+0.281, v0_fast:-0.112",0.23631081224311148,2.160368075698384e-09,109384514.10263462,10,7,0.23631081224311148,0.01375084757865574,0.008300280321484544,0.0004214541845522943,0.00031082766724296163,2.280539785189297e-05,4.204558938650587e-06,1.928635235296284e-07,3.829154357088361e-08,2.160368075698384e-09,0.002346278946421891,0.012486192441460231,0.006313805942684675,0.003671465917121415,0.19567045285929008,0.005309548578902046,0.04127132631100238,0.002386312060544962,0.004222655163763605,0.1258742876093137,0.28098117287479824,0.8428732130073643,0.07927641629406021,0.10920321345255894,0.10039687256722347,-0.03514625462153781,-0.40835242831201884,0.04132227307067151,0.005903835300781477,-0.11222901946128178,-0.8731896557320467,0.38480672926579756,-0.04717976681583459,-0.0299619992235841,-0.15448789997450713,-0.09076855242108922,0.08348550961677463,-0.104380113767129,-0.034290003793543126,0.1875997608386343
interior_sample_05,interior_sample,central5x6,60,"kappa_slow:+0.530, theta_fast:-0.512, v0_fast:-0.387, theta_slow:+0.360",0.47990535449792165,2.7460454635867705e-06,174762.34857054742,10,10,0.47990535449792165,0.09108888128981402,0.017938244912913223,0.005961788426766103,0.0017874062640267107,0.0006136559124884475,0.00016909145998593003,0.00010802172035607346,4.9018925343252364e-05,2.7460454635867705e-06,0.012514385287605987,0.07272461798852808,0.0169370983582416,0.008615896696163463,0.4009969523683506,0.013726548259996599,0.17541360343800236,0.005402316809044981,0.007328399550648274,0.20327541818120876,0.5298739412196406,0.3597930434607184,0.02539611504403428,0.10138411794241413,0.32498893139635354,-0.05942226319829458,-0.5119210211217207,0.2400547298656264,-0.023807223553615593,-0.3865926412635135,-0.8292124797677587,0.3152771085948778,-0.09755548157886845,0.07195335907071664,0.17743537561999873,-0.04126959628016986,-0.2529372937740649,0.19399585082894583,-0.1373623296685399,-0.2112961994327195
interior_sample_06,interior_sample,full108_calls_puts,108,"theta_fast:+0.579, theta_slow:-0.505, v0_fast:+0.450, v0_slow:-0.378",0.5539174816714975,3.8982967451166855e-06,142092.17971037692,10,10,0.5539174816714975,0.07389232437062983,0.02463724016880733,0.005237422073640922,0.002074523280685329,0.0003997034634764898,0.0003160849680421664,3.22465018596758e-05,1.9270263856621238e-05,3.8982967451166855e-06,0.03447064275967325,0.07948473618860831,0.008604345950466209,0.020459524111525976,0.44580113616275774,0.010461728935865168,0.1311026195370794,0.006366612516000391,0.014326183499621227,0.2977300702504393,-0.09500040732255537,-0.5047722726082472,0.02136641817332458,0.08241219491709469,-0.3784774704429857,-0.16370021357571793,0.5792787603444612,-0.1353854712966631,-0.04765529444143515,0.4502493654048298,0.8558433930545307,0.09271318780611158,0.23531439461147471,0.18056246125038225,0.022736148003334383,0.02685913365242555,0.15295704918857037,-0.2226111179219182,-0.30987579152473604,-0.027345278732987095
interior_sample_06,interior_sample,central5_27_55,20,"theta_slow:+0.686, kappa_slow:+0.451, theta_fast:-0.446, v0_fast:-0.268",0.24642008151411735,2.340961864027569e-10,1052644578.7124336,10,7,0.24642008151411735,0.007726945629151461,0.005921391857922725,0.0005218278205910177,3.275580933360428e-05,1.406042162205384e-05,1.0575517032373059e-06,1.0940479221269865e-07,1.2372372584070926e-08,2.340961864027569e-10,0.005711825494036778,0.011696965377393653,0.001569023075737041,0.004733857402859764,0.19517615411056335,0.00210228169098516,0.02217097980712575,0.0013261235856765958,0.003511092797623792,0.14839068059422347,0.45120967913879073,0.6855747498860015,0.03971298961548803,-0.022824392191661182,0.2266173248523834,0.013857686286113917,-0.4464677773630879,0.029435698403083823,-0.021551578652882892,-0.2684905191029984,0.3583669011226911,0.33750650649219277,-0.016837667912425316,0.04987444046787741,-0.44331828319862043,-0.4080037841378114,0.3112778505447937,-0.11596285996601112,0.01799802622846519,0.5303094881426238
interior_sample_06,interior_sample,central5x6,60,"kappa_fast:+0.414, v0_fast:+0.412, theta_fast:+0.383, sigma_fast:-0.380",0.5027773523941964,2.0342893447263655e-06,247151.34732312406,10,10,0.5027773523941964,0.06807665134846053,0.013048879288879881,0.0020127662542911845,0.0010337558652430987,0.0002273622933585444,8.867271474281766e-05,1.795150542763383e-05,2.7698147509268993e-06,2.0342893447263655e-06,0.029958863112237822,0.06934624847126179,0.007590965063669034,0.010746328043799994,0.4045492259362214,0.009510976531526289,0.11470299129466043,0.006124901061982064,0.007649807132919538,0.27333507373258165,-0.17947841619507204,-0.3242166089858357,0.327599164147464,0.020201148500456817,-0.3459921211442464,0.41361482864242116,0.3831796251976927,-0.3795941183804008,-0.06198705855624492,0.4115741733346405,0.10786433702503544,-0.3848112070700197,-0.29398685081673037,0.11007656963479207,-0.1859001192495271,-0.6499803157008016,0.4475745364406726,0.18668710730161053,-0.024969635197391996,0.2211531382450711
interior_sample_07,interior_sample,full108_calls_puts,108,"theta_fast:-0.570, v0_fast:-0.431, kappa_slow:+0.412, theta_slow:+0.391",0.5126087098405259,2.3096079652260167e-05,22194.619933706468,10,10,0.5126087098405259,0.08978843247858709,0.03995856993092873,0.006955824270768891,0.0036714497823584456,0.0027697036260275385,0.00041972602261970243,0.00018913684522452705,7.529611057314967e-05,2.3096079652260167e-05,0.021681924279173082,0.07969647323007083,0.032626147437321174,0.023224290559179555,0.4179099422590406,0.06917018678538106,0.1714790104304413,0.01721383276146831,0.012267667895786951,0.23406308464914505,0.41169324538435725,0.39134431516291085,-0.015465747651764847,0.18005382083309415,0.3626778670153918,-0.006427384770241711,-0.5702175050173149,0.0011803935800939137,-0.0431940301503777,-0.4314024383935694,0.8802722531843596,-0.2820803437148613,0.1285077387797825,-0.15569702536688929,-0.14399467778315808,-0.007802209361842726,0.15924843798289673,-0.1267306035881791,0.1150785077725913,0.17127907575434045
interior_sample_07,interior_sample,central5_27_55,20,"theta_slow:-0.742, kappa_slow:+0.530, v0_fast:-0.305, v0_slow:+0.252",0.22451799285415827,2.030334456163868e-10,1105817773.8773372,10,7,0.22451799285415827,0.011520356302896231,0.00944660224531652,0.00031207590766168706,0.0002546681385453789,1.4460070781520822e-05,1.0940718447454019e-06,3.49258597043472e-08,8.874425427432996e-10,2.030334456163868e-10,0.003337151288817662,0.011576947157882137,0.006266420235573493,0.0045191715041202245,0.1818705859252755,0.01938831595851156,0.031874847265390194,0.005189102170683016,0.0036503163733953214,0.12616069498291677,0.5301949340341702,-0.7422484100070939,-0.008360915620457677,-0.008393095829649764,0.25180479524612714,0.05754394121696846,0.007095429383206344,-0.00596412086201808,0.08908195458296082,-0.30509311731173216,0.2267592085510778,0.506754326673283,-0.0012372421646330359,0.12718626900713212,0.382292977753574,0.43270726666948156,-0.37754015634506427,0.0033398526181761252,0.027259282644875853,-0.44601361382352417
interior_sample_07,interior_sample,central5x6,60,"theta_fast:-0.589, v0_fast:-0.455, theta_slow:+0.432, v0_slow:+0.383",0.4598563654517267,1.7975422896452531e-06,255825.06075141067,10,10,0.4598563654517267,0.0819842960004573,0.020696581042138264,0.006521858023198346,0.002244402553033871,0.0004876141654134447,0.0001853217202252605,9.347797344793459e-05,4.6677463198307307e-05,1.7975422896452531e-06,0.01843904796465517,0.06868661062759107,0.019329962419564504,0.011465703502058075,0.3758775233170379,0.060831409719359575,0.1480986980016906,0.01031395452099366,0.006511685584544605,0.21456040952902247,0.25584255920842763,0.4319419761819474,-0.03866571409567859,0.20628453335734598,0.38256748605747687,-0.004521016294055219,-0.5885696257260852,0.03150424012822753,-0.05526160869116473,-0.45506425932556466,-0.9333956288946853,0.20775141410208567,-0.1542467517338188,0.08686462828229592,0.08630543863860679,0.008936354436484563,-0.0646177643788027,0.17556115688861443,-0.03474286510211142,-0.1026727651605766
interior_sample_08,interior_sample,full108_calls_puts,108,"v0_fast:-0.480, theta_fast:-0.471, kappa_slow:+0.412, v0_slow:+0.404",0.523268887104423,1.33448437937701e-05,39211.31601021104,10,10,0.523268887104423,0.08528664128697293,0.04728133461928943,0.0058417498807940916,0.004821234229379266,0.0023827517912936792,0.0005813450658435405,0.00016679235999182725,5.565702325819727e-05,1.33448437937701e-05,0.009820669690931316,0.08928470558634148,0.03676195408549798,0.033395890387502666,0.4016677303175941,0.1257382268047038,0.13183697668122532,0.0161403289218822,0.014969246828526954,0.27899015338664496,0.41240804046899604,0.3852911882915537,0.030416275783428155,0.2223581715758171,0.40365423227813446,0.024268362163715605,-0.4705723408411036,-0.11852721241692342,0.038536060275983886,-0.4802127168813585,-0.07774213914738438,-0.49333186719378797,-0.1393164736468498,-0.12314183286667076,0.39508089184616463,0.26935233012812,0.32933633447722116,-0.01770170782260524,0.3981366934512455,-0.4691254103054905
interior_sample_08,interior_sample,central5_27_55,20,"theta_slow:-0.809, theta_fast:+0.311, rho_slow:-0.308, kappa_fast:-0.245",0.22512716825326307,3.523681787921375e-10,638897556.0306367,10,7,0.22512716825326307,0.010851307785514776,0.009871867471140796,0.0003851966838295477,0.00014607904188985174,1.6547751101127776e-05,3.883868932324178e-06,1.3721993327886472e-07,1.8150886219591404e-08,3.523681787921375e-10,0.0018575323349322116,0.012931707434337343,0.007233375240330645,0.006610378983995383,0.17592160718083832,0.027246090366884693,0.02143599806146675,0.004025762200136546,0.0037676640021211748,0.1358317078132064,0.0018324281453559984,-0.8089367266692938,-0.07744013201978886,-0.3080594704093253,-0.12667395799740003,-0.2453642507448884,0.3108302914100811,0.014896670180095103,0.2253071555678031,0.14446383882353445,0.1655029621531906,-0.2074128352530178,-0.07931115080733164,0.0759795521056161,0.5573502449220077,0.2740971163053961,0.06062559350522122,-0.08237177034288765,0.2886031491171115,-0.6618192055320842
interior_sample_08,interior_sample,central5x6,60,"v0_fast:-0.514, theta_fast:-0.470, v0_slow:+0.432, theta_slow:+0.368",0.468633775233242,1.7716950451347554e-06,264511.53460080805,10,10,0.468633775233242,0.07730826215024537,0.02445745408635823,0.005440041028457188,0.0014590305119927588,0.0007893501072628201,9.954870032554626e-05,5.026561750129386e-05,3.11515529202185e-05,1.7716950451347554e-06,0.00832718106775214,0.07713002076252448,0.023664778171852623,0.016881324552570843,0.36165046640762044,0.1091362965172896,0.11332712657585679,0.010041922939807213,0.007411974503415697,0.2523107605394345,0.3434162758490516,0.3681116592715801,0.014850170983455223,0.25549288712242174,0.4318003902187366,0.038679547786606414,-0.47012769419492767,-0.08881814537955028,0.019939106213009886,-0.5136223911373005,0.7249076004128902,-0.10343982886080441,0.11782662469859588,-0.3779159804617687,-0.06531639314432218,0.004550483624852236,0.18761970130361835,-0.3703885879760736,0.3527564899661555,0.07741209947168683
interior_sample_09,interior_sample,full108_calls_puts,108,"theta_slow:-0.576, theta_fast:+0.550, v0_fast:+0.439, v0_slow:-0.369",0.5448725638357818,5.410980318835999e-06,100697.56896713197,10,10,0.5448725638357818,0.06686138349588544,0.02389898590062303,0.004026128971266306,0.0033929072630127953,0.0014866397612581172,0.0004362787798514415,5.374016072638626e-05,1.3516918817007117e-05,5.410980318835999e-06,0.028321924822434466,0.02642904133903255,0.01235240110391647,0.017447149774492816,0.4563836540969874,0.07074689150656342,0.1211583547130375,0.006585888654693513,0.012758925486385757,0.2679991755802057,-0.1309377384063265,-0.5760068762606441,0.013333375669154976,0.0931029301831505,-0.369386667715066,0.002739337187367408,0.5496213549003761,-0.09977416450769297,0.02566308198513418,0.43940223821629765,-0.7760836465392441,-0.42648770779452766,-0.10688742841054547,-0.07697153869180733,0.17572397820721025,-0.012598365251681946,-0.312718637307626,0.12645911316795783,0.09986129835458397,-0.2089452102774879
interior_sample_09,interior_sample,central5_27_55,20,"theta_slow:+0.912, kappa_slow:+0.326, theta_fast:-0.215, v0_fast:-0.092",0.22634475173443286,6.992929969610847e-11,3236765600.6575,10,7,0.22634475173443286,0.008001684859159622,0.005097267841718488,0.00033030138326049834,0.00010447245920355272,1.2218860160208177e-05,8.288137423103817e-07,1.759905983163602e-08,7.102839374583242e-09,6.992929969610847e-11,0.003966145454726673,0.003550290699844958,0.002252723816575212,0.0032675497534759767,0.18227569486726244,0.015611126183494483,0.020207409924726357,0.0015839809735502175,0.0032331500211668137,0.1318656570556832,0.32607113203328636,0.9117622341625795,0.019957821928830853,-0.025928071111894782,0.07748200038100796,-0.02064378443212292,-0.21488255827776942,0.006253360871708275,-0.01656169872203659,-0.0915375945947546,0.6864415402200779,-0.062386565827747875,0.03218973049927201,0.15438648642436115,-0.30944630884636076,-0.06077599988766247,0.5010130719351589,-0.10455512816534002,-0.06289228776558638,0.36699115679738725
interior_sample_09,interior_sample,central5x6,60,"theta_fast:+0.614, v0_fast:+0.471, theta_slow:-0.454, v0_slow:-0.396",0.48101998053629164,6.742459974907939e-07,713419.1116097199,10,10,0.48101998053629164,0.06074043939791035,0.01134891275027919,0.0033035402887919923,0.0009584293533441584,0.0005785787937548562,8.97405735902861e-05,4.919714273184238e-05,8.333720862862388e-06,6.742459974907939e-07,0.023887764245378616,0.02243911817070765,0.0074252471957983995,0.008183685378903922,0.40198481056389346,0.06061876677095576,0.10337514613326108,0.005740587576088958,0.0065215370217110375,0.24080287164247022,0.09139155479020293,-0.4538554607375912,0.04261943897588746,0.10994768553998326,-0.39579848381275523,0.01315056831241274,0.6137702681394253,-0.12855968981420557,-0.00457245561595982,0.470814266834213,-0.816544157963247,-0.5214782174403892,-0.0987425448614575,-0.047183001336452826,0.04705850913658808,-0.03455658502618173,-0.1563169174874155,0.08404008585275834,0.1063163321702672,-0.055948574517842804
interior_sample_10,interior_sample,full108_calls_puts,108,"theta_fast:+0.460, rho_slow:-0.439, sigma_fast:-0.403, v0_fast:+0.362",0.5443372766349186,2.924627470985524e-05,18612.19187862894,10,10,0.5443372766349186,0.09645211116013921,0.03570015159850927,0.005674135145521087,0.0044267737012713155,0.0012185958874937194,0.0005184204059436141,0.00014873683804641157,6.250077759952049e-05,2.924627470985524e-05,0.058001375102451014,0.06801107065192917,0.03011877558618334,0.017675173456976036,0.45653030420470103,0.0021126293176876336,0.19403666235996345,0.005862375878438567,0.013627558431554741,0.2267823855964488,0.04443878881634463,-0.345995884102103,-0.07400068534876157,-0.4388060092495434,-0.3044484330018121,-0.28637804001773076,0.46013969330397453,-0.40260682375015183,-0.027808663615172504,0.3619252453609223,0.7573989715831533,0.42504785275369594,0.08274667055661857,-0.15625324594865722,-0.031142557604259342,0.29924082137789054,0.11449184841671595,-0.17207483558455067,0.28263065847287355,0.03613700014347463
interior_sample_10,interior_sample,central5_27_55,20,"theta_slow:-0.834, kappa_slow:-0.524, theta_fast:+0.122, kappa_fast:+0.092",0.2366659262557008,2.546349224953107e-09,92943231.79887441,10,8,0.2366659262557008,0.013102237008648415,0.008708103503310199,0.0005975802857952238,0.00013741216402565176,2.666735617960654e-05,9.166690979739631e-06,5.457108497992678e-07,2.2080960006115952e-07,2.546349224953107e-09,0.009224498413899744,0.009770312572665571,0.006542405838707402,0.003930352975345251,0.1957384192589788,0.000309457327626638,0.03822932139730039,0.001660562345072067,0.003785163467589687,0.12738777610903215,-0.5235316172654136,-0.8342351609506332,-0.0339691707027454,-0.06147846744278241,-0.022398709254186387,0.09164050526226503,0.12236369755234863,0.0009354535158513441,-0.024612939403424107,0.023528806190904843,0.5837687297691717,-0.23759604072329044,0.03324962871140125,-0.31670989191820553,-0.17087010029321886,0.37772719350221157,0.41340749737241733,-0.29469620130845664,0.17823773101137144,0.19989190963444167
interior_sample_10,interior_sample,central5x6,60,"theta_fast:+0.509, sigma_fast:-0.449, v0_fast:+0.406, theta_slow:-0.404",0.49257924138858045,6.901811036539919e-06,71369.56355089156,10,10,0.49257924138858045,0.08929731428867463,0.019271893689731794,0.004947424638029285,0.0013363845690206888,0.0005589900964965412,0.0001395649979573126,5.737926303694837e-05,2.474171619739109e-05,6.901811036539919e-06,0.050823572900030936,0.05940592263183043,0.01827580136882302,0.009357336855759374,0.41441596149852883,0.0017545384102973214,0.16924352629912298,0.004506913805654313,0.007206828321821282,0.20979363870725817,0.012772157982599409,-0.40443305248876626,0.0428672772538165,-0.2030336043200037,-0.3411092260972298,0.20492407740562335,0.5085817323567094,-0.44923307074437324,-0.09873339718285899,0.40576734024182326,0.10907651911776997,0.12787396221003913,0.24811488036618587,0.4848969359043674,0.032221396078842474,0.8172888405733187,-0.047631824394412055,-0.04828505400820989,0.003640407302314576,-0.0381021451534452
interior_sample_11,interior_sample,full108_calls_puts,108,"kappa_slow:+0.683, theta_slow:-0.586, theta_fast:-0.330, rho_slow:-0.194",0.6280922771783254,7.219555642182391e-06,86998.74456379424,10,10,0.6280922771783254,0.0797381486189316,0.03633320679680914,0.006084332241330685,0.005367361338465302,0.0012493661711662774,0.0004242300243158455,7.271052161870305e-05,1.884046204479012e-05,7.219555642182391e-06,0.05045150460644638,0.02746252573840113,0.010689181015964519,0.011479433772134473,0.5158393640099405,0.13983207131004216,0.12563441168155184,0.03091581007659505,0.01583580958740989,0.3099457264210671,0.6829351833662995,-0.5859290557300809,0.06496388342066595,-0.1937264572297079,0.11414111575409974,-0.04042123277433041,-0.3297073354877645,-0.004872344353639622,-0.08176940198414398,-0.13585822872558517,-0.01342410109918744,-0.5954266741565559,-0.02395880487449679,0.40601931117193557,-0.2848568197358628,0.03385579522852743,0.5221627780408766,-0.037645185030773576,0.09278586682075879,0.3389560405234908
interior_sample_11,interior_sample,central5_27_55,20,"theta_slow:+0.936, kappa_slow:-0.343, rho_fast:+0.060, v0_fast:+0.037",0.2567801290014313,6.158349235400994e-11,4169625969.331883,10,7,0.2567801290014313,0.0106043388810344,0.009199273229283657,0.0004504419479656322,0.0001476474311004706,1.233304756962297e-05,3.0540491046036e-06,7.946712953310067e-08,7.535540333993511e-09,6.158349235400994e-11,0.0069347239442603004,0.0036557904713515315,0.0018866902690303894,0.0021316842739993033,0.20512398514860405,0.02939809393305947,0.02043465892153851,0.008398092408438316,0.004332010565075575,0.15038887091472528,-0.34255372165140036,0.9356790045562229,-0.009982790536913389,-0.024796329929432856,-0.030540302472883144,-0.003702540352674213,-0.021003411654509318,0.0066366807341627105,0.060494580533231666,0.03682434173466352,-0.601356005721069,-0.21386671661105494,-0.07848664059281046,0.43144757375710824,-0.19486029228652055,0.04058482300528788,0.5532777421426017,-0.023742372951107964,0.02471794069762639,0.2311194973867685
interior_sample_11,interior_sample,central5x6,60,"theta_slow:+0.803, kappa_slow:-0.588, theta_fast:+0.056, sigma_slow:-0.053",0.5689508101749777,1.0252582528647623e-06,554934.1432611962,10,10,0.5689508101749777,0.07432864261751426,0.020316647812602368,0.005097179752923,0.0016678877555086134,0.0005409905774108532,9.168345156267569e-05,6.344152093347593e-05,1.0717693935228611e-05,1.0252582528647623e-06,0.04429376984633282,0.024028256953385046,0.006615787239390215,0.0057678552734751615,0.4661390216184091,0.12417638136939692,0.11081598732643698,0.020274642123994997,0.00908581285982409,0.28561532995118394,-0.5883458541919744,0.8029494880856589,-0.053062073090286155,0.0034882448187250155,0.016060588621441135,0.01440735980280391,0.056060463611391255,0.02289023992687977,0.04238228076826836,-0.01910531535543073,-0.3119508675830363,-0.26661872711785006,-0.041781026679631954,0.4519388302246246,-0.3100938998788522,0.046815760464817585,0.6149680428257638,-0.03891921665743063,0.10674445232009458,0.3690013966311943
interior_sample_12,interior_sample,full108_calls_puts,108,"theta_fast:+0.554, kappa_slow:-0.464, v0_fast:+0.412, theta_slow:-0.392",0.5179719195127106,1.2203560123274504e-05,42444.32889094715,10,10,0.5179719195127106,0.08644683199285502,0.035900265430565584,0.006681298798615719,0.003712690597079871,0.0019937154621430123,0.0006959278273912272,7.021988262981408e-05,3.2762128577083316e-05,1.2203560123274504e-05,0.018593098084463865,0.09035601138575505,0.014672478544066808,0.018871956964892297,0.4196464494736903,0.004042941938240823,0.15595184145535365,0.012957783056649939,0.03001883057236819,0.2579318491826101,-0.46378187052169384,-0.3919308670112175,0.003580233196541061,-0.10529858598115338,-0.3466709475722624,-0.010090619361478079,0.5535726120615029,-0.15251739967259553,-0.016062308681259612,0.4122513838696684,0.8533726004933848,-0.26049773842451057,0.21717261706865446,-0.10375710067400751,-0.17961395937808736,-0.023598416619327385,0.19504092376771734,-0.1598999802561037,0.06209190960791059,0.21373867436407637
interior_sample_12,interior_sample,central5_27_55,20,"kappa_slow:+0.796, theta_slow:+0.482, theta_fast:-0.257, kappa_fast:-0.202",0.23745617143172457,1.7502154098520986e-08,13567254.070274169,10,8,0.23745617143172457,0.010112358199215868,0.009728342373466705,0.0008811294345424455,0.0001895398070477353,3.8101152209728985e-05,2.0451682881662832e-06,5.020959376909738e-07,6.291844446915906e-08,1.7502154098520986e-08,0.0031518717931524956,0.013891883923349254,0.003126846954958296,0.004264343609479042,0.19067252125553463,0.001395858270262502,0.028981064709026862,0.003557454114833291,0.00846325723701608,0.1380946194659749,0.7964754767830039,0.4823049336016926,-0.018671345797261582,-0.031466455011204625,-0.09647844244700124,-0.20182276371112276,-0.2565564355580583,-0.04175340320404214,-0.007998092625341052,0.11832569611832697,0.12210211104632468,-0.008098450969700738,0.25069723713612363,0.21699828465021015,0.4833588985230643,0.3334920956106825,-0.41648558995819007,0.14363079151926086,0.04796985953449635,-0.5777924959410935
interior_sample_12,interior_sample,central5x6,60,"theta_fast:+0.572, v0_fast:+0.426, theta_slow:-0.425, v0_slow:-0.358",0.4692500783748054,1.4752241051571585e-06,318087.31753662287,10,10,0.4692500783748054,0.07919141652931616,0.0195129911285955,0.003661954470344177,0.0016081789691662798,0.0010853864454452298,0.0001768870303063183,4.4490534555773665e-05,2.234699308408247e-05,1.4752241051571585e-06,0.016162609650547034,0.0783966191944747,0.010297731671135181,0.009813787939395528,0.380928877325008,0.002620165833415621,0.13552450769516713,0.011600239766783971,0.01610192536371853,0.2374465479893028,-0.34756389352099687,-0.4249305046769148,0.10303019547443339,-0.1047156104946852,-0.3580078797984214,0.07692327653410667,0.5717482085247816,-0.18623956596429106,0.004768012625616437,0.42586625782985743,0.9123619219082466,-0.20209623000339771,0.2024879017858289,-0.08853406743421575,-0.13035567867337303,-0.03806726224273087,0.11489113622202275,-0.13591059067070002,0.0611284025404725,0.1551229929803519
interior_sample_13,interior_sample,full108_calls_puts,108,"kappa_slow:+0.569, theta_fast:-0.544, theta_slow:+0.399, v0_fast:-0.319",0.6008965327289922,2.6006444326078664e-06,231056.78161717288,10,10,0.6008965327289922,0.08281114372524102,0.026438104208508107,0.004547026478238165,0.0028862729824993046,0.0005360083597554592,0.00032735821339418484,0.00011837314256181514,1.7551969981363078e-05,2.6006444326078664e-06,0.019034706563010845,0.08809488049069997,0.017998555541786625,0.015380196106370604,0.4818171479069676,0.03970493596837636,0.14544059718574925,0.00928186971627435,0.014204210731500529,0.3237500027957629,0.5693872500309244,0.3993203594107708,0.024616936625398024,0.05176586111410123,0.26854131341657655,0.09794433569608935,-0.5438635100115542,0.004397373492038989,0.1830001099736241,-0.3194562372908811,0.6207605231864126,-0.3761742326071167,0.010957678859101287,-0.43960403191003505,-0.09389428548032992,-0.24870707255681263,0.28615123730287517,-0.07257726333920882,0.33078861654243,0.11196026346328386
interior_sample_13,interior_sample,central5_27_55,20,"theta_fast:-0.601, theta_slow:+0.484, kappa_slow:+0.378, v0_fast:-0.341",0.27808570262605564,8.310314029825227e-10,334627189.33126044,10,7,0.27808570262605564,0.009056893660541273,0.007287353884116139,0.0006311635908784936,5.2250393936253866e-05,1.7433562401496217e-05,5.014314160300453e-06,2.408659160600312e-07,5.547216116461253e-09,8.310314029825227e-10,0.0032305753611899823,0.013707204066307122,0.0044269634344745725,0.003932857753545092,0.22009981906597068,0.009059602288482637,0.025947842184022626,0.002321165329184873,0.003944107136255386,0.1673725240151972,0.3776448326853109,0.48411207118227473,0.020622015971127436,0.1758212514793021,0.2868322730647373,0.15719989027231693,-0.6007370735773119,0.024511414830046957,0.08210726220818275,-0.3412762824451641,-0.8649766713981281,0.11274735670249422,-0.025312471484740317,0.24167555672914884,0.1364100809884645,0.2975057397071364,-0.16228884359846366,0.05617692825906629,-0.12884043632799264,-0.16384396891035466
interior_sample_13,interior_sample,central5x6,60,"kappa_slow:-0.708, theta_fast:+0.461, theta_slow:-0.320, rho_fast:-0.257",0.5581683964654597,1.9124216171128575e-06,291864.7182560688,10,10,0.5581683964654597,0.07733882214321328,0.015929070288728264,0.00289118874409197,0.001075914024334451,0.0003530480210495617,9.492272328692959e-05,3.1430261816539256e-05,5.33485923040967e-06,1.9124216171128575e-06,0.016985899181694825,0.07864001915567173,0.012396703523535522,0.008915790210364778,0.4479120437955992,0.03584076929306551,0.12989006508607653,0.007778249906623329,0.008246900073368901,0.30361323179635896,-0.7081634237647751,-0.3197024846809718,-0.08261076208735445,0.047308381959010784,-0.19657957879421334,-0.10948612004596292,0.461452775310826,0.05379252317325512,-0.2570699503532994,0.23384667084789698,0.4471303858760499,-0.35275996133020615,0.20916608579166457,-0.3858861254061119,-0.30426165298039703,0.027907663800578818,0.381282018033498,-0.21599830782847043,0.2580129297180269,0.36196735370332817
interior_sample_14,interior_sample,full108_calls_puts,108,"kappa_slow:+0.801, rho_slow:-0.512, theta_slow:-0.259, v0_fast:+0.086",0.6627013966679323,1.4528833344041828e-05,45612.84316332952,10,10,0.6627013966679323,0.10530883399373064,0.043688838893842674,0.00805081970278025,0.004505665549984611,0.001346199659781208,0.000622728696094606,0.00020672005233445887,4.3149355421884615e-05,1.4528833344041828e-05,0.02629427145143059,0.07170972278399206,0.03480211958713943,0.008066547195317436,0.5582912445733665,0.01906148510795951,0.21428966812934774,0.014773151609886275,0.01520708329033607,0.2944948571256508,0.8009789466252991,-0.2585789996882732,-0.02472386250170844,-0.51236736478346,-0.07189007727174095,-0.07810874164338341,0.06053200012482478,-0.07141133441902142,0.033031838383659154,0.08552239069516619,0.5368382362056342,0.03628969786636658,0.10647377676940387,0.7488169146538785,0.14101791733004074,-0.0035296965336659315,-0.23079369577444386,0.03376925957200388,0.1897926316168522,-0.16762601672191732
interior_sample_14,interior_sample,central5_27_55,20,"kappa_slow:-0.969, rho_slow:-0.165, theta_slow:+0.144, theta_fast:+0.086",0.2942561139022659,5.797970621099773e-09,50751570.356603615,10,8,0.2942561139022659,0.014807338221030756,0.011482624666149664,0.0012908795440035017,0.00019378217678188357,4.5871172332035356e-05,1.9539880797081735e-05,7.954912389543837e-07,1.990408126414989e-07,5.797970621099773e-09,0.0041152398826135635,0.010473531916982495,0.008318436509465791,0.001940758283433994,0.2414134805662946,0.005515680556838548,0.04139736883665947,0.004861897108122164,0.005273658231549886,0.1632905353053211,-0.9687107755560803,0.14391832350292447,-0.043051842545489494,-0.16521182752570748,-0.015503390738527007,0.04277146277735282,0.08563259853141429,0.007387630565678915,-0.044272628229674496,0.017922126023810353,0.07901092732191833,-0.5483276183535504,-0.06575163102275036,-0.770600597416906,-0.05842832106815352,0.16415628913141672,0.22904977733182477,-0.052504342659122245,0.06906920462080256,0.06777404450078257
interior_sample_14,interior_sample,central5x6,60,"kappa_slow:+0.757, rho_slow:-0.569, theta_slow:-0.263, v0_fast:+0.097",0.6270205131867387,6.309413307872835e-06,99378.57651587788,10,10,0.6270205131867387,0.10075316561503488,0.028628349152736536,0.004757410830341306,0.0031652489584388698,0.0007701247716112848,0.0002654376563424498,8.225556758772464e-05,2.530085307947875e-05,6.309413307872835e-06,0.024190987876806614,0.0661109596895492,0.023421131328925066,0.005240725001856495,0.5292128626167829,0.01680418322981097,0.1967408031178487,0.010543891513765108,0.010174460287632577,0.2817031781075736,0.7569581661622232,-0.2628746804203133,-0.03464232260599365,-0.5690162745814265,-0.08166890767244463,-0.07203077143713967,0.07837829627193599,-0.07231071349708805,0.01618990590138126,0.0971559243684817,-0.5914882706412755,-0.10214417627463693,-0.08302476540505749,-0.6662142696304125,-0.1461346525490406,0.15394418810723634,0.2778412652079613,-0.03359942912793777,-0.18790775455861594,0.1740271932091366
interior_sample_15,interior_sample,full108_calls_puts,108,"kappa_slow:+0.657, theta_fast:-0.429, theta_slow:+0.404, v0_fast:-0.339",0.47382190896291493,3.694058014944028e-05,12826.596308073797,10,10,0.47382190896291493,0.08721564238229243,0.03923794395106643,0.0056540566897040016,0.005384101583094537,0.0019036157430324622,0.0006342489717977062,0.000158117139543133,6.437503972513291e-05,3.694058014944028e-05,0.005157504448434362,0.06955497544455627,0.011186479733356002,0.03345943926064682,0.3954747096074401,0.022720849615220327,0.17409993280313063,0.0072802115028908895,0.022864488035739292,0.199514855761504,0.6573710116342467,0.4044731373261698,0.04852554232890226,-0.025578561167527727,0.2842456497131354,0.04687345697703697,-0.4291991739883808,0.10619315424772148,0.09000567940134228,-0.3386343065300264,-0.6812319440198715,0.31630794300189696,-0.2243810965563695,-0.006758064631250947,0.18214287913388438,0.2297319391479867,-0.36147123532841563,0.3478542676336075,0.027548226534090815,-0.21703463585705596
interior_sample_15,interior_sample,central5_27_55,20,"kappa_slow:+0.721, theta_slow:+0.529, theta_fast:-0.344, v0_fast:-0.201",0.2116837216014473,4.0186860327076763e-10,526748593.64124256,10,8,0.2116837216014473,0.01216632026469507,0.009628857621253494,0.0006068912824792614,0.000172372502323239,3.414640128123166e-05,6.9995600277135565e-06,2.604879844241107e-07,5.1492254837103706e-08,4.0186860327076763e-10,0.000980934266213701,0.01044295047761995,0.002121053329552056,0.007520387509477207,0.17492050794902098,0.007098092313377213,0.035728380315718226,0.002152190986617165,0.00597955005891565,0.11364676775193587,0.7206236325637523,0.5293233063660896,0.07426914179376631,0.014214092373013175,0.1701802102726962,0.062268094604030884,-0.34406704753035555,0.054646463147755044,0.0192103042179609,-0.20056033304341328,0.6511836791781289,-0.6967999649508115,0.07203571054357968,-0.04573886001993365,-0.024624751049985603,-0.00043143093880238664,0.26998379180368204,-0.08070108317896207,0.05113366128613462,0.022875957482397572
interior_sample_15,interior_sample,central5x6,60,"theta_fast:+0.491, v0_fast:+0.422, kappa_slow:-0.413, theta_slow:-0.395",0.4187311338598701,5.816324422943882e-06,71992.39647088546,10,10,0.4187311338598701,0.07918215652293013,0.019190352458138556,0.0051404895038084895,0.0011108616581677212,0.0008940940850384726,0.00015892588244770998,0.00010480920006275668,2.6653603521144434e-05,5.816324422943882e-06,0.004001082113381942,0.05885670591558659,0.010356169996658135,0.016439397347237247,0.35017533615016777,0.02025906885493349,0.14812555741277203,0.005808330020211059,0.011353567492796028,0.18168021256598157,-0.4134531247801949,-0.39528268256786425,0.11532318177060377,0.07405230615152891,-0.35464168446477007,0.07991502133299606,0.4912132681224424,-0.2807463895873138,-0.15427758817317758,0.4218497539626551,0.8694624179864181,-0.1993347750163813,0.19127454784867598,0.011950039891936813,-0.1012927926693277,-0.1781011028946074,0.23336556118436838,-0.23633869241632266,-0.027442958448568068,0.12051217250907283
