expiry,cp,strike,tau,days,mid,forward,discount,k,x,c,market_iv,vega_w,symbol,spot
2026-10-02,P,440.0,0.02043707061910198,7.4595307759722225,0.2,630.1249949846363,1.001443900543367,0.6982741575117618,0.3591434775311724,0.3020427822031352,1.038140040915023,0.0025427849345659227,AMD,629.26
2026-10-02,P,445.0,0.02043707061881659,7.459530775868055,0.27,630.1249949846363,1.001443900543367,0.70620909111985,0.3478439222772391,0.29421877749526093,1.0468749216659048,0.003208665676436346,AMD,629.26
2026-10-02,P,450.0,0.02043707061859462,7.459530775787037,0.195,630.1249949846363,1.001443900543367,0.7141440247279381,0.3366706216791139,0.28616499149408636,0.9764400370233314,0.0026230369464563556,AMD,629.26
2026-10-02,P,465.0,0.020437070617928717,7.459530775543982,0.33499999999999996,630.1249949846363,1.001443900543367,0.7379488255522028,0.303880798856123,0.2625820484702496,0.954871051846926,0.004102236284722296,AMD,629.26
2026-10-02,P,470.0,0.02043707061770675,7.459530775462963,0.255,630.1249949846363,1.001443900543367,0.745883759160291,0.29318550973937496,0.25452033897620263,0.8921471304684196,0.0035001373437093266,AMD,629.26
2026-10-02,P,475.0,0.02043707061748478,7.459530775381944,0.205,630.1249949846363,1.001443900543367,0.7538186927683792,0.2826034004088381,0.24650617043939027,0.8397455155885801,0.003094652735018693,AMD,629.26
2026-10-02,P,480.0,0.0204370706172311,7.459530775289352,0.3,630.1249949846363,1.001443900543367,0.7617536263764674,0.2721321005415427,0.238721783195878,0.8532307859633713,0.004124554370539515,AMD,629.26
2026-10-02,P,500.0,0.020437070616374935,7.459530774976852,0.395,630.1249949846363,1.001443900543367,0.7934933608088202,0.2313101060212876,0.20713259512810134,0.7690638816375013,0.005547089503890336,AMD,629.26
2026-10-02,P,512.5,0.020437070615804163,7.45953077476852,0.54,630.1249949846363,1.001443900543367,0.8133306948290407,0.20661749343091598,0.18752504240118106,0.7318371501758837,0.007307041523203514,AMD,629.26
2026-10-02,P,515.0,0.02043707061570903,7.459530774733796,0.59,630.1249949846363,1.001443900543367,0.8172981616330848,0.20175130377974318,0.18363681052586123,0.7274340420106694,0.007841935463124618,AMD,629.26
2026-10-02,P,517.5,0.02043707061558219,7.4595307746875,0.61,630.1249949846363,1.001443900543367,0.8212656284371289,0.19690867930395514,0.1797010376933068,0.7164608093847954,0.008132539169546938,AMD,629.26
2026-10-02,P,520.0,0.02043707061545535,7.459530774641204,0.5700000000000001,630.1249949846363,1.001443900543367,0.825233095241173,0.1920893928680062,0.17567018294628323,0.6936955748816727,0.00792795039744955,AMD,629.26
2026-10-02,P,522.5,0.020437070615328515,7.459530774594908,0.52,630.1249949846363,1.001443900543367,0.8292005620452171,0.18729322060451326,0.171623481213515,0.6688137198881118,0.007615776593047995,AMD,629.26
2026-10-02,P,525.0,0.020437070615201676,7.459530774548612,0.7949999999999999,630.1249949846363,1.001443900543367,0.8331680288492612,0.18251994185185552,0.16809180651745426,0.7033705972074484,0.010010888490463186,AMD,629.26
2026-10-02,P,527.5,0.02043707061475774,7.459530774386575,0.67,630.1249949846363,1.001443900543367,0.8371354956533054,0.17776933909325768,0.16392625239159953,0.6675610446629539,0.00919497036571508,AMD,629.26
2026-10-02,P,530.0,0.02043707061459919,7.459530774328704,0.7,630.1249949846363,1.001443900543367,0.8411029624573494,0.1730411978973118,0.16000632654478997,0.6575947048295676,0.009601406444221638,AMD,629.26
2026-10-02,P,532.5,0.02043707061444064,7.459530774270833,0.875,630.1249949846363,1.001443900543367,0.8450704292613935,0.1683353068598991,0.15631618199128083,0.6690946627066211,0.011131154767304974,AMD,629.26
2026-10-02,P,535.0,0.020437070614313803,7.459530774224538,0.9299999999999999,630.1249949846363,1.001443900543367,0.8490378960654377,0.16365145754747268,0.15243587360883315,0.6611846645599324,0.01172666481044847,AMD,629.26
2026-10-02,P,537.5,0.02043707061421867,7.4595307741898145,1.01,630.1249949846363,1.001443900543367,0.8530053628694817,0.15898944444166144,0.148595182690748,0.6559825995859996,0.012501721144377436,AMD,629.26
2026-10-02,P,540.0,0.02043707061409183,7.459530774143518,0.9299999999999999,630.1249949846363,1.001443900543367,0.8569728296735258,0.1543490648851592,0.14450094000074498,0.6300500265542172,0.012147754075739984,AMD,629.26
2026-10-02,P,542.5,0.02043707061396499,7.459530774097222,0.855,630.1249949846363,1.001443900543367,0.8609402964775699,0.14973011902886474,0.14041462080361478,0.6046780225117484,0.011795420176491836,AMD,629.26
2026-10-02,P,545.0,0.020437070613869863,7.4595307740625,1.08,630.1249949846363,1.001443900543367,0.864907763281614,0.14513240978023523,0.1368037111788296,0.6170768129036547,0.013691176425305577,AMD,629.26
2026-10-02,P,547.5,0.020437070613743023,7.459530774016203,1.185,630.1249949846363,1.001443900543367,0.8688752300856581,0.14055574275282337,0.13300263772510634,0.6128682086710372,0.014666516596719123,AMD,629.26
2026-10-02,P,550.0,0.020437070613616184,7.459530773969907,1.275,630.1249949846363,1.001443900543367,0.8728426968897022,0.13599992621696275,0.12917779379276595,0.606182591480446,0.015536800915049087,AMD,629.26
2026-10-02,P,552.5,0.020437070613489344,7.4595307739236105,1.395,630.1249949846363,1.001443900543367,0.8768101636937463,0.13146477105157142,0.12540049081766014,0.601698586801873,0.016593973504275,AMD,629.26
2026-10-02,P,555.0,0.02043707061323567,7.459530773831019,1.51,630.1249949846363,1.001443900543367,0.8807776304977905,0.12695009069704474,0.12161526434968162,0.5958240728758127,0.017611849497831435,AMD,629.26
2026-10-02,P,557.5,0.020437070613108826,7.459530773784722,1.62,630.1249949846363,1.001443900543367,0.8847450973018345,0.1224557011092055,0.11782211438883095,0.5887280821936928,0.018597512231047934,AMD,629.26
2026-10-02,P,560.0,0.020437070612981986,7.459530773738425,1.78,630.1249949846363,1.001443900543367,0.8887125641058786,0.11798142071428437,0.11410819935670435,0.5849664946469034,0.01985657387864561,AMD,629.26
2026-10-02,P,562.5,0.02043707061285515,7.45953077369213,1.935,630.1249949846363,1.001443900543367,0.8926800309099228,0.11352707036490405,0.1103863608317055,0.5797653115910668,0.02107103579113034,AMD,629.26
2026-10-02,P,565.0,0.02043707061276002,7.4595307736574075,2.115,630.1249949846363,1.001443900543367,0.8966474977139668,0.10909247329703839,0.10670413977106874,0.5754236832061205,0.022395604738550092,AMD,629.26
2026-10-02,P,567.5,0.02043707061260147,7.459530773599537,2.3200000000000003,630.1249949846363,1.001443900543367,0.9006149645180109,0.10467745508792155,0.10306153617479386,0.5717266477874318,0.02381496455932101,AMD,629.26
2026-10-02,P,570.0,0.020437070612474635,7.459530773553242,2.55,630.1249949846363,1.001443900543367,0.9045824313220551,0.1002818436148834,0.0994585500428814,0.5684907311230184,0.02531404580060667,AMD,629.26
2026-10-02,P,572.5,0.020437070612347792,7.459530773506944,2.8,630.1249949846363,1.001443900543367,0.9085498981260991,0.09590546901508461,0.09588725788245855,0.5652672181988166,0.026858689424089567,AMD,629.26
2026-10-02,P,575.0,0.020437070612252663,7.459530773472222,3.075,630.1249949846363,1.001443900543367,0.9125173649301432,0.09154816364612885,0.0923555831863978,0.5622568572522094,0.028457917476161228,AMD,629.26
2026-10-02,P,577.5,0.020437070612125824,7.459530773425926,3.375,630.1249949846363,1.001443900543367,0.9164848317341874,0.08720976204753063,0.08886352595469904,0.5593504567367134,0.030098904220035697,AMD,629.26
2026-10-02,P,580.0,0.020437070611998988,7.4595307733796306,3.7,630.1249949846363,1.001443900543367,0.9204522985382314,0.0828901009030143,0.0854110861873626,0.5564578267939696,0.031769694005331424,AMD,629.26
2026-10-02,P,582.5,0.02043707061187215,7.459530773333334,4.075,630.1249949846363,1.001443900543367,0.9244197653422755,0.07858901900362364,0.08203788134875023,0.5546871882018958,0.03352943663924138,AMD,629.26
2026-10-02,P,585.0,0.020437070611777016,7.459530773298611,4.5,630.1249949846363,1.001443900543367,0.9283872321463197,0.07430635721162274,0.07874391143886228,0.5537995534052688,0.03534744636129363,AMD,629.26
2026-10-02,P,587.5,0.020437070611650177,7.459530773252315,4.949999999999999,630.1249949846363,1.001443900543367,0.9323546989503637,0.07004195842516528,0.07548955899333643,0.552531073461393,0.037138971272212766,AMD,629.26
2026-10-02,P,590.0,0.020437070611523337,7.459530773206018,5.375,630.1249949846363,1.001443900543367,0.9363221657544079,0.06579566754371413,0.07219558908344825,0.5488291893874798,0.0387964456540112,AMD,629.26
2026-10-02,P,592.5,0.020437070611428212,7.459530773171298,5.949999999999999,630.1249949846363,1.001443900543367,0.940289632558452,0.061567331434192976,0.06913932395973288,0.5497762992576807,0.04065984951407891,AMD,629.26
2026-10-02,P,595.0,0.02043707061130137,7.459530773125,6.55,630.1249949846363,1.001443900543367,0.944257099362496,0.057356798897849545,0.06612267630037982,0.5500582987428061,0.042442467598857614,AMD,629.26
2026-10-02,P,597.5,0.02043707061117453,7.459530773078703,7.15,630.1249949846363,1.001443900543367,0.9482245661665402,0.053163920637813535,0.06310602864102666,0.5488081013167614,0.04410960233579667,AMD,629.26
2026-10-02,P,600.0,0.0204370706110794,7.459530773043981,7.875,630.1249949846363,1.001443900543367,0.9521920329705842,0.04898854922733297,0.06028746830348419,0.5504727848409493,0.04581373124674053,AMD,629.26
2026-10-02,P,602.5,0.020437070610952564,7.459530772997686,8.55,630.1249949846363,1.001443900543367,0.9561594997746283,0.04483053907866924,0.057389673037217204,0.548858560432944,0.04733299379618327,AMD,629.26
2026-10-02,P,605.0,0.020437070610825725,7.45953077295139,9.3,630.1249949846363,1.001443900543367,0.9601269665786725,0.0406897464126378,0.054610730164036836,0.5482910787615939,0.048801483821650345,AMD,629.26
2026-10-02,P,607.5,0.020437070610698882,7.459530772905092,10.125,630.1249949846363,1.001443900543367,0.9640944333827165,0.03656602922877581,0.051950639683942756,0.5486426542086088,0.050193613629185334,AMD,629.26
2026-10-02,P,610.0,0.020437070610603753,7.45953077287037,11.175,630.1249949846363,1.001443900543367,0.9680619001867606,0.032459247276122365,0.049647106383107764,0.5544258933364788,0.05155978808067243,AMD,629.26
2026-10-02,P,612.5,0.020437070610476917,7.459530772824075,11.95,630.1249949846363,1.001443900543367,0.9720293669908048,0.028369262024597205,0.04690778097428938,0.5502188397677816,0.05264740256087917,AMD,629.26
2026-10-02,P,615.0,0.020437070610350078,7.459530772777779,13.575,630.1249949846363,1.001443900543367,0.9759968337948488,0.02429593663696146,0.045515449353783266,0.5697902565485402,0.053847421859009065,AMD,629.26
2026-10-02,P,617.5,0.020437070610223235,7.459530772731481,13.85,630.1249949846363,1.001443900543367,0.979964300598893,0.02023913594134703,0.04198377465772252,0.5481346177820886,0.05456388530335851,AMD,629.26
2026-10-02,P,620.0,0.020437070610096395,7.459530772685184,15.025,630.1249949846363,1.001443900543367,0.9839317674029371,0.01619872640434201,0.039878328678698116,0.5514291251311704,0.05534719356178902,AMD,629.26
2026-10-02,P,622.5,0.02043707061000127,7.459530772650464,16.175,630.1249949846363,1.001443900543367,0.9878992342069811,0.012174576104616645,0.03773326523531162,0.5525072482401978,0.055972926090914116,AMD,629.26
2026-10-02,P,625.0,0.02043707060987443,7.459530772604167,17.325,630.1249949846363,1.001443900543367,0.9918667010110253,0.008166554707077786,0.03558820179192501,0.5521483624194199,0.056452535472659306,AMD,629.26
2026-10-02,P,627.5,0.02043707060974759,7.459530772557871,18.525,630.1249949846363,1.001443900543367,0.9958341678150694,0.004174533437540295,0.03352237327726282,0.5517806923555469,0.05678935678628698,AMD,629.26
2026-10-02,P,630.0,0.020437070609620748,7.459530772511573,19.825,630.1249949846363,1.001443900543367,0.9998016346191134,0.0001983850579009473,0.03161501462004912,0.5527949859493564,0.05698176652843374,AMD,629.26
2026-10-02,C,632.5,0.02043707060958904,7.4595307725,18.299999999999997,630.1249949846363,1.001443900543367,1.0037691014231576,-0.0037620161581960196,0.02899998391307309,0.5400037859659685,0.05702917542426584,AMD,629.26
2026-10-02,C,635.0,0.020437070609462205,7.4595307724537046,17.225,630.1249949846363,1.001443900543367,1.0077365682272017,-0.0077067944492124054,0.027296432945501863,0.5417936059780023,0.056926874394371656,AMD,629.26
2026-10-02,C,637.5,0.02043707060933536,7.459530772407407,16.2,630.1249949846363,1.001443900543367,1.0117040350312458,-0.011636072589102008,0.025672116906654868,0.5435867107182231,0.05668258166003315,AMD,629.26
2026-10-02,C,640.0,0.020437070609018265,7.459530772291666,14.4,630.1249949846363,1.001443900543367,1.0156715018352898,-0.015549971910238155,0.022819659472582108,0.5221734621730603,0.05620449221773417,AMD,629.26
2026-10-02,C,642.5,0.020437070608923136,7.459530772256945,14.2,630.1249949846363,1.001443900543367,1.019638968639334,-0.019448612325895516,0.02250271975768513,0.5444684646317415,0.055777184060851734,AMD,629.26
2026-10-02,C,645.0,0.020437070608764586,7.459530772199074,13.375,630.1249949846363,1.001443900543367,1.023606435443378,-0.02333211235229318,0.021195343433735116,0.5478750745675398,0.05515474903942185,AMD,629.26
2026-10-02,C,647.5,0.020437070608637746,7.459530772152777,12.45,630.1249949846363,1.001443900543367,1.0275739022474222,-0.027200589130213542,0.019729497252336612,0.5470951908048398,0.05437878554198963,AMD,629.26
2026-10-02,C,650.0,0.02043707060851091,7.459530772106482,11.575,630.1249949846363,1.001443900543367,1.0315413690514663,-0.031054158446203562,0.018342885999662353,0.5464171410581866,0.05348267187083131,AMD,629.26
2026-10-02,C,652.5,0.020437070608415778,7.4595307720717585,10.875,630.1249949846363,1.001443900543367,1.0355088358555105,-0.03489293475336928,0.017233596997522947,0.5496469488059613,0.05254621879946467,AMD,629.26
2026-10-02,C,655.0,0.020437070608288938,7.459530772025462,10.125,630.1249949846363,1.001443900543367,1.0394763026595544,-0.03871703119177255,0.016045073066659293,0.5501312209631646,0.05147117537341155,AMD,629.26
2026-10-02,C,657.5,0.0204370706081621,7.459530771979166,9.425,630.1249949846363,1.001443900543367,1.0434437694635985,-0.04252655960844028,0.014935784064519887,0.5508865904766536,0.05031512435751987,AMD,629.26
2026-10-02,C,660.0,0.020437070608035263,7.4595307719328705,8.75,630.1249949846363,1.001443900543367,1.0474112362676427,-0.04632163057699193,0.013866112526742599,0.5511698811790819,0.04906752177319584,AMD,629.26
2026-10-02,C,662.5,0.020437070607908423,7.459530771886574,8.149999999999999,630.1249949846363,1.001443900543367,1.0513787030716868,-0.05010235341689801,0.012915293382051676,0.5526482467697027,0.04778944203857316,AMD,629.26
2026-10-02,C,665.0,0.02043707060768645,7.459530771805555,7.575,630.1249949846363,1.001443900543367,1.055346169875731,-0.05386883621237491,0.01200409170172288,0.553767155816807,0.04644431480733402,AMD,629.26
2026-10-02,C,667.5,0.020437070607559615,7.45953077175926,7.05,630.1249949846363,1.001443900543367,1.059313636679775,-0.0576211858309254,0.011172124950118323,0.5554264154882294,0.04507508478534889,AMD,629.26
2026-10-02,C,670.0,0.020437070607432776,7.459530771712963,6.525,630.1249949846363,1.001443900543367,1.063281103483819,-0.06135950794153238,0.010340158198513768,0.5559175629018102,0.04361717651508236,AMD,629.26
2026-10-02,C,672.5,0.020437070607305936,7.459530771666667,6.050000000000001,630.1249949846363,1.001443900543367,1.0672485702878631,-0.06508390703251485,0.009587426375633456,0.5570552471144794,0.04215687187568235,AMD,629.26
2026-10-02,C,675.0,0.020437070607210804,7.459530771631943,5.625,630.1249949846363,1.001443900543367,1.0712160370919073,-0.06879448642905053,0.008913929481477385,0.5589663486679467,0.0407163140663838,AMD,629.26
2026-10-02,C,677.5,0.020437070607083968,7.459530771585649,5.175,630.1249949846363,1.001443900543367,1.0751835038959514,-0.07249134831037671,0.008200815122959195,0.5587657985763815,0.039145422745761126,AMD,629.26
2026-10-02,C,680.0,0.02043707060695713,7.4595307715393515,4.800000000000001,630.1249949846363,1.001443900543367,1.0791509706999955,-0.07617459372667316,0.00760655315752737,0.56046720232763,0.037673957570660166,AMD,629.26
2026-10-02,C,682.5,0.02043707060683029,7.459530771493055,4.449999999999999,630.1249949846363,1.001443900543367,1.0831184375040395,-0.07984432261563541,0.007051908656457664,0.5621779042698961,0.03620595922816342,AMD,629.26
2026-10-02,C,685.0,0.020437070606735157,7.459530771458332,4.125,630.1249949846363,1.001443900543367,1.0870859043080836,-0.08350063381874594,0.0065368816197500824,0.5639612825038385,0.03475146906334859,AMD,629.26
2026-10-02,C,687.5,0.02043707060660832,7.459530771412037,3.875,630.1249949846363,1.001443900543367,1.0910533711121277,-0.08714362509724705,0.006140706976128865,0.5682616649548117,0.03348238398925823,AMD,629.26
2026-10-02,C,690.0,0.02043707060644977,7.459530771354166,3.575,630.1249949846363,1.001443900543367,1.0950208379161719,-0.09077339314782579,0.005665297403783406,0.5692839796207316,0.03201306784403442,AMD,629.26
2026-10-02,C,692.5,0.02043707060632293,7.45953077130787,3.3,630.1249949846363,1.001443900543367,1.098988304720216,-0.09439003361801432,0.005229505295800066,0.570520531830587,0.03057881518641578,AMD,629.26
2026-10-02,C,695.0,0.02043707060619609,7.459530771261574,3.0700000000000003,630.1249949846363,1.001443900543367,1.1029557715242602,-0.09799364112131292,0.004865024623668547,0.5731517772952363,0.029271205641370153,AMD,629.26
2026-10-02,C,697.5,0.020437070606100966,7.459530771226853,2.7800000000000002,630.1249949846363,1.001443900543367,1.106923238328304,-0.10158430925204132,0.004405462037067935,0.571467651058781,0.027674121933890364,AMD,629.26
2026-10-02,C,700.0,0.020437070605974127,7.459530771180556,2.585,630.1249949846363,1.001443900543367,1.1108907051323482,-0.10516213059992534,0.004096445815043385,0.5741605764259379,0.026433111218990234,AMD,629.26
2026-10-02,C,702.5,0.020437070605847284,7.459530771134259,2.4000000000000004,630.1249949846363,1.001443900543367,1.1148581719363924,-0.10872719676442152,0.003803276578763685,0.5766251700770536,0.025211145135316748,AMD,629.26
2026-10-02,C,705.0,0.020437070605752155,7.459530771099536,2.21,630.1249949846363,1.001443900543367,1.1188256387404365,-0.11227959836878938,0.0035021838496115593,0.5778958851354784,0.023935552677826707,AMD,629.26
2026-10-02,C,707.5,0.02043707060562532,7.459530771053242,2.04,630.1249949846363,1.001443900543367,1.1227931055444806,-0.11581942507391345,0.003232785091949132,0.5795857464146382,0.022730358342511726,AMD,629.26
2026-10-02,C,710.0,0.02043707060549848,7.459530771006945,1.8900000000000001,630.1249949846363,1.001443900543367,1.1267605723485248,-0.1193467655918819,0.002995080305776402,0.5818293182532019,0.021607258514990537,AMD,629.26
2026-10-02,C,712.5,0.020437070605403347,7.459530770972222,1.605,630.1249949846363,1.001443900543367,1.1307280391525687,-0.12286170769932622,0.002543441212048214,0.5725648138273132,0.01964253671291877,AMD,629.26
2026-10-02,C,715.0,0.020437070605244797,7.459530770914351,1.6099999999999999,630.1249949846363,1.001443900543367,1.1346955059566128,-0.1263643382505283,0.0025513647049206383,0.5853530958404172,0.019409534186478523,AMD,629.26
2026-10-02,C,717.5,0.02043707060511796,7.459530770868056,1.3599999999999999,630.1249949846363,1.001443900543367,1.138662972760657,-0.12985474319029688,0.002155190061299421,0.5760485455816438,0.017539782574508223,AMD,629.26
2026-10-02,C,720.0,0.02043707060499112,7.459530770821759,1.38,630.1249949846363,1.001443900543367,1.1426304395647011,-0.13333300756662173,0.0021868840327891183,0.5897756007399516,0.01744373071411845,AMD,629.26
2026-10-02,C,722.5,0.020437070604864282,7.459530770775463,1.28,630.1249949846363,1.001443900543367,1.1465979063687453,-0.136799215543108,0.002028414175340632,0.5922224778615928,0.016538687795010845,AMD,629.26
2026-10-02,C,725.0,0.02043707060476915,7.45953077074074,1.1800000000000002,630.1249949846363,1.001443900543367,1.1505653731727894,-0.14025345041119558,0.001869944317892145,0.5939281655057962,0.015619772153597528,AMD,629.26
2026-10-02,C,727.5,0.020437070604642314,7.459530770694444,0.99,630.1249949846363,1.001443900543367,1.1545328399768333,-0.14369579460216822,0.0015688515887400199,0.5848653304013399,0.013981958795134924,AMD,629.26
2026-10-02,C,730.0,0.020437070604515474,7.459530770648148,0.9950000000000001,630.1249949846363,1.001443900543367,1.1585003067808775,-0.1471263296989575,0.0015767750816124443,0.5965131943668577,0.013845539155540798,AMD,629.26
2026-10-02,C,732.5,0.020437070604388635,7.459530770601852,0.94,630.1249949846363,1.001443900543367,1.1624677735849216,-0.1505451364477431,0.0014896166600157764,0.6010404181414191,0.01323775939283028,AMD,629.26
2026-10-02,C,735.0,0.020437070604293506,7.459530770567129,0.865,630.1249949846363,1.001443900543367,1.1664352403889657,-0.15395229476935743,0.0013707642669294113,0.6025823499912379,0.012462379772746078,AMD,629.26
2026-10-02,C,737.5,0.020437070604166666,7.459530770520833,0.76,630.1249949846363,1.001443900543367,1.1704027071930099,-0.15734788377049566,0.0012043709166085,0.5992168680319109,0.011409082309147979,AMD,629.26
2026-10-02,C,740.0,0.020437070604039827,7.459530770474537,0.88,630.1249949846363,1.001443900543367,1.1743701739970538,-0.16073198175473605,0.0013945347455466843,0.6257823320358477,0.012292117902118687,AMD,629.26
2026-10-02,C,742.5,0.020437070603912987,7.45953077042824,0.685,630.1249949846363,1.001443900543367,1.178337640801098,-0.16410466623337533,0.001085518523522135,0.6089986904562081,0.010467115271019524,AMD,629.26
2026-10-02,C,750.0,0.02043707060381786,7.459530770393519,0.525,630.1249949846363,1.001443900543367,1.1902400412132303,-0.17415500208687687,0.000831966751604556,0.612165411138255,0.008581777181131612,AMD,629.26
2026-10-02,C,760.0,0.020437070603691022,7.459530770347223,0.385,630.1249949846363,1.001443900543367,1.2061099084294067,-0.18740022883689747,0.0006101089511766744,0.6208053860865937,0.0067326420756085885,AMD,629.26
2026-10-02,C,770.0,0.02043707060356418,7.459530770300925,0.29500000000000004,630.1249949846363,1.001443900543367,1.221979775645583,-0.20047231040425018,0.00046748607947303625,0.6329884624289256,0.005413310280132676,AMD,629.26
2026-10-02,C,830.0,0.020437070602929985,7.459530770069445,0.04,630.1249949846363,1.001443900543367,1.3171989789426415,-0.27550749634716426,6.338794297939475e-05,0.6689196155676332,0.0010304673858428873,AMD,629.26
2026-10-05,P,515.0,0.02865624867852613,10.459530767662038,0.72,630.3182033202837,1.0001072592495939,0.8170476392513655,0.20205787584490328,0.18409451843633962,0.6360917639857525,0.010480732001378572,AMD,629.26
2026-10-05,P,517.5,0.028656248678431,10.459530767627315,1.155,630.3182033202837,1.0001072592495939,0.8210138899273429,0.19721525136911536,0.18081832136335052,0.6791325603820756,0.014027124228383127,AMD,629.26
2026-10-05,P,520.0,0.028656248678304158,10.459530767581018,0.7250000000000001,630.3182033202837,1.0001072592495939,0.8249801406033205,0.19239596493316638,0.1761699487349936,0.6110197071394242,0.010860638763296827,AMD,629.26
2026-10-05,P,522.5,0.028656248678177322,10.459530767534723,0.875,630.3182033202837,1.0001072592495939,0.8289463912792979,0.18759979266967344,0.17244164757728797,0.6185175994378005,0.012333520153708564,AMD,629.26
2026-10-05,P,525.0,0.028656248678050483,10.459530767488426,1.02,630.3182033202837,1.0001072592495939,0.8329126419552755,0.18282651391701568,0.16870541476897327,0.6228950756658913,0.013690230727727695,AMD,629.26
2026-10-05,P,530.0,0.028656248677796804,10.459530767395833,0.9650000000000001,630.3182033202837,1.0001072592495939,0.8408451433072305,0.17334776996247192,0.1606856652603187,0.5898133256589656,0.013702105400584516,AMD,629.26
2026-10-05,P,532.5,0.028656248677669968,10.459530767349538,1.21,630.3182033202837,1.0001072592495939,0.844811393983208,0.1686418789250592,0.1571080654641852,0.6026761656198399,0.015812572158418775,AMD,629.26
2026-10-05,P,535.0,0.028656248677574835,10.459530767314815,1.3399999999999999,630.3182033202837,1.0001072592495939,0.8487776446591855,0.1639580296126329,0.15334803770404326,0.6014683584025561,0.016992913363078493,AMD,629.26
2026-10-05,P,537.5,0.028656248677447996,10.459530767268518,1.325,630.3182033202837,1.0001072592495939,0.852743895335163,0.15929601650682151,0.14935799207623857,0.5862204370966413,0.017173746602907537,AMD,629.26
2026-10-05,P,540.0,0.028656248677289445,10.459530767210648,1.35,630.3182033202837,1.0001072592495939,0.8567101460111405,0.15465563695031936,0.14543139965330643,0.5746538707356916,0.017643014315846892,AMD,629.26
2026-10-05,P,542.5,0.02865624867716261,10.459530767164352,1.61,630.3182033202837,1.0001072592495939,0.860676396687118,0.15003669109402476,0.14187759480900008,0.5827215672684132,0.01968157648615267,AMD,629.26
2026-10-05,P,545.0,0.02865624867703577,10.459530767118055,1.435,630.3182033202837,1.0001072592495939,0.8646426473630955,0.14543898184539536,0.1376337363617055,0.5542325125470265,0.01886470086287289,AMD,629.26
2026-10-05,P,547.5,0.028656248676940638,10.459530767083333,1.785,630.3182033202837,1.0001072592495939,0.868608898039073,0.1408623148179835,0.13422270122836222,0.5675765089147403,0.02146297383505334,AMD,629.26
2026-10-05,P,550.0,0.028656248676813798,10.459530767037036,1.78,630.3182033202837,1.0001072592495939,0.8725751487150505,0.13630649828212285,0.1302485189017758,0.5527859654864654,0.021812615057254944,AMD,629.26
2026-10-05,P,552.5,0.028656248676686962,10.459530766990742,2.115,630.3182033202837,1.0001072592495939,0.876541399391028,0.1317713431167315,0.12681368881660537,0.5612938789623254,0.02414245298665053,AMD,629.26
2026-10-05,P,555.0,0.028656248676560123,10.459530766944445,1.96,630.3182033202837,1.0001072592495939,0.8805076500670055,0.12725666276220496,0.12260155697174713,0.5362832840503442,0.023700295190520127,AMD,629.26
2026-10-05,P,557.5,0.028656248676433283,10.459530766898148,2.135,630.3182033202837,1.0001072592495939,0.884473900742983,0.12276227317436557,0.1189129140670867,0.5329065892164003,0.02513587479302458,AMD,629.26
2026-10-05,P,560.0,0.028656248676306444,10.459530766851852,2.57,630.3182033202837,1.0001072592495939,0.8884401514189605,0.11828799277944455,0.11563671699409761,0.5438531418705004,0.027855023488254683,AMD,629.26
2026-10-05,P,562.5,0.028656248676211315,10.45953076681713,2.675,630.3182033202837,1.0001072592495939,0.892406402094938,0.1138336424300642,0.11183703098091047,0.5343298367764147,0.028869346419438943,AMD,629.26
2026-10-05,P,565.0,0.028656248676084475,10.459530766770834,2.965,630.3182033202837,1.0001072592495939,0.8963726527709155,0.10939904536219852,0.10833081604025874,0.5341611012357788,0.030723705507113563,AMD,629.26
2026-10-05,P,567.5,0.028656248675957636,10.459530766724537,3.22,630.3182033202837,1.0001072592495939,0.900338903446893,0.10498402715308167,0.1047690795453432,0.53109372245334,0.032373039872321235,AMD,629.26
2026-10-05,P,570.0,0.028656248675862504,10.459530766689813,3.3,630.3182033202837,1.0001072592495939,0.9043051541228705,0.10058841568004363,0.10092973527911087,0.5188863154236153,0.03330377572936456,AMD,629.26
2026-10-05,P,572.5,0.028656248675735668,10.45953076664352,3.75,630.3182033202837,1.0001072592495939,0.908271404798848,0.0962120410802447,0.09767733315794902,0.5232542360946283,0.035645769421470595,AMD,629.26
2026-10-05,P,575.0,0.028656248675608828,10.459530766597222,4.025,630.3182033202837,1.0001072592495939,0.9122376554748255,0.09185473571128903,0.09414732326546993,0.5185373838664771,0.037271254762161934,AMD,629.26
2026-10-05,P,577.5,0.02865624867548199,10.459530766550925,4.425000000000001,630.3182033202837,1.0001072592495939,0.916203906150803,0.0875163341126908,0.09081560463821747,0.5181207928037858,0.039255493265439506,AMD,629.26
2026-10-05,P,580.0,0.02865624867538686,10.459530766516204,5.125,630.3182033202837,1.0001072592495939,0.9201701568267805,0.08319667296817446,0.08795978504750879,0.5279918313871391,0.0419638388742539,AMD,629.26
2026-10-05,P,582.5,0.02865624867526002,10.459530766469907,4.8,630.3182033202837,1.0001072592495939,0.924136407502758,0.07889559106878379,0.08347797708194205,0.4980186471314722,0.041862847917909,AMD,629.26
2026-10-05,P,585.0,0.02865624867513318,10.459530766423612,6.074999999999999,630.3182033202837,1.0001072592495939,0.9281026581787355,0.07461292927678298,0.0815342973112756,0.5260678741935831,0.04575662760616502,AMD,629.26
2026-10-05,P,587.5,0.02865624867500634,10.459530766377314,6.075,630.3182033202837,1.0001072592495939,0.932068908854713,0.07034853049032538,0.07756804663529804,0.5074841095166565,0.04658328419701678,AMD,629.26
2026-10-05,P,590.0,0.028656248674911212,10.459530766342592,6.275,630.3182033202837,1.0001072592495939,0.9360351595306905,0.06610223960887435,0.07391906198368303,0.4954468287920922,0.04785154689847308,AMD,629.26
2026-10-05,P,592.5,0.028656248674784376,10.459530766296297,7.050000000000001,630.3182033202837,1.0001072592495939,0.940001410206668,0.06187390349935317,0.07118221715211037,0.501356244102163,0.05015096756041913,AMD,629.26
2026-10-05,P,595.0,0.028656248674657533,10.45953076625,7.3999999999999995,630.3182033202837,1.0001072592495939,0.9439676608826455,0.05766337096300972,0.0677711820187672,0.49262576791464535,0.05161739013651006,AMD,629.26
2026-10-05,P,597.5,0.028656248674562405,10.459530766215277,8.175,630.3182033202837,1.0001072592495939,0.947933911558623,0.053470492702973695,0.06503433718719431,0.49587178514931207,0.053631059562622735,AMD,629.26
2026-10-05,P,600.0,0.028656248674435565,10.459530766168982,9.3,630.3182033202837,1.0001072592495939,0.9519001622346005,0.04929512129249312,0.06285270789825603,0.5076821015357846,0.05584336313445604,AMD,629.26
2026-10-05,P,602.5,0.02865624867430873,10.459530766122686,9.975,630.3182033202837,1.0001072592495939,0.9558664129105781,0.045137111143829366,0.05995723005450193,0.5051729916874313,0.0573886417705792,AMD,629.26
2026-10-05,P,605.0,0.02865624867418189,10.459530766076389,10.975,630.3182033202837,1.0001072592495939,0.9598326635865555,0.04099631847779803,0.057577309500336904,0.5103820269063456,0.059063706607952744,AMD,629.26
2026-10-05,P,607.5,0.028656248674055047,10.459530766030092,11.925,630.3182033202837,1.0001072592495939,0.9637989142625331,0.03687260129393591,0.05511807244008138,0.512879606902648,0.060525379521008796,AMD,629.26
2026-10-05,P,610.0,0.028656248673959918,10.45953076599537,12.524999999999999,630.3182033202837,1.0001072592495939,0.9677651649385105,0.03276581934128256,0.05210361983719147,0.5051486306125025,0.06167742970794138,AMD,629.26
2026-10-05,P,612.5,0.02865624867383308,10.459530765949074,13.45,630.3182033202837,1.0001072592495939,0.9717314156144881,0.028675834089757383,0.04960472452389042,0.504778396316357,0.0628697293468017,AMD,629.26
2026-10-05,P,615.0,0.028656248673706242,10.459530765902779,15.2,630.3182033202837,1.0001072592495939,0.9756976662904655,0.024602508702121623,0.048414551561084984,0.5237289035423914,0.06412523264621056,AMD,629.26
2026-10-05,P,617.5,0.02865624867361111,10.459530765868054,14.675,630.3182033202837,1.0001072592495939,0.9796639169664431,0.020545708006507176,0.0436154775711558,0.4854140670610079,0.06473159987177377,AMD,629.26
2026-10-05,P,620.0,0.02865624867348427,10.459530765821759,16.95,630.3182033202837,1.0001072592495939,0.9836301676424206,0.016505298469502144,0.04325812792230166,0.51459281883818,0.06572461069313507,AMD,629.26
2026-10-05,P,622.5,0.02865624867335743,10.459530765775462,17.45,630.3182033202837,1.0001072592495939,0.9875964183183981,0.01248114816977676,0.040085042307230534,0.4995784631981327,0.06632717431561254,AMD,629.26
2026-10-05,P,625.0,0.028656248673230595,10.459530765729168,18.875,630.3182033202837,1.0001072592495939,0.9915626689943756,0.008473126772237887,0.0383793120548358,0.5056563459326605,0.06685814917627077,AMD,629.26
2026-10-05,P,627.5,0.028656248673103756,10.45953076568287,20.35,630.3182033202837,1.0001072592495939,0.9955289196703531,0.0044811055027004915,0.03675289830853179,0.5117353187273104,0.0672292457536698,AMD,629.26
2026-10-05,P,630.0,0.028656248673008623,10.459530765648147,21.875,630.3182033202837,1.0001072592495939,0.9994951703463306,0.0005049571230610173,0.0352058010683185,0.5178583744934173,0.06745057990849095,AMD,629.26
2026-10-05,C,632.5,0.028656248672945205,10.459530765625,20.65,630.3182033202837,1.0001072592495939,1.003461421022308,-0.003455444093035854,0.032757717015428685,0.5095528399577786,0.06753325592614544,AMD,629.26
2026-10-05,C,635.0,0.02865624867281837,10.459530765578705,19.025,630.3182033202837,1.0001072592495939,1.0074276716982855,-0.007400222384052145,0.030179930567483325,0.4982561054258383,0.06746350749156385,AMD,629.26
2026-10-05,C,637.5,0.028656248672691526,10.459530765532406,18.25,630.3182033202837,1.0001072592495939,1.0113939223742632,-0.011329500523941872,0.02895052472307862,0.5058725526042955,0.06726373938364925,AMD,629.26
2026-10-05,C,640.0,0.028656248672532976,10.459530765474536,16.7,630.3182033202837,1.0001072592495939,1.0153601730502406,-0.015243399845078144,0.026491713034269202,0.4941094658717372,0.06687103557040412,AMD,629.26
2026-10-05,C,642.5,0.028656248672437847,10.459530765439814,16.1,630.3182033202837,1.0001072592495939,1.019326423726218,-0.01914204026073541,0.025539914961181687,0.5038071940447986,0.06642665575309888,AMD,629.26
2026-10-05,C,645.0,0.02865624867231101,10.459530765393518,15.275,630.3182033202837,1.0001072592495939,1.0232926744021955,-0.02302554028713298,0.02423119261068635,0.5071814949277428,0.06584175731882308,AMD,629.26
2026-10-05,C,647.5,0.02865624867218417,10.459530765347223,14.4,630.3182033202837,1.0001072592495939,1.0272589250781732,-0.02689401706505347,0.02284315375410039,0.5083611153422207,0.06512527498351903,AMD,629.26
2026-10-05,C,650.0,0.028656248672057332,10.459530765300926,13.675,630.3182033202837,1.0001072592495939,1.0312251757541506,-0.03074758638104339,0.02169306441578631,0.5122328057386801,0.06434051954452251,AMD,629.26
2026-10-05,C,652.5,0.0286562486719622,10.459530765266203,13.2,630.3182033202837,1.0001072592495939,1.035191426430128,-0.03458636268820902,0.020939557607925357,0.521431468954819,0.06357235125808554,AMD,629.26
2026-10-05,C,655.0,0.028656248671803653,10.459530765208333,10.75,630.3182033202837,1.0001072592495939,1.0391576771061055,-0.03841045912661241,0.017053048809484665,0.4794838707477151,0.06149996319554295,AMD,629.26
2026-10-05,C,657.5,0.028656248671708524,10.45953076517361,10.5,630.3182033202837,1.0001072592495939,1.0431239277820832,-0.04221998754328026,0.016656466279031536,0.49232380562773215,0.06061542167921994,AMD,629.26
2026-10-05,C,660.0,0.028656248671581685,10.459530765127315,10.525,630.3182033202837,1.0001072592495939,1.0470901784580606,-0.04601505851183182,0.016696124532076848,0.51187951172584,0.05996104635442307,AMD,629.26
2026-10-05,C,662.5,0.028656248671454845,10.459530765081018,9.925,630.3182033202837,1.0001072592495939,1.051056429134038,-0.04979578135173781,0.015744326458989332,0.514283130790843,0.058732602280976154,AMD,629.26
2026-10-05,C,665.0,0.028656248671328006,10.459530765034723,8.625,630.3182033202837,1.0001072592495939,1.0550226798100155,-0.05356226414721462,0.013682097300633045,0.4963245880769585,0.05656087073092479,AMD,629.26
2026-10-05,C,667.5,0.028656248671232877,10.459530765,8.0,630.3182033202837,1.0001072592495939,1.0589889304859932,-0.057314613765765236,0.012690640974500216,0.4957065431538951,0.05498972593589387,AMD,629.26
2026-10-05,C,670.0,0.028656248671106038,10.459530764953703,7.925,630.3182033202837,1.0001072592495939,1.0629551811619706,-0.061052935876372325,0.012571666215364277,0.5102668710742609,0.0541865182674796,AMD,629.26
2026-10-05,C,672.5,0.028656248670979198,10.459530764907408,7.324999999999999,630.3182033202837,1.0001072592495939,1.066921431837948,-0.0647773349673547,0.01161986814227676,0.5087751039186473,0.05252259858337415,AMD,629.26
2026-10-05,C,675.0,0.02865624867088407,10.459530764872685,6.3,630.3182033202837,1.0001072592495939,1.0708876825139255,-0.0684879143638903,0.00999387976741892,0.49280106520607736,0.04984881623038364,AMD,629.26
2026-10-05,C,677.5,0.02865624867075723,10.459530764826388,6.1,630.3182033202837,1.0001072592495939,1.0748539331899032,-0.0721847762452166,0.009676613743056414,0.5016579951410381,0.04874245211844509,AMD,629.26
2026-10-05,C,680.0,0.02865624867063039,10.459530764780093,5.425,630.3182033202837,1.0001072592495939,1.0788201838658806,-0.07586802166151296,0.00860584091083296,0.4940502145150809,0.046443015649132426,AMD,629.26
2026-10-05,C,682.5,0.02865624867050355,10.459530764733795,5.35,630.3182033202837,1.0001072592495939,1.082786434541858,-0.07953775055047532,0.008486866151697019,0.5059816603904238,0.04561913894811236,AMD,629.26
2026-10-05,C,685.0,0.028656248670376715,10.4595307646875,4.85,630.3182033202837,1.0001072592495939,1.0867526852178355,-0.08319406175358576,0.007693701090790756,0.5023950618688462,0.043591358576538675,AMD,629.26
2026-10-05,C,687.5,0.028656248670281582,10.459530764652778,5.205,630.3182033202837,1.0001072592495939,1.0907189358938132,-0.08683705303208698,0.008256848284034203,0.5292285983167471,0.04404809478053544,AMD,629.26
2026-10-05,C,690.0,0.028656248670123032,10.459530764594907,5.35,630.3182033202837,1.0001072592495939,1.0946851865697906,-0.09046682108266564,0.008486866151697019,0.5483902163758955,0.04390104690211241,AMD,629.26
2026-10-05,C,692.5,0.028656248669996193,10.45953076454861,4.1,630.3182033202837,1.0001072592495939,1.098651437245768,-0.09408346155285409,0.006503953499431361,0.5143724841493795,0.039447699591524894,AMD,629.26
2026-10-05,C,695.0,0.028656248669869357,10.459530764502315,3.75,630.3182033202837,1.0001072592495939,1.1026176879217455,-0.0976870690561526,0.005948737956796977,0.5129191838141585,0.03762384042845006,AMD,629.26
2026-10-05,C,697.5,0.028656248669742517,10.45953076445602,3.38,630.3182033202837,1.0001072592495939,1.1065839385977232,-0.10127773718688131,0.0053617958117263415,0.5095074620601813,0.035620591976272174,AMD,629.26
2026-10-05,C,700.0,0.028656248669615678,10.459530764409722,3.35,630.3182033202837,1.0001072592495939,1.1105501892737006,-0.10485555853476523,0.0053142059080719655,0.5205290084182743,0.03502510382282571,AMD,629.26
2026-10-05,C,702.5,0.028656248669488838,10.459530764363427,3.045,630.3182033202837,1.0001072592495939,1.114516439949678,-0.10842062469926135,0.0048303752209191446,0.5184930483939716,0.03321279979458777,AMD,629.26
2026-10-05,C,705.0,0.02865624866939371,10.459530764328704,2.825,630.3182033202837,1.0001072592495939,1.1184826906256558,-0.11197302630362932,0.004481382594120389,0.5196109185894765,0.031734063460485705,AMD,629.26
2026-10-05,C,707.5,0.02865624866926687,10.459530764282407,2.665,630.3182033202837,1.0001072592495939,1.1224489413016332,-0.1155128530087533,0.004227569774630385,0.5230889619514695,0.03052472826235548,AMD,629.26
2026-10-05,C,710.0,0.02865624866914003,10.459530764236112,2.505,630.3182033202837,1.0001072592495939,1.1264151919776106,-0.11904019352672167,0.00397375695514038,0.5260230019175127,0.029299899712644614,AMD,629.26
2026-10-05,C,712.5,0.028656248669044898,10.459530764201387,2.01,630.3182033202837,1.0001072592495939,1.130381442653588,-0.1225551356341661,0.0031885235448431792,0.5087464093438948,0.026060952869921477,AMD,629.26
2026-10-05,C,715.0,0.028656248668886355,10.45953076414352,2.045,630.3182033202837,1.0001072592495939,1.1343476933295658,-0.12605776618536832,0.0032440450991066175,0.5217021801238608,0.025945102726445915,AMD,629.26
2026-10-05,C,717.5,0.028656248668759512,10.459530764097222,2.135,630.3182033202837,1.0001072592495939,1.1383139440055432,-0.12954817112513678,0.003386814810069745,0.537959499656833,0.026167471863890845,AMD,629.26
2026-10-05,C,720.0,0.028656248668632672,10.459530764050925,1.87,630.3182033202837,1.0001072592495939,1.1422801946815206,-0.13302643550146154,0.002966437327789426,0.5318915982773174,0.024209226763382257,AMD,629.26
2026-10-05,C,725.0,0.028656248668410707,10.459530763969909,1.785,630.3182033202837,1.0001072592495939,1.1502126960334758,-0.13994687834603542,0.0028315992674353605,0.5469087942802834,0.023081937036994012,AMD,629.26
2026-10-05,C,730.0,0.028656248668188736,10.459530763888889,1.5,630.3182033202837,1.0001072592495939,1.1581451973854306,-0.14681975763379737,0.0023794951827187908,0.5462919286912217,0.0205873510841092,AMD,629.26
2026-10-05,C,732.5,0.028656248668061896,10.459530763842592,1.24,630.3182033202837,1.0001072592495939,1.162111448061408,-0.15023856438258287,0.0019670493510475337,0.5347984579222536,0.018351694704394187,AMD,629.26
2026-10-05,C,740.0,0.0286562486677448,10.459530763726852,1.0,630.3182033202837,1.0001072592495939,1.1740102000893406,-0.16042540968957597,0.001586330121812527,0.5403339588444415,0.01570116120615466,AMD,629.26
2026-10-07,P,550.0,0.034135700717877984,12.459530762025464,2.825,629.7350946662397,1.003866417258453,0.8733831172161377,0.13538096807383668,0.13108561807250174,0.565067299335082,0.029674565012672207,AMD,629.26
2026-10-07,P,560.0,0.03413570071765601,12.459530761944443,3.325,629.7350946662397,1.003866417258453,0.8892628102564312,0.11736246257115832,0.11599685163196749,0.5319930663978198,0.03403388109064077,AMD,629.26
2026-10-07,P,570.0,0.03413570071743404,12.459530761863425,4.525,629.7350946662397,1.003866417258453,0.9051425032967246,0.09966288547175735,0.10201538243109609,0.5218102034959168,0.04105020522078083,AMD,629.26
2026-10-07,P,580.0,0.03413570071711695,12.459530761747686,6.35,629.7350946662397,1.003866417258453,0.921022196337018,0.08227114275988823,0.08902257147992376,0.5205485948318351,0.04900603246180824,AMD,629.26
2026-10-07,P,585.0,0.03413570071689498,12.459530761666667,7.375,629.7350946662397,1.003866417258453,0.9289620428571647,0.07368739906849679,0.08270412448928333,0.5177377077726595,0.052742224295681525,AMD,629.26
2026-10-07,P,590.0,0.03413570071667301,12.459530761585649,8.675,629.7350946662397,1.003866417258453,0.9369018893773114,0.06517670940058806,0.07682068712851053,0.5191460569671144,0.05657136558129234,AMD,629.26
2026-10-07,P,595.0,0.034135700716451035,12.459530761504627,10.05,629.7350946662397,1.003866417258453,0.9448417358974581,0.05673784075472347,0.07105588875770175,0.5185438608844919,0.06005330698504174,AMD,629.26
2026-10-07,P,600.0,0.034135700716229074,12.459530761423611,11.5,629.7350946662397,1.003866417258453,0.9527815824176048,0.04836959108420689,0.06540972937685663,0.5160944512320517,0.06318888837034202,AMD,629.26
2026-10-07,P,605.0,0.034135700716038817,12.459530761354168,13.425,629.7350946662397,1.003866417258453,0.9607214289377516,0.040070788269511715,0.060514950265782796,0.5214702085334134,0.0661832138787067,AMD,629.26
2026-10-07,P,610.0,0.03413570071581684,12.459530761273147,14.675,629.7350946662397,1.003866417258453,0.9686612754578983,0.031840289132996275,0.05455242024503404,0.507144143679397,0.06839889403907733,AMD,629.26
2026-10-07,P,615.0,0.03413570071559487,12.459530761192129,17.15,629.7350946662397,1.003866417258453,0.9766011219780449,0.02367697849383537,0.050527660393695384,0.5174482365323372,0.07055992907250785,AMD,629.26
2026-10-07,P,620.0,0.034135700715372905,12.459530761111111,20.1,629.7350946662397,1.003866417258453,0.9845409684981916,0.01557976826121603,0.0472542808121279,0.5339921778288157,0.07214196551105125,AMD,629.26
2026-10-07,P,625.0,0.03413570071515094,12.459530761030095,22.275,629.7350946662397,1.003866417258453,0.9924808150183384,0.00754759656395169,0.042754965000933565,0.5296875048950583,0.07312468759268898,AMD,629.26
2026-10-07,C,630.0,0.0341357007150241,12.459530760983796,23.25,629.7350946662397,1.003866417258453,1.000420661538485,-0.000420573085225041,0.03677808688880243,0.5018929000938033,0.07364352061983305,AMD,629.26
2026-10-07,C,635.0,0.03413570071480213,12.459530760902778,21.049999999999997,629.7350946662397,1.003866417258453,1.0083605080586318,-0.008325752592338398,0.03329800984986198,0.504526602556759,0.07364078006299944,AMD,629.26
2026-10-07,C,640.0,0.034135700714580164,12.45953076082176,19.075,629.7350946662397,1.003866417258453,1.0163003545787785,-0.01616893005336437,0.030173849780813177,0.5084228243964448,0.07313290717083577,AMD,629.26
2026-10-07,C,645.0,0.03413570071435819,12.459530760740739,16.725,629.7350946662397,1.003866417258453,1.024240201098925,-0.02395107049541918,0.026456494761944976,0.5006091070354258,0.07205925264270577,AMD,629.26
2026-10-07,C,650.0,0.03413570071413623,12.459530760659723,15.05,629.7350946662397,1.003866417258453,1.032180047619072,-0.031673116589329565,0.023806890652751683,0.5040545808046091,0.07059990887895348,AMD,629.26
2026-10-07,C,660.0,0.034135700713723995,12.459530760509258,11.8,629.7350946662397,1.003866417258453,1.0480597406593652,-0.046940588720117936,0.018665867754316934,0.5031046054443225,0.06635320206446535,AMD,629.26
2026-10-07,C,670.0,0.034135700713343486,12.459530760370372,9.100000000000001,629.7350946662397,1.003866417258453,1.0639394336996588,-0.0619784660846586,0.014394864115617299,0.5017392277430214,0.060735072105117825,AMD,629.26
2026-10-07,C,680.0,0.034135700713026386,12.459530760254632,6.425,629.7350946662397,1.003866417258453,1.0798191267399522,-0.07679355186979919,0.010163406806905619,0.48608571369190706,0.05308622243703785,AMD,629.26
2026-10-07,C,690.0,0.03413570071280441,12.45953076017361,5.3,629.7350946662397,1.003866417258453,1.0956988197802455,-0.09139235129095181,0.008383821957447435,0.503536177423172,0.04756991929615383,AMD,629.26
2026-10-07,C,700.0,0.03413570071258244,12.45953076009259,5.0,629.7350946662397,1.003866417258453,1.1115785128205389,-0.10578108874305137,0.007909265997591921,0.5425249086301628,0.044473613961421195,AMD,629.26
2026-10-07,C,720.0,0.034135700712170224,12.459530759942131,2.96,629.7350946662397,1.003866417258453,1.1433378989011258,-0.13395196570974777,0.0046822854705744175,0.5478129316964059,0.032786829920473694,AMD,629.26
2026-10-09,P,445.0,0.03961515275742009,14.459530756458333,0.5449999999999999,630.6914750951571,1.0020106218881952,0.7055747819214768,0.34874251483544527,0.2952876150370125,0.829185576024867,0.007128837279878214,AMD,629.26
2026-10-09,P,450.0,0.03961515275729326,14.459530756412038,0.465,630.6914750951571,1.0020106218881952,0.7135025884599204,0.33756921423731995,0.2872332181193411,0.7875182885528917,0.0065772954039208156,AMD,629.26
2026-10-09,P,455.0,0.039615152757166414,14.45953075636574,0.635,630.6914750951571,1.0020106218881952,0.7214303949983639,0.32651937805073505,0.2795744161367567,0.8006986328859248,0.008241864647996837,AMD,629.26
2026-10-09,P,465.0,0.039615152756944445,14.459530756284723,0.755,630.6914750951571,1.0020106218881952,0.737286008075251,0.3047793914143292,0.2639086886287112,0.7747926729998361,0.009642234590801062,AMD,629.26
2026-10-09,P,475.0,0.03961515275672248,14.459530756203705,0.8,630.6914750951571,1.0020106218881952,0.7531416211521382,0.2835019929670442,0.24812428264013953,0.7347676124051696,0.010497592908606924,AMD,629.26
2026-10-09,P,480.0,0.03961515275656392,14.459530756145831,0.895,630.6914750951571,1.0020106218881952,0.7610694276905817,0.27303069309974887,0.24034680217702908,0.7248831377364618,0.011528702757394586,AMD,629.26
2026-10-09,P,485.0,0.039615152756437094,14.45953075609954,0.8300000000000001,630.6914750951571,1.0020106218881952,0.7689972342290253,0.26266790606420226,0.23231614095546294,0.6924436268427177,0.011298587877896315,AMD,629.26
2026-10-09,P,490.0,0.03961515275631025,14.459530756053242,0.8049999999999999,630.6914750951571,1.0020106218881952,0.7769250407674688,0.2524114058970132,0.22434877492351069,0.6658501252175335,0.011386285035660512,AMD,629.26
2026-10-09,P,495.0,0.03961515275618341,14.459530756006943,0.86,630.6914750951571,1.0020106218881952,0.7848528473059124,0.24225903443299515,0.21650799927078634,0.6502355165280496,0.012174569992657088,AMD,629.26
2026-10-09,P,500.0,0.03961515275608828,14.459530755972223,0.98,630.6914750951571,1.0020106218881952,0.7927806538443559,0.2322086985794938,0.20877007830118444,0.6418621990601517,0.013524556135804522,AMD,629.26
2026-10-09,P,505.0,0.03961515275596144,14.459530755925925,1.035,630.6914750951571,1.0020106218881952,0.8007084603827995,0.22225836772632565,0.20092930264845987,0.6247959536275446,0.01435821773765755,AMD,629.26
2026-10-09,P,510.0,0.0396151527558346,14.459530755879628,1.02,630.6914750951571,1.0020106218881952,0.8086362669212431,0.21240607128331399,0.19297776041391124,0.59991510916817,0.014648737027030777,AMD,629.26
2026-10-09,P,515.0,0.03961515275573947,14.459530755844908,1.28,630.6914750951571,1.0020106218881952,0.8165640734596866,0.20264989633794936,0.18546137260795792,0.6023316443993403,0.01716306181975165,AMD,629.26
2026-10-09,P,517.5,0.03961515275561263,14.45953075579861,1.5899999999999999,630.6914750951571,1.0020106218881952,0.8205279767289084,0.19780727186216135,0.1819880070582438,0.6169404001570822,0.019614289902320593,AMD,629.26
2026-10-09,P,520.0,0.0396151527554858,14.459530755752317,1.46,630.6914750951571,1.0020106218881952,0.8244918799981302,0.19298798542621243,0.17781839442277692,0.5941251581316703,0.019002713193494305,AMD,629.26
2026-10-09,P,522.5,0.03961515275539067,14.459530755717594,1.535,630.6914750951571,1.0020106218881952,0.828455783267352,0.18819181316271935,0.17397316963408116,0.5881356699897755,0.019815426487682492,AMD,629.26
2026-10-09,P,525.0,0.039615152755263824,14.459530755671295,1.6800000000000002,630.6914750951571,1.0020106218881952,0.8324196865365737,0.18341853441006178,0.1702387114272098,0.5871428635525513,0.021103127059309036,AMD,629.26
2026-10-09,P,527.5,0.03961515275513699,14.459530755625,1.7650000000000001,630.6914750951571,1.0020106218881952,0.8363835898057955,0.17866793165146394,0.16640931043591756,0.5810703645454189,0.02198264577818367,AMD,629.26
2026-10-09,P,530.0,0.039615152755010145,14.459530755578703,2.01,630.6914750951571,1.0020106218881952,0.8403474930750173,0.17393979045551797,0.1628330902030809,0.5855183868010407,0.023855875610392544,AMD,629.26
2026-10-09,P,532.5,0.03961515275491502,14.459530755543982,2.02,630.6914750951571,1.0020106218881952,0.8443113963442391,0.16923389941810527,0.15888501073126238,0.5735940931307116,0.024278995937307535,AMD,629.26
2026-10-09,P,535.0,0.03961515275478818,14.459530755497685,2.16,630.6914750951571,1.0020106218881952,0.8482752996134609,0.16455005010567889,0.1551426406256894,0.5698602069288767,0.025490169048276282,AMD,629.26
2026-10-09,P,537.5,0.039615152754661334,14.459530755451388,2.34,630.6914750951571,1.0020106218881952,0.8522392028826826,0.15988803699986767,0.15146356570973007,0.5679581479460227,0.026916917497060065,AMD,629.26
2026-10-09,P,540.0,0.039615152754534505,14.459530755405094,2.5149999999999997,630.6914750951571,1.0020106218881952,0.8562031061519044,0.15524765744336544,0.14777657889506912,0.5650702094253783,0.028293859574562236,AMD,629.26
2026-10-09,P,542.5,0.03961515275440766,14.459530755358797,2.695,630.6914750951571,1.0020106218881952,0.8601670094211262,0.15062871158707086,0.14409750397910992,0.5618350068545961,0.029679603328582237,AMD,629.26
2026-10-09,P,545.0,0.03961515275431254,14.459530755324076,2.9,630.6914750951571,1.0020106218881952,0.864130912690348,0.14603100233844138,0.14045798855665925,0.559285078226287,0.031171905625158293,AMD,629.26
2026-10-09,P,547.5,0.039615152754185694,14.459530755277779,3.08,630.6914750951571,1.0020106218881952,0.8680948159595698,0.14145433531102955,0.13677891364070005,0.5548700065356955,0.03252534611439984,AMD,629.26
2026-10-09,P,550.0,0.03961515275405885,14.45953075523148,3.325,630.6914750951571,1.0020106218881952,0.8720587192287915,0.13689851877516893,0.13320269340786328,0.552981279652753,0.03415937077018086,AMD,629.26
2026-10-09,P,552.5,0.039615152753932015,14.459530755185185,3.825,630.6914750951571,1.0020106218881952,0.8760226224980133,0.13236336360977763,0.13002998000881527,0.5614976845477436,0.03679751098433042,AMD,629.26
2026-10-09,P,555.0,0.03961515275380517,14.459530755138887,4.05,630.6914750951571,1.0020106218881952,0.8799865257672351,0.12784868325525098,0.1264221121811716,0.5569548998909808,0.03824542998163223,AMD,629.26
2026-10-09,P,557.5,0.03961515275371004,14.459530755104165,4.1,630.6914750951571,1.0020106218881952,0.8839504290364569,0.12335429366741163,0.1225373278989671,0.5448731889020088,0.039037150311714196,AMD,629.26
2026-10-09,P,560.0,0.03961515275358321,14.459530755057871,4.4,630.6914750951571,1.0020106218881952,0.8879143323056787,0.11888001327249051,0.11904813855184948,0.5425212025653499,0.040756654456741315,AMD,629.26
2026-10-09,P,562.5,0.03961515275345637,14.459530755011574,4.725,630.6914750951571,1.0020106218881952,0.8918782355749004,0.11442566292311034,0.11559850869824073,0.5404141991171781,0.04252256994353916,AMD,629.26
2026-10-09,P,565.0,0.03961515275336124,14.459530754976853,5.075,630.6914750951571,1.0020106218881952,0.8958421388441222,0.10999106585524455,0.1121884383381404,0.5384923127801347,0.04432431329263943,AMD,629.26
2026-10-09,P,570.0,0.0396151527532344,14.459530754930556,5.9,630.6914750951571,1.0020106218881952,0.9037699453825658,0.10118043617308962,0.10556609508548354,0.5366501405299285,0.04812812088971698,AMD,629.26
2026-10-09,P,575.0,0.039615152753107556,14.459530754884257,6.825,630.6914750951571,1.0020106218881952,0.9116977519210093,0.09244675620433508,0.09910198980686113,0.5347763343800156,0.051921152219044475,AMD,629.26
2026-10-09,P,580.0,0.03961515275298072,14.459530754837964,7.875,630.6914750951571,1.0020106218881952,0.9196255584594529,0.08378869346122046,0.0928356819957824,0.5333857665519308,0.0556891769147899,AMD,629.26
2026-10-09,P,585.0,0.039615152752822166,14.45953075478009,8.975,630.6914750951571,1.0020106218881952,0.9275533649978965,0.07520494976982893,0.08664849317172074,0.5302035836037132,0.05924131221835966,AMD,629.26
2026-10-09,P,590.0,0.03961515275272704,14.45953075474537,10.3,630.6914750951571,1.0020106218881952,0.93548117153634,0.06669426010192037,0.08081733978923755,0.529776783073703,0.06278874785337346,AMD,629.26
2026-10-09,P,595.0,0.039615152752600205,14.459530754699076,11.75,630.6914750951571,1.0020106218881952,0.9434089780747836,0.05825539145605569,0.07518398387429759,0.5291376364545821,0.06609199509552773,AMD,629.26
2026-10-09,P,600.0,0.03961515275247337,14.45953075465278,13.375,630.6914750951571,1.0020106218881952,0.9513367846132271,0.04988714178553915,0.06982754441391836,0.5293437277623414,0.0691385600602706,AMD,629.26
2026-10-09,P,602.5,0.039615152752346526,14.459530754606481,14.3,630.6914750951571,1.0020106218881952,0.9553006878824489,0.04572913163687544,0.06732734240451788,0.5307520124280377,0.07056904247807927,AMD,629.26
2026-10-09,P,605.0,0.039615152752251394,14.459530754571759,15.175,630.6914750951571,1.0020106218881952,0.9592645911516707,0.04158833897084401,0.0647480214081001,0.530202323713136,0.07185885775387389,AMD,629.26
2026-10-09,P,607.5,0.03961515275212456,14.459530754525463,16.200000000000003,630.6914750951571,1.0020106218881952,0.9632284944208925,0.03746462178698193,0.06240605737273419,0.532120073822695,0.07310124592154998,AMD,629.26
2026-10-09,P,610.0,0.039615152751997715,14.459530754479166,17.225,630.6914750951571,1.0020106218881952,0.9671923976901143,0.033357839834328495,0.06006409333736851,0.533186239896043,0.07422166060933141,AMD,629.26
2026-10-09,P,612.5,0.03961515275183917,14.459530754421296,18.200000000000003,630.6914750951571,1.0020106218881952,0.971156300959336,0.029267854582803468,0.05764301031498542,0.5323861116692903,0.07521589193587155,AMD,629.26
2026-10-09,P,615.0,0.039615152751744036,14.459530754386574,19.299999999999997,630.6914750951571,1.0020106218881952,0.9751202042285578,0.025194529195167625,0.05541972476014578,0.5334240339823076,0.0761254274903373,AMD,629.26
2026-10-09,P,617.5,0.039615152751585496,14.459530754328705,19.75,630.6914750951571,1.0020106218881952,0.9790841074977796,0.021137728499553213,0.05216789237408026,0.5202872296014736,0.07684598558657374,AMD,629.26
2026-10-09,P,620.0,0.03961515275145865,14.459530754282408,21.525,630.6914750951571,1.0020106218881952,0.9830480107670014,0.01709731896254821,0.05101271314397482,0.5336432091508049,0.07760488382257996,AMD,629.26
2026-10-09,P,622.5,0.03961515275136352,14.459530754247686,22.7,630.6914750951571,1.0020106218881952,0.9870119140362232,0.013073168662822748,0.04890810606966123,0.5338701990477784,0.078181158526318,AMD,629.26
2026-10-09,P,625.0,0.039615152751236685,14.45953075420139,23.925,630.6914750951571,1.0020106218881952,0.9909758173054449,0.009065147265284018,0.04688261798236504,0.5343421799764636,0.07864671720461096,AMD,629.26
2026-10-09,P,630.0,0.03961515275110984,14.459530754155093,25.8,630.6914750951571,1.0020106218881952,0.9989036238438885,0.0010969776161070996,0.0419217734570726,0.5215444101637932,0.07924891073929587,AMD,629.26
2026-10-09,C,635.0,0.03961515275104642,14.459530754131944,24.3,630.6914750951571,1.0020106218881952,1.006831430382332,-0.006808201891006111,0.038451827690440185,0.5246045397066563,0.07939699375239714,AMD,629.26
2026-10-09,C,640.0,0.039615152750951295,14.459530754097223,22.174999999999997,630.6914750951571,1.0020106218881952,1.0147592369207756,-0.014651379352032048,0.0350892707422021,0.5260348776306596,0.07909970723120884,AMD,629.26
2026-10-09,C,645.0,0.03961515275082445,14.459530754050926,20.275,630.6914750951571,1.0020106218881952,1.0226870434592192,-0.02243351979408704,0.03208274923554217,0.5290716457765581,0.07838899135172642,AMD,629.26
2026-10-09,C,650.0,0.03961515275069761,14.459530754004627,18.5,630.6914750951571,1.0020106218881952,1.0306148499976628,-0.03015556588799739,0.029274025196425656,0.5318323745743239,0.07729612227419082,AMD,629.26
2026-10-09,C,655.0,0.03961515275060249,14.45953075396991,16.775,630.6914750951571,1.0020106218881952,1.0385426565361062,-0.03781843863356634,0.026544420144326505,0.5328682361194985,0.07582852773566873,AMD,629.26
2026-10-09,C,660.0,0.03961515275047565,14.45953075392361,15.175,630.6914750951571,1.0020106218881952,1.0464704630745498,-0.045423038018785694,0.024012612559770777,0.5337952370599502,0.07402869318748843,AMD,629.26
2026-10-09,C,665.0,0.03961515275034881,14.459530753877317,13.75,630.6914750951571,1.0020106218881952,1.0543982696129934,-0.05297024365416865,0.021757721429775827,0.5358296508837431,0.07197105369765444,AMD,629.26
2026-10-09,C,670.0,0.03961515275022197,14.459530753831018,12.3,630.6914750951571,1.0020106218881952,1.062326076151437,-0.0604609153833263,0.019463270806272196,0.5346719602820064,0.06954453325294181,AMD,629.26
2026-10-09,C,675.0,0.039615152750126836,14.459530753796296,11.175,630.6914750951571,1.0020106218881952,1.0702538826898806,-0.06789589387084442,0.017683093598381446,0.5383747798536536,0.06710919963438715,AMD,629.26
2026-10-09,C,680.0,0.03961515275,14.45953075375,10.0,630.6914750951571,1.0020106218881952,1.078181689228324,-0.07527600116846682,0.015823797403473328,0.5384687339852053,0.06433385431658543,AMD,629.26
2026-10-09,C,685.0,0.03961515274987316,14.459530753703703,9.075,630.6914750951571,1.0020106218881952,1.0861094957667676,-0.08260204126053976,0.014360096143652044,0.5423506662964904,0.06165887494351174,AMD,629.26
2026-10-09,C,690.0,0.039615152749778025,14.459530753668979,8.075,630.6914750951571,1.0020106218881952,1.0940373023052112,-0.08987480058961958,0.01277771640330471,0.5419856554286628,0.058613451775631674,AMD,629.26
2026-10-09,C,695.0,0.039615152749651196,14.459530753622687,7.25,630.6914750951571,1.0020106218881952,1.1019651088436548,-0.09709504856310669,0.011472253117518164,0.5439834339210766,0.05567490545549886,AMD,629.26
2026-10-09,C,700.0,0.039615152749556064,14.459530753587963,6.5,630.6914750951571,1.0020106218881952,1.1098929153820984,-0.10426353804171927,0.010285468312257663,0.5459254059066939,0.05271135663469026,AMD,629.26
2026-10-09,C,705.0,0.03961515274942923,14.459530753541667,5.9,630.6914750951571,1.0020106218881952,1.1178207219205418,-0.11138100581058309,0.009336040468049265,0.550370133405299,0.049989750939605115,AMD,629.26
2026-10-09,C,710.0,0.039615152749302385,14.45953075349537,5.3,630.6914750951571,1.0020106218881952,1.1257485284589854,-0.11844817303367558,0.008386612623840864,0.5529187583693781,0.04713596083586225,AMD,629.26
2026-10-09,C,715.0,0.03961515274920725,14.459530753460648,4.775,630.6914750951571,1.0020106218881952,1.133676334997429,-0.12546574569232216,0.007555863260158515,0.5560753985868154,0.044399100214761726,AMD,629.26
2026-10-09,C,720.0,0.039615152749080416,14.459530753414352,4.2,630.6914750951571,1.0020106218881952,1.1416041415358726,-0.13243441500841555,0.006645994909458798,0.5553881832085238,0.0413295361445285,AMD,629.26
2026-10-09,C,725.0,0.03961515274895357,14.459530753368055,4.05,630.6914750951571,1.0020106218881952,1.1495319480743162,-0.13935485785298937,0.006408637948406698,0.5694677407217741,0.03991702883752758,AMD,629.26
2026-10-09,C,730.0,0.03961515274882674,14.45953075332176,3.45,630.6914750951571,1.0020106218881952,1.1574597546127596,-0.14622773714075127,0.005459210104198298,0.5639272401581819,0.03650491448658812,AMD,629.26
2026-10-09,C,735.0,0.03961515274873161,14.459530753287039,3.05,630.6914750951571,1.0020106218881952,1.1653875611512032,-0.15305370221115117,0.004826258208059365,0.5645263503272847,0.033843609821945196,AMD,629.26
2026-10-09,C,740.0,0.03961515274860477,14.45953075324074,2.75,630.6914750951571,1.0020106218881952,1.1733153676896468,-0.15983338919652995,0.0043515442859551655,0.5680296114103884,0.03161243087959748,AMD,629.26
2026-10-09,C,750.0,0.03961515274847793,14.459530753194446,2.235,630.6914750951571,1.0020106218881952,1.189170980766534,-0.17325640952867072,0.0035366187196762887,0.5749070525787557,0.027474355130896917,AMD,629.26
2026-10-09,C,760.0,0.03961515274835109,14.459530753148147,1.795,630.6914750951571,1.0020106218881952,1.205026593843421,-0.18650163627869124,0.0028403716339234623,0.5802098387402461,0.023618967519403965,AMD,629.26
2026-10-09,C,770.0,0.039615152748224254,14.459530753101852,1.42,630.6914750951571,1.0020106218881952,1.2208822069203082,-0.19957371784604408,0.0022469792312932125,0.5838211192607057,0.020040738127341515,AMD,629.26
2026-10-09,C,780.0,0.03961515274812912,14.45953075306713,1.19,630.6914750951571,1.0020106218881952,1.2367378199971952,-0.21247712268195187,0.001883031891013326,0.5937327846721224,0.017507510966198434,AMD,629.26
2026-10-09,C,800.0,0.03961515274787544,14.459530752974537,0.76,630.6914750951571,1.0020106218881952,1.2684490461509697,-0.23779493066624188,0.001202608602663973,0.6028306848985718,0.012524989000156958,AMD,629.26
2026-10-09,C,820.0,0.03961515274765348,14.45953075289352,0.46499999999999997,630.6914750951571,1.0020106218881952,1.3001602723047438,-0.26248754325661333,0.0007358065792615097,0.6080963508160241,0.008604291701096584,AMD,629.26
2026-10-09,C,840.0,0.039615152747431506,14.4595307528125,0.34,630.6914750951571,1.0020106218881952,1.331871498458518,-0.28658509483567385,0.0005380091117180932,0.6279102477109626,0.006597578258598935,AMD,629.26
2026-10-09,C,850.0,0.03961515274730467,14.459530752766204,0.3,630.6914750951571,1.0020106218881952,1.3477271115354053,-0.2984195524826767,0.00047471392210419983,0.6396698072565468,0.005898946153921558,AMD,629.26
2026-10-09,C,900.0,0.0396151527467339,14.459530752557873,0.1,630.6914750951571,1.0020106218881952,1.4270051769198409,-0.35557796632262534,0.00015823797403473328,0.6582759090015056,0.002381001779138213,AMD,629.26
2026-10-16,P,450.0,0.05879323493261669,21.459530750405094,0.8300000000000001,630.8547129282408,1.0006148989181862,0.7133179649419329,0.3378280043403609,0.2879969019054246,0.7060809861669876,0.011618034231672361,AMD,629.26
2026-10-16,P,460.0,0.058793234932489856,21.459530750358798,0.935,630.8547129282408,1.0006148989181862,0.7291694752739758,0.31584909762158575,0.27231173015045707,0.6792946997335721,0.013092562022438378,AMD,629.26
2026-10-16,P,470.0,0.05879323493236301,21.4595307503125,1.0899999999999999,630.8547129282408,1.0006148989181862,0.7450209856060188,0.2943428924006221,0.2567057672417159,0.6564416440421188,0.015055843542982847,AMD,629.26
2026-10-16,P,475.0,0.05879323493226788,21.459530750277775,1.13,630.8547129282408,1.0006148989181862,0.7529467407720403,0.2837607830700852,0.2488433791526754,0.6403722075455525,0.01575549560072531,AMD,629.26
2026-10-16,P,480.0,0.058793234932141045,21.45953075023148,1.3399999999999999,630.8547129282408,1.0006148989181862,0.7608724959380617,0.2732894832027898,0.2412503011408047,0.6398709111448809,0.017831567343123914,AMD,629.26
2026-10-16,P,485.0,0.05879323493198249,21.45953075017361,1.25,630.8547129282408,1.0006148989181862,0.7687982511040832,0.26292669616724323,0.23318197005157582,0.6114911633349278,0.017557036243142973,AMD,629.26
2026-10-16,P,490.0,0.058793234931855655,21.459530750127314,1.4849999999999999,630.8547129282408,1.0006148989181862,0.7767240062701046,0.2526701960000542,0.22562849646281835,0.6110658285208777,0.01986260476663212,AMD,629.26
2026-10-16,P,495.0,0.05879323493176053,21.459530750092593,1.6600000000000001,630.8547129282408,1.0006148989181862,0.7846497614361262,0.24251782453603607,0.217979972258589,0.6037982517293743,0.021672389052491334,AMD,629.26
2026-10-16,P,500.0,0.058793234931633694,21.459530750046298,1.815,630.8547129282408,1.0006148989181862,0.7925755166021476,0.23246748868253467,0.21029976451586918,0.5939067811174988,0.02333998991417171,AMD,629.26
2026-10-16,P,505.0,0.05879323493150685,21.45953075,2.045,630.8547129282408,1.0006148989181862,0.8005012717681691,0.2225171578293666,0.20273837004248907,0.587807703355083,0.02551963643019677,AMD,629.26
2026-10-16,P,510.0,0.05879323493138001,21.459530749953704,2.24,630.8547129282408,1.0006148989181862,0.8084270269341906,0.21266486138635501,0.19512152937675042,0.5782191764147261,0.027460875073932505,AMD,629.26
2026-10-16,P,515.0,0.05879323493125317,21.459530749907408,2.495,630.8547129282408,1.0006148989181862,0.816352782100212,0.20290868644099033,0.18759973932648333,0.5708499122807636,0.02977350954307146,AMD,629.26
2026-10-16,P,517.5,0.05879323493115804,21.459530749872684,2.645,630.8547129282408,1.0006148989181862,0.8203156596832228,0.1980660619652022,0.18387448828215147,0.5678090275302867,0.031054565171795938,AMD,629.26
2026-10-16,P,520.0,0.0587932349310312,21.45953074982639,2.8,630.8547129282408,1.0006148989181862,0.8242785372662336,0.19324677552925335,0.1801571581224426,0.5646184348799289,0.032354791708456704,AMD,629.26
2026-10-16,P,522.5,0.05879323493090436,21.459530749780093,2.9749999999999996,630.8547129282408,1.0006148989181862,0.8282414148492443,0.18845060326576032,0.1764715115012241,0.5619830833657058,0.033754461692783545,AMD,629.26
2026-10-16,P,525.0,0.058793234930809235,21.459530749745372,3.15,630.8547129282408,1.0006148989181862,0.832204292432255,0.18367732451310265,0.17278586488000558,0.5589177499112467,0.03514080322062584,AMD,629.26
2026-10-16,P,527.5,0.0587932349306824,21.459530749699077,3.35,630.8547129282408,1.0006148989181862,0.8361671700152657,0.17892672175450486,0.1691398226819003,0.5565366260324495,0.036641413066650204,AMD,629.26
2026-10-16,P,530.0,0.058793234930555556,21.459530749652778,3.55,630.8547129282408,1.0006148989181862,0.8401300475982765,0.1741985805585589,0.16549378048379504,0.5537028261672884,0.03812458065626138,AMD,629.26
2026-10-16,P,532.5,0.05879323493042872,21.459530749606483,3.75,630.8547129282408,1.0006148989181862,0.8440929251812872,0.16949268952114627,0.16184773828568977,0.5504493097917798,0.03959309659799397,AMD,629.26
2026-10-16,P,535.0,0.05879323493033359,21.45953074957176,4.0,630.8547129282408,1.0006148989181862,0.8480558027642979,0.16480884020871991,0.15828090493381075,0.5487286888223658,0.04127145273241541,AMD,629.26
2026-10-16,P,537.5,0.058793234930206745,21.459530749525463,4.275,630.8547129282408,1.0006148989181862,0.8520186803473087,0.16014682710290862,0.15475367600504497,0.547422880062181,0.043027563452900514,AMD,629.26
2026-10-16,P,540.0,0.05879323493007991,21.459530749479168,4.525,630.8547129282408,1.0006148989181862,0.8559815579303194,0.1555064475464064,0.15118684265316618,0.5446927829277822,0.04465000984558611,AMD,629.26
2026-10-16,P,542.5,0.058793234929953066,21.45953074943287,4.825,630.8547129282408,1.0006148989181862,0.8599444355133302,0.15088750169011175,0.14769921814751352,0.5432372701292609,0.046443658109289285,AMD,629.26
2026-10-16,P,545.0,0.05879323492985794,21.459530749398148,5.125,630.8547129282408,1.0006148989181862,0.863907313096341,0.1462897924414823,0.14421159364186098,0.5412553570173867,0.04820220630426328,AMD,629.26
2026-10-16,P,547.5,0.058793234929731104,21.459530749351853,5.425,630.8547129282408,1.0006148989181862,0.8678701906793517,0.14171312541407052,0.14072396913620822,0.5387845108106655,0.04992974152064558,AMD,629.26
2026-10-16,P,550.0,0.05879323492960426,21.459530749305557,5.75,630.8547129282408,1.0006148989181862,0.8718330682623624,0.13715730887820982,0.1372759490536689,0.5366230394977755,0.05171167282718394,AMD,629.26
2026-10-16,P,552.5,0.058793234929477425,21.45953074925926,6.15,630.8547129282408,1.0006148989181862,0.8757959458453731,0.13262215371281855,0.1339467422404691,0.5362001086637025,0.0536922025489416,AMD,629.26
2026-10-16,P,555.0,0.05879323492938229,21.459530749224538,6.525,630.8547129282408,1.0006148989181862,0.8797588234283839,0.12810747335829192,0.13057793100415604,0.5344684859806519,0.05554570992345438,AMD,629.26
2026-10-16,P,557.5,0.05879323492925545,21.45953074917824,6.949999999999999,630.8547129282408,1.0006148989181862,0.8837217010113946,0.12361308377045263,0.12728832861406947,0.5336085814769739,0.05749362648977804,AMD,629.26
2026-10-16,P,560.0,0.058793234929128614,21.459530749131943,7.375,630.8547129282408,1.0006148989181862,0.8876845785944053,0.11913880337553155,0.12399872622398267,0.5321860569036145,0.05938805645810897,AMD,629.26
2026-10-16,P,562.5,0.05879323492900177,21.459530749085648,7.85,630.8547129282408,1.0006148989181862,0.891647456177416,0.11468445302615128,0.12078833268012235,0.5315294460094757,0.06135173242056482,AMD,629.26
2026-10-16,P,565.0,0.05879323492887494,21.459530749039352,8.35,630.8547129282408,1.0006148989181862,0.8956103337604268,0.11024985595828554,0.11761754355937526,0.5309271407382807,0.06330984316347586,AMD,629.26
2026-10-16,P,570.0,0.05879323492877981,21.45953074900463,9.524999999999999,630.8547129282408,1.0006148989181862,0.9035360889264483,0.10143922627613056,0.1115531962796732,0.5321652737144907,0.06736661066650543,AMD,629.26
2026-10-16,P,575.0,0.05879323492865297,21.459530748958333,10.575,630.8547129282408,1.0006148989181862,0.9114618440924698,0.09270554630737597,0.10529082688440528,0.5281516246674478,0.0709182836349586,AMD,629.26
2026-10-16,P,580.0,0.05879323492852613,21.459530748912037,11.825,630.8547129282408,1.0006148989181862,0.9193875992584912,0.08404748356426142,0.09934529287404281,0.5264679618051487,0.07452594053880775,AMD,629.26
2026-10-16,P,585.0,0.05879323492839929,21.45953074886574,13.25,630.8547129282408,1.0006148989181862,0.9273133544245127,0.07546373987286997,0.09367698982547257,0.5261995627600451,0.07804411705374303,AMD,629.26
2026-10-16,P,590.0,0.05879323492827245,21.459530748819446,14.775,630.8547129282408,1.0006148989181862,0.9352391095905342,0.06695305020496124,0.08816710446935494,0.5256363972719056,0.08132606797018636,AMD,629.26
2026-10-16,P,595.0,0.05879323492817732,21.459530748784722,16.35,630.8547129282408,1.0006148989181862,0.9431648647565557,0.058514181559096635,0.0827364279594639,0.5238145233795397,0.0843146690796545,AMD,629.26
2026-10-16,P,600.0,0.058793234928050477,21.459530748738423,18.174999999999997,630.8547129282408,1.0006148989181862,0.9510906199225772,0.050145931888580055,0.07770179568070457,0.5244423795690398,0.0871041898953844,AMD,629.26
2026-10-16,P,605.0,0.05879323492792365,21.45953074869213,19.9,630.8547129282408,1.0006148989181862,0.9590163750885986,0.041847129073884985,0.0725087457094925,0.521073695069958,0.08949507833457981,AMD,629.26
2026-10-16,P,610.0,0.058793234927828515,21.459530748657407,22.225,630.8547129282408,1.0006148989181862,0.9669421302546201,0.03361662993736954,0.06826620189299659,0.526067962934832,0.09168724986354528,AMD,629.26
2026-10-16,P,615.0,0.05879323492770168,21.45953074861111,24.525,630.8547129282408,1.0006148989181862,0.9748678854206416,0.02545331929820851,0.06398405365338777,0.5282990698632126,0.09345065804222197,AMD,629.26
2026-10-16,P,620.0,0.058793234927574836,21.459530748564816,26.825,630.8547129282408,1.0006148989181862,0.9827936405866631,0.017356109065589164,0.059701905413778844,0.5283601401809803,0.09482623496764117,AMD,629.26
2026-10-16,P,630.0,0.05879323492744799,21.459530748518517,32.1,630.8547129282408,1.0006148989181862,0.998645150918706,0.0013557677191480776,0.052206928358616844,0.5334028180243895,0.09646002827939051,AMD,629.26
2026-10-16,C,640.0,0.05879323492738458,21.45953074849537,28.025,630.8547129282408,1.0006148989181862,1.0144966612507489,-0.014392589248991046,0.04439655830987444,0.5270768410037231,0.09661808248599278,AMD,629.26
2026-10-16,C,650.0,0.058793234927257736,21.459530748449072,24.049999999999997,630.8547129282408,1.0006148989181862,1.030348171582792,-0.029896775784956472,0.03809945503487887,0.5285731345397138,0.09535822429692517,AMD,629.26
2026-10-16,C,660.0,0.05879323492709919,21.459530748391202,20.450000000000003,630.8547129282408,1.0006148989181862,1.046199681914835,-0.04516424791574486,0.032396418106581,0.528713569639917,0.09279782345838956,AMD,629.26
2026-10-16,C,670.0,0.058793234926972346,21.459530748344907,17.7,630.8547129282408,1.0006148989181862,1.0620511922468778,-0.06020212528028533,0.02803993156413123,0.5362792145403795,0.08936840753132144,AMD,629.26
2026-10-16,C,680.0,0.05879323492687722,21.459530748310186,14.95,630.8547129282408,1.0006148989181862,1.0779027025789207,-0.07501721106542593,0.02368344502168146,0.5371226411028349,0.08489811458249692,AMD,629.26
2026-10-16,C,690.0,0.058793234926750385,21.45953074826389,12.625,630.8547129282408,1.0006148989181862,1.0937542129109636,-0.08961601048657857,0.02000023367215575,0.5392224463446403,0.07981619363927545,AMD,629.26
2026-10-16,C,700.0,0.05879323492662354,21.459530748217592,10.575,630.8547129282408,1.0006148989181862,1.1096057232430068,-0.10400474793867834,0.016752670976875012,0.5403725768447066,0.07420053171929869,AMD,629.26
2026-10-16,C,710.0,0.058793234926496706,21.459530748171296,8.85,630.8547129282408,1.0006148989181862,1.1254572335750497,-0.11818938293063473,0.014019965782065614,0.5422768958305098,0.06836823991055319,AMD,629.26
2026-10-16,C,720.0,0.05879323492636986,21.459530748125,7.55,630.8547129282408,1.0006148989181862,1.1413087439070926,-0.13217562490537457,0.011960535780180269,0.5484967794363221,0.06292709694220014,AMD,629.26
2026-10-16,C,730.0,0.05879323492627473,21.459530748090277,6.325,630.8547129282408,1.0006148989181862,1.1571602542391355,-0.14596894703771035,0.010019919047634464,0.5514665910152947,0.057217976355296365,AMD,629.26
2026-10-16,C,740.0,0.058793234926147894,21.45953074804398,5.300000000000001,630.8547129282408,1.0006148989181862,1.1730117645711784,-0.15957459909348895,0.008396137699994097,0.5548216260651281,0.051726936222777575,AMD,629.26
2026-10-16,C,750.0,0.05879323492602105,21.459530747997682,4.449999999999999,630.8547129282408,1.0006148989181862,1.1888632749032215,-0.17299761942562977,0.007049587314145986,0.5587102578508124,0.046562562080882997,AMD,629.26
2026-10-16,C,760.0,0.058793234925925926,21.459530747962962,3.725,630.8547129282408,1.0006148989181862,1.2047147852352644,-0.18624284617565037,0.005901059043863776,0.5622802568786164,0.04166740630752387,AMD,629.26
2026-10-16,C,770.0,0.05879323492576738,21.45953074790509,3.125,630.8547129282408,1.0006148989181862,1.2205662955673073,-0.1993149277430031,0.004950552889147463,0.5662535733163808,0.037173411617590676,AMD,629.26
2026-10-16,C,780.0,0.058793234925640536,21.459530747858796,2.59,630.8547129282408,1.0006148989181862,1.2364178058993502,-0.21221833257891096,0.004103018234525416,0.5687333757101862,0.03283770357548934,AMD,629.26
2026-10-16,C,790.0,0.0587932349255137,21.4595307478125,2.175,630.8547129282408,1.0006148989181862,1.2522693162313931,-0.22495735835634068,0.0034455848108466336,0.5729318971096901,0.02910514872828695,AMD,629.26
2026-10-16,C,800.0,0.05879323492541857,21.459530747777777,1.835,630.8547129282408,1.0006148989181862,1.2681208265634363,-0.23753614056320094,0.00290696465650739,0.5776076203901288,0.02579066532853249,AMD,629.26
2026-10-16,C,810.0,0.05879323492529173,21.45953074773148,1.74,630.8547129282408,1.0006148989181862,1.2839723368954792,-0.24995866056175806,0.002756467848677307,0.5950588008113837,0.024379659791746916,AMD,629.26
2026-10-16,C,820.0,0.05879323492516489,21.459530747685186,1.49,630.8547129282408,1.0006148989181862,1.299823847227522,-0.26222875315357236,0.0023604236175455103,0.6005508596107424,0.021735913103671515,AMD,629.26
2026-10-16,C,830.0,0.058793234925038046,21.459530747638887,1.21,630.8547129282408,1.0006148989181862,1.315675357559565,-0.27435011368591716,0.0019168540786778975,0.6003634709899832,0.01873801770876637,AMD,629.26
2026-10-16,C,840.0,0.05879323492491122,21.459530747592595,0.97,630.8547129282408,1.0006148989181862,1.331526867891608,-0.2863263047326328,0.0015366516167913723,0.5992451569774213,0.01597289280575257,AMD,629.26
2026-10-16,C,850.0,0.058793234924816085,21.45953074755787,0.75,630.8547129282408,1.0006148989181862,1.347378378223651,-0.2981607623796358,0.001188132693395391,0.5952596918627826,0.013259867520499168,AMD,629.26
2026-10-16,C,860.0,0.05879323492468925,21.459530747511575,0.5349999999999999,630.8547129282408,1.0006148989181862,1.363229888555694,-0.309856802142827,0.0008475346546220454,0.5853220994160709,0.010392497396270142,AMD,629.26
2026-10-16,C,880.0,0.05879323492446727,21.459530747430556,0.46499999999999997,630.8547129282408,1.0006148989181862,1.3949329092197797,-0.3328463203675257,0.0007366422699051424,0.6099209743387879,0.009051639905630134,AMD,629.26
2026-10-16,C,900.0,0.058793234924245305,21.459530747349536,0.35,630.8547129282408,1.0006148989181862,1.4266359298838658,-0.35531917621958437,0.0005544619235845157,0.6215236085912403,0.007151241370084368,AMD,629.26
2026-10-23,P,445.0,0.0779713171040081,28.459530742962958,1.2000000000000002,631.2758095858381,1.0003083824240533,0.7049216732888144,0.3496685840601152,0.2969786530613472,0.671564438382916,0.01636895517733208,AMD,629.26
2026-10-23,P,450.0,0.07797131710388128,28.459530742916666,1.2349999999999999,631.2758095858381,1.0003083824240533,0.7128421415280145,0.33849528346199004,0.2891136110073603,0.656403646707613,0.0170197076906371,AMD,629.26
2026-10-23,P,455.0,0.07797131710378614,28.45953074288194,1.345,631.2758095858381,1.0003083824240533,0.7207626097672147,0.327445447275405,0.28136733935025815,0.6478040296894554,0.018299520705176146,AMD,629.26
2026-10-23,P,460.0,0.07797131710365932,28.45953074283565,1.455,631.2758095858381,1.0003083824240533,0.7286830780064149,0.31651637674321476,0.2736210676931561,0.6384785093842552,0.019588750854485165,AMD,629.26
2026-10-23,P,465.0,0.07797131710356418,28.459530742800926,1.545,631.2758095858381,1.0003083824240533,0.7366035462456151,0.30570546063899906,0.26584312393021814,0.6269931046715644,0.02073795309678505,AMD,629.26
2026-10-23,P,470.0,0.07797131710343734,28.45953074275463,1.6099999999999999,631.2758095858381,1.0003083824240533,0.7445240144848152,0.2950101715222512,0.25802559003498515,0.6132972688910019,0.02171855550264939,AMD,629.26
2026-10-23,P,475.0,0.07797131710331051,28.45953074270834,1.835,631.2758095858381,1.0003083824240533,0.7524444827240153,0.2844280621917143,0.2504614329864403,0.61028042431228,0.02391155370486715,AMD,629.26
2026-10-23,P,480.0,0.07797131710321537,28.459530742673607,2.0949999999999998,631.2758095858381,1.0003083824240533,0.7603649509632155,0.2739567623244188,0.24295270212310838,0.6078106513573232,0.026305449370136083,AMD,629.26
2026-10-23,P,485.0,0.07797131710308852,28.45953074262731,2.235,631.2758095858381,1.0003083824240533,0.7682854192024157,0.26359397528887224,0.2352539386247604,0.5969685238170599,0.027870560909516826,AMD,629.26
2026-10-23,P,490.0,0.07797131710296169,28.459530742581016,2.485,631.2758095858381,1.0003083824240533,0.7762058874416159,0.2533374751216831,0.2277293717085106,0.5914573522580463,0.030160838821968253,AMD,629.26
2026-10-23,P,495.0,0.07797131710283485,28.45953074253472,2.675,631.2758095858381,1.0003083824240533,0.784126355680816,0.24318510365766513,0.2201097884747527,0.5818141391048527,0.03206938567484074,AMD,629.26
2026-10-23,P,500.0,0.07797131710273973,28.459530742500004,3.0,631.2758095858381,1.0003083824240533,0.7920468239200161,0.23313476780416373,0.21270399195538803,0.5777149429921482,0.0347784226027865,AMD,629.26
2026-10-23,P,505.0,0.07797131710261289,28.459530742453705,3.375,631.2758095858381,1.0003083824240533,0.7999672921592164,0.22318443695099557,0.20537737570061332,0.5743277718762644,0.03771010492505467,AMD,629.26
2026-10-23,P,510.0,0.07797131710248605,28.459530742407406,3.6500000000000004,631.2758095858381,1.0003083824240533,0.8078877603984165,0.213332140507984,0.19789239891665855,0.5655189280222535,0.040076228423904056,AMD,629.26
2026-10-23,P,515.0,0.0779713171023592,28.45953074236111,3.95,631.2758095858381,1.0003083824240533,0.8158082286376167,0.20357596556261923,0.19044701226499883,0.5568249752936547,0.04257051024763912,AMD,629.26
2026-10-23,P,520.0,0.07797131710226408,28.45953074232639,4.475,631.2758095858381,1.0003083824240533,0.8237286968768168,0.19391405465088238,0.18335793680399448,0.5551014158933947,0.046090408331553,AMD,629.26
2026-10-23,P,525.0,0.07797131710213724,28.459530742280094,5.0,631.2758095858381,1.0003083824240533,0.8316491651160169,0.18434460363473174,0.17626886134299014,0.551649178028011,0.04949527999771318,AMD,629.26
2026-10-23,P,530.0,0.0779713171020104,28.459530742233795,5.425,631.2758095858381,1.0003083824240533,0.8395696333552172,0.17486585968018786,0.1690214253528055,0.5436941933893981,0.052428807936564625,AMD,629.26
2026-10-23,P,535.0,0.07797131710191527,28.45953074219907,6.025,631.2758095858381,1.0003083824240533,0.8474901015944173,0.1654761193303489,0.16205112028868618,0.5397345376077191,0.05596749008424575,AMD,629.26
2026-10-23,P,540.0,0.07797131710178842,28.459530742152776,6.85,631.2758095858381,1.0003083824240533,0.8554105698336174,0.15617372666803542,0.15543712641522212,0.5402931781837912,0.06012289329268814,AMD,629.26
2026-10-23,P,545.0,0.0779713171016616,28.45953074210648,7.6,631.2758095858381,1.0003083824240533,0.8633310380728176,0.14695707156311133,0.14870436214487293,0.5370166868570942,0.06385404980206978,AMD,629.26
2026-10-23,P,550.0,0.07797131710153477,28.45953074206019,8.475,631.2758095858381,1.0003083824240533,0.8712515063120178,0.13782458799983885,0.14216954853599917,0.5351492453434974,0.06776620881674164,AMD,629.26
2026-10-23,P,555.0,0.07797131710143962,28.45953074202546,9.225000000000001,631.2758095858381,1.0003083824240533,0.879171974551218,0.12877475247992087,0.13543678426564998,0.5288421833107848,0.07121960677406848,AMD,629.26
2026-10-23,P,560.0,0.07797131710131278,28.45953074197916,10.375,631.2758095858381,1.0003083824240533,0.8870924427904181,0.11980608249716052,0.12933746211202135,0.5297452374985332,0.07537554194048812,AMD,629.26
2026-10-23,P,565.0,0.07797131710118595,28.45953074193287,11.525,631.2758095858381,1.0003083824240533,0.8950129110296182,0.11091713507991453,0.12323813995839294,0.5287227173380163,0.07925843275943602,AMD,629.26
2026-10-23,P,570.0,0.0779713171010591,28.459530741886574,12.774999999999999,631.2758095858381,1.0003083824240533,0.9029333792688184,0.10210650539775958,0.11729717833394437,0.5278898581100301,0.08304864380395147,AMD,629.26
2026-10-23,P,575.0,0.07797131710096399,28.459530741851854,14.3,631.2758095858381,1.0003083824240533,0.9108538475080186,0.09337282542900502,0.11179170816474149,0.5303577043280793,0.0869138544618795,AMD,629.26
2026-10-23,P,580.0,0.07797131710083714,28.45953074180556,15.674999999999999,631.2758095858381,1.0003083824240533,0.9187743157472188,0.08471476268589036,0.10604869720176824,0.52824110953019,0.09029722097888905,AMD,629.26
2026-10-23,P,585.0,0.0779713171007103,28.45953074175926,16.875,631.2758095858381,1.0003083824240533,0.9266947839864189,0.07613101899449894,0.1000285553127297,0.5215657546224132,0.09329482186280708,AMD,629.26
2026-10-23,P,590.0,0.07797131710048834,28.459530741678243,19.4,631.2758095858381,1.0003083824240533,0.934615252225619,0.06762032932659034,0.09610669043532827,0.535312312545059,0.09694880614192718,AMD,629.26
2026-10-23,P,595.0,0.07797131709849062,28.459530740949074,20.425,631.2758095858381,1.0003083824240533,0.9425357204648193,0.05918146068072565,0.08980941762022443,0.5227010681978563,0.09935017488355535,AMD,629.26
2026-10-23,P,600.0,0.07797131709839548,28.459530740914353,22.575,631.2758095858381,1.0003083824240533,0.9504561887040194,0.05081321101020908,0.08529370075839726,0.5265225813829687,0.10203095995267082,AMD,629.26
2026-10-23,P,605.0,0.07797131709826864,28.459530740868054,24.35,631.2758095858381,1.0003083824240533,0.9583766569432196,0.04251440819551392,0.08018413191214446,0.5228160663069997,0.10424919072380827,AMD,629.26
2026-10-23,P,610.0,0.07797131709814181,28.459530740821762,26.65,631.2758095858381,1.0003083824240533,0.9662971251824197,0.034283909058998495,0.07590595584408777,0.5254393811002918,0.1062692868854264,AMD,629.26
2026-10-23,P,615.0,0.07797131709801497,28.459530740775463,28.775,631.2758095858381,1.0003083824240533,0.9742175934216198,0.0261205984198376,0.07135064884996545,0.5237917540611788,0.1079240922836757,AMD,629.26
2026-10-23,P,620.0,0.07797131709788813,28.459530740729168,31.375,631.2758095858381,1.0003083824240533,0.9821380616608201,0.018023388187218162,0.06754755436944893,0.5274752212932722,0.10927845405577111,AMD,629.26
2026-10-23,P,625.0,0.07797131709776128,28.45953074068287,33.3,631.2758095858381,1.0003083824240533,0.9900585299000202,0.009991216489953948,0.06267552631696649,0.5198214952478052,0.11028979486903577,AMD,629.26
2026-10-23,P,630.0,0.07797131709766617,28.45953074064815,35.55,631.2758095858381,1.0003083824240533,0.9979789981392204,0.0020230468407770067,0.05831816998431938,0.5153545123524157,0.11098673914196289,AMD,629.26
2026-10-23,C,635.0,0.07797131709760274,28.459530740625002,34.95,631.2758095858381,1.0003083824240533,1.0058994663784204,-0.005882132666336115,0.05534700494845904,0.5218174309251288,0.11133926391644593,AMD,629.26
2026-10-23,C,640.0,0.0779713170974759,28.459530740578703,32.8,631.2758095858381,1.0003083824240533,1.0138199346176207,-0.013725310127362075,0.05194225357108601,0.5228415857782034,0.11137343220485392,AMD,629.26
2026-10-23,C,645.0,0.07797131709734906,28.459530740532408,31.25,631.2758095858381,1.0003083824240533,1.0217404028568209,-0.02150745056941709,0.04948766536879384,0.5309193735088845,0.11111799752297699,AMD,629.26
2026-10-23,C,650.0,0.07797131709722223,28.459530740486112,29.175,631.2758095858381,1.0003083824240533,1.0296608710960211,-0.02922949666332746,0.046201684388305936,0.5300782413263612,0.11055215975426,AMD,629.26
2026-10-23,C,655.0,0.07797131709706366,28.459530740428235,27.475,631.2758095858381,1.0003083824240533,1.0375813393352211,-0.03689236940889643,0.04350955539224355,0.5331966015204916,0.10973685353325749,AMD,629.26
2026-10-23,C,660.0,0.07797131709693683,28.459530740381943,25.725,631.2758095858381,1.0003083824240533,1.0455018075744213,-0.04449696879411581,0.04073824613159109,0.5342257921891381,0.10864526847906687,AMD,629.26
2026-10-23,C,665.0,0.07797131709681,28.45953074033565,24.0,631.2758095858381,1.0003083824240533,1.0534222758136216,-0.05204417442949878,0.03800652700323367,0.5342524840810179,0.10728579232336337,AMD,629.26
2026-10-23,C,670.0,0.07797131709668316,28.459530740289352,21.925,631.2758095858381,1.0003083824240533,1.0613427440528216,-0.05953484615865624,0.03472054602274576,0.5276516171288418,0.10548061922116918,AMD,629.26
2026-10-23,C,675.0,0.07797131709658803,28.459530740254632,21.075000000000003,631.2758095858381,1.0003083824240533,1.0692632122920218,-0.06696982464617439,0.033374481524714575,0.5381468016342857,0.10400741480597517,AMD,629.26
2026-10-23,C,680.0,0.07797131709646118,28.459530740208333,19.674999999999997,631.2758095858381,1.0003083824240533,1.077183680531222,-0.074349931943797,0.0311574341161926,0.5391441934767119,0.10205381147932226,AMD,629.26
2026-10-23,C,685.0,0.07797131709633434,28.459530740162034,18.325,631.2758095858381,1.0003083824240533,1.085104148770422,-0.08167597203586976,0.02901956697226071,0.5396616645015682,0.09990533021324091,AMD,629.26
2026-10-23,C,690.0,0.0779713170962075,28.45953074011574,16.3,631.2758095858381,1.0003083824240533,1.0930246170096223,-0.08894873136494962,0.02581276625636287,0.5279058225046197,0.09681608752277773,AMD,629.26
2026-10-23,C,695.0,0.07797131709611238,28.459530740081018,15.925,631.2758095858381,1.0003083824240533,1.1009450852488225,-0.09616897933843674,0.025218914271937343,0.5418262934323095,0.09523210853144248,AMD,629.26
2026-10-23,C,700.0,0.07797131709598554,28.459530740034722,14.825,631.2758095858381,1.0003083824240533,1.1088655534880227,-0.10333746881704933,0.023476948450955798,0.5427884986810445,0.09271018236821588,AMD,629.26
2026-10-23,C,705.0,0.0779713170958587,28.459530739988423,13.825,631.2758095858381,1.0003083824240533,1.1167860217272227,-0.11045493658591318,0.021893343159154394,0.5443234347953398,0.09014290164912157,AMD,629.26
2026-10-23,C,710.0,0.07797131709570015,28.459530739930557,12.850000000000001,631.2758095858381,1.0003083824240533,1.124706489966423,-0.1175221038090057,0.02034932799964803,0.545183286746629,0.08744345704978626,AMD,629.26
2026-10-23,C,715.0,0.07797131709557331,28.459530739884258,11.375,631.2758095858381,1.0003083824240533,1.1326269582056232,-0.12453967646765231,0.01801351019424096,0.5354756213444155,0.08357222873976033,AMD,629.26
2026-10-23,C,720.0,0.07797131709547818,28.459530739849537,10.600000000000001,631.2758095858381,1.0003083824240533,1.1405474264448232,-0.1315083457837455,0.016786216093094875,0.5375361425305263,0.08082033918040123,AMD,629.26
2026-10-23,C,725.0,0.07797131709535134,28.459530739803238,9.775,631.2758095858381,1.0003083824240533,1.1484678946840234,-0.13842878862831934,0.015479741727358715,0.5375393493580418,0.07780729228855919,AMD,629.26
2026-10-23,C,730.0,0.0779713170952245,28.45953073975694,9.625,631.2758095858381,1.0003083824240533,1.1563883629232237,-0.14530166791608143,0.015242200933588504,0.5505149498902369,0.07640772945053731,AMD,629.26
2026-10-23,C,735.0,0.07797131709509766,28.459530739710647,8.975,631.2758095858381,1.0003083824240533,1.1643088311624237,-0.15212763298648116,0.014212857493917591,0.5524775818561101,0.07369910123940746,AMD,629.26
2026-10-23,C,740.0,0.07797131709500253,28.459530739675923,8.325,631.2758095858381,1.0003083824240533,1.172229299401624,-0.15890731997186,0.013183514054246679,0.5534804447761278,0.07087999573847453,AMD,629.26
2026-10-23,C,750.0,0.0779713170948757,28.45953073962963,6.7,631.2758095858381,1.0003083824240533,1.1880702358800241,-0.1723303403040006,0.0106101554550694,0.5443480596710188,0.06366858519433304,AMD,629.26
2026-10-23,C,760.0,0.07797131709474886,28.459530739583332,6.275,631.2758095858381,1.0003083824240533,1.2039111723584246,-0.18557556705402137,0.009937123206053803,0.561117730279768,0.060426267374673374,AMD,629.26
2026-10-23,C,770.0,0.07797131709462202,28.459530739537037,5.425000000000001,631.2758095858381,1.0003083824240533,1.2197521088368248,-0.19864764862137405,0.008591058708022611,0.564309514768335,0.05540642485179934,AMD,629.26
2026-10-23,C,780.0,0.07797131709449517,28.459530739490738,4.7,631.2758095858381,1.0003083824240533,1.2355930453152253,-0.21155105345728206,0.007442944871466594,0.5678607849620456,0.05069154634169208,AMD,629.26
2026-10-23,C,790.0,0.07797131709440006,28.45953073945602,4.05,631.2758095858381,1.0003083824240533,1.2514339817936255,-0.22429007923471173,0.006413601431795681,0.5706524843924891,0.04612937601811893,AMD,629.26
2026-10-23,C,800.0,0.07797131709427321,28.459530739409722,3.5,631.2758095858381,1.0003083824240533,1.2672749182720258,-0.2368688614415718,0.005542618521304911,0.573873329038823,0.04192324389845811,AMD,629.26
2026-10-23,C,810.0,0.07797131709414637,28.459530739363426,2.9400000000000004,631.2758095858381,1.0003083824240533,1.2831158547504262,-0.24929138144012905,0.0046557995578961255,0.5735266183222442,0.037449604671075616,AMD,629.26
2026-10-23,C,820.0,0.07797131709405124,28.459530739328702,2.4850000000000003,631.2758095858381,1.0003083824240533,1.2989567912288265,-0.26156147403194335,0.003935259150126487,0.5742437563625719,0.03345670656536341,AMD,629.26
2026-10-23,C,830.0,0.07797131709392441,28.45953073928241,2.2350000000000003,631.2758095858381,1.0003083824240533,1.314797727707227,-0.2736828345642882,0.003539357827176136,0.5821819514367298,0.030861441632931873,AMD,629.26
2026-10-23,C,840.0,0.07797131709376585,28.459530739224537,1.915,631.2758095858381,1.0003083824240533,1.3306386641856272,-0.28565902561100387,0.0030326041337996866,0.5843909839001731,0.02767087448757852,AMD,629.26
2026-10-23,C,850.0,0.07797131709363901,28.459530739178238,1.65,631.2758095858381,1.0003083824240533,1.3464796006640274,-0.2974934832580066,0.002612948731472315,0.5872085708192654,0.024843315595946446,AMD,629.26
2026-10-23,C,860.0,0.07797131709351217,28.459530739131942,1.135,631.2758095858381,1.0003083824240533,1.3623205371424278,-0.309189523021198,0.0017973920061945925,0.5681973146938417,0.019408803400520574,AMD,629.26
2026-10-23,C,870.0,0.07797131709338534,28.45953073908565,1.1800000000000002,631.2758095858381,1.0003083824240533,1.378161473620828,-0.32075034542227393,0.0018686542443256558,0.5891142525214823,0.019475432430489773,AMD,629.26
2026-10-23,C,880.0,0.0779713170932585,28.45953073903935,1.255,631.2758095858381,1.0003083824240533,1.3940024100992285,-0.3321790412458968,0.0019874246412107605,0.6122090467570404,0.0198388340928253,AMD,629.26
2026-10-23,C,900.0,0.07797131709303654,28.459530738958335,0.9550000000000001,631.2758095858381,1.0003083824240533,1.425684283056029,-0.35465189709795525,0.0015123430536703399,0.6185948996191507,0.016101581074595715,AMD,629.26
2026-10-30,P,445.0,0.09714939927774606,35.45953073637731,1.765,631.4955537988134,1.0002849624070782,0.7046763786745068,0.3500166189008869,0.2981177774743694,0.6456178687800406,0.022880441352208642,AMD,629.26
2026-10-30,P,450.0,0.09714939927761923,35.45953073633102,2.025,631.4955537988134,1.0002849624070782,0.7125940907944451,0.33884331830276165,0.2906116690930759,0.645106214503914,0.02524590838579979,AMD,629.26
2026-10-30,P,455.0,0.09714939927749239,35.45953073628472,2.125,631.4955537988134,1.0002849624070782,0.7205118029143833,0.32779348211617676,0.28285226610338565,0.6335114959217879,0.02647978371882331,AMD,629.26
2026-10-30,P,460.0,0.09714939927739727,35.45953073625,2.25,631.4955537988134,1.0002849624070782,0.7284295150343216,0.3168644115839865,0.27513244039625717,0.623076730557211,0.02790677039528984,AMD,629.26
2026-10-30,P,465.0,0.09714939927727043,35.4595307362037,2.49,631.4955537988134,1.0002849624070782,0.7363472271542599,0.30605349547977084,0.26759467018891403,0.6183888814897491,0.03010598854739547,AMD,629.26
2026-10-30,P,470.0,0.09714939927714358,35.459530736157404,2.8,631.4955537988134,1.0002849624070782,0.7442649392741982,0.29535820636302285,0.2601677163727443,0.6160562549139998,0.032712897136523075,AMD,629.26
2026-10-30,P,475.0,0.09714939927701674,35.45953073611111,2.94,631.4955537988134,1.0002849624070782,0.7521826513941364,0.284776097032486,0.2524716370351533,0.6046058275769969,0.034275507269031766,AMD,629.26
2026-10-30,P,480.0,0.0971493992768899,35.45953073606481,3.23,631.4955537988134,1.0002849624070782,0.7601003635140747,0.2743047971651906,0.2450130213929339,0.5993854892036683,0.03673149687206806,AMD,629.26
2026-10-30,P,485.0,0.09714939927676307,35.45953073601852,3.4749999999999996,631.4955537988134,1.0002849624070782,0.768018075634013,0.26394201012964397,0.23748316664210323,0.5913554100851777,0.03892159464153331,AMD,629.26
2026-10-30,P,490.0,0.09714939927666794,35.4595307359838,3.7750000000000004,631.4955537988134,1.0002849624070782,0.7759357877539513,0.2536855099624548,0.23004038191290876,0.5847699486486813,0.04140716407609462,AMD,629.26
2026-10-30,P,495.0,0.09714939927654109,35.4595307359375,4.15,631.4955537988134,1.0002849624070782,0.7838534998738896,0.2435331384984368,0.22271632903140015,0.5800468809637334,0.044255368304019334,AMD,629.26
2026-10-30,P,500.0,0.09714939927641426,35.45953073589121,4.525,631.4955537988134,1.0002849624070782,0.7917712119938278,0.23348280264493546,0.21539227614989187,0.5742706890611213,0.04706639266261628,AMD,629.26
2026-10-30,P,505.0,0.09714939927628742,35.45953073584491,5.025,631.4955537988134,1.0002849624070782,0.7996889241137661,0.22353247179176736,0.2082661096811933,0.5715074203888577,0.05039955330771914,AMD,629.26
2026-10-30,P,510.0,0.09714939927619227,35.45953073581018,5.45,631.4955537988134,1.0002849624070782,0.8076066362337044,0.2136801753487557,0.20102121136480866,0.5652364149920756,0.05334701991891876,AMD,629.26
2026-10-30,P,515.0,0.09714939927606546,35.45953073576389,6.0,631.4955537988134,1.0002849624070782,0.8155243483536427,0.20392400040339098,0.19397419946123406,0.5615728650371106,0.05674736151005818,AMD,629.26
2026-10-30,P,520.0,0.09714939927593862,35.45953073571759,6.55,631.4955537988134,1.0002849624070782,0.823442060473581,0.19426208949165405,0.18692718755765947,0.5567289882515915,0.06007109956665679,AMD,629.26
2026-10-30,P,525.0,0.09714939927581177,35.4595307356713,7.375,631.4955537988134,1.0002849624070782,0.8313597725935192,0.18469263847550343,0.18031552576226695,0.5576547908963186,0.06422527706468177,AMD,629.26
2026-10-30,P,530.0,0.09714939927571664,35.45953073563658,8.2,631.4955537988134,1.0002849624070782,0.8392774847134575,0.17521389452095965,0.1737038639668741,0.5568949791634186,0.06818461547162848,AMD,629.26
2026-10-30,P,535.0,0.0971493992755898,35.45953073559028,8.925,631.4955537988134,1.0002849624070782,0.8471951968333958,0.1658241541711206,0.16693389304123352,0.5524602824163737,0.07171933010431371,AMD,629.26
2026-10-30,P,540.0,0.09714939927546296,35.45953073554398,9.774999999999999,631.4955537988134,1.0002849624070782,0.8551129089533341,0.15652176150880703,0.16036180852840276,0.5495517236410513,0.07546207834065756,AMD,629.26
2026-10-30,P,545.0,0.09714939927533611,35.45953073549768,10.75,631.4955537988134,1.0002849624070782,0.8630306210732723,0.14730510640388314,0.15398761042838194,0.5478978197271992,0.07934028972413446,AMD,629.26
2026-10-30,P,550.0,0.097149399275241,35.45953073546296,11.8,631.4955537988134,1.0002849624070782,0.8709483331932106,0.13817262284061058,0.1477321441760473,0.546320329861959,0.08319095763570389,AMD,629.26
2026-10-30,P,555.0,0.09714939927511415,35.459530735416664,12.925,631.4955537988134,1.0002849624070782,0.8788660453131489,0.12912278732069263,0.14159540977139828,0.5447603262416282,0.08698606092342896,AMD,629.26
2026-10-30,P,560.0,0.09714939927498731,35.459530735370365,14.125,631.4955537988134,1.0002849624070782,0.8867837574330872,0.1201541173379322,0.13557740721443534,0.543170519373105,0.09070009302130619,AMD,629.26
2026-10-30,P,565.0,0.09714939927486048,35.45953073532407,15.45,631.4955537988134,1.0002849624070782,0.8947014695530255,0.11126516992068615,0.12975729107028244,0.5423518423503704,0.09437212205397871,AMD,629.26
2026-10-30,P,570.0,0.09714939927476535,35.45953073528935,16.825,631.4955537988134,1.0002849624070782,0.9026191816729637,0.10245454023853136,0.12401632949125341,0.5409699521961551,0.09787360658891067,AMD,629.26
2026-10-30,P,575.0,0.09714939927463852,35.45953073524306,18.275,631.4955537988134,1.0002849624070782,0.910536893792902,0.09372086026977673,0.11839409975991033,0.5394405323948038,0.10122223804301449,AMD,629.26
2026-10-30,P,580.0,0.09714939927451167,35.459530735196765,19.924999999999997,631.4955537988134,1.0002849624070782,0.9184546059128403,0.08506279752666213,0.11308848828906315,0.5396413988408458,0.10449272683118442,AMD,629.26
2026-10-30,P,585.0,0.09714939927441653,35.45953073516203,22.275,631.4955537988134,1.0002849624070782,0.9263723180327786,0.07647905383527062,0.1088910407299516,0.5487424976649138,0.10789904782624633,AMD,629.26
2026-10-30,P,590.0,0.09714939927425799,35.45953073510417,23.975,631.4955537988134,1.0002849624070782,0.9342900301527169,0.06796836416736196,0.1036645838242286,0.5467188664231334,0.11059829769105894,AMD,629.26
2026-10-30,P,595.0,0.09714939927413115,35.45953073505787,25.3,631.4955537988134,1.0002849624070782,0.9422077422726551,0.05952949552149742,0.0978444676800756,0.538213509742466,0.11293570741264171,AMD,629.26
2026-10-30,P,600.0,0.09714939927400432,35.459530735011576,26.8,631.4955537988134,1.0002849624070782,0.9501254543925934,0.05116124585098079,0.0923013925138565,0.5311403802208726,0.11515803668372904,AMD,629.26
2026-10-30,P,605.0,0.09714939927387747,35.45953073496528,29.45,631.4955537988134,1.0002849624070782,0.9580431665125317,0.04286244303628567,0.08857887234548878,0.5385326277142904,0.11739071841366253,AMD,629.26
2026-10-30,P,610.0,0.09714939927378236,35.45953073493056,31.674999999999997,631.4955537988134,1.0002849624070782,0.96596087863247,0.03463194389977017,0.0841835383735674,0.538748683611917,0.11921829027712111,AMD,629.26
2026-10-30,P,615.0,0.09714939927365551,35.45953073488426,34.0,631.4955537988134,1.0002849624070782,0.9738785907524082,0.026468633260609328,0.07994651353189408,0.5390025989576922,0.12077032879686997,AMD,629.26
2026-10-30,P,620.0,0.09714939927352867,35.45953073483796,36.6,631.4955537988134,1.0002849624070782,0.9817963028723465,0.018371423027989935,0.07614483879840239,0.5415689135654154,0.12204552715993155,AMD,629.26
2026-10-30,P,625.0,0.09714939927343354,35.45953073480324,39.15,631.4955537988134,1.0002849624070782,0.9897140149922848,0.010339251330725649,0.07226400949978673,0.5422187933175939,0.12303302984708832,AMD,629.26
2026-10-30,P,630.0,0.0971493992733067,35.459530734756946,42.1,631.4955537988134,1.0002849624070782,0.9976317271122231,0.002371081681548752,0.06901641672216285,0.5467694428134188,0.12373613325902619,AMD,629.26
2026-10-30,C,635.0,0.09714939927324327,35.4595307347338,40.95,631.4955537988134,1.0002849624070782,1.0055494392321613,-0.005534097825564437,0.06482758883653457,0.5425168676360507,0.12417867095830992,AMD,629.26
2026-10-30,C,640.0,0.09714939927311644,35.459530734687505,39.175,631.4955537988134,1.0002849624070782,1.0134671513520996,-0.013377275286590355,0.062017601774633495,0.548199322276967,0.12434234282695367,AMD,629.26
2026-10-30,C,645.0,0.09714939927302131,35.45953073465278,37.125,631.4955537988134,1.0002849624070782,1.021384863472038,-0.021159415728645325,0.058772264604550574,0.549227739280111,0.12425572387673758,AMD,629.26
2026-10-30,C,650.0,0.09714939927289447,35.45953073460648,35.0,631.4955537988134,1.0002849624070782,1.0293025755919762,-0.028881461822555656,0.055408195586781686,0.5481723466807578,0.12391167053510829,AMD,629.26
2026-10-30,C,655.0,0.09714939927276763,35.45953073456018,32.8,631.4955537988134,1.0002849624070782,1.0372202877119145,-0.0365443345681248,0.05192539472132683,0.5450296101035089,0.12329633557310896,AMD,629.26
2026-10-30,C,660.0,0.09714939927264078,35.45953073451388,30.825000000000003,631.4955537988134,1.0002849624070782,1.0451379998318528,-0.044148933953344134,0.04879878939892987,0.5436504416221629,0.1224383883252239,AMD,629.26
2026-10-30,C,665.0,0.09714939927254566,35.459530734479166,29.125,631.4955537988134,1.0002849624070782,1.0530557119517912,-0.05169613958872707,0.046107534184714756,0.5447402858417897,0.12138372136389264,AMD,629.26
2026-10-30,C,670.0,0.09714939927241882,35.45953073443287,28.025,631.4955537988134,1.0002849624070782,1.0609734240717295,-0.0591868113178847,0.044366133751987336,0.5526744534475351,0.12029205232380827,AMD,629.26
2026-10-30,C,675.0,0.09714939927229198,35.45953073438657,26.475,631.4955537988134,1.0002849624070782,1.0688911361916675,-0.06662178980540259,0.04191234223314415,0.5537387934052364,0.11888445523535517,AMD,629.26
2026-10-30,C,680.0,0.09714939927219686,35.45953073435185,24.4,631.4955537988134,1.0002849624070782,1.0768088483116058,-0.07400189710302517,0.03862742778049923,0.5467010935168478,0.11699540406991699,AMD,629.26
2026-10-30,C,685.0,0.09714939927207002,35.45953073430556,22.95,631.4955537988134,1.0002849624070782,1.0847265604315441,-0.0813279371950981,0.036331945391903986,0.5470001035936803,0.11516003679732492,AMD,629.26
2026-10-30,C,690.0,0.09714939927194319,35.45953073425926,21.65,631.4955537988134,1.0002849624070782,1.0926442725514824,-0.0886006965241779,0.034273926698680665,0.5483871444727612,0.11322364143646588,AMD,629.26
2026-10-30,C,695.0,0.09714939927184804,35.459530734224536,20.35,631.4955537988134,1.0002849624070782,1.1005619846714207,-0.09582094449766498,0.03221590800545735,0.5488208962436956,0.11109980347643948,AMD,629.26
2026-10-30,C,700.0,0.0971493992717212,35.45953073417824,19.75,631.4955537988134,1.0002849624070782,1.108479696791359,-0.10298943397627755,0.031266053223969664,0.558435550088831,0.10947749368018146,AMD,629.26
2026-10-30,C,705.0,0.09714939927156266,35.45953073412037,18.425,631.4955537988134,1.0002849624070782,1.1163974089112974,-0.11010690174514155,0.02916845724818436,0.5567576023798725,0.10702486627667956,AMD,629.26
2026-10-30,C,710.0,0.09714939927143582,35.45953073407407,17.55,631.4955537988134,1.0002849624070782,1.1243151210312357,-0.11717406896823403,0.027783252358514816,0.5608556212316006,0.10491907508027579,AMD,629.26
2026-10-30,C,720.0,0.09714939927134068,35.45953073403935,15.5,631.4955537988134,1.0002849624070782,1.140150545271112,-0.13116031094297376,0.02453791518843189,0.5620632040032576,0.09993757464152433,AMD,629.26
2026-10-30,C,730.0,0.09714939927121385,35.459530733993056,13.725,631.4955537988134,1.0002849624070782,1.1559859695109886,-0.14495363307530962,0.021727928126530818,0.564270370442958,0.09482550852670109,AMD,629.26
2026-10-30,C,740.0,0.09714939927108701,35.45953073394676,12.075,631.4955537988134,1.0002849624070782,1.1718213937508652,-0.15855928513108827,0.01911582747743968,0.565322565260951,0.08944179587015677,AMD,629.26
2026-10-30,C,750.0,0.09714939927096018,35.459530733900465,11.3,631.4955537988134,1.0002849624070782,1.1876568179907419,-0.171982305463229,0.017888931718018086,0.5793269475496958,0.08574722404291193,AMD,629.26
2026-10-30,C,760.0,0.09714939927086504,35.45953073386574,9.35,631.4955537988134,1.0002849624070782,1.2034922422306185,-0.1852275322132497,0.014801903678183107,0.568427282004671,0.07866929350569463,AMD,629.26
2026-10-30,C,770.0,0.0971493992707382,35.45953073381944,8.4,631.4955537988134,1.0002849624070782,1.2193276664704948,-0.19829961378060232,0.013297966940827605,0.5739981073095479,0.07399164844398448,AMD,629.26
2026-10-30,C,780.0,0.09714939927064307,35.459530733784725,7.325,631.4955537988134,1.0002849624070782,1.2351630907103714,-0.21120301861651025,0.011596143790662167,0.5742718211042839,0.06861582106878882,AMD,629.26
2026-10-30,C,790.0,0.09714939927051623,35.459530733738426,6.475,631.4955537988134,1.0002849624070782,1.250998514950248,-0.22394204439394005,0.010250516183554612,0.5770120335401293,0.06380046356953845,AMD,629.26
2026-10-30,C,800.0,0.0971493992703894,35.459530733692134,6.3,631.4955537988134,1.0002849624070782,1.2668339391901247,-0.2365208266008002,0.009973475205620703,0.5948513949772195,0.061765882562154976,AMD,629.26
2026-10-30,C,810.0,0.09714939927026256,35.459530733645835,5.025,631.4955537988134,1.0002849624070782,1.2826693634300013,-0.24894334659935738,0.007955033794959371,0.581519097753397,0.05461076400555701,AMD,629.26
2026-10-30,C,820.0,0.09714939927013572,35.459530733599536,4.275,631.4955537988134,1.0002849624070782,1.2985047876698776,-0.2612134391911716,0.006767715318099763,0.5790113464334392,0.04950715070218148,AMD,629.26
2026-10-30,C,830.0,0.09714939927000887,35.45953073355324,4.35,631.4955537988134,1.0002849624070782,1.3143402119097543,-0.27333479972351643,0.006886447165785723,0.6010922325607436,0.048965154906820435,AMD,629.26
2026-10-30,C,840.0,0.09714939926988203,35.45953073350694,3.425,631.4955537988134,1.0002849624070782,1.3301756361496309,-0.2853109907702322,0.005422087710992208,0.5880633365265805,0.042522498189217,AMD,629.26
2026-10-30,C,850.0,0.09714939926978691,35.45953073347222,3.065,631.4955537988134,1.0002849624070782,1.3460110603895075,-0.29714544841723506,0.004852174842099596,0.5923140431684174,0.0393342406468002,AMD,629.26
2026-10-30,C,860.0,0.09714939926962836,35.459530733414354,2.6799999999999997,631.4955537988134,1.0002849624070782,1.3618464846293838,-0.3088414881804262,0.004242684690644997,0.593657172821229,0.03588336064953363,AMD,629.26
2026-10-30,C,870.0,0.09714939926950152,35.459530733368055,2.3449999999999998,631.4955537988134,1.0002849624070782,1.3776819088692605,-0.3204023105815022,0.0037123491043143724,0.5951285529454443,0.032694343033072004,AMD,629.26
2026-10-30,C,880.0,0.09714939926937467,35.459530733321756,2.06,631.4955537988134,1.0002849624070782,1.393517333109137,-0.33183100640512503,0.003261168083107722,0.5970619374486089,0.02981210364662352,AMD,629.26
2026-10-30,C,890.0,0.09714939926927955,35.45953073328704,1.81,631.4955537988134,1.0002849624070782,1.4093527573490137,-0.3431305616590584,0.002865395257487853,0.5990054032815437,0.02715163307245288,AMD,629.26
2026-10-30,C,900.0,0.09714939926915271,35.45953073324074,1.62,631.4955537988134,1.0002849624070782,1.4251881815888903,-0.3543038622571837,0.0025646079100167525,0.6028218284129051,0.02497606280280571,AMD,629.26
2026-11-06,P,545.0,0.11632748145332318,42.45953073046296,15.799999999999999,631.9265227690462,1.002354679802955,0.8624420409066835,0.14798733128334546,0.16250213043085848,0.5887598944735615,0.0958278247812261,AMD,629.26
2026-11-06,P,550.0,0.11632748145319635,42.45953073041667,17.174999999999997,631.9265227690462,1.002354679802955,0.8703543532085797,0.13885484772007298,0.15676059253333696,0.5891304230724592,0.0994739347377145,AMD,629.26
2026-11-06,P,555.0,0.11632748145306951,42.45953073037037,18.75,631.9265227690462,1.002354679802955,0.8782666655104758,0.12980501220015508,0.1513348036400881,0.5913749843032529,0.10313850805237512,AMD,629.26
2026-11-06,P,560.0,0.11632748145294267,42.459530730324076,20.700000000000003,631.9265227690462,1.002354679802955,0.8861789778123721,0.12083634221739459,0.14650104412985065,0.5978773065880055,0.1069064820134797,AMD,629.26
2026-11-06,P,565.0,0.11632748145284755,42.45953073028935,22.275,631.9265227690462,1.002354679802955,0.8940912901142682,0.11194739480014859,0.1410752552366018,0.5974918119962138,0.11006730458198019,AMD,629.26
2026-11-06,P,570.0,0.1163274814527207,42.45953073024306,24.0,631.9265227690462,1.002354679802955,0.9020036024161644,0.10313676511799373,0.1358862780965575,0.5981248161534949,0.11313403477233569,AMD,629.26
2026-11-06,P,575.0,0.11632748145259386,42.45953073019676,26.525,631.9265227690462,1.002354679802955,0.9099159147180605,0.09440308514923916,0.13196029697360412,0.6085161376022725,0.1164091715564205,AMD,629.26
2026-11-06,P,580.0,0.11632748145246702,42.45953073015046,27.299999999999997,631.9265227690462,1.002354679802955,0.9178282270199568,0.08574502240612449,0.12527151206326448,0.5941324897371293,0.1185831642580758,AMD,629.26
2026-11-06,P,585.0,0.11632748145234018,42.45953073010416,29.325,631.9265227690462,1.002354679802955,0.925740539321853,0.07716127871473305,0.1205561584296293,0.5955812446636374,0.12117799596145488,AMD,629.26
2026-11-06,P,590.0,0.11632748145221335,42.45953073005787,31.299999999999997,631.9265227690462,1.002354679802955,0.9336528516237491,0.06865058904682443,0.11576186754492579,0.5952990993071363,0.12353242380443386,AMD,629.26
2026-11-06,P,595.0,0.1163274814520865,42.45953073001157,33.8,631.9265227690462,1.002354679802955,0.9415651639256453,0.06021172040095984,0.11179641779643812,0.6005999638354949,0.12578739714621998,AMD,629.26
2026-11-06,P,600.0,0.11632748145199139,42.459530729976855,35.025000000000006,631.9265227690462,1.002354679802955,0.9494774762275415,0.05184347073044314,0.10581806814571215,0.5889689208168134,0.1275966889224973,AMD,629.26
2026-11-06,P,605.0,0.11632748145186454,42.459530729930556,38.099999999999994,631.9265227690462,1.002354679802955,0.9573897885294377,0.04354466791574808,0.10276039678450843,0.5992402510674292,0.1294705725419089,AMD,629.26
2026-11-06,P,610.0,0.1163274814517377,42.45953072988426,40.575,631.9265227690462,1.002354679802955,0.9653021008313338,0.03531416877923264,0.09875547841048671,0.601050113071508,0.13102602779144804,AMD,629.26
2026-11-06,P,615.0,0.11632748145161086,42.459530729837965,42.65,631.9265227690462,1.002354679802955,0.97321441313323,0.027150858140071725,0.09411906202791964,0.5970983623362925,0.1323562238288327,AMD,629.26
2026-11-06,P,620.0,0.11632748145148401,42.459530729791666,45.05,631.9265227690462,1.002354679802955,0.9811267254351262,0.01905364790745227,0.08999573777729564,0.5961200892944233,0.13349427074814196,AMD,629.26
2026-11-06,P,625.0,0.1163274814513889,42.45953072975695,47.55,631.9265227690462,1.002354679802955,0.9890390377370224,0.011021476210188038,0.08603028802880797,0.5954000561692443,0.13442486713262145,AMD,629.26
2026-11-06,P,630.0,0.11632748145126205,42.45953072971065,50.2,631.9265227690462,1.002354679802955,0.9969513500389185,0.0030533065610111924,0.08230165003352485,0.595522089713038,0.13514485957550623,AMD,629.26
2026-11-06,C,635.0,0.11632748145119863,42.4595307296875,50.775,631.9265227690462,1.002354679802955,1.0048636623408147,-0.004851872946102056,0.08016077845972742,0.6064425839086242,0.135632202210009,AMD,629.26
2026-11-06,C,640.0,0.1163274814510718,42.45953072964121,47.175,631.9265227690462,1.002354679802955,1.012775974642711,-0.012695050407128032,0.07447729638281912,0.5903634831214353,0.135970209008622,AMD,629.26
2026-11-06,C,645.0,0.11632748145097666,42.45953072960648,44.85,631.9265227690462,1.002354679802955,1.020688286944607,-0.020477190849182845,0.07080671420814919,0.5882390402096899,0.13606629634276476,AMD,629.26
2026-11-06,C,650.0,0.11632748145084981,42.45953072956018,42.45,631.9265227690462,1.002354679802955,1.0286005992465033,-0.02819923694309323,0.067017726156877,0.584364512694285,0.13594750663697153,AMD,629.26
2026-11-06,C,655.0,0.11632748145072298,42.45953072951389,40.724999999999994,631.9265227690462,1.002354679802955,1.0365129115483995,-0.035862109688662436,0.0642943909950251,0.5874620152181436,0.13564469014700783,AMD,629.26
2026-11-06,C,660.0,0.11632748145062785,42.45953072947916,38.95,631.9265227690462,1.002354679802955,1.0444252238502956,-0.043466709073881615,0.06149211858210504,0.5891380653304846,0.13515642822607224,AMD,629.26
2026-11-06,C,665.0,0.11632748145050102,42.45953072943287,37.0,631.9265227690462,1.002354679802955,1.0523375361521918,-0.051013914709264606,0.058413565790446376,0.5879325466920877,0.13445967387588112,AMD,629.26
2026-11-06,C,670.0,0.11632748145040589,42.459530729398146,35.55,631.9265227690462,1.002354679802955,1.060249848454088,-0.05850458643842229,0.05612438550946942,0.5917888786309817,0.13365948915129272,AMD,629.26
2026-11-06,C,675.0,0.11632748145027905,42.459530729351854,33.85,631.9265227690462,1.002354679802955,1.0681621607559841,-0.06593956492594023,0.05344051897315162,0.5919080315755284,0.13264505587154246,AMD,629.26
2026-11-06,C,680.0,0.11632748145015222,42.45953072930556,32.075,631.9265227690462,1.002354679802955,1.0760744730578804,-0.07331967222356288,0.05063824656023156,0.5903242835936244,0.13142431954767686,AMD,629.26
2026-11-06,C,685.0,0.11632748144999365,42.45953072924768,31.0,631.9265227690462,1.002354679802955,1.0839867853597764,-0.08064571231563565,0.048941095662265885,0.5964049525293097,0.13028239289856725,AMD,629.26
2026-11-20,P,450.0,0.1546836458254376,56.45953072628472,4.775,632.7204979251467,1.0007304050644064,0.711214511740438,0.340781190406195,0.296326756287115,0.6199875350538907,0.04946277277583634,AMD,629.26
2026-11-20,P,460.0,0.15468364582534247,56.45953072625,5.65,632.7204979251467,1.0007304050644064,0.7270192786680033,0.31880228368741975,0.2819038971132898,0.6138042267262273,0.055532024165287366,AMD,629.26
2026-11-20,P,470.0,0.15468364582521563,56.4595307262037,6.625,632.7204979251467,1.0007304050644064,0.7428240455955686,0.2972960784664562,0.2676389702541777,0.6070491779464952,0.061841893555754285,AMD,629.26
2026-11-20,P,480.0,0.15468364582508878,56.4595307261574,7.800000000000001,632.7204979251467,1.0007304050644064,0.7586288125231339,0.2762426692686239,0.253689908024492,0.6019293295507862,0.06869720842145376,AMD,629.26
2026-11-20,P,490.0,0.15468364582496194,56.45953072611111,9.125,632.7204979251467,1.0007304050644064,0.7744335794506991,0.25562338206588825,0.23997774426687601,0.5967062069321218,0.07577191664587166,AMD,629.26
2026-11-20,P,500.0,0.15468364582486682,56.45953072607639,10.775,632.7204979251467,1.0007304050644064,0.7902383463782644,0.2354206747483688,0.22677886053207785,0.5944908932009965,0.08344467263049332,AMD,629.26
2026-11-20,P,510.0,0.15468364582470825,56.459530726018514,12.475,632.7204979251467,1.0007304050644064,0.8060431133058297,0.2156180474521891,0.21365894295463606,0.5895381216874527,0.09080501837370171,AMD,629.26
2026-11-20,P,520.0,0.1546836458245814,56.459530725972215,14.575,632.7204979251467,1.0007304050644064,0.8218478802333951,0.1961999615950874,0.20117075463604706,0.587891509014093,0.09857576809683047,AMD,629.26
2026-11-20,P,530.0,0.1546836458244546,56.45953072592593,16.825000000000003,632.7204979251467,1.0007304050644064,0.8376526471609603,0.17715176662439294,0.1889194647895277,0.5849432744735684,0.1060555238193253,AMD,629.26
2026-11-20,P,540.0,0.15468364582435945,56.4595307258912,19.45,632.7204979251467,1.0007304050644064,0.8534574140885256,0.1584596336122404,0.17726042112318274,0.5839311130171586,0.1134966159861217,AMD,629.26
2026-11-20,P,550.0,0.15468364582423264,56.459530725844914,22.799999999999997,632.7204979251467,1.0007304050644064,0.8692621810160909,0.1401104949440439,0.16674638673850806,0.5889547928886363,0.12101692523279202,AMD,629.26
2026-11-20,P,560.0,0.1546836458241058,56.459530725798615,25.674999999999997,632.7204979251467,1.0007304050644064,0.8850669479436561,0.12209198944136561,0.1554821738589458,0.5841081941848343,0.12732738945605182,AMD,629.26
2026-11-20,P,570.0,0.15468364582397895,56.459530725752316,29.15,632.7204979251467,1.0007304050644064,0.9008717148712214,0.10439241234196471,0.14516555486766258,0.5834544887137985,0.13340283801944602,AMD,629.26
2026-11-20,P,580.0,0.15468364582388383,56.4595307257176,32.975,632.7204979251467,1.0007304050644064,0.9166764817987867,0.08700066963009553,0.13540169897787546,0.5835611561259189,0.138892461638756,AMD,629.26
2026-11-20,P,590.0,0.154683645823757,56.4595307256713,36.825,632.7204979251467,1.0007304050644064,0.9324812487263521,0.06990623627079531,0.12567732616676652,0.5807528592033616,0.14364144201665902,AMD,629.26
2026-11-20,P,600.0,0.15468364582363014,56.459530725625,41.375,632.7204979251467,1.0007304050644064,0.9482860156539173,0.053099117954414105,0.11705847955864968,0.5824885008068521,0.1477702906348352,AMD,629.26
2026-11-20,P,610.0,0.15468364582353503,56.459530725590284,45.9,632.7204979251467,1.0007304050644064,0.9640907825814826,0.036569816003203554,0.10840014987185453,0.5808637708064871,0.15111017622972722,AMD,629.26
2026-11-20,P,620.0,0.15468364582340818,56.459530725543985,51.2,632.7204979251467,1.0007304050644064,0.9798955495090479,0.020309295131423266,0.10096579562408647,0.5843258089031548,0.15369479517643136,AMD,629.26
2026-11-20,P,630.0,0.15468364582328134,56.459530725497686,56.45,632.7204979251467,1.0007304050644064,0.9957003164366132,0.00430895378498215,0.0934524752189616,0.5843386751321562,0.15550808994114834,AMD,629.26
2026-11-20,C,640.0,0.1546836458232179,56.45953072547453,55.0,632.7204979251467,1.0007304050644064,1.0115050833641785,-0.011439403183157112,0.08686277309223414,0.5874827926181182,0.15656180977535616,AMD,629.26
2026-11-20,C,650.0,0.15468364582309105,56.45953072542823,50.825,632.7204979251467,1.0007304050644064,1.0273098502917437,-0.02694358971912224,0.08026909895296001,0.5878935596370578,0.1569033014171113,AMD,629.26
2026-11-20,C,660.0,0.15468364582299593,56.45953072539351,46.675,632.7204979251467,1.0007304050644064,1.043114617219309,-0.04221106184991077,0.07371490789236415,0.5859485675773397,0.15654166940477177,AMD,629.26
2026-11-20,C,670.0,0.1546836458228691,56.459530725347214,42.974999999999994,632.7204979251467,1.0007304050644064,1.0589193841468743,-0.057248939214451164,0.06787141224797749,0.5860071455441861,0.15551850839023074,AMD,629.26
2026-11-20,C,680.0,0.15468364582274227,56.45953072530093,39.75,632.7204979251467,1.0007304050644064,1.0747241510744396,-0.07206402499959189,0.06277809509847831,0.5884581971178834,0.15392878806460888,AMD,629.26
2026-11-20,C,690.0,0.15468364582261543,56.45953072525463,36.55,632.7204979251467,1.0007304050644064,1.090528918002005,-0.08666282442074466,0.05772426102765742,0.588820924934407,0.1517504359974463,AMD,629.26
2026-11-20,C,700.0,0.15468364582252028,56.459530725219906,34.125,632.7204979251467,1.0007304050644064,1.1063336849295702,-0.10105156187284416,0.05389440239586346,0.5950541806403847,0.14932000209505658,AMD,629.26
2026-11-20,C,710.0,0.15468364582239347,56.459530725173614,30.924999999999997,632.7204979251467,1.0007304050644064,1.1221384518571356,-0.11523619686480066,0.048840568325042556,0.5908895604159152,0.1459928897522829,AMD,629.26
2026-11-20,C,720.0,0.15468364582226662,56.459530725127316,28.825,632.7204979251467,1.0007304050644064,1.1379432187847007,-0.12922243883954043,0.045523989716066346,0.5964907585358531,0.14283052863221718,AMD,629.26
2026-11-20,C,730.0,0.1546836458221715,56.4595307250926,26.375,632.7204979251467,1.0007304050644064,1.153747985712266,-0.14301576097187635,0.041654648005594104,0.5962551184588892,0.13897578890057896,AMD,629.26
2026-11-20,C,740.0,0.15468364582204466,56.4595307250463,24.2,632.7204979251467,1.0007304050644064,1.1695527526398313,-0.15662141302765487,0.03821962016058302,0.5971291671973162,0.13491821491088632,AMD,629.26
2026-11-20,C,750.0,0.15468364582191782,56.45953072500001,22.35,632.7204979251467,1.0007304050644064,1.1853575195673967,-0.17004443335979563,0.0352978723383897,0.5999451385554976,0.1308457971365895,AMD,629.26
2026-11-20,C,760.0,0.1546836458218227,56.45953072496528,20.525,632.7204979251467,1.0007304050644064,1.201162286494962,-0.18328966010981634,0.03241560759487465,0.6012832645625367,0.12645968329027465,AMD,629.26
2026-11-20,C,770.0,0.15468364582169586,56.45953072491899,18.5,632.7204979251467,1.0007304050644064,1.2169670534225272,-0.19636174167716902,0.029217478221933303,0.5981890478142765,0.1213386013058873,AMD,629.26
2026-11-20,C,780.0,0.15468364582156902,56.45953072487269,16.9,632.7204979251467,1.0007304050644064,1.2327718203500926,-0.20926514651307698,0.026690561186522854,0.5986979520967944,0.11656125159477959,AMD,629.26
2026-11-20,C,790.0,0.15468364582147387,56.45953072483796,15.899999999999999,632.7204979251467,1.0007304050644064,1.2485765872776577,-0.22200417229050662,0.025111238039391325,0.6058489346982979,0.11278751415789558,AMD,629.26
2026-11-20,C,800.0,0.15468364582134705,56.45953072479168,14.45,632.7204979251467,1.0007304050644064,1.2643813542052231,-0.23458295449736682,0.022821219476050605,0.6052348857721108,0.1077967893434272,AMD,629.26
2026-11-20,C,810.0,0.1546836458212202,56.45953072474538,13.575,632.7204979251467,1.0007304050644064,1.2801861211327883,-0.2470054744959239,0.021439311722310516,0.6116036642876859,0.1040292481651143,AMD,629.26
2026-11-20,C,820.0,0.15468364582109337,56.45953072469908,12.225,632.7204979251467,1.0007304050644064,1.2959908880603537,-0.2592755670877383,0.01930722547368295,0.609301695487432,0.09876884738165626,AMD,629.26
2026-11-20,C,830.0,0.15468364582099822,56.459530724664354,10.85,632.7204979251467,1.0007304050644064,1.311795654987919,-0.27139692762008316,0.0171356561463771,0.6046558813457281,0.09304215072044844,AMD,629.26
2026-11-20,C,840.0,0.15468364582087138,56.459530724618055,10.3,632.7204979251467,1.0007304050644064,1.3276004219154842,-0.28337311866679876,0.01626702841545476,0.6125340826007764,0.08986056090641312,AMD,629.26
2026-11-20,C,850.0,0.1546836458206177,56.45953072452546,9.45,632.7204979251467,1.0007304050644064,1.3434051888430496,-0.2952075763138017,0.014924603740392957,0.614066797537082,0.08553224598042969,AMD,629.26
2026-11-20,C,860.0,0.15468364582049085,56.45953072447916,8.325,632.7204979251467,1.0007304050644064,1.3592099557706148,-0.30690361607699285,0.013147865199869985,0.6088326951973437,0.07988231320533301,AMD,629.26
2026-11-20,C,870.0,0.15468364582036404,56.459530724432874,7.75,632.7204979251467,1.0007304050644064,1.3750147226981801,-0.31846443847806893,0.012239754390269357,0.6129056304080399,0.07631796572764489,AMD,629.26
2026-11-20,C,880.0,0.1546836458202689,56.45953072439814,7.25,632.7204979251467,1.0007304050644064,1.3908194896257453,-0.3298931343016916,0.011450092816703592,0.6175823829898797,0.07303073889805432,AMD,629.26
2026-11-20,C,890.0,0.15468364582014205,56.45953072435184,6.35,632.7204979251467,1.0007304050644064,1.4066242565533107,-0.34119268955562504,0.010028701984285215,0.6121454230132992,0.06768003288951967,AMD,629.26
2026-11-20,C,900.0,0.15468364581998353,56.45953072429399,6.075,632.7204979251467,1.0007304050644064,1.422429023480876,-0.3523659901537503,0.009594388118824045,0.6199408744650233,0.06537313789802736,AMD,629.26
2026-12-18,P,450.0,0.23139597457695965,84.45953072059027,8.025,634.3588563996358,0.9988998791055926,0.7093776581823386,0.3433672311019968,0.30328684253710514,0.584919238513936,0.07600472487726594,AMD,629.26
2026-12-18,P,460.0,0.23139597457680114,84.45953072053241,9.275,634.3588563996358,0.9988998791055926,0.725141606141946,0.3213883243832217,0.2894955582409624,0.5804102012116749,0.08343251120253851,AMD,629.26
2026-12-18,P,470.0,0.2313959745766743,84.45953072048611,10.875,634.3588563996358,0.9988998791055926,0.7409055541015536,0.29988211916225804,0.2762566197705899,0.5795180958424491,0.09172044728992454,AMD,629.26
2026-12-18,P,480.0,0.23139597457654745,84.45953072043982,12.15,634.3588563996358,0.9988998791055926,0.7566695020611611,0.2788287099644256,0.2625047887477163,0.5705031918462342,0.09869450240038002,AMD,629.26
2026-12-18,P,490.0,0.2313959745764206,84.45953072039352,14.075,634.3588563996358,0.9988998791055926,0.7724334500207686,0.25820942276169007,0.24977874282984458,0.5694024553647747,0.10714438660487423,AMD,629.26
2026-12-18,P,500.0,0.23139597457629377,84.45953072034723,16.225,634.3588563996358,0.9988998791055926,0.7881973979803761,0.23800671544417054,0.23740777637139632,0.5686069097991481,0.11559121358537217,AMD,629.26
2026-12-18,P,510.0,0.23139597457619862,84.4595307203125,18.450000000000003,634.3588563996358,0.9988998791055926,0.8039613459399837,0.21820408814799078,0.22515516973275607,0.5660381716977618,0.12365912687148706,AMD,629.26
2026-12-18,P,520.0,0.23139597457607178,84.4595307202662,20.975,634.3588563996358,0.9988998791055926,0.8197252938995911,0.1987860022908893,0.21337600237334753,0.5646281980954625,0.13170428471299744,AMD,629.26
2026-12-18,P,530.0,0.23139597457594493,84.4595307202199,23.950000000000003,634.3588563996358,0.9988998791055926,0.8354892418591987,0.17973780732019476,0.20230699393278606,0.5657972074876212,0.13974483967568785,AMD,629.26
2026-12-18,P,540.0,0.23139597457581812,84.45953072017362,27.125,634.3588563996358,0.9988998791055926,0.8512531898188063,0.16104567430804217,0.19155361167837892,0.5664071933520045,0.14730677654421198,AMD,629.26
2026-12-18,P,550.0,0.23139597457572297,84.45953072013889,30.0,634.3588563996358,0.9988998791055926,0.8670171377784137,0.14269653563984572,0.1803267901447405,0.5613904102429953,0.15399682361573164,AMD,629.26
2026-12-18,P,560.0,0.23139597457556443,84.45953072008102,33.7,634.3588563996358,0.9988998791055926,0.8827810857380213,0.12467803013716737,0.17040192662898856,0.5624630232684762,0.1606685522868732,AMD,629.26
2026-12-18,P,570.0,0.23139597457543762,84.45953072003473,37.675,634.3588563996358,0.9988998791055926,0.8985450336976288,0.1069784530377664,0.16091104911919896,0.5636968193117871,0.1667506916575379,AMD,629.26
2026-12-18,P,580.0,0.23139597457531078,84.45953071998844,41.675,634.3588563996358,0.9988998791055926,0.9143089816572363,0.0895867103258973,0.15145962488267872,0.5627929010729349,0.1721380909628452,AMD,629.26
2026-12-18,P,590.0,0.23139597457518393,84.45953071994214,45.825,634.3588563996358,0.9988998791055926,0.9300729296168438,0.07249227696659714,0.14224492028577418,0.5610587543376955,0.1768992264685873,AMD,629.26
2026-12-18,P,600.0,0.2313959745750571,84.45953071989584,50.9,634.3588563996358,0.9988998791055926,0.9458368775764514,0.05568515865021587,0.13448998679983348,0.5653112812180711,0.18108237326433002,AMD,629.26
2026-12-18,P,610.0,0.23139597457496194,84.4595307198611,56.1,634.3588563996358,0.9988998791055926,0.9616008255360589,0.039155856699005384,0.12693231968023944,0.5683745247080186,0.1845328089901151,AMD,629.26
2026-12-18,P,620.0,0.23139597457483513,84.45953071981482,60.5,634.3588563996358,0.9988998791055926,0.9773647734956664,0.02289533582722504,0.11811214781602775,0.5625833497928303,0.187320914798748,AMD,629.26
2026-12-18,P,630.0,0.23139597457470829,84.45953071976852,65.625,634.3588563996358,0.9988998791055926,0.993128721455274,0.006894994480783869,0.1104361208766258,0.5610063779178103,0.1894503656642029,AMD,629.26
2026-12-18,C,640.0,0.23139597457464484,84.45953071974536,66.725,634.3588563996358,0.9988998791055926,1.0088926694148814,-0.008853362487355226,0.10530078635574867,0.5708433592566428,0.1908496309847529,AMD,629.26
2026-12-18,C,650.0,0.23139597457454972,84.45953071971064,62.25,634.3588563996358,0.9988998791055926,1.0246566173744889,-0.02435754902332041,0.09823865044054486,0.5686723363507277,0.19168723006493632,AMD,629.26
2026-12-18,C,660.0,0.23139597457442287,84.45953071966434,58.475,634.3588563996358,0.9988998791055926,1.0404205653340965,-0.039625021154108986,0.0922812061768813,0.5704733218144303,0.191900783900436,AMD,629.26
2026-12-18,C,670.0,0.23139597457429603,84.45953071961806,54.825,634.3588563996358,0.9988998791055926,1.056184513293704,-0.05466289851864943,0.08652102827956422,0.5715634271450543,0.19154499915022455,AMD,629.26
2026-12-18,C,680.0,0.2313959745742009,84.45953071958333,51.525000000000006,634.3588563996358,0.9988998791055926,1.0719484612533114,-0.06947798430379,0.08131319620801726,0.573865762820465,0.1906701410957058,AMD,629.26
2026-12-18,C,690.0,0.23139597457407407,84.45953071953704,48.2,634.3588563996358,0.9988998791055926,1.0877124092129191,-0.08407678372494283,0.07606591086320101,0.5743469133412843,0.18927430888044042,AMD,629.26
2026-12-18,C,700.0,0.23139597457394726,84.45953071949074,45.474999999999994,634.3588563996358,0.9988998791055926,1.1034763571725266,-0.09846552117704237,0.07176550407684783,0.5782918440218972,0.1875262455326509,AMD,629.26
2026-12-18,C,710.0,0.2313959745738204,84.45953071944444,42.7,634.3588563996358,0.9988998791055926,1.119240305132134,-0.11265015616899873,0.06738619074395608,0.5803533125802088,0.18533676140810418,AMD,629.26
2026-12-18,C,720.0,0.23139597457369357,84.45953071939816,39.5,634.3588563996358,0.9988998791055926,1.1350042530917417,-0.12663639814373875,0.062336171765486295,0.5772981239308029,0.18249216829734244,AMD,629.26
2026-12-18,C,730.0,0.23139597457356673,84.45953071935186,36.55,634.3588563996358,0.9988998791055926,1.1507682010513491,-0.1404297202760745,0.057680685519709465,0.5748723166576293,0.17923893056605458,AMD,629.26
2026-12-18,C,740.0,0.23139597457343988,84.45953071930556,34.849999999999994,634.3588563996358,0.9988998791055926,1.1665321490109566,-0.15403537233185308,0.0549978629373974,0.5821249233527309,0.1764303203220353,AMD,629.26
2026-12-18,C,750.0,0.23139597457334476,84.45953071927084,32.5,634.3588563996358,0.9988998791055926,1.1822960969705643,-0.16745839266399387,0.05128925525008366,0.5823384558661219,0.17281889843797638,AMD,629.26
2026-12-18,C,760.0,0.23139597457321792,84.45953071922455,29.575,634.3588563996358,0.9988998791055926,1.1980600449301717,-0.18070361941401447,0.04667322227757613,0.5758255131964597,0.16816879224149517,AMD,629.26
2026-12-18,C,770.0,0.23139597457309108,84.45953071917825,27.175,634.3588563996358,0.9988998791055926,1.2138239928897792,-0.19377570098136718,0.042885708043723804,0.5726900462899049,0.16353394270803626,AMD,629.26
2026-12-18,C,780.0,0.23139597457296424,84.45953071913195,26.424999999999997,634.3588563996358,0.9988998791055926,1.2295879408493868,-0.20667910581727517,0.041702109845644944,0.5843752366763227,0.1608030290665499,AMD,629.26
2026-12-18,C,790.0,0.23139597457286912,84.45953071909723,24.025,634.3588563996358,0.9988998791055926,1.2453518888089943,-0.21941813159470488,0.03791459561179261,0.5787353307692892,0.155466014310465,AMD,629.26
2026-12-18,C,800.0,0.23139597457274227,84.45953071905093,22.325000000000003,634.3588563996358,0.9988998791055926,1.2611158367686017,-0.23199691380156492,0.03523177302948055,0.578828398570144,0.1508358838713976,AMD,629.26
2026-12-18,C,810.0,0.23139597457261543,84.45953071900463,20.725,634.3588563996358,0.9988998791055926,1.2768797847282094,-0.2444194338001222,0.03270676354024566,0.5788030280119091,0.14608690808588082,AMD,629.26
2026-12-18,C,820.0,0.23139597457252029,84.4595307189699,19.425,634.3588563996358,0.9988998791055926,1.2926437326878168,-0.2566895263919365,0.030655193330242313,0.5809469412848695,0.14170360056962436,AMD,629.26
2026-12-18,C,830.0,0.23139597457239344,84.4595307189236,17.85,634.3588563996358,0.9988998791055926,1.3084076806474243,-0.26881088692428123,0.02816963711427672,0.5789187670245177,0.13643350001658758,AMD,629.26
2026-12-18,C,840.0,0.2313959745722666,84.4595307188773,16.6,634.3588563996358,0.9988998791055926,1.324171628607032,-0.28078707797099706,0.026196973450811966,0.5795116812176988,0.13168442504437597,AMD,629.26
2026-12-18,C,850.0,0.23139597457213976,84.459530718831,15.825,634.3588563996358,0.9988998791055926,1.3399355765666394,-0.29262153561799986,0.024973921979463812,0.5849362836721376,0.1280796342135343,AMD,629.26
2026-12-18,C,860.0,0.23139597457201294,84.45953071878472,14.35,634.3588563996358,0.9988998791055926,1.3556995245262469,-0.3043175753811911,0.0226461788565754,0.5807162472884035,0.12224396023271557,AMD,629.26
2026-12-18,C,870.0,0.2313959745719178,84.45953071874999,13.55,634.3588563996358,0.9988998791055926,1.3714634724858545,-0.3158783977822672,0.02138367411195796,0.5841420418995475,0.11829946812701735,AMD,629.26
2026-12-18,C,880.0,0.23139597457179095,84.4595307187037,12.649999999999999,634.3588563996358,0.9988998791055926,1.387227420445462,-0.3273070936058899,0.019963356274263332,0.5854323107892815,0.11390081705701652,AMD,629.26
2026-12-18,C,890.0,0.2313959745716641,84.4595307186574,11.5,634.3588563996358,0.9988998791055926,1.4029913684050694,-0.33860664885982317,0.01814850570387576,0.5822130247214163,0.10837864071703691,AMD,629.26
2026-12-18,C,900.0,0.23139597457153727,84.4595307186111,11.524999999999999,634.3588563996358,0.9988998791055926,1.418755316364677,-0.3497799494579485,0.01818795897714505,0.5953567412154422,0.1073179023839409,AMD,629.26
2027-01-15,P,450.0,0.3081083033283232,112.45953071483795,11.225,635.747365958109,0.9949391323746669,0.7078283357443775,0.3455536783253622,0.30991786000031873,0.5635101504124298,0.099975721250691,AMD,629.26
2027-01-15,P,460.0,0.30810830332819633,112.45953071479165,13.325,635.747365958109,0.9949391323746669,0.7235578543164748,0.323574771606587,0.29750834241386637,0.5678836085444583,0.10984767733711477,AMD,629.26
2027-01-15,P,470.0,0.30810830332806954,112.45953071474538,14.95,635.747365958109,0.9949391323746669,0.739287372888572,0.30206856638562346,0.284347872223518,0.5627429946722697,0.11784289957182532,AMD,629.26
2027-01-15,P,480.0,0.30810830332794265,112.45953071469907,16.85,635.747365958109,0.9949391323746669,0.7550168914606694,0.28101515718779096,0.271622164067004,0.5593059407554346,0.12620982764120792,AMD,629.26
2027-01-15,P,490.0,0.30810830332784755,112.45953071466435,18.8,635.747365958109,0.9949391323746669,0.7707464100327667,0.2603958699850553,0.25897550355300536,0.5545361482872575,0.1343293912101103,AMD,629.26
2027-01-15,P,500.0,0.3081083033277207,112.45953071461805,21.175,635.747365958109,0.9949391323746669,0.7864759286048639,0.2401931626675359,0.2470007480003873,0.5527503090581061,0.14286098543417308,AMD,629.26
2027-01-15,P,510.0,0.30810830332759387,112.45953071457176,23.925,635.747365958109,0.9949391323746669,0.8022054471769612,0.22039053537135622,0.2356188497666344,0.5528679378689563,0.15146008100926797,AMD,629.26
2027-01-15,P,520.0,0.308108303327467,112.45953071452547,26.65,635.747365958109,0.9949391323746669,0.8179349657490584,0.20097244951425466,0.22419742771162388,0.5505843335026603,0.1594587697009027,AMD,629.26
2027-01-15,P,530.0,0.3081083033273085,112.4595307144676,29.875,635.747365958109,0.9949391323746669,0.8336644843211558,0.18192425454356007,0.21356648208176665,0.5511663519897936,0.16745301143239846,AMD,629.26
2027-01-15,P,540.0,0.30810830332714995,112.45953071440972,33.375,635.747365958109,0.9949391323746669,0.8493940028932531,0.16323212153140756,0.20337029848574384,0.5521759002641989,0.17503584067532899,AMD,629.26
2027-01-15,P,550.0,0.3081083033270548,112.459530714375,36.75,635.747365958109,0.9949391323746669,0.8651235214653503,0.14488298286321105,0.1929764957834328,0.5500809473828788,0.18190651680564146,AMD,629.26
2027-01-15,P,560.0,0.3081083033269279,112.45953071432868,39.925,635.747365958109,0.9949391323746669,0.8808530400374476,0.12686447736053275,0.18226650251106047,0.5445714673853154,0.18814994742853777,AMD,629.26
2027-01-15,P,570.0,0.3081083033268011,112.45953071428241,44.65,635.747365958109,0.9949391323746669,0.8965825586095448,0.10916490026113186,0.17400698615666377,0.5501901697364641,0.194423299844985,AMD,629.26
2027-01-15,P,580.0,0.30810830332667427,112.45953071423611,48.95,635.747365958109,0.9949391323746669,0.9123120771816422,0.09177315754926257,0.1650755648408866,0.5503561424414233,0.19983429219674056,AMD,629.26
2027-01-15,P,590.0,0.3081083033265792,112.4595307142014,53.925,635.747365958109,0.9949391323746669,0.9280415957537395,0.07467872418996249,0.1572112866990668,0.5540165536840664,0.20469444597559278,AMD,629.26
2027-01-15,P,600.0,0.3081083033264523,112.45953071415508,58.45,635.747365958109,0.9949391323746669,0.9437711143258367,0.05787160587358128,0.14863557977460884,0.5524643286848131,0.20886060451359065,AMD,629.26
2027-01-15,P,610.0,0.3081083033263255,112.45953071410881,62.525,635.747365958109,0.9949391323746669,0.959500632897934,0.04134230392237074,0.13934844406751268,0.5460160032985151,0.2124502794156396,AMD,629.26
2027-01-15,P,620.0,0.30810830332623035,112.45953071407408,68.35,635.747365958109,0.9949391323746669,0.9752301514700312,0.025081783050590455,0.13282797584845385,0.5510322153276495,0.21541524356780278,AMD,629.26
2027-01-15,P,630.0,0.3081083033261035,112.45953071402778,74.125,635.747365958109,0.9949391323746669,0.9909596700421286,0.009081441704149233,0.1262284599868797,0.5540473926967455,0.21775392128372312,AMD,629.26
2027-01-15,C,640.0,0.30810830332604006,112.45953071400461,76.65,635.747365958109,0.9949391323746669,1.0066891886142257,-0.006666915263989802,0.12118003597603345,0.5626096073555923,0.21944018509005836,AMD,629.26
2027-01-15,C,650.0,0.30810830332591327,112.45953071395834,72.55,635.747365958109,0.9949391323746669,1.022418707186323,-0.022171101799955146,0.11469812928977464,0.5631608245422354,0.22063738015789464,AMD,629.26
2027-01-15,C,660.0,0.3081083033258181,112.45953071392361,68.825,635.747365958109,0.9949391323746669,1.0381482257584205,-0.037438573930743665,0.10880907992238098,0.5650266106135505,0.2212877111727884,AMD,629.26
2027-01-15,C,670.0,0.3081083033256912,112.4595307138773,64.15,635.747365958109,0.9949391323746669,1.0538777443305176,-0.052476451295284054,0.10141812534719565,0.5587850783292074,0.22142088090967943,AMD,629.26
2027-01-15,C,680.0,0.30810830332556444,112.45953071383101,61.175,635.747365958109,0.9949391323746669,1.069607262902615,-0.06729153708042478,0.09671479061753223,0.563399142470584,0.22106027872524334,AMD,629.26
2027-01-15,C,690.0,0.30810830332543765,112.45953071378474,57.425,635.747365958109,0.9949391323746669,1.0853367814747121,-0.08189033650157733,0.09078621742888089,0.5612239816290049,0.22017624600020652,AMD,629.26
2027-01-15,C,700.0,0.30810830332534245,112.45953071375,55.025,635.747365958109,0.9949391323746669,1.1010663000468095,-0.09627907395367702,0.08699193058814403,0.5675545572625521,0.21902778484457444,AMD,629.26
2027-01-15,C,710.0,0.3081083033252156,112.4595307137037,51.225,635.747365958109,0.9949391323746669,1.1167958186189069,-0.11046370894563354,0.08098430975697735,0.5626076314689559,0.21716259481018713,AMD,629.26
2027-01-15,C,720.0,0.3081083033250888,112.45953071365741,49.1,635.747365958109,0.9949391323746669,1.132525337191004,-0.12444995092037331,0.07762478495007491,0.5687250211489364,0.21534194205058138,AMD,629.26
2027-01-15,C,730.0,0.3081083033249936,112.45953071362267,46.150000000000006,635.747365958109,0.9949391323746669,1.1482548557631014,-0.1382432730527092,0.0729609740416692,0.5677284666912723,0.21286350753186095,AMD,629.26
2027-01-15,C,740.0,0.30810830332486683,112.4595307135764,43.625,635.747365958109,0.9949391323746669,1.1639843743351985,-0.15184892510848771,0.06896906809464395,0.5688180658692673,0.2101830177680172,AMD,629.26
2027-01-15,C,750.0,0.30810830332474,112.4595307135301,41.25,635.747365958109,0.9949391323746669,1.179713892907296,-0.16527194544062848,0.06521430507516476,0.5700252203058112,0.20723781766456426,AMD,629.26
2027-01-15,C,760.0,0.30810830332464484,112.45953071349537,38.375,635.747365958109,0.9949391323746669,1.1954434114793933,-0.1785171721906492,0.06066906563053207,0.566361165280142,0.2035357923961602,AMD,629.26
2027-01-15,C,770.0,0.308108303324518,112.45953071344907,36.225,635.747365958109,0.9949391323746669,1.2111729300514904,-0.19158925375800184,0.05727001700237197,0.5672888860183087,0.2000300692238865,AMD,629.26
2027-01-15,C,780.0,0.3081083033243912,112.45953071340278,34.125,635.747365958109,0.9949391323746669,1.2269024486235878,-0.2044926585939098,0.05395001601672722,0.5676704936797389,0.1962548714470771,AMD,629.26
2027-01-15,C,790.0,0.3081083033242643,112.45953071335647,31.775000000000002,635.747365958109,0.9949391323746669,1.242631967195685,-0.21723168437133947,0.050234776818505716,0.5650494166682969,0.19183464832860245,AMD,629.26
2027-01-15,C,800.0,0.3081083033241692,112.45953071332177,30.525,635.747365958109,0.9949391323746669,1.2583614857677823,-0.22981046657819965,0.048258585755621926,0.5706245601671125,0.1885414301413885,AMD,629.26
2027-01-15,C,810.0,0.3081083033240424,112.45953071327547,28.0,635.747365958109,0.9949391323746669,1.2740910043398797,-0.24223298657675688,0.04426667980859669,0.5645744326148491,0.18314297091422876,AMD,629.26
2027-01-15,C,820.0,0.30810830332391553,112.45953071322917,26.425,635.747365958109,0.9949391323746669,1.2898205229119768,-0.2545030791685711,0.04177667906936313,0.5657144143169627,0.17886817842878688,AMD,629.26
2027-01-15,C,830.0,0.3081083033237887,112.45953071318287,25.1,635.747365958109,0.9949391323746669,1.3055500414840742,-0.266624439700916,0.03968191654270632,0.5683009344112248,0.17483450165201125,AMD,629.26
2027-01-15,C,840.0,0.3081083033236936,112.45953071314817,23.425,635.747365958109,0.9949391323746669,1.3212795600561713,-0.2786006307476316,0.037033820518442055,0.5669191017380062,0.169894033083786,AMD,629.26
2027-01-15,C,850.0,0.3081083033235667,112.45953071310184,22.325,635.747365958109,0.9949391323746669,1.3370090786282687,-0.2904350883946345,0.03529477238310433,0.5701188526317422,0.1659550245969968,AMD,629.26
2027-01-15,C,860.0,0.3081083033234399,112.45953071305557,20.924999999999997,635.747365958109,0.9949391323746669,1.352738597200366,-0.30213112815782583,0.03308143839267449,0.5697448460617835,0.16115713541652538,AMD,629.26
2027-01-15,C,870.0,0.308108303323313,112.45953071300924,20.325,635.747365958109,0.9949391323746669,1.3684681157724632,-0.3136919505589017,0.032132866682490276,0.5766007619506243,0.15820549466251238,AMD,629.26
2027-01-15,C,880.0,0.3081083033232179,112.45953071297454,18.475,635.747365958109,0.9949391323746669,1.3841976343445606,-0.3251206463825245,0.029208103909422283,0.5701612449453933,0.15179600059235066,AMD,629.26
2027-01-15,C,890.0,0.3081083033230911,112.45953071292824,18.1,635.747365958109,0.9949391323746669,1.3999271529166577,-0.3364202016364578,0.02861524659055715,0.578304186362314,0.14935265848746768,AMD,629.26
2027-01-15,C,900.0,0.30810830332296424,112.45953071288194,17.4,635.747365958109,0.9949391323746669,1.415656671488755,-0.3475935022345831,0.02750857959534223,0.5826074549620345,0.14594766171220716,AMD,629.26
2027-01-15,C,910.0,0.3081083033228691,112.45953071284723,15.475000000000001,635.747365958109,0.9949391323746669,1.4313861900608524,-0.35864333842116813,0.02446524535850121,0.572659807051138,0.13842876690000197,AMD,629.26
2027-02-19,P,450.0,0.4039987142761606,147.45953071079862,17.225,639.2931883727748,0.9915366173528118,0.7039023849845917,0.3511155901303025,0.3232714163638871,0.5745714655353205,0.13179466119092,AMD,629.26
2027-02-19,P,460.0,0.40399871427606543,147.4595307107639,19.1,639.2931883727748,0.9915366173528118,0.7195446602064715,0.32913668341152735,0.31058710210156604,0.5703443264738219,0.1401182918588559,AMD,629.26
2027-02-19,P,470.0,0.40399871427593864,147.45953071071762,21.424999999999997,639.2931883727748,0.9915366173528118,0.7351869354283512,0.3076304781905638,0.2986126984695391,0.5694547209451835,0.14904796403799328,AMD,629.26
2027-02-19,P,480.0,0.4039987142758435,147.45953071068288,24.225,639.2931883727748,0.9915366173528118,0.7508292106502311,0.2865770689927314,0.28738764494726665,0.5715511396994237,0.15833526082031985,AMD,629.26
2027-02-19,P,490.0,0.40399871427571665,147.45953071063659,26.875,639.2931883727748,0.9915366173528118,0.7664714858721109,0.26595778178999574,0.27592595454822977,0.5702254165807292,0.16683685348072774,AMD,629.26
2027-02-19,P,500.0,0.4039987142756215,147.45953071060185,29.575,639.2931883727748,0.9915366173528118,0.7821137610939907,0.24575507447247635,0.26454314310811455,0.5677562295048747,0.17496828330242092,AMD,629.26
2027-02-19,P,510.0,0.4039987142754947,147.45953071055558,33.0,639.2931883727748,0.9915366173528118,0.7977560363158706,0.22595244717629653,0.25430407657236176,0.570086891083257,0.1834305001813031,AMD,629.26
2027-02-19,P,520.0,0.4039987142753678,147.45953071050926,35.65,639.2931883727748,0.9915366173528118,0.8133983115377503,0.206534361319195,0.24284238617332488,0.5642183006687503,0.19065489574451971,AMD,629.26
2027-02-19,P,530.0,0.4039987142752727,147.45953071047452,39.425,639.2931883727748,0.9915366173528118,0.8290405867596302,0.18748616634850043,0.2331554723500231,0.5661906531739305,0.19834457219908827,AMD,629.26
2027-02-19,P,540.0,0.4039987142751776,147.45953071043982,42.675,639.2931883727748,0.9915366173528118,0.84468286198151,0.16879403333634793,0.2226403294580449,0.5624856454499351,0.2051661152344111,AMD,629.26
2027-02-19,P,550.0,0.40399871427505074,147.45953071039352,46.825,639.2931883727748,0.9915366173528118,0.8603251372033898,0.15044489466815145,0.21354500782665498,0.5642599387454161,0.21195275267908428,AMD,629.26
2027-02-19,P,560.0,0.4039987142749239,147.45953071034722,51.025000000000006,639.2931883727748,0.9915366173528118,0.8759674124252697,0.13242638916547306,0.2045285651541866,0.5648819970468028,0.21817548527023106,AMD,629.26
2027-02-19,P,570.0,0.40399871427482875,147.4595307103125,55.3,639.2931883727748,0.9915366173528118,0.8916096876471494,0.11472681206607219,0.1956304409201005,0.5646380197453127,0.2238746375366447,AMD,629.26
2027-02-19,P,580.0,0.40399871427470196,147.45953071026622,59.45,639.2931883727748,0.9915366173528118,0.9072519628690292,0.09733506935420304,0.18653511928871058,0.5622263052790436,0.22904540706258145,AMD,629.26
2027-02-19,P,590.0,0.40399871427460676,147.45953071023146,63.825,639.2931883727748,0.9915366173528118,0.9228942380909091,0.08024063599490285,0.1777947529724675,0.5601532996710631,0.2337572622769884,AMD,629.26
2027-02-19,P,600.0,0.40399871427448,147.4595307101852,68.975,639.2931883727748,0.9915366173528118,0.9385365133127889,0.06343351767852165,0.17027701051950872,0.5620490196244213,0.23798576878312258,AMD,629.26
2027-02-19,P,610.0,0.40399871427438483,147.45953071015046,73.95,639.2931883727748,0.9915366173528118,0.9541787885346686,0.046904215727311134,0.16248319171032466,0.5615358703030167,0.24168474731918155,AMD,629.26
2027-02-19,P,620.0,0.40399871427425804,147.4595307101042,79.5,639.2931883727748,0.9915366173528118,0.9698210637565485,0.03064369485553075,0.15559648092873846,0.5635726352136642,0.2448448047756807,AMD,629.26
2027-02-19,P,630.0,0.40399871427416284,147.45953071006943,85.5,639.2931883727748,0.9915366173528118,0.9854633389784283,0.014643353509089657,0.14941968077744627,0.567299850959512,0.24745935684064976,AMD,629.26
2027-02-19,C,640.0,0.40399871427409945,147.4595307100463,90.575,639.2931883727748,0.9915366173528118,1.001105614200308,-0.0011050034590494734,0.14288923408641338,0.568449052625505,0.2496037218406678,AMD,629.26
2027-02-19,C,650.0,0.4039987142739726,147.45953071,86.225,639.2931883727748,0.9915366173528118,1.016747889422188,-0.0166091899950148,0.1360267646602373,0.5672035588318968,0.251298510690634,AMD,629.26
2027-02-19,C,660.0,0.40399871427387746,147.45953070996526,82.7,639.2931883727748,0.9915366173528118,1.0323901646440679,-0.031876662125803305,0.13046579805626704,0.570099003356607,0.2524721291074285,AMD,629.26
2027-02-19,C,670.0,0.40399871427378237,147.45953070993056,78.975,639.2931883727748,0.9915366173528118,1.0480324398659475,-0.046914539490343674,0.1245893156166105,0.5707324709691782,0.25322794729254716,AMD,629.26
2027-02-19,C,680.0,0.4039987142736555,147.45953070988426,76.1,639.2931883727748,0.9915366173528118,1.0636747150878274,-0.06172962527548438,0.12005377547862056,0.575687028304695,0.2535455142503219,AMD,629.26
2027-02-19,C,690.0,0.4039987142735604,147.45953070984953,72.875,639.2931883727748,0.9915366173528118,1.0793169903097073,-0.07632842469663713,0.11496608262817969,0.5775278621511173,0.2534958540812287,AMD,629.26
2027-02-19,C,700.0,0.40399871427343353,147.45953070980323,68.725,639.2931883727748,0.9915366173528118,1.094959265531587,-0.0907171621487366,0.10841912903768985,0.5727034164479708,0.25299929868768106,AMD,629.26
2027-02-19,C,710.0,0.4039987142733067,147.45953070975693,65.625,639.2931883727748,0.9915366173528118,1.1106015407534668,-0.1049017971406931,0.10352863358455289,0.5735377277918147,0.25216437291614213,AMD,629.26
2027-02-19,C,720.0,0.4039987142732116,147.45953070972223,62.325,639.2931883727748,0.9915366173528118,1.1262438159753467,-0.11888803911543305,0.09832262229572966,0.5722612604235551,0.2509200502069689,AMD,629.26
2027-02-19,C,730.0,0.4039987142730847,147.4595307096759,59.975,639.2931883727748,0.9915366173528118,1.1418860911972264,-0.13268136124776875,0.09461531122641616,0.5761397164720586,0.24953146978999388,AMD,629.26
2027-02-19,C,740.0,0.4039987142729896,147.4595307096412,56.650000000000006,639.2931883727748,0.9915366173528118,1.1575283664191063,-0.14628701330354743,0.08936986045813214,0.5730466930259269,0.24753500518702076,AMD,629.26
2027-02-19,C,750.0,0.40399871427286277,147.4595307095949,53.650000000000006,639.2931883727748,0.9915366173528118,1.1731706416409862,-0.15971003363568817,0.0846371229228383,0.5711953654693812,0.24524705421393456,AMD,629.26
2027-02-19,C,760.0,0.4039987142727677,147.4595307095602,51.55,639.2931883727748,0.9915366173528118,1.1888129168628658,-0.1729552603857087,0.0813242066481326,0.5743763335608808,0.24304430806901925,AMD,629.26
2027-02-19,C,770.0,0.4039987142726408,147.45953070951387,48.95,639.2931883727748,0.9915366173528118,1.2044551920847457,-0.1860273419530615,0.07722250078421126,0.5735871603166002,0.24029418015262488,AMD,629.26
2027-02-19,C,780.0,0.403998714272514,147.4595307094676,46.625,639.2931883727748,0.9915366173528118,1.2200974673066256,-0.19893074678896946,0.07355462919435853,0.5738700270788567,0.23740327366393874,AMD,629.26
2027-02-19,C,790.0,0.4039987142723871,147.4595307094213,44.4,639.2931883727748,0.9915366173528118,1.2357397425285053,-0.2116697725663991,0.07004451552234893,0.574115092094799,0.23429997247638823,AMD,629.26
2027-02-19,C,800.0,0.4039987142722603,147.459530709375,41.95,639.2931883727748,0.9915366173528118,1.2513820177503852,-0.22424855477325928,0.0661794465351923,0.5721282048227564,0.23069669691784433,AMD,629.26
2027-02-19,C,810.0,0.40399871427216516,147.45953070934027,40.45,639.2931883727748,0.9915366173528118,1.267024292972265,-0.23667107477181648,0.06381307776754537,0.575985832635587,0.227754831087443,AMD,629.26
2027-02-19,C,820.0,0.4039987142720383,147.45953070929397,38.3,639.2931883727748,0.9915366173528118,1.2826665681941447,-0.24894116736363073,0.060421282533918104,0.5747196543228258,0.2239069162128093,AMD,629.26
2027-02-19,C,830.0,0.40399871427194317,147.45953070925927,36.650000000000006,639.2931883727748,0.9915366173528118,1.2983088434160246,-0.26106252789597556,0.0578182768895065,0.5763409477345461,0.22040530699503844,AMD,629.26
2027-02-19,C,840.0,0.4039987142718164,147.45953070921297,34.625,639.2931883727748,0.9915366173528118,1.3139511186379045,-0.2730387189426913,0.05462367905318315,0.5746502249079208,0.21617428072497488,AMD,629.26
2027-02-19,C,850.0,0.40399871427172124,147.45953070917824,33.125,639.2931883727748,0.9915366173528118,1.3295933938597841,-0.2848731765896941,0.05225731028553622,0.5761757065378945,0.21246480924502273,AMD,629.26
2027-02-19,C,860.0,0.40399871427159434,147.45953070913194,31.525,639.2931883727748,0.9915366173528118,1.345235669081664,-0.2965692163528854,0.049733183600046166,0.5763959501811109,0.2084104220491666,AMD,629.26
2027-02-19,C,870.0,0.40399871427149925,147.45953070909724,30.025,639.2931883727748,0.9915366173528118,1.360877944303544,-0.30813003875396144,0.04736681483239925,0.5768048679406993,0.20432770401158468,AMD,629.26
2027-02-19,C,880.0,0.4039987142713724,147.45953070905094,28.775,639.2931883727748,0.9915366173528118,1.3765202195254236,-0.31955873457758405,0.045394840859360144,0.5786208879164569,0.200543028808212,AMD,629.26
2027-02-19,C,890.0,0.4039987142712773,147.4595307090162,27.25,639.2931883727748,0.9915366173528118,1.3921624947473035,-0.3308582898315175,0.04298903261225244,0.5777380545727059,0.19604116906314276,AMD,629.26
2027-02-19,C,900.0,0.4039987142711187,147.45953070895834,26.65,639.2931883727748,0.9915366173528118,1.4078047699691834,-0.34203159042964276,0.04204248510519367,0.5838466706760814,0.1933892260852725,AMD,629.26
2027-02-19,C,910.0,0.40399871427102363,147.45953070892364,24.674999999999997,639.2931883727748,0.9915366173528118,1.423447045191063,-0.35308142661622766,0.038926766227791884,0.5781751804951508,0.18749496570825208,AMD,629.26
2027-03-19,P,450.0,0.4807110430307268,175.45953070621528,20.950000000000003,640.3898263492032,0.9915765085650907,0.7026969846872864,0.3528295118316342,0.3302953746785797,0.5678924157114262,0.15221295759918205,AMD,629.26
2027-03-19,P,460.0,0.4807110430306316,175.45953070618054,23.05,640.3898263492032,0.9915765085650907,0.7183124732358928,0.3308506051128589,0.31798699613800774,0.5640862946629822,0.16080814134110055,AMD,629.26
2027-03-19,P,470.0,0.4807110430305048,175.45953070613427,25.95,640.3898263492032,0.9915765085650907,0.733927961784499,0.30934439989189544,0.30693846902906785,0.5664466195698464,0.17044492917953427,AMD,629.26
2027-03-19,P,480.0,0.4807110430304097,175.45953070609954,28.5,640.3898263492032,0.9915765085650907,0.7495434503331054,0.28829099069406305,0.29533875691878875,0.5639112568658277,0.17901516650560004,AMD,629.26
2027-03-19,P,490.0,0.4807110430302829,175.45953070605324,31.35,640.3898263492032,0.9915765085650907,0.7651589388817118,0.2676717034913273,0.28421148909537186,0.5626022462303493,0.18759265187501112,AMD,629.26
2027-03-19,P,500.0,0.4807110430301877,175.4595307060185,34.7,640.3898263492032,0.9915765085650907,0.7807744274303182,0.24746899617380783,0.27387162841672497,0.5639499498969734,0.19626054496141665,AMD,629.26
2027-03-19,P,510.0,0.4807110430300609,175.45953070597224,37.9,640.3898263492032,0.9915765085650907,0.7963899159789245,0.22766636887762823,0.2632955455946473,0.5626149442894831,0.20426141008267126,AMD,629.26
2027-03-19,P,520.0,0.48071104302996576,175.4595307059375,41.375,640.3898263492032,0.9915765085650907,0.8120054045275309,0.20824828302052661,0.25315253670219273,0.5620531284385373,0.21201925090423596,AMD,629.26
2027-03-19,P,530.0,0.4807110430298389,175.4595307058912,45.125,640.3898263492032,0.9915765085650907,0.8276208930761373,0.1892000880498321,0.24344260173936205,0.5621815601593813,0.21946068326996915,AMD,629.26
2027-03-19,P,540.0,0.48071104302971207,175.4595307058449,48.900000000000006,640.3898263492032,0.9915765085650907,0.8432363816247436,0.17050795503767963,0.23377203713376982,0.56119924547419,0.22641694808591833,AMD,629.26
2027-03-19,P,550.0,0.4807110430295853,175.45953070579864,53.099999999999994,640.3898263492032,0.9915765085650907,0.85885187017335,0.15215881636948306,0.22477076860123202,0.5619115252133345,0.23304971482062628,AMD,629.26
2027-03-19,P,560.0,0.4807110430294584,175.45953070575231,57.2,640.3898263492032,0.9915765085650907,0.8744673587219564,0.13414031086680472,0.21561201863974022,0.5607351108413267,0.23914861282837177,AMD,629.26
2027-03-19,P,570.0,0.4807110430293316,175.45953070570604,61.775,640.3898263492032,0.9915765085650907,0.8900828472705627,0.11644073376740377,0.20720130546578008,0.5615153377287568,0.2448580455921989,AMD,629.26
2027-03-19,P,580.0,0.48071104302923645,175.4595307056713,66.05000000000001,640.3898263492032,0.9915765085650907,0.905698335819169,0.09904899105553468,0.19831814800495784,0.5592558091598833,0.25004174240591337,AMD,629.26
2027-03-19,P,590.0,0.4807110430291096,175.459530705625,71.525,640.3898263492032,0.9915765085650907,0.9213138243677754,0.08195455769623453,0.1913247676915839,0.5634163898284442,0.2548086523702934,AMD,629.26
2027-03-19,P,600.0,0.48071104302901446,175.45953070559028,75.925,640.3898263492032,0.9915765085650907,0.9369293129163818,0.06514743937985326,0.1826384620169541,0.5598544724645836,0.2590653486089558,AMD,629.26
2027-03-19,P,620.0,0.4807110430289193,175.45953070555555,85.57499999999999,640.3898263492032,0.9915765085650907,0.9681602900135945,0.03235761655686244,0.16660444281380393,0.5550693167739102,0.266225937200811,AMD,629.26
2027-03-19,P,640.0,0.48071104302879253,175.45953070550928,96.6,640.3898263492032,0.9915765085650907,0.9993912671108073,0.0006089182422820774,0.1527357932587713,0.5546558407266803,0.2714507267833554,AMD,629.26
2027-03-19,C,660.0,0.4807110430287291,175.45953070548612,91.92500000000001,640.3898263492032,0.9915765085650907,1.03062224420802,-0.03016274042447156,0.14476480356597834,0.5721075905854868,0.2745394519705843,AMD,629.26
2027-03-19,C,680.0,0.48071104302863393,175.45953070545139,83.85,640.3898263492032,0.9915765085650907,1.0618532213052327,-0.06001570357415277,0.13204817817794162,0.5687501848191858,0.2763204013272729,AMD,629.26
2027-03-19,C,690.0,0.48071104302853884,175.45953070541668,80.225,640.3898263492032,0.9915765085650907,1.0774687098538391,-0.07461450299530548,0.12633947637835857,0.5682361813096116,0.2765919721594489,AMD,629.26
2027-03-19,C,700.0,0.48071104302841194,175.45953070537036,77.65,640.3898263492032,0.9915765085650907,1.0930841984024455,-0.08900324044740511,0.1222843295827927,0.5729336727032531,0.2765104657714942,AMD,629.26
2027-03-19,C,710.0,0.48071104302831685,175.45953070533565,73.80000000000001,640.3898263492032,0.9915765085650907,1.1086996869510517,-0.10318787543936138,0.11622129456806313,0.569624577998118,0.27603750082493683,AMD,629.26
2027-03-19,C,720.0,0.48071104302819,175.45953070528935,70.65,640.3898263492032,0.9915765085650907,1.124315175499658,-0.11717411741410129,0.11126062955601164,0.5695788812102323,0.2752407475451854,AMD,629.26
2027-03-19,C,730.0,0.4807110430280949,175.45953070525465,67.67500000000001,640.3898263492032,0.9915765085650907,1.1399306640482645,-0.13096743954643714,0.1065755570446297,0.5698308149829208,0.27412950866520785,AMD,629.26
2027-03-19,C,740.0,0.480711043027968,175.45953070520832,64.975,640.3898263492032,0.9915765085650907,1.1555461525968709,-0.1445730916022158,0.10232355846287126,0.5709843997160056,0.2727582532209709,AMD,629.26
2027-03-19,C,750.0,0.48071104302787293,175.45953070517362,62.15,640.3898263492032,0.9915765085650907,1.1711616411454773,-0.1579961119343565,0.09787470809492035,0.5707553918613422,0.27104692117451107,AMD,629.26
2027-03-19,C,760.0,0.4807110430277778,175.4595307051389,59.45,640.3898263492032,0.9915765085650907,1.1867771296940837,-0.17124133868437716,0.09362270951316196,0.5706021130457675,0.26906448431897145,AMD,629.26
2027-03-19,C,770.0,0.4807110430276509,175.45953070509256,57.0,640.3898263492032,0.9915765085650907,1.20239261824269,-0.18431342025172995,0.08976441450378858,0.5712853120780967,0.2668939973233406,AMD,629.26
2027-03-19,C,780.0,0.4807110430275558,175.45953070505786,54.575,640.3898263492032,0.9915765085650907,1.2180081067912965,-0.19721682508763788,0.08594548985165372,0.5715095040843259,0.26446144136193767,AMD,629.26
2027-03-19,C,790.0,0.48071104302742895,175.45953070501156,52.275,640.3898263492032,0.9915765085650907,1.2336235953399026,-0.20995585086506746,0.08232341698571137,0.5718855724840771,0.2618327222719811,AMD,629.26
2027-03-19,C,800.0,0.48071104302733386,175.45953070497686,50.225,640.3898263492032,0.9915765085650907,1.249239083888509,-0.2225346330719276,0.07909504769215406,0.5732001948256366,0.25912871259011633,AMD,629.26
2027-03-19,C,810.0,0.48071104302720696,175.45953070493053,47.975,640.3898263492032,0.9915765085650907,1.2648545724371154,-0.2349571530704848,0.07555171554068872,0.5727409003714103,0.25603033267884606,AMD,629.26
2027-03-19,C,820.0,0.4807110430271119,175.45953070489583,45.9,640.3898263492032,0.9915765085650907,1.2804700609857218,-0.24722724566229917,0.07228397588989291,0.572799611432386,0.25282732788041945,AMD,629.26
2027-03-19,C,830.0,0.48071104302698503,175.45953070484953,44.025,640.3898263492032,0.9915765085650907,1.2960855495343282,-0.259348606194644,0.06933119909700512,0.5735747970402314,0.24959111215878046,AMD,629.26
2027-03-19,C,840.0,0.48071104302688994,175.45953070481482,42.575,640.3898263492032,0.9915765085650907,1.3117010380829346,-0.2713247972413597,0.06704771837717191,0.576553772551372,0.24663557823861243,AMD,629.26
2027-03-19,C,850.0,0.48071104302676304,175.4595307047685,40.65,640.3898263492032,0.9915765085650907,1.327316526631541,-0.2831592548883626,0.06401620086980711,0.576019225776141,0.24295291653208018,AMD,629.26
2027-03-19,C,860.0,0.4807110430266679,175.4595307047338,39.45,640.3898263492032,0.9915765085650907,1.3429320151801472,-0.2948552946515537,0.062126423722358944,0.579726773582506,0.2400242994015903,AMD,629.26
2027-03-19,C,870.0,0.4807110430265411,175.4595307046875,37.825,640.3898263492032,0.9915765085650907,1.3585475037287535,-0.3064161170526297,0.0595673505018562,0.5802190181533994,0.23638603767632027,AMD,629.26
2027-03-19,C,880.0,0.48071104302644596,175.45953070465276,36.125,640.3898263492032,0.9915765085650907,1.37416299227736,-0.3178448128762525,0.05689016620963794,0.579737654388104,0.23244482311216538,AMD,629.26
2027-03-19,C,890.0,0.4807110430263191,175.45953070460646,34.875,640.3898263492032,0.9915765085650907,1.3897784808259663,-0.3291443681301859,0.05492164834771275,0.581867008246559,0.22905880912884558,AMD,629.26
2027-03-19,C,900.0,0.48071104302622397,175.45953070457176,33.05,640.3898263492032,0.9915765085650907,1.4053939693745727,-0.34031766872831115,0.05204761226930197,0.5795832001371898,0.22451342184176198,AMD,629.26
2027-03-19,C,910.0,0.4807110430260972,175.45953070452546,31.849999999999998,640.3898263492032,0.9915765085650907,1.4210094579231791,-0.3513675049148961,0.05015783512185379,0.5812246864939925,0.2209279083878219,AMD,629.26
2027-04-16,P,450.0,0.5574233717882736,203.45953070271986,24.525,643.9065327694292,0.9856318920550078,0.6988591932194863,0.35830599735562246,0.339783860376365,0.5669769464888034,0.17017368218695467,AMD,629.26
2027-04-16,P,460.0,0.5574233717881786,203.45953070268519,26.5,643.9065327694292,0.9856318920550078,0.7143893975132527,0.3363270906368472,0.32736558394607695,0.5608160777670584,0.17838086137825715,AMD,629.26
2027-04-16,P,470.0,0.5574233717880517,203.45953070263886,29.975,643.9065327694292,0.9856318920550078,0.729919601807019,0.3148208854158837,0.3173107970323549,0.5663935164902121,0.18861607870147187,AMD,629.26
2027-04-16,P,480.0,0.5574233717879566,203.45953070260418,32.8,643.9065327694292,0.9856318920550078,0.7454498061007854,0.2937674762180513,0.3062318313281208,0.5648908140954318,0.19733424189069018,AMD,629.26
2027-04-16,P,490.0,0.5574233717877981,203.45953070254632,35.825,643.9065327694292,0.9856318920550078,0.7609800103945518,0.2731481890153156,0.2954679975594289,0.5637252733963294,0.20587941274002197,AMD,629.26
2027-04-16,P,500.0,0.557423371787703,203.45953070251159,39.225,643.9065327694292,0.9856318920550078,0.7765102146883182,0.2529454816977961,0.2852950361698784,0.5641365691217745,0.2143527394547534,AMD,629.26
2027-04-16,P,510.0,0.5574233717875762,203.45953070246532,42.474999999999994,643.9065327694292,0.9856318920550078,0.7920404189820844,0.23314285440161653,0.2748857258286712,0.5622283764060793,0.22224105944343522,AMD,629.26
2027-04-16,P,520.0,0.557423371787481,203.45953070243058,46.2,643.9065327694292,0.9856318920550078,0.8075706232758508,0.21372476854451491,0.26522485383437666,0.5625198409092044,0.23002921922205624,AMD,629.26
2027-04-16,P,530.0,0.5574233717873541,203.45953070238426,49.825,643.9065327694292,0.9856318920550078,0.8231008275696172,0.1946765735738204,0.25540641587231105,0.5609860751883535,0.23729743622119784,AMD,629.26
2027-04-16,P,540.0,0.5574233717872591,203.45953070234958,54.225,643.9065327694292,0.9856318920550078,0.8386310318633835,0.17598444056166793,0.24680911416047124,0.5634344669461833,0.24444291606473198,AMD,629.26
2027-04-16,P,550.0,0.5574233717871322,203.45953070230325,58.349999999999994,643.9065327694292,0.9856318920550078,0.8541612361571499,0.15763530189347136,0.23777850603726092,0.5629604925339593,0.2509797077110819,AMD,629.26
2027-04-16,P,560.0,0.5574233717870369,203.4595307022685,62.7,643.9065327694292,0.9856318920550078,0.8696914404509163,0.13961679639079302,0.22910242134153547,0.5628605816299284,0.2571163399693766,AMD,629.26
2027-04-16,P,570.0,0.5574233717869103,203.45953070222225,67.15,643.9065327694292,0.9856318920550078,0.8852216447446827,0.12191721929139207,0.22058390261358107,0.562370528415386,0.26281480605828583,AMD,629.26
2027-04-16,P,580.0,0.557423371786815,203.45953070218746,71.85,643.9065327694292,0.9856318920550078,0.900751849038449,0.10452547657952296,0.2124592988050542,0.5624074661085332,0.2680882887658751,AMD,629.26
2027-04-16,P,590.0,0.5574233717866882,203.4595307021412,76.69999999999999,643.9065327694292,0.9856318920550078,0.9162820533322154,0.08743104322022283,0.20457104394818404,0.5623776976679564,0.27291738441937513,AMD,629.26
2027-04-16,P,600.0,0.5574233717865931,203.45953070210646,81.4,643.9065327694292,0.9856318920550078,0.9318122576259817,0.07062392490384156,0.19644644013965729,0.5605948195621703,0.2773155832673325,AMD,629.26
2027-04-16,P,610.0,0.5574233717864663,203.4595307020602,86.875,643.9065327694292,0.9856318920550078,0.9473424619197481,0.05409462295263096,0.18954297258135622,0.5623301298580126,0.2812433995149078,AMD,629.26
2027-04-16,P,620.0,0.5574233717863711,203.45953070202546,92.675,643.9065327694292,0.9856318920550078,0.9628726662135144,0.03783410208085074,0.1831515944183112,0.5649720088736532,0.2846958251797283,AMD,629.26
2027-04-16,P,640.0,0.5574233717862443,203.4595307019792,103.275,643.9065327694292,0.9856318920550078,0.9939330748010472,0.006085403766270377,0.16879317841451014,0.5622509253106489,0.2904486628685123,AMD,629.26
2027-04-16,C,660.0,0.5574233717862126,203.4595307019676,99.85,643.9065327694292,0.9856318920550078,1.0249934833885799,-0.024686254900483262,0.15732961881939872,0.5663783949531821,0.29438519925318846,AMD,629.26
2027-04-16,C,680.0,0.5574233717860857,203.45953070192127,92.55,643.9065327694292,0.9856318920550078,1.0560538919761127,-0.05453921805016447,0.14582730317211168,0.5674015581394666,0.296827555500261,AMD,629.26
2027-04-16,C,700.0,0.5574233717859906,203.45953070188656,86.05,643.9065327694292,0.9856318920550078,1.0871143005636454,-0.08352675492341682,0.13558551526699308,0.5699195791898753,0.2978131473650643,AMD,629.26
2027-04-16,C,720.0,0.5574233717858638,203.45953070184027,79.275,643.9065327694292,0.9856318920550078,1.118174709151178,-0.11169763189011299,0.1249104209505041,0.5684027821235121,0.29746607299545935,AMD,629.26
2027-04-16,C,740.0,0.5574233717857686,203.45953070180553,73.32499999999999,643.9065327694292,0.9856318920550078,1.1492351177387108,-0.1390966060782275,0.11553524586812629,0.5688209379131884,0.29588410892329603,AMD,629.26
2027-04-16,C,760.0,0.5574233717856417,203.45953070175923,67.82499999999999,643.9065327694292,0.9856318920550078,1.1802955263262436,-0.16576485316038886,0.10686911764071824,0.5693384000776747,0.29320163706963664,AMD,629.26
2027-04-16,C,780.0,0.5574233717855467,203.45953070172453,62.75,643.9065327694292,0.9856318920550078,1.2113559349137764,-0.19174033956364958,0.09887264477633721,0.5699700194360725,0.2895494416646778,AMD,629.26
2027-04-16,C,800.0,0.5574233717854515,203.4595307016898,58.35,643.9065327694292,0.9856318920550078,1.242416343501309,-0.2170581475479393,0.09193974219441077,0.572248097161937,0.28521987168726914,AMD,629.26
2027-04-16,C,820.0,0.5574233717853248,203.45953070164353,53.75,643.9065327694292,0.9856318920550078,1.2734767520888417,-0.24175076013831087,0.08469170767694223,0.5714824997335791,0.2798366659517889,AMD,629.26
2027-04-16,C,840.0,0.5574233717852296,203.4595307016088,49.575,643.9065327694292,0.9856318920550078,1.3045371606763745,-0.2658483117173714,0.07811332852250068,0.5712218085370505,0.2738289294704405,AMD,629.26
2027-04-16,C,860.0,0.5574233717851027,203.4595307015625,46.15,643.9065327694292,0.9856318920550078,1.335597569263907,-0.2893788091275654,0.07271669412634202,0.5735436440098924,0.2677432671230238,AMD,629.26
2027-04-16,C,880.0,0.5574233717850077,203.4595307015278,42.375,643.9065327694292,0.9856318920550078,1.3666579778514398,-0.31236832735226416,0.06676857884298469,0.5721305638840477,0.260498767530695,AMD,629.26
2027-04-16,C,900.0,0.5574233717848808,203.45953070148147,39.25,643.9065327694292,0.9856318920550078,1.3977183864389726,-0.3348411832043228,0.06184464235013921,0.573014918618385,0.25337110557023834,AMD,629.26
2027-04-16,C,920.0,0.5574233717847857,203.4595307014468,36.6,643.9065327694292,0.9856318920550078,1.4287787950265054,-0.3568200899230981,0.05766914420420625,0.575400428471125,0.24641145141555154,AMD,629.26
2027-06-17,P,460.0,0.7272863854764396,265.4595306989005,35.25,647.0737463653755,0.9839258428914326,0.7108926959003173,0.3412337805398853,0.3444732818958701,0.5606303922992111,0.2160946549459874,AMD,629.26
2027-06-17,P,470.0,0.7272863854762811,265.4595306988426,39.325,647.0737463653755,0.9839258428914326,0.7263468849416286,0.3197275753189217,0.33541955695440184,0.5666902324749974,0.2262628268230787,AMD,629.26
2027-06-17,P,480.0,0.7272863854761542,265.4595306987963,41.725,647.0737463653755,0.9839258428914326,0.7418010739829398,0.2986741661210894,0.3237349664013417,0.560013993543614,0.23420556330895517,AMD,629.26
2027-06-17,P,490.0,0.7272863854760592,265.4595306987616,46.025000000000006,647.0737463653755,0.9839258428914326,0.7572552630242511,0.27805487891835373,0.31503464131814707,0.5650617661342573,0.24348987087244844,AMD,629.26
2027-06-17,P,500.0,0.7272863854759323,265.4595306987153,49.05,647.0737463653755,0.9839258428914326,0.7727094520655623,0.2578521716008343,0.30433171703806894,0.5608265334220088,0.2513261324247517,AMD,629.26
2027-06-17,P,510.0,0.7272863854758371,265.45953069868057,52.85,647.0737463653755,0.9839258428914326,0.7881636411068736,0.23804954430465444,0.2948460589364884,0.5605977221801945,0.2593140016439129,AMD,629.26
2027-06-17,P,520.0,0.7272863854757103,265.4595306986343,57.225,647.0737463653755,0.9839258428914326,0.8036178301481849,0.21863145844755286,0.2862635338060515,0.5628486909817374,0.26713458871341533,AMD,629.26
2027-06-17,P,530.0,0.7272863854756151,265.4595306985995,61.375,647.0737463653755,0.9839258428914326,0.8190720191894961,0.1995832634768584,0.277327608817341,0.5628093963579114,0.2743915890482991,AMD,629.26
2027-06-17,P,540.0,0.7272863854754884,265.4595306985533,65.95,647.0737463653755,0.9839258428914326,0.8345262082308074,0.18089113046470584,0.26905921689425827,0.5642967877195977,0.2813387595064593,AMD,629.26
2027-06-17,P,550.0,0.7272863854753931,265.4595306985185,70.5,647.0737463653755,0.9839258428914326,0.8499803972721186,0.16254199179650933,0.26075155832025654,0.5647618450888193,0.28783445375944106,AMD,629.26
2027-06-17,P,560.0,0.7272863854752664,265.45953069847224,75.175,647.0737463653755,0.9839258428914326,0.8654345863134298,0.14452348629383102,0.2526402330008508,0.5650868825741163,0.2939291750567308,AMD,629.26
2027-06-17,P,570.0,0.7272863854751712,265.4595306984375,79.975,647.0737463653755,0.9839258428914326,0.8808887753547411,0.1268239091944301,0.24472524093604175,0.5652933058587609,0.29962531631289757,AMD,629.26
2027-06-17,P,580.0,0.7272863854750444,265.45953069839123,84.425,647.0737463653755,0.9839258428914326,0.8963429643960523,0.10943216648256093,0.23626051575836282,0.5629538970423542,0.3049335279562952,AMD,629.26
2027-06-17,P,590.0,0.7272863854749493,265.4595306983565,88.94999999999999,647.0737463653755,0.9839258428914326,0.9117971534373636,0.09233773312326082,0.2279135905334414,0.560357647917335,0.30988974829701577,AMD,629.26
2027-06-17,P,600.0,0.7272863854748225,265.45953069831023,94.32499999999999,647.0737463653755,0.9839258428914326,0.9272513424786748,0.0755306148068796,0.22090173143977587,0.5613910789545054,0.31442260598824867,AMD,629.26
2027-06-17,P,610.0,0.7272863854747272,265.45953069827544,99.85,647.0737463653755,0.9839258428914326,0.942705531519986,0.05900131285566904,0.21412547225162604,0.5624644637101279,0.3185478498217632,AMD,629.26
2027-06-17,P,620.0,0.7272863854746006,265.45953069822923,105.3,647.0737463653755,0.9839258428914326,0.9581597205612973,0.04274079198388874,0.20723141311071824,0.5624967924081231,0.32230399924600683,AMD,629.26
2027-06-17,P,630.0,0.7272863854743784,265.4595306981481,111.3,647.0737463653755,0.9839258428914326,0.9736139096026085,0.02674045063744762,0.2012012202900345,0.5645518332344872,0.3256136892229925,AMD,629.26
2027-06-17,P,640.0,0.7272863854742834,265.45953069811344,116.7,647.0737463653755,0.9839258428914326,0.9890680986439198,0.010992093669308459,0.19422862784728823,0.5630914952901727,0.3286574333241215,AMD,629.26
2027-06-17,C,650.0,0.7272863854742199,265.45953069809025,122.2,647.0737463653755,0.9839258428914326,1.004522287685231,-0.0045120928666568996,0.19193538969345006,0.5751969609193973,0.33087313834119214,AMD,629.26
2027-06-17,C,660.0,0.7272863854740932,265.45953069804403,118.4,647.0737463653755,0.9839258428914326,1.0199764767265422,-0.019779564997445216,0.1859668587537192,0.5755379421586977,0.3331401973051166,AMD,629.26
2027-06-17,C,670.0,0.7272863854739663,265.4595306979977,114.525,647.0737463653755,0.9839258428914326,1.0354306657678536,-0.034817442361985834,0.17988052786123052,0.574977830000505,0.33510101503058154,AMD,629.26
2027-06-17,C,680.0,0.727286385473871,265.4595306979629,111.15,647.0737463653755,0.9839258428914326,1.0508848548091647,-0.049632528147126355,0.17457952998712747,0.5762258904708699,0.33667880075668344,AMD,629.26
2027-06-17,C,690.0,0.7272863854737444,265.4595306979167,107.675,647.0737463653755,0.9839258428914326,1.066339043850476,-0.06423132756827914,0.16912146550934726,0.5764844681737764,0.33797352182208856,AMD,629.26
2027-06-17,C,700.0,0.7272863854736175,265.4595306978704,104.05000000000001,647.0737463653755,0.9839258428914326,1.0817932328917872,-0.07862006502037863,0.1634278011260514,0.5755467732251665,0.3389885733477373,AMD,629.26
2027-06-17,C,710.0,0.7272863854734906,265.45953069782405,100.94999999999999,647.0737463653755,0.9839258428914326,1.0972474219330985,-0.09280470001233516,0.15855873641206042,0.576554783128535,0.33966812318698786,AMD,629.26
2027-06-17,C,720.0,0.7272863854733639,265.45953069777784,97.625,647.0737463653755,0.9839258428914326,1.1127016109744097,-0.10679094198707495,0.15333627183979592,0.5760478475038829,0.3400865999446095,AMD,629.26
2027-06-17,C,730.0,0.7272863854732686,265.45953069774305,94.82499999999999,647.0737463653755,0.9839258428914326,1.128155800015721,-0.12058426411941085,0.14893840693683633,0.5775051752546119,0.3402219755745972,AMD,629.26
2027-06-17,C,740.0,0.7272863854731417,265.4595306976967,91.75,647.0737463653755,0.9839258428914326,1.1436099890570324,-0.13418991617518958,0.14410860887376467,0.5772454539611765,0.34010334909433093,AMD,629.26
2027-06-17,C,750.0,0.7272863854730467,265.45953069766205,88.925,647.0737463653755,0.9839258428914326,1.1590641780983435,-0.14761293650733015,0.13967147731988583,0.5777056944573088,0.33973976744060297,AMD,629.26
2027-06-17,C,760.0,0.7272863854729198,265.4595306976157,85.625,647.0737463653755,0.9839258428914326,1.1745183671396549,-0.1608581632573509,0.1344882793985406,0.5755432364597751,0.3390717055275525,AMD,629.26
2027-06-17,C,770.0,0.727286385472793,265.45953069756945,82.85,647.0737463653755,0.9839258428914326,1.189972556180966,-0.17393024482470354,0.1301296811465003,0.5753945664061358,0.33820352814044863,AMD,629.26
2027-06-17,C,780.0,0.7272863854726979,265.4595306975347,80.275,647.0737463653755,0.9839258428914326,1.2054267452222773,-0.18683364966061153,0.12608521610181428,0.5757724906814143,0.3371368190466923,AMD,629.26
2027-06-17,C,790.0,0.7272863854725711,265.45953069748845,78.75,647.0737463653755,0.9839258428914326,1.2208809342635885,-0.1995726754380412,0.12368995039573807,0.5806674789971976,0.3361381969042125,AMD,629.26
2027-06-17,C,800.0,0.7272863854724442,265.4595306974421,75.30000000000001,647.0737463653755,0.9839258428914326,1.2363351233048998,-0.2121514576449014,0.11827115256887719,0.5761831617993904,0.3343838541930695,AMD,629.26
2027-06-17,C,810.0,0.7272863854723174,265.45953069739585,73.025,647.0737463653755,0.9839258428914326,1.251789312346211,-0.22457397764345843,0.11469788733522253,0.5768265908158834,0.3327633492458534,AMD,629.26
2027-06-17,C,820.0,0.7272863854722222,265.4595306973611,70.69999999999999,647.0737463653755,0.9839258428914326,1.2672435013875223,-0.23684407023527287,0.11104608879972928,0.5768741276670836,0.330921969769775,AMD,629.26
2027-06-17,C,830.0,0.7272863854720953,265.4595306973148,68.80000000000001,647.0737463653755,0.9839258428914326,1.2826976904288334,-0.2489654307676176,0.10806182332986389,0.5785946001471143,0.32909871051434925,AMD,629.26
2027-06-17,C,840.0,0.7272863854720003,265.4595306972801,66.95,647.0737463653755,0.9839258428914326,1.2981518794701448,-0.2609416218143334,0.10515609116183701,0.580228873635087,0.3271502155941593,AMD,629.26
2027-06-17,C,850.0,0.7272863854718734,265.4595306972338,64.5,647.0737463653755,0.9839258428914326,1.313606068511456,-0.27277607946133614,0.10130795937174737,0.5786452939326062,0.3246580984586391,AMD,629.26
2027-06-17,C,860.0,0.7272863854717783,265.45953069719906,62.25,647.0737463653755,0.9839258428914326,1.3290602575527672,-0.2844721192245275,0.097773960789012,0.5776812557638433,0.32207510523575694,AMD,629.26
2027-06-17,C,870.0,0.7272863854716198,265.45953069714125,60.349999999999994,647.0737463653755,0.9839258428914326,1.3445144465940786,-0.2960329416256035,0.09478969531914656,0.578097988760108,0.3195635065515553,AMD,629.26
2027-06-17,C,880.0,0.7272863854714929,265.4595306970949,58.55,647.0737463653755,0.9839258428914326,1.3599686356353897,-0.3074616374492262,0.09196249645295827,0.5787002663316931,0.3169751107435947,AMD,629.26
2027-06-17,C,890.0,0.7272863854713978,265.4595306970602,56.675,647.0737463653755,0.9839258428914326,1.375422824676701,-0.3187611927031596,0.08901749763401212,0.5786284476688787,0.31416011012899975,AMD,629.26
2027-06-17,C,900.0,0.727286385471271,265.4595306970139,55.3,647.0737463653755,0.9839258428914326,1.3908770137180122,-0.32993449330128477,0.08685783183345162,0.580774094639395,0.3116961684642918,AMD,629.26
2027-06-17,C,910.0,0.7272863854711757,265.45953069697913,53.2,647.0737463653755,0.9839258428914326,1.4063312027593236,-0.34098432948786983,0.08355943315623195,0.5789741662452096,0.30832592301828765,AMD,629.26
2027-06-17,C,920.0,0.727286385471049,265.45953069693286,51.55,647.0737463653755,0.9839258428914326,1.4217853918006347,-0.35191340002006,0.08096783419555934,0.579163099114445,0.3052822549431529,AMD,629.26
2027-09-17,P,460.0,0.9793411799824963,357.45953069361116,45.825,654.4487203446615,0.9750228058690231,0.7028816555065518,0.3525667434385366,0.36893283385652986,0.5580460448360862,0.2598709171657079,AMD,629.26
2027-09-17,P,470.0,0.979341179982401,357.45953069357637,48.85,654.4487203446615,0.9750228058690231,0.7181616914958247,0.33106053821757303,0.3583934160958073,0.554883306419409,0.26865238656176127,AMD,629.26
2027-09-17,P,480.0,0.9793411799822425,357.4595306935185,52.175,654.4487203446615,0.9750228058690231,0.7334417274850975,0.3100071290197407,0.3483241422916352,0.55281220057354,0.2773858463047314,AMD,629.26
2027-09-17,P,490.0,0.9793411799821474,357.4595306934838,57.175,654.4487203446615,0.9750228058690231,0.7487217634743704,0.289387841817005,0.3408798389115366,0.5592585232645273,0.28677437622366836,AMD,629.26
2027-09-17,P,500.0,0.9793411799820205,357.4595306934375,61.075,654.4487203446615,0.9750228058690231,0.7640017994636432,0.2691851344994856,0.33171167435741955,0.5587458345505708,0.29502809028338867,AMD,629.26
2027-09-17,P,510.0,0.9793411799819254,357.45953069340277,65.025,654.4487203446615,0.9750228058690231,0.7792818354529161,0.24938250720330588,0.32262186712939434,0.5578074748746594,0.3029449067465566,AMD,629.26
2027-09-17,P,520.0,0.9793411799817986,357.4595306933565,69.05,654.4487203446615,0.9750228058690231,0.7945618714421889,0.22996442134620432,0.3136495958905068,0.556608208132389,0.3105429644809026,AMD,629.26
2027-09-17,P,530.0,0.9793411799817034,357.45953069332177,73.275,654.4487203446615,0.9750228058690231,0.8098419074314618,0.21091622637550983,0.3049907539559862,0.5557886730891569,0.31785039940966364,AMD,629.26
2027-09-17,P,540.0,0.9793411799815765,357.45953069327544,78.0,654.4487203446615,0.9750228058690231,0.8251219434207346,0.1922240933633573,0.29711548528238296,0.556777426020566,0.3248825061593538,AMD,629.26
2027-09-17,P,550.0,0.9793411799814815,357.45953069324077,83.3,654.4487203446615,0.9750228058690231,0.8404019794100075,0.1738749546951608,0.2901413258588348,0.5598270502583123,0.3315655910257186,AMD,629.26
2027-09-17,P,560.0,0.9793411799813546,357.45953069319444,87.5,654.4487203446615,0.9750228058690231,0.8556820153992803,0.15585644919248248,0.28144330526126815,0.5570655559328018,0.33781474794407806,AMD,629.26
2027-09-17,P,570.0,0.9793411799812596,357.45953069315976,92.725,654.4487203446615,0.9750228058690231,0.8709620513885532,0.13815687209308156,0.2743516098485823,0.5585006837261245,0.34373609877489303,AMD,629.26
2027-09-17,P,580.0,0.9793411799811327,357.45953069311344,97.19999999999999,654.4487203446615,0.9750228058690231,0.8862420873778261,0.1207651293812124,0.2660845545445203,0.5559701744760651,0.34934783506293093,AMD,629.26
2027-09-17,P,590.0,0.9793411799810375,357.4595306930787,103.75,654.4487203446615,0.9750228058690231,0.9015221233670989,0.10367069602191228,0.2610693282732657,0.5621513138501217,0.3544241729236704,AMD,629.26
2027-09-17,P,600.0,0.9793411799809107,357.45953069303243,108.15,654.4487203446615,0.9750228058690231,0.9168021593563719,0.08686357770553094,0.2526847369800661,0.5582683721162589,0.3593993046676904,AMD,629.26
2027-09-17,P,610.0,0.9793411799808156,357.4595306929977,115.025,654.4487203446615,0.9750228058690231,0.9320821953456447,0.07033427575432039,0.24817883332840773,0.5646445970911063,0.3636750174855379,AMD,629.26
2027-09-17,P,620.0,0.9793411799806887,357.4595306929514,119.32499999999999,654.4487203446615,0.9750228058690231,0.9473622313349176,0.054073754882540084,0.2396375273830248,0.5594231871558328,0.36806554456859925,AMD,629.26
2027-09-17,P,630.0,0.9793411799805937,357.4595306929167,126.0,654.4487203446615,0.9750228058690231,0.9626422673241904,0.038073413536098964,0.23481819442699947,0.5638549341527318,0.3717026137523243,AMD,629.26
2027-09-17,P,640.0,0.9793411799804668,357.4595306928704,131.45,654.4487203446615,0.9750228058690231,0.9779223033134633,0.022325056567959804,0.2280791069817264,0.5626327675610308,0.3752756339183602,AMD,629.26
2027-09-17,P,650.0,0.9793411799803717,357.4595306928357,137.375,654.4487203446615,0.9750228058690231,0.9932023393027362,0.006820870031994556,0.22208441413432511,0.5629598760578352,0.37845481800685343,AMD,629.26
2027-09-17,C,660.0,0.9793411799803082,357.4595306928125,141.4,654.4487203446615,0.9750228058690231,1.0084823752920091,-0.00844660209879398,0.22159451818744644,0.5773053885206685,0.38057893889579275,AMD,629.26
2027-09-17,C,670.0,0.9793411799801813,357.4595306927662,137.7,654.4487203446615,0.9750228058690231,1.023762411281282,-0.023484479463334484,0.2157960760566575,0.5772026901913826,0.3831747677512938,AMD,629.26
2027-09-17,C,680.0,0.9793411799800863,357.4595306927315,133.675,654.4487203446615,0.9750228058690231,1.0390424472705548,-0.038299565248475116,0.2094883113062723,0.575388526235877,0.38557581248405726,AMD,629.26
2027-09-17,C,690.0,0.9793411799799594,357.4595306926852,131.0,654.4487203446615,0.9750228058690231,1.0543224832598277,-0.05289836466962779,0.2052961943603641,0.5786720364246887,0.3874431207170269,AMD,629.26
2027-09-17,C,700.0,0.9793411799798644,357.4595306926505,126.7,654.4487203446615,0.9750228058690231,1.0696025192491005,-0.06728710212172738,0.19855746431647428,0.5750130068449323,0.3893798912223481,AMD,629.26
2027-09-17,C,710.0,0.9793411799797375,357.4595306926042,123.55000000000001,654.4487203446615,0.9750228058690231,1.0848825552383734,-0.08147173711368381,0.19362095277269453,0.5756349848957313,0.3908500822505176,AMD,629.26
2027-09-17,C,720.0,0.9793411799796423,357.45953069256944,120.6,654.4487203446615,0.9750228058690231,1.1001625912276463,-0.0954579790884237,0.18899787053328174,0.5767012777608032,0.39205645357850955,AMD,629.26
2027-09-17,C,730.0,0.9793411799795155,357.4595306925232,117.525,654.4487203446615,0.9750228058690231,1.1154426272169191,-0.1092513012207595,0.18417889497863962,0.5769224510737742,0.39305549087144526,AMD,629.26
2027-09-17,C,740.0,0.9793411799794204,357.45953069248844,114.725,654.4487203446615,0.9750228058690231,1.130722663206192,-0.12285695327653812,0.17979088471750204,0.5779054741473718,0.3938024062032413,AMD,629.26
2027-09-17,C,750.0,0.9793411799792935,357.4595306924421,111.35,654.4487203446615,0.9750228058690231,1.1460026991954648,-0.1362799736086788,0.17450176520630947,0.5762780235187998,0.3943791342426469,AMD,629.26
2027-09-17,C,760.0,0.9793411799791983,357.4595306924074,108.375,654.4487203446615,0.9750228058690231,1.1612827351847377,-0.14952520035869943,0.16983950430385084,0.5759276243543944,0.39469890430294335,AMD,629.26
2027-09-17,C,770.0,0.9793411799790716,357.4595306923611,105.525,654.4487203446615,0.9750228058690231,1.1765627711740105,-0.1625972819260522,0.16537313671662154,0.5757668940319544,0.3947998927761272,AMD,629.26
2027-09-17,C,780.0,0.9793411799789764,357.4595306923264,102.9,654.4487203446615,0.9750228058690231,1.1918428071632834,-0.17550068676196007,0.16125937709680507,0.5762003218720224,0.3946985016531841,AMD,629.26
2027-09-17,C,790.0,0.9793411799788813,357.45953069229165,100.44999999999999,654.4487203446615,0.9750228058690231,1.2071228431525562,-0.18823971253938981,0.15741986811830969,0.5770380256931147,0.39441592703914746,AMD,629.26
2027-09-17,C,800.0,0.9793411799787544,357.4595306922453,98.4,654.4487203446615,0.9750228058690231,1.222402879141829,-0.20081849474624994,0.1542072177485483,0.5791845629464286,0.39399778044685574,AMD,629.26
2027-09-17,C,810.0,0.9793411799786277,357.4595306921991,95.82499999999999,654.4487203446615,0.9750228058690231,1.237682915131102,-0.21324101474480708,0.15017181545482355,0.5789694409937509,0.39335289899949016,AMD,629.26
2027-09-17,C,820.0,0.9793411799785008,357.4595306921528,93.2,654.4487203446615,0.9750228058690231,1.2529629511203748,-0.2255111073366214,0.1460580558350071,0.5782845026491586,0.3925076683885939,AMD,629.26
2027-09-17,C,830.0,0.9793411799783739,357.45953069210645,90.875,654.4487203446615,0.9750228058690231,1.2682429871096477,-0.23763246786896622,0.14241444017174112,0.5785339143666043,0.39153894241003645,AMD,629.26
2027-09-17,C,840.0,0.979341179978247,357.4595306920601,88.95,654.4487203446615,0.9750228058690231,1.2835230230989205,-0.2496086589156819,0.13939768311720904,0.5801331601350894,0.3905158080347242,AMD,629.26
2027-09-17,C,850.0,0.979341179978152,357.45953069202545,86.45,654.4487203446615,0.9750228058690231,1.2988030590881934,-0.26144311656268476,0.13547981681262194,0.5791766402588653,0.3891651925649824,AMD,629.26
2027-09-17,C,860.0,0.9793411799780251,357.4595306919791,85.1,654.4487203446615,0.9750228058690231,1.3140830950774662,-0.273139156325876,0.1333641690081449,0.5826149735336964,0.3880689033411953,AMD,629.26
2027-09-17,C,870.0,0.97934117997793,357.45953069194445,82.425,654.4487203446615,0.9750228058690231,1.329363131066739,-0.284699978726952,0.1291720520622367,0.5804675032940404,0.38631975236461585,AMD,629.26
2027-09-17,C,880.0,0.9793411799777715,357.4595306918866,79.82499999999999,654.4487203446615,0.9750228058690231,1.344643167056012,-0.29612867455057473,0.12509747110546612,0.5783729285311692,0.3843887588476731,AMD,629.26
2027-09-17,C,890.0,0.9793411799776763,357.45953069185185,78.32499999999999,654.4487203446615,0.9750228058690231,1.3599232030452848,-0.3074282298045081,0.12274675132271386,0.580534582712329,0.38285678353778385,AMD,629.26
2027-09-17,C,900.0,0.9793411799775494,357.4595306918055,75.425,654.4487203446615,0.9750228058690231,1.3752032390345577,-0.31860153040263334,0.11820202640939283,0.5767311317603988,0.3803740981214636,AMD,629.26
2027-09-17,C,910.0,0.9793411799774544,357.45953069177085,74.19999999999999,654.4487203446615,0.9750228058690231,1.3904832750238305,-0.3296513665892183,0.11628227192014513,0.5796017484161101,0.3787692202757441,AMD,629.26
2027-09-17,C,920.0,0.9793411799772958,357.4595306917129,71.95,654.4487203446615,0.9750228058690231,1.4057633110131036,-0.34058043712140873,0.11275619224601677,0.5780230036325965,0.3763497068874987,AMD,629.26
2027-09-17,C,930.0,0.9793411799772006,357.4595306916782,70.85,654.4487203446615,0.9750228058690231,1.4210433470023764,-0.3513913532256243,0.11103233107199843,0.5810303897088612,0.37465827816876346,AMD,629.26
2027-12-17,P,470.0,1.2286562484591577,448.4595306875925,59.400000000000006,661.0356629334791,0.9652086457860907,0.711005512038912,0.3410750966928961,0.3820924879557457,0.5590719539473489,0.305446223402824,AMD,629.26
2027-12-17,P,480.0,1.2286562484590628,448.45953068755796,62.550000000000004,661.0356629334791,0.9652086457860907,0.7261332888908039,0.32002168749506366,0.37190172625508566,0.5549675083198334,0.31392197486415807,AMD,629.26
2027-12-17,P,490.0,1.2286562484589358,448.4595306875116,67.5,661.0356629334791,0.9652086457860907,0.7412610657426956,0.299402400292328,0.3645321160694154,0.5592080477228684,0.3229165400519411,AMD,629.26
2027-12-17,P,500.0,1.2286562484588406,448.4595306874768,72.15,661.0356629334791,0.9652086457860907,0.7563888425945873,0.2791996929748086,0.3566923139645801,0.5612190274501602,0.33132068966809136,AMD,629.26
2027-12-17,P,510.0,1.2286562484587138,448.4595306874305,74.525,661.0356629334791,0.9652086457860907,0.7715166194464791,0.2593970656786288,0.34528688980607747,0.5520510936887371,0.3388049129582872,AMD,629.26
2027-12-17,P,520.0,1.2286562484586185,448.4595306873958,79.775,661.0356629334791,0.9652086457860907,0.7866443962983708,0.23997897982152727,0.33838747153957216,0.5557412203484741,0.3467041759971558,AMD,629.26
2027-12-17,P,530.0,1.228656248458492,448.45953068734957,84.625,661.0356629334791,0.9652086457860907,0.8017721731502625,0.22093078485083284,0.3308611307141802,0.556972174208986,0.3541206785098966,AMD,629.26
2027-12-17,P,540.0,1.2286562484583967,448.4595306873148,89.525,661.0356629334791,0.9652086457860907,0.8168999500021543,0.2022386518386802,0.3234131552086492,0.5578608065218973,0.36118086580029585,AMD,629.26
2027-12-17,P,550.0,1.22865624845827,448.4595306872685,94.9,661.0356629334791,0.9652086457860907,0.832027726854046,0.18388951317048371,0.316709650241796,0.5602485862133292,0.3678901083655673,AMD,629.26
2027-12-17,P,560.0,1.2286562484581747,448.4595306872338,99.3,661.0356629334791,0.9652086457860907,0.8471555037059378,0.16587100766780533,0.30847802153765647,0.5579979973608948,0.37430185789153775,AMD,629.26
2027-12-17,P,570.0,1.228656248458048,448.45953068718757,105.0,661.0356629334791,0.9652086457860907,0.8622832805578295,0.14817143056840446,0.3022838911498986,0.560720313274281,0.38031026870136064,AMD,629.26
2027-12-17,P,580.0,1.2286562484579528,448.4595306871528,109.775,661.0356629334791,0.9652086457860907,0.8774110574097213,0.13077968785653532,0.29464000234471543,0.5591642557754019,0.38610406855232166,AMD,629.26
2027-12-17,P,590.0,1.228656248457826,448.4595306871065,114.925,661.0356629334791,0.9652086457860907,0.8925388342616131,0.11368525449723513,0.28758385343848836,0.5587271765905115,0.39156128158763653,AMD,629.26
2027-12-17,P,600.0,1.2286562484577308,448.4595306870717,120.725,661.0356629334791,0.9652086457860907,0.9076666111135048,0.09687813618085395,0.28154645369045217,0.560457000286565,0.3966034889038015,AMD,629.26
2027-12-17,P,610.0,1.2286562484576038,448.4595306870254,126.375,661.0356629334791,0.9652086457860907,0.9227943879653965,0.08034883422964342,0.2752739579828335,0.5611600080272049,0.4013752390359983,AMD,629.26
2027-12-17,P,620.0,1.2286562484574772,448.4595306869792,131.4,661.0356629334791,0.9652086457860907,0.9379221648172883,0.06408831335786304,0.26802189577695434,0.5590483692882424,0.406013038951935,AMD,629.26
2027-12-17,P,630.0,1.228656248457382,448.45953068694445,137.6,661.0356629334791,0.9652086457860907,0.95304994166918,0.048087972011421946,0.26261141858780457,0.561096633718996,0.4100963302842498,AMD,629.26
2027-12-17,P,640.0,1.2286562484572552,448.4595306868981,143.775,661.0356629334791,0.9652086457860907,0.9681777185210717,0.032339615043282824,0.2571617587387246,0.5626485394847478,0.4139077328731462,AMD,629.26
2027-12-17,P,650.0,1.22865624845716,448.4595306868634,150.39999999999998,661.0356629334791,0.9652086457860907,0.9833054953729635,0.016835428507317497,0.25241738676839176,0.5655123622248762,0.41733227577104054,AMD,629.26
2027-12-17,P,660.0,1.2286562484570334,448.4595306868172,155.975,661.0356629334791,0.9652086457860907,0.9984332722248552,0.0015679563765291019,0.24602734308098184,0.5640797106848313,0.42078521655827955,AMD,629.26
2027-12-17,C,670.0,1.2286562484570014,448.4595306868055,157.25,661.0356629334791,0.9652086457860907,1.013561049076747,-0.013469920988011483,0.2464589309622881,0.5784519882447778,0.4228011648489496,AMD,629.26
2027-12-17,C,680.0,1.2286562484568746,448.45953068675925,153.475,661.0356629334791,0.9652086457860907,1.0286888259286386,-0.028285006773151974,0.24054234931279594,0.5774168013356283,0.425701110887907,AMD,629.26
2027-12-17,C,690.0,1.228656248456748,448.45953068671304,150.47500000000002,661.0356629334791,0.9652086457860907,1.0438166027805305,-0.04288380619430473,0.23584043012114664,0.5789281048795675,0.4281664606634022,AMD,629.26
2027-12-17,C,700.0,1.2286562484566528,448.45953068667825,146.475,661.0356629334791,0.9652086457860907,1.0589443796324223,-0.0572725436464044,0.22957120453228075,0.5764885126240091,0.43067585549953885,AMD,629.26
2027-12-17,C,710.0,1.2286562484565258,448.4595306866319,143.95,661.0356629334791,0.9652086457860907,1.074072156484314,-0.0714571786383609,0.22561375587930918,0.5791299723291762,0.4325942526544565,AMD,629.26
2027-12-17,C,720.0,1.2286562484564307,448.4595306865972,140.10000000000002,661.0356629334791,0.9652086457860907,1.0891999333362057,-0.08544342061310065,0.21957962625002586,0.576690847303929,0.434627173599296,AMD,629.26
2027-12-17,C,730.0,1.228656248456304,448.4595306865509,136.4,661.0356629334791,0.9652086457860907,1.1043277101880975,-0.09923674274543653,0.21378059258032495,0.574539786184375,0.436399511781941,AMD,629.26
2027-12-17,C,740.0,1.2286562484562087,448.4595306865162,133.75,661.0356629334791,0.9652086457860907,1.1194554870399893,-0.11284239480121522,0.20962723062770133,0.5758980041956574,0.4377454913239035,AMD,629.26
2027-12-17,C,750.0,1.228656248456082,448.4595306864699,131.35,661.0356629334791,0.9652086457860907,1.134583263891881,-0.12626541513335576,0.2058656952743818,0.5778836320140978,0.4388656710753161,AMD,629.26
2027-12-17,C,760.0,1.2286562484559866,448.45953068643513,128.625,661.0356629334791,0.9652086457860907,1.1497110407437727,-0.13951064188337647,0.20159478534196698,0.5784515831441518,0.43986677999290913,AMD,629.26
2027-12-17,C,770.0,1.22865624845586,448.4595306863889,125.375,661.0356629334791,0.9652086457860907,1.1648388175956645,-0.1525827234507293,0.19650103955101347,0.576906987648285,0.4407537894724537,AMD,629.26
2027-12-17,C,780.0,1.2286562484557333,448.45953068634265,122.45,661.0356629334791,0.9652086457860907,1.1799665944475561,-0.16548612828663706,0.19191666833915536,0.5762840240734703,0.4414027643870198,AMD,629.26
2027-12-17,C,790.0,1.228656248455638,448.45953068630786,120.025,661.0356629334791,0.9652086457860907,1.195094371299448,-0.17822515406406686,0.18811595032590545,0.577204277989833,0.4418289977630836,AMD,629.26
2027-12-17,C,800.0,1.228656248455511,448.45953068626153,118.0,661.0356629334791,0.9652086457860907,1.2102221481513398,-0.19080393627092704,0.1849421548715421,0.579315343608119,0.44208001462543345,AMD,629.26
2027-12-17,C,810.0,1.228656248455416,448.45953068622686,115.125,661.0356629334791,0.9652086457860907,1.2253499250032314,-0.20322645626948407,0.1804361489795448,0.5781923910838537,0.44220416098495197,AMD,629.26
2027-12-17,C,820.0,1.2286562484552892,448.4595306861806,112.275,661.0356629334791,0.9652086457860907,1.2404777018551232,-0.2154965488612985,0.1759693257474779,0.5769436234540098,0.44214112664802296,AMD,629.26
2027-12-17,C,830.0,1.2286562484551307,448.4595306861227,109.92500000000001,661.0356629334791,0.9652086457860907,1.255605478707015,-0.22761790939364335,0.17228615571401923,0.5772574260053946,0.4419233406625644,AMD,629.26
2027-12-17,C,840.0,1.2286562484550356,448.459530686088,107.6,661.0356629334791,0.9652086457860907,1.2707332555589066,-0.23959410044035892,0.16864216834049092,0.5774555395363326,0.44155568669641654,AMD,629.26
2027-12-17,C,850.0,1.228656248454877,448.4595306860301,105.07499999999999,661.0356629334791,0.9652086457860907,1.2858610324107984,-0.2514285580873618,0.16468471968751935,0.576743295876928,0.4410089748537425,AMD,629.26
2027-12-17,C,860.0,1.2286562484547818,448.4595306859954,103.80000000000001,661.0356629334791,0.9652086457860907,1.3009888092626902,-0.26312459785055314,0.1626864040310684,0.5802818843148435,0.4405180975692591,AMD,629.26
2027-12-17,C,870.0,1.228656248454655,448.45953068594906,101.35,661.0356629334791,0.9652086457860907,1.3161165861145818,-0.274685420251629,0.15884650335788805,0.5794533432460285,0.4397051635902156,AMD,629.26
2027-12-17,C,880.0,1.228656248454528,448.45953068590273,99.05,661.0356629334791,0.9652086457860907,1.3312443629664736,-0.28611411607525183,0.15524169864429022,0.5789713867045757,0.4387682210402515,AMD,629.26
2027-12-17,C,890.0,1.2286562484544015,448.4595306858565,97.57499999999999,661.0356629334791,0.9652086457860907,1.3463721398183655,-0.2974136713291852,0.15292992170839592,0.5812587087217851,0.43792700089256137,AMD,629.26
2027-12-17,C,900.0,1.2286562484543062,448.4595306858218,95.775,661.0356629334791,0.9652086457860907,1.3614999166702573,-0.30858697192731055,0.15010877019340632,0.5822132722493407,0.43689309084796824,AMD,629.26
2027-12-17,C,910.0,1.2286562484541794,448.45953068577546,92.9,661.0356629334791,0.9652086457860907,1.3766276935221489,-0.3196368081138954,0.145602764301409,0.5791313363479687,0.4353369595187281,AMD,629.26
2027-12-17,C,920.0,1.2286562484540842,448.45953068574073,90.65,661.0356629334791,0.9652086457860907,1.3917554703740407,-0.3305658786460857,0.14207632490767197,0.5781164853901493,0.43384059030191324,AMD,629.26
2027-12-17,C,930.0,1.2286562484539574,448.45953068569446,89.275,661.0356629334791,0.9652086457860907,1.4068832472259325,-0.34137679475030136,0.13992127861149933,0.5800991731431198,0.4326171404054429,AMD,629.26
2027-12-17,C,940.0,1.2286562484538306,448.4595306856482,87.55000000000001,661.0356629334791,0.9652086457860907,1.422011024077824,-0.35207208386704925,0.13721767507630095,0.5806597711260129,0.4311349629282459,AMD,629.26
2028-01-21,P,470.0,1.3245466594031583,483.4595306821528,61.25,663.4067939148304,0.9626574564173321,0.7084642549806923,0.34465567280981585,0.38744364885915106,0.5505832079832288,0.3170035832695044,AMD,629.26
2028-01-21,P,480.0,1.3245466594030315,483.4595306821065,66.05,663.4067939148304,0.9626574564173321,0.723537962533473,0.32360226361198347,0.379885989280758,0.5543698008093517,0.32637333198319507,AMD,629.26
2028-01-21,P,490.0,1.3245466594029363,483.4595306820717,70.7,663.4067939148304,0.9626574564173321,0.7386116700862537,0.30298297640924776,0.37209345320316545,0.5566775966716081,0.33520063978615283,AMD,629.26
2028-01-21,P,500.0,1.3245466594028095,483.45953068202545,74.125,663.4067939148304,0.9626574564173321,0.7536853776390344,0.2827802690917283,0.36238275904877604,0.5527346102702324,0.3432900129230247,AMD,629.26
2028-01-21,P,510.0,1.3245466594027144,483.45953068199077,79.05,663.4067939148304,0.9626574564173321,0.7687590851918151,0.26297764179554856,0.35502082988638284,0.5551251927894363,0.35147064947668205,AMD,629.26
2028-01-21,P,520.0,1.3245466594025876,483.4595306819445,84.775,663.4067939148304,0.9626574564173321,0.7838327927445958,0.24355955593844697,0.3489115753863874,0.5603850882861354,0.3593404095553587,AMD,629.26
2028-01-21,P,530.0,1.3245466594024924,483.4595306819097,88.15,663.4067939148304,0.9626574564173321,0.7989065002973765,0.22451136096775248,0.339122589065598,0.5549044696688001,0.36661822303724845,AMD,629.26
2028-01-21,P,540.0,1.3245466594023654,483.4595306818634,93.9,663.4067939148304,0.9626574564173321,0.8139802078501571,0.20581922795560004,0.3330524806488028,0.5591114973545748,0.37372897724688975,AMD,629.26
2028-01-21,P,550.0,1.3245466594022706,483.45953068182877,97.5,663.4067939148304,0.9626574564173321,0.8290539154029378,0.1874700892874035,0.323615809076813,0.5538628774357749,0.3805352417402299,AMD,629.26
2028-01-21,P,560.0,1.3245466594021436,483.4595306817824,104.15,663.4067939148304,0.9626574564173321,0.8441276229557185,0.16945158378472516,0.31895495965521514,0.5606926163219895,0.38687326450828735,AMD,629.26
2028-01-21,P,570.0,1.3245466594020168,483.4595306817361,108.95,663.4067939148304,0.9626574564173321,0.8592013305084992,0.15175200668532424,0.3113973000768221,0.5595113861322554,0.39302594321254625,AMD,629.26
2028-01-21,P,580.0,1.3245466594019215,483.4595306817013,114.625,663.4067939148304,0.9626574564173321,0.8742750380612799,0.13436026397345502,0.3052097534104269,0.5613917116441252,0.398763413636051,AMD,629.26
2028-01-21,P,590.0,1.3245466594018265,483.45953068166665,118.85,663.4067939148304,0.9626574564173321,0.8893487456140606,0.1172658306141549,0.29675173391843546,0.557210074954114,0.4044766024854958,AMD,629.26
2028-01-21,P,600.0,1.3245466594016997,483.4595306816204,123.9,663.4067939148304,0.9626574564173321,0.9044224531668413,0.10045871229777364,0.2895855351720419,0.5559081087629009,0.4097834667170125,AMD,629.26
2028-01-21,P,610.0,1.324546659401573,483.4595306815741,129.9,663.4067939148304,0.9626574564173321,0.919496160719622,0.08392941034656307,0.2839068875872458,0.5578525825227026,0.4146014831493487,AMD,629.26
2028-01-21,P,620.0,1.3245466594014776,483.4595306815393,137.0,663.4067939148304,0.9626574564173321,0.9345698682724026,0.06766888947478286,0.27995066766324705,0.5635043756613133,0.41884449916451927,AMD,629.26
2028-01-21,P,630.0,1.3245466594013506,483.459530681493,142.0,663.4067939148304,0.9626574564173321,0.9496435758251833,0.05166854812834172,0.2727061767504535,0.5609243258501421,0.42335916194371936,AMD,629.26
2028-01-21,P,640.0,1.3245466594012558,483.4595306814584,147.0,663.4067939148304,0.9626574564173321,0.964717283377964,0.035920191160202536,0.26546168583766017,0.5580602854297946,0.42763271684102994,AMD,629.26
2028-01-21,P,650.0,1.3245466594011288,483.459530681412,154.15,663.4067939148304,0.9626574564173321,0.9797909909307447,0.020416004624237268,0.26158375808006107,0.5627271393010559,0.43104729778342266,AMD,629.26
2028-01-21,P,660.0,1.3245466594010338,483.4595306813773,158.45,663.4067939148304,0.9626574564173321,0.9948646984835254,0.005148532493448819,0.2532431768376693,0.5567365529850038,0.4350350033230758,AMD,629.26
2028-01-21,C,670.0,1.3245466594009703,483.4595306813541,164.375,663.4067939148304,0.9626574564173321,1.0099384060363061,-0.009889344871091709,0.2573854970395797,0.5790605037504455,0.4364481366647481,AMD,629.26
2028-01-21,C,680.0,1.3245466594008752,483.45953068131945,160.3,663.4067939148304,0.9626574564173321,1.0250121135890868,-0.02470443065623236,0.25100468547799015,0.5768799715573731,0.4396206700945912,AMD,629.26
2028-01-21,C,690.0,1.3245466594007482,483.4595306812731,156.97500000000002,663.4067939148304,0.9626574564173321,1.0400858211418675,-0.03930323007738506,0.24579825641239866,0.5771016585042098,0.4423540997747487,AMD,629.26
2028-01-21,C,700.0,1.3245466594006214,483.45953068122685,153.85000000000002,663.4067939148304,0.9626574564173321,1.0551595286946482,-0.05369196752948468,0.24090499601240664,0.5777514813197626,0.44482080706511856,AMD,629.26
2028-01-21,C,710.0,1.3245466594005264,483.4595306811921,150.5,663.4067939148304,0.9626574564173321,1.070233236247429,-0.06787660252144112,0.2356594208636152,0.5773410626498358,0.44714583952388537,AMD,629.26
2028-01-21,C,720.0,1.3245466594004311,483.4595306811574,146.95,663.4067939148304,0.9626574564173321,1.0853069438002096,-0.08186284449618102,0.23010067704922424,0.5759794336683275,0.4493177059978501,AMD,629.26
2028-01-21,C,730.0,1.3245466594003044,483.4595306811111,143.775,663.4067939148304,0.9626574564173321,1.1003806513529903,-0.09565616662851685,0.22512912448283237,0.5756794624319268,0.4511893479728571,AMD,629.26
2028-01-21,C,740.0,1.3245466594002093,483.4595306810764,141.375,663.4067939148304,0.9626574564173321,1.115454358905771,-0.10926181868429549,0.22137110049563852,0.577816806666281,0.4526894846356664,AMD,629.26
2028-01-21,C,750.0,1.3245466594000825,483.4595306810301,137.85000000000002,663.4067939148304,0.9626574564173321,1.1305280664585515,-0.12268483901643598,0.21585150276444756,0.5758233856587532,0.4542558178106333,AMD,629.26
2028-01-21,C,760.0,1.3245466593999873,483.4595306809954,135.65,663.4067939148304,0.9626574564173321,1.1456017740113322,-0.13593006576645664,0.21240664744285315,0.5781647393596103,0.45536807818592007,AMD,629.26
2028-01-21,C,770.0,1.3245466593998605,483.45953068094906,132.875,663.4067939148304,0.9626574564173321,1.160675481564113,-0.14900214733380943,0.20806143220766024,0.5782964095898994,0.45642397149724734,AMD,629.26
2028-01-21,C,780.0,1.3245466593997335,483.45953068090273,129.8,663.4067939148304,0.9626574564173321,1.1757491891168936,-0.16190555216971733,0.20324646397406812,0.5771805739126726,0.45734794697047687,AMD,629.26
2028-01-21,C,790.0,1.3245466593996067,483.45953068085646,127.725,663.4067939148304,0.9626574564173321,1.1908228966696743,-0.17464457794714708,0.19999733906847342,0.579272661502311,0.45797038156889036,AMD,629.26
2028-01-21,C,800.0,1.3245466593995117,483.45953068082173,124.35,663.4067939148304,0.9626574564173321,1.205896604222455,-0.18722336015400723,0.19471261783648203,0.5767112258098377,0.4585697652617506,AMD,629.26
2028-01-21,C,810.0,1.3245466593993849,483.45953068077546,121.80000000000001,663.4067939148304,0.9626574564173321,1.2209703117752357,-0.19964588015256438,0.19071971735008858,0.576765367749567,0.45891604796112123,AMD,629.26
2028-01-21,C,820.0,1.3245466593992896,483.4595306807407,119.19999999999999,663.4067939148304,0.9626574564173321,1.2360440193280164,-0.21191597274437873,0.1866485246972952,0.5764494765928324,0.4591038115976249,AMD,629.26
2028-01-21,C,830.0,1.3245466593991628,483.45953068069446,117.15,663.4067939148304,0.9626574564173321,1.2511177268807971,-0.22403733327672357,0.18343854587490047,0.5778146984238786,0.4591340456534764,AMD,629.26
2028-01-21,C,840.0,1.3245466593990678,483.4595306806597,115.225,663.4067939148304,0.9626574564173321,1.2661914344335778,-0.23601352432343928,0.18042429746850536,0.5794167997576749,0.4590419863927187,AMD,629.26
2028-01-21,C,850.0,1.324546659398941,483.45953068061345,113.3,663.4067939148304,0.9626574564173321,1.2812651419863585,-0.2478479819704421,0.1774100490621103,0.5808352483802853,0.4588322997551692,AMD,629.26
2028-01-21,C,860.0,1.324546659398814,483.4595306805671,109.875,663.4067939148304,0.9626574564173321,1.2963388495391392,-0.2595440217336334,0.17204703566371907,0.5769518531826723,0.45834353331842376,AMD,629.26
2028-01-21,C,870.0,1.3245466593987187,483.45953068053234,108.475,663.4067939148304,0.9626574564173321,1.31141255709192,-0.2711048441347094,0.16985485500452263,0.5798087244472607,0.4579292091785644,AMD,629.26
2028-01-21,C,880.0,1.324546659398624,483.4595306804977,105.44999999999999,663.4067939148304,0.9626574564173321,1.3264862646447007,-0.28253353995833214,0.16511817893733036,0.57693542601026,0.45713527395735526,AMD,629.26
2028-01-21,C,890.0,1.324546659398497,483.4595306804514,103.1,663.4067939148304,0.9626574564173321,1.3415599721974814,-0.2938330952122655,0.16143844711653638,0.5761993244266894,0.4562921780287521,AMD,629.26
2028-01-21,C,900.0,1.3245466593983701,483.4595306804051,102.475,663.4067939148304,0.9626574564173321,1.356633679750262,-0.3050063958103908,0.16045979503653796,0.5812240681517168,0.45576184273205755,AMD,629.26
2028-01-21,C,910.0,1.3245466593982749,483.45953068037034,99.4,663.4067939148304,0.9626574564173321,1.3717073873030425,-0.3160562319969756,0.15564482680294586,0.5776699340558262,0.45446963869192725,AMD,629.26
2028-01-21,C,920.0,1.324546659398148,483.45953068032406,96.575,663.4067939148304,0.9626574564173321,1.3867810948558232,-0.32698530252916586,0.15122131940135305,0.574802222754853,0.4530411815052567,AMD,629.26
2028-01-21,C,930.0,1.3245466593980215,483.45953068027785,95.55000000000001,663.4067939148304,0.9626574564173321,1.401854802408604,-0.3377962186333815,0.1496163299901557,0.5780000747348254,0.4521461575686782,AMD,629.26
2028-01-21,C,940.0,1.3245466593978945,483.4595306802315,93.85,663.4067939148304,0.9626574564173321,1.4169285099613846,-0.3484915077501295,0.14695439633256002,0.5787188419486984,0.4509076164390092,AMD,629.26
2028-01-21,C,950.0,1.3245466593977993,483.45953068019674,91.075,663.4067939148304,0.9626574564173321,1.4320022175141653,-0.35907361708066643,0.14260918109736714,0.5755473627127486,0.4490410718564739,AMD,629.26
2028-06-16,P,480.0,1.7272863854155884,630.4595306766897,79.35,673.923223384297,0.9500671805195773,0.7122473055454946,0.33933008862918357,0.4116843333030312,0.5539497949162985,0.37150157119128413,AMD,629.26
2028-06-16,P,490.0,1.7272863854154616,630.4595306766435,83.42500000000001,673.923223384297,0.9500671805195773,0.7270857910776924,0.31871080142644787,0.4032103270185683,0.5525416196345847,0.38012858591835835,AMD,629.26
2028-06-16,P,500.0,1.7272863854153666,630.4595306766088,89.15,673.923223384297,0.9500671805195773,0.7419242766098902,0.2985080941089284,0.39731334914116323,0.5574000569886287,0.38867204731590876,AMD,629.26
2028-06-16,P,510.0,1.7272863854152398,630.4595306765625,93.625,673.923223384297,0.9500671805195773,0.756762762142088,0.2787054668127487,0.38946407701598695,0.5567284230778736,0.3967370114360227,AMD,629.26
2028-06-16,P,520.0,1.7272863854151446,630.4595306765277,97.825,673.923223384297,0.9500671805195773,0.7716012476742858,0.25928738095564713,0.3811853001563009,0.5546293437977845,0.40454656796986455,AMD,629.26
2028-06-16,P,530.0,1.7272863854150178,630.4595306764814,104.475,673.923223384297,0.9500671805195773,0.7864397332064836,0.24023918598495267,0.37673302002224673,0.5615162238014959,0.41195299650545236,AMD,629.26
2028-06-16,P,540.0,1.7272863854149225,630.4595306764468,108.6,673.923223384297,0.9500671805195773,0.8012782187386814,0.22154705297280014,0.3683371055076944,0.5583936592587635,0.41923416742479863,AMD,629.26
2028-06-16,P,550.0,1.727286385414796,630.4595306764005,113.1,673.923223384297,0.9500671805195773,0.8161167042708792,0.2031979143046036,0.3605268792674734,0.5563997580737111,0.42625783334402184,AMD,629.26
2028-06-16,P,560.0,1.7272863854147007,630.4595306763657,118.775,673.923223384297,0.9500671805195773,0.830955189803077,0.1851794088019253,0.35455180962015753,0.5583692349264736,0.4328316402938486,AMD,629.26
2028-06-16,P,570.0,1.7272863854145737,630.4595306763194,124.325,673.923223384297,0.9500671805195773,0.8457936753352748,0.1674798317025244,0.34838151054806477,0.5595101856794696,0.439142827354568,AMD,629.26
2028-06-16,P,580.0,1.7272863854144787,630.4595306762847,128.5,673.923223384297,0.9500671805195773,0.8606321608674726,0.1500880889906552,0.3400636878034232,0.5554832459419821,0.4455430881349333,AMD,629.26
2028-06-16,P,590.0,1.7272863854143519,630.4595306762384,135.97500000000002,673.923223384297,0.9500671805195773,0.8754706463996704,0.1329936556313551,0.3368999218728983,0.5626811350836253,0.45081856958727884,AMD,629.26
2028-06-16,P,600.0,1.7272863854142568,630.4595306762037,141.225,673.923223384297,0.9500671805195773,0.8903091319318682,0.11618653731497387,0.33026107218134004,0.5617975356701586,0.45644728911485416,AMD,629.26
2028-06-16,P,610.0,1.7272863854141298,630.4595306761573,145.5,673.923223384297,0.9500671805195773,0.905147617464066,0.09965723536376332,0.32209943297652033,0.5573559477458351,0.46217221243040735,AMD,629.26
2028-06-16,P,620.0,1.727286385414003,630.4595306761111,152.8,673.923223384297,0.9500671805195773,0.9199861029962639,0.0833967144919829,0.31866234585130715,0.5628538441722579,0.4666771737596126,AMD,629.26
2028-06-16,P,630.0,1.727286385413908,630.4595306760764,158.875,673.923223384297,0.9500671805195773,0.9348245885284617,0.06739637314554177,0.31331201036327816,0.5639174530250465,0.4713492717695901,AMD,629.26
2028-06-16,P,640.0,1.7272863854137812,630.4595306760301,163.5,673.923223384297,0.9500671805195773,0.9496630740606595,0.05164801617740261,0.3056970135478343,0.5599471724016692,0.47632907570074706,AMD,629.26
2028-06-16,P,650.0,1.727286385413686,630.4595306759953,170.4,673.923223384297,0.9500671805195773,0.9645015595928573,0.036143829641437364,0.3016351922633346,0.5631955564838248,0.4802677876497987,AMD,629.26
2028-06-16,P,660.0,1.7272863854135592,630.459530675949,176.475,673.923223384297,0.9500671805195773,0.9793400451250551,0.02087635751064894,0.2962848567753056,0.5634873988980713,0.4842985100005257,AMD,629.26
2028-06-16,P,670.0,1.727286385413464,630.4595306759144,183.05,673.923223384297,0.9500671805195773,0.9941785306572529,0.005838480146108432,0.2917154389863851,0.5651406486208548,0.4879358650335696,AMD,629.26
2028-06-16,C,680.0,1.7272863854134006,630.4595306758912,187.875,673.923223384297,0.9500671805195773,1.0090170161894507,-0.0089766056390322,0.2934298254400355,0.5793512937571761,0.48982165281124324,AMD,629.26
2028-06-16,C,690.0,1.7272863854133054,630.4595306758565,184.5,673.923223384297,0.9500671805195773,1.0238555017216484,-0.023575405060184768,0.2881586309710528,0.5790073122049849,0.49325011070359753,AMD,629.26
2028-06-16,C,700.0,1.7272863854131788,630.4595306758102,181.5,673.923223384297,0.9500671805195773,1.0386939872538463,-0.03796414251228448,0.2834731247764016,0.5796390628780608,0.49635472506823336,AMD,629.26
2028-06-16,C,710.0,1.7272863854130835,630.4595306757755,178.5,673.923223384297,0.9500671805195773,1.0535324727860442,-0.05214877750424101,0.2787876185817503,0.5800604578220517,0.49928634800379684,AMD,629.26
2028-06-16,C,720.0,1.727286385412925,630.4595306757176,176.125,673.923223384297,0.9500671805195773,1.068370958318242,-0.06613501947898079,0.2750782595109847,0.582224913428905,0.5018164360013992,AMD,629.26
2028-06-16,C,730.0,1.727286385412798,630.4595306756713,173.125,673.923223384297,0.9500671805195773,1.0832094438504398,-0.0799283416113167,0.27039275331633345,0.5822407592482152,0.5044188338079172,AMD,629.26
2028-06-16,C,740.0,1.727286385412703,630.4595306756365,169.575,673.923223384297,0.9500671805195773,1.0980479293826375,-0.09353399366709522,0.26484823765266274,0.5803762988677941,0.5070524665405105,AMD,629.26
2028-06-16,C,750.0,1.727286385412576,630.4595306755903,165.575,673.923223384297,0.9500671805195773,1.1128864149148354,-0.106957013999236,0.2586008960597944,0.5769691283694894,0.5096622077924748,AMD,629.26
2028-06-16,C,760.0,1.7272863854124811,630.4595306755556,162.4,673.923223384297,0.9500671805195773,1.127724900447033,-0.12020224074925653,0.2536420686704552,0.575932163399956,0.5118170858676455,AMD,629.26
2028-06-16,C,770.0,1.7272863854123541,630.4595306755093,159.9,673.923223384297,0.9500671805195773,1.142563385979231,-0.1332743223166094,0.24973748017491246,0.5767821705474065,0.5136005380823031,AMD,629.26
2028-06-16,C,780.0,1.7272863854122589,630.4595306754745,157.575,673.923223384297,0.9500671805195773,1.1574018715114287,-0.14617772715251717,0.2461062128740577,0.5779881491973311,0.5151905100453783,AMD,629.26
2028-06-16,C,790.0,1.727286385412132,630.4595306754283,154.375,673.923223384297,0.9500671805195773,1.1722403570436266,-0.15891675292994703,0.24110833959976302,0.5763780633621544,0.516883441769302,AMD,629.26
2028-06-16,C,800.0,1.727286385412037,630.4595306753936,151.95,673.923223384297,0.9500671805195773,1.1870788425758243,-0.17149553513680704,0.23732088875908658,0.576952324163361,0.5182166004658906,AMD,629.26
2028-06-16,C,810.0,1.7272863854119103,630.4595306753472,149.39999999999998,673.923223384297,0.9500671805195773,1.2019173281080222,-0.1839180551353643,0.233338208493633,0.5769914573818302,0.5194441761214231,AMD,629.26
2028-06-16,C,820.0,1.727286385411815,630.4595306753125,146.875,673.923223384297,0.9500671805195773,1.21675581364022,-0.19618814772717855,0.22939457411313485,0.576952809309625,0.5205283067355085,AMD,629.26
2028-06-16,C,830.0,1.7272863854116882,630.4595306752663,144.925,673.923223384297,0.9500671805195773,1.2315942991724178,-0.20830950825952343,0.22634899508661155,0.5784876577070828,0.5213691140924608,AMD,629.26
2028-06-16,C,840.0,1.7272863854115932,630.4595306752315,143.025,673.923223384297,0.9500671805195773,1.2464327847046155,-0.22028569930623904,0.22338150782999908,0.5800221231801472,0.5220922667107997,AMD,629.26
2028-06-16,C,850.0,1.7272863854114664,630.4595306751852,139.4,673.923223384297,0.9500671805195773,1.2612712702368134,-0.23212015695324195,0.21771985451146214,0.5762580976549443,0.5229505540678756,AMD,629.26
2028-06-16,C,860.0,1.7272863854113394,630.4595306751389,138.1,673.923223384297,0.9500671805195773,1.276109755769011,-0.24381619671643315,0.2156894684937799,0.5793015487012192,0.5233582551524292,AMD,629.26
2028-06-16,C,870.0,1.7272863854112441,630.4595306751041,135.15,673.923223384297,0.9500671805195773,1.290948241301209,-0.2553770191175092,0.21108205406903952,0.5772848025156805,0.5238359361207924,AMD,629.26
2028-06-16,C,880.0,1.7272863854111173,630.4595306750579,132.85,673.923223384297,0.9500671805195773,1.305786726833407,-0.26680571494113203,0.2074898326531402,0.577075355488575,0.5241177843680194,AMD,629.26
2028-06-16,C,890.0,1.7272863854110223,630.4595306750232,130.9,673.923223384297,0.9500671805195773,1.3206252123656046,-0.2781052701950653,0.2044442536266169,0.5777792349381843,0.5242676156119384,AMD,629.26
2028-06-16,C,900.0,1.7272863854109273,630.4595306749884,129.175,673.923223384297,0.9500671805195773,1.3354636978978025,-0.28927857079319064,0.20175008756469243,0.5790265787954635,0.5243149149605425,AMD,629.26
2028-06-16,C,910.0,1.7272863854108003,630.4595306749421,127.775,673.923223384297,0.9500671805195773,1.3503021834300002,-0.30032840697977553,0.1995635180071885,0.5811186363543633,0.5242811118718057,AMD,629.26
2028-06-16,C,920.0,1.7272863854107052,630.4595306749075,124.775,673.923223384297,0.9500671805195773,1.365140668962198,-0.31125747751196586,0.19487801181253722,0.5783232238674447,0.5240871963990258,AMD,629.26
2028-06-16,C,930.0,1.7272863854105784,630.4595306748612,123.525,673.923223384297,0.9500671805195773,1.3799791544943958,-0.3220683936161814,0.19292571756476587,0.5806247900238527,0.5238849199447304,AMD,629.26
2028-06-16,C,940.0,1.7272863854104832,630.4595306748264,120.775,673.923223384297,0.9500671805195773,1.3948176400265937,-0.33276368273292944,0.18863067021966887,0.5783384452103782,0.5234413189263106,AMD,629.26
2028-06-16,C,950.0,1.7272863854103564,630.4595306747801,119.5,673.923223384297,0.9500671805195773,1.4096561255587914,-0.34334579206346627,0.18663933008694206,0.5803396960020131,0.5230754747010192,AMD,629.26
2028-06-16,C,960.0,1.7272863854102611,630.4595306747453,117.525,673.923223384297,0.9500671805195773,1.4244946110909893,-0.3538170919307618,0.18355470517546332,0.5801416488062265,0.5225199205862332,AMD,629.26
