expiry,cp,strike,tau,days,mid,forward,discount,k,x,c,market_iv,vega_w,symbol,spot
2026-10-02,P,305.0,0.02043645656998351,7.459306648043981,0.02,391.8524049326628,1.0038450308295863,0.7783542889124597,0.250573474253419,0.22169655521580212,0.6161941266653164,0.0008794913636569065,GLD,391.69
2026-10-02,P,310.0,0.02043645656985667,7.459306647997685,0.02,391.8524049326628,1.0038450308295863,0.7911141952880738,0.2343129533816387,0.20893664884018803,0.579411912954993,0.0009272424640550926,GLD,391.69
2026-10-02,P,315.0,0.020436456569729835,7.45930664795139,0.02,391.8524049326628,1.0038450308295863,0.803874101663688,0.21831261203519747,0.19617674246457384,0.5430704069198298,0.0009801342986150245,GLD,391.69
2026-10-02,P,320.0,0.020436456569602995,7.459306647905093,0.02,391.8524049326628,1.0038450308295863,0.8166340080393021,0.2025642550670583,0.18341683608895976,0.5071420491360873,0.0010391160913075764,GLD,391.69
2026-10-02,P,325.0,0.020436456569476152,7.459306647858796,0.02,391.8524049326628,1.0038450308295863,0.8293939144149162,0.18706006853109308,0.17065692971334567,0.471598530360017,0.0011053938006809648,GLD,391.69
2026-10-02,P,330.0,0.020436456569349313,7.459306647812499,0.02,391.8524049326628,1.0038450308295863,0.8421538207905302,0.17179259640030464,0.1578970233377316,0.4364103426823023,0.0011805252613912064,GLD,391.69
2026-10-02,P,335.0,0.020436456569222477,7.459306647766204,0.02,391.8524049326628,1.0038450308295863,0.8549137271661443,0.15675471903576416,0.1451371169621175,0.4015461951649126,0.0012665617490692886,GLD,391.69
2026-10-02,P,340.0,0.020436456569095637,7.459306647719908,0.025,391.8524049326628,1.0038450308295863,0.8676736335417584,0.14193963325062353,0.13238992161856877,0.37552222305022903,0.0016109761527809915,GLD,391.69
2026-10-02,P,346.0,0.02043645656884196,7.459306647627315,0.03,391.8524049326628,1.0038450308295863,0.8829855211924953,0.12444647580310639,0.11709074499989747,0.34023779884739735,0.002029807614770665,GLD,391.69
2026-10-02,P,348.0,0.02043645656858828,7.459306647534722,0.03,391.8524049326628,1.0038450308295863,0.888089483742741,0.11868277108635623,0.11198678244965177,0.326084858750571,0.002102212318763694,GLD,391.69
2026-10-02,P,349.0,0.02043645656846144,7.459306647488425,0.05,391.8524049326628,1.0038450308295863,0.8906414650178638,0.11581332865840344,0.10948564530279059,0.33862103970580265,0.003075616084448647,GLD,391.69
2026-10-02,P,350.0,0.0204364565683346,7.459306647442129,0.04,391.8524049326628,1.0038450308295863,0.8931934462929866,0.11295209637737126,0.1069082419635371,0.32244603283058415,0.0026769082069279552,GLD,391.69
2026-10-02,P,351.0,0.020436456568176053,7.45930664738426,0.05,391.8524049326628,1.0038450308295863,0.8957454275681095,0.11009902739496472,0.10438168275254489,0.3238016892502266,0.0031888853276595365,GLD,391.69
2026-10-02,P,352.0,0.020436456568049214,7.4593066473379634,0.06,391.8524049326628,1.0038450308295863,0.8982974088432323,0.10725407526273346,0.10185512354155302,0.32373612992790657,0.0036851096630454673,GLD,391.69
2026-10-02,P,354.0,0.020436456567827246,7.459306647256945,0.06,391.8524049326628,1.0038450308295863,0.9034013713934779,0.10158833772705615,0.09675116099130743,0.3086667885854361,0.0038282219046783415,GLD,391.69
2026-10-02,P,355.0,0.020436456567700406,7.459306647210648,0.05500000000000001,391.8524049326628,1.0038450308295863,0.9059533526686007,0.09876746138541484,0.09418646868411928,0.29778302793877887,0.003678488448907068,GLD,391.69
2026-10-02,P,356.0,0.020436456567573567,7.459306647164352,0.06,391.8524049326628,1.0038450308295863,0.9085053339437236,0.09595452000880009,0.09164719844106173,0.2936069618378239,0.003983904588196332,GLD,391.69
2026-10-02,P,357.0,0.020436456567446727,7.459306647118056,0.06,391.8524049326628,1.0038450308295863,0.9110573152188464,0.0931494690811915,0.08909521716593893,0.28607887559053935,0.004067031262530909,GLD,391.69
2026-10-02,P,358.0,0.02043645656731989,7.45930664707176,0.07,391.8524049326628,1.0038450308295863,0.9136092964939692,0.09035226446013028,0.08656865795494706,0.28435501837158905,0.004609325685047584,GLD,391.69
2026-10-02,P,359.0,0.02043645656716134,7.459306647013889,0.07500000000000001,391.8524049326628,1.0038450308295863,0.916161277769092,0.08756286237255174,0.08402938771188984,0.2793397184743797,0.004931256571856961,GLD,391.69
2026-10-02,P,360.0,0.0204364565670345,7.459306646967593,0.08,391.8524049326628,1.0038450308295863,0.9187132590442147,0.08478121941067496,0.08149011746883239,0.2740959508245542,0.005260616150837864,GLD,391.69
2026-10-02,P,361.0,0.02043645656690766,7.459306646921295,0.09,391.8524049326628,1.0038450308295863,0.9212652403193377,0.08200729252794964,0.0789635582578404,0.27087008466601903,0.00581145934953377,GLD,391.69
2026-10-02,P,362.0,0.020436456566780822,7.4593066468750004,0.09,391.8524049326628,1.0038450308295863,0.9238172215944604,0.07924103903505952,0.07641157698271761,0.26299274366924946,0.005945624811231654,GLD,391.69
2026-10-02,P,363.0,0.020436456566653983,7.459306646828704,0.1,391.8524049326628,1.0038450308295863,0.9263692028695832,0.07648241659597983,0.07388501777172574,0.2591443835496155,0.006514859563728498,GLD,391.69
2026-10-02,P,364.0,0.020436456566527143,7.459306646782407,0.11,391.8524049326628,1.0038450308295863,0.928921184144706,0.07373138322408998,0.07135845856073386,0.2548519414992961,0.007090392028646481,GLD,391.69
2026-10-02,P,365.0,0.020436456566400304,7.459306646736111,0.12000000000000001,391.8524049326628,1.0038450308295863,0.9314731654198289,0.07098789727833904,0.06883189934974188,0.25016905009723767,0.0076748371859985684,GLD,391.69
2026-10-02,P,366.0,0.020436456566273468,7.459306646689816,0.13,391.8524049326628,1.0038450308295863,0.9340251466949517,0.06825191745946432,0.06630534013874978,0.24513718554559896,0.00827070624764316,GLD,391.69
2026-10-02,P,367.0,0.020436456566146625,7.459306646643518,0.15000000000000002,391.8524049326628,1.0038450308295863,0.9365771279700745,0.06552340280626032,0.06380420299188883,0.24259164926462765,0.00926108609370392,GLD,391.69
2026-10-02,P,368.0,0.020436456566019785,7.459306646597222,0.165,391.8524049326628,1.0038450308295863,0.9391291092451973,0.06280231269189969,0.06129035481296252,0.2380469841459188,0.010065853016510647,GLD,391.69
2026-10-02,P,369.0,0.02043645656589295,7.459306646550926,0.185,391.8524049326628,1.0038450308295863,0.9416810905203201,0.06008860682030346,0.058789217666101345,0.23423453562587518,0.011060024280514403,GLD,391.69
2026-10-02,P,370.0,0.02043645656576611,7.45930664650463,0.21000000000000002,391.8524049326628,1.0038450308295863,0.944233071795443,0.05738224522256043,0.05630079155130563,0.23090472274957544,0.012228984418157736,GLD,391.69
2026-10-02,P,371.0,0.02043645656563927,7.459306646458334,0.235,391.8524049326628,1.0038450308295863,0.9467850530705658,0.05468318825339544,0.053812365436510246,0.2269047861401838,0.013398686841330384,GLD,391.69
2026-10-02,P,372.0,0.02043645656548072,7.459306646400463,0.27,391.8524049326628,1.0038450308295863,0.9493370343456886,0.05199139658768405,0.05134936138584556,0.2240476830213814,0.01487955319062409,GLD,391.69
2026-10-02,P,373.0,0.020436456565353884,7.459306646354167,0.31000000000000005,391.8524049326628,1.0038450308295863,0.9518890156208114,0.04930683121701509,0.04889906836724622,0.22115896079131228,0.016489442269605255,GLD,391.69
2026-10-02,P,374.0,0.02043645656522704,7.45930664630787,0.355,391.8524049326628,1.0038450308295863,0.9544409968959343,0.046629453446298604,0.04646148638071235,0.21814299058530331,0.01821534015016462,GLD,391.69
2026-10-02,P,375.0,0.0204364565651002,7.459306646261574,0.41000000000000003,391.8524049326628,1.0038450308295863,0.9569929781710571,0.04395922489041975,0.0440493264583095,0.21556046278238475,0.020166446039851082,GLD,391.69
2026-10-02,P,376.0,0.020436456564973362,7.4593066462152775,0.475,391.8524049326628,1.0038450308295863,0.9595449594461799,0.04129610747093607,0.041662588600037576,0.21318306269480206,0.02230391184286251,GLD,391.69
2026-10-02,P,377.0,0.020436456564846526,7.459306646168982,0.55,391.8524049326628,1.0038450308295863,0.9620969407213027,0.03864006341281986,0.03930127280589635,0.2108373792962087,0.02459162637930026,GLD,391.69
2026-10-02,P,378.0,0.020436456564687976,7.459306646111111,0.635,391.8524049326628,1.0038450308295863,0.9646489219964255,0.03599105524124296,0.03696537907588626,0.20839366588432007,0.026996987904523078,GLD,391.69
2026-10-02,P,379.0,0.020436456564561136,7.459306646064815,0.74,391.8524049326628,1.0038450308295863,0.9672009032715484,0.0333490457784042,0.03468032947413768,0.20661410230318897,0.02964865690989547,GLD,391.69
2026-10-02,P,380.0,0.0204364565644343,7.459306646018519,0.87,391.8524049326628,1.0038450308295863,0.9697528845466712,0.030713998140399126,0.032458835032716626,0.20560004151723618,0.03252915412572258,GLD,391.69
2026-10-02,P,381.0,0.02043645656430746,7.459306645972223,0.9850000000000001,391.8524049326628,1.0038450308295863,0.972304865821794,0.02808587573412964,0.03019920749509908,0.20215625038790566,0.03506517436786663,GLD,391.69
2026-10-02,P,382.0,0.020436456564180618,7.459306645925926,1.1400000000000001,391.8524049326628,1.0038450308295863,0.9748568470969168,0.025464642254255446,0.02804126821400499,0.2003757121014693,0.03792558151758767,GLD,391.69
2026-10-02,P,383.0,0.020436456564053778,7.459306645879629,1.335,391.8524049326628,1.0038450308295863,0.9774088283720397,0.02285026168018455,0.025985017189434467,0.1997914651605985,0.040937256889141044,GLD,391.69
2026-10-02,P,384.0,0.020436456563926942,7.459306645833334,1.545,391.8524049326628,1.0038450308295863,0.9799608096471625,0.020242698273103706,0.023966899261060548,0.19859804826264024,0.04378062700978608,GLD,391.69
2026-10-02,P,385.0,0.020436456563768392,7.459306645775463,1.775,391.8524049326628,1.0038450308295863,0.9825127909222853,0.017641916573046368,0.021999625460948247,0.19707127348548054,0.04646084765204474,GLD,391.69
2026-10-02,P,386.0,0.020436456563641552,7.459306645729167,2.055,391.8524049326628,1.0038450308295863,0.9850647721974081,0.015047881395999755,0.020159461981490545,0.1967167705719793,0.04904866611402599,GLD,391.69
2026-10-02,P,387.0,0.020436456563514713,7.4593066456828705,2.35,391.8524049326628,1.0038450308295863,0.9876167534725309,0.012460557831048834,0.018357431598229113,0.1955447921797003,0.05131207718909594,GLD,391.69
2026-10-02,P,388.0,0.020436456563387877,7.459306645636575,2.71,391.8524049326628,1.0038450308295863,0.9901687347476538,0.009879911237557111,0.016720644631818216,0.19595982446100052,0.05332306522634006,GLD,391.69
2026-10-02,P,389.0,0.020436456563261034,7.459306645590277,3.075,391.8524049326628,1.0038450308295863,0.9927207160227766,0.007305907242384284,0.015096568697473,0.19496949284674966,0.05489899693721358,GLD,391.69
2026-10-02,P,390.0,0.020436456563134194,7.459306645543981,3.55,391.8524049326628,1.0038450308295863,0.9952726972978994,0.00473851173713849,0.013752135468567683,0.19739192936411948,0.05609414679222539,GLD,391.69
2026-10-02,P,391.0,0.020436456562975647,7.459306645486111,3.9499999999999997,391.8524049326628,1.0038450308295863,0.9978246785730222,0.0021776908754648555,0.012217036758680577,0.19476865734459828,0.056789700393013426,GLD,391.69
2026-10-02,C,392.0,0.02043645656291223,7.459306645462964,4.375,391.8524049326628,1.0038450308295863,1.000376659848145,-0.00037658892963188766,0.011122153057265768,0.19827260585088138,0.05703122415460636,GLD,391.69
2026-10-02,C,393.0,0.020436456562817097,7.45930664542824,3.875,391.8524049326628,1.0038450308295863,1.0029286411232678,-0.002924361008430671,0.009851049850721109,0.19706222399996265,0.056802161488682126,GLD,391.69
2026-10-02,C,394.0,0.020436456562658547,7.459306645370369,3.475,391.8524049326628,1.0038450308295863,1.0054806223983908,-0.005465658437103338,0.008834167285485382,0.19873583850815976,0.05613311367303597,GLD,391.69
2026-10-02,C,395.0,0.020436456562531707,7.459306645324073,3.09,391.8524049326628,1.0038450308295863,1.0080326036735134,-0.008000514040291255,0.007855417816445994,0.19953940572591358,0.05504583137826041,GLD,391.69
2026-10-02,C,396.0,0.02043645656240487,7.459306645277778,2.73,391.8524049326628,1.0038450308295863,1.0105845849486363,-0.010528960393650017,0.00694022350773384,0.1999538953805092,0.05356646603104104,GLD,391.69
2026-10-02,C,397.0,0.020436456562278032,7.459306645231481,2.41,391.8524049326628,1.0038450308295863,1.013136566223759,-0.013051029826359752,0.006126717455545258,0.20074553111745788,0.05175970507927514,GLD,391.69
2026-10-02,C,398.0,0.020436456562151192,7.459306645185185,2.115,391.8524049326628,1.0038450308295863,1.015688547498882,-0.015566754423607129,0.005376766563683909,0.20126862733041226,0.049646302661344566,GLD,391.69
2026-10-02,C,399.0,0.020436456562024353,7.459306645138889,1.8599999999999999,391.8524049326628,1.0038450308295863,1.0182405287740048,-0.018076166029032965,0.004728503928346132,0.20238104031392257,0.047339820702345,GLD,391.69
2026-10-02,C,400.0,0.020436456561897513,7.4593066450925924,1.62,391.8524049326628,1.0038450308295863,1.0207925100491275,-0.020579296247151362,0.004118374389204696,0.2028620655399006,0.04479078184272679,GLD,391.69
2026-10-02,C,401.0,0.020436456561770674,7.459306645046296,1.42,391.8524049326628,1.0038450308295863,1.0233444913242504,-0.023076176445738648,0.0036099331065868323,0.2042144349595657,0.04220864046672116,GLD,391.69
2026-10-02,C,402.0,0.020436456561643834,7.459306645,1.24,391.8524049326628,1.0038450308295863,1.025896472599373,-0.025566837758190387,0.003152335952230755,0.20544715946347827,0.03954267716131772,GLD,391.69
2026-10-02,C,403.0,0.020436456561516998,7.459306644953704,1.0899999999999999,391.8524049326628,1.0038450308295863,1.028448453874496,-0.028051311085852394,0.002771004990267357,0.2073524483231431,0.0369567310294622,GLD,391.69
2026-10-02,C,404.0,0.02043645656139016,7.459306644907408,0.9550000000000001,391.8524049326628,1.0038450308295863,1.031000435149619,-0.030529627100319565,0.0024278071245002995,0.20910685154405614,0.03437166456790836,GLD,391.69
2026-10-02,C,405.0,0.02043645656126332,7.459306644861112,0.8200000000000001,391.8524049326628,1.0038450308295863,1.0335524164247416,-0.033001816245708505,0.0020846092587332413,0.2096073197621903,0.03161061580355034,GLD,391.69
2026-10-02,C,406.0,0.020436456561136476,7.459306644814814,0.72,391.8524049326628,1.0038450308295863,1.0361043976998645,-0.03546790874090209,0.0018303886174243092,0.21171692228493907,0.029212191413843323,GLD,391.69
2026-10-02,C,407.0,0.02043645656100964,7.459306644768518,0.625,391.8524049326628,1.0038450308295863,1.0386563789749872,-0.03792793458176431,0.0015888790081808241,0.2131742024265283,0.026788195089209665,GLD,391.69
2026-10-02,C,408.0,0.02043645656085109,7.459306644710648,0.535,391.8524049326628,1.0038450308295863,1.04120836025011,-0.0403819235433311,0.0013600804310027856,0.213930470994114,0.024335130846422443,GLD,391.69
2026-10-02,C,409.0,0.02043645656072425,7.459306644664351,0.475,391.8524049326628,1.0038450308295863,1.043760341525233,-0.04282990518197123,0.0012075480462174263,0.21678233465722319,0.022418303544638845,GLD,391.69
2026-10-02,C,410.0,0.02043645656059741,7.459306644618055,0.42500000000000004,391.8524049326628,1.0038450308295863,1.0463123228003557,-0.04527190883752284,0.0010804377255629605,0.2199888600867425,0.020696536656509223,GLD,391.69
2026-10-02,C,411.0,0.020436456560470575,7.45930664457176,0.37,391.8524049326628,1.0038450308295863,1.0488643040754786,-0.04770796363540404,0.0009406163728430478,0.22174660492536832,0.018818554495522798,GLD,391.69
2026-10-02,C,412.0,0.020436456560343735,7.459306644525463,0.32,391.8524049326628,1.0038450308295863,1.0514162853506013,-0.0501380984886957,0.000813506052188582,0.22321540013714172,0.017015976743228092,GLD,391.69
2026-10-02,C,413.0,0.020436456560216896,7.459306644479167,0.28500000000000003,391.8524049326628,1.0038450308295863,1.0539682666257242,-0.05256234210020214,0.0007245288277304559,0.22608320112902128,0.015600548325266103,GLD,391.69
2026-10-02,C,414.0,0.02043645656005835,7.459306644421297,0.255,391.8524049326628,1.0038450308295863,1.056520247900847,-0.05498072296448386,0.0006482626353377762,0.2291042579587598,0.014323902843472557,GLD,391.69
2026-10-02,C,415.0,0.020436456559931506,7.459306644374999,0.225,391.8524049326628,1.0038450308295863,1.0590722291759698,-0.05739326936986764,0.0005719964429450967,0.23144864488870917,0.013035957999125389,GLD,391.69
2026-10-02,C,416.0,0.020436456559804667,7.459306644328703,0.20500000000000002,391.8524049326628,1.0038450308295863,1.0616242104510927,-0.05980000940043271,0.0005211523146833103,0.2351407193289658,0.012073059115428822,GLD,391.69
2026-10-02,C,417.0,0.020436456559677827,7.459306644282407,0.18,391.8524049326628,1.0038450308295863,1.0641761917262156,-0.06220097093797096,0.0004575971543560773,0.2371860199179994,0.010934876173536135,GLD,391.69
2026-10-02,C,418.0,0.02043645655955099,7.459306644236111,0.16999999999999998,391.8524049326628,1.0038450308295863,1.0667281730013383,-0.0645961816639257,0.0004321750902251841,0.24222176647220817,0.010337079861205637,GLD,391.69
2026-10-02,C,419.0,0.02043645655942415,7.459306644189815,0.15000000000000002,391.8524049326628,1.0038450308295863,1.0692801542764612,-0.0669856690613072,0.0003813309619633978,0.24435131633389712,0.009377287698492885,GLD,391.69
2026-10-02,C,420.0,0.0204364565592656,7.459306644131945,0.135,391.8524049326628,1.0038450308295863,1.0718321355515839,-0.06936946041658333,0.00034319786576705803,0.2472469043034531,0.008603792677389345,GLD,391.69
2026-10-02,C,421.0,0.020436456559138762,7.459306644085648,0.12000000000000001,391.8524049326628,1.0038450308295863,1.0743841168267068,-0.07174758282155083,0.00030506476957071826,0.24960138213018512,0.00782842725195171,GLD,391.69
2026-10-02,C,422.0,0.020436456559011926,7.459306644039353,0.11,391.8524049326628,1.0038450308295863,1.0769360981018297,-0.0741200631751813,0.000279642705439825,0.25310091629313336,0.007259331230828205,GLD,391.69
2026-10-02,C,423.0,0.020436456558885083,7.459306643993055,0.1,391.8524049326628,1.0038450308295863,1.0794880793769523,-0.07648692818544733,0.0002542206413089319,0.25621304678769385,0.006694418441275219,GLD,391.69
2026-10-02,C,424.0,0.020436456558758243,7.459306643946759,0.09,391.8524049326628,1.0038450308295863,1.0820400606520753,-0.07884820437112722,0.00022879857717803865,0.25888882213010844,0.0061312459510456194,GLD,391.69
2026-10-02,C,425.0,0.020436456558599696,7.4593066438888895,0.09,391.8524049326628,1.0038450308295863,1.084592041927198,-0.08120391806358615,0.00022879857717803865,0.265453384726391,0.00601655573281078,GLD,391.69
2026-10-02,C,426.0,0.020436456558472857,7.459306643842592,0.08499999999999999,391.8524049326628,1.0038450308295863,1.0871440232023208,-0.08355409540853982,0.00021608754511259206,0.2697875295490112,0.005688793082501587,GLD,391.69
2026-10-02,C,427.0,0.020436456558346017,7.459306643796296,0.07,391.8524049326628,1.0038450308295863,1.0896960044774437,-0.08589876236779403,0.0001779544489162523,0.2689676294125956,0.004908533672256425,GLD,391.69
2026-10-02,C,428.0,0.020436456558219178,7.45930664375,0.07,391.8524049326628,1.0038450308295863,1.0922479857525664,-0.08823794472096615,0.0001779544489162523,0.27525304311055987,0.004822345837453447,GLD,391.69
2026-10-02,C,429.0,0.020436456558092342,7.459306643703705,0.065,391.8524049326628,1.0038450308295863,1.0947999670276893,-0.09057166806718642,0.00016524341685080572,0.27875562566773504,0.004507851858865184,GLD,391.69
2026-10-02,C,430.0,0.0204364565579655,7.459306643657407,0.06,391.8524049326628,1.0038450308295863,1.097351948302812,-0.09289995782677743,0.0001525323847853591,0.28198151102852437,0.004196698076020411,GLD,391.69
2026-10-02,C,431.0,0.02043645655783866,7.459306643611111,0.05500000000000001,391.8524049326628,1.0038450308295863,1.099903929577935,-0.09522283924291718,0.00013982135271991254,0.28490116064928384,0.0038879668788883042,GLD,391.69
2026-10-02,C,432.0,0.02043645655771182,7.4593066435648145,0.05,391.8524049326628,1.0038450308295863,1.1024559108530578,-0.09754033738327979,0.00012711032065446595,0.2874771832309062,0.003580677438149325,GLD,391.69
2026-10-02,C,433.0,0.020436456557584984,7.459306643518519,0.05,391.8524049326628,1.0038450308295863,1.1050078921281805,-0.0998524771416592,0.00012711032065446595,0.29340190940454686,0.0035239773520702837,GLD,391.69
2026-10-02,C,434.0,0.020436456557458144,7.459306643472223,0.045,391.8524049326628,1.0038450308295863,1.1075598734033034,-0.1021592832395743,0.00011439928858901933,0.29549868217430164,0.0032227756855540005,GLD,391.69
2026-10-02,C,435.0,0.020436456557331305,7.4593066434259265,0.045,391.8524049326628,1.0038450308295863,1.1101118546784263,-0.1044607802278536,0.00011439928858901933,0.3013086759594343,0.003173764657086836,GLD,391.69
2026-10-02,C,520.0,0.020436456555301876,7.459306642685185,0.02,391.8524049326628,1.0038450308295863,1.3270302630638657,-0.2829435607146424,5.0844128261786374e-05,0.6715964236520305,0.0008532900727076479,GLD,391.69
2026-10-05,P,345.0,0.02865563463261035,10.459306640902778,0.055,391.9577042927266,1.0027368443574878,0.8801970116202715,0.1276095197253476,0.11994292665317641,0.31528748303512155,0.003633227547259557,GLD,391.69
2026-10-05,P,350.0,0.028655634632451802,10.459306640844908,0.07500000000000001,391.9577042927266,1.0027368443574878,0.8929534900495508,0.11322078227324799,0.10723733486878739,0.2951589067483081,0.004895177836358718,GLD,391.69
2026-10-05,P,355.0,0.028655634632324962,10.459306640798612,0.095,391.9577042927266,1.0027368443574878,0.9057099684788301,0.09903614728129156,0.09453174308439816,0.2713291142670335,0.0062852022239871805,GLD,391.69
2026-10-05,P,360.0,0.028655634632198123,10.459306640752315,0.13,391.9577042927266,1.0027368443574878,0.9184664469081094,0.08504990530655168,0.08186431628367674,0.24944962562572007,0.008512373677389353,GLD,391.69
2026-10-05,P,365.0,0.028655634632071287,10.45930664070602,0.25,391.9577042927266,1.0027368443574878,0.9312229253373887,0.07125658317421586,0.06941315772373846,0.2405844113467257,0.014099392597223242,GLD,391.69
2026-10-05,P,370.0,0.028655634631944444,10.459306640659722,0.41500000000000004,391.9577042927266,1.0027368443574878,0.943979403766668,0.05765093111843724,0.0570764941148032,0.22522805944142918,0.020913454722337955,GLD,391.69
2026-10-05,P,375.0,0.028655634631817604,10.459306640613425,0.61,391.9577042927266,1.0027368443574878,0.9567358821959473,0.04422791078629656,0.04481616047320314,0.20227988283403175,0.028679923009613063,GLD,391.69
2026-10-05,P,376.0,0.028655634631690765,10.45930664056713,0.655,391.9577042927266,1.0027368443574878,0.9592871778818032,0.04156479336681283,0.04237935973835005,0.19706326384373643,0.03043051081494878,GLD,391.69
2026-10-05,P,377.0,0.02865563463156393,10.459306640520834,0.7749999999999999,391.9577042927266,1.0027368443574878,0.961838473567659,0.03890874930869668,0.04013338392183552,0.1972522331104736,0.03358611811879255,GLD,391.69
2026-10-05,P,378.0,0.02865563463143709,10.459306640474537,0.8500000000000001,391.9577042927266,1.0027368443574878,0.9643897692535148,0.03625974113711973,0.03777291315431763,0.19310600078560086,0.035843010388563926,GLD,391.69
2026-10-05,P,379.0,0.02865563463127854,10.459306640416667,0.9650000000000001,391.9577042927266,1.0027368443574878,0.9669410649393707,0.033617731674281046,0.03551421567658031,0.19102891960020998,0.03867894792330827,GLD,391.69
2026-10-05,P,380.0,0.0286556346311517,10.45930664037037,1.105,391.9577042927266,1.0027368443574878,0.9694923606252266,0.03098268403627592,0.03331912650495572,0.1896070225573252,0.04172488820267189,GLD,391.69
2026-10-05,P,381.0,0.02865563463102486,10.459306640324074,1.255,391.9577042927266,1.0027368443574878,0.9720436563110825,0.028354561630006388,0.031149480655776274,0.18776914047000018,0.04472021898175754,GLD,391.69
2026-10-05,P,382.0,0.02865563463089802,10.459306640277777,1.4449999999999998,391.9577042927266,1.0027368443574878,0.9745949519969382,0.02573332815013226,0.029081608096377054,0.1871061431723794,0.04792201897977276,GLD,391.69
2026-10-05,P,383.0,0.02865563463077118,10.459306640231482,1.65,391.9577042927266,1.0027368443574878,0.9771462476827941,0.023118947576061432,0.027051900520645544,0.18607451885379972,0.05098734015456108,GLD,391.69
2026-10-05,P,384.0,0.02865563463064434,10.459306640185185,1.88,391.9577042927266,1.0027368443574878,0.97969754336865,0.020511384168980542,0.025085801251026774,0.18513195105317254,0.05394967299398038,GLD,391.69
2026-10-05,P,385.0,0.028655634630517506,10.45930664013889,2.1399999999999997,391.9577042927266,1.0027368443574878,0.9822488390545059,0.017910602468923155,0.0231960319487432,0.1844171413183983,0.05676708983881486,GLD,391.69
2026-10-05,P,386.0,0.028655634630390666,10.459306640092594,2.44,391.9577042927266,1.0027368443574878,0.9848001347403618,0.015316567291876495,0.021408035936239966,0.1842622959580528,0.059398703742446775,GLD,391.69
2026-10-05,P,387.0,0.028655634630232116,10.459306640034722,2.755,391.9577042927266,1.0027368443574878,0.9873514304262175,0.012729243726925639,0.019658204907404442,0.18351546896773474,0.0616935303627651,GLD,391.69
2026-10-05,P,388.0,0.02865563463010528,10.459306639988426,3.1,391.9577042927266,1.0027368443574878,0.9899027261120734,0.010148597133433983,0.017984703845904226,0.18278837209051796,0.06366490572888915,GLD,391.69
2026-10-05,P,389.0,0.028655634629978437,10.45930663994213,3.5,391.9577042927266,1.0027368443574878,0.9924540217979293,0.007574593138261109,0.016451141057851948,0.18300896086722157,0.06528852810605758,GLD,391.69
2026-10-05,P,390.0,0.028655634629851597,10.459306639895834,3.9,391.9577042927266,1.0027368443574878,0.9950053174837852,0.005007197633015268,0.014917578269799447,0.1819833077762426,0.06647210789799357,GLD,391.69
2026-10-05,P,391.0,0.028655634629724758,10.459306639849537,4.375,391.9577042927266,1.0027368443574878,0.9975566131696411,0.0024463767713415875,0.013574840400085386,0.18257999830470178,0.06723130539058231,GLD,391.69
2026-10-05,C,392.0,0.02865563462966134,10.459306639826389,4.800000000000001,391.9577042927266,1.0027368443574878,1.000107908855497,-0.00010790303375520151,0.012212794773642725,0.18163745437058518,0.06752809754638116,GLD,391.69
2026-10-05,C,393.0,0.0286556346295345,10.459306639780092,4.35,391.9577042927266,1.0027368443574878,1.0026592045413527,-0.0026556751125538093,0.011067845263613717,0.18266688523898353,0.06736559836014687,GLD,391.69
2026-10-05,C,394.0,0.02865563462940766,10.459306639733796,3.925,391.9577042927266,1.0027368443574878,1.0052105002272087,-0.005196972541226522,0.009986504059697436,0.1834135462764258,0.06675862055561468,GLD,391.69
2026-10-05,C,395.0,0.02865563462928082,10.4593066396875,3.5,391.9577042927266,1.0027368443574878,1.0077617959130645,-0.007731828144414486,0.008905162855781154,0.1829344891190621,0.06570601396429862,GLD,391.69
2026-10-05,C,396.0,0.028655634629153985,10.459306639641204,3.125,391.9577042927266,1.0027368443574878,1.0103130915989202,-0.010260274497773074,0.007951038264090316,0.18316704208502507,0.06425594339261917,GLD,391.69
2026-10-05,C,397.0,0.028655634629027146,10.459306639594908,2.815,391.9577042927266,1.0027368443574878,1.0128643872847762,-0.012782343930483072,0.007162295268292556,0.18480997948740055,0.06251540703679946,GLD,391.69
2026-10-05,C,398.0,0.028655634628900303,10.459306639548611,2.5,391.9577042927266,1.0027368443574878,1.015415682970632,-0.015298068527730276,0.006360830611272252,0.18510857878168785,0.0603986554942556,GLD,391.69
2026-10-05,C,399.0,0.028655634628773463,10.459306639502314,2.2249999999999996,391.9577042927266,1.0027368443574878,1.017966978656488,-0.01780748013315616,0.005661139244032304,0.18594611605365452,0.05805367384130009,GLD,391.69
2026-10-05,C,400.0,0.028655634628646627,10.459306639456019,1.9249999999999998,391.9577042927266,1.0027368443574878,1.0205182743423438,-0.0203106103512746,0.004897839570679634,0.1844740265098664,0.0552095165977485,GLD,391.69
2026-10-05,C,401.0,0.028655634628519788,10.459306639409723,1.745,391.9577042927266,1.0027368443574878,1.0230695700281995,-0.02280749054986171,0.004439859766668032,0.18741923801899116,0.05274640238429137,GLD,391.69
2026-10-05,C,402.0,0.028655634628392948,10.459306639363426,1.56,391.9577042927266,1.0027368443574878,1.0256208657140555,-0.02529815186231372,0.003969158301433885,0.18920960701299577,0.050059348294423225,GLD,391.69
2026-10-05,C,403.0,0.02865563462826611,10.459306639317129,1.38,391.9577042927266,1.0027368443574878,1.0281721613999113,-0.02778262518997555,0.003511178497422283,0.19027677106141624,0.04719946664628881,GLD,391.69
2026-10-05,C,404.0,0.028655634628107562,10.45930663925926,1.22,391.9577042927266,1.0027368443574878,1.0307234570857673,-0.030260941204442768,0.003104085338300859,0.1914327190239331,0.04432759180704953,GLD,391.69
2026-10-05,C,405.0,0.028655634627980722,10.459306639212963,1.085,391.9577042927266,1.0027368443574878,1.033274752771623,-0.03273313034983175,0.0027606004852921574,0.1930944458351503,0.04157230830738646,GLD,391.69
2026-10-05,C,406.0,0.02865563462785388,10.459306639166666,0.9650000000000001,391.9577042927266,1.0027368443574878,1.0358260484574788,-0.03519922284502517,0.0024552806159510894,0.1948082733243051,0.038877807863942244,GLD,391.69
2026-10-05,C,407.0,0.028655634627727043,10.45930663912037,0.855,391.9577042927266,1.0027368443574878,1.0383773441433348,-0.037659248685887645,0.0021754040690551103,0.19632792695199108,0.03620870907698508,GLD,391.69
2026-10-05,C,408.0,0.028655634627600204,10.459306639074075,0.77,391.9577042927266,1.0027368443574878,1.0409286398291906,-0.04011323764745427,0.0019591358282718538,0.19883358818529073,0.03386458073848525,GLD,391.69
2026-10-05,C,409.0,0.028655634627473364,10.459306639027778,0.7050000000000001,391.9577042927266,1.0027368443574878,1.0434799355150466,-0.04256121928609444,0.0017937542323787753,0.20222660997669864,0.031844647166981474,GLD,391.69
2026-10-05,C,410.0,0.028655634627346525,10.45930663898148,0.645,391.9577042927266,1.0027368443574878,1.0460312312009024,-0.0450032229416461,0.0016410942977082411,0.20548509094505893,0.029905411690491143,GLD,391.69
2026-10-05,C,411.0,0.02865563462721969,10.459306638935187,0.5349999999999999,391.9577042927266,1.0027368443574878,1.0485825268867581,-0.04743927773952713,0.0013612177508122618,0.20354756437444857,0.02680028386803828,GLD,391.69
2026-10-05,C,412.0,0.028655634627092846,10.459306638888888,0.48,391.9577042927266,1.0027368443574878,1.0511338225726141,-0.04986941259281904,0.0012212794773642725,0.2057959641992855,0.024848469641549676,GLD,391.69
2026-10-05,C,413.0,0.028655634626966006,10.459306638842593,0.48,391.9577042927266,1.0027368443574878,1.0536851182584699,-0.05229365620432532,0.0012212794773642725,0.21332259262064238,0.02428987801109725,GLD,391.69
2026-10-05,C,414.0,0.028655634626839167,10.459306638796296,0.435,391.9577042927266,1.0027368443574878,1.0562364139443259,-0.054712037068607076,0.0011067845263613718,0.21583824235868207,0.02261559697982528,GLD,391.69
2026-10-05,C,415.0,0.02865563462671233,10.45930663875,0.39,391.9577042927266,1.0027368443574878,1.0587877096301817,-0.0571245834739909,0.0009922895753584713,0.21779602380767574,0.0209190724633068,GLD,391.69
2026-10-05,C,416.0,0.02865563462658549,10.459306638703705,0.35,391.9577042927266,1.0027368443574878,1.0613390053160374,-0.059531323504555804,0.0008905162855781152,0.21978278454278788,0.019337542286327326,GLD,391.69
2026-10-05,C,417.0,0.02865563462645865,10.459306638657408,0.32999999999999996,391.9577042927266,1.0027368443574878,1.0638903010018934,-0.061932285042094096,0.0008396296406879372,0.22398437675967242,0.01834563535683126,GLD,391.69
2026-10-05,C,418.0,0.0286556346263001,10.459306638599537,0.275,391.9577042927266,1.0027368443574878,1.0664415966877492,-0.06432749576804887,0.0006996913672399478,0.2226256508308233,0.016245087524547796,GLD,391.69
2026-10-05,C,419.0,0.028655634626173262,10.45930663855324,0.27999999999999997,391.9577042927266,1.0027368443574878,1.0689928923736052,-0.06671698316543041,0.0007124130284624922,0.23002169931853864,0.01608500641985197,GLD,391.69
2026-10-05,C,420.0,0.028655634626046422,10.459306638506945,0.23,391.9577042927266,1.0027368443574878,1.071544188059461,-0.06910077452070659,0.0005851964162370473,0.22806842113380585,0.014086620212388195,GLD,391.69
2026-10-05,C,421.0,0.028655634625919583,10.459306638460648,0.22000000000000003,391.9577042927266,1.0027368443574878,1.0740954837453167,-0.07147889692567394,0.0005597530937919583,0.23255818862005992,0.013461027695738403,GLD,391.69
2026-10-05,C,422.0,0.028655634625792743,10.45930663841435,0.22000000000000003,391.9577042927266,1.0027368443574878,1.0766467794311727,-0.07385137727930445,0.0005597530937919583,0.23883373432991753,0.013210218273941586,GLD,391.69
2026-10-05,C,423.0,0.028655634625665907,10.459306638368057,0.24000000000000002,391.9577042927266,1.0027368443574878,1.0791980751170285,-0.07621824228957053,0.0006106397386821362,0.24888894440091525,0.013656116100136199,GLD,391.69
2026-10-05,C,424.0,0.028655634625539068,10.45930663832176,0.255,391.9577042927266,1.0027368443574878,1.0817493708028845,-0.07857951847525045,0.0006488047223497697,0.25794200682120144,0.013906253268490282,GLD,391.69
2026-10-05,C,426.0,0.02865563462528539,10.459306638229167,0.145,391.9577042927266,1.0027368443574878,1.086851962174596,-0.08328540951266294,0.00036892817545379063,0.24603924867554908,0.009532328708823814,GLD,391.69
2026-10-05,C,427.0,0.02865563462515855,10.45930663818287,0.165,391.9577042927266,1.0027368443574878,1.089403257860452,-0.0856300764719172,0.00041981482034396866,0.25703204154682896,0.010161445168018925,GLD,391.69
2026-10-05,C,428.0,0.028655634625,10.459306638125,0.16,391.9577042927266,1.0027368443574878,1.0919545535463078,-0.08796925882508935,0.0004070931591214241,0.26158180865090686,0.009805972911845302,GLD,391.69
2026-10-05,C,429.0,0.02865563462487316,10.459306638078703,0.12,391.9577042927266,1.0027368443574878,1.0945058492321638,-0.09030298217130965,0.0003053198693410681,0.2558435510980712,0.008034566777439262,GLD,391.69
2026-10-05,C,430.0,0.028655634624746323,10.459306638032409,0.14,391.9577042927266,1.0027368443574878,1.0970571449180195,-0.0926312719309007,0.00035620651423124615,0.26752645535915837,0.008730035123949638,GLD,391.69
2026-10-05,C,431.0,0.028655634624619484,10.459306637986112,0.1,391.9577042927266,1.0027368443574878,1.0996084406038753,-0.0949541533470403,0.0002544332244508901,0.26001198812405024,0.006908990051099885,GLD,391.69
2026-10-05,C,432.0,0.028655634624492644,10.459306637939815,0.1,391.9577042927266,1.0027368443574878,1.1021597362897313,-0.09727165148740295,0.0002544332244508901,0.2654090183877126,0.006802580880931009,GLD,391.69
2026-10-05,C,433.0,0.0286556346243658,10.459306637893517,0.09,391.9577042927266,1.0027368443574878,1.104711031975587,-0.0995837912457824,0.00022898990200580108,0.26684742552172175,0.006247136100524888,GLD,391.69
2026-10-05,C,434.0,0.028655634624238965,10.459306637847222,0.09,391.9577042927266,1.0027368443574878,1.107262327661443,-0.10189059734369754,0.00022898990200580108,0.27213064051518715,0.006154597046582934,GLD,391.69
2026-10-05,C,445.0,0.028655634623858447,10.459306637708334,0.055,391.9577042927266,1.0027368443574878,1.1353265802058574,-0.12692034540953281,0.00013993827344798955,0.3090010283302158,0.0037885026419718177,GLD,391.69
2026-10-06,P,340.0,0.03139536064589676,11.459306635752316,0.055,391.9943831647912,1.0015402002515645,0.8673593668740575,0.14230189341635233,0.13278072548852704,0.3318366752180762,0.0035182757917958957,GLD,391.69
2026-10-06,P,345.0,0.031395360645769914,11.45930663570602,0.065,391.9943831647912,1.0015402002515645,0.880114651681029,0.12770309399519955,0.12005091202020735,0.3077643074337439,0.004271753327489367,GLD,391.69
2026-10-06,P,350.0,0.03139536064561137,11.459306635648149,0.08499999999999999,391.9943831647912,1.0015402002515645,0.8928699364880004,0.11331435654309996,0.10734656989053937,0.2869930841976128,0.005576420352246364,GLD,391.69
2026-10-06,P,355.0,0.031395360645484524,11.459306635601852,0.115,391.9943831647912,1.0015402002515645,0.9056252212949718,0.09912972155114355,0.09466769909952322,0.2667357228713419,0.007454318844272569,GLD,391.69
2026-10-06,P,360.0,0.03139536064535769,11.459306635555556,0.195,391.9943831647912,1.0015402002515645,0.9183805061019432,0.08514347957640368,0.08211618500176576,0.254862466384015,0.011450118135212914,GLD,391.69
2026-10-06,P,365.0,0.031395360645230845,11.45930663550926,0.3,391.9943831647912,1.0015402002515645,0.9311357909089146,0.07135015744406789,0.06962834925063777,0.2383274962425282,0.0163621354506892,GLD,391.69
2026-10-06,P,370.0,0.03139536064510401,11.459306635462964,0.445,391.9943831647912,1.0015402002515645,0.9438910757158862,0.05774450538828917,0.05724239885411653,0.21893243231545784,0.02267574438298687,GLD,391.69
2026-10-06,P,375.0,0.031395360644977166,11.459306635416665,0.7150000000000001,391.9943831647912,1.0015402002515645,0.9566463605228576,0.04432148505614851,0.04517484019074203,0.20221214381778252,0.03216397828513048,GLD,391.69
2026-10-06,P,376.0,0.03139536064481862,11.459306635358796,0.8,391.9943831647912,1.0015402002515645,0.9591974174842518,0.04165836763666486,0.04284028960788777,0.19974252694279426,0.034624001149976845,GLD,391.69
2026-10-06,P,377.0,0.03139536064469178,11.459306635312501,0.8899999999999999,391.9943831647912,1.0015402002515645,0.9617484744456462,0.03900232357854855,0.040518474694358986,0.19693786964846105,0.037113463142506485,GLD,391.69
2026-10-06,P,378.0,0.03139536064456494,11.459306635266204,1.01,391.9943831647912,1.0015402002515645,0.9642995314070404,0.036353315406971676,0.038273073796785795,0.1953947746081,0.03999161188233422,GLD,391.69
2026-10-06,P,379.0,0.031395360644438104,11.459306635219908,1.13,391.9943831647912,1.0015402002515645,0.9668505883684346,0.03371130594413307,0.03602767289921238,0.1930088031389529,0.04275209395889291,GLD,391.69
2026-10-06,P,380.0,0.03139536064431126,11.45930663517361,1.28,391.9943831647912,1.0015402002515645,0.969401645329829,0.031076258306127896,0.03385868601759412,0.19153897117259705,0.04575776870851081,GLD,391.69
2026-10-06,P,381.0,0.031395360644152714,11.459306635115741,1.445,391.9943831647912,1.0015402002515645,0.9719527022912232,0.028448135899858434,0.03172790614395382,0.18996240431922712,0.04875130437344071,GLD,391.69
2026-10-06,P,382.0,0.03139536064402587,11.459306635069444,1.635,391.9943831647912,1.0015402002515645,0.9745037592526176,0.025826902419984154,0.02966080461694265,0.18871885813337821,0.051776675835009556,GLD,391.69
2026-10-06,P,383.0,0.031395360643899035,11.459306635023149,1.85,391.9943831647912,1.0015402002515645,0.9770548162140118,0.023212521845913395,0.027657381436560824,0.18768523144232618,0.05475770617995459,GLD,391.69
2026-10-06,P,384.0,0.0313953606437722,11.459306634976853,2.0949999999999998,391.9943831647912,1.0015402002515645,0.9796058731754061,0.020604958438832463,0.02573037227213415,0.18698590619129912,0.057652934583084,GLD,391.69
2026-10-06,P,385.0,0.031395360643645356,11.459306634930556,2.385,391.9943831647912,1.0015402002515645,0.9821569301368004,0.01800417673877515,0.02391798413164048,0.18714780162623343,0.06044507028252308,GLD,391.69
2026-10-06,P,386.0,0.03139536064351852,11.45930663488426,2.66,391.9943831647912,1.0015402002515645,0.9847079870981947,0.015410141561728447,0.022067388983169067,0.1855858008211247,0.06284192046951897,GLD,391.69
2026-10-06,P,387.0,0.03139536064339168,11.459306634837962,2.99,391.9943831647912,1.0015402002515645,0.987259044059589,0.012822817996777551,0.020356886197282487,0.18517761539658095,0.06506313881766433,GLD,391.69
2026-10-06,P,388.0,0.03139536064326484,11.459306634791668,3.375,391.9943831647912,1.0015402002515645,0.9898101010209832,0.010242171403285967,0.018786475773980404,0.1857711649607901,0.06699399543101654,GLD,391.69
2026-10-06,P,389.0,0.031395360643138,11.459306634745369,3.75,391.9943831647912,1.0015402002515645,0.9923611579823776,0.007668167408113051,0.017190594012026383,0.1848500635747277,0.06850418331962826,GLD,391.69
2026-10-06,P,390.0,0.03139536064301116,11.459306634699074,4.175,391.9943831647912,1.0015402002515645,0.9949122149437718,0.005100771902867281,0.01572206894333117,0.18467339251393042,0.06964669080488829,GLD,391.69
2026-10-06,P,391.0,0.031395360642884326,11.45930663465278,4.625,391.9943831647912,1.0015402002515645,0.9974632719051661,0.0025399510411935593,0.014317222221265302,0.18428460538969102,0.07037517406394761,GLD,391.69
2026-10-06,C,392.0,0.031395360642820905,11.45930663462963,5.125,391.9943831647912,1.0015402002515645,1.0000143288665604,-1.4328763903159086e-05,0.01305406105901868,0.18478102327222032,0.07067855798954734,GLD,391.69
2026-10-06,C,393.0,0.03139536064269406,11.459306634583333,4.675,391.9943831647912,1.0015402002515645,1.0025653858279546,-0.0025621008427018075,0.01190785081969021,0.18581061580296207,0.0705545895001395,GLD,391.69
2026-10-06,C,394.0,0.031395360642567226,11.459306634537038,4.225,391.9943831647912,1.0015402002515645,1.005116442789349,-0.005103398271374561,0.01076164058036174,0.18573206608583598,0.07001163716261967,GLD,391.69
2026-10-06,C,395.0,0.03139536064240868,11.459306634479168,3.8,391.9943831647912,1.0015402002515645,1.0076674997507433,-0.007638253874562565,0.00967910868766263,0.18545446718015107,0.06905736306315802,GLD,391.69
2026-10-06,C,396.0,0.031395360642281836,11.45930663443287,3.425,391.9943831647912,1.0015402002515645,1.0102185567121376,-0.010166700227921193,0.008723933488222238,0.18592605157108197,0.06773462144361184,GLD,391.69
2026-10-06,C,397.0,0.031395360642155,11.459306634386575,3.1,391.9943831647912,1.0015402002515645,1.0127696136735318,-0.012688769660631012,0.007896114982040568,0.18722695381819995,0.06611047834182217,GLD,391.69
2026-10-06,C,398.0,0.03139536064202816,11.459306634340278,2.77,391.9943831647912,1.0015402002515645,1.015320670634926,-0.015204494257878256,0.007055560806533023,0.18729053576592283,0.0641212262103214,GLD,391.69
2026-10-06,C,399.0,0.03139536064190132,11.459306634293982,2.485,391.9943831647912,1.0015402002515645,1.0178717275963205,-0.017713905863304177,0.006329627654958325,0.18809870077666804,0.06191398040306503,GLD,391.69
2026-10-06,C,400.0,0.03139536064177448,11.459306634247685,2.225,391.9943831647912,1.0015402002515645,1.0204227845577147,-0.02021703608142266,0.005667372850012988,0.18893452599075203,0.05949444533278617,GLD,391.69
2026-10-06,C,401.0,0.03139536064164764,11.45930663420139,1.9849999999999999,391.9943831647912,1.0015402002515645,1.022973841519109,-0.02271391628000981,0.005056060722371137,0.1896392430656502,0.05688396198682612,GLD,391.69
2026-10-06,C,402.0,0.031395360641489095,11.45930663414352,1.775,391.9943831647912,1.0015402002515645,1.0255248984805032,-0.025204577592461638,0.004521162610684518,0.19072897113613513,0.05419616203880713,GLD,391.69
2026-10-06,C,403.0,0.03139536064136225,11.459306634097222,1.585,391.9943831647912,1.0015402002515645,1.0280759554418977,-0.02768905092012373,0.004037207176301387,0.19183972386535894,0.0514285941133806,GLD,391.69
2026-10-06,C,404.0,0.031395360641235416,11.459306634050927,1.425,391.9943831647912,1.0015402002515645,1.030627012403292,-0.03016736693459077,0.003629665757873487,0.19357220172275247,0.04873510762408844,GLD,391.69
2026-10-06,C,405.0,0.03139536064110857,11.45930663400463,1.27,391.9943831647912,1.0015402002515645,1.0331780693646861,-0.032639556079979794,0.0032348600087714584,0.19472867622696188,0.04592464046405567,GLD,391.69
2026-10-06,C,406.0,0.03139536064098174,11.459306633958334,1.145,391.9943831647912,1.0015402002515645,1.0357291263260804,-0.035105648575173246,0.0029164682756246613,0.19674998314952544,0.04332134082293888,GLD,391.69
2026-10-06,C,407.0,0.031395360640854894,11.459306633912036,1.025,391.9943831647912,1.0015402002515645,1.0382801832874746,-0.03756567441603555,0.0026108122118037357,0.19831704353696136,0.04066885935929102,GLD,391.69
2026-10-06,C,408.0,0.03139536064072806,11.459306633865742,0.915,391.9943831647912,1.0015402002515645,1.040831240248869,-0.040019663377602425,0.0023306274866345547,0.19974799181409414,0.038048023956083026,GLD,391.69
2026-10-06,C,409.0,0.031395360640601215,11.459306633819443,0.825,391.9943831647912,1.0015402002515645,1.0433822972102633,-0.04246764501624242,0.0021013854387688605,0.20180772197642824,0.03566213728964888,GLD,391.69
2026-10-06,C,410.0,0.03139536064047438,11.459306633773148,0.74,391.9943831647912,1.0015402002515645,1.0459333541716576,-0.04490964867179412,0.0018848790602290387,0.2035603636849788,0.033294445358060774,GLD,391.69
2026-10-06,C,411.0,0.031395360640347536,11.45930663372685,0.6699999999999999,391.9943831647912,1.0015402002515645,1.0484844111330518,-0.04734570346967519,0.001706579689666832,0.2058309527087587,0.031159881621548105,GLD,391.69
2026-10-06,C,412.0,0.0313953606402207,11.459306633680555,0.605,391.9943831647912,1.0015402002515645,1.051035468094446,-0.04977583832296693,0.0015410159884304978,0.20792780764077495,0.02908758937670906,GLD,391.69
2026-10-06,C,413.0,0.03139536064006215,11.459306633622687,0.5449999999999999,391.9943831647912,1.0015402002515645,1.0535865250558405,-0.05220008193447346,0.001388187956520035,0.20987923244205806,0.02708645098137357,GLD,391.69
2026-10-06,C,414.0,0.03139536063993531,11.459306633576388,0.495,391.9943831647912,1.0015402002515645,1.0561375820172347,-0.05461846279875504,0.0012608312632613164,0.21222376585361225,0.025293315578016867,GLD,391.69
2026-10-06,C,415.0,0.03139536063964992,11.45930663347222,0.47000000000000003,391.9943831647912,1.0015402002515645,1.058688638978629,-0.05703100920413891,0.0011971529166319571,0.21670732777514565,0.02413324577002676,GLD,391.69
2026-10-06,C,416.0,0.031395360639523084,11.459306633425927,0.43,391.9943831647912,1.0015402002515645,1.0612396959400232,-0.05943774923470385,0.001095267562024982,0.21927006912115432,0.02259144370447208,GLD,391.69
2026-10-06,C,417.0,0.03139536063936454,11.459306633368056,0.395,391.9943831647912,1.0015402002515645,1.0637907529014177,-0.06183871077224218,0.0010061178767438788,0.22197460334313973,0.02117866296630012,GLD,391.69
2026-10-06,C,418.0,0.031395360639237695,11.45930663332176,0.36,391.9943831647912,1.0015402002515645,1.066341809862812,-0.064233921498197,0.0009169681914627755,0.2242567943608814,0.019758626678942598,GLD,391.69
2026-10-06,C,419.0,0.03139536063911086,11.459306633275464,0.33499999999999996,391.9943831647912,1.0015402002515645,1.0688928668242061,-0.06662340889557837,0.000853289844833416,0.22744945201020547,0.01863319276596927,GLD,391.69
2026-10-06,C,420.0,0.031395360638984016,11.459306633229165,0.275,391.9943831647912,1.0015402002515645,1.0714439237856004,-0.06900720025085458,0.0007004618129229535,0.2250577820928898,0.016367313015501424,GLD,391.69
2026-10-06,C,421.0,0.03139536063885718,11.459306633182871,0.25,391.9943831647912,1.0015402002515645,1.0739949807469946,-0.07138532265582197,0.0006367834662935942,0.22719983368052726,0.015204089330242672,GLD,391.69
2026-10-06,C,422.0,0.031395360638698626,11.459306633125,0.23500000000000001,391.9943831647912,1.0015402002515645,1.076546037708389,-0.07375780300945252,0.0005985764583159786,0.23068925631881151,0.014395227657157977,GLD,391.69
2026-10-06,C,423.0,0.03139536063857179,11.459306633078704,0.25,391.9943831647912,1.0015402002515645,1.0790970946697833,-0.07612466801971864,0.0006367834662935942,0.23934914169709284,0.0146599793938903,GLD,391.69
2026-10-06,C,424.0,0.031395360638444954,11.459306633032408,0.24,391.9943831647912,1.0015402002515645,1.0816481516311776,-0.07848594420539838,0.0006113121276418504,0.24357303310699277,0.014064888079419262,GLD,391.69
2026-10-06,C,425.0,0.03139536063831811,11.459306632986111,0.22499999999999998,391.9943831647912,1.0015402002515645,1.0841992085925718,-0.0808416578978574,0.0005731051196642347,0.2467000549475247,0.013307027538312154,GLD,391.69
2026-10-06,C,426.0,0.031395360638159564,11.459306632928241,0.21000000000000002,391.9943831647912,1.0015402002515645,1.0867502655539663,-0.08319183524281115,0.0005348981116866192,0.24957807839013432,0.012554892894154355,GLD,391.69
2026-10-06,C,427.0,0.03139536063803273,11.459306632881946,0.21000000000000002,391.9943831647912,1.0015402002515645,1.0893013225153605,-0.08553650220206524,0.0005348981116866192,0.2553509667226345,0.012351146305449796,GLD,391.69
2026-10-06,C,428.0,0.031395360637905885,11.459306632835649,0.16,391.9943831647912,1.0015402002515645,1.0918523794767547,-0.08787568455523743,0.00040754141842790027,0.24972961445947892,0.010277788632451827,GLD,391.69
2026-10-06,C,429.0,0.03139536063777904,11.45930663278935,0.15,391.9943831647912,1.0015402002515645,1.094403436438149,-0.09020940790145757,0.00038207007977615647,0.25268382819006413,0.009711619712285659,GLD,391.69
2026-10-06,C,430.0,0.031395360637652206,11.459306632743056,0.155,391.9943831647912,1.0015402002515645,1.0969544933995432,-0.09253769766104866,0.00039480574910202837,0.2594541790139092,0.009760678195382481,GLD,391.69
2026-10-06,C,431.0,0.03139536063752537,11.45930663269676,0.175,391.9943831647912,1.0015402002515645,1.0995055503609377,-0.09486057907718849,0.00044574842640551587,0.26999416148635685,0.010375908863138834,GLD,391.69
2026-10-06,C,432.0,0.03139536063739853,11.459306632650462,0.16499999999999998,391.9943831647912,1.0015402002515645,1.102056607322332,-0.09717807721755098,0.00042027708775377206,0.2729453980127691,0.009853070399835752,GLD,391.69
2026-10-06,C,433.0,0.03139536063727169,11.459306632604168,0.16,391.9943831647912,1.0015402002515645,1.1046076642837261,-0.09949021697593047,0.00040754141842790027,0.2770434239984651,0.009524419326442567,GLD,391.69
2026-10-06,C,434.0,0.031395360637144855,11.459306632557873,0.155,391.9943831647912,1.0015402002515645,1.1071587212451204,-0.10179702307384544,0.00039480574910202837,0.2810481668665975,0.009202711897842676,GLD,391.69
2026-10-06,C,435.0,0.03139536063701801,11.459306632511574,0.15,391.9943831647912,1.0015402002515645,1.1097097782065148,-0.10409852006212483,0.00038207007977615647,0.2849578821714153,0.00888745566386304,GLD,391.69
2026-10-07,P,335.0,0.03413508665930999,12.459306630648147,0.055,392.05346661176077,1.0038063997259525,0.85447529107488,0.15726769308228025,0.14566446394971966,0.34776330228053554,0.0034054424151749845,GLD,391.69
2026-10-07,P,340.0,0.034135086659183154,12.459306630601851,0.07,392.05346661176077,1.0038063997259525,0.8672286536282363,0.14245260729713968,0.13294921640307233,0.32800067837872227,0.004329913243964976,GLD,391.69
2026-10-07,P,345.0,0.0341350866590246,12.45930663054398,0.08499999999999999,392.05346661176077,1.0038063997259525,0.8799820161815928,0.12785380787598694,0.12023396885642468,0.3057766486570424,0.005338288957119335,GLD,391.69
2026-10-07,P,350.0,0.03413508665889777,12.459306630497686,0.115,392.05346661176077,1.0038063997259525,0.8927353787349491,0.11346507042388741,0.10755683631648638,0.2873083475273131,0.007088595141037689,GLD,391.69
2026-10-07,P,355.0,0.03413508665877093,12.459306630451389,0.14500000000000002,392.05346661176077,1.0038063997259525,0.9054887412883056,0.09928043543193092,0.09487970377654775,0.26515913040549516,0.008995427002820315,GLD,391.69
2026-10-07,P,360.0,0.03413508665864409,12.459306630405093,0.21,392.05346661176077,1.0038063997259525,0.918242103841662,0.08529419345719098,0.08229150625226367,0.2478117620857649,0.01245266562483259,GLD,391.69
2026-10-07,P,365.0,0.03413508665851725,12.459306630358796,0.31,392.05346661176077,1.0038063997259525,0.9309954663950184,0.07150087132485523,0.0697922437436338,0.2303262351116318,0.01733187551698425,GLD,391.69
2026-10-07,P,370.0,0.03413508665839041,12.459306630312499,0.54,392.05346661176077,1.0038063997259525,0.9437488289483749,0.057895219269076564,0.05762331129314835,0.2200145906077472,0.025963270226440172,GLD,391.69
2026-10-07,P,375.0,0.03413508665826357,12.459306630266203,0.87,392.05346661176077,1.0038063997259525,0.9565021915017312,0.04447219893693595,0.04570847888738949,0.20555979889434403,0.036309780647928544,GLD,391.69
2026-10-07,P,376.0,0.03413508665813673,12.459306630219906,0.9450000000000001,392.05346661176077,1.0038063997259525,0.9590528640124025,0.04180908151745222,0.04334838141026309,0.20180253847268595,0.03848636781755271,GLD,391.69
2026-10-07,P,377.0,0.0341350866580099,12.459306630173613,1.0550000000000002,392.05346661176077,1.0038063997259525,0.9616035365230738,0.03915303745933593,0.04107721894879102,0.19974256282244604,0.041163391184787367,GLD,391.69
2026-10-07,P,378.0,0.034135086657851345,12.45930663011574,1.1800000000000002,392.05346661176077,1.0038063997259525,0.9641542090337452,0.03650402928775898,0.038844171494027746,0.19786003738144198,0.043952232991655495,GLD,391.69
2026-10-07,P,379.0,0.0341350866576928,12.45930663005787,1.3199999999999998,392.05346661176077,1.0038063997259525,0.9667048815444164,0.0338620198249204,0.036649239045973614,0.19606189471073548,0.0468092359972807,GLD,391.69
2026-10-07,P,380.0,0.034135086657565955,12.459306630011573,1.48,392.05346661176077,1.0038063997259525,0.9692555540550877,0.031226972186915263,0.03450512660686467,0.19452775026689403,0.049743095605143374,GLD,391.69
2026-10-07,P,381.0,0.03413508665740741,12.459306629953703,1.665,392.05346661176077,1.0038063997259525,0.971806226565759,0.02859884978064572,0.032424539178937506,0.1933938666223397,0.052737429421067905,GLD,391.69
2026-10-07,P,382.0,0.034135086657280565,12.459306629907406,1.87,392.05346661176077,1.0038063997259525,0.9743568990764302,0.025977616300771583,0.030394771759955752,0.19230934561913843,0.055683015781646084,GLD,391.69
2026-10-07,P,383.0,0.03413508665715373,12.45930662986111,2.0949999999999998,392.05346661176077,1.0038063997259525,0.9769075715871015,0.023363235726700744,0.02841582434991896,0.19121071406259535,0.058532586999226914,GLD,391.69
2026-10-07,P,384.0,0.03413508665699518,12.459306629803242,2.355,392.05346661176077,1.0038063997259525,0.9794582440977728,0.020755672319619844,0.026525811955536716,0.19066847492102643,0.06131318964055815,GLD,391.69
2026-10-07,P,385.0,0.034135086656868346,12.459306629756947,2.635,392.05346661176077,1.0038063997259525,0.9820089166084441,0.018154890619562446,0.024686619570099544,0.18996811731811747,0.06388531047028517,GLD,391.69
2026-10-07,P,386.0,0.0341350866567415,12.45930662971065,2.955,392.05346661176077,1.0038063997259525,0.9845595891191153,0.01556085544251589,0.022949067202553297,0.1898517073861883,0.06627184201732068,GLD,391.69
2026-10-07,P,387.0,0.03413508665661466,12.45930662966435,3.275,392.05346661176077,1.0038063997259525,0.9871102616297867,0.012973531877564913,0.021211514835006717,0.1887391684984354,0.06832354460648836,GLD,391.69
2026-10-07,P,388.0,0.034135086656487824,12.459306629618055,3.65,392.05346661176077,1.0038063997259525,0.989660934140458,0.010392885284073247,0.01961371749205998,0.1886719863112559,0.07012702991761889,GLD,391.69
2026-10-07,P,389.0,0.03413508665636098,12.459306629571758,4.050000000000001,392.05346661176077,1.0038063997259525,0.9922116066511292,0.007818881288900476,0.018079445160294694,0.18848530886481926,0.07158138206677256,GLD,391.69
2026-10-07,P,390.0,0.034135086656234145,12.459306629525463,4.475,392.05346661176077,1.0038063997259525,0.9947622791618005,0.005251485783654625,0.016608697839711084,0.1881680435306382,0.07266910550466493,GLD,391.69
2026-10-07,P,391.0,0.0341350866561073,12.459306629479165,4.925,392.05346661176077,1.0038063997259525,0.9973129516724718,0.0026906649219809345,0.015201475530309039,0.1877110328910224,0.0733759865988279,GLD,391.69
2026-10-07,P,392.0,0.034135086655980466,12.45930662943287,5.425,392.05346661176077,1.0038063997259525,0.9998636241831431,0.00013638511688413566,0.013921303243270344,0.18796845394581127,0.0736906067728035,GLD,391.69
2026-10-07,C,393.0,0.03413508665591705,12.459306629409724,5.0,392.05346661176077,1.0038063997259525,1.0024142966938143,-0.002411386961914482,0.012705002236325839,0.1880778608414036,0.07360764713891074,GLD,391.69
2026-10-07,C,394.0,0.03413508665579021,12.459306629363427,4.575,392.05346661176077,1.0038063997259525,1.0049649692044857,-0.004952684390587204,0.011625077046238143,0.1890382252990588,0.07313971987118305,GLD,391.69
2026-10-07,C,395.0,0.034135086655663366,12.459306629317128,4.125,392.05346661176077,1.0038063997259525,1.007515641715157,-0.007487539993775177,0.010481626844968818,0.18812767770296446,0.072275982095718,GLD,391.69
2026-10-07,C,396.0,0.03413508665550482,12.45930662925926,3.775,392.05346661176077,1.0038063997259525,1.0100663142258282,-0.010015986347133776,0.00959227668842601,0.18975122531715477,0.07110405875842907,GLD,391.69
2026-10-07,C,397.0,0.034135086655377976,12.45930662921296,3.425,392.05346661176077,1.0038063997259525,1.0126169867364996,-0.012538055779843783,0.008702926531883199,0.19043229828944172,0.06959690018112275,GLD,391.69
2026-10-07,C,398.0,0.03413508665525114,12.459306629166667,3.08,392.05346661176077,1.0038063997259525,1.0151676592471708,-0.015053780377090997,0.007826281377576717,0.1903324076434449,0.0677513885680845,GLD,391.69
2026-10-07,C,399.0,0.034135086655124304,12.459306629120372,2.7800000000000002,392.05346661176077,1.0038063997259525,1.017718331757842,-0.01756319198251667,0.007063981243397167,0.19096574636135522,0.06568232136326244,GLD,391.69
2026-10-07,C,400.0,0.03413508665499747,12.459306629074076,2.5149999999999997,392.05346661176077,1.0038063997259525,1.0202690042685134,-0.02006632220063534,0.006390616124871897,0.19204784301524275,0.0634380654458406,GLD,391.69
2026-10-07,C,401.0,0.034135086654870625,12.459306629027779,2.27,392.05346661176077,1.0038063997259525,1.0228196767791846,-0.02256320239922246,0.005768071015291931,0.1930564640394844,0.06101656884253788,GLD,391.69
2026-10-07,C,402.0,0.03413508665474379,12.459306628981484,2.04,392.05346661176077,1.0038063997259525,1.0253703492898558,-0.025053863711674257,0.005183640912420942,0.19382033556163752,0.05842362312735796,GLD,391.69
2026-10-07,C,403.0,0.034135086654616946,12.459306628935185,1.83,392.05346661176077,1.0038063997259525,1.0279210218005272,-0.02753833703933632,0.004650030818495257,0.19458991223106448,0.055720474281452215,GLD,391.69
2026-10-07,C,404.0,0.0341350866544901,12.459306628888887,1.65,392.05346661176077,1.0038063997259525,1.0304716943111984,-0.030016653053803327,0.004192650737987527,0.19590495149226783,0.05304124984864386,GLD,391.69
2026-10-07,C,405.0,0.034135086654331556,12.459306628831017,1.475,392.05346661176077,1.0038063997259525,1.0330223668218697,-0.03248884219919232,0.003747975659716123,0.1966534452198148,0.05021878621994877,GLD,391.69
2026-10-07,C,406.0,0.03413508665420471,12.45930662878472,1.335,392.05346661176077,1.0038063997259525,1.035573039332541,-0.03495493469438596,0.003392235597098999,0.1984060228900996,0.04759665374522711,GLD,391.69
2026-10-07,C,407.0,0.034135086654077884,12.459306628738428,1.205,392.05346661176077,1.0038063997259525,1.0381237118432123,-0.03741496053524823,0.0030619055389545275,0.19999354010593381,0.04496934033232274,GLD,391.69
2026-10-07,C,408.0,0.03413508665395104,12.45930662869213,1.085,392.05346661176077,1.0038063997259525,1.0406743843538837,-0.039868949496815076,0.0027569854852827072,0.20145095999244705,0.04235741257321214,GLD,391.69
2026-10-07,C,409.0,0.034135086653824205,12.459306628645836,0.9850000000000001,392.05346661176077,1.0038063997259525,1.043225056864555,-0.042316931135455045,0.0025028854405561908,0.20345633488835577,0.03994189956115239,GLD,391.69
2026-10-07,C,410.0,0.03413508665369736,12.459306628599537,0.895,392.05346661176077,1.0038063997259525,1.0457757293752261,-0.04475893479100671,0.0022741954003023253,0.20550287865055636,0.03761672311534862,GLD,391.69
2026-10-07,C,411.0,0.03413508665357052,12.45930662855324,0.8300000000000001,392.05346661176077,1.0038063997259525,1.0483264018858975,-0.047194989588887966,0.0021090303712300897,0.20873194742683826,0.035683347055155204,GLD,391.69
2026-10-07,C,412.0,0.03413508665344368,12.459306628506944,0.765,392.05346661176077,1.0038063997259525,1.0508770743965687,-0.049625124442179674,0.0019438653421578534,0.21152246926115403,0.03373356058237759,GLD,391.69
2026-10-07,C,413.0,0.03413508665331684,12.459306628460647,0.7,392.05346661176077,1.0038063997259525,1.05342774690724,-0.052049368053685964,0.0017787003130856174,0.21384410394791092,0.03175849082726479,GLD,391.69
2026-10-07,C,414.0,0.03413508665319001,12.459306628414353,0.625,392.05346661176077,1.0038063997259525,1.0559784194179114,-0.054467748917967726,0.0015881252795407299,0.21479917635692064,0.029526468330655878,GLD,391.69
2026-10-07,C,415.0,0.03413508665306317,12.459306628368056,0.5349999999999999,392.05346661176077,1.0038063997259525,1.0585290919285826,-0.056880295323351565,0.0013594352392868646,0.21364456521578504,0.026845026152067356,GLD,391.69
2026-10-07,C,416.0,0.034135086652936325,12.459306628321759,0.54,392.05346661176077,1.0038063997259525,1.0610797644392538,-0.059287035353916474,0.0013721402415231908,0.2209398548894062,0.026438190562173277,GLD,391.69
2026-10-07,C,417.0,0.03413508665280949,12.459306628275463,0.5,392.05346661176077,1.0038063997259525,1.0636304369499252,-0.06168799689145477,0.001270500223632584,0.2237074181557959,0.02495131298225213,GLD,391.69
2026-10-07,C,418.0,0.034135086652650935,12.459306628217591,0.455,392.05346661176077,1.0038063997259525,1.0661811094605964,-0.06408320761740957,0.0011561552035056514,0.22555288363557743,0.023325253917498245,GLD,391.69
2026-10-07,C,419.0,0.0341350866525241,12.459306628171296,0.42000000000000004,392.05346661176077,1.0038063997259525,1.0687317819712676,-0.0664726950147909,0.0010672201878513705,0.22807172331360048,0.02195186246374635,GLD,391.69
2026-10-07,C,420.0,0.034135086652397256,12.459306628124999,0.385,392.05346661176077,1.0038063997259525,1.071282454481939,-0.0688564863700673,0.0009782851721970897,0.23021034858359268,0.02057112928940632,GLD,391.69
2026-10-07,C,421.0,0.03413508665227042,12.459306628078703,0.35,392.05346661176077,1.0038063997259525,1.0738331269926102,-0.07123460877503465,0.0008893501565428087,0.2319303300429388,0.019177142016000567,GLD,391.69
2026-10-07,C,422.0,0.034135086652143584,12.459306628032408,0.33,392.05346661176077,1.0038063997259525,1.0763837995032817,-0.07360708912866518,0.0008385301475975055,0.23529938933041458,0.01823370269550947,GLD,391.69
2026-10-07,C,423.0,0.03413508665201675,12.459306627986113,0.29000000000000004,392.05346661176077,1.0038063997259525,1.0789344720139529,-0.07597395413893127,0.0007368901297068988,0.23543939774385478,0.016653251109088794,GLD,391.69
2026-10-07,C,424.0,0.034135086651889905,12.459306627939815,0.285,392.05346661176077,1.0038063997259525,1.081485144524624,-0.07833523032461098,0.0007241851274705727,0.24053691344250458,0.016207794522266762,GLD,391.69
2026-10-07,C,425.0,0.03413508665173135,12.459306627881944,0.265,392.05346661176077,1.0038063997259525,1.0840358170352955,-0.08069094401707018,0.0006733651185252696,0.24310650296323744,0.015279094193853794,GLD,391.69
2026-10-07,C,426.0,0.034135086651604515,12.459306627835648,0.305,392.05346661176077,1.0038063997259525,1.0865864895459667,-0.0830411213620237,0.0007750051364158762,0.2553262530795207,0.01631265444403674,GLD,391.69
2026-10-07,C,427.0,0.03413508665147767,12.459306627789351,0.295,392.05346661176077,1.0038063997259525,1.089137162056638,-0.08538578832127776,0.0007495951319432245,0.25952969686293403,0.015752643219627015,GLD,391.69
2026-10-07,C,428.0,0.034135086651350836,12.459306627743056,0.28500000000000003,392.05346661176077,1.0038063997259525,1.0916878345673093,-0.08772497067445013,0.000724185127470573,0.2636154202178646,0.015204358260872054,GLD,391.69
2026-10-07,C,429.0,0.034135086651224,12.45930662769676,0.27,392.05346661176077,1.0038063997259525,1.0942385070779805,-0.09005869402067024,0.0006860701207615954,0.2667104174608205,0.014508520443187739,GLD,391.69
2026-10-07,C,430.0,0.034135086651097164,12.459306627650465,0.26,392.05346661176077,1.0038063997259525,1.0967891795886517,-0.09238698378026129,0.0006606601162889436,0.27052136677363126,0.013979495371926463,GLD,391.69
2026-10-07,C,431.0,0.03413508665097032,12.459306627604168,0.25,392.05346661176077,1.0038063997259525,1.0993398520993232,-0.09470986519640111,0.000635250111816292,0.27420519427071544,0.01345933286953393,GLD,391.69
2026-10-07,C,432.0,0.03413508665084348,12.45930662755787,0.245,392.05346661176077,1.0038063997259525,1.1018905246099944,-0.09702736333676355,0.0006225451095799662,0.2787334230804075,0.013109823438803216,GLD,391.69
2026-10-07,C,433.0,0.03413508665071664,12.459306627511575,0.235,392.05346661176077,1.0038063997259525,1.1044411971206658,-0.09933950309514322,0.0005971351051073144,0.2821907151393434,0.012606584733572108,GLD,391.69
2026-10-07,C,434.0,0.0341350866505898,12.459306627465276,0.175,392.05346661176077,1.0038063997259525,1.106991869631337,-0.10164630919305817,0.00044467507827140434,0.27419568961527385,0.01035701099595531,GLD,391.69
2026-10-07,C,435.0,0.03413508665046296,12.459306627418982,0.16,392.05346661176077,1.0038063997259525,1.1095425421420082,-0.10394780618133732,0.00040656007156242687,0.27553822806104394,0.009651261389667464,GLD,391.69
2026-10-07,C,445.0,0.03413508665020929,12.459306627326391,0.08499999999999999,392.05346661176077,1.0038063997259525,1.1350492672487211,-0.12667605725889353,0.00021598503801753926,0.29831735620058436,0.0055949359617910545,GLD,391.69
2026-10-07,C,515.0,0.03413508664824328,12.459306626608797,0.02,392.05346661176077,1.0038063997259525,1.313596342995711,-0.2727686757563894,5.082000894530336e-05,0.5028010251778813,0.0011326162114231244,GLD,391.69
2026-10-08,P,378.0,0.036874812673737954,13.459306625914353,1.3399999999999999,392.14156340944936,0.9992469410456047,0.9639376063927106,0.036728710125271694,0.0394821021631061,0.20017869128832477,0.047640375546971925,GLD,391.69
2026-10-08,P,379.0,0.03687481267361111,13.459306625868056,1.49,392.14156340944936,0.9992469410456047,0.9664877058805221,0.03408670066243295,0.037314805871841106,0.19849242294689418,0.05048142079480892,GLD,391.69
2026-10-08,P,380.0,0.036874812673484275,13.45930662582176,1.6600000000000001,392.14156340944936,0.9992469410456047,0.9690378053683335,0.03145165302442787,0.035198550006782625,0.19705358981125065,0.053376466946518576,GLD,391.69
2026-10-08,P,381.0,0.03687481267335743,13.459306625775463,1.855,392.14156340944936,0.9992469410456047,0.9715879048561449,0.028823530618158393,0.03314609467448193,0.1959988751780849,0.05630998225973925,GLD,391.69
2026-10-08,P,382.0,0.036874812673230596,13.459306625729168,2.065,392.14156340944936,0.9992469410456047,0.9741380043439563,0.026202297138284206,0.031131919661835816,0.1947906759507286,0.059150165826581926,GLD,391.69
2026-10-08,P,383.0,0.03687481267310375,13.45930662568287,2.3,392.14156340944936,0.9992469410456047,0.9766881038317677,0.023587916564213315,0.029181545181947377,0.19381418654873056,0.06192334756527052,GLD,391.69
2026-10-08,P,384.0,0.03687481267297691,13.459306625636572,2.56,392.14156340944936,0.9992469410456047,0.9792382033195791,0.020980353157132477,0.027294971234816834,0.19299493475570248,0.06457326695462969,GLD,391.69
2026-10-08,P,385.0,0.036874812672850074,13.459306625590276,2.84,392.14156340944936,0.9992469410456047,0.9817883028073905,0.01837957145707514,0.025459437713892474,0.1920830654035914,0.0670338426084113,GLD,391.69
2026-10-08,P,386.0,0.03687481267269153,13.459306625532408,3.165,392.14156340944936,0.9992469410456047,0.984338402295202,0.01578553628002842,0.023738745151932195,0.19197022855122797,0.06933552193590818,GLD,391.69
2026-10-08,P,387.0,0.03687481267256469,13.459306625486112,3.4749999999999996,392.14156340944936,0.9992469410456047,0.9868885017830133,0.013198212715077503,0.02197977227031722,0.19040625718479762,0.07129229242261273,GLD,391.69
2026-10-08,P,388.0,0.03687481267243785,13.459306625439815,3.8499999999999996,392.14156340944936,0.9992469410456047,0.9894386012708247,0.0106175661215859,0.0203866807738724,0.1902659692870381,0.07303969045351352,GLD,391.69
2026-10-08,P,389.0,0.03687481267231101,13.45930662539352,4.225,392.14156340944936,0.9992469410456047,0.9919887007586361,0.008043562126413077,0.01879358927742758,0.1892031867782972,0.07444125219664181,GLD,391.69
2026-10-08,P,390.0,0.03687481267218417,13.459306625347223,4.725,392.14156340944936,0.9992469410456047,0.9945388002464476,0.005476166621167175,0.017519500444771574,0.19146594432941047,0.07554317906946455,GLD,391.69
2026-10-08,P,391.0,0.036874812672057326,13.459306625300924,5.175,392.14156340944936,0.9992469410456047,0.997088899734259,0.002915345759493545,0.01611781054660011,0.19107996051068482,0.07624265787209769,GLD,391.69
2026-10-08,P,392.0,0.03687481267193049,13.459306625254628,5.65,392.14156340944936,0.9992469410456047,0.9996389992220703,0.0003610659543968071,0.014779921181186428,0.19060845507330115,0.0765777695892753,GLD,391.69
2026-10-08,C,393.0,0.03687481267186707,13.45930662523148,5.300000000000001,392.14156340944936,0.9992469410456047,1.0021890987098818,-0.0021867061244019714,0.01352571294464799,0.19030612681766412,0.07654200192884601,GLD,391.69
2026-10-08,C,394.0,0.03687481267174023,13.459306625185185,4.85,392.14156340944936,0.9992469410456047,1.0047391981976932,-0.004728003553074523,0.012377303355008064,0.19046445038886595,0.07613779954223601,GLD,391.69
2026-10-08,C,395.0,0.0368748126716134,13.45930662513889,4.4,392.14156340944936,0.9992469410456047,1.0072892976855046,-0.007262859156262546,0.011228893765368142,0.18969902133865002,0.07536124897656891,GLD,391.69
2026-10-08,C,396.0,0.036874812671486554,13.459306625092593,4.05,392.14156340944936,0.9992469410456047,1.009839397173316,-0.009791305509621194,0.01033568630675931,0.19142127674409132,0.0742883181239888,GLD,391.69
2026-10-08,C,397.0,0.03687481267132801,13.459306625034722,3.675,392.14156340944936,0.9992469410456047,1.0123894966611273,-0.012313374942331033,0.009378678315392708,0.19140650397259376,0.07286264016971687,GLD,391.69
2026-10-08,C,398.0,0.036874812671201164,13.459306624988425,3.35,392.14156340944936,0.9992469410456047,1.0149395961489387,-0.014829099539578295,0.008549271389541653,0.19226409223512694,0.07118519209271315,GLD,391.69
2026-10-08,C,399.0,0.03687481267107433,13.45930662494213,3.035,392.14156340944936,0.9992469410456047,1.01748969563675,-0.01733851114500402,0.007745384676793706,0.19262032496327988,0.06922324100309751,GLD,391.69
2026-10-08,C,400.0,0.036874812670947485,13.459306624895833,2.755,392.14156340944936,0.9992469410456047,1.0200397951245617,-0.01984164136312274,0.0070308187099066425,0.19341818699007712,0.06707151806917382,GLD,391.69
2026-10-08,C,401.0,0.036874812670820656,13.459306624849539,2.5,392.14156340944936,0.9992469410456047,1.022589894612373,-0.022338521561709908,0.0063800532757773525,0.19435016377354994,0.06475197094138145,GLD,391.69
2026-10-08,C,402.0,0.03687481267069381,13.459306624803242,2.27,392.14156340944936,0.9992469410456047,1.0251399941001844,-0.024829182874161755,0.005793088374405836,0.1954777507487095,0.062313662152401604,GLD,391.69
2026-10-08,C,403.0,0.03687481267056697,13.459306624756945,2.05,392.14156340944936,0.9992469410456047,1.0276900935879958,-0.027313656201823647,0.005231643686137429,0.19623424976076015,0.05970935765659852,GLD,391.69
2026-10-08,C,404.0,0.036874812670440134,13.45930662471065,1.8599999999999999,392.14156340944936,0.9992469410456047,1.0302401930758072,-0.029791972216290707,0.004746759637178351,0.1975140642706407,0.057107105051368144,GLD,391.69
2026-10-08,C,405.0,0.03687481267031329,13.459306624664352,1.69,392.14156340944936,0.9992469410456047,1.0327902925636185,-0.03226416136167975,0.00431291601442549,0.1989776811473075,0.054496836409168414,GLD,391.69
2026-10-08,C,406.0,0.036874812670154744,13.459306624606482,1.5350000000000001,392.14156340944936,0.9992469410456047,1.03534039205143,-0.03473025385687322,0.003917352711327295,0.20046207238768646,0.051877540183646036,GLD,391.69
2026-10-08,C,407.0,0.0368748126700279,13.459306624560185,1.385,392.14156340944936,0.9992469410456047,1.0378904915392415,-0.03719027969773576,0.0035345495147806535,0.20150780518937186,0.049168155057398404,GLD,391.69
2026-10-09,P,300.0,0.03961453869498351,14.459306623668983,0.035,392.153386486188,1.0047735255081833,0.7650067813721819,0.2678705806560911,0.2350820454021052,0.49674956216083693,0.0017668068760575283,GLD,391.69
2026-10-09,P,320.0,0.03961453869450786,14.459306623495369,0.060000000000000005,392.153386486188,1.0047735255081833,0.8160072334636607,0.20333205951852001,0.18414504100654605,0.41024733726278434,0.003226862589036712,GLD,391.69
2026-10-09,P,325.0,0.03961453869434932,14.4593066234375,0.07,392.153386486188,1.0047735255081833,0.8287573464865304,0.18782787298255466,0.17142030706204403,0.3891291985435848,0.0038159625643382025,GLD,391.69
2026-10-09,P,330.0,0.039614538694222476,14.459306623391203,0.07,392.153386486188,1.0047735255081833,0.8415074595094001,0.17256040085176627,0.15867019403917437,0.3608325293069059,0.004059314820230436,GLD,391.69
2026-10-09,P,335.0,0.03961453869409564,14.459306623344908,0.08,392.153386486188,1.0047735255081833,0.8542575725322697,0.1575225234872258,0.14594546009467246,0.3383526364507943,0.0047566915159995525,GLD,391.69
2026-10-09,P,340.0,0.0396145386939688,14.45930662329861,0.095,392.153386486188,1.0047735255081833,0.8670076855551395,0.14270743770208508,0.13323341568935432,0.31713765589881615,0.0057371758446292526,GLD,391.69
2026-10-09,P,345.0,0.03961453869384196,14.459306623252315,0.125,392.153386486188,1.0047735255081833,0.8797577985780092,0.12810863828093244,0.12055943990158813,0.299751332764769,0.007423260138455154,GLD,391.69
2026-10-09,P,350.0,0.03961453869371512,14.459306623206018,0.17,392.153386486188,1.0047735255081833,0.892507911600879,0.11371990082883277,0.10792353273137323,0.28322249937822175,0.009800446671356957,GLD,391.69
2026-10-09,P,355.0,0.039614538693588275,14.459306623159721,0.23,392.153386486188,1.0047735255081833,0.9052580246237486,0.09953526583687637,0.09532569417871029,0.2658064709054427,0.012865667845233483,GLD,391.69
2026-10-09,P,360.0,0.039614538693429735,14.459306623101853,0.30500000000000005,392.153386486188,1.0047735255081833,0.9180081376466183,0.08554902386213653,0.08276592424359897,0.24661993731351092,0.01665485068596557,GLD,391.69
2026-10-09,P,362.0,0.03961453869330289,14.459306623055555,0.4,392.153386486188,1.0047735255081833,0.9231081828557661,0.08000884348652118,0.07790698027894494,0.2463447191982775,0.020142732525680163,GLD,391.69
2026-10-09,P,363.0,0.039614538693176056,14.45930662300926,0.43,392.153386486188,1.0047735255081833,0.9256582054603402,0.07725022104744135,0.07543309490947414,0.24313710160988844,0.021359429788449007,GLD,391.69
2026-10-09,P,364.0,0.03961453869266869,14.459306622824073,0.455,392.153386486188,1.0047735255081833,0.9282082280649141,0.07449918767555147,0.0729465200008198,0.2390787164399478,0.02245332556450542,GLD,391.69
2026-10-09,P,365.0,0.03961453869247843,14.459306622754628,0.47000000000000003,392.153386486188,1.0047735255081833,0.930758250669488,0.07175570172980064,0.0704345660137975,0.23372694717169054,0.023307198425448154,GLD,391.69
2026-10-09,P,366.0,0.039614538692319894,14.459306622696761,0.5,392.153386486188,1.0047735255081833,0.933308273274062,0.0690197219109259,0.06796068064432681,0.2298257571052383,0.024568021648447524,GLD,391.69
2026-10-09,P,367.0,0.03961453869219305,14.459306622650464,0.52,392.153386486188,1.0047735255081833,0.9358582958786359,0.06629120725772189,0.0654614161964886,0.22469381583952278,0.025598349412358418,GLD,391.69
2026-10-09,P,368.0,0.03961453869206621,14.459306622604165,0.5800000000000001,392.153386486188,1.0047735255081833,0.9384083184832098,0.06357011714336123,0.06306366806212116,0.2231581404371786,0.027612792577327315,GLD,391.69
2026-10-09,P,369.0,0.03961453869193937,14.45930662255787,0.635,392.153386486188,1.0047735255081833,0.9409583410877838,0.06085641127176499,0.06065323038857007,0.22064904573252245,0.02948115743806795,GLD,391.69
2026-10-09,P,370.0,0.03961453869181253,14.459306622511573,0.69,392.153386486188,1.0047735255081833,0.9435083636923577,0.058150049674022056,0.058242792715018976,0.21770852183358638,0.03133597684577951,GLD,391.69
2026-10-09,P,371.0,0.03961453869168569,14.459306622465277,0.755,392.153386486188,1.0047735255081833,0.9460583862969316,0.05545099270485705,0.05585773411983541,0.21513584595248478,0.033383842896294084,GLD,391.69
2026-10-09,P,372.0,0.03961453869155885,14.45930662241898,0.8300000000000001,392.153386486188,1.0047735255081833,0.9486084089015056,0.052759201039145644,0.05349805460301982,0.21282808536013498,0.0355985344567782,GLD,391.69
2026-10-09,P,373.0,0.03961453869143202,14.459306622372688,0.915,392.153386486188,1.0047735255081833,0.9511584315060795,0.05007463566847667,0.05116375416457197,0.21069650091766318,0.03795371372792856,GLD,391.69
2026-10-09,P,374.0,0.03961453869127347,14.459306622314815,1.01,392.153386486188,1.0047735255081833,0.9537084541106534,0.04739725789776029,0.0488548328044921,0.20866604134752856,0.0404237357391529,GLD,391.69
2026-10-09,P,375.0,0.039614538691146624,14.459306622268517,1.1099999999999999,392.153386486188,1.0047735255081833,0.9562584767152273,0.044727029341881414,0.04655860098359588,0.20637844035282138,0.04291139048881319,GLD,391.69
2026-10-09,P,376.0,0.03961453869101979,14.459306622222222,1.225,392.153386486188,1.0047735255081833,0.9588084993198013,0.04206391192239772,0.04430043778025128,0.2043892881842899,0.04554547620144632,GLD,391.69
2026-10-09,P,377.0,0.039614538690892945,14.459306622175925,1.3599999999999999,392.153386486188,1.0047735255081833,0.9613585219243753,0.03940786786428137,0.04209303273364229,0.20286617425650605,0.048344374003264586,GLD,391.69
2026-10-09,P,378.0,0.03961453869076611,14.45930662212963,1.505,392.153386486188,1.0047735255081833,0.9639085445289493,0.03675885969270445,0.03991100676540116,0.20118974361516248,0.05114281899875525,GLD,391.69
2026-10-09,P,379.0,0.039614538690639266,14.459306622083332,1.665,392.153386486188,1.0047735255081833,0.9664585671335232,0.0341168502298658,0.03776704941471165,0.19957213565408236,0.053970005562772795,GLD,391.69
2026-10-09,P,380.0,0.03961453869051244,14.459306622037039,1.855,392.153386486188,1.0047735255081833,0.9690085897380971,0.0314818025918607,0.03569922929912539,0.198627767533551,0.05691342733086682,GLD,391.69
2026-10-09,P,381.0,0.03961453869035388,14.459306621979167,2.0549999999999997,392.153386486188,1.0047735255081833,0.971558612342671,0.028853680185591198,0.0336567882619071,0.1973649739265622,0.05974929568618854,GLD,391.69
2026-10-09,P,382.0,0.03961453869022705,14.459306621932873,2.2649999999999997,392.153386486188,1.0047735255081833,0.974108634947245,0.026232446705716988,0.03163972630305634,0.19578334558105248,0.06246714681678593,GLD,391.69
2026-10-09,P,383.0,0.039614538690100204,14.459306621886574,2.505,392.153386486188,1.0047735255081833,0.9766586575518189,0.02361806613164619,0.029698801579309042,0.1946588941983177,0.0651528675022463,GLD,391.69
2026-10-09,P,384.0,0.03961453868997336,14.459306621840277,2.785,392.153386486188,1.0047735255081833,0.9792086801563928,0.021010502724565328,0.027859393169032964,0.19427221482544937,0.06777664602063284,GLD,391.69
2026-10-09,P,385.0,0.039614538689846525,14.459306621793981,3.095,392.153386486188,1.0047735255081833,0.9817587027609668,0.018409721024507972,0.026096121993860133,0.19414756844315442,0.07022179587705936,GLD,391.69
2026-10-09,P,386.0,0.03961453868971968,14.459306621747684,3.4,392.153386486188,1.0047735255081833,0.9843087253655407,0.015815685847461344,0.024320161279503427,0.1930050775967744,0.07236278229319613,GLD,391.69
2026-10-09,P,387.0,0.039614538689592846,14.459306621701389,3.75,392.153386486188,1.0047735255081833,0.9868587479701146,0.013228362282510406,0.02265840641780159,0.19260855784339223,0.0743068961657363,GLD,391.69
2026-10-09,P,388.0,0.03961453868946601,14.459306621655093,4.125,392.153386486188,1.0047735255081833,0.9894087705746886,0.010647715689018778,0.02106009925201935,0.19221049214906866,0.07596692326161504,GLD,391.69
2026-10-09,P,389.0,0.03961453868930746,14.459306621597223,4.525,392.153386486188,1.0047735255081833,0.9919587931792625,0.008073711693845935,0.019525239782156478,0.1917917903879884,0.07731991077606003,GLD,391.69
2026-10-09,P,390.0,0.03961453868918062,14.459306621550926,4.975,392.153386486188,1.0047735255081833,0.9945088157838364,0.005506316188600125,0.018117275704132352,0.19214740366266278,0.07835393840488294,GLD,391.69
2026-10-09,P,391.0,0.03961453868905378,14.459306621504629,5.425,392.153386486188,1.0047735255081833,0.9970588383884105,0.0029454953269263616,0.016709311626108336,0.19163934818962902,0.07903579911742992,GLD,391.69
2026-10-09,P,392.0,0.03961453868892694,14.459306621458333,5.9,392.153386486188,1.0047735255081833,0.9996088609929844,0.0003912155218296024,0.015364795244003804,0.19107954068693087,0.07936900190421343,GLD,391.69
2026-10-09,C,393.0,0.03961453868886352,14.459306621435184,5.675,392.153386486188,1.0047735255081833,1.0021588835975583,-0.0021565565569690863,0.014402626973713238,0.19448090367906806,0.0793506166427951,GLD,391.69
2026-10-09,C,394.0,0.03961453868873668,14.459306621388887,5.175,392.153386486188,1.0047735255081833,1.0047089062021322,-0.0046978539856415485,0.013133673055324407,0.19317074470582019,0.07898329057965724,GLD,391.69
2026-10-09,C,395.0,0.03961453868860984,14.459306621342591,4.75,392.153386486188,1.0047735255081833,1.0072589288067062,-0.007232709588829703,0.0120550622246939,0.1934251732574344,0.07828221638511242,GLD,391.69
2026-10-09,C,396.0,0.039614538688483004,14.459306621296296,4.35,392.153386486188,1.0047735255081833,1.00980895141128,-0.009761155942188262,0.011039899089982834,0.19365928432208387,0.0772592250732517,GLD,391.69
2026-10-09,C,397.0,0.03961453868835617,14.459306621250002,4.0,392.153386486188,1.0047735255081833,1.012358974015854,-0.012283225374898232,0.010151631347110652,0.19472617127574976,0.07596474325560684,GLD,391.69
2026-10-09,C,398.0,0.039614538688229325,14.459306621203703,3.65,392.153386486188,1.0047735255081833,1.014908996620428,-0.014798949972145625,0.00926336360423847,0.19499483208946802,0.07436972698564363,GLD,391.69
2026-10-09,C,399.0,0.03961453868810249,14.459306621157408,3.35,392.153386486188,1.0047735255081833,1.017459019225002,-0.01730836157757126,0.008501991253205173,0.19618784835727773,0.07258526747109013,GLD,391.69
2026-10-09,C,400.0,0.039614538687943936,14.459306621099536,3.0300000000000002,392.153386486188,1.0047735255081833,1.020009041829576,-0.01981149179568989,0.00768986074543632,0.19589494025128976,0.07046807251112787,GLD,391.69
2026-10-09,C,401.0,0.03961453868781709,14.459306621053239,2.7649999999999997,392.153386486188,1.0047735255081833,1.0225590644341498,-0.022308371994276974,0.007017315168690238,0.19679785288803645,0.06825936875056772,GLD,391.69
2026-10-09,C,402.0,0.03961453868769026,14.459306621006943,2.5149999999999997,392.153386486188,1.0047735255081833,1.0251090870387238,-0.02479903330672895,0.006382838209495822,0.19751628661917764,0.06587621408805319,GLD,391.69
2026-10-09,C,403.0,0.03961453868756342,14.459306620960648,2.295,392.153386486188,1.0047735255081833,1.0276591096432977,-0.027283506634390754,0.005824498485404736,0.19867059851875016,0.06343046422795168,GLD,391.69
2026-10-09,C,404.0,0.039614538687404874,14.45930662090278,2.085,392.153386486188,1.0047735255081833,1.0302091322478717,-0.02976182264885794,0.0052915378396814275,0.19952440432851318,0.06084877507526518,GLD,391.69
2026-10-09,C,405.0,0.03961453868727803,14.45930662085648,1.9,392.153386486188,1.0047735255081833,1.0327591548524455,-0.0322340117942469,0.00482202488987756,0.20073675195175866,0.05826491610612508,GLD,391.69
2026-10-09,C,406.0,0.039614538687151195,14.459306620810185,1.73,392.153386486188,1.0047735255081833,1.0353091774570196,-0.034700104289440495,0.004390580557625357,0.20194880870244977,0.05564771952357101,GLD,391.69
2026-10-09,C,407.0,0.03961453868699264,14.459306620752313,1.575,392.153386486188,1.0047735255081833,1.0378592000615934,-0.037160130130302726,0.003997204842924819,0.20320859269186947,0.053029140791481036,GLD,391.69
2026-10-09,C,408.0,0.039614538686865805,14.45930662070602,1.4300000000000002,392.153386486188,1.0047735255081833,1.0404092226661674,-0.039614119091869536,0.0036292082065920587,0.20432049638611474,0.050384639213993346,GLD,391.69
2026-10-09,C,409.0,0.03961453868673896,14.45930662065972,1.3050000000000002,392.153386486188,1.0047735255081833,1.0429592452707412,-0.04206210073050947,0.0033119697269948507,0.2058403842005066,0.04786226719360611,GLD,391.69
2026-10-09,C,410.0,0.039614538686612126,14.459306620613425,1.19,392.153386486188,1.0047735255081833,1.0455092678753153,-0.04450410438606131,0.003020110325765419,0.2073261323043756,0.045376716085505454,GLD,391.69
2026-10-09,C,411.0,0.03961453868648529,14.459306620567132,1.0899999999999999,392.153386486188,1.0047735255081833,1.0480592904798893,-0.04694015918394253,0.0027663195420876523,0.20911570396037063,0.04302703593557611,GLD,391.69
2026-10-09,C,412.0,0.03961453868635845,14.459306620520833,0.995,392.153386486188,1.0047735255081833,1.0506093130844631,-0.0493702940372342,0.002525218297593775,0.2106856720249669,0.04068799084258219,GLD,391.69
2026-10-09,C,413.0,0.03961453868623161,14.459306620474537,0.905,392.153386486188,1.0047735255081833,1.0531593356890372,-0.05179453764874066,0.002296806592283785,0.21204339420145923,0.03836495675264342,GLD,391.69
2026-10-09,C,414.0,0.03961453868610477,14.45930662042824,0.8200000000000001,392.153386486188,1.0047735255081833,1.055709358293611,-0.05421291851302218,0.0020810844261576838,0.213196366985858,0.03606362580840959,GLD,391.69
2026-10-09,C,415.0,0.03961453868597793,14.459306620381945,0.755,392.153386486188,1.0047735255081833,1.058259380898185,-0.05662546491840619,0.0019161204167671357,0.21527407729360984,0.034101333126896435,GLD,391.69
2026-10-09,C,416.0,0.03961453868585109,14.459306620335648,0.7,392.153386486188,1.0047735255081833,1.0608094035027589,-0.05903220494897106,0.001776535485744364,0.2177024911372185,0.03232299150252842,GLD,391.69
2026-10-09,C,417.0,0.039614538685724246,14.45930662028935,0.6499999999999999,392.153386486188,1.0047735255081833,1.063359426107333,-0.06143316648650932,0.0016496400939054808,0.22016601116825485,0.03064024790160688,GLD,391.69
2026-10-09,C,418.0,0.039614538685565706,14.459306620231482,0.595,392.153386486188,1.0047735255081833,1.0659094487119067,-0.06382837721246408,0.0015100551628827094,0.22182911311490883,0.028824700303161727,GLD,391.69
2026-10-09,C,419.0,0.039614538685248606,14.459306620115742,0.54,392.153386486188,1.0047735255081833,1.0684594713164808,-0.06621786460984559,0.0013704702318599383,0.22304332912434022,0.026975591954107953,GLD,391.69
2026-10-09,C,420.0,0.03961453868509005,14.45930662005787,0.49,392.153386486188,1.0047735255081833,1.0710094939210546,-0.06860165596512174,0.001243574840021055,0.22426035385737045,0.025216744340595624,GLD,391.69
2026-10-09,C,421.0,0.039614538684963216,14.459306620011574,0.45999999999999996,392.153386486188,1.0047735255081833,1.0735595165256286,-0.07097977837008926,0.001167437604917725,0.22712813928955813,0.02397743278442316,GLD,391.69
2026-10-09,C,422.0,0.03961453868483637,14.459306619965275,0.44,392.153386486188,1.0047735255081833,1.0761095391302025,-0.07335225872371953,0.0011166794481821717,0.23084167464880515,0.023023730103399375,GLD,391.69
2026-10-09,C,423.0,0.039614538684709544,14.459306619918983,0.42,392.153386486188,1.0047735255081833,1.0786595617347765,-0.0757191237339858,0.0010659212914466184,0.23438473404492646,0.022084491277655837,GLD,391.69
2026-10-09,C,424.0,0.0396145386845827,14.459306619872686,0.365,392.153386486188,1.0047735255081833,1.0812095843393503,-0.07808039991966548,0.0009263363604238471,0.23344738773930268,0.02011268470001972,GLD,391.69
2026-10-09,C,425.0,0.039614538684455865,14.45930661982639,0.345,392.153386486188,1.0047735255081833,1.0837596069439244,-0.08043611361212465,0.0008755782036882937,0.23642971658156717,0.019174900948638333,GLD,391.69
2026-10-09,C,426.0,0.03961453868429731,14.459306619768519,0.32499999999999996,392.153386486188,1.0047735255081833,1.0863096295484984,-0.08278629095707833,0.0008248200469527404,0.23920381134572202,0.01824408686175647,GLD,391.69
2026-10-09,C,427.0,0.03961453868417047,14.45930661972222,0.30000000000000004,392.153386486188,1.0047735255081833,1.0888596521530722,-0.08513095791633235,0.0007613723510332991,0.24102099797260024,0.017153070450394957,GLD,391.69
2026-10-09,C,428.0,0.03961453868404363,14.459306619675926,0.28500000000000003,392.153386486188,1.0047735255081833,1.0914096747576463,-0.08747014026950468,0.0007233037334816341,0.24407496897540784,0.01639467479195249,GLD,391.69
2026-10-09,C,429.0,0.03961453868388508,14.459306619618054,0.28,392.153386486188,1.0047735255081833,1.09395969736222,-0.08980386361572476,0.0007106141942977458,0.24855925614248664,0.015983497705133652,GLD,391.69
2026-10-09,C,430.0,0.03961453868375824,14.459306619571759,0.245,392.153386486188,1.0047735255081833,1.0965097199667941,-0.09213215337531598,0.0006217874200105275,0.2479260742995964,0.014545981254282275,GLD,391.69
2026-10-09,C,431.0,0.039614538683631406,14.459306619525464,0.26,392.153386486188,1.0047735255081833,1.099059742571368,-0.09445503479145556,0.0006598560375621924,0.2556493048482286,0.014857077168680564,GLD,391.69
2026-10-09,C,432.0,0.03961453868350457,14.459306619479168,0.24,392.153386486188,1.0047735255081833,1.101609765175942,-0.09677253293181817,0.0006090978808266391,0.2572239171428925,0.01395895051544567,GLD,391.69
2026-10-09,C,433.0,0.03961453868318747,14.459306619363426,0.24,392.153386486188,1.0047735255081833,1.1041597877805158,-0.0990846726901976,0.0006090978808266391,0.2622690021313776,0.013766501863484657,GLD,391.69
2026-10-09,C,434.0,0.03961453868306063,14.459306619317129,0.22999999999999998,392.153386486188,1.0047735255081833,1.1067098103850899,-0.10139147878811271,0.0005837188024588625,0.26539343386357184,0.013232542221126154,GLD,391.69
2026-10-09,C,435.0,0.03961453868293379,14.459306619270833,0.195,392.153386486188,1.0047735255081833,1.1092598329896637,-0.10369297577639183,0.0004948920281716443,0.2632069282330712,0.011788308811328068,GLD,391.69
2026-10-09,C,440.0,0.039614538682775244,14.459306619212963,0.155,392.153386486188,1.0047735255081833,1.1220099460125335,-0.11512167160001466,0.0003933757147005378,0.2773301625089581,0.009552824436345086,GLD,391.69
2026-10-09,C,445.0,0.03961453868264841,14.45930661916667,0.125,392.153386486188,1.0047735255081833,1.1347600590354032,-0.12642122685394808,0.0003172384795972079,0.29108694546389047,0.007819333594800061,GLD,391.69
2026-10-09,C,450.0,0.039614538682521565,14.45930661912037,0.10500000000000001,392.153386486188,1.0047735255081833,1.1475101720582728,-0.13759452745207318,0.00026648032286165466,0.30562906802420725,0.006584429956826417,GLD,391.69
2026-10-09,C,455.0,0.03961453868239472,14.459306619074074,0.1,392.153386486188,1.0047735255081833,1.1602602850811425,-0.1486443636386582,0.00025379078367776634,0.32454338569724883,0.006053581316627244,GLD,391.69
2026-10-09,C,460.0,0.039614538682267886,14.459306619027778,0.07500000000000001,392.153386486188,1.0047735255081833,1.1730103981040123,-0.15957343417084854,0.00019034308775832477,0.3329130847994278,0.0047300209772579566,GLD,391.69
2026-10-09,C,465.0,0.03961453868214104,14.459306618981481,0.07,392.153386486188,1.0047735255081833,1.1857605111268819,-0.17038435027506404,0.00017765354857443645,0.34957999071523616,0.004309314080594815,GLD,391.69
2026-10-16,P,285.0,0.058792620831335615,21.4593066034375,0.035,392.3346434990143,1.004007735509951,0.7264206837771032,0.31962597773768825,0.2736681696794008,0.4792935887931932,0.0018745880465239383,GLD,391.69
2026-10-16,P,290.0,0.05879262083120878,21.459306603391205,0.04,392.3346434990143,1.004007735509951,0.7391649062995086,0.302234235025819,0.26093664050792464,0.4614984226405609,0.0021636041303082806,GLD,391.69
2026-10-16,P,300.0,0.058792620830986804,21.459306603310182,0.05500000000000001,392.3346434990143,1.004007735509951,0.7646533513443192,0.26833268335013766,0.2354862755159013,0.42824654365105663,0.0029966909399965565,GLD,391.69
2026-10-16,P,305.0,0.058792620830859975,21.45930660326389,0.065,392.3346434990143,1.004007735509951,0.7773975738667245,0.25180338139892716,0.2227674396953545,0.4118879895527127,0.00354796166299244,GLD,391.69
2026-10-16,P,310.0,0.05879262083073313,21.459306603217595,0.07,392.3346434990143,1.004007735509951,0.7901417963891298,0.23554286052714682,0.21003591052387816,0.39116881025502875,0.003933175426553801,GLD,391.69
2026-10-16,P,315.0,0.058792620830606296,21.4593066031713,0.08,392.3346434990143,1.004007735509951,0.8028860189115351,0.21954251918070575,0.19731707470333115,0.3730794333556584,0.004554776585889363,GLD,391.69
2026-10-16,P,320.0,0.05879262083047945,21.459306603125,0.1,392.3346434990143,1.004007735509951,0.8156302414339405,0.20379416221256652,0.18462362558464251,0.3588406300672293,0.0056186620502664455,GLD,391.69
2026-10-16,P,325.0,0.05879262083038432,21.459306603090276,0.11499999999999999,392.3346434990143,1.004007735509951,0.8283744639563458,0.18828997567660122,0.17191748311502442,0.34064720211530825,0.006544557103280514,GLD,391.69
2026-10-16,P,330.0,0.058792620830257485,21.45930660304398,0.14,392.3346434990143,1.004007735509951,0.8411186864787511,0.17302250354581286,0.1592367273472649,0.3247505484001311,0.007929387890500053,GLD,391.69
2026-10-16,P,335.0,0.05879262083013064,21.459306602997685,0.165,392.3346434990143,1.004007735509951,0.8538629090011565,0.1579846261812723,0.14655597157950528,0.30709548116385105,0.009407410800181959,GLD,391.69
2026-10-16,P,340.0,0.0587926208300038,21.459306602951386,0.20500000000000002,392.3346434990143,1.004007735509951,0.8666071315235617,0.14316954039613172,0.13391329586453327,0.2914283543809177,0.011556296614002683,GLD,391.69
2026-10-16,P,341.0,0.058792620829718416,21.45930660284722,0.215,392.3346434990143,1.004007735509951,0.8691559760280428,0.14023268072282194,0.1313898380619104,0.2884362177413728,0.012073199029289524,GLD,391.69
2026-10-16,P,342.0,0.05879262082952816,21.45930660277778,0.23,392.3346434990143,1.004007735509951,0.8717048205325238,0.13730442094373366,0.1288790736102169,0.28632997347707145,0.012769774107546688,GLD,391.69
2026-10-16,P,343.0,0.058792620829433026,21.459306602743055,0.26,392.3346434990143,1.004007735509951,0.874253665037005,0.13438471084039882,0.12640638921131053,0.28679920699393485,0.013970524027129581,GLD,391.69
2026-10-16,P,344.0,0.05879262082930619,21.45930660269676,0.26,392.3346434990143,1.004007735509951,0.876802509541486,0.13147350063294044,0.12385754470682953,0.28153404847319347,0.014167899284481957,GLD,391.69
2026-10-16,P,345.0,0.05879262082917935,21.45930660265046,0.255,392.3346434990143,1.004007735509951,0.8793513540459671,0.12857074097497898,0.12129600685141939,0.2753836289732848,0.014201352220815401,GLD,391.69
2026-10-16,P,346.0,0.05879262082905251,21.459306602604165,0.29500000000000004,392.3346434990143,1.004007735509951,0.8819001985504481,0.12567638294861455,0.11884870915437162,0.2768739879836712,0.0157417957289321,GLD,391.69
2026-10-16,P,347.0,0.058792620828925675,21.45930660255787,0.30000000000000004,392.3346434990143,1.004007735509951,0.8844490430549292,0.12279037805947955,0.11631255800081952,0.2723228580671065,0.016134448448292447,GLD,391.69
2026-10-16,P,348.0,0.05879262082883054,21.45930660252315,0.30000000000000004,392.3346434990143,1.004007735509951,0.8869978875594102,0.11991267823186447,0.11376371349633851,0.26697128746240345,0.016374738002854237,GLD,391.69
2026-10-16,P,349.0,0.05879262082870371,21.459306602476854,0.31999999999999995,392.3346434990143,1.004007735509951,0.8895467320638913,0.11704323580391159,0.11126564239557413,0.2646170614164235,0.017272221175134207,GLD,391.69
2026-10-16,P,350.0,0.058792620828576864,21.459306602430555,0.33499999999999996,392.3346434990143,1.004007735509951,0.8920955765683724,0.11418200352287945,0.10875487794388039,0.26136463997889686,0.01801565213207152,GLD,391.69
2026-10-16,P,351.0,0.05879262082845003,21.45930660238426,0.37,392.3346434990143,1.004007735509951,0.8946444210728535,0.11132893454047293,0.10629488689590327,0.26065409925972544,0.019382031417001983,GLD,391.69
2026-10-16,P,352.0,0.05879262082819634,21.459306602291665,0.395,392.3346434990143,1.004007735509951,0.8971932655773345,0.10848398240824172,0.10380950914606801,0.25831739416040705,0.020435722128629517,GLD,391.69
2026-10-16,P,353.0,0.058792620828069506,21.45930660224537,0.425,392.3346434990143,1.004007735509951,0.8997421100818156,0.10564710107304198,0.10133682474716188,0.25635932333064,0.02163513120000236,GLD,391.69
2026-10-16,P,354.0,0.05879262082794267,21.459306602199074,0.44,392.3346434990143,1.004007735509951,0.9022909545862966,0.10281824487256436,0.09882606029546837,0.2524653422520533,0.022410603988042517,GLD,391.69
2026-10-16,P,355.0,0.058792620827847544,21.459306602164354,0.44999999999999996,392.3346434990143,1.004007735509951,0.9048397990907777,0.09999736853092296,0.0963026024928455,0.24793335054674845,0.023059449410480104,GLD,391.69
2026-10-16,P,356.0,0.0587926208277207,21.459306602118055,0.46499999999999997,392.3346434990143,1.004007735509951,0.9073886435952587,0.09718442715430836,0.09379183804115199,0.24388202888697486,0.023866132097337067,GLD,391.69
2026-10-16,P,357.0,0.05879262082759386,21.45930660207176,0.54,392.3346434990143,1.004007735509951,0.9099374880997398,0.09437937622669969,0.09143339380060789,0.24571948183334524,0.026302525937467996,GLD,391.69
2026-10-16,P,358.0,0.05879262082746702,21.459306602025464,0.5549999999999999,392.3346434990143,1.004007735509951,0.9124863326042209,0.09158217160563852,0.08892262934891437,0.24131012454971162,0.027133777601379323,GLD,391.69
2026-10-16,P,359.0,0.05879262082734018,21.459306601979165,0.61,392.3346434990143,1.004007735509951,0.915035177108702,0.0887927695180599,0.08651341170465399,0.24039175486076092,0.02898692929335864,GLD,391.69
2026-10-16,P,360.0,0.05879262082721334,21.45930660193287,0.62,392.3346434990143,1.004007735509951,0.917584021613183,0.08601112655618313,0.08398995390203123,0.23530415758088757,0.029731993862699386,GLD,391.69
2026-10-16,P,361.0,0.05879262082711821,21.459306601898145,0.665,392.3346434990143,1.004007735509951,0.9201328661176641,0.08323719967345784,0.08155534955591237,0.23304442733023756,0.031343039092527114,GLD,391.69
2026-10-16,P,362.0,0.058792620826991375,21.459306601851853,0.7250000000000001,392.3346434990143,1.004007735509951,0.9226817106221451,0.08047094618056777,0.07915882526258111,0.23167309430158783,0.03328989691851588,GLD,391.69
2026-10-16,P,363.0,0.05879262082686454,21.459306601805558,0.7849999999999999,392.3346434990143,1.004007735509951,0.9252305551266262,0.07771232374148798,0.07676230096924974,0.2299429943936489,0.03520993352559452,GLD,391.69
2026-10-16,P,364.0,0.058792620826737696,21.45930660175926,0.81,392.3346434990143,1.004007735509951,0.9277793996311073,0.07496129036959805,0.07427692321941437,0.22546919353774786,0.036381189841467695,GLD,391.69
2026-10-16,P,365.0,0.05879262082664257,21.45930660172454,0.865,392.3346434990143,1.004007735509951,0.9303282441355883,0.07221780442384727,0.07186770557515387,0.22290149516170502,0.038197287645022865,GLD,391.69
2026-10-16,P,366.0,0.05879262082651573,21.45930660167824,0.935,392.3346434990143,1.004007735509951,0.9328770886400695,0.06948182460497246,0.06949656798368098,0.22102380468441055,0.04030187810064225,GLD,391.69
2026-10-16,P,367.0,0.058792620826388885,21.459306601631944,1.0150000000000001,392.3346434990143,1.004007735509951,0.9354259331445505,0.06675330995176851,0.06715081709406623,0.2194132318095222,0.04256572311021466,GLD,391.69
2026-10-16,P,368.0,0.05879262082626205,21.45930660158565,1.0899999999999999,392.3346434990143,1.004007735509951,0.9379747776490316,0.06403221983740778,0.06479237285352235,0.2171556181310553,0.0447077087331529,GLD,391.69
2026-10-16,P,369.0,0.058792620826166916,21.459306601550924,1.205,392.3346434990143,1.004007735509951,0.9405236221535126,0.06131851396581159,0.0625354754204116,0.21674274868175725,0.04747795390816538,GLD,391.69
2026-10-16,P,370.0,0.05879262082604009,21.459306601504633,1.2850000000000001,392.3346434990143,1.004007735509951,0.9430724666579937,0.05861215236806859,0.06018972453079696,0.21405122248100067,0.04963258303934375,GLD,391.69
2026-10-16,P,371.0,0.058792620825913244,21.459306601458334,1.38,392.3346434990143,1.004007735509951,0.9456213111624747,0.05591309539890364,0.057882053693969704,0.2118064342638049,0.05198806749168101,GLD,391.69
2026-10-16,P,372.0,0.0587926208257864,21.459306601412038,1.5150000000000001,392.3346434990143,1.004007735509951,0.9481701556669558,0.053221303733192164,0.055675929664575574,0.21108836661353228,0.05483848813354515,GLD,391.69
2026-10-16,P,373.0,0.058792620825659565,21.459306601365743,1.63,392.3346434990143,1.004007735509951,0.9507190001714368,0.05053673836252324,0.053419032231464825,0.20900683890419372,0.05734851865982371,GLD,391.69
2026-10-16,P,374.0,0.05879262082556443,21.45930660133102,1.76,392.3346434990143,1.004007735509951,0.953267844675918,0.047859360591806795,0.05120021485114146,0.20719661018024704,0.05997651729047102,GLD,391.69
2026-10-16,P,375.0,0.0587926208254376,21.459306601284723,1.905,392.3346434990143,1.004007735509951,0.955816689180399,0.04518913203592797,0.04901947752360569,0.20559884750359436,0.06268994152230763,GLD,391.69
2026-10-16,P,376.0,0.058792620825310754,21.459306601238424,2.08,392.3346434990143,1.004007735509951,0.9583655336848801,0.042526014616444216,0.0469149003016448,0.2047432431654491,0.06559404521964396,GLD,391.69
2026-10-16,P,377.0,0.05879262082518391,21.45930660119213,2.2750000000000004,392.3346434990143,1.004007735509951,0.9609143781893611,0.03986997055832803,0.04486109648340053,0.20414100140885952,0.06853247786214517,GLD,391.69
2026-10-16,P,378.0,0.05879262082505708,21.459306601145833,2.46,392.3346434990143,1.004007735509951,0.9634632226938422,0.037220962386751044,0.04278190596329767,0.20267010102956673,0.07124985310401742,GLD,391.69
2026-10-16,P,379.0,0.05879262082493024,21.459306601099538,2.675,392.3346434990143,1.004007735509951,0.9660120671983232,0.03457895292391244,0.04077887554877013,0.20177627278416838,0.07403915839645492,GLD,391.69
2026-10-16,P,380.0,0.05879262082477169,21.459306601041668,2.895,392.3346434990143,1.004007735509951,0.9685609117028043,0.03194390528590728,0.038788538485171276,0.20054772297762868,0.07670074394564586,GLD,391.69
2026-10-16,P,381.0,0.05879262082464485,21.45930660099537,3.15,392.3346434990143,1.004007735509951,0.9711097562072853,0.02931578287963783,0.03688705487807675,0.19995578802090752,0.07937575911301728,GLD,391.69
2026-10-16,P,382.0,0.05879262082454972,21.459306600960648,3.4,392.3346434990143,1.004007735509951,0.9736586007117665,0.026694549399763554,0.0349728779200531,0.19867930199676356,0.08184130603035515,GLD,391.69
2026-10-16,P,383.0,0.05879262082442288,21.459306600914353,3.7,392.3346434990143,1.004007735509951,0.9762074452162475,0.024080168825692805,0.033185634471320835,0.19841510730509027,0.08429787166042696,GLD,391.69
2026-10-16,P,384.0,0.05879262082429604,21.459306600868054,4.0,392.3346434990143,1.004007735509951,0.9787562897207286,0.021472605418611884,0.03139839102258846,0.19759641992402788,0.08653034661130558,GLD,391.69
2026-10-16,P,385.0,0.0587926208241692,21.45930660082176,4.325,392.3346434990143,1.004007735509951,0.9813051342252096,0.018871823718554573,0.029674614328501936,0.19696438615313577,0.08860191808838172,GLD,391.69
2026-10-16,P,386.0,0.05879262082407408,21.459306600787038,4.675,392.3346434990143,1.004007735509951,0.9838539787296907,0.01627778854150788,0.02801430438906105,0.19649128627340184,0.09048280159072264,GLD,391.69
2026-10-16,P,387.0,0.05879262082394724,21.459306600740742,5.075,392.3346434990143,1.004007735509951,0.9864028232341717,0.013690464976556994,0.02648092795891177,0.1968435530588306,0.0921741276113349,GLD,391.69
2026-10-16,P,388.0,0.0587926208238204,21.459306600694447,5.449999999999999,392.3346434990143,1.004007735509951,0.9889516677386528,0.011109818383065306,0.024884084774116633,0.19593791381989345,0.09357550171966378,GLD,391.69
2026-10-16,P,389.0,0.058792620823693555,21.459306600648148,5.875,392.3346434990143,1.004007735509951,0.9915005122431338,0.00853581438789251,0.0234141750986131,0.19582738737038616,0.0947497732620834,GLD,391.69
2026-10-16,P,390.0,0.05879262082356672,21.459306600601852,6.325,392.3346434990143,1.004007735509951,0.994049356747615,0.005968418882646638,0.0220077321777552,0.1958143418199782,0.09565810045163797,GLD,391.69
2026-10-16,P,391.0,0.058792620823439876,21.459306600555554,6.800000000000001,392.3346434990143,1.004007735509951,0.996598201252096,0.003407598020973035,0.02066475601154294,0.19589342106552554,0.09629227387594523,GLD,391.69
2026-10-16,P,392.0,0.05879262082331304,21.459306600509258,7.275,392.3346434990143,1.004007735509951,0.9991470457565771,0.0008533182158762133,0.01932177984533079,0.19540597687015987,0.09664822406000606,GLD,391.69
2026-10-16,C,393.0,0.05879262082324962,21.459306600486112,7.325,392.3346434990143,1.004007735509951,1.0016958902610582,-0.0016944538629225377,0.018595759111199345,0.2007332302873165,0.09672698209244744,GLD,391.69
2026-10-16,C,394.0,0.05879262082315449,21.45930660045139,6.875,392.3346434990143,1.004007735509951,1.0042447347655392,-0.004235751291595062,0.017453357527576176,0.20120382127905906,0.09654397097565844,GLD,391.69
2026-10-16,C,395.0,0.05879262082302766,21.459306600405096,6.4,392.3346434990143,1.004007735509951,1.0067935792700202,-0.006770606894783058,0.01624748918930728,0.2004700851637604,0.09609492788184597,GLD,391.69
2026-10-16,C,396.0,0.058792620822900814,21.459306600358797,6.0,392.3346434990143,1.004007735509951,1.0093424237745012,-0.009299053248141679,0.01523202111497557,0.20117574202793226,0.09540477262360049,GLD,391.69
2026-10-16,C,397.0,0.05879262082277397,21.459306600312498,5.6,392.3346434990143,1.004007735509951,1.0118912682789825,-0.01182112268085171,0.014216553040643867,0.2013491954495583,0.09446662448910215,GLD,391.69
2026-10-16,C,398.0,0.058792620822647135,21.459306600266203,5.199999999999999,392.3346434990143,1.004007735509951,1.0144401127834635,-0.014336847278098945,0.01320108496631216,0.2009839198605225,0.09327427634613433,GLD,391.69
2026-10-16,C,399.0,0.058792620822552,21.459306600231482,4.85,392.3346434990143,1.004007735509951,1.0169889572879445,-0.01684625888352464,0.012312550401271919,0.20144764309072993,0.09189051570582372,GLD,391.69
2026-10-16,C,400.0,0.05879262082242516,21.459306600185183,4.475,392.3346434990143,1.004007735509951,1.0195378017924255,-0.019349389101643116,0.011360549081585946,0.2006838025299011,0.09022133730291523,GLD,391.69
2026-10-16,C,401.0,0.058792620822298323,21.459306600138888,4.199999999999999,392.3346434990143,1.004007735509951,1.0220866462969067,-0.021846269300230477,0.010662414780482899,0.2022201834120521,0.08852763906510042,GLD,391.69
2026-10-16,C,402.0,0.05879262082217149,21.459306600092592,3.9,392.3346434990143,1.004007735509951,1.0246354908013877,-0.024336930612682293,0.009900813724734121,0.20255441304511357,0.08657779256868958,GLD,391.69
2026-10-16,C,403.0,0.05879262082207636,21.45930660005787,3.6,392.3346434990143,1.004007735509951,1.0271843353058687,-0.02682140394034416,0.009139212668985344,0.2023721380951142,0.08440877779669174,GLD,391.69
2026-10-16,C,404.0,0.05879262082194952,21.459306600011576,3.375,392.3346434990143,1.004007735509951,1.02973317981035,-0.02929971995481141,0.00856801187717376,0.20396471596737678,0.08233503345668276,GLD,391.69
2026-10-16,C,405.0,0.05879262082182268,21.45930659996528,3.15,392.3346434990143,1.004007735509951,1.032282024314831,-0.031771909100200425,0.007996811085362175,0.2051208838936608,0.08011672405845006,GLD,391.69
2026-10-16,C,406.0,0.058792620821569,21.459306599872683,2.895,392.3346434990143,1.004007735509951,1.034830868819312,-0.03423800159539387,0.0073494501879757135,0.20484545820216501,0.0775697175708415,GLD,391.69
2026-10-16,C,407.0,0.05879262082144216,21.459306599826387,2.705,392.3346434990143,1.004007735509951,1.037379713323793,-0.036698027436256164,0.006867102852668154,0.20622864219511136,0.0752401340873935,GLD,391.69
2026-10-16,C,408.0,0.05879262082134703,21.459306599791667,2.5,392.3346434990143,1.004007735509951,1.0399285578282742,-0.039152016397823036,0.006346675464573155,0.20666820791260312,0.07267466449469971,GLD,391.69
2026-10-16,C,409.0,0.0587926208212202,21.45930659974537,2.3049999999999997,392.3346434990143,1.004007735509951,1.0424774023327552,-0.041599998036463026,0.005851634778336448,0.20699037644010854,0.07003023428875414,GLD,391.69
2026-10-16,C,410.0,0.05879262082109336,21.459306599699076,2.0949999999999998,392.3346434990143,1.004007735509951,1.0450262468372362,-0.044042001692014714,0.005318514039312303,0.2062600979296221,0.06708137864461915,GLD,391.69
2026-10-16,C,411.0,0.058792620820966514,21.459306599652777,1.995,392.3346434990143,1.004007735509951,1.0475750913417172,-0.046478056489895773,0.005064647020729378,0.20927959792688,0.06506622695108293,GLD,391.69
2026-10-16,C,412.0,0.05879262082087139,21.459306599618056,1.85,392.3346434990143,1.004007735509951,1.0501239358461985,-0.04890819134318772,0.004696539843784135,0.21021127577905108,0.06253433657686201,GLD,391.69
2026-10-16,C,413.0,0.058792620820744546,21.45930659957176,1.72,392.3346434990143,1.004007735509951,1.0526727803506795,-0.05133243495469403,0.00436651271962633,0.21136297968185225,0.06007941278885123,GLD,391.69
2026-10-16,C,414.0,0.0587926208206177,21.459306599525462,1.62,392.3346434990143,1.004007735509951,1.0552216248551605,-0.0537508158189756,0.004112645701043405,0.21344587318414293,0.057926430509079814,GLD,391.69
2026-10-16,C,415.0,0.05879262082052258,21.45930659949074,1.4649999999999999,392.3346434990143,1.004007735509951,1.0577704693596415,-0.05616336222435946,0.003719151822239868,0.21270503885644268,0.054969259422395195,GLD,391.69
2026-10-16,C,416.0,0.058792620820364024,21.459306599432868,1.3599999999999999,392.3346434990143,1.004007735509951,1.0603193138641227,-0.0585701022549246,0.003452591452727796,0.2138222964405349,0.05260387740000462,GLD,391.69
2026-10-16,C,417.0,0.058792620820237194,21.459306599386576,1.26,392.3346434990143,1.004007735509951,1.0628681583686037,-0.06097106379246271,0.0031987244341448702,0.21482282446376344,0.050250743498152436,GLD,391.69
2026-10-16,C,418.0,0.05879262082011035,21.459306599340277,1.185,392.3346434990143,1.004007735509951,1.0654170028730847,-0.06336627451841753,0.0030083241702076754,0.2167704244259507,0.04825846116482337,GLD,391.69
2026-10-16,C,419.0,0.058792620819951805,21.45930659928241,1.095,392.3346434990143,1.004007735509951,1.0679658473775657,-0.06575576191579889,0.0027798438534830418,0.21761522640687248,0.045969882110221065,GLD,391.69
2026-10-16,C,420.0,0.05879262081982496,21.45930659923611,1.01,392.3346434990143,1.004007735509951,1.070514691882047,-0.0681395532710753,0.0025640568876875544,0.21837482129000355,0.04371306325675075,GLD,391.69
2026-10-16,C,421.0,0.058792620819698126,21.459306599189816,0.9550000000000001,392.3346434990143,1.004007735509951,1.073063536386528,-0.07051767567604268,0.0024244300274669454,0.22058141184043298,0.04200032349610766,GLD,391.69
2026-10-16,C,422.0,0.05879262081960299,21.45930659915509,0.895,392.3346434990143,1.004007735509951,1.075612380891009,-0.07289015602967301,0.0022721098163171896,0.22224289494442453,0.040174120525296474,GLD,391.69
2026-10-16,C,423.0,0.05879262081947615,21.459306599108796,0.86,392.3346434990143,1.004007735509951,1.07816122539549,-0.07525702103993913,0.002183256359813165,0.2252777210587516,0.03886595320725623,GLD,391.69
2026-10-16,C,424.0,0.058792620819349314,21.4593065990625,0.7849999999999999,392.3346434990143,1.004007735509951,1.0807100698999712,-0.07761829722561907,0.0019928560958759702,0.22542739011606472,0.03667690774941467,GLD,391.69
2026-10-16,C,425.0,0.05879262081922248,21.459306599016205,0.725,392.3346434990143,1.004007735509951,1.0832589144044522,-0.07997401091807808,0.0018405358847262147,0.22625019454197812,0.034777301993824325,GLD,391.69
2026-10-16,C,426.0,0.05879262081909564,21.45930659896991,0.685,392.3346434990143,1.004007735509951,1.0858077589089332,-0.08232418826303163,0.0017389890772930446,0.2282674475803029,0.03333394230339537,GLD,391.69
2026-10-16,C,427.0,0.0587926208189688,21.45930659892361,0.6699999999999999,392.3346434990143,1.004007735509951,1.0883566034134142,-0.0846688552222857,0.0017009090245056052,0.23204652148728666,0.03251269097754979,GLD,391.69
2026-10-16,C,428.0,0.05879262081887367,21.45930659888889,0.605,392.3346434990143,1.004007735509951,1.0909054479178955,-0.0870080375754581,0.0015358954624267035,0.2316614744569998,0.030429014131962667,GLD,391.69
2026-10-16,C,429.0,0.05879262081874683,21.459306598842595,0.5900000000000001,392.3346434990143,1.004007735509951,1.0934542924223765,-0.08934176092167823,0.0014978154096392648,0.23517636561141755,0.029632167196416,GLD,391.69
2026-10-16,C,430.0,0.05879262081861999,21.459306598796296,0.525,392.3346434990143,1.004007735509951,1.0960031369268575,-0.09167005068126931,0.0013328018475603626,0.23410236162867024,0.027476763328744207,GLD,391.69
2026-10-16,C,431.0,0.058792620818493145,21.459306598749997,0.5249999999999999,392.3346434990143,1.004007735509951,1.0985519814313385,-0.09399293209740893,0.0013328018475603624,0.23874061591537987,0.027121147848441142,GLD,391.69
2026-10-16,C,432.0,0.05879262081836631,21.4593065987037,0.49,392.3346434990143,1.004007735509951,1.1011008259358197,-0.09631043023777161,0.0012439483910563383,0.2399696621786658,0.0257852761042736,GLD,391.69
2026-10-16,C,433.0,0.058792620818271184,21.45930659866898,0.475,392.3346434990143,1.004007735509951,1.1036496704403007,-0.0986225699961511,0.0012058683382688994,0.24300077010807103,0.02502805939942098,GLD,391.69
2026-10-16,C,434.0,0.05879262081814435,21.459306598622685,0.435,392.3346434990143,1.004007735509951,1.1061985149447817,-0.10092937609406606,0.001104321530835729,0.24328579405880046,0.023530273329889346,GLD,391.69
2026-10-16,C,435.0,0.058792620818017505,21.45930659857639,0.395,392.3346434990143,1.004007735509951,1.1087473594492627,-0.10323087308234524,0.0010027747234025585,0.2432134983679222,0.021999377554278693,GLD,391.69
2026-10-16,C,440.0,0.05879262081789066,21.45930659853009,0.31999999999999995,392.3346434990143,1.004007735509951,1.1214915819716682,-0.11465956890596814,0.0008123744594653637,0.25492128379564843,0.01832554216167785,GLD,391.69
2026-10-16,C,445.0,0.058792620817795536,21.45930659849537,0.255,392.3346434990143,1.004007735509951,1.1342358044940735,-0.12595912415990143,0.0006473608973864618,0.26511853363420995,0.015100708337967962,GLD,391.69
2026-10-16,C,450.0,0.05879262081766869,21.45930659844907,0.20500000000000002,392.3346434990143,1.004007735509951,1.1469800270164787,-0.13713242475802662,0.0005204273880949987,0.2750238876312997,0.012497892192123434,GLD,391.69
2026-10-16,C,455.0,0.05879262081754186,21.45930659840278,0.175,392.3346434990143,1.004007735509951,1.1597242495388842,-0.14818226094461173,0.00044426728252012083,0.28678440525441806,0.010749907346213396,GLD,391.69
2026-10-16,C,460.0,0.058792620817415014,21.45930659835648,0.15000000000000002,392.3346434990143,1.004007735509951,1.1724684720612895,-0.15911133147680195,0.00038080052787438937,0.2980911453830791,0.0092800040249738,GLD,391.69
2026-10-16,C,465.0,0.05879262081728818,21.459306598310185,0.125,392.3346434990143,1.004007735509951,1.1852126945836947,-0.1699222475810175,0.00031733377322865774,0.3076905891670206,0.007865732061754801,GLD,391.69
2026-10-16,C,470.0,0.05879262081719305,21.459306598275464,0.12000000000000001,392.3346434990143,1.004007735509951,1.1979569171061,-0.18061753669776542,0.00030464042229951145,0.32254032832571916,0.007349550758831288,GLD,391.69
2026-10-16,C,475.0,0.05879262081706621,21.459306598229166,0.115,392.3346434990143,1.004007735509951,1.2107011396285055,-0.1911996460283025,0.00029194707137036516,0.3369172815724347,0.006874519264024359,GLD,391.69
2026-10-16,C,480.0,0.058792620816939374,21.45930659818287,0.09,392.3346434990143,1.004007735509951,1.2234453621509107,-0.20167094589559786,0.00022848031672463356,0.3423801821742636,0.005591673432071042,GLD,391.69
2026-10-16,C,485.0,0.05879262081681253,21.459306598136575,0.09,392.3346434990143,1.004007735509951,1.236189584673316,-0.2120337329311444,0.00022848031672463356,0.3576204146522527,0.005405561319932231,GLD,391.69
2026-10-16,C,490.0,0.05879262081668569,21.459306598090276,0.075,392.3346434990143,1.004007735509951,1.2489338071957214,-0.22229023309833362,0.00019040026393719463,0.36486897829470033,0.0045976895223499925,GLD,391.69
2026-10-16,C,495.0,0.05879262081659056,21.459306598055555,0.065,392.3346434990143,1.004007735509951,1.2616780297181267,-0.23244260456235158,0.00016501356207890202,0.37340796975046275,0.0040217554214006775,GLD,391.69
2026-10-16,C,500.0,0.05879262081646372,21.459306598009256,0.065,392.3346434990143,1.004007735509951,1.274422252240532,-0.24249294041585295,0.00016501356207890202,0.38754271544009805,0.003905482755933161,GLD,391.69
2026-10-16,C,505.0,0.05879262081633689,21.459306597962964,0.05500000000000001,392.3346434990143,1.004007735509951,1.2871664747629372,-0.252443271269021,0.00013962686022060943,0.3943763176391565,0.003361624467007184,GLD,391.69
2026-10-16,C,510.0,0.05879262081621005,21.45930659791667,0.055,392.3346434990143,1.004007735509951,1.2999106972853427,-0.2622955677120328,0.0001396268602206094,0.40791698864764475,0.0032725699558486337,GLD,391.69
2026-10-16,C,515.0,0.058792620816083205,21.45930659787037,0.045,392.3346434990143,1.004007735509951,1.312654919807748,-0.2720517426573974,0.00011424015836231678,0.4127128838731494,0.0027494021301607942,GLD,391.69
2026-10-16,C,520.0,0.05879262081595637,21.459306597824074,0.045,392.3346434990143,1.004007735509951,1.3253991423301532,-0.28171365356913425,0.00011424015836231678,0.4256728328967522,0.0026821067150610547,GLD,391.69
2026-10-23,P,280.0,0.07797070299904871,28.459306594652777,0.04,392.5580819240649,1.0056155155558368,0.7132702468577943,0.3378949025297077,0.28683107988982925,0.4437263091245287,0.0022789336846359485,GLD,391.69
2026-10-23,P,285.0,0.07797070299892186,28.45930659460648,0.055,392.5580819240649,1.0056155155558368,0.7260072155516835,0.32019532543030677,0.2741321087262989,0.43653139014743153,0.003007183655987362,GLD,391.69
2026-10-23,P,290.0,0.07797070299879502,28.459306594560182,0.055,392.5580819240649,1.0056155155558368,0.7387441842455726,0.3028035827184376,0.2613951400324097,0.41489234996934343,0.003140077734329871,GLD,391.69
2026-10-23,P,295.0,0.07797070299866819,28.45930659451389,0.065,392.5580819240649,1.0056155155558368,0.7514811529394618,0.2857091493591375,0.24868350302542663,0.400804563027276,0.0037067549619847194,GLD,391.69
2026-10-23,P,300.0,0.07797070299854135,28.45930659446759,0.07500000000000001,392.5580819240649,1.0056155155558368,0.764218121633351,0.26890203104275623,0.23597186601844333,0.38561399216250203,0.004301148251894708,GLD,391.69
2026-10-23,P,305.0,0.07797070299831939,28.459306594386575,0.09,392.5580819240649,1.0056155155558368,0.7769550903272402,0.2523727290915457,0.22327289485491297,0.3720955609999921,0.005132646708682822,GLD,391.69
2026-10-23,P,310.0,0.07797070299819255,28.45930659434028,0.1,392.5580819240649,1.0056155155558368,0.7896920590211294,0.23611220821976536,0.21056125784792967,0.3550923840738123,0.00580408361893526,GLD,391.69
2026-10-23,P,315.0,0.0779707029980657,28.45930659429398,0.13,392.5580819240649,1.0056155155558368,0.8024290277150186,0.22011186687332424,0.19790028421475814,0.3449106746788607,0.0073174140295358256,GLD,391.69
2026-10-23,P,320.0,0.07797070299793886,28.459306594247682,0.14,392.5580819240649,1.0056155155558368,0.8151659964089077,0.20436350990518506,0.18518864720777484,0.3262312095267809,0.00811246871498555,GLD,391.69
2026-10-23,P,325.0,0.07797070299784374,28.459306594212965,0.16,392.5580819240649,1.0056155155558368,0.8279029651027969,0.18885932336921982,0.17250234188769742,0.310029834401457,0.009375638640256045,GLD,391.69
2026-10-23,P,330.0,0.0779707029977169,28.45930659416667,0.215,392.5580819240649,1.0056155155558368,0.8406399337966861,0.17359185123843138,0.1599046974717908,0.30073454316564585,0.012046715273326274,GLD,391.69
2026-10-23,P,335.0,0.07797070299759006,28.45930659412037,0.265,392.5580819240649,1.0056155155558368,0.8533769024905753,0.15855397387389086,0.14729438721243104,0.2874068606646335,0.014605363359014242,GLD,391.69
2026-10-23,P,340.0,0.07797070299746323,28.45930659407408,0.33499999999999996,392.5580819240649,1.0056155155558368,0.8661138711844645,0.14373888808875024,0.13473474032688326,0.27497183620670007,0.017960777170723686,GLD,391.69
2026-10-23,P,345.0,0.07797070299736808,28.45930659403935,0.405,392.5580819240649,1.0056155155558368,0.8788508398783537,0.12914008866759755,0.12217509344133548,0.2600801404019101,0.021473588278336078,GLD,391.69
2026-10-23,P,350.0,0.07797070299724124,28.459306593993052,0.5349999999999999,392.5580819240649,1.0056155155558368,0.8915878085722428,0.11475135121549794,0.109767436677223,0.2490867833576157,0.02695427697531016,GLD,391.69
2026-10-23,P,355.0,0.07797070299711441,28.45930659394676,0.73,392.5580819240649,1.0056155155558368,0.904324777266132,0.1005667162235415,0.09752443587799897,0.23956238183131548,0.034198482258857514,GLD,391.69
2026-10-23,P,360.0,0.07797070299698758,28.459306593900465,0.94,392.5580819240649,1.0056155155558368,0.9170617459600212,0.08658047424880161,0.08531943260913355,0.22661527377197277,0.04181531321634941,GLD,391.69
2026-10-23,P,365.0,0.07797070299689243,28.459306593865737,1.31,392.5580819240649,1.0056155155558368,0.9297987146539104,0.0727871521164658,0.07351973633076292,0.21795199068476648,0.052512490922789534,GLD,391.69
2026-10-23,P,370.0,0.0779707029967656,28.459306593819445,1.88,392.5580819240649,1.0056155155558368,0.9425356833477996,0.059181500060687176,0.06222667379051017,0.2115882051182744,0.06545727729064575,GLD,391.69
2026-10-23,P,371.0,0.07797070299663876,28.459306593773146,1.9849999999999999,392.5580819240649,1.0056155155558368,0.9450830770865775,0.056482443091522117,0.05994526276424428,0.20909035839459084,0.06779513791066547,GLD,391.69
2026-10-23,P,372.0,0.07797070299651192,28.45930659372685,2.145,392.5580819240649,1.0056155155558368,0.9476304708253553,0.05379065142581065,0.057803176015960744,0.20833591341854238,0.07068966465363917,GLD,391.69
2026-10-23,P,373.0,0.0779707029964168,28.459306593692133,2.3,392.5580819240649,1.0056155155558368,0.9501778645641331,0.05110608605514173,0.0556484234242246,0.2070430719473615,0.07343625631229306,GLD,391.69
2026-10-23,P,374.0,0.07797070299628996,28.459306593645834,2.4699999999999998,392.5580819240649,1.0056155155558368,0.952725258302911,0.0484287082844253,0.05353166836284695,0.20591915625752788,0.07623239638108455,GLD,391.69
2026-10-23,P,375.0,0.07797070299616311,28.459306593599536,2.645,392.5580819240649,1.0056155155558368,0.9552726520416888,0.045758479728546485,0.051427579144922575,0.20460951408494335,0.07897216358163724,GLD,391.69
2026-10-23,P,376.0,0.07797070299603627,28.45930659355324,2.83,392.5580819240649,1.0056155155558368,0.9578200457804666,0.04309536230906274,0.04934882161390375,0.2032718690842549,0.0816891657876802,GLD,391.69
2026-10-23,P,377.0,0.07797070299594115,28.45930659351852,3.05,392.5580819240649,1.0056155155558368,0.9603674395192445,0.040439318250946446,0.047358724987055734,0.20264292726491406,0.08453011850592525,GLD,391.69
2026-10-23,P,378.0,0.07797070299581431,28.459306593472224,3.275,392.5580819240649,1.0056155155558368,0.9629148332580223,0.03779031007936959,0.04538129420366077,0.20176931420605715,0.08725737390216863,GLD,391.69
2026-10-23,P,379.0,0.07797070299568748,28.45930659342593,3.525,392.5580819240649,1.0056155155558368,0.9654622269968002,0.03514830061653088,0.04346719263753063,0.2012222133861487,0.08997032615662402,GLD,391.69
2026-10-23,P,380.0,0.07797070299556064,28.459306593379633,3.775,392.5580819240649,1.0056155155558368,0.968009620735578,0.03251325297852585,0.04155309107140037,0.20027588511626632,0.09252252635285832,GLD,391.69
2026-10-23,P,381.0,0.0779707029954338,28.459306593333334,4.025,392.5580819240649,1.0056155155558368,0.9705570144743558,0.02988513057225629,0.039638989505270006,0.1989488436922594,0.0949241531102038,GLD,391.69
2026-10-23,P,382.0,0.07797070299533866,28.45930659329861,4.325,392.5580819240649,1.0056155155558368,0.9731044082131337,0.027263897092382028,0.037851546373669276,0.19855716746805915,0.09733754250134254,GLD,391.69
2026-10-23,P,383.0,0.07797070299521182,28.459306593252315,4.65,392.5580819240649,1.0056155155558368,0.9756518019519115,0.02464951651831129,0.036127432459333364,0.1983873532440802,0.09962360256559202,GLD,391.69
2026-10-23,P,384.0,0.07797070299508498,28.459306593206016,4.949999999999999,392.5580819240649,1.0056155155558368,0.9781991956906894,0.022041953111230375,0.03433998932773241,0.19717052129863738,0.10165297534643519,GLD,391.69
2026-10-23,P,385.0,0.07797070299495815,28.459306593159724,5.300000000000001,392.5580819240649,1.0056155155558368,0.9807465894294671,0.01944117141117308,0.03267920463066121,0.19679091632281173,0.10358807459222077,GLD,391.69
2026-10-23,P,386.0,0.07797070299486301,28.459306593125,5.675,392.5580819240649,1.0056155155558368,0.983293983168245,0.016847136234126394,0.03108174915085482,0.19659355898607747,0.10534207200736574,GLD,391.69
2026-10-23,P,387.0,0.07797070299473617,28.459306593078704,6.050000000000001,392.5580819240649,1.0056155155558368,0.9858413769070229,0.014259812669175405,0.029484293671048212,0.1959708500317864,0.10687373328857454,GLD,391.69
2026-10-23,P,388.0,0.07797070299460933,28.459306593032405,6.475,392.5580819240649,1.0056155155558368,0.9883887706458007,0.011679166075683837,0.02801349662577135,0.1961037156551129,0.10821781974494483,GLD,391.69
2026-10-23,P,389.0,0.07797070299448249,28.459306592986106,6.9,392.5580819240649,1.0056155155558368,0.9909361643845785,0.009105162080510942,0.026542699580494378,0.19580365639249817,0.10932365144463663,GLD,391.69
2026-10-23,P,390.0,0.07797070299435566,28.459306592939814,7.35,392.5580819240649,1.0056155155558368,0.9934835581233563,0.00653776657526519,0.025135231752482223,0.19565434156336967,0.11020074038702989,GLD,391.69
2026-10-23,P,391.0,0.07797070299426052,28.45930659290509,7.825,392.5580819240649,1.0056155155558368,0.9960309518621342,0.003976945713591485,0.023791093141734665,0.19565001954825093,0.11084075641671248,GLD,391.69
2026-10-23,P,392.0,0.0779707029941337,28.4593065928588,8.325,392.5580819240649,1.0056155155558368,0.9985783456009121,0.0014226659084946738,0.022510283748251814,0.19578787781796284,0.11123912414596643,GLD,391.69
2026-10-23,C,393.0,0.07797070299407027,28.45930659283565,8.625,392.5580819240649,1.0056155155558368,1.00112573933969,-0.0011251061703040674,0.021848579956341065,0.20105720063779958,0.11139399706474534,GLD,391.69
2026-10-23,C,394.0,0.07797070299381659,28.459306592743054,8.15,392.5580819240649,1.0056155155558368,1.0036731330784676,-0.003666403598976471,0.020645324828310687,0.20104465430389074,0.11132036629317561,GLD,391.69
2026-10-23,C,395.0,0.07797070299368974,28.459306592696755,7.675,392.5580819240649,1.0056155155558368,1.0062205268172455,-0.006201259202164568,0.01944206970028031,0.20062007224860956,0.11101740760872222,GLD,391.69
2026-10-23,C,396.0,0.0779707029935312,28.45930659263889,7.25,392.5580819240649,1.0056155155558368,1.0087679205560234,-0.008729705555523288,0.018365473006779445,0.2009270046019597,0.11049520895996236,GLD,391.69
2026-10-23,C,397.0,0.07797070299340436,28.459306592592593,6.85,392.5580819240649,1.0056155155558368,1.0113153142948013,-0.0112517749882332,0.017352205530543337,0.2014047400508629,0.1097628228579467,GLD,391.69
2026-10-23,C,398.0,0.07797070299327752,28.459306592546294,6.449999999999999,392.5580819240649,1.0056155155558368,1.0138627080335791,-0.013767499585480535,0.01633893805430723,0.20148237460275367,0.10881532815009275,GLD,391.69
2026-10-23,C,399.0,0.07797070299318239,28.45930659251157,6.075,392.5580819240649,1.0056155155558368,1.0164101017723568,-0.016276911190906112,0.015388999795335881,0.2017436358747909,0.10767361143840307,GLD,391.69
2026-10-23,C,400.0,0.07797070299305556,28.45930659246528,5.675,392.5580819240649,1.0056155155558368,1.0189574955111347,-0.018780041409024686,0.014375732319099771,0.20101095108772632,0.10628531649260552,GLD,391.69
2026-10-23,C,401.0,0.07797070299292873,28.459306592418987,5.375,392.5580819240649,1.0056155155558368,1.0215048892499126,-0.021276921607611927,0.013615781711922691,0.20227119544841093,0.1048351964905636,GLD,391.69
2026-10-23,C,402.0,0.07797070299280189,28.459306592372688,5.050000000000001,392.5580819240649,1.0056155155558368,1.0240522829886904,-0.023767582920063847,0.012792501887480856,0.20255553596360124,0.10316171418004293,GLD,391.69
2026-10-23,C,403.0,0.07797070299267504,28.459306592326392,4.75,392.5580819240649,1.0056155155558368,1.0265996767274683,-0.02625205624772581,0.012032551280303774,0.2030758730434803,0.10135871563219234,GLD,391.69
2026-10-23,C,404.0,0.07797070299251649,28.45930659226852,4.449999999999999,392.5580819240649,1.0056155155558368,1.029147070466246,-0.028730372262192726,0.011272600673126692,0.20321958650930433,0.09937467626896933,GLD,391.69
2026-10-23,C,405.0,0.07797070299238965,28.45930659222222,4.175,392.5580819240649,1.0056155155558368,1.0316944642050239,-0.03120256140758184,0.01057597928321437,0.2036254465112237,0.0972930081806993,GLD,391.69
2026-10-23,C,406.0,0.07797070299229453,28.459306592187502,3.9,392.5580819240649,1.0056155155558368,1.0342418579438017,-0.03366865390277538,0.009879357893302045,0.20365686308201544,0.09503754991064528,GLD,391.69
2026-10-23,C,407.0,0.07797070299216768,28.459306592141203,3.675,392.5580819240649,1.0056155155558368,1.0367892516825796,-0.03612867974363777,0.009309394937919236,0.20466393072268052,0.09284505592978481,GLD,391.69
2026-10-23,C,408.0,0.07797070299204084,28.459306592094908,3.45,392.5580819240649,1.0056155155558368,1.0393366454213575,-0.03858266870520453,0.008739431982536426,0.20533466982853463,0.09052033961177408,GLD,391.69
2026-10-23,C,409.0,0.077970702991914,28.45930659204861,3.25,392.5580819240649,1.0056155155558368,1.0418840391601352,-0.0410306503438444,0.008232798244418372,0.20637535065998858,0.08821069669734152,GLD,391.69
2026-10-23,C,410.0,0.07797070299181888,28.459306592013892,3.05,392.5580819240649,1.0056155155558368,1.044431432898913,-0.043472653999396184,0.007726164506300317,0.20709344150030906,0.08578516807130109,GLD,391.69
2026-10-23,C,411.0,0.07797070299169204,28.459306591967593,2.835,392.5580819240649,1.0056155155558368,1.046978826637691,-0.04590870879727735,0.007181533237823411,0.20701883705533042,0.0831196067878526,GLD,391.69
2026-10-23,C,412.0,0.0779707029915652,28.459306591921298,2.66,392.5580819240649,1.0056155155558368,1.0495262203764688,-0.048338843650569174,0.006738228716970114,0.2078191300101066,0.08063313416871574,GLD,391.69
2026-10-23,C,413.0,0.07797070299143836,28.459306591875002,2.495,392.5580819240649,1.0056155155558368,1.0520736141152467,-0.05076308726207558,0.0063202558830227195,0.208621742885437,0.07813085153233125,GLD,391.69
2026-10-23,C,414.0,0.07797070299134322,28.459306591840274,2.34,392.5580819240649,1.0056155155558368,1.0546210078540244,-0.05318146812635704,0.005927614735981228,0.20944256364555602,0.07562696298624515,GLD,391.69
2026-10-23,C,415.0,0.07797070299121638,28.459306591793975,2.19,392.5580819240649,1.0056155155558368,1.0571684015928022,-0.055594014531740996,0.005547639432392688,0.21012598218953638,0.07308238302218786,GLD,391.69
2026-10-23,C,416.0,0.07797070299108956,28.45930659174769,2.06,392.5580819240649,1.0056155155558368,1.0597157953315801,-0.05800075456230602,0.005218327502615952,0.21121134961536803,0.07067471883094666,GLD,391.69
2026-10-23,C,417.0,0.07797070299096272,28.45930659170139,1.935,392.5580819240649,1.0056155155558368,1.062263189070358,-0.06040171609984423,0.004901681416292169,0.21220074923150622,0.06825827064612335,GLD,391.69
2026-10-23,C,418.0,0.07797070299083587,28.459306591655093,1.8,392.5580819240649,1.0056155155558368,1.0648105828091359,-0.06279692682579914,0.004559703643062483,0.21252134574644,0.0656386216670076,GLD,391.69
2026-10-23,C,419.0,0.07797070299074074,28.459306591620372,1.6949999999999998,392.5580819240649,1.0056155155558368,1.0673579765479135,-0.06518641422318039,0.004293720930550505,0.21371278140008917,0.06334791997635031,GLD,391.69
2026-10-23,C,420.0,0.0779707029906139,28.459306591574073,1.5899999999999999,392.5580819240649,1.0056155155558368,1.0699053702866914,-0.0675702055784567,0.004027738218038526,0.21464631843484944,0.06100533758193361,GLD,391.69
2026-10-23,C,421.0,0.07797070299048706,28.459306591527774,1.495,392.5580819240649,1.0056155155558368,1.0724527640254693,-0.06994832798342415,0.0037870871924324512,0.21573845754720383,0.058762556496167816,GLD,391.69
2026-10-23,C,422.0,0.07797070299036021,28.45930659148148,1.4100000000000001,392.5580819240649,1.0056155155558368,1.0750001577642472,-0.07232080833705459,0.0035717678537322784,0.2170232554719853,0.05663844991241219,GLD,391.69
2026-10-23,C,423.0,0.07797070299023337,28.45930659143518,1.33,392.5580819240649,1.0056155155558368,1.077547551503025,-0.0746876733473208,0.003369114358485057,0.21830573069334153,0.05456481234159487,GLD,391.69
2026-10-23,C,424.0,0.07797070299013825,28.459306591400463,1.25,392.5580819240649,1.0056155155558368,1.0800949452418027,-0.07704894953300041,0.0031664608632378352,0.21935866647476024,0.052457571191412165,GLD,391.69
2026-10-23,C,425.0,0.07797070299001141,28.459306591354164,1.1749999999999998,392.5580819240649,1.0056155155558368,1.0826423389805806,-0.07940466322545953,0.002976473211443565,0.22041960388291537,0.05040698947801509,GLD,391.69
2026-10-23,C,426.0,0.07797070298988458,28.45930659130787,1.1099999999999999,392.5580819240649,1.0056155155558368,1.0851897327193585,-0.08175484057041316,0.0028118172465551976,0.22176552160103297,0.0485203640204363,GLD,391.69
2026-10-23,C,427.0,0.07797070298975774,28.459306591261573,1.0550000000000002,392.5580819240649,1.0056155155558368,1.0877371264581364,-0.08409950752966733,0.0026724929685727336,0.22344422889448176,0.04681706658456999,GLD,391.69
2026-10-23,C,428.0,0.0779707029896626,28.459306591226852,0.995,392.5580819240649,1.0056155155558368,1.0902845201969142,-0.0864386898828396,0.002520502847137317,0.22466354387670873,0.04499553335023232,GLD,391.69
2026-10-23,C,429.0,0.07797070298953578,28.459306591180557,0.94,392.5580819240649,1.0056155155558368,1.092831913935692,-0.08877241322905963,0.002381178569154852,0.2259656090801225,0.04326222193684341,GLD,391.69
2026-10-23,C,430.0,0.07797070298940893,28.45930659113426,0.895,392.5580819240649,1.0056155155558368,1.0953793076744698,-0.0911007029886508,0.00226718597807829,0.2276773777514181,0.041739750199597137,GLD,391.69
2026-10-23,C,431.0,0.07797070298928209,28.459306591087962,0.8400000000000001,392.5580819240649,1.0056155155558368,1.0979267014132477,-0.09342358440479052,0.0021278617000958255,0.22859587206916573,0.03997465421589489,GLD,391.69
2026-10-23,C,432.0,0.07797070298918697,28.459306591053245,0.8,392.5580819240649,1.0056155155558368,1.1004740951520255,-0.0957410825451531,0.002026534952472215,0.23028051633481347,0.038551589240861765,GLD,391.69
2026-10-23,C,433.0,0.07797070298906013,28.459306591006946,0.78,392.5580819240649,1.0056155155558368,1.1030214888908034,-0.09805322230353267,0.0019758715786604092,0.23316608299736663,0.037620689373252296,GLD,391.69
2026-10-23,C,434.0,0.07797070298893329,28.45930659096065,0.745,392.5580819240649,1.0056155155558368,1.105568882629581,-0.10036002840144752,0.00188721067448975,0.23493651348821792,0.03632660939536234,GLD,391.69
2026-10-23,C,435.0,0.07797070298867961,28.45930659086806,0.7050000000000001,392.5580819240649,1.0056155155558368,1.108116276368359,-0.1026615253897268,0.0017858839268661392,0.23620491707264576,0.034901319211470834,GLD,391.69
2026-10-23,C,440.0,0.07797070298858447,28.459306590833332,0.5449999999999999,392.5580819240649,1.0056155155558368,1.1208532450622481,-0.11409022121334955,0.001380576936371696,0.24323598426801793,0.028752586114628532,GLD,391.69
2026-10-23,C,445.0,0.07797070298845762,28.459306590787033,0.43999999999999995,392.5580819240649,1.0056155155558368,1.1335902137561373,-0.12538977646728292,0.0011145942238597179,0.2518365786297561,0.024178064124163116,GLD,391.69
2026-10-23,C,450.0,0.0779707029883308,28.45930659074074,0.37,392.5580819240649,1.0056155155558368,1.1463271824500265,-0.13656307706540813,0.0009372724155183993,0.26171135435487797,0.020793828877366572,GLD,391.69
2026-10-23,C,455.0,0.07797070298820397,28.459306590694446,0.29500000000000004,392.5580819240649,1.0056155155558368,1.1590641511439157,-0.1476129132519931,0.0007472847637241293,0.26867409583214613,0.01729676036288942,GLD,391.69
2026-10-23,C,460.0,0.07797070298807712,28.45930659064815,0.275,392.5580819240649,1.0056155155558368,1.1718011198378049,-0.15854198378418338,0.0006966213899123238,0.28192899601316884,0.015858360435745438,GLD,391.69
2026-10-23,C,465.0,0.07797070298795028,28.45930659060185,0.22999999999999998,392.5580819240649,1.0056155155558368,1.184538088531694,-0.16935289988839902,0.0005826287988357616,0.2899404305303789,0.01358776274072846,GLD,391.69
2026-10-23,C,470.0,0.07797070298785515,28.459306590567127,0.22000000000000003,392.5580819240649,1.0056155155558368,1.1972750572255833,-0.18004818900514696,0.000557297111929859,0.30329034679317696,0.01270865085708387,GLD,391.69
2026-10-23,C,475.0,0.0779707029877283,28.459306590520832,0.18,392.5580819240649,1.0056155155558368,1.2100120259194724,-0.1906302983356839,0.0004559703643062483,0.3094382025104349,0.010737534777380264,GLD,391.69
2026-10-23,C,480.0,0.07797070298760146,28.459306590474533,0.16,392.5580819240649,1.0056155155558368,1.2227489946133616,-0.20110159820297932,0.00040530699049444295,0.31875788031130636,0.009585696635809514,GLD,391.69
2026-10-23,C,485.0,0.07797070298747463,28.45930659042824,0.15000000000000002,392.5580819240649,1.0056155155558368,1.2354859633072508,-0.2114643852385259,0.00037997530358854027,0.32995462182100305,0.008880382208893898,GLD,391.69
2026-10-23,C,490.0,0.07797070298734779,28.459306590381942,0.125,392.5580819240649,1.0056155155558368,1.24822293200114,-0.221720885405715,0.00031664608632378353,0.3358053048386218,0.0075932265874332884,GLD,391.69
2026-10-23,C,495.0,0.07797070298722096,28.45930659033565,0.14,392.5580819240649,1.0056155155558368,1.2609599006950292,-0.231873256869733,0.0003546436166826376,0.35398088109667214,0.007974532010943187,GLD,391.69
2026-10-23,C,500.0,0.07797070298709412,28.45930659028935,0.14,392.5580819240649,1.0056155155558368,1.2736968693889184,-0.24192359272323444,0.0003546436166826376,0.367141945759057,0.0077553540543753565,GLD,391.69
2026-10-23,C,505.0,0.07797070298699899,28.45930659025463,0.095,392.5580819240649,1.0056155155558368,1.2864338380828075,-0.25187392357640254,0.00024065102560607548,0.36291280643749213,0.005748182136703549,GLD,391.69
2026-10-23,C,510.0,0.07797070298687214,28.45930659020833,0.08499999999999999,392.5580819240649,1.0056155155558368,1.2991708067766967,-0.26172622001941415,0.00021531933870017278,0.3705358505184457,0.0051716981284088805,GLD,391.69
2026-10-23,C,515.0,0.0779707029867453,28.459306590162033,0.11,392.5580819240649,1.0056155155558368,1.311907775470586,-0.27148239496477883,0.0002786485559649295,0.3939888492108595,0.006065197899862723,GLD,391.69
2026-10-23,C,525.0,0.07797070298652334,28.459306590081017,0.07,392.5580819240649,1.0056155155558368,1.3373817128583643,-0.29071375689266643,0.0001773218083413188,0.397691188447094,0.0041795671324140835,GLD,391.69
2026-10-23,C,535.0,0.07797070298630138,28.459306590000004,0.06,392.5580819240649,1.0056155155558368,1.3628556502461426,-0.30958224119704925,0.0001519901214354161,0.41358081997517204,0.003571998162410298,GLD,391.69
2026-10-23,C,540.0,0.07797070298617453,28.459306589953705,0.06,392.5580819240649,1.0056155155558368,1.3755926189400318,-0.3188846338593628,0.0001519901214354161,0.4245171351325062,0.0034987377896425515,GLD,391.69
2026-10-23,C,545.0,0.07797070298604769,28.459306589907406,0.055,392.5580819240649,1.0056155155558368,1.388329587633921,-0.32810128896428675,0.00013932427798246476,0.431504348223397,0.003214965777552326,GLD,391.69
2026-10-23,C,550.0,0.07797070298592086,28.459306589861114,0.05,392.5580819240649,1.0056155155558368,1.4010665563278102,-0.3372337725275593,0.00012665843452951342,0.437937866673462,0.002936730217834795,GLD,391.69
2026-10-23,C,560.0,0.07797070298566718,28.45930658976852,0.05500000000000001,392.5580819240649,1.0056155155558368,1.4265404937155886,-0.3552522780302376,0.00013932427798246476,0.46290785120261063,0.0030399776214534296,GLD,391.69
2026-10-30,P,275.0,0.09714878517364282,35.45930658837963,0.06,392.8004493999654,1.0056585581372288,0.7001010320127812,0.3565306229066833,0.3000508578258123,0.43533618588580714,0.0032885497036551367,GLD,391.69
2026-10-30,P,280.0,0.09714878517351598,35.459306588333334,0.065,392.8004493999654,1.0056585581372288,0.7128301416857409,0.3385121174040049,0.28733440563940194,0.41880564934414855,0.0036299671310769765,GLD,391.69
2026-10-30,P,285.0,0.09714878517338914,35.459306588287035,0.07500000000000001,392.8004493999654,1.0056585581372288,0.7255592513587005,0.3208125403046041,0.2746306109395412,0.40518611346710065,0.004196293535591971,GLD,391.69
2026-10-30,P,290.0,0.09714878517326231,35.45930658824074,0.095,392.8004493999654,1.0056585581372288,0.7382883610316602,0.3034207975927348,0.26195213121277927,0.39584137812069664,0.005183360773158728,GLD,391.69
2026-10-30,P,295.0,0.09714878517313547,35.459306588194444,0.10500000000000001,392.8004493999654,1.0056585581372288,0.7510174707046199,0.28632636423343466,0.24924833651291844,0.3802244266744107,0.0058097493892072605,GLD,391.69
2026-10-30,P,300.0,0.09714878517300862,35.459306588148145,0.125,392.8004493999654,1.0056585581372288,0.7637465803775795,0.2695192459170535,0.23656985678615683,0.36799016756186126,0.00686081494400244,GLD,391.69
2026-10-30,P,305.0,0.0971487851729135,35.45930658811343,0.14,392.8004493999654,1.0056585581372288,0.7764756900505392,0.2529899439658429,0.22387871957284533,0.35289704922922716,0.007767493847713058,GLD,391.69
2026-10-30,P,310.0,0.09714878517272324,35.45930658804398,0.16,392.8004493999654,1.0056585581372288,0.7892047997234988,0.23672942309406267,0.2112002398460835,0.3386544043290789,0.008920808117860708,GLD,391.69
2026-10-30,P,315.0,0.0971487851725964,35.45930658799769,0.19,392.8004493999654,1.0056585581372288,0.8019339093964585,0.2207290817476215,0.19854707509242064,0.3260493058516298,0.010513263767959252,GLD,391.69
2026-10-30,P,320.0,0.09714878517246955,35.45930658795139,0.225,392.8004493999654,1.0056585581372288,0.8146630190694181,0.20498072477948237,0.185906567825307,0.313187347761477,0.01236259777886013,GLD,391.69
2026-10-30,P,325.0,0.09714878517237442,35.459306587916664,0.28500000000000003,392.8004493999654,1.0056585581372288,0.8273921287423778,0.18947653824351707,0.1733293479909408,0.30332511868603945,0.015163842907689393,GLD,391.69
2026-10-30,P,330.0,0.09714878517224759,35.45930658787037,0.33999999999999997,392.8004493999654,1.0056585581372288,0.8401212384153375,0.17420906611272857,0.16073947067002503,0.29047963369357666,0.017881682410805292,GLD,391.69
2026-10-30,P,335.0,0.09714878517212076,35.45930658782408,0.39,392.8004493999654,1.0056585581372288,0.8528503480882971,0.15917118874818814,0.14813693586255983,0.27550111733372,0.02058549342212652,GLD,391.69
2026-10-30,P,340.0,0.09714878517199392,35.45930658777778,0.495,392.8004493999654,1.0056585581372288,0.8655794577612568,0.14435610296304746,0.13567363340713867,0.26515779778299214,0.025143329474787313,GLD,391.69
2026-10-30,P,345.0,0.09714878517186708,35.45930658773148,0.625,392.8004493999654,1.0056585581372288,0.8783085674342164,0.12975730354189485,0.12327361838446471,0.2543645684918438,0.030510799229849343,GLD,391.69
2026-10-30,P,350.0,0.09714878517177195,35.45930658769676,0.81,392.8004493999654,1.0056585581372288,0.8910376771071761,0.11536856608979519,0.11101283571383458,0.2447455369600482,0.03737637998423488,GLD,391.69
2026-10-30,P,355.0,0.0971487851716451,35.45930658765046,1.0550000000000002,392.8004493999654,1.0056585581372288,0.9037667867801358,0.1011839310978387,0.09890394288179793,0.2352714897674603,0.04559692392160185,GLD,391.69
2026-10-30,P,360.0,0.09714878517151826,35.45930658760417,1.4,392.8004493999654,1.0056585581372288,0.9164958964530954,0.08719768912309889,0.08704819978075018,0.22684609535594114,0.05561043772687869,GLD,391.69
2026-10-30,P,365.0,0.09714878517139142,35.45930658755787,1.9100000000000001,392.8004493999654,1.0056585581372288,0.9292250061260551,0.07340436699076301,0.07561015373583413,0.22044690991277663,0.0677023230131455,GLD,391.69
2026-10-30,P,370.0,0.0971487851712963,35.45930658752315,2.605,392.8004493999654,1.0056585581372288,0.9419541157990147,0.05979871493498446,0.06464043469324798,0.21466413174294055,0.0808998391528668,GLD,391.69
2026-10-30,P,371.0,0.09714878517116945,35.45930658747685,2.755,392.8004493999654,1.0056585581372288,0.9444999377336066,0.057099657965819416,0.06247433735513941,0.213104161219976,0.08346759646789602,GLD,391.69
2026-10-30,P,372.0,0.09714878517104261,35.459306587430554,2.955,392.8004493999654,1.0056585581372288,0.9470457596681986,0.054407866300107965,0.060434814882525445,0.2127738446344317,0.08638210418321485,GLD,391.69
2026-10-30,P,373.0,0.09714878517091577,35.459306587384255,3.125,392.8004493999654,1.0056585581372288,0.9495915816027904,0.05172330092943907,0.05831934749061474,0.21127422806225435,0.08896009227510716,GLD,391.69
2026-10-30,P,374.0,0.09714878517082065,35.45930658734954,3.35,392.8004493999654,1.0056585581372288,0.9521374035373824,0.04904592315872264,0.05634311245074808,0.2110440091211195,0.09183841251354002,GLD,391.69
2026-10-30,P,375.0,0.09714878517069381,35.45930658730324,3.55,392.8004493999654,1.0056585581372288,0.9546832254719744,0.04637569460284373,0.05430358997813389,0.20981973905530993,0.09443448712717738,GLD,391.69
2026-10-30,P,376.0,0.09714878517056698,35.45930658725695,3.775,392.8004493999654,1.0056585581372288,0.9572290474065663,0.043712577183359996,0.052327354938267234,0.20897674736376462,0.09707502250248265,GLD,391.69
2026-10-30,P,377.0,0.09714878517044014,35.45930658721065,4.025,392.8004493999654,1.0056585581372288,0.9597748693411582,0.04105653312524383,0.05041440733114777,0.2084750145898911,0.09972254105043427,GLD,391.69
2026-10-30,P,378.0,0.097148785170345,35.459306587175924,4.275,392.8004493999654,1.0056585581372288,0.9623206912757502,0.03840752495366687,0.048501459724028195,0.2076605978465934,0.10223509163977317,GLD,391.69
2026-10-30,P,379.0,0.09714878517021817,35.45930658712963,4.550000000000001,392.8004493999654,1.0056585581372288,0.9648665132103421,0.03576551549082818,0.046651799549655926,0.2071515168904221,0.10471432018710947,GLD,391.69
2026-10-30,P,380.0,0.09714878517009133,35.45930658708333,4.85,392.8004493999654,1.0056585581372288,0.9674123351449341,0.03313046785282304,0.04486542680803096,0.20691859435609614,0.10712882204796587,GLD,391.69
2026-10-30,P,381.0,0.09714878516996449,35.45930658703704,5.15,392.8004493999654,1.0056585581372288,0.9699581570795259,0.03050234544655361,0.043079054066405886,0.20635844928733382,0.10938173385785861,GLD,391.69
2026-10-30,P,382.0,0.09714878516986936,35.45930658700232,5.475,392.8004493999654,1.0056585581372288,0.9725039790141179,0.02788111196667936,0.04135596875752823,0.2060511456797321,0.11153872762488624,GLD,391.69
2026-10-30,P,383.0,0.09714878516974251,35.45930658695602,5.800000000000001,392.8004493999654,1.0056585581372288,0.9750498009487099,0.025266731392608523,0.03963288344865035,0.20541896280306288,0.11352792315535264,GLD,391.69
2026-10-30,P,384.0,0.09714878516961567,35.45930658690972,6.15,392.8004493999654,1.0056585581372288,0.9775956228833017,0.022659167985527737,0.03797308557251988,0.20502053452069746,0.11539412855486013,GLD,391.69
2026-10-30,P,385.0,0.09714878516948883,35.45930658686342,6.525,392.8004493999654,1.0056585581372288,0.9801414448178937,0.020058386285470336,0.03637657512913661,0.20483932356387113,0.11711671336277878,GLD,391.69
2026-10-30,P,386.0,0.09714878516936201,35.459306586817135,6.925,392.8004493999654,1.0056585581372288,0.9826872667524856,0.01746435110842367,0.034843352118500426,0.20486188937483302,0.11867816874063701,GLD,391.69
2026-10-30,P,387.0,0.09714878516920344,35.459306586759254,7.325,392.8004493999654,1.0056585581372288,0.9852330886870776,0.01487702754347269,0.03331012910786424,0.20455057863505086,0.12004775249815015,GLD,391.69
2026-10-30,P,388.0,0.09714878516910833,35.45930658672454,7.725,392.8004493999654,1.0056585581372288,0.9877789106216694,0.012296380949981136,0.031776906097228386,0.2039131972311818,0.12123035820278517,GLD,391.69
2026-10-30,P,389.0,0.09714878516898148,35.45930658667824,8.175,392.8004493999654,1.0056585581372288,0.9903247325562614,0.009722376954808253,0.03037025795208681,0.2039902591062263,0.1222420682183699,GLD,391.69
2026-10-30,P,390.0,0.09714878516885464,35.459306586631946,8.625,392.8004493999654,1.0056585581372288,0.9928705544908534,0.007154981449562402,0.028963609806945234,0.2037349610112261,0.12305503128458269,GLD,391.69
2026-10-30,P,391.0,0.09714878516872781,35.459306586585654,9.075,392.8004493999654,1.0056585581372288,0.9954163764254452,0.004594160587888823,0.027556961661803547,0.20315214686988886,0.12367171399075806,GLD,391.69
2026-10-30,P,392.0,0.09714878516863266,35.45930658655092,9.575,392.8004493999654,1.0056585581372288,0.9979621983600372,0.002039880782792024,0.026276888382156582,0.20326396166480562,0.12409171454282794,GLD,391.69
2026-10-30,C,393.0,0.09714878516856924,35.459306586527774,10.175,392.8004493999654,1.0056585581372288,1.000508020294629,-0.0005078912960065935,0.02575798512812752,0.20916949494328016,0.12430686644667072,GLD,391.69
2026-10-30,C,394.0,0.09714878516844241,35.45930658648148,9.725000000000001,392.8004493999654,1.0056585581372288,1.003053842229221,-0.0030491887246792055,0.024618811338677167,0.2097562657543502,0.12433302368371613,GLD,391.69
2026-10-30,C,395.0,0.09714878516828386,35.45930658642361,9.225000000000001,392.8004493999654,1.0056585581372288,1.005599664163813,-0.0055840443278672896,0.023353062683732325,0.20900782237765309,0.1241696488476278,GLD,391.69
2026-10-30,C,396.0,0.09714878516815703,35.459306586377316,8.8,392.8004493999654,1.0056585581372288,1.008145486098405,-0.008112490681225997,0.02227717632702921,0.20947314017903249,0.12382446076778034,GLD,391.69
2026-10-30,C,397.0,0.09714878516803019,35.45930658633102,8.375,392.8004493999654,1.0056585581372288,1.010691308032997,-0.010634560113935897,0.021201289970326092,0.20962709152749984,0.12329733915587092,GLD,391.69
2026-10-30,C,398.0,0.09714878516793506,35.45930658629629,7.975,392.8004493999654,1.0056585581372288,1.0132371299675889,-0.013150284711183218,0.02018869104637022,0.20998551681570327,0.12259862820872815,GLD,391.69
2026-10-30,C,399.0,0.09714878516780823,35.45930658625,7.575,392.8004493999654,1.0056585581372288,1.0157829519021808,-0.015659696316609,0.019176092122414345,0.21003693233185586,0.12172272599385305,GLD,391.69
2026-10-30,C,400.0,0.09714878516768138,35.4593065862037,7.15,392.8004493999654,1.0056585581372288,1.0183287738367726,-0.018162826534727346,0.01810020576571123,0.20925414911399973,0.1206429866840849,GLD,391.69
2026-10-30,C,401.0,0.09714878516755454,35.45930658615741,6.800000000000001,392.8004493999654,1.0056585581372288,1.0208745957713645,-0.020659706733314576,0.017214181707249844,0.20973558724899266,0.11945240094070847,GLD,391.69
2026-10-30,C,402.0,0.09714878516745942,35.459306586122686,6.475,392.8004493999654,1.0056585581372288,1.0234204177059565,-0.02315036804576648,0.016391445081535692,0.2104545823721194,0.11813413336732981,GLD,391.69
2026-10-30,C,403.0,0.09714878516733258,35.459306586076394,6.15,392.8004493999654,1.0056585581372288,1.0259662396405484,-0.025634841373428432,0.015568708455821548,0.2108845136870504,0.11666276008688128,GLD,391.69
2026-10-30,C,404.0,0.09714878516720574,35.459306586030095,5.825,392.8004493999654,1.0056585581372288,1.0285120615751404,-0.02811315738789555,0.014745971830107401,0.21102132218670344,0.11503411464509018,GLD,391.69
2026-10-30,C,405.0,0.09714878516704718,35.45930658597222,5.525,392.8004493999654,1.0056585581372288,1.0310578835097324,-0.030585346533284652,0.013986522637140496,0.21141742472128097,0.11330637210132263,GLD,391.69
2026-10-30,C,406.0,0.09714878516692034,35.45930658592592,5.25,392.8004493999654,1.0056585581372288,1.0336037054443243,-0.03305143902847818,0.013290360876920832,0.21209238148847287,0.11150326417838495,GLD,391.69
2026-10-30,C,407.0,0.09714878516682522,35.459306585891206,4.949999999999999,392.8004493999654,1.0056585581372288,1.036149527378916,-0.03551146486934034,0.012530911683953927,0.21191326275113126,0.10948010329742548,GLD,391.69
2026-10-30,C,408.0,0.09714878516669838,35.45930658584491,4.699999999999999,392.8004493999654,1.0056585581372288,1.038695349313508,-0.03796545383090709,0.011898037356481506,0.21260676672991077,0.1074877588414947,GLD,391.69
2026-10-30,C,409.0,0.09714878516657154,35.45930658579861,4.449999999999999,392.8004493999654,1.0056585581372288,1.0412411712481,-0.04041343546954716,0.011265163029009085,0.21303113471400814,0.10537150359306431,GLD,391.69
2026-10-30,C,410.0,0.09714878516644469,35.459306585752316,4.225,392.8004493999654,1.0056585581372288,1.043786993182692,-0.04285543912509893,0.010695576134283907,0.2137918263729621,0.10324739439331604,GLD,391.69
2026-10-30,C,411.0,0.09714878516631786,35.45930658570602,4.0,392.8004493999654,1.0056585581372288,1.046332815117284,-0.04529149392298008,0.01012598923955873,0.21429339143251294,0.10101247876812365,GLD,391.69
2026-10-30,C,412.0,0.09714878516622273,35.4593065856713,3.8,392.8004493999654,1.0056585581372288,1.048878637051876,-0.047721628776271896,0.009619689777580792,0.21516844865755463,0.09880944476733854,GLD,391.69
2026-10-30,C,413.0,0.09714878516609589,35.459306585625,3.575,392.8004493999654,1.0056585581372288,1.0514244589864679,-0.0501458723877783,0.009050102882855616,0.2151408413026453,0.0963472498149167,GLD,391.69
2026-10-30,C,414.0,0.09714878516596906,35.45930658557871,3.4,392.8004493999654,1.0056585581372288,1.0539702809210596,-0.05256425325205974,0.00860709085362492,0.2161711551051813,0.09410999471048004,GLD,391.69
2026-10-30,C,415.0,0.09714878516584222,35.45930658553241,3.225,392.8004493999654,1.0056585581372288,1.0565161028556516,-0.05497679965744368,0.008164078824394226,0.21697017022009188,0.09179322847761834,GLD,391.69
2026-10-30,C,416.0,0.09714878516571537,35.45930658548611,3.075,392.8004493999654,1.0056585581372288,1.0590619247902435,-0.057383539688008696,0.007784354227910774,0.2182371174525359,0.08959846558238313,GLD,391.69
2026-10-30,C,417.0,0.09714878516562024,35.45930658545139,2.89,392.8004493999654,1.0056585581372288,1.0616077467248355,-0.0597845012255469,0.007316027225581182,0.21827730922711724,0.08703244262581648,GLD,391.69
2026-10-30,C,418.0,0.09714878516549341,35.459306585405095,2.74,392.8004493999654,1.0056585581372288,1.0641535686594275,-0.062179711951501786,0.006936302629097731,0.21908857405784563,0.08469062100962378,GLD,391.69
2026-10-30,C,419.0,0.09714878516536657,35.459306585358796,2.5949999999999998,392.8004493999654,1.0056585581372288,1.0666993905940194,-0.06456919934888324,0.0065692355191637256,0.219825644138317,0.08232822395537949,GLD,391.69
2026-10-30,C,420.0,0.09714878516523973,35.4593065853125,2.46,392.8004493999654,1.0056585581372288,1.0692452125286114,-0.06695299070415953,0.006227483382328619,0.22065039018451105,0.08000361860934399,GLD,391.69
2026-10-30,C,421.0,0.0971487851651446,35.45930658527778,2.335,392.8004493999654,1.0056585581372288,1.0717910344632031,-0.06933111310912678,0.005911046218592409,0.22158081235112814,0.07773091917258539,GLD,391.69
2026-10-30,C,422.0,0.09714878516501775,35.45930658523148,2.2199999999999998,392.8004493999654,1.0056585581372288,1.074336856397795,-0.07170359346275719,0.005619924027955094,0.22263647721238203,0.07552454045141282,GLD,391.69
2026-10-30,C,423.0,0.09714878516489091,35.45930658518518,2.0949999999999998,392.8004493999654,1.0056585581372288,1.076882678332387,-0.07407045847302339,0.0053034868642188844,0.22314751566488783,0.07314318710274623,GLD,391.69
2026-10-30,C,424.0,0.09714878516476408,35.45930658513889,1.9899999999999998,392.8004493999654,1.0056585581372288,1.079428500266979,-0.0764317346587032,0.005037679646680468,0.22414239741537753,0.0709667158799558,GLD,391.69
2026-10-30,C,425.0,0.09714878516466895,35.459306585104166,1.885,392.8004493999654,1.0056585581372288,1.081974322201571,-0.0787874483511623,0.004771872429142052,0.22494164553767573,0.06874725054467419,GLD,391.69
2026-10-30,C,426.0,0.0971487851645104,35.4593065850463,1.795,392.8004493999654,1.0056585581372288,1.084520144136163,-0.08113762569611592,0.00454403767125198,0.22610591939702865,0.0667032317402724,GLD,391.69
2026-10-30,C,427.0,0.09714878516438356,35.459306585,1.71,392.8004493999654,1.0056585581372288,1.087065966070755,-0.08348229265537009,0.004328860399911357,0.22728822346678848,0.06470524378617219,GLD,391.69
2026-10-30,C,428.0,0.09714878516425672,35.4593065849537,1.615,392.8004493999654,1.0056585581372288,1.0896117880053466,-0.08582147500854215,0.004088368155471837,0.22789319241354572,0.06251731136588332,GLD,391.69
2026-10-30,C,429.0,0.09714878516412989,35.45930658490741,1.54,392.8004493999654,1.0056585581372288,1.0921576099399386,-0.08815519835476236,0.003898505857230111,0.22912606804154667,0.06062052073029917,GLD,391.69
2026-10-30,C,430.0,0.09714878516400305,35.45930658486111,1.46,392.8004493999654,1.0056585581372288,1.0947034318745306,-0.09048348811435353,0.0036959860724389364,0.22998032649232342,0.05861375357850917,GLD,391.69
2026-10-30,C,431.0,0.0971487851638762,35.45930658481482,1.405,392.8004493999654,1.0056585581372288,1.0972492538091225,-0.09280636953049323,0.003556753720395004,0.2317632744016664,0.057027654934318384,GLD,391.69
2026-10-30,C,432.0,0.09714878516378107,35.459306584780094,1.325,392.8004493999654,1.0056585581372288,1.0997950757437145,-0.09512386767085579,0.003354233935603829,0.2322777041857867,0.054970529270403454,GLD,391.69
2026-10-30,C,433.0,0.09714878516365423,35.459306584733795,1.275,392.8004493999654,1.0056585581372288,1.1023408976783065,-0.09743600742923535,0.003227659070109345,0.23401551575319265,0.05345673851670298,GLD,391.69
2026-10-30,C,434.0,0.0971487851635274,35.4593065846875,1.2149999999999999,392.8004493999654,1.0056585581372288,1.1048867196128984,-0.09974281352715039,0.003075769231515964,0.23514704798149236,0.051740895766370816,GLD,391.69
2026-10-30,C,435.0,0.09714878516340056,35.459306584641205,1.13,392.8004493999654,1.0056585581372288,1.1074325415474902,-0.10204431051542945,0.0028605919601753407,0.2348530916939796,0.049488773579428436,GLD,391.69
2026-10-30,C,440.0,0.09714878516327373,35.45930658459491,0.9299999999999999,392.8004493999654,1.0056585581372288,1.12016165122045,-0.11347300633905234,0.0023542924981974044,0.2429192440622609,0.04277886847214323,GLD,391.69
2026-10-30,C,445.0,0.09714878516317858,35.45930658456018,0.75,392.8004493999654,1.0056585581372288,1.1328907608934096,-0.12477256159298565,0.0018986229824172619,0.249391915467639,0.0364676065593064,GLD,391.69
2026-10-30,C,450.0,0.09714878516305174,35.45930658451388,0.605,392.8004493999654,1.0056585581372288,1.1456198705663692,-0.13594586219111082,0.001531555872483258,0.2555128359311964,0.030978995920818583,GLD,391.69
2026-10-30,C,455.0,0.09714878516292491,35.45930658446759,0.515,392.8004493999654,1.0056585581372288,1.158348980239329,-0.14699569837769594,0.0013037211145931866,0.26386793435474604,0.02707142938496577,GLD,391.69
2026-10-30,C,460.0,0.09714878516279807,35.45930658442129,0.435,392.8004493999654,1.0056585581372288,1.1710780899122886,-0.15792476890988616,0.0011012013298020119,0.27138542931683124,0.02353005838335321,GLD,391.69
2026-10-30,C,465.0,0.09714878516267123,35.459306584375,0.37,392.8004493999654,1.0056585581372288,1.1838071995852482,-0.16873568501410172,0.0009366540046591825,0.2788141725192424,0.020521252701353538,GLD,391.69
2026-10-30,C,470.0,0.0971487851625444,35.45930658432871,0.325,392.8004493999654,1.0056585581372288,1.196536309258208,-0.1794309741308498,0.0008227366257141469,0.2873006517123928,0.018252100333092172,GLD,391.69
2026-10-30,C,475.0,0.09714878516241757,35.45930658428241,0.28500000000000003,392.8004493999654,1.0056585581372288,1.2092654189311676,-0.1900130834613867,0.0007214767333185596,0.29531256236130765,0.01621995466242525,GLD,391.69
2026-10-30,C,480.0,0.09714878516229072,35.45930658423612,0.265,392.8004493999654,1.0056585581372288,1.2219945286041272,-0.20048438332868204,0.0006708467871207659,0.3055552522971469,0.014976056714998095,GLD,391.69
2026-10-30,C,485.0,0.09714878516219558,35.459306584201386,0.225,392.8004493999654,1.0056585581372288,1.2347236382770868,-0.21084717036422856,0.0005695868947251786,0.3114085720610136,0.013038116559872522,GLD,391.69
2026-10-30,C,490.0,0.09714878516206875,35.459306584155094,0.215,392.8004493999654,1.0056585581372288,1.2474527479500466,-0.2211036705314178,0.0005442719216262817,0.322140671832198,0.01227776505225724,GLD,391.69
2026-10-30,C,495.0,0.0971487851619419,35.459306584108795,0.19,392.8004493999654,1.0056585581372288,1.2601818576230062,-0.23125604199543576,0.0004809844888790397,0.3291142532605011,0.010981940491582706,GLD,391.69
2026-10-30,C,500.0,0.09714878516181506,35.459306584062496,0.19,392.8004493999654,1.0056585581372288,1.2729109672959658,-0.24130637784893713,0.0004809844888790397,0.3412644566784543,0.010686844778080554,GLD,391.69
2026-10-30,C,505.0,0.09714878516168822,35.4593065840162,0.16,392.8004493999654,1.0056585581372288,1.2856400769689256,-0.25125670870210537,0.0004050395695823492,0.3455041220816241,0.009257245493112257,GLD,391.69
2026-10-30,C,510.0,0.0971487851615931,35.45930658398148,0.16999999999999998,392.8004493999654,1.0056585581372288,1.2983691866418852,-0.2611090051451169,0.000430354542681246,0.35984221056530724,0.009413550262841712,GLD,391.69
2026-10-30,C,515.0,0.09714878516146626,35.45930658393518,0.13,392.8004493999654,1.0056585581372288,1.3110982963148448,-0.27086518009048155,0.00032909465028565875,0.35927528528471137,0.007625763679152659,GLD,391.69
2026-10-30,C,520.0,0.09714878516133942,35.45930658388889,0.15000000000000002,392.8004493999654,1.0056585581372288,1.3238274059878044,-0.2805270910022184,0.00037972459648345243,0.376780677958261,0.008236531562906676,GLD,391.69
2026-10-30,C,525.0,0.09714878516121257,35.45930658384259,0.14,392.8004493999654,1.0056585581372288,1.3365565156607642,-0.29009654201836926,0.0003544096233845556,0.3846031216813675,0.0076765559460454874,GLD,391.69
2026-10-30,C,530.0,0.09714878516108574,35.4593065837963,0.135,392.8004493999654,1.0056585581372288,1.3492856253337238,-0.29957528597291294,0.00034175213683510717,0.39371926652809586,0.007324866513308102,GLD,391.69
2026-10-30,C,535.0,0.09714878516099061,35.459306583761574,0.13,392.8004493999654,1.0056585581372288,1.3620147350066834,-0.30896502632275197,0.00032909465028565875,0.40257504773093006,0.006987168660176593,GLD,391.69
2026-10-30,C,540.0,0.09714878516086378,35.45930658371528,0.095,392.8004493999654,1.0056585581372288,1.3747438446796432,-0.31826741898506555,0.00024049224443951984,0.398630792931504,0.00547120322955988,GLD,391.69
2026-10-30,C,545.0,0.09714878516073694,35.45930658366898,0.09,392.8004493999654,1.0056585581372288,1.3874729543526028,-0.32748407408998953,0.00022783475789007142,0.4062808621631566,0.005159525953766502,GLD,391.69
2026-10-30,C,550.0,0.0971487851606101,35.459306583622684,0.095,392.8004493999654,1.0056585581372288,1.4002020640255624,-0.33661655765326204,0.00024049224443951984,0.41861649236005877,0.005266343321954475,GLD,391.69
2026-10-30,C,555.0,0.09714878516045156,35.45930658356482,0.095,392.8004493999654,1.0056585581372288,1.4129311736985222,-0.34566639317318004,0.00024049224443951984,0.42842528068402225,0.005172025448925722,GLD,391.69
2026-10-30,C,560.0,0.09714878516032471,35.45930658351852,0.095,392.8004493999654,1.0056585581372288,1.4256602833714818,-0.3546350631559404,0.00024049224443951984,0.4381158188972502,0.0050825364061420665,GLD,391.69
2026-11-06,P,375.0,0.11632686734982242,42.45930658268519,4.35,393.3828742204846,1.0062863105990336,0.9532697648393781,0.04785734629798899,0.057719085108857926,0.21423087973151078,0.10713044479848866,GLD,391.69
2026-11-06,P,379.0,0.11632686734969559,42.45930658263889,5.449999999999999,393.3828742204846,1.0062863105990336,0.9634379756643314,0.03724716718597349,0.050329663925987145,0.21253606286402826,0.11696203379575201,GLD,391.69
2026-11-06,P,380.0,0.11632686734956875,42.459306582592596,5.75,393.3828742204846,1.0062863105990336,0.9659800283705697,0.03461211954796842,0.04854546294031703,0.2120060487448184,0.11917786779520805,GLD,391.69
2026-11-06,P,381.0,0.11632686734947363,42.45930658255787,6.075,393.3828742204846,1.0062863105990336,0.9685220810768082,0.031983997141698826,0.04682441626469391,0.21174001187271185,0.12131909015324768,GLD,391.69
2026-11-06,P,382.0,0.11632686734934679,42.45930658251158,6.4,393.3828742204846,1.0062863105990336,0.9710641337830465,0.029362763661824647,0.04510336958907091,0.21120791568637307,0.12331442812038704,GLD,391.69
2026-11-06,P,383.0,0.11632686734921995,42.45930658246528,6.75,393.3828742204846,1.0062863105990336,0.9736061864892848,0.026748383087753874,0.04344547722349523,0.21092222368804406,0.1252102361556089,GLD,391.69
2026-11-06,P,384.0,0.1163268673490931,42.45930658241898,7.125,393.3828742204846,1.0062863105990336,0.9761482391955232,0.02414081968067293,0.04185073916796678,0.2108682277626104,0.12698767219837587,GLD,391.69
2026-11-06,P,385.0,0.11632686734899797,42.45930658238426,7.5,393.3828742204846,1.0062863105990336,0.9786902919017615,0.021540037980615597,0.04025600111243843,0.21054271450470743,0.12860400357783222,GLD,391.69
2026-11-06,P,386.0,0.11632686734887113,42.45930658233796,7.9,393.3828742204846,1.0062863105990336,0.9812323446079998,0.018946002803568996,0.03872441736695764,0.21043817064848522,0.1300845158590963,GLD,391.69
2026-11-06,P,387.0,0.11632686734874428,42.45930658229167,8.3,393.3828742204846,1.0062863105990336,0.9837743973142381,0.016358679238618085,0.03719283362147663,0.21006447661214686,0.13140100268212804,GLD,391.69
2026-11-06,P,388.0,0.11632686734864917,42.45930658225694,8.75,393.3828742204846,1.0062863105990336,0.9863164500204765,0.013778032645126373,0.035787558496090166,0.2103797670309308,0.132578242025984,GLD,391.69
2026-11-06,P,389.0,0.11632686734852232,42.45930658221065,9.2,393.3828742204846,1.0062863105990336,0.9888585027267148,0.011204028649953556,0.034382283370703814,0.21042056364486023,0.13358116494105482,GLD,391.69
2026-11-06,P,390.0,0.11632686734839548,42.45930658216435,9.65,393.3828742204846,1.0062863105990336,0.9914005554329531,0.008636633144707773,0.03297700824531746,0.21019252553855153,0.13441386697939892,GLD,391.69
2026-11-06,P,391.0,0.11632686734826864,42.45930658211805,10.125,393.3828742204846,1.0062863105990336,0.9939426081391916,0.006075812283034036,0.03163488742997855,0.21016701850372602,0.13508020030767967,GLD,391.69
2026-11-06,P,392.0,0.11632686734814181,42.45930658207176,10.6,393.3828742204846,1.0062863105990336,0.9964846608454299,0.0035215324779373034,0.030292766614639532,0.20987518812023578,0.13557564467397976,GLD,391.69
2026-11-06,P,393.0,0.11632686734801496,42.45930658202546,11.15,393.3828742204846,1.0062863105990336,0.9990267135516682,0.0009737603991386408,0.029140108729442504,0.21071336365347942,0.1358996631282437,GLD,391.69
2026-11-06,C,394.0,0.11632686734798325,42.45930658201389,11.05,393.3828742204846,1.0062863105990336,1.0015687662579065,-0.0015675370295339054,0.027914205040921333,0.2107464176620654,0.13605256048470563,GLD,391.69
2026-11-06,C,395.0,0.11632686734785642,42.459306581967596,10.575,393.3828742204846,1.0062863105990336,1.0041108189641448,-0.004102392632721924,0.026714273150021995,0.21070758674720108,0.13603571152859278,GLD,391.69
2026-11-06,C,396.0,0.11632686734772958,42.4593065819213,10.100000000000001,393.3828742204846,1.0062863105990336,1.0066528716703833,-0.006630838986080787,0.025514341259122667,0.21040688154917478,0.1358490033679227,GLD,391.69
2026-11-06,C,397.0,0.11632686734760274,42.459306581875,9.7,393.3828742204846,1.0062863105990336,1.0091949243766216,-0.00915290841879062,0.02450387229836533,0.21124205718161249,0.13550373588785433,GLD,391.69
2026-11-06,C,398.0,0.1163268673474759,42.4593065818287,9.275,393.3828742204846,1.0062863105990336,1.01173697708286,-0.011668633016037877,0.023430249027560666,0.21135555356525426,0.1349932728384531,GLD,391.69
2026-11-06,C,399.0,0.11632686734738078,42.45930658179398,8.85,393.3828742204846,1.0062863105990336,1.0142790297890982,-0.014178044621463595,0.022356625756755996,0.21121201990276373,0.1343184470682555,GLD,391.69
2026-11-06,C,400.0,0.11632686734725393,42.45930658174768,8.475,393.3828742204846,1.0062863105990336,1.0168210824953365,-0.01668117483958209,0.021409311106046,0.21175582025421003,0.13350736681358089,GLD,391.69
2026-11-06,C,401.0,0.11632686734712709,42.45930658170139,8.1,393.3828742204846,1.0062863105990336,1.0193631352015748,-0.019178055038169255,0.020461996455335998,0.2120513922658966,0.13254456265710285,GLD,391.69
2026-11-06,C,402.0,0.11632686734700026,42.4593065816551,7.725,393.3828742204846,1.0062863105990336,1.0219051879078134,-0.021668716350621314,0.019514681804625997,0.21209742112485178,0.1314279310235432,GLD,391.69
2026-11-06,C,403.0,0.11632686734687342,42.4593065816088,7.4,393.3828742204846,1.0062863105990336,1.0244472406140517,-0.024153189678283202,0.018693675774010664,0.2128612819947794,0.13021905342833437,GLD,391.69
2026-11-06,C,404.0,0.11632686734677827,42.45930658157407,7.025,393.3828742204846,1.0062863105990336,1.02698929332029,-0.026631505692750256,0.017746361123300667,0.21240886186233515,0.12879649509455732,GLD,391.69
2026-11-06,C,405.0,0.11632686734665144,42.45930658152778,6.725,393.3828742204846,1.0062863105990336,1.0295313460265283,-0.029103694838139293,0.016988509402732666,0.21318351352042916,0.12734800863242063,GLD,391.69
2026-11-06,C,406.0,0.11632686734652462,42.459306581481485,6.4,393.3828742204846,1.0062863105990336,1.0320733987327666,-0.03156978733333276,0.016167503372117333,0.21322596625257614,0.1257181819276659,GLD,391.69
2026-11-06,C,407.0,0.11632686734642947,42.459306581446754,6.1,393.3828742204846,1.0062863105990336,1.034615451439005,-0.034029813174195074,0.015409651651549332,0.2135309511921225,0.1240056379886718,GLD,391.69
2026-11-06,C,410.0,0.11632686734630264,42.45930658140046,5.300000000000001,393.3828742204846,1.0062863105990336,1.04224160955772,-0.041373787429953686,0.013388713730034668,0.2151310520180266,0.11841294431344855,GLD,391.69
2026-11-20,P,275.0,0.1546830317280251,56.45930658072916,0.15000000000000002,393.4756094339977,1.005844278271161,0.698899737128761,0.3582479846205138,0.30147926591044627,0.3848088189116324,0.007941081925326696,GLD,391.69
2026-11-20,P,280.0,0.15468303172789827,56.45930658068287,0.16999999999999998,393.4756094339977,1.005844278271161,0.7116070050765566,0.3402294791178355,0.2888225317012114,0.3732470285975425,0.00899788818528738,GLD,391.69
2026-11-20,P,285.0,0.15468303172777143,56.45930658063657,0.195,393.4756094339977,1.005844278271161,0.7243142730243523,0.3225299020184346,0.276178430926617,0.36228610317740395,0.010277067262137634,GLD,391.69
2026-11-20,P,290.0,0.15468303172764458,56.45930658059027,0.215,393.4756094339977,1.005844278271161,0.7370215409721479,0.30513815930656546,0.26352169671738235,0.3494444128206254,0.011427210404049835,GLD,391.69
2026-11-20,P,295.0,0.15468303172754946,56.459306580555555,0.25,393.4756094339977,1.005844278271161,0.7497288089199435,0.28804372594726535,0.2509028628120683,0.3391352832338595,0.013164782979600472,GLD,391.69
2026-11-20,P,300.0,0.15468303172742262,56.459306580509256,0.28500000000000003,393.4756094339977,1.005844278271161,0.7624360768677392,0.27123660763088414,0.23828402890675426,0.32785891909057796,0.014963311892347201,GLD,391.69
2026-11-20,P,305.0,0.15468303172729578,56.45930658046296,0.32499999999999996,393.4756094339977,1.005844278271161,0.7751433448155348,0.2547073056796736,0.22567782843608064,0.31655587266759005,0.01700700517910135,GLD,391.69
2026-11-20,P,310.0,0.15468303172716896,56.45930658041667,0.375,393.4756094339977,1.005844278271161,0.7878506127633305,0.2384467848078933,0.2130968948346874,0.3057627453377444,0.01946832744340914,GLD,391.69
2026-11-20,P,315.0,0.15468303172704212,56.459306580370374,0.435,393.4756094339977,1.005844278271161,0.8005578807111262,0.22244644346145204,0.20054122810257446,0.295154647450615,0.022347036516931353,GLD,391.69
2026-11-20,P,320.0,0.15468303172688355,56.45930658031249,0.51,393.4756094339977,1.005844278271161,0.8132651486589219,0.20669808649331287,0.18802346167438244,0.2849825041661783,0.02579701684120234,GLD,391.69
2026-11-20,P,325.0,0.1546830317267567,56.4593065802662,0.595,393.4756094339977,1.005844278271161,0.8259724166067175,0.19119389995734765,0.1755309621154708,0.2744556520499164,0.029663185838750404,GLD,391.69
2026-11-20,P,330.0,0.1546830317266616,56.459306580231484,0.7250000000000001,393.4756094339977,1.005844278271161,0.8386796845545131,0.17592642782655923,0.1631521634683214,0.26604579095596037,0.03491297455226608,GLD,391.69
2026-11-20,P,335.0,0.15468303172653475,56.459306580185185,0.86,393.4756094339977,1.005844278271161,0.8513869525023088,0.16088855046201872,0.15078599825581218,0.2561314815842175,0.04038667567303552,GLD,391.69
2026-11-20,P,340.0,0.1546830317264079,56.459306580138886,1.0699999999999998,393.4756094339977,1.005844278271161,0.8640942204501044,0.1460734646768781,0.13860933456290636,0.24871706754878128,0.04777184915001445,GLD,391.69
2026-11-20,P,345.0,0.1546830317263128,56.45930658010417,1.2850000000000001,393.4756094339977,1.005844278271161,0.8768014883979001,0.13147466525572543,0.12644530430464096,0.239227856946136,0.055283456592643804,GLD,391.69
2026-11-20,P,350.0,0.15468303172618594,56.45930658005787,1.62,393.4756094339977,1.005844278271161,0.8895087563456957,0.11708592780362582,0.11458447647774117,0.2325557776586873,0.06514821706838818,GLD,391.69
2026-11-20,P,351.0,0.1546830317260591,56.45930658001157,1.705,393.4756094339977,1.005844278271161,0.8920502099352549,0.11423285882121936,0.11225779127706625,0.23154261164856704,0.06740407745732191,GLD,391.69
2026-11-20,P,352.0,0.15468303172593226,56.45930657996527,1.775,393.4756094339977,1.005844278271161,0.894591663524814,0.11138790668898806,0.1098932057724703,0.22983792961098126,0.0693874573334524,GLD,391.69
2026-11-20,P,353.0,0.15468303172583714,56.459306579930555,1.875,393.4756094339977,1.005844278271161,0.8971331171143732,0.10855102535378836,0.10760442087571598,0.22908554042983537,0.07184898827263544,GLD,391.69
2026-11-20,P,354.0,0.15468303172564687,56.45930657986111,1.9649999999999999,393.4756094339977,1.005844278271161,0.8996745707039323,0.10572216915331065,0.10529036910968104,0.22782735491243625,0.07412121323039861,GLD,391.69
2026-11-20,P,355.0,0.15468303172555176,56.45930657982639,2.06,393.4756094339977,1.005844278271161,0.9022160242934913,0.1029012928116694,0.10298895077828663,0.226599701620225,0.07644776309694369,GLD,391.69
2026-11-20,P,356.0,0.1546830317254249,56.45930657978009,2.165,393.4756094339977,1.005844278271161,0.9047574778830505,0.10008835143505472,0.10071279931617227,0.22555462647145752,0.0788944789658593,GLD,391.69
2026-11-20,P,357.0,0.15468303172529807,56.4593065797338,2.2750000000000004,393.4756094339977,1.005844278271161,0.9072989314726096,0.09728330050744609,0.09844928128869834,0.22451480261576495,0.08137892158818867,GLD,391.69
2026-11-20,P,358.0,0.15468303172517123,56.4593065796875,2.385,393.4756094339977,1.005844278271161,0.9098403850621688,0.09448609588638483,0.09618576326122463,0.22332342032890926,0.08383069522317552,GLD,391.69
2026-11-20,P,359.0,0.15468303172504438,56.4593065796412,2.51,393.4756094339977,1.005844278271161,0.912381838651728,0.09169669379880624,0.09396014553767129,0.22242680653598892,0.08644072379818468,GLD,391.69
2026-11-20,P,360.0,0.15468303172494927,56.45930657960648,2.625,393.4756094339977,1.005844278271161,0.914923292241287,0.08891505083692954,0.09170926094483767,0.22108387192510623,0.08888928477069452,GLD,391.69
2026-11-20,P,361.0,0.15468303172482242,56.459306579560185,2.775,393.4756094339977,1.005844278271161,0.9174647458308461,0.08614112395420427,0.08954681039448575,0.22056847454007605,0.09170714840953374,GLD,391.69
2026-11-20,P,362.0,0.15468303172469558,56.459306579513886,2.92,393.4756094339977,1.005844278271161,0.9200061994204053,0.08337487046131412,0.08737172640949342,0.219732987376899,0.09440818217406192,GLD,391.69
2026-11-20,P,363.0,0.15468303172456874,56.45930657946759,3.075,393.4756094339977,1.005844278271161,0.9225476530099644,0.08061624802223437,0.0852219092937817,0.2189888555292046,0.097157944168535,GLD,391.69
2026-11-20,P,364.0,0.15468303172447362,56.45930657943287,3.2249999999999996,393.4756094339977,1.005844278271161,0.9250891065995236,0.07786521465034447,0.08305945874342957,0.21794341832263053,0.09980112279536046,GLD,391.69
2026-11-20,P,365.0,0.15468303172431505,56.459306579374996,3.4,393.4756094339977,1.005844278271161,0.9276305601890827,0.0751217287045936,0.08096017536627886,0.21735413775678458,0.10262006746705339,GLD,391.69
2026-11-20,P,366.0,0.1546830317241882,56.4593065793287,3.575,393.4756094339977,1.005844278271161,0.9301720137786418,0.07238574888571896,0.07886089198912805,0.21658017831736434,0.10536752036827678,GLD,391.69
2026-11-20,P,367.0,0.1546830317240614,56.459306579282405,3.75,393.4756094339977,1.005844278271161,0.9327134673682009,0.06965723423251491,0.07676160861197734,0.2156302263372747,0.10804866523813782,GLD,391.69
2026-11-20,P,368.0,0.15468303172393455,56.45930657923611,3.95,393.4756094339977,1.005844278271161,0.9352549209577601,0.06693614411815424,0.07472549240802762,0.21508201890652917,0.11085203490454372,GLD,391.69
2026-11-20,P,369.0,0.1546830317238077,56.459306579189814,4.15,393.4756094339977,1.005844278271161,0.9377963745473192,0.06422243824655796,0.0726893762040779,0.2143450314598458,0.11357281538148914,GLD,391.69
2026-11-20,P,370.0,0.1546830317237126,56.4593065791551,4.375,393.4756094339977,1.005844278271161,0.9403378281368784,0.06151607664881499,0.0707164271733296,0.21397057113302734,0.11637403515864822,GLD,391.69
2026-11-20,P,371.0,0.15468303172358575,56.4593065791088,4.6,393.4756094339977,1.005844278271161,0.9428792817264374,0.05881701967965008,0.0687434781425812,0.21339830587964762,0.11907846259990912,GLD,391.69
2026-11-20,P,372.0,0.1546830317234589,56.4593065790625,4.85,393.4756094339977,1.005844278271161,0.9454207353159966,0.05612522801393864,0.06683369628503388,0.21315548095942052,0.12182462713252097,GLD,391.69
2026-11-20,P,373.0,0.15468303172333206,56.4593065790162,5.1,393.4756094339977,1.005844278271161,0.9479621889055557,0.05344066264326963,0.06492391442748657,0.21270890520536576,0.12446198593456105,GLD,391.69
2026-11-20,P,374.0,0.15468303172323694,56.45930657898148,5.35,393.4756094339977,1.005844278271161,0.9505036424951149,0.05076328487255322,0.06301413256993926,0.21206699731957487,0.12699656614090293,GLD,391.69
2026-11-20,P,375.0,0.1546830317231101,56.459306578935184,5.625,393.4756094339977,1.005844278271161,0.953045096084674,0.04809305631667432,0.06116751788559316,0.2117246824372968,0.12953263877004598,GLD,391.69
2026-11-20,P,376.0,0.15468303172298326,56.459306578888885,5.9,393.4756094339977,1.005844278271161,0.9555865496742332,0.045429938897190596,0.05932090320124728,0.21118240597250537,0.13195527683579997,GLD,391.69
2026-11-20,P,377.0,0.1546830317228564,56.45930657884259,6.199999999999999,393.4756094339977,1.005844278271161,0.9581280032637922,0.04277389483907445,0.05753745569010249,0.21091734914441768,0.1343488285344193,GLD,391.69
2026-11-20,P,378.0,0.15468303172272957,56.459306578796294,6.5,393.4756094339977,1.005844278271161,0.9606694568533514,0.0401248866674975,0.05575400817895759,0.2104494559627256,0.13662002593441167,GLD,391.69
2026-11-20,P,379.0,0.15468303172263445,56.45930657876158,6.825,393.4756094339977,1.005844278271161,0.9632109104429105,0.03748287720465882,0.05403372784101368,0.21024026868062742,0.13883510037469735,GLD,391.69
2026-11-20,P,380.0,0.1546830317225076,56.45930657871528,7.15,393.4756094339977,1.005844278271161,0.9657523640324697,0.03484782956665369,0.05231344750306999,0.20982667125915502,0.14092044868690212,GLD,391.69
2026-11-20,P,381.0,0.15468303172238076,56.45930657866898,7.5,393.4756094339977,1.005844278271161,0.9682938176220288,0.032219707160384164,0.0506563343383275,0.2096566031028343,0.1429261638913921,GLD,391.69
2026-11-20,P,382.0,0.15468303172225392,56.45930657862268,7.875,393.4756094339977,1.005844278271161,0.9708352712115879,0.029598473680510037,0.049062388346786334,0.20971767137884403,0.1448345189599573,GLD,391.69
2026-11-20,P,383.0,0.15468303172212708,56.45930657857638,8.225,393.4756094339977,1.005844278271161,0.973376724801147,0.02698409310643921,0.04740527518204385,0.20913759287978517,0.14656638073778527,GLD,391.69
2026-11-20,P,384.0,0.15468303172203196,56.459306578541664,8.6,393.4756094339977,1.005844278271161,0.9759181783907062,0.024376529699358322,0.04581132919050257,0.20878864160687607,0.14819599513844423,GLD,391.69
2026-11-20,P,385.0,0.15468303172190512,56.459306578495365,9.025,393.4756094339977,1.005844278271161,0.9784596319802653,0.021775747999300935,0.04434371754536348,0.20908303919769416,0.14972990987917156,GLD,391.69
2026-11-20,P,386.0,0.15468303172177827,56.45930657844907,9.425,393.4756094339977,1.005844278271161,0.9810010855698245,0.01918171282225428,0.04281293872702341,0.2087470552872252,0.1510938402415005,GLD,391.69
2026-11-20,P,387.0,0.15468303172165146,56.45930657840278,9.85,393.4756094339977,1.005844278271161,0.9835425391593836,0.01659438925730331,0.04134532708188432,0.20862534560722684,0.15232834043944882,GLD,391.69
2026-11-20,P,388.0,0.1546830317215563,56.45930657836806,10.275,393.4756094339977,1.005844278271161,0.9860839927489427,0.01401374266381177,0.039877715436745564,0.20830006671103315,0.15341580382497036,GLD,391.69
2026-11-20,P,389.0,0.1546830317214295,56.459306578321765,10.725,393.4756094339977,1.005844278271161,0.9886254463385018,0.011439738668638897,0.038473270964807904,0.20818341987613173,0.1543634484010522,GLD,391.69
2026-11-20,P,390.0,0.15468303172130266,56.459306578275466,11.2,393.4756094339977,1.005844278271161,0.991166899928061,0.008872343163393059,0.03713199366607123,0.20827104657814477,0.15516471105946691,GLD,391.69
2026-11-20,P,391.0,0.1546830317211758,56.459306578229175,11.675,393.4756094339977,1.005844278271161,0.9937083535176201,0.0063115223017193795,0.03579071636733455,0.20815464552422946,0.15581396792648786,GLD,391.69
2026-11-20,P,392.0,0.1546830317210807,56.45930657819445,12.175,393.4756094339977,1.005844278271161,0.9962498071071793,0.003757242496622592,0.034512606241799304,0.2082407215326214,0.1563127436645296,GLD,391.69
2026-11-20,P,393.0,0.15468303172095385,56.45930657814816,12.675,393.4756094339977,1.005844278271161,0.9987912606967384,0.001209470417823875,0.033234496116263834,0.208124764809145,0.15665982156432995,GLD,391.69
2026-11-20,C,394.0,0.1546830317208904,56.459306578124995,13.2,393.4756094339977,1.005844278271161,1.0013327142862976,-0.0013318270108487254,0.033352267450227215,0.21670777730564053,0.15684592148537216,GLD,391.69
2026-11-20,C,395.0,0.15468303172076356,56.459306578078696,12.725,393.4756094339977,1.005844278271161,1.0038741678758567,-0.0038666826140367977,0.03215209115940464,0.21668537520791775,0.15690245834752756,GLD,391.69
2026-11-20,C,396.0,0.15468303172063672,56.459306578032404,12.25,393.4756094339977,1.005844278271161,1.0064156214654156,-0.006395128967395273,0.03095191486858207,0.21647166257555467,0.15681997850548604,GLD,391.69
2026-11-20,C,397.0,0.1546830317205416,56.45930657799768,11.825,393.4756094339977,1.005844278271161,1.0089570750549748,-0.00891719840010516,0.029878072924161878,0.21687356845273284,0.1566027834547114,GLD,391.69
2026-11-20,C,398.0,0.15468303172041475,56.45930657795139,11.425,393.4756094339977,1.005844278271161,1.011498528644534,-0.011432922997352473,0.028867398152942873,0.2174916525352975,0.15625633358542146,GLD,391.69
2026-11-20,C,399.0,0.1546830317202879,56.45930657790509,10.975,393.4756094339977,1.005844278271161,1.014039982234093,-0.013942334602778245,0.02773038903532149,0.2171137938551769,0.15576649705458556,GLD,391.69
2026-11-20,C,400.0,0.1546830317201611,56.4593065778588,10.55,393.4756094339977,1.005844278271161,1.0165814358236522,-0.016445464820896795,0.026656547090901296,0.21695261358989812,0.15514613080353684,GLD,391.69
2026-11-20,C,401.0,0.15468303172003425,56.459306577812505,10.175,393.4756094339977,1.005844278271161,1.0191228894132114,-0.018942345019484014,0.02570903949288348,0.21742108329968385,0.15441595751141562,GLD,391.69
2026-11-20,C,402.0,0.1546830317199074,56.459306577766206,9.825,393.4756094339977,1.005844278271161,1.0216643430027705,-0.021433006331935907,0.024824699068066846,0.2181198115887309,0.15357884047505718,GLD,391.69
2026-11-20,C,403.0,0.1546830317198123,56.45930657773149,9.425,393.4756094339977,1.005844278271161,1.0242057965923297,-0.023917479659597847,0.02381402429684784,0.21781443688460464,0.15258085685425396,GLD,391.69
2026-11-20,C,404.0,0.15468303171965372,56.45930657767361,9.075,393.4756094339977,1.005844278271161,1.0267472501818888,-0.026395795674064956,0.022929683872031207,0.21815475570462797,0.15149965687202482,GLD,391.69
2026-11-20,C,405.0,0.15468303171952688,56.45930657762731,8.675,393.4756094339977,1.005844278271161,1.029288703771448,-0.028867984819454046,0.021919009100812206,0.21747652714861454,0.15023371310934316,GLD,391.69
2026-11-20,C,406.0,0.15468303171940004,56.45930657758102,8.4,393.4756094339977,1.005844278271161,1.0318301573610071,-0.03133407731464757,0.021224170195599138,0.21872436293517875,0.14901269241971726,GLD,391.69
2026-11-20,C,407.0,0.1546830317192732,56.45930657753472,8.075,393.4756094339977,1.005844278271161,1.034371610950566,-0.033794103155509715,0.02040299694398369,0.21895792538250441,0.1476136982900329,GLD,391.69
2026-11-20,C,408.0,0.15468303171914635,56.45930657748842,7.775,393.4756094339977,1.005844278271161,1.0369130645401252,-0.03624809211707645,0.01964499086556944,0.21944836770145848,0.14614923866622948,GLD,391.69
2026-11-20,C,409.0,0.15468303171898784,56.45930657743056,7.475,393.4756094339977,1.005844278271161,1.0394545181296844,-0.038696073755716515,0.018886984787155184,0.21977034900446396,0.14457950395674812,GLD,391.69
2026-11-20,C,410.0,0.154683031718861,56.45930657738426,7.175,393.4756094339977,1.005844278271161,1.0419959717192435,-0.04113807741126827,0.018128978708740928,0.2199217942159997,0.14290181714158678,GLD,391.69
2026-11-20,C,411.0,0.15468303171873415,56.45930657733797,6.875,393.4756094339977,1.005844278271161,1.0445374253088027,-0.043574132209149415,0.017370972630326675,0.21989988820659193,0.14111269677231483,GLD,391.69
2026-11-20,C,412.0,0.1546830317186073,56.45930657729167,6.625,393.4756094339977,1.005844278271161,1.0470788788983618,-0.04600426706244121,0.016739300898314796,0.2206080097222285,0.13936871227635847,GLD,391.69
2026-11-20,C,413.0,0.15468303171848047,56.45930657724537,6.35,393.4756094339977,1.005844278271161,1.049620332487921,-0.0484285106739476,0.016044461993101725,0.22070069200736311,0.13745000536737273,GLD,391.69
2026-11-20,C,414.0,0.15468303171838535,56.459306577210654,6.1,393.4756094339977,1.005844278271161,1.0521617860774801,-0.050846891538229244,0.015412790261089849,0.22108805801850223,0.13552203456981918,GLD,391.69
2026-11-20,C,415.0,0.1546830317182585,56.459306577164355,5.875,393.4756094339977,1.005844278271161,1.0547032396670393,-0.05325943794361318,0.014844285702279157,0.22178681951448687,0.13360737036605766,GLD,391.69
2026-11-20,C,416.0,0.15468303171813166,56.459306577118056,5.625,393.4756094339977,1.005844278271161,1.0572446932565984,-0.05566617797417818,0.014212613970267279,0.2218550278352586,0.13149991263220126,GLD,391.69
2026-11-20,C,417.0,0.15468303171800482,56.45930657707176,5.4,393.4756094339977,1.005844278271161,1.0597861468461576,-0.05806713951171637,0.013644109411456587,0.22224259630231905,0.12941724367925742,GLD,391.69
2026-11-20,C,418.0,0.15468303171784628,56.45930657701389,5.199999999999999,393.4756094339977,1.005844278271161,1.0623276004357167,-0.06046235023767125,0.013138772025847081,0.22296931592384392,0.1273845029047144,GLD,391.69
2026-11-20,C,419.0,0.15468303171771944,56.45930657696759,5.0,393.4756094339977,1.005844278271161,1.0648690540252757,-0.06285183763505248,0.01263343464023758,0.22355221573405407,0.125283513087485,GLD,391.69
2026-11-20,C,420.0,0.1546830317175926,56.4593065769213,4.800000000000001,393.4756094339977,1.005844278271161,1.0674105076148348,-0.06523562899032875,0.01212809725462808,0.2239883268981852,0.12311135343231472,GLD,391.69
2026-11-20,C,421.0,0.15468303171746575,56.459306576875,4.6,393.4756094339977,1.005844278271161,1.069951961204394,-0.0676137513952962,0.011622759869018574,0.22427405474333856,0.12086459894064407,GLD,391.69
2026-11-20,C,422.0,0.15468303171737063,56.459306576840284,4.4,393.4756094339977,1.005844278271161,1.072493414793953,-0.06998623174892661,0.011117422483409072,0.22440510625034846,0.11853926814510343,GLD,391.69
2026-11-20,C,423.0,0.1546830317172438,56.459306576793985,4.25,393.4756094339977,1.005844278271161,1.0750348683835123,-0.0723530967591928,0.010738419444201943,0.22546250690192063,0.11650542191327194,GLD,391.69
2026-11-20,C,424.0,0.15468303171711695,56.459306576747686,4.050000000000001,393.4756094339977,1.005844278271161,1.0775763219730714,-0.0747143729448726,0.010233082058592443,0.22529175699798887,0.11403432345892282,GLD,391.69
2026-11-20,C,425.0,0.1546830317169901,56.45930657670139,3.9,393.4756094339977,1.005844278271161,1.0801177755626306,-0.07707008663733168,0.009854079019385313,0.22608144541905828,0.11189234345936845,GLD,391.69
2026-11-20,C,426.0,0.15468303171686326,56.45930657665509,3.75,393.4756094339977,1.005844278271161,1.0826592291521897,-0.0794202639822853,0.009475075980178186,0.22674262558952532,0.10970234502068961,GLD,391.69
2026-11-20,C,427.0,0.15468303171676814,56.45930657662037,3.6,393.4756094339977,1.005844278271161,1.0852006827417489,-0.08176493094153944,0.009096072940971058,0.2272719475273506,0.10746153270702886,GLD,391.69
2026-11-20,C,428.0,0.1546830317166413,56.45930657657407,3.45,393.4756094339977,1.005844278271161,1.087742136331308,-0.08410411329471171,0.008717069901763932,0.2276654894779482,0.10516675143100557,GLD,391.69
2026-11-20,C,429.0,0.15468303171651446,56.45930657652778,3.3,393.4756094339977,1.005844278271161,1.0902835899208672,-0.08643783664093191,0.008338066862556804,0.22791868311574512,0.10281444211321045,GLD,391.69
2026-11-20,C,430.0,0.15468303171638761,56.45930657648148,3.2,393.4756094339977,1.005844278271161,1.092825043510426,-0.08876612640052285,0.008085398169752052,0.22928116051597877,0.10093779173796208,GLD,391.69
2026-11-20,C,431.0,0.1546830317162608,56.45930657643519,3.0700000000000003,393.4756094339977,1.005844278271161,1.0953664970999852,-0.09108900781666256,0.0077569288691058755,0.22978090968416706,0.0987103262974101,GLD,391.69
2026-11-20,C,432.0,0.15468303171616565,56.459306576400465,2.965,393.4756094339977,1.005844278271161,1.0979079506895444,-0.0934065059570251,0.007491626741660885,0.2308038509927101,0.09672649113732362,GLD,391.69
2026-11-20,C,433.0,0.1546830317160388,56.459306576354166,2.8200000000000003,393.4756094339977,1.005844278271161,1.1004494042791035,-0.09571864571540464,0.007125257137093996,0.23065127249383224,0.09423341642955228,GLD,391.69
2026-11-20,C,434.0,0.154683031715912,56.45930657630788,2.71,393.4756094339977,1.005844278271161,1.1029908578686627,-0.09802545181331968,0.006847321575008769,0.23129927052499263,0.09211463848610088,GLD,391.69
2026-11-20,C,435.0,0.15468303171578515,56.45930657626158,2.615,393.4756094339977,1.005844278271161,1.1055323114582218,-0.10032694880159893,0.006607286316844255,0.2322487271650692,0.09015733270188146,GLD,391.69
2026-11-20,C,436.0,0.1546830317156583,56.45930657621528,2.505,393.4756094339977,1.005844278271161,1.108073765047781,-0.10262316106194917,0.006329350754759028,0.23266413046851728,0.08797260163249566,GLD,391.69
2026-11-20,C,437.0,0.1546830317155632,56.459306576180566,2.41,393.4756094339977,1.005844278271161,1.1106152186373401,-0.10491411280850503,0.006089315496594514,0.23339309007200792,0.08595918377118504,GLD,391.69
2026-11-20,C,438.0,0.15468303171543635,56.45930657613427,2.325,393.4756094339977,1.005844278271161,1.1131566722268993,-0.10719982808936102,0.005874547107710476,0.23431212855831318,0.08406378755095713,GLD,391.69
2026-11-20,C,439.0,0.1546830317153095,56.45930657608797,2.235,393.4756094339977,1.005844278271161,1.1156981258164584,-0.10948033078808626,0.005647145284186198,0.23497723051215597,0.08207277736668019,GLD,391.69
2026-11-20,C,440.0,0.15468303171518266,56.45930657604167,2.1550000000000002,393.4756094339977,1.005844278271161,1.1182395794060176,-0.11175564462522178,0.005445010329942398,0.2358468789191865,0.08021004701333471,GLD,391.69
2026-11-20,C,441.0,0.15468303171505582,56.45930657599537,2.075,393.4756094339977,1.005844278271161,1.1207810329955765,-0.11402579315976073,0.0052428753756985965,0.23661735201014436,0.07832787491590093,GLD,391.69
2026-11-20,C,442.0,0.15468303171496067,56.459306575960646,1.995,393.4756094339977,1.005844278271161,1.1233224865851357,-0.1162907997906129,0.005040740421454795,0.23728536933393313,0.0764243748111231,GLD,391.69
2026-11-20,C,443.0,0.1546830317147704,56.4593065758912,1.9,393.4756094339977,1.005844278271161,1.1258639401746948,-0.11855068775805042,0.00480070516329028,0.23733758882503386,0.07424110252529456,GLD,391.69
2026-11-20,C,444.0,0.1546830317146753,56.45930657585648,1.855,393.4756094339977,1.005844278271161,1.128405393764254,-0.12080548014513956,0.004687004251528143,0.23899356259635746,0.07289536803976028,GLD,391.69
2026-11-20,C,445.0,0.15468303171454845,56.45930657581018,1.78,393.4756094339977,1.005844278271161,1.1309468473538131,-0.12305519987915503,0.004497502731924579,0.23952721875159605,0.07101647298510376,GLD,391.69
2026-11-20,C,446.0,0.15468303171442163,56.4593065757639,1.72,393.4756094339977,1.005844278271161,1.1334883009433723,-0.1252998697329789,0.004345901516241727,0.24049899782130058,0.06939056030836484,GLD,391.69
2026-11-20,C,447.0,0.1546830317142948,56.4593065757176,1.6600000000000001,393.4756094339977,1.005844278271161,1.1360297545329314,-0.1275395123264837,0.004194300300558877,0.24138561585358095,0.06775387999441544,GLD,391.69
2026-11-20,C,448.0,0.15468303171416795,56.4593065756713,1.6,393.4756094339977,1.005844278271161,1.1385712081224906,-0.12977415012790003,0.004042699084876026,0.24218435616450318,0.06610505989476521,GLD,391.69
2026-11-20,C,449.0,0.15468303171407283,56.45930657563658,1.55,393.4756094339977,1.005844278271161,1.1411126617120497,-0.13200380545516918,0.003916364738473651,0.243283648928658,0.06464054933038545,GLD,391.69
2026-11-20,C,450.0,0.15468303171394598,56.45930657559028,1.49,393.4756094339977,1.005844278271161,1.1436541153016089,-0.13422850047728035,0.003764763522790799,0.24390752992134596,0.06296813839995961,GLD,391.69
2026-11-20,C,455.0,0.15468303171381914,56.459306575543984,1.255,393.4756094339977,1.005844278271161,1.1563613832494044,-0.14527833666386522,0.0031709920946996323,0.24845185513076726,0.055805051601114285,GLD,391.69
2026-11-20,C,460.0,0.1546830317136923,56.45930657549769,1.06,393.4756094339977,1.005844278271161,1.1690686511972002,-0.15620740719605558,0.0026782881437303675,0.25293817093734594,0.04938608401851148,GLD,391.69
2026-11-20,C,465.0,0.15468303171356546,56.45930657545139,0.9299999999999999,393.4756094339977,1.005844278271161,1.1817759191449957,-0.16701832330027108,0.0023498188430841897,0.2592099266316516,0.04451556033705009,GLD,391.69
2026-11-20,C,470.0,0.15468303171347034,56.459306575416676,0.8049999999999999,393.4756094339977,1.005844278271161,1.1944831870927914,-0.17771361241701913,0.0020339829770782505,0.2644678227757609,0.03978814153776414,GLD,391.69
2026-11-20,C,475.0,0.1546830317133435,56.45930657537038,0.685,393.4756094339977,1.005844278271161,1.207190455040587,-0.18829572174755596,0.0017307805457125486,0.2686278019446852,0.035169408450540826,GLD,391.69
2026-11-20,C,480.0,0.15468303171321665,56.45930657532408,0.615,393.4756094339977,1.005844278271161,1.2198977229883827,-0.19876702161485146,0.0015539124607492224,0.2751825058213509,0.03204349067086763,GLD,391.69
2026-11-20,C,485.0,0.1546830317130898,56.45930657527778,0.5449999999999999,393.4756094339977,1.005844278271161,1.2326049909361785,-0.20912980865039812,0.0013770443757858961,0.2808251001950784,0.02896394579739807,GLD,391.69
2026-11-20,C,490.0,0.15468303171296297,56.45930657523148,0.495,393.4756094339977,1.005844278271161,1.245312258883974,-0.2193863088175871,0.0012507100293835205,0.2873725567259367,0.026571346885829013,GLD,391.69
2026-11-20,C,495.0,0.15468303171286782,56.459306575196756,0.44499999999999995,393.4756094339977,1.005844278271161,1.2580195268317698,-0.2295386802816052,0.0011243756829811447,0.29317986888328285,0.024223947988410217,GLD,391.69
2026-11-20,C,500.0,0.154683031712741,56.459306575150464,0.41000000000000003,393.4756094339977,1.005844278271161,1.2707267947795653,-0.23958901613510655,0.0010359416404994817,0.29988233675599596,0.022429973027697572,GLD,391.69
2026-11-20,C,505.0,0.15468303171261416,56.45930657510417,0.38,393.4756094339977,1.005844278271161,1.283434062727361,-0.2495393469882747,0.0009601410326580561,0.30661710395904973,0.02085512781239909,GLD,391.69
2026-11-20,C,510.0,0.15468303171248732,56.45930657505787,0.35,393.4756094339977,1.005844278271161,1.2961413306751566,-0.25939164343128623,0.0008843404248166306,0.31283629435929816,0.01931959197591202,GLD,391.69
2026-11-20,C,515.0,0.1546830317123605,56.45930657501158,0.32499999999999996,393.4756094339977,1.005844278271161,1.3088485986229523,-0.269147818376651,0.0008211732516154426,0.3192121444302244,0.01799746067636832,GLD,391.69
2026-11-20,C,520.0,0.15468303171226533,56.45930657497684,0.31000000000000005,393.4756094339977,1.005844278271161,1.3215558665707479,-0.2788097292883878,0.0007832729476947301,0.32660878010522515,0.017072121216572925,GLD,391.69
2026-11-20,C,525.0,0.15468303171213849,56.459306574930544,0.28500000000000003,393.4756094339977,1.005844278271161,1.3342631345185436,-0.2883791803045386,0.0007201057744935422,0.33212369643301204,0.015810678894750713,GLD,391.69
2026-11-20,C,530.0,0.15468303171201164,56.45930657488425,0.275,393.4756094339977,1.005844278271161,1.3469704024663391,-0.29785792425908225,0.000694838905213067,0.3396617928908915,0.015128889437343635,GLD,391.69
2026-11-20,C,535.0,0.15468303171188483,56.45930657483796,0.265,393.4756094339977,1.005844278271161,1.359677670414135,-0.3072476646089214,0.0006695720359325919,0.3469676279947914,0.014472120470674931,GLD,391.69
2026-11-20,C,540.0,0.154683031711758,56.459306574791675,0.25,393.4756094339977,1.005844278271161,1.3723849383619307,-0.316550057271235,0.000631671732011879,0.35312243805639754,0.013652963791988638,GLD,391.69
2026-11-20,C,545.0,0.15468303171163117,56.459306574745376,0.255,393.4756094339977,1.005844278271161,1.3850922063097262,-0.3257667123761589,0.0006443051666521167,0.362767738304203,0.013589707904757211,GLD,391.69
2026-11-20,C,550.0,0.15468303171150433,56.45930657469908,0.22499999999999998,393.4756094339977,1.005844278271161,1.397799474257522,-0.3348991959394315,0.000568504558810691,0.3654601821073222,0.012256857005367027,GLD,391.69
2026-11-20,C,555.0,0.15468303171140918,56.45930657466435,0.22,393.4756094339977,1.005844278271161,1.4105067422053175,-0.3439490314593493,0.0005558711241704535,0.37280618459306125,0.011864413546253522,GLD,391.69
2026-11-20,C,560.0,0.15468303171125064,56.45930657460649,0.215,393.4756094339977,1.005844278271161,1.4232140101531132,-0.35291770144210977,0.0005432376895302159,0.3799953777018062,0.011486078277350322,GLD,391.69
2026-12-18,P,280.0,0.23139536046987572,84.45930657150464,0.32,394.4201555450741,1.0076104742458023,0.7099028689673588,0.3426271225766595,0.2909023207217831,0.3344360049539426,0.016684963585334604,GLD,391.69
2026-12-18,P,285.0,0.23139536046974887,84.45930657145834,0.365,394.4201555450741,1.0076104742458023,0.7225797059132044,0.3249275454772586,0.2783387135759732,0.32544282109820033,0.018868782613295852,GLD,391.69
2026-12-18,P,290.0,0.2313953604695903,84.45930657140046,0.41500000000000004,394.4201555450741,1.0076104742458023,0.7352565428590501,0.3075358027653895,0.2657876875190559,0.31631707500172845,0.021281622359624858,GLD,391.69
2026-12-18,P,295.0,0.23139536046946346,84.45930657135416,0.47,394.4201555450741,1.0076104742458023,0.7479333798048958,0.2904413694060893,0.25324924255103143,0.30700612318356724,0.023930105339248182,GLD,391.69
2026-12-18,P,300.0,0.23139536046933662,84.45930657130786,0.525,394.4201555450741,1.0076104742458023,0.7606102167507415,0.2736342510897081,0.24071079758300706,0.29700255395505987,0.026668416735209956,GLD,391.69
2026-12-18,P,305.0,0.23139536046920978,84.45930657126156,0.5900000000000001,394.4201555450741,1.0076104742458023,0.7732870536965871,0.25710494913849763,0.22819751479276829,0.2872702395721591,0.02982155290593396,GLD,391.69
2026-12-18,P,310.0,0.23139536046908293,84.45930657121527,0.6699999999999999,394.4201555450741,1.0076104742458023,0.7859638906424329,0.2408444282667172,0.2157219752692081,0.2780166386732174,0.03353980582927624,GLD,391.69
2026-12-18,P,315.0,0.23139536046898782,84.45930657118055,0.7849999999999999,394.4201555450741,1.0076104742458023,0.7986407275882785,0.22484408692027613,0.2033345033678977,0.2703065974251263,0.03837420858336811,GLD,391.69
2026-12-18,P,320.0,0.23139536046886097,84.45930657113425,0.9099999999999999,394.4201555450741,1.0076104742458023,0.8113175645341243,0.20909572995213688,0.190972193644373,0.26202129810484115,0.04357243622569624,GLD,391.69
2026-12-18,P,325.0,0.23139536046873413,84.45930657108796,1.065,394.4201555450741,1.0076104742458023,0.8239944014799699,0.19359154341617169,0.17868537045420563,0.25419300585258703,0.049651137368042546,GLD,391.69
2026-12-18,P,330.0,0.23139536046860731,84.45930657104167,1.275,394.4201555450741,1.0076104742458023,0.8366712384258156,0.1783240712853833,0.1665369392418593,0.24758422256938462,0.05711746149062452,GLD,391.69
2026-12-18,P,335.0,0.23139536046851217,84.45930657100695,1.505,394.4201555450741,1.0076104742458023,0.8493480753716613,0.1632861939208427,0.15443883238508427,0.24018090216599455,0.06503893252939415,GLD,391.69
2026-12-18,P,340.0,0.2313953604683219,84.4593065709375,1.79,394.4201555450741,1.0076104742458023,0.862024912317507,0.1484711081357021,0.14247911750613063,0.233193993517393,0.07408953912226537,GLD,391.69
2026-12-18,P,345.0,0.23139536046822679,84.45930657090278,2.21,394.4201555450741,1.0076104742458023,0.8747017492633528,0.13387230871454936,0.13085909202728374,0.22859664910891447,0.08541219692998966,GLD,391.69
2026-12-18,P,350.0,0.23139536046809994,84.45930657085648,2.7,394.4201555450741,1.0076104742458023,0.8873785862091984,0.1194835712624498,0.11941520179293652,0.22355443292931135,0.09737406146333571,GLD,391.69
2026-12-18,P,351.0,0.2313953604679731,84.45930657081018,2.81,394.4201555450741,1.0076104742458023,0.8899139535983676,0.11663050228004333,0.11715661835940994,0.22256518329495953,0.09987161304416475,GLD,391.69
2026-12-18,P,352.0,0.23139536046784626,84.45930657076389,2.935,394.4201555450741,1.0076104742458023,0.8924493209875367,0.11378555014781204,0.11493577819256184,0.22184423199197056,0.1025381939193614,GLD,391.69
2026-12-18,P,353.0,0.2313953604677194,84.45930657071759,3.0700000000000003,394.4201555450741,1.0076104742458023,0.8949846883767059,0.11094866881261234,0.11274010020349956,0.22124844556433879,0.10529210918433038,GLD,391.69
2026-12-18,P,354.0,0.2313953604676243,84.45930657068287,3.175,394.4201555450741,1.0076104742458023,0.8975200557658749,0.10811981261213477,0.11046893568108018,0.21983197256172482,0.1076467736742297,GLD,391.69
2026-12-18,P,355.0,0.23139536046749745,84.45930657063657,3.325,394.4201555450741,1.0076104742458023,0.900055423155044,0.10529893627049342,0.10831100095869617,0.21935936751459903,0.11050398661149681,GLD,391.69
2026-12-18,P,356.0,0.2313953604673706,84.45930657059027,3.4749999999999996,394.4201555450741,1.0076104742458023,0.9025907905442132,0.10248599489387873,0.10615306623631238,0.2187592086933323,0.11330927426143284,GLD,391.69
2026-12-18,P,357.0,0.23139536046724377,84.45930657054397,3.625,394.4201555450741,1.0076104742458023,0.9051261579333824,0.0996809439662701,0.10399513151392858,0.21803749407108783,0.11606648396746132,GLD,391.69
2026-12-18,P,358.0,0.23139536046711695,84.45930657049769,3.8,394.4201555450741,1.0076104742458023,0.9076615253225515,0.09688373934520886,0.10190010223600887,0.21772856052200643,0.1190263688033743,GLD,391.69
2026-12-18,P,359.0,0.2313953604669901,84.45930657045139,3.95,394.4201555450741,1.0076104742458023,0.9101968927117207,0.09409433725763028,0.09974216751362486,0.21676737994507833,0.12168633166126608,GLD,391.69
2026-12-18,P,360.0,0.23139536046689496,84.45930657041666,4.125,394.4201555450741,1.0076104742458023,0.9127322601008898,0.09131269429575345,0.09764713823570537,0.21620497446695994,0.12453214526889295,GLD,391.69
2026-12-18,P,361.0,0.23139536046676815,84.45930657037037,4.300000000000001,394.4201555450741,1.0076104742458023,0.915267627490059,0.0885387674130282,0.09555210895778565,0.21551796769666204,0.12732046801754118,GLD,391.69
2026-12-18,P,362.0,0.23139536046660958,84.45930657031249,4.5,394.4201555450741,1.0076104742458023,0.917802994879228,0.08577251392013817,0.09351998512433035,0.21519466028478235,0.13025540250661785,GLD,391.69
2026-12-18,P,363.0,0.23139536046648274,84.4593065702662,4.699999999999999,394.4201555450741,1.0076104742458023,0.9203383622683972,0.08301389148105842,0.09148786129087494,0.21473596780129917,0.13311761947714432,GLD,391.69
2026-12-18,P,364.0,0.2313953604663559,84.4593065702199,4.9,394.4201555450741,1.0076104742458023,0.9228737296575663,0.08026285810916853,0.0894557374574193,0.21414758676848325,0.13591144066068403,GLD,391.69
2026-12-18,P,365.0,0.23139536046622908,84.45930657017361,5.1,394.4201555450741,1.0076104742458023,0.9254090970467355,0.07751937216341767,0.08742361362396389,0.21343451187981516,0.1386406284370808,GLD,391.69
2026-12-18,P,366.0,0.23139536046613393,84.45930657013888,5.300000000000001,394.4201555450741,1.0076104742458023,0.9279444644359046,0.07478339234454291,0.08539148979050848,0.21260112245426188,0.141308447830641,GLD,391.69
2026-12-18,P,367.0,0.2313953604660071,84.4593065700926,5.550000000000001,394.4201555450741,1.0076104742458023,0.9304798318250738,0.07205487769133888,0.08348517684598145,0.21252454470489135,0.1442120730002666,GLD,391.69
2026-12-18,P,368.0,0.23139536046588025,84.4593065700463,5.800000000000001,394.4201555450741,1.0076104742458023,0.9330151992142429,0.06933378757697821,0.08157886390145441,0.21230291840567375,0.147020731382815,GLD,391.69
2026-12-18,P,369.0,0.2313953604657534,84.45930657,6.025,394.4201555450741,1.0076104742458023,0.9355505666034121,0.06662008170538193,0.0796096455124633,0.21152180573956858,0.14961312924140835,GLD,391.69
2026-12-18,P,370.0,0.23139536046562656,84.4593065699537,6.275,394.4201555450741,1.0076104742458023,0.9380859339925811,0.0639137201076391,0.07770333256793638,0.2110341261694192,0.1522555667482681,GLD,391.69
2026-12-18,P,371.0,0.23139536046553144,84.45930656991898,6.550000000000001,394.4201555450741,1.0076104742458023,0.9406213013817503,0.06121466313847407,0.07585992506787342,0.21082247332817539,0.15492382234879756,GLD,391.69
2026-12-18,P,372.0,0.2313953604654046,84.45930656987268,6.825,394.4201555450741,1.0076104742458023,0.9431566687709194,0.05852287147276264,0.07401651756781069,0.21047150934447928,0.15749557541017162,GLD,391.69
2026-12-18,P,373.0,0.23139536046527778,84.4593065698264,7.125,394.4201555450741,1.0076104742458023,0.9456920361600886,0.055838306102093636,0.07223601551221204,0.21037893860595766,0.16006538732613138,GLD,391.69
2026-12-18,P,374.0,0.23139536046515094,84.4593065697801,7.425,394.4201555450741,1.0076104742458023,0.9482274035492577,0.05316092833137723,0.07045551345661338,0.2101438769964741,0.16253002979315037,GLD,391.69
2026-12-18,P,375.0,0.2313953604650241,84.4593065697338,7.725,394.4201555450741,1.0076104742458023,0.9507627709384269,0.05049069977549833,0.06867501140101495,0.20977091097713746,0.1648937296727298,GLD,391.69
2026-12-18,P,376.0,0.23139536046489725,84.4593065696875,8.025,394.4201555450741,1.0076104742458023,0.953298138327596,0.04782758235601462,0.0668945093454163,0.20926399419418262,0.1671599841708121,GLD,391.69
2026-12-18,P,377.0,0.23139536046480214,84.45930656965278,8.375,394.4201555450741,1.0076104742458023,0.9558335057167652,0.045171538297898356,0.06523981817874602,0.20936923325607926,0.16945162809828979,GLD,391.69
2026-12-18,P,378.0,0.2313953604646753,84.45930656960648,8.725,394.4201555450741,1.0076104742458023,0.9583688731059342,0.04252253012632153,0.06358512701207608,0.20932835981178963,0.17162445481458527,GLD,391.69
2026-12-18,P,379.0,0.23139536046454845,84.45930656956018,9.075,394.4201555450741,1.0076104742458023,0.9609042404951034,0.03988052066348286,0.06193043584540581,0.20914572677044158,0.17368281422456835,GLD,391.69
2026-12-18,P,380.0,0.2313953604644216,84.45930656951388,9.425,394.4201555450741,1.0076104742458023,0.9634396078842725,0.03724547302547774,0.060275744678735754,0.2088250563701543,0.17563024086707257,GLD,391.69
2026-12-18,P,381.0,0.23139536046429476,84.45930656946759,9.8,394.4201555450741,1.0076104742458023,0.9659749752734417,0.03461735061920822,0.05868395895652978,0.20872392298500736,0.1775046796007226,GLD,391.69
2026-12-18,P,382.0,0.23139536046416792,84.45930656942129,10.225000000000001,394.4201555450741,1.0076104742458023,0.9685103426626108,0.031996117139333986,0.057217984123252186,0.20918533515613896,0.17932255749529638,GLD,391.69
2026-12-18,P,383.0,0.2313953604640728,84.45930656938657,10.575,394.4201555450741,1.0076104742458023,0.97104571005178,0.02938173656526316,0.05556329295658213,0.20845484371927533,0.18093298203847424,GLD,391.69
2026-12-18,P,384.0,0.23139536046394596,84.45930656934027,11.0,394.4201555450741,1.0076104742458023,0.9735810774409491,0.02677417315818228,0.05409731812330454,0.2086311492048548,0.18250363474056983,GLD,391.69
2026-12-18,P,385.0,0.23139536046381912,84.45930656929397,11.4,394.4201555450741,1.0076104742458023,0.9761164448301183,0.0241733914581249,0.052568437845562865,0.2083232171897113,0.18393201908019008,GLD,391.69
2026-12-18,P,386.0,0.23139536046369227,84.45930656924767,11.85,394.4201555450741,1.0076104742458023,0.9786518122192874,0.02157935628107825,0.05116536845674935,0.20856003444721835,0.1852714918908916,GLD,391.69
2026-12-18,P,387.0,0.23139536046356543,84.45930656920139,12.3,394.4201555450741,1.0076104742458023,0.9811871796084565,0.018992032716127403,0.049762299067936167,0.2086554589510366,0.1864840667140555,GLD,391.69
2026-12-18,P,388.0,0.2313953604634703,84.45930656916667,12.75,394.4201555450741,1.0076104742458023,0.9837225469976256,0.016411386122635756,0.04835922967912287,0.2086122330674558,0.1875725321987334,GLD,391.69
2026-12-18,P,389.0,0.23139536046334347,84.45930656912037,13.2,394.4201555450741,1.0076104742458023,0.9862579143867948,0.013837382127462888,0.04695616029030958,0.2084325850493526,0.18853889056277798,GLD,391.69
2026-12-18,P,390.0,0.23139536046321665,84.45930656907407,13.675,394.4201555450741,1.0076104742458023,0.9887932817759639,0.011269986622217057,0.045615996345960586,0.20845041507022183,0.18938746060994208,GLD,391.69
2026-12-18,P,391.0,0.2313953604630898,84.45930656902777,14.15,394.4201555450741,1.0076104742458023,0.9913286491651331,0.008709165760543383,0.04427583240161137,0.20833231947980052,0.190112654751521,GLD,391.69
2026-12-18,P,392.0,0.23139536046296297,84.45930656898149,14.65,394.4201555450741,1.0076104742458023,0.9938640165543022,0.006154885955446602,0.042998573901726456,0.20840963575419075,0.19071584983316958,GLD,391.69
2026-12-18,P,393.0,0.23139536046283612,84.45930656893519,15.175,394.4201555450741,1.0076104742458023,0.9963993839434714,0.0036071138766478913,0.04178422084630584,0.2086809268213172,0.19119507270701305,GLD,391.69
2026-12-18,P,394.0,0.231395360462741,84.45930656890047,15.675,394.4201555450741,1.0076104742458023,0.9989347513326405,0.0010658164479752969,0.04050696234642093,0.20848880698275646,0.19155142993518778,GLD,391.69
2026-12-18,C,395.0,0.23139536046264586,84.45930656886574,16.425,394.4201555450741,1.0076104742458023,1.0014701187218096,-0.0014690391552126584,0.041328877012987826,0.21911002817550063,0.19176137084954847,GLD,391.69
2026-12-18,C,396.0,0.23139536046255071,84.45930656883101,15.950000000000001,394.4201555450741,1.0076104742458023,1.0040054861109788,-0.0039974855085714595,0.04013367356816778,0.21907367915405054,0.19188458859312998,GLD,391.69
2026-12-18,C,397.0,0.23139536046242387,84.45930656878471,15.5,394.4201555450741,1.0076104742458023,1.0065408535001479,-0.00651955494128123,0.03900137556781195,0.21923938216942926,0.19189756087512608,GLD,391.69
2026-12-18,C,398.0,0.23139536046229708,84.45930656873844,15.05,394.4201555450741,1.0076104742458023,1.0090762208893171,-0.009035279538528646,0.03786907756745612,0.21928003189974934,0.19180154817486053,GLD,391.69
2026-12-18,C,399.0,0.23139536046217024,84.45930656869214,14.625,394.4201555450741,1.0076104742458023,1.0116115882784862,-0.011544691143954301,0.0367996850115645,0.2195245210197607,0.19159914272331205,GLD,391.69
2026-12-18,C,400.0,0.23139536046207507,84.4593065686574,14.2,394.4201555450741,1.0076104742458023,1.0141469556676552,-0.014047821362072735,0.03573029245567288,0.2196458138226997,0.19129041691125995,GLD,391.69
2026-12-18,C,401.0,0.23139536046194825,84.45930656861111,13.775,394.4201555450741,1.0076104742458023,1.0166823230568245,-0.016544701560660055,0.034660899899781265,0.21964433362412134,0.1908752059536368,GLD,391.69
2026-12-18,C,402.0,0.231395360461758,84.45930656854166,13.375,394.4201555450741,1.0076104742458023,1.0192176904459935,-0.019035362873111836,0.033654412788353856,0.21985061739480324,0.19036130067967985,GLD,391.69
2026-12-18,C,403.0,0.23139536046163114,84.45930656849536,12.975,394.4201555450741,1.0076104742458023,1.0217530578351628,-0.02151983620077388,0.032647925676926454,0.2199361057546299,0.18974416201319433,GLD,391.69
2026-12-18,C,404.0,0.2313953604615043,84.45930656844907,12.6,394.4201555450741,1.0076104742458023,1.0242884252243318,-0.023998152215240872,0.03170434400996326,0.22023353632247325,0.18903690418937408,GLD,391.69
2026-12-18,C,405.0,0.2313953604613775,84.45930656840278,12.225,394.4201555450741,1.0076104742458023,1.026823792613501,-0.026470341360630065,0.030760762343000066,0.22041263381020304,0.1882307054254686,GLD,391.69
2026-12-18,C,406.0,0.23139536046125064,84.45930656835648,11.875,394.4201555450741,1.0076104742458023,1.0293591600026701,-0.028936433855823472,0.02988008612050109,0.22080905383797228,0.18734514301995855,GLD,391.69
2026-12-18,C,407.0,0.2313953604611555,84.45930656832175,11.525,394.4201555450741,1.0076104742458023,1.0318945273918392,-0.031396459696685725,0.02899940989800211,0.22109012274691736,0.1863659668681888,GLD,391.69
2026-12-18,C,408.0,0.23139536046099696,84.45930656826388,11.175,394.4201555450741,1.0076104742458023,1.0344298947810084,-0.033850448658252555,0.028118733675503133,0.2212556432970479,0.18529237099030446,GLD,391.69
2026-12-18,C,409.0,0.23139536046087011,84.45930656821758,10.825,394.4201555450741,1.0076104742458023,1.0369652621701775,-0.03629843029689251,0.027238057453004148,0.2213051088086294,0.184123099480592,GLD,391.69
2026-12-18,C,410.0,0.231395360460775,84.45930656818287,10.475,394.4201555450741,1.0076104742458023,1.0395006295593467,-0.03874043395244437,0.02635738123050517,0.22123769344206443,0.18285643485578076,GLD,391.69
2026-12-18,C,411.0,0.23139536046064815,84.45930656813658,10.175,394.4201555450741,1.0076104742458023,1.0420359969485158,-0.041176488750325396,0.02560251589693462,0.22174528912035882,0.18157351302056393,GLD,391.69
2026-12-18,C,412.0,0.23139536046048959,84.4593065680787,9.875,394.4201555450741,1.0076104742458023,1.044571364337685,-0.0436066236036173,0.024847650563364063,0.22214423324581942,0.1802088206910738,GLD,391.69
2026-12-18,C,413.0,0.23139536046036274,84.4593065680324,9.575,394.4201555450741,1.0076104742458023,1.047106731726854,-0.04603086721512357,0.02409278522979351,0.22243400787633658,0.17876126660382208,GLD,391.69
2026-12-18,C,414.0,0.2313953604602359,84.4593065679861,9.275,394.4201555450741,1.0076104742458023,1.0496420991160234,-0.048449248079405316,0.023337919896222956,0.22261381305474187,0.17722938007895478,GLD,391.69
2026-12-18,C,415.0,0.23139536046014078,84.45930656795139,8.975,394.4201555450741,1.0076104742458023,1.0521774665051924,-0.05086179448478914,0.022583054562652402,0.22268255417630967,0.17561129769131717,GLD,391.69
2026-12-18,C,416.0,0.23139536046001394,84.45930656790509,8.725,394.4201555450741,1.0076104742458023,1.0547128338943614,-0.05326853451535403,0.021954000118010273,0.2233619860761814,0.17404224117101472,GLD,391.69
2026-12-18,C,417.0,0.2313953604598871,84.45930656785879,8.425,394.4201555450741,1.0076104742458023,1.0572482012835307,-0.055669496052892314,0.021199134784439723,0.22321157120105575,0.1722576433030658,GLD,391.69
2026-12-18,C,418.0,0.23139536045976028,84.4593065678125,8.175,394.4201555450741,1.0076104742458023,1.0597835686726997,-0.058064706778847085,0.020570080339797594,0.22368347691823334,0.17054250457334283,GLD,391.69
2026-12-18,C,419.0,0.23139536045963344,84.4593065677662,7.925000000000001,394.4201555450741,1.0076104742458023,1.062318936061869,-0.060454194176228625,0.019941025895155465,0.22405365688022594,0.16875791692759368,GLD,391.69
2026-12-18,C,420.0,0.23139536045953832,84.45930656773149,7.675,394.4201555450741,1.0076104742458023,1.064854303451038,-0.06283798553150478,0.019311971450513336,0.22432096836635299,0.16690216293612253,GLD,391.69
2026-12-18,C,421.0,0.23139536045941148,84.45930656768519,7.425,394.4201555450741,1.0076104742458023,1.0673896708402073,-0.06521610793647234,0.018682917005871207,0.2244839955817699,0.16497320313678662,GLD,391.69
2026-12-18,C,422.0,0.23139536045928463,84.45930656763889,7.225,394.4201555450741,1.0076104742458023,1.0699250382293763,-0.06758858829010263,0.018179673450157505,0.22531251075137418,0.16318528616962602,GLD,391.69
2026-12-18,C,423.0,0.2313953604591578,84.45930656759259,6.975,394.4201555450741,1.0076104742458023,1.0724604056185454,-0.0699554533003687,0.017550619005515376,0.22527146937983417,0.16111809988561382,GLD,391.69
2026-12-18,C,424.0,0.23139536045906267,84.45930656755787,6.775,394.4201555450741,1.0076104742458023,1.0749957730077147,-0.07231672948604861,0.017047375449801675,0.2259114982627679,0.15921658989778717,GLD,391.69
2026-12-18,C,425.0,0.23139536045893583,84.45930656751158,6.550000000000001,394.4201555450741,1.0076104742458023,1.0775311403968837,-0.07467244317850759,0.01648122644962376,0.2260600162845385,0.15713276220949723,GLD,391.69
2026-12-18,C,426.0,0.23139536045880899,84.45930656746528,6.35,394.4201555450741,1.0076104742458023,1.080066507786053,-0.0770226205234613,0.015977982893910055,0.22651102541684348,0.15511763745643112,GLD,391.69
2026-12-18,C,427.0,0.23139536045868214,84.45930656741898,6.15,394.4201555450741,1.0076104742458023,1.082601875175222,-0.07936728748271533,0.015474739338196354,0.22686788529694443,0.15304661560579116,GLD,391.69
2026-12-18,C,428.0,0.2313953604585553,84.45930656737268,5.975,394.4201555450741,1.0076104742458023,1.0851372425643913,-0.0817064698358877,0.015034401226946863,0.227545561335126,0.15107130303570085,GLD,391.69
2026-12-18,C,429.0,0.23139536045846018,84.45930656733796,5.775,394.4201555450741,1.0076104742458023,1.0876726099535603,-0.08404019318210779,0.014531157671233162,0.22771504483533722,0.1488907141605069,GLD,391.69
2026-12-18,C,430.0,0.23139536045833334,84.45930656729166,5.6,394.4201555450741,1.0076104742458023,1.0902079773427296,-0.08636848294169903,0.01409081955998367,0.2282136942952749,0.14681799836675458,GLD,391.69
2026-12-18,C,431.0,0.2313953604582065,84.45930656724538,5.425,394.4201555450741,1.0076104742458023,1.0927433447318986,-0.08869136435783863,0.01365048144873418,0.22862344318761638,0.144697786350218,GLD,391.69
2026-12-18,C,432.0,0.23139536045807965,84.45930656719908,5.25,394.4201555450741,1.0076104742458023,1.0952787121210676,-0.09100886249820106,0.013210143337484692,0.22894260173264253,0.14252814364963742,GLD,391.69
2026-12-18,C,433.0,0.23139536045798453,84.45930656716436,5.1,394.4201555450741,1.0076104742458023,1.097814079510237,-0.09332100225658072,0.012832710670699413,0.22961725832207897,0.14050221256414014,GLD,391.69
2026-12-18,C,434.0,0.2313953604578577,84.45930656711806,4.949999999999999,394.4201555450741,1.0076104742458023,1.100349446899406,-0.09562780835449564,0.012455278003914137,0.2302112220486063,0.13843997922565243,GLD,391.69
2026-12-18,C,435.0,0.23139536045773085,84.45930656707176,4.800000000000001,394.4201555450741,1.0076104742458023,1.1028848142885752,-0.09792930534277498,0.012077845337128863,0.23072312144300136,0.13633991618551589,GLD,391.69
2026-12-18,C,436.0,0.231395360457604,84.45930656702546,4.65,394.4201555450741,1.0076104742458023,1.1054201816777443,-0.10022551760312512,0.011700412670343585,0.23115138413379446,0.13420033966744283,GLD,391.69
2026-12-18,C,437.0,0.2313953604575089,84.45930656699075,4.5,394.4201555450741,1.0076104742458023,1.1079555490669135,-0.10251646934968106,0.011322980003558308,0.2314942187920598,0.1320193963839195,GLD,391.69
2026-12-18,C,438.0,0.23139536045738204,84.45930656694445,4.35,394.4201555450741,1.0076104742458023,1.1104909164560826,-0.10480218463053695,0.01094554733677303,0.2317495938308122,0.12979504790463733,GLD,391.69
2026-12-18,C,439.0,0.2313953604572552,84.45930656689815,4.199999999999999,394.4201555450741,1.0076104742458023,1.1130262838452516,-0.10708268732926209,0.010568114669987751,0.2319152122635084,0.12752505218444657,GLD,391.69
2026-12-18,C,440.0,0.23139536045712839,84.45930656685186,4.1,394.4201555450741,1.0076104742458023,1.1155616512344209,-0.1093580011663977,0.010316492892130902,0.23299123728007143,0.1257226834753679,GLD,391.69
2026-12-18,C,441.0,0.23139536045696982,84.45930656679398,3.95,394.4201555450741,1.0076104742458023,1.11809701862359,-0.11162814970093675,0.009939060225345625,0.2329884428777977,0.1233755317200618,GLD,391.69
2026-12-18,C,442.0,0.23139536045684297,84.45930656674768,3.85,394.4201555450741,1.0076104742458023,1.1206323860127592,-0.113893156331789,0.009687438447488775,0.23392588639156434,0.12152861076371323,GLD,391.69
2026-12-18,C,443.0,0.23139536045674786,84.45930656671297,3.75,394.4201555450741,1.0076104742458023,1.1231677534019282,-0.11615304429922642,0.009435816669631922,0.23479999557636586,0.11966526050467982,GLD,391.69
2026-12-18,C,444.0,0.231395360456621,84.45930656666667,3.6,394.4201555450741,1.0076104742458023,1.1257031207910975,-0.11840783668631565,0.009058384002846646,0.23453903914632707,0.11719938669630336,GLD,391.69
2026-12-18,C,445.0,0.23139536045649417,84.45930656662037,3.5,394.4201555450741,1.0076104742458023,1.1282384881802665,-0.12065755642033102,0.008806762224989795,0.23526589278473636,0.11528335988325028,GLD,391.69
2026-12-18,C,446.0,0.23139536045636733,84.45930656657407,3.4,394.4201555450741,1.0076104742458023,1.1307738555694358,-0.122902226274155,0.008555140447132943,0.23592545777056273,0.11334722728720921,GLD,391.69
2026-12-18,C,447.0,0.23139536045624048,84.45930656652777,3.3,394.4201555450741,1.0076104742458023,1.1333092229586048,-0.12514186886765966,0.008303518669276092,0.23651634433488763,0.11138975691413479,GLD,391.69
2026-12-18,C,448.0,0.23139536045614537,84.45930656649305,3.2,394.4201555450741,1.0076104742458023,1.1358445903477739,-0.1273765066690759,0.008051896891419242,0.23703700020080165,0.10940962954057838,GLD,391.69
2026-12-18,C,449.0,0.23139536045601852,84.45930656644676,3.1,394.4201555450741,1.0076104742458023,1.1383799577369431,-0.12960616199634514,0.00780027511356239,0.23748569472327488,0.10740542990248471,GLD,391.69
2026-12-18,C,450.0,0.23139536045589168,84.45930656640046,2.9699999999999998,394.4201555450741,1.0076104742458023,1.1409153251261122,-0.1318308570184562,0.007473166802348483,0.2371427072084595,0.10495346943505203,GLD,391.69
2026-12-18,C,455.0,0.23139536045576484,84.45930656635417,2.615,394.4201555450741,1.0076104742458023,1.153592162071958,-0.14288069320504135,0.006579909490956662,0.24156545536616086,0.0966219519623149,GLD,391.69
2026-12-18,C,460.0,0.23139536045563802,84.45930656630787,2.25,394.4201555450741,1.0076104742458023,1.1662689990178037,-0.15380976373723157,0.005661490001779154,0.24427591791861028,0.08783811822011132,GLD,391.69
2026-12-18,C,465.0,0.23139536045551118,84.45930656626157,1.9549999999999998,394.4201555450741,1.0076104742458023,1.1789458359636493,-0.16462067984144715,0.004919205757101442,0.247523180013787,0.07997974475344301,GLD,391.69
2026-12-18,C,470.0,0.23139536045541603,84.45930656622686,1.685,394.4201555450741,1.0076104742458023,1.191622672909495,-0.1753159689581951,0.004239826956887944,0.25017494148866,0.07236447677607614,GLD,391.69
2026-12-18,C,475.0,0.23139536045528922,84.45930656618056,1.51,394.4201555450741,1.0076104742458023,1.2042995098553406,-0.185898078288732,0.0037994888456384544,0.2549547484718742,0.0666387591651367,GLD,391.69
2026-12-18,C,480.0,0.23139536045516237,84.45930656613427,1.32,394.4201555450741,1.0076104742458023,1.2169763468011863,-0.19636937815602737,0.003321407467710437,0.2581402160405354,0.06051267338347848,GLD,391.69
2026-12-18,C,485.0,0.23139536045503553,84.45930656608797,1.18,394.4201555450741,1.0076104742458023,1.2296531837470321,-0.20673216519157409,0.002969136978710845,0.2623927608668599,0.055538248221266864,GLD,391.69
2026-12-18,C,490.0,0.23139536045494039,84.45930656605324,1.065,394.4201555450741,1.0076104742458023,1.2423300206928778,-0.21698866535876316,0.0026797719341754658,0.26695990790033114,0.0512064806046385,GLD,391.69
2026-12-18,C,495.0,0.23139536045481354,84.45930656600694,0.9650000000000001,394.4201555450741,1.0076104742458023,1.2550068576387234,-0.22714103682278114,0.002428150156318615,0.27153449694545684,0.04729593471553826,GLD,391.69
2026-12-18,C,500.0,0.2313953604546867,84.45930656596065,0.87,394.4201555450741,1.0076104742458023,1.267683694584569,-0.23719137267628254,0.0021891094673546063,0.2756670893147909,0.04354013476554302,GLD,391.69
2026-12-18,C,505.0,0.23139536045455988,84.45930656591436,0.825,394.4201555450741,1.0076104742458023,1.2803605315304147,-0.24714170352945058,0.002075879667319023,0.28214818047947615,0.0412805683814625,GLD,391.69
2026-12-18,C,510.0,0.23139536045446474,84.45930656587963,0.745,394.4201555450741,1.0076104742458023,1.2930373684762606,-0.25699399997246236,0.001874582245033542,0.28598940407413687,0.03802602656856621,GLD,391.69
2026-12-18,C,515.0,0.2313953604543379,84.45930656583333,0.71,394.4201555450741,1.0076104742458023,1.3057142054221063,-0.266750174917827,0.001786514622783644,0.2923165544291904,0.03618146355198382,GLD,391.69
2026-12-18,C,520.0,0.23139536045421105,84.45930656578703,0.655,394.4201555450741,1.0076104742458023,1.318391042367952,-0.2764120858295639,0.001648122644962376,0.29686207069181236,0.03376097049250976,GLD,391.69
2026-12-18,C,525.0,0.2313953604540842,84.45930656574073,0.62,394.4201555450741,1.0076104742458023,1.3310678793137976,-0.28598153684571453,0.0015600550227124778,0.30249572634295163,0.03200951443645933,GLD,391.69
2026-12-18,C,530.0,0.23139536045392567,84.45930656568287,0.5900000000000001,394.4201555450741,1.0076104742458023,1.3437447162596432,-0.29546028080025827,0.0014845684893554226,0.308221537864903,0.030459694420027706,GLD,391.69
2026-12-18,C,535.0,0.23139536045379885,84.45930656563658,0.56,394.4201555450741,1.0076104742458023,1.356421553205489,-0.30485002115009746,0.0014090819559983672,0.3136615184395133,0.02894731244712561,GLD,391.69
2026-12-18,C,540.0,0.231395360453672,84.45930656559028,0.515,394.4201555450741,1.0076104742458023,1.3690983901513347,-0.31415241381241094,0.001295852155962784,0.31742264460258235,0.026968101459454056,GLD,391.69
2026-12-18,C,545.0,0.23139536045354517,84.45930656554398,0.5,394.4201555450741,1.0076104742458023,1.3817752270971804,-0.3233690689173349,0.0012581088892842564,0.3236566711964432,0.026015490796832737,GLD,391.69
2026-12-18,C,550.0,0.23139536045345005,84.45930656550927,0.475,394.4201555450741,1.0076104742458023,1.394452064043026,-0.3325015524806074,0.0011952034448200436,0.3287024440801267,0.024756482267093448,GLD,391.69
2026-12-18,C,555.0,0.2313953604533232,84.45930656546297,0.44499999999999995,394.4201555450741,1.0076104742458023,1.4071289009888717,-0.3415513880005253,0.001119716911462988,0.33294374684717043,0.023350002140712037,GLD,391.69
2026-12-18,C,560.0,0.23139536045319636,84.45930656541667,0.42000000000000004,394.4201555450741,1.0076104742458023,1.4198057379347175,-0.35052005798328584,0.0010568114669987755,0.3374162944805144,0.02213311519673588,GLD,391.69
2026-12-18,C,565.0,0.23139536045306952,84.45930656537037,0.395,394.4201555450741,1.0076104742458023,1.4324825748805632,-0.35940900540053183,0.0009939060225345627,0.34159887491117336,0.020933202991194264,GLD,391.69
2026-12-31,P,280.0,0.2670117988019089,97.45930656269675,0.41000000000000003,395.1679795967545,1.0139692263594495,0.7085594341062842,0.34452133613433467,0.2924638054853248,0.3241255989998761,0.020845998942842295,GLD,391.69
2026-12-31,P,285.0,0.2670117988017821,97.45930656265047,0.44999999999999996,395.1679795967545,1.0139692263594495,0.7212122811438963,0.3268217590349338,0.2799107867005526,0.31399941194675607,0.022948426422036233,GLD,391.69
2026-12-31,P,290.0,0.26701179880165526,97.45930656260417,0.51,395.1679795967545,1.0139692263594495,0.7338651281815086,0.30943001632306455,0.2674076820422001,0.3054643993906541,0.025770840842131708,GLD,391.69
2026-12-31,P,295.0,0.2670117988015284,97.45930656255787,0.575,395.1679795967545,1.0139692263594495,0.7465179752191208,0.2923355829637645,0.2549170559154529,0.29668444085282225,0.028829474601627214,GLD,391.69
2026-12-31,P,300.0,0.2670117988014016,97.45930656251157,0.64,395.1679795967545,1.0139692263594495,0.759170822256733,0.27552846464738323,0.24242642978870554,0.2872577819746056,0.03198576187977623,GLD,391.69
2026-12-31,P,305.0,0.26701179880127474,97.45930656246527,0.74,395.1679795967545,1.0139692263594495,0.7718236692943452,0.25899916269617274,0.23002315338319312,0.2797302083577731,0.03627647147136621,GLD,391.69
2026-12-31,P,310.0,0.2670117988011479,97.45930656241899,0.8400000000000001,395.1679795967545,1.0139692263594495,0.7844765163319575,0.24273864182439236,0.2176198769776806,0.2712557093342054,0.04065878825614079,GLD,391.69
2026-12-31,P,315.0,0.26701179880102105,97.45930656237269,0.9650000000000001,395.1679795967545,1.0139692263594495,0.7971293633695696,0.2267383004779513,0.20527899323019316,0.263370490447734,0.04583330819533117,GLD,391.69
2026-12-31,P,320.0,0.2670117988008625,97.45930656231482,1.12,395.1679795967545,1.0139692263594495,0.8097822104071819,0.21098994350981207,0.19301298067233552,0.2560022484326734,0.05188019690766848,GLD,391.69
2026-12-31,P,325.0,0.26701179880076736,97.45930656228009,1.3050000000000002,395.1679795967545,1.0139692263594495,0.8224350574447941,0.19548575697384687,0.1808218393041079,0.2488297037559418,0.05873420466185266,GLD,391.69
2026-12-31,P,330.0,0.2670117988006405,97.45930656223379,1.56,395.1679795967545,1.0139692263594495,0.8350879044824063,0.18021828484305838,0.1688053973783502,0.24310995697091203,0.06718600221296223,GLD,391.69
2026-12-31,P,335.0,0.26701179880051373,97.4593065621875,1.825,395.1679795967545,1.0139692263594495,0.8477407515200185,0.16518040747851795,0.15681391251580246,0.23617355108424262,0.07580290034972245,GLD,391.69
2026-12-31,P,340.0,0.26701179880038683,97.4593065621412,2.19,395.1679795967545,1.0139692263594495,0.8603935985576308,0.15036532169337724,0.14507199828535433,0.23081383282044585,0.08622067590428313,GLD,391.69
2026-12-31,P,345.0,0.26701179880026005,97.45930656209492,2.6399999999999997,395.1679795967545,1.0139692263594495,0.8730464455952429,0.13576652227222463,0.1335422190921911,0.22589159793408345,0.09776495425757069,GLD,391.69
2026-12-31,P,350.0,0.2670117988001649,97.45930656206019,3.175,395.1679795967545,1.0139692263594495,0.8856992926328552,0.12137778482012496,0.12222457493631256,0.22099815524580504,0.11010194647613117,GLD,391.69
2026-12-31,P,355.0,0.26701179880003806,97.4593065620139,3.875,395.1679795967545,1.0139692263594495,0.8983521396704673,0.10719314982816859,0.11131872232339879,0.21746753248775114,0.12377165952326932,GLD,391.69
2026-12-31,P,360.0,0.2670117987999112,97.4593065619676,4.775,395.1679795967545,1.0139692263594495,0.9110049867080796,0.09320690785342864,0.10091201097468439,0.21524357480123055,0.13828264583385164,GLD,391.69
2026-12-31,P,361.0,0.2670117987997844,97.4593065619213,4.975,395.1679795967545,1.0139692263594495,0.913535556115602,0.09043298097070347,0.0988805828313617,0.21482381704390954,0.14117341168912914,GLD,391.69
2026-12-31,P,362.0,0.26701179879965753,97.459306561875,5.175,395.1679795967545,1.0139692263594495,0.9160661255231245,0.08766672747781327,0.09684915468803867,0.214290271278043,0.1440003494454922,GLD,391.69
2026-12-31,P,363.0,0.26701179879956244,97.4593065618403,5.375,395.1679795967545,1.0139692263594495,0.9185966949306469,0.08490810503873361,0.09481772654471576,0.21364720053418074,0.1467668511953987,GLD,391.69
2026-12-31,P,364.0,0.26701179879943554,97.45930656179397,5.575,395.1679795967545,1.0139692263594495,0.9211272643381694,0.08215707166684368,0.09278629840139296,0.2128983789667367,0.1494758932419092,GLD,391.69
2026-12-31,P,365.0,0.26701179879930875,97.4593065617477,5.775,395.1679795967545,1.0139692263594495,0.9236578337456919,0.07941358572109276,0.09075487025806994,0.21204714603696087,0.15213007674941662,GLD,391.69
2026-12-31,P,366.0,0.2670117987992136,97.45930656171296,6.050000000000001,395.1679795967545,1.0139692263594495,0.9261884031532143,0.07667760590221809,0.088910620088822,0.2123044560858552,0.15516342713698042,GLD,391.69
2026-12-31,P,367.0,0.26701179879908676,97.45930656166666,6.275,395.1679795967545,1.0139692263594495,0.9287189725607368,0.073949091249014,0.08694158460352397,0.21163292130717007,0.15782442375116143,GLD,391.69
2026-12-31,P,368.0,0.2670117987989599,97.45930656162037,6.550000000000001,395.1679795967545,1.0139692263594495,0.9312495419682592,0.0712280011346534,0.0850973344342758,0.21163250176010825,0.16067107046211235,GLD,391.69
2026-12-31,P,369.0,0.2670117987988331,97.45930656157407,6.800000000000001,395.1679795967545,1.0139692263594495,0.9337801113757817,0.06851429526305709,0.08319069160700276,0.21112171784041783,0.1633062790327842,GLD,391.69
2026-12-31,P,370.0,0.26701179879867454,97.4593065615162,7.075,395.1679795967545,1.0139692263594495,0.936310680783304,0.0658079336653142,0.08134644143775482,0.2108752935037943,0.16597398086675422,GLD,391.69
2026-12-31,P,371.0,0.2670117987985477,97.45930656146992,7.35,395.1679795967545,1.0139692263594495,0.9388412501908265,0.06310887669614913,0.07950219126850677,0.21050896258707,0.1685536208610734,GLD,391.69
2026-12-31,P,372.0,0.26701179879845255,97.45930656143518,7.65,395.1679795967545,1.0139692263594495,0.9413718195983489,0.06041708503043778,0.0777203337572836,0.2103910851192963,0.17113954691532837,GLD,391.69
2026-12-31,P,373.0,0.26701179879832576,97.4593065613889,7.9,395.1679795967545,1.0139692263594495,0.9439023890058714,0.057732519659768736,0.07581369093001056,0.20943088256125814,0.17346176932764001,GLD,391.69
2026-12-31,P,374.0,0.26701179879819886,97.45930656134259,8.25,395.1679795967545,1.0139692263594495,0.9464329584133938,0.0550551418890524,0.07415661873483737,0.20978922178516432,0.17602479498377419,GLD,391.69
2026-12-31,P,375.0,0.2670117987980721,97.4593065612963,8.55,395.1679795967545,1.0139692263594495,0.9489635278209163,0.052384913333173466,0.07237476122361408,0.20931227501710647,0.17833081842464824,GLD,391.69
2026-12-31,P,376.0,0.26701179879797693,97.45930656126158,8.9,395.1679795967545,1.0139692263594495,0.9514940972284387,0.049721795913689824,0.07071768902844089,0.20941282630156383,0.1806740051999256,GLD,391.69
2026-12-31,P,377.0,0.2670117987978501,97.45930656121529,9.225,395.1679795967545,1.0139692263594495,0.9540246666359612,0.04706575185557352,0.06899822417524282,0.20904474837652207,0.18285092530270855,GLD,391.69
2026-12-31,P,378.0,0.26701179879772324,97.45930656116899,9.575,395.1679795967545,1.0139692263594495,0.9565552360434836,0.04441674368399665,0.06734115198006962,0.2088980148882956,0.18498289729798592,GLD,391.69
2026-12-31,P,379.0,0.2670117987975964,97.45930656112269,9.925,395.1679795967545,1.0139692263594495,0.9590858054510061,0.04177473422115793,0.06568407978489632,0.20863047353023847,0.18701103211194234,GLD,391.69
2026-12-31,P,380.0,0.26701179879746956,97.45930656107639,10.3,395.1679795967545,1.0139692263594495,0.9616163748585285,0.03913968658315289,0.06408940024774812,0.20857510955047903,0.18897668352510794,GLD,391.69
2026-12-31,P,381.0,0.2670117987973427,97.45930656103009,10.675,395.1679795967545,1.0139692263594495,0.964146944266051,0.03651156417688332,0.06249472071059958,0.20839773151267948,0.19083334837918658,GLD,391.69
2026-12-31,P,382.0,0.26701179879721587,97.45930656098379,11.075,395.1679795967545,1.0139692263594495,0.9666775136735734,0.03389033069700916,0.06096243383147637,0.20842498767995282,0.19261254067769923,GLD,391.69
2026-12-31,P,383.0,0.26701179879708903,97.45930656093749,11.475,395.1679795967545,1.0139692263594495,0.9692080830810959,0.031275950122938295,0.05943014695235305,0.20832968628374313,0.19427885482608834,GLD,391.69
2026-12-31,P,384.0,0.2670117987969939,97.45930656090276,11.875,395.1679795967545,1.0139692263594495,0.9717386524886182,0.028668386715857485,0.05789786007322961,0.2081143902434322,0.19583489526596065,GLD,391.69
2026-12-31,P,385.0,0.2670117987968671,97.45930656085649,12.325,395.1679795967545,1.0139692263594495,0.9742692218961407,0.026067605015800063,0.05649035851015605,0.20841372357691124,0.19731615076721093,GLD,391.69
2026-12-31,P,386.0,0.2670117987967402,97.45930656081018,12.775,395.1679795967545,1.0139692263594495,0.9767997913036631,0.023473569838753483,0.055082856947082814,0.2085883953323964,0.19867729372939746,GLD,391.69
2026-12-31,P,387.0,0.2670117987966134,97.45930656076389,13.2,395.1679795967545,1.0139692263594495,0.9793303607111856,0.02088624627380248,0.05361296272598426,0.20832895176211397,0.19991095437145948,GLD,391.69
2026-12-31,P,388.0,0.26701179879648657,97.4593065607176,13.65,395.1679795967545,1.0139692263594495,0.981860930118708,0.018305599680310904,0.052205461162910805,0.20826356263933088,0.2010428337471425,GLD,391.69
2026-12-31,P,389.0,0.2670117987963915,97.45930656068289,14.125,395.1679795967545,1.0139692263594495,0.9843914995262305,0.015731595685137996,0.05086035225786223,0.2083888037806054,0.20206684568344122,GLD,391.69
2026-12-31,P,390.0,0.2670117987962646,97.45930656063658,14.6,395.1679795967545,1.0139692263594495,0.9869220689337529,0.013164200179892236,0.049515243352813765,0.20839462364666167,0.20297475778302249,GLD,391.69
2026-12-31,P,391.0,0.2670117987961378,97.45930656059029,15.1,395.1679795967545,1.0139692263594495,0.9894526383412754,0.01060337931821852,0.04823252710579018,0.20858889807678146,0.20377017431357372,GLD,391.69
2026-12-31,P,392.0,0.26701179879604264,97.45930656055556,15.6,395.1679795967545,1.0139692263594495,0.9919832077487978,0.00804909951312181,0.046949810858766705,0.20866472552826604,0.2044495782149231,GLD,391.69
2026-12-31,P,393.0,0.2670117987959158,97.45930656050926,16.1,395.1679795967545,1.0139692263594495,0.9945137771563203,0.005501327434323057,0.0456670946117429,0.2086236185165377,0.205014372237666,GLD,391.69
2026-12-31,P,394.0,0.26701179879578896,97.45930656046296,16.6,395.1679795967545,1.0139692263594495,0.9970443465638427,0.0029600300056505323,0.04438437836471942,0.20846674426336098,0.20546536747143263,GLD,391.69
2026-12-31,P,395.0,0.2670117987956621,97.45930656041668,17.15,395.1679795967545,1.0139692263594495,0.9995749159713652,0.0004251744024624249,0.043226447433745596,0.2088012738236125,0.20580107191482533,GLD,391.69
2026-12-31,C,396.0,0.26701179879559866,97.45930656039351,17.475,395.1679795967545,1.0139692263594495,1.0021054853788876,-0.002103271950896196,0.04361246795943511,0.216514475793403,0.2060040478347594,GLD,391.69
2026-12-31,C,397.0,0.2670117987954718,97.45930656034722,17.025,395.1679795967545,1.0139692263594495,1.00463605478641,-0.004625341383606008,0.04248940011498613,0.21678367640565302,0.2061238512959272,GLD,391.69
2026-12-31,C,398.0,0.26701179879537673,97.45930656031251,16.55,395.1679795967545,1.0139692263594495,1.0071666241939325,-0.007141065980853464,0.04130393961251222,0.21664042761229238,0.2061398798881312,GLD,391.69
2026-12-31,C,399.0,0.26701179879524983,97.45930656026619,16.125,395.1679795967545,1.0139692263594495,1.009697193601455,-0.00965047758627916,0.040243264426088186,0.2169935514065915,0.20605341509725306,GLD,391.69
2026-12-31,C,400.0,0.26701179879512305,97.45930656021991,15.675,395.1679795967545,1.0139692263594495,1.0122277630089773,-0.012153607804397636,0.03912019658163922,0.21693556404985742,0.2058636710641527,GLD,391.69
2026-12-31,C,401.0,0.2670117987949962,97.45930656017362,15.25,395.1679795967545,1.0139692263594495,1.0147583324164997,-0.014650488002984779,0.038059521395215186,0.21707289901159535,0.20557447507591667,GLD,391.69
2026-12-31,C,402.0,0.2670117987949011,97.45930656013891,14.850000000000001,395.1679795967545,1.0139692263594495,1.0172889018240223,-0.017141149315436817,0.0370612388668161,0.21740727137572033,0.20519034160585192,GLD,391.69
2026-12-31,C,403.0,0.2670117987947742,97.45930656009259,14.45,395.1679795967545,1.0139692263594495,1.0198194712315447,-0.019625622643098684,0.03606295633841701,0.2176362206502832,0.20470913248390285,GLD,391.69
2026-12-31,C,404.0,0.2670117987946474,97.45930656004631,14.05,395.1679795967545,1.0139692263594495,1.022350040639067,-0.022103938657565717,0.035064673810017925,0.21776010877237173,0.20413076769327743,GLD,391.69
2026-12-31,C,405.0,0.2670117987945205,97.45930655999999,13.6,395.1679795967545,1.0139692263594495,1.0248806100465895,-0.02457612780295473,0.03394160596556895,0.21716567169308368,0.20342911183014337,GLD,391.69
2026-12-31,C,406.0,0.26701179879439374,97.45930655995372,13.3,395.1679795967545,1.0139692263594495,1.027411179454112,-0.027042220298148394,0.03319289406926964,0.21830849979214123,0.20271130684390115,GLD,391.69
2026-12-31,C,407.0,0.26701179879414005,97.45930655986112,12.95,395.1679795967545,1.0139692263594495,1.0299417488616345,-0.029502246139010688,0.03231939685692044,0.21873764230757606,0.2018803442450358,GLD,391.69
2026-12-31,C,408.0,0.2670117987940449,97.45930655982639,12.575,395.1679795967545,1.0139692263594495,1.0324723182691569,-0.031956235100577345,0.03138350698654629,0.21875624526570614,0.2009399361430957,GLD,391.69
2026-12-31,C,409.0,0.26701179879391806,97.45930655978009,12.225000000000001,395.1679795967545,1.0139692263594495,1.0350028876766793,-0.034404216739217335,0.030510009774197096,0.2189837502609898,0.19992976496022666,GLD,391.69
2026-12-31,C,410.0,0.26701179879375947,97.45930655972221,11.899999999999999,395.1679795967545,1.0139692263594495,1.0375334570842019,-0.03684622039476924,0.02969890521987283,0.21942465713559028,0.19885961925647677,GLD,391.69
2026-12-31,C,411.0,0.2670117987936327,97.45930655967592,11.55,395.1679795967545,1.0139692263594495,1.0400640264917242,-0.039282275192650304,0.028825408007523635,0.21945286012136886,0.19767403748915316,GLD,391.69
2026-12-31,C,412.0,0.26701179879350584,97.45930655962962,11.225000000000001,395.1679795967545,1.0139692263594495,1.0425945958992466,-0.04171241004594203,0.028014303453199378,0.2196973918541103,0.19643433128065543,GLD,391.69
2026-12-31,C,413.0,0.267011798793379,97.45930655958334,10.925,395.1679795967545,1.0139692263594495,1.045125165306769,-0.044136653657448344,0.02726559155690006,0.22016380143074762,0.19515206869731858,GLD,391.69
2026-12-31,C,414.0,0.26701179879325215,97.45930655953704,10.625,395.1679795967545,1.0139692263594495,1.0476557347142916,-0.046555034521730126,0.026516879660600744,0.22053625839510074,0.19379333982776062,GLD,391.69
2026-12-31,C,415.0,0.26701179879315706,97.45930655950232,10.325,395.1679795967545,1.0139692263594495,1.050186304121814,-0.04896758092711399,0.025768167764301426,0.22081438755651328,0.19235721017978857,GLD,391.69
2026-12-31,C,416.0,0.26701179879299847,97.45930655944444,10.024999999999999,395.1679795967545,1.0139692263594495,1.0527168735293364,-0.05137432095767892,0.02501945586800211,0.22099760244698313,0.19084243761130038,GLD,391.69
2026-12-31,C,417.0,0.2670117987928716,97.45930655939814,9.725000000000001,395.1679795967545,1.0139692263594495,1.0552474429368588,-0.053775282495217035,0.024270743971702802,0.2210850969777161,0.18924746288720393,GLD,391.69
2026-12-31,C,418.0,0.26701179879271314,97.45930655934029,9.475000000000001,395.1679795967545,1.0139692263594495,1.0577780123443814,-0.056170493221172055,0.023646817391453374,0.2217408684814874,0.1877044048023479,GLD,391.69
2026-12-31,C,419.0,0.26701179879261794,97.45930655930555,9.175,395.1679795967545,1.0139692263594495,1.0603085817519038,-0.05855998061855342,0.022898105495154055,0.22163984803760717,0.18595502088260757,GLD,391.69
2026-12-31,C,420.0,0.2670117987924911,97.45930655925925,8.925,395.1679795967545,1.0139692263594495,1.0628391511594262,-0.06094377197382963,0.022274178914904626,0.22211713661841134,0.18427668628107455,GLD,391.69
2026-12-31,C,421.0,0.2670117987923643,97.45930655921298,8.675,395.1679795967545,1.0139692263594495,1.0653697205669486,-0.063321894378797,0.021650252334655198,0.22250711150985442,0.18253428916828215,GLD,391.69
2026-12-31,C,422.0,0.26701179879223746,97.45930655916668,8.425,395.1679795967545,1.0139692263594495,1.0679002899744712,-0.06569437473242755,0.02102632575440577,0.22280899706845494,0.18072648408910605,GLD,391.69
2026-12-31,C,423.0,0.2670117987921106,97.45930655912038,8.2,395.1679795967545,1.0139692263594495,1.0704308593819936,-0.06806123974269365,0.02046479183218128,0.22337057848594716,0.17894809547252546,GLD,391.69
2026-12-31,C,424.0,0.2670117987919838,97.45930655907408,7.949999999999999,395.1679795967545,1.0139692263594495,1.072961428789516,-0.0704225159283734,0.01984086525193185,0.22349698464242918,0.1770111143242113,GLD,391.69
2026-12-31,C,425.0,0.26701179879188863,97.45930655903935,7.675,395.1679795967545,1.0139692263594495,1.0754919981970383,-0.07277822962083241,0.01915454601365748,0.2231753399723726,0.17489330476329307,GLD,391.69
2026-12-31,C,426.0,0.2670117987917618,97.45930655899305,7.5,395.1679795967545,1.0139692263594495,1.078022567604561,-0.07512840696578615,0.01871779740748288,0.22419506015345075,0.17315603965878065,GLD,391.69
2026-12-31,C,427.0,0.26701179879163495,97.45930655894675,7.300000000000001,395.1679795967545,1.0139692263594495,1.0805531370120833,-0.07747307392504024,0.018218656143283336,0.22478029894524484,0.17126116321953674,GLD,391.69
2026-12-31,C,428.0,0.2670117987915081,97.45930655890045,7.075,395.1679795967545,1.0139692263594495,1.0830837064196057,-0.07981225627821242,0.01765712222105885,0.2249183316067583,0.1691881187613207,GLD,391.69
2026-12-31,C,429.0,0.26701179879138126,97.45930655885417,6.875,395.1679795967545,1.0139692263594495,1.085614275827128,-0.08214597962443256,0.017157980956859307,0.2253411463781441,0.1671877467585895,GLD,391.69
2026-12-31,C,430.0,0.2670117987912545,97.45930655880788,6.675,395.1679795967545,1.0139692263594495,1.0881448452346507,-0.08447426938402385,0.01665883969265976,0.22568323535820595,0.16513567412175795,GLD,391.69
2026-12-31,C,431.0,0.2670117987911593,97.45930655877315,6.5,395.1679795967545,1.0139692263594495,1.090675414642173,-0.08679715080016347,0.01622209108648516,0.22632588193773964,0.16318148125591522,GLD,391.69
2026-12-31,C,432.0,0.26701179879103243,97.45930655872684,6.300000000000001,395.1679795967545,1.0139692263594495,1.0932059840496955,-0.08911464894052594,0.015722949822285618,0.22650771541466772,0.16102851884369093,GLD,391.69
2026-12-31,C,433.0,0.26701179879090564,97.45930655868055,6.1,395.1679795967545,1.0139692263594495,1.0957365534572179,-0.09142678869890543,0.015223808558086074,0.22660476800038615,0.15881842783832903,GLD,391.69
2026-12-31,C,434.0,0.26701179879077874,97.45930655863424,5.949999999999999,395.1679795967545,1.0139692263594495,1.0982671228647405,-0.0937335947968206,0.014849452609936415,0.2274113941949944,0.15689793155317294,GLD,391.69
2026-12-31,C,435.0,0.26701179879068365,97.45930655859954,5.775,395.1679795967545,1.0139692263594495,1.1007976922722629,-0.09603509178509978,0.014412704003761817,0.2277484171784868,0.15476601820972916,GLD,391.69
2026-12-31,C,436.0,0.2670117987905568,97.45930655855324,5.6,395.1679795967545,1.0139692263594495,1.1033282616797853,-0.09833130404544994,0.013975955397587215,0.2280070807204147,0.1525874202843303,GLD,391.69
2026-12-31,C,437.0,0.26701179879042997,97.45930655850694,5.425,395.1679795967545,1.0139692263594495,1.1058588310873076,-0.10062225579200573,0.013539206791412614,0.22818578720204497,0.15036020921184964,GLD,391.69
2026-12-31,C,438.0,0.2670117987903031,97.45930655846064,5.275,395.1679795967545,1.0139692263594495,1.1083894004948303,-0.10290797107286186,0.013164850843262958,0.22870377312178353,0.14828874076097992,GLD,391.69
2026-12-31,C,440.0,0.26701179879020803,97.45930655842594,4.975,395.1679795967545,1.0139692263594495,1.113450539309875,-0.10746378760872248,0.012416138946963641,0.229525456502626,0.14403690104161684,GLD,391.69
2026-12-31,C,445.0,0.26701179879008113,97.45930655837961,4.35,395.1679795967545,1.0139692263594495,1.1261033863474872,-0.11876334286265579,0.010856322496340068,0.2325966155295943,0.13401633503246738,GLD,391.69
2026-12-31,C,450.0,0.26701179878995435,97.45930655833334,3.725,395.1679795967545,1.0139692263594495,1.1387562333850996,-0.12993664346078115,0.009296506045716496,0.23399873833907786,0.12326390193511808,GLD,391.69
2026-12-31,C,455.0,0.2670117987898275,97.45930655828704,3.25,395.1679795967545,1.0139692263594495,1.1514090804227117,-0.14098647964736608,0.00811104554324258,0.23682797250452114,0.11370108880422526,GLD,391.69
2026-12-31,C,460.0,0.26701179878970066,97.45930655824074,2.8449999999999998,395.1679795967545,1.0139692263594495,1.1640619274603239,-0.1519155501795563,0.007100284483238505,0.23980307893480937,0.1047016025734906,GLD,391.69
2026-12-31,C,465.0,0.2670117987896055,97.45930655820601,2.49,395.1679795967545,1.0139692263594495,1.1767147744979363,-0.16272646628377208,0.006214308739284316,0.24266577859016025,0.09615211006079959,GLD,391.69
2026-12-31,C,470.0,0.2670117987894787,97.45930655815974,2.1799999999999997,395.1679795967545,1.0139692263594495,1.1893676215355484,-0.17342175540052,0.005440639779775023,0.24545335018560097,0.0881030300201043,GLD,391.69
2026-12-31,C,475.0,0.26701179878935183,97.45930655811341,1.915,395.1679795967545,1.0139692263594495,1.2020204685731606,-0.18400386473105687,0.004779277604710628,0.24834640491736287,0.08068603047168602,GLD,391.69
2026-12-31,C,480.0,0.26701179878922504,97.45930655806714,1.705,395.1679795967545,1.0139692263594495,1.2146733156107727,-0.19447516459835223,0.004255179277301108,0.2519033254834808,0.07426301652610202,GLD,391.69
2026-12-31,C,485.0,0.26701179878909814,97.45930655802083,1.54,395.1679795967545,1.0139692263594495,1.2273261626483851,-0.20483795163389895,0.0038433877343364846,0.256108808604234,0.06878190151087674,GLD,391.69
2026-12-31,C,490.0,0.26701179878884446,97.45930655792823,1.355,395.1679795967545,1.0139692263594495,1.2399790096859973,-0.215094451801088,0.0033816820649519067,0.25871004869158615,0.06277081831759343,GLD,391.69
2026-12-31,C,495.0,0.26701179878874937,97.45930655789351,1.2349999999999999,395.1679795967545,1.0139692263594495,1.2526318567236094,-0.22524682326510595,0.0030821973064321805,0.26307093603589354,0.058328264124534415,GLD,391.69
2026-12-31,C,500.0,0.2670117987886225,97.45930655784723,1.135,395.1679795967545,1.0139692263594495,1.2652847037612216,-0.23529715911860735,0.002832626674332409,0.26768249317912324,0.05443247777687391,GLD,391.69
2026-12-31,C,505.0,0.2670117987884957,97.45930655780093,1.0350000000000001,395.1679795967545,1.0139692263594495,1.277937550798834,-0.24524748997177556,0.0025830560422326378,0.27171293644799416,0.05056145275318056,GLD,391.69
2026-12-31,C,510.0,0.26701179878836884,97.45930655775463,0.9450000000000001,395.1679795967545,1.0139692263594495,1.2905903978364461,-0.25509978641478714,0.002358442473342843,0.27564894450500615,0.04698418134324344,GLD,391.69
2026-12-31,C,515.0,0.267011798788242,97.45930655770833,0.8999999999999999,395.1679795967545,1.0139692263594495,1.3032432448740583,-0.26485596136015177,0.002246135688897945,0.2815341033406487,0.0447496518972262,GLD,391.69
2026-12-31,C,520.0,0.26701179878811515,97.45930655766203,0.8400000000000001,395.1679795967545,1.0139692263594495,1.3158960919116705,-0.2745178722718886,0.0020963933096380827,0.2862325105889576,0.04212640791654076,GLD,391.69
2026-12-31,C,525.0,0.26701179878802006,97.45930655762733,0.78,395.1679795967545,1.0139692263594495,1.3285489389492828,-0.2840873232880395,0.0019466509303782194,0.2905196087762563,0.03953703420328246,GLD,391.69
2026-12-31,C,530.0,0.26701179878789316,97.459306557581,0.745,395.1679795967545,1.0139692263594495,1.341201785986895,-0.2935660672425832,0.0018593012091432993,0.29604195943255823,0.03775273452750514,GLD,391.69
2026-12-31,C,535.0,0.2670117987877664,97.45930655753473,0.6950000000000001,395.1679795967545,1.0139692263594495,1.3538546330245071,-0.3029558075924222,0.0017345158930934135,0.30025618545092014,0.0355398183314234,GLD,391.69
2026-12-31,C,540.0,0.26701179878763953,97.45930655748843,0.655,395.1679795967545,1.0139692263594495,1.3665074800621193,-0.31225820025473566,0.0016346876402535048,0.3048290523110671,0.033671423335469415,GLD,391.69
2026-12-31,C,545.0,0.2670117987875127,97.45930655744213,0.625,395.1679795967545,1.0139692263594495,1.3791603270997317,-0.3214748553596598,0.0015598164506235733,0.309865800496456,0.032156098577123836,GLD,391.69
2026-12-31,C,550.0,0.26701179878741754,97.4593065574074,0.595,395.1679795967545,1.0139692263594495,1.3918131741373438,-0.33060733892293226,0.0014849452609936415,0.3146571017821849,0.030672040308443452,GLD,391.69
2026-12-31,C,555.0,0.26701179878729076,97.45930655736113,0.5700000000000001,395.1679795967545,1.0139692263594495,1.404466021174956,-0.33965717444285015,0.001422552602968699,0.31962351874622597,0.0293804405345256,GLD,391.69
2026-12-31,C,560.0,0.26701179878716386,97.4593065573148,0.5249999999999999,395.1679795967545,1.0139692263594495,1.4171188682125684,-0.3486258444256107,0.0013102458185238013,0.32257652127292225,0.027445487045600108,GLD,391.69
2026-12-31,C,565.0,0.26701179878703707,97.45930655726853,0.52,395.1679795967545,1.0139692263594495,1.4297717152501805,-0.3575147918428566,0.001297767286918813,0.3289026156833801,0.026874643200716513,GLD,391.69
2027-01-15,P,276.0,0.3081076891847413,112.45930655243058,0.455,394.65106175051284,1.0074541590924824,0.699351976340252,0.35760112079348744,0.3017924104261007,0.3171094103211969,0.023424641926475614,GLD,391.69
2027-01-15,P,277.0,0.3081076891846144,112.45930655238425,0.47,394.65106175051284,1.0074541590924824,0.7018858603124993,0.35398448032329893,0.2992962534901069,0.3158867395916151,0.02408223059462259,GLD,391.69
2027-01-15,P,278.0,0.30810768918445586,112.45930655232638,0.46499999999999997,394.65106175051284,1.0074541590924824,0.7044197442847466,0.35038087282000036,0.2967497938391084,0.3125580018614423,0.0240920820435094,GLD,391.69
2027-01-15,P,279.0,0.308107689184329,112.4593065522801,0.47500000000000003,394.65106175051284,1.0074541590924824,0.7069536282569939,0.3467902046892718,0.29424106122436333,0.3107908314711914,0.024594463818455054,GLD,391.69
2027-01-15,P,280.0,0.30810768918420217,112.4593065522338,0.51,394.65106175051284,1.0074541590924824,0.7094875122292412,0.3432123833413878,0.291795207003374,0.3114690388780876,0.025903537517340685,GLD,391.69
2027-01-15,P,281.0,0.30810768918407533,112.4593065521875,0.51,394.65106175051284,1.0074541590924824,0.7120213962014885,0.3396473171768916,0.2892613230311267,0.30865574419573066,0.026091619580191978,GLD,391.69
2027-01-15,P,282.0,0.3081076891839485,112.4593065521412,0.52,394.65106175051284,1.0074541590924824,0.7145552801737358,0.3360949155725238,0.2867525904163817,0.3068015250866693,0.026602262993501047,GLD,391.69
2027-01-15,P,283.0,0.30810768918385334,112.45930655210647,0.53,394.65106175051284,1.0074541590924824,0.7170891641459831,0.33255508886739976,0.28424385780163663,0.30493002161196303,0.027116456717624374,GLD,391.69
2027-01-15,P,284.0,0.30810768918372655,112.4593065520602,0.515,394.65106175051284,1.0074541590924824,0.7196230481182303,0.3290277483494315,0.28167224679313596,0.30073292835364773,0.026832776464194793,GLD,391.69
2027-01-15,P,285.0,0.30810768918359965,112.45930655201387,0.5449999999999999,394.65106175051284,1.0074541590924824,0.7221569320904776,0.325512806241987,0.2792138168933954,0.3006895816705549,0.027997532161487763,GLD,391.69
2027-01-15,P,286.0,0.30810768918347287,112.4593065519676,0.565,394.65106175051284,1.0074541590924824,0.7246908160627249,0.3220101756907849,0.27673023563615284,0.29965479700111625,0.02883885890152362,GLD,391.69
2027-01-15,P,287.0,0.308107689183346,112.4593065519213,0.5800000000000001,394.65106175051284,1.0074541590924824,0.7272247000349722,0.3185197707510164,0.2742340787001588,0.2981389048783622,0.02952437751943514,GLD,391.69
2027-01-15,P,288.0,0.3081076891832192,112.459306551875,0.605,394.65106175051284,1.0074541590924824,0.7297585840072195,0.3150415063746915,0.27176307312166725,0.297419481441052,0.03052139837953624,GLD,391.69
2027-01-15,P,289.0,0.30810768918309234,112.4593065518287,0.605,394.65106175051284,1.0074541590924824,0.7322924679794668,0.3115752983982053,0.26922918914941996,0.29460517259479657,0.030749767086613665,GLD,391.69
2027-01-15,P,290.0,0.3081076891829655,112.4593065517824,0.6100000000000001,394.65106175051284,1.0074541590924824,0.7348263519517141,0.30812106353011776,0.2667078808559237,0.29220304704825767,0.031136534295064952,GLD,391.69
2027-01-15,P,291.0,0.30810768918287035,112.45930655174767,0.6299999999999999,394.65106175051284,1.0074541590924824,0.7373602359239614,0.3046787193391449,0.2642242995986809,0.29098794320979754,0.03199110077766252,GLD,391.69
2027-01-15,P,292.0,0.30810768918274356,112.4593065517014,0.6299999999999999,394.65106175051284,1.0074541590924824,0.7398941198962087,0.30124818424235567,0.2616904156264336,0.2881802069936639,0.03223385910568043,GLD,391.69
2027-01-15,P,293.0,0.30810768918261666,112.45930655165508,0.6499999999999999,394.65106175051284,1.0074541590924824,0.742428003868456,0.29782937749357014,0.2592068343691908,0.28691367532954726,0.033096918633510004,GLD,391.69
2027-01-15,P,294.0,0.3081076891824899,112.4593065516088,0.6699999999999999,394.65106175051284,1.0074541590924824,0.7449618878407033,0.2944222191719558,0.256723253111948,0.28560286372116267,0.03396160075235444,GLD,391.69
2027-01-15,P,295.0,0.308107689182363,112.45930655156249,0.6799999999999999,394.65106175051284,1.0074541590924824,0.7474957718129506,0.2910266301708176,0.25421452049720294,0.28352457624649097,0.034526603008682745,GLD,391.69
2027-01-15,P,296.0,0.3081076891822679,112.45930655152777,0.6950000000000001,394.65106175051284,1.0074541590924824,0.7500296557851979,0.28764253218657704,0.25171836356120914,0.2817930757162384,0.03524780605308378,GLD,391.69
2027-01-15,P,297.0,0.30810768918214104,112.45930655148148,0.7150000000000001,394.65106175051284,1.0074541590924824,0.7525635397574452,0.2842698477079378,0.24923478230396634,0.2803869413007136,0.03612315380070251,GLD,391.69
2027-01-15,P,298.0,0.3081076891820142,112.45930655143518,0.745,394.65106175051284,1.0074541590924824,0.7550974237296925,0.28090850000523293,0.2467763524042258,0.2796199262977709,0.03729643663257352,GLD,391.69
2027-01-15,P,299.0,0.30810768918188736,112.45930655138889,0.745,394.65106175051284,1.0074541590924824,0.7576313077019398,0.27755841311995094,0.2442424684319785,0.2767959906517234,0.0375875313369869,GLD,391.69
2027-01-15,P,300.0,0.30810768918166537,112.45930655130786,0.7849999999999999,394.65106175051284,1.0074541590924824,0.760165191674187,0.27421951185443644,0.24180918988974032,0.2765936995102688,0.03905762441185854,GLD,391.69
2027-01-15,P,301.0,0.3081076891815386,112.45930655126158,0.7949999999999999,394.65106175051284,1.0074541590924824,0.7626990756464342,0.2708917217617618,0.23930045727499527,0.2743987444197149,0.039655323867231876,GLD,391.69
2027-01-15,P,302.0,0.3081076891814117,112.45930655121526,0.8,394.65106175051284,1.0074541590924824,0.7652329596186815,0.26757496913576784,0.2367791489814992,0.2718825898597828,0.04011439858451967,GLD,391.69
2027-01-15,P,303.0,0.3081076891812849,112.45930655116899,0.825,394.65106175051284,1.0074541590924824,0.7677668435909288,0.26426918100126834,0.23430814340300765,0.27059741333404475,0.04115785914441181,GLD,391.69
2027-01-15,P,304.0,0.30810768918115805,112.4593065511227,0.845,394.65106175051284,1.0074541590924824,0.7703007275631761,0.2609742851044158,0.23182456214576486,0.2689690046449765,0.042060910877812045,GLD,391.69
2027-01-15,P,305.0,0.30810768918106296,112.45930655108798,0.87,394.65106175051284,1.0074541590924824,0.7728346115354234,0.25769020990322583,0.22935355656727308,0.26760356741494556,0.043110136412672605,GLD,391.69
2027-01-15,P,306.0,0.30810768918093606,112.45930655104166,0.905,394.65106175051284,1.0074541590924824,0.7753684955076707,0.2544168845582567,0.22690770234628377,0.2667646150174923,0.044440820609272944,GLD,391.69
2027-01-15,P,307.0,0.3081076891808093,112.45930655099538,0.915,394.65106175051284,1.0074541590924824,0.777902379479918,0.2511542389234403,0.22439896973153872,0.2644721297122066,0.04507854907211723,GLD,391.69
2027-01-15,P,308.0,0.3081076891806824,112.45930655094907,0.9550000000000001,394.65106175051284,1.0074541590924824,0.7804362634521653,0.24790220353706297,0.22196569118930043,0.26380843939657295,0.04654952953838985,GLD,391.69
2027-01-15,P,309.0,0.3081076891805556,112.4593065509028,0.96,394.65106175051284,1.0074541590924824,0.7829701474244126,0.24466070961289196,0.21944438289580437,0.26121309602235404,0.04706578858250031,GLD,391.69
2027-01-15,P,310.0,0.30810768918046044,112.45930655086806,1.0,394.65106175051284,1.0074541590924824,0.7855040313966599,0.2414296890314455,0.21701110435356608,0.2604497001175596,0.048540202251920926,GLD,391.69
2027-01-15,P,311.0,0.3081076891803336,112.45930655082176,1.04,394.65106175051284,1.0074541590924824,0.7880379153689072,0.23820907433140326,0.21457782581132778,0.25961202996384897,0.05000885415383073,GLD,391.69
2027-01-15,P,312.0,0.30810768918020676,112.45930655077547,1.0550000000000002,394.65106175051284,1.0074541590924824,0.7905717993411545,0.23499879870115503,0.21208166887533375,0.2574748947243129,0.05081846362120528,GLD,391.69
2027-01-15,P,313.0,0.3081076891800799,112.45930655072917,1.105,394.65106175051284,1.0074541590924824,0.7931056833134018,0.23179879597048417,0.20967354169059793,0.257014945970672,0.052547785925242944,GLD,391.69
2027-01-15,P,314.0,0.30810768917995307,112.45930655068287,1.1099999999999999,394.65106175051284,1.0074541590924824,0.7956395672856491,0.228609000602384,0.20715223339710165,0.2543538834085767,0.05311418623064529,GLD,391.69
2027-01-15,P,315.0,0.308107689179858,112.45930655064817,1.15,394.65106175051284,1.0074541590924824,0.7981734512578963,0.22542934768500444,0.20471895485486347,0.25331939076936677,0.05458911614811623,GLD,391.69
2027-01-15,P,316.0,0.3081076891797311,112.45930655060184,1.18,394.65106175051284,1.0074541590924824,0.8007073352301436,0.2222597729237254,0.20226052495512292,0.2517751031437094,0.05581050170038836,GLD,391.69
2027-01-15,P,317.0,0.3081076891796043,112.45930655055557,1.205,394.65106175051284,1.0074541590924824,0.8032412192023909,0.21910021263335688,0.19978951937663136,0.2499739925760544,0.056911812501968015,GLD,391.69
2027-01-15,P,318.0,0.3081076891794774,112.45930655050925,1.275,394.65106175051284,1.0074541590924824,0.8057751031746382,0.21595060373046066,0.19743169490689982,0.25007916449049833,0.05912653328856652,GLD,391.69
2027-01-15,P,319.0,0.3081076891793506,112.45930655046297,1.31,394.65106175051284,1.0074541590924824,0.8083089871468855,0.2128108837257929,0.19498584068591052,0.24860743288995377,0.060476484957890014,GLD,391.69
2027-01-15,P,320.0,0.30810768917925546,112.45930655042824,1.33,394.65106175051284,1.0074541590924824,0.8108428711191328,0.20968099071686522,0.19250225942866772,0.24648343077287194,0.06147308511784767,GLD,391.69
2027-01-15,P,321.0,0.30810768917912856,112.45930655038192,1.385,394.65106175051284,1.0074541590924824,0.8133767550913801,0.2065608633806216,0.19010670792268292,0.2457432001463935,0.06330647775637176,GLD,391.69
2027-01-15,P,322.0,0.3081076891790018,112.45930655033565,1.445,394.65106175051284,1.0074541590924824,0.8159106390636274,0.20345044096622913,0.18772373209544913,0.24511836939840578,0.06524485360906702,GLD,391.69
2027-01-15,P,323.0,0.308107689178875,112.45930655028937,1.49,394.65106175051284,1.0074541590924824,0.8184445230358747,0.2003496632879809,0.18530302923196185,0.2438463075230623,0.06683313740322014,GLD,391.69
2027-01-15,P,324.0,0.3081076891787798,112.45930655025462,1.52,394.65106175051284,1.0074541590924824,0.820978407008122,0.19725847071830804,0.18284459933222152,0.2419707123296125,0.06808772107979229,GLD,391.69
2027-01-15,P,325.0,0.30810768917865294,112.45930655020832,1.55,394.65106175051284,1.0074541590924824,0.8235122909803693,0.19417680418089994,0.18038616943248098,0.2400689237029207,0.06935123483914972,GLD,391.69
2027-01-15,P,326.0,0.30810768917852616,112.45930655016204,1.6400000000000001,394.65106175051284,1.0074541590924824,0.8260461749526166,0.19110460514392977,0.17807864767775394,0.2402587193451882,0.07192829063417122,GLD,391.69
2027-01-15,P,327.0,0.30810768917839926,112.45930655011573,1.65,394.65106175051284,1.0074541590924824,0.8285800589248639,0.188041815613384,0.1755699150630089,0.23757974314753594,0.07277348405823557,GLD,391.69
2027-01-15,P,328.0,0.30810768917827247,112.45930655006946,1.74,394.65106175051284,1.0074541590924824,0.8311139428971112,0.18498837812649366,0.17326239330828186,0.23759870424127702,0.07532279573632565,GLD,391.69
2027-01-15,P,329.0,0.3081076891781773,112.45930655003473,1.77,394.65106175051284,1.0074541590924824,0.8336478268693585,0.1819442357452655,0.17080396340854131,0.23553941965260686,0.07661091211071341,GLD,391.69
2027-01-15,P,330.0,0.3081076891780505,112.45930654998843,1.845,394.65106175051284,1.0074541590924824,0.8361817108416058,0.17890933205011145,0.168458714617561,0.2349021560563892,0.0788238759272538,GLD,391.69
2027-01-15,P,331.0,0.30810768917792364,112.45930654994213,1.9,394.65106175051284,1.0074541590924824,0.8387155948138529,0.1758836111335746,0.16606316311157632,0.23355735660468085,0.08062570565330797,GLD,391.69
2027-01-15,P,332.0,0.30810768917773335,112.45930654987266,1.955,394.65106175051284,1.0074541590924824,0.8412494787861002,0.17286701759414894,0.1636676116055915,0.23216173896013512,0.08242823757190049,GLD,391.69
2027-01-15,P,333.0,0.30810768917760656,112.4593065498264,2.02,394.65106175051284,1.0074541590924824,0.8437833627583475,0.16985949653019367,0.16129721145710874,0.23101528260676724,0.08442327514056985,GLD,391.69
2027-01-15,P,334.0,0.3081076891775114,112.45930654979166,2.0949999999999998,394.65106175051284,1.0074541590924824,0.8463172467305948,0.16686099353393705,0.15895196266612843,0.23009892347172253,0.0866003103948374,GLD,391.69
2027-01-15,P,335.0,0.3081076891773846,112.45930654974539,2.165,394.65106175051284,1.0074541590924824,0.8488511307028421,0.16387145468557102,0.1565941381963969,0.22896884931278322,0.08867506952237644,GLD,391.69
2027-01-15,P,336.0,0.3081076891772577,112.45930654969906,2.25,394.65106175051284,1.0074541590924824,0.8513850146750894,0.16089082654743322,0.15427404076291884,0.22819163935872475,0.09101083112329537,GLD,391.69
2027-01-15,P,337.0,0.30810768917713094,112.4593065496528,2.325,394.65106175051284,1.0074541590924824,0.8539188986473367,0.15791905615827573,0.15192879197193854,0.227065194293564,0.0931564612499191,GLD,391.69
2027-01-15,P,338.0,0.3081076891770358,112.45930654961806,2.4050000000000002,394.65106175051284,1.0074541590924824,0.856452782619584,0.15495609102761865,0.14959611885970925,0.22600730880557512,0.09537985122838548,GLD,391.69
2027-01-15,P,339.0,0.30810768917687725,112.4593065495602,2.495,394.65106175051284,1.0074541590924824,0.8589866665918313,0.15200187913018717,0.14728859710498243,0.22514000949857121,0.09775879583512487,GLD,391.69
2027-01-15,P,340.0,0.30810768917675035,112.45930654951388,2.59,394.65106175051284,1.0074541590924824,0.8615205505640786,0.14905636890043034,0.1449936510290064,0.224322106625736,0.10020159078889929,GLD,391.69
2027-01-15,P,341.0,0.30810768917662357,112.4593065494676,2.6799999999999997,394.65106175051284,1.0074541590924824,0.8640544345363259,0.1461195092271206,0.1426861292742796,0.2233027783292291,0.10254751918492809,GLD,391.69
2027-01-15,P,342.0,0.30810768917646497,112.45930654940972,2.775,394.65106175051284,1.0074541590924824,0.8665883185085732,0.14319124944803224,0.1403911831983038,0.22233331958231084,0.10495652129515708,GLD,391.69
2027-01-15,P,343.0,0.3081076891763699,112.459306549375,2.875,394.65106175051284,1.0074541590924824,0.8691222024808205,0.1402715393446975,0.138108812801079,0.22140828964017112,0.10742397552488793,GLD,391.69
2027-01-15,P,344.0,0.308107689176243,112.45930654932869,3.0,394.65106175051284,1.0074541590924824,0.8716560864530678,0.13736032913723903,0.13588932079760996,0.22097950446289316,0.11023077342467016,GLD,391.69
2027-01-15,P,345.0,0.3081076891761479,112.45930654929398,3.1,394.65106175051284,1.0074541590924824,0.8741899704253151,0.13445756947927762,0.13360695040038517,0.21989477190832749,0.11265442943788555,GLD,391.69
2027-01-15,P,346.0,0.30810768917602105,112.45930654924769,3.2,394.65106175051284,1.0074541590924824,0.8767238543975623,0.13156321145291325,0.13132458000316072,0.2187409426731076,0.11506392602830548,GLD,391.69
2027-01-15,P,347.0,0.30810768917592596,112.45930654921297,3.35,394.65106175051284,1.0074541590924824,0.8792577383698096,0.1286772065637783,0.1291679663934472,0.21858797413051084,0.11811043895728851,GLD,391.69
2027-01-15,P,348.0,0.30810768917579906,112.45930654916666,3.5,394.65106175051284,1.0074541590924824,0.8817916223420569,0.12579950673616314,0.12701135278373388,0.21832259780603555,0.12110135411818305,GLD,391.69
2027-01-15,P,349.0,0.3081076891756723,112.45930654912038,3.6,394.65106175051284,1.0074541590924824,0.8843255063143042,0.12293006430821031,0.12472898238650909,0.21693428337241066,0.1234429145587206,GLD,391.69
2027-01-15,P,350.0,0.3081076891755771,112.45930654908565,3.75,394.65106175051284,1.0074541590924824,0.8868593902865515,0.12006883202717811,0.12257236877679578,0.21648399719265737,0.12635839575623323,GLD,391.69
2027-01-15,P,351.0,0.30810768917545023,112.45930654903934,3.9,394.65106175051284,1.0074541590924824,0.8893932742587988,0.11721576304477165,0.12041575516708225,0.21593532959129205,0.12922813588151436,GLD,391.69
2027-01-15,P,352.0,0.30810768917535514,112.45930654900462,4.050000000000001,394.65106175051284,1.0074541590924824,0.8919271582310461,0.11437081091254035,0.11825914155736894,0.21529248248479765,0.1320551942267542,GLD,391.69
2027-01-15,P,353.0,0.3081076891752283,112.45930654895832,4.199999999999999,394.65106175051284,1.0074541590924824,0.8944610422032934,0.11153392957734068,0.11610252794765541,0.21455921545338238,0.13484232432079254,GLD,391.69
2027-01-15,P,354.0,0.3081076891751332,112.45930654892362,4.35,394.65106175051284,1.0074541590924824,0.8969949261755407,0.10870507337686298,0.1139459143379421,0.21373889795941364,0.1375920078430375,GLD,391.69
2027-01-15,P,355.0,0.3081076891750063,112.45930654887731,4.525,394.65106175051284,1.0074541590924824,0.899528810147788,0.10588419703522163,0.11185217912198431,0.21328232725321392,0.14054202424814355,GLD,391.69
2027-01-15,P,356.0,0.3081076891749112,112.45930654884259,4.699999999999999,394.65106175051284,1.0074541590924824,0.9020626941200353,0.10307125565860696,0.10975844390602651,0.2127270001374291,0.1434389538390806,GLD,391.69
2027-01-15,P,357.0,0.30810768917478437,112.45930654879629,4.875,394.65106175051284,1.0074541590924824,0.9045965780922826,0.10026620473099833,0.10766470869006872,0.21207671041738915,0.1462858346921718,GLD,391.69
2027-01-15,P,358.0,0.30810768917465753,112.45930654874999,5.075,394.65106175051284,1.0074541590924824,0.9071304620645299,0.0974690001099371,0.10563385186786667,0.21175632040540415,0.14928914785198885,GLD,391.69
2027-01-15,P,359.0,0.3081076891745624,112.45930654871528,5.275,394.65106175051284,1.0074541590924824,0.9096643460367771,0.09467959802235852,0.10360299504566461,0.21133160294368186,0.15222789669531214,GLD,391.69
2027-01-15,P,360.0,0.3081076891744356,112.45930654866899,5.475,394.65106175051284,1.0074541590924824,0.9121982300090244,0.09189795506048169,0.10157213822346234,0.21080654415180478,0.1551055259713579,GLD,391.69
2027-01-15,P,365.0,0.30810768917434045,112.45930654863426,6.575,394.65106175051284,1.0074541590924824,0.9248676498702608,0.07810463292814596,0.09166936768747447,0.2082763592684999,0.16922469929184664,GLD,391.69
2027-01-15,P,370.0,0.3081076891742136,112.45930654858796,7.925000000000001,394.65106175051284,1.0074541590924824,0.9375370697314973,0.0644989808723673,0.08239538108904298,0.20687434959463927,0.18282318475583267,GLD,391.69
2027-01-15,P,375.0,0.30810768917408676,112.45930654854166,9.45,394.65106175051284,1.0074541590924824,0.9502064895927338,0.051075960540226575,0.073561543246901,0.20523381025487528,0.1949016548774504,GLD,391.69
2027-01-15,P,380.0,0.3081076891739916,112.45930654850694,11.225,394.65106175051284,1.0074541590924824,0.9628759094539702,0.03783073379020602,0.06535648934231564,0.20417105933711815,0.20518836364073403,GLD,391.69
2027-01-15,P,385.0,0.3081076891738648,112.45930654846065,13.25,394.65106175051284,1.0074541590924824,0.9755453293152067,0.024758652222853207,0.05778021937528666,0.20350348986768993,0.21318689348718797,GLD,391.69
2027-01-15,P,390.0,0.3081076891737696,112.45930654842591,15.524999999999999,394.65106175051284,1.0074541590924824,0.9882147491764431,0.011855247386945282,0.050832733345814174,0.20313291405898753,0.21857287687654567,GLD,391.69
2027-01-15,C,395.0,0.3081076891737063,112.4593065484028,19.5,394.65106175051284,1.0074541590924824,1.0008841690376795,-0.000883778390484399,0.049045147129405366,0.22351534245559185,0.22110909167427661,GLD,391.69
2027-01-15,C,400.0,0.3081076891736111,112.45930654836805,17.25,394.65106175051284,1.0074541590924824,1.013553588898916,-0.013462560597344552,0.04338609169139705,0.22383657336369187,0.22120616263923162,GLD,391.69
2027-01-15,C,405.0,0.30810768917348424,112.45930654832175,15.2,394.65106175051284,1.0074541590924824,1.0262230087601525,-0.025885080595901742,0.03823006340343392,0.22417093080617537,0.2191011256018595,GLD,391.69
2027-01-15,C,410.0,0.30810768917338915,112.45930654828705,13.375,394.65106175051284,1.0074541590924824,1.038892428621389,-0.03815517318771612,0.03363994065927163,0.22489985374350166,0.21498856889800774,GLD,391.69
2027-01-15,C,415.0,0.30810768917326226,112.45930654824072,11.725,394.65106175051284,1.0074541590924824,1.0515618484826252,-0.05027653372006076,0.029489966671398866,0.22556340038608044,0.20908046551715037,GLD,391.69
2027-01-15,C,420.0,0.30810768917316717,112.45930654820602,10.275,394.65106175051284,1.0074541590924824,1.0642312683438617,-0.062252724766776485,0.02584301983357129,0.22660107044338884,0.20171058833212688,GLD,391.69
2027-01-15,C,425.0,0.3081076891730403,112.45930654815972,9.0,394.65106175051284,1.0074541590924824,1.0769006882050982,-0.07408718241377936,0.022636221752033246,0.2278853045195829,0.193192065736989,GLD,391.69
2027-01-15,C,430.0,0.30810768917294523,112.45930654812501,7.875,394.65106175051284,1.0074541590924824,1.0895701080663347,-0.08578322217697067,0.01980669403302909,0.2292786100842147,0.1838028788339745,GLD,391.69
2027-01-15,C,435.0,0.30810768917281833,112.45930654807869,6.875,394.65106175051284,1.0074541590924824,1.1022395279275712,-0.09734404457804668,0.017291558282803172,0.23061654833402107,0.17375554909693058,GLD,391.69
2027-01-15,C,440.0,0.30810768917269155,112.45930654803242,6.025,394.65106175051284,1.0074541590924824,1.1149089477888077,-0.10877274040166947,0.015153692895111145,0.23245857422982447,0.16355537398603506,GLD,391.69
2027-01-15,C,445.0,0.3081076891725964,112.45930654799768,5.275,394.65106175051284,1.0074541590924824,1.1275783676500442,-0.12007229565560287,0.013267341082441708,0.23427506413938567,0.1532085759646883,GLD,391.69
2027-01-15,C,450.0,0.30810768917243786,112.45930654793982,4.65,394.65106175051284,1.0074541590924824,1.1402477875112804,-0.13124559625372795,0.01169538123855051,0.23669055193942556,0.14325957583731652,GLD,391.69
2027-01-15,C,455.0,0.3081076891723427,112.45930654790509,4.1,394.65106175051284,1.0074541590924824,1.152917207372517,-0.14229543244031295,0.010312056575926255,0.23908378272916497,0.13352212065081587,GLD,391.69
2027-01-15,C,460.0,0.3081076891722159,112.45930654785882,3.6,394.65106175051284,1.0074541590924824,1.1655866272337534,-0.15322450297250323,0.009054488700813297,0.24112414722353645,0.12387008482751037,GLD,391.69
2027-01-15,C,465.0,0.3081076891721207,112.45930654782407,3.2,394.65106175051284,1.0074541590924824,1.1782560470949899,-0.1640354190767189,0.008048434400722932,0.24399842821886195,0.11517373099257626,GLD,391.69
2027-01-15,C,470.0,0.30810768917199394,112.45930654777779,2.8049999999999997,394.65106175051284,1.0074541590924824,1.1909254669562264,-0.1747307081934669,0.007054955779383694,0.24583747702363487,0.10620785305318223,GLD,391.69
2027-01-15,C,475.0,0.3081076891718671,112.45930654773149,2.505,394.65106175051284,1.0074541590924824,1.2035948868174629,-0.18531281752400386,0.006300415054315919,0.2488447087858574,0.09854159114351636,GLD,391.69
2027-01-15,C,480.0,0.3081076891717719,112.45930654769674,2.2350000000000003,394.65106175051284,1.0074541590924824,1.2162643066786991,-0.1957841173912991,0.005621328401754923,0.25167617166954803,0.09124571222528538,GLD,391.69
2027-01-15,C,485.0,0.3081076891716451,112.45930654765046,2.005,394.65106175051284,1.0074541590924824,1.2289337265399356,-0.20614690442684572,0.005042847179202961,0.25472547249494565,0.08459520519207661,GLD,391.69
2027-01-15,C,490.0,0.30810768917154996,112.45930654761574,1.825,394.65106175051284,1.0074541590924824,1.241603146401172,-0.21640340459403484,0.004590122744162296,0.25849581512087294,0.07892171966342201,GLD,391.69
2027-01-15,C,495.0,0.3081076891714231,112.45930654756944,1.63,394.65106175051284,1.0074541590924824,1.2542725662624086,-0.22655577605805288,0.004099671272868243,0.2610371283399784,0.07285111289312535,GLD,391.69
2027-01-15,C,500.0,0.30810768917132797,112.45930654753471,1.52,394.65106175051284,1.0074541590924824,1.266941986123645,-0.23660611191155434,0.0038230063403433927,0.26586370153382644,0.06874844338630977,GLD,391.69
2027-01-15,C,505.0,0.3081076891712012,112.45930654748844,1.38,394.65106175051284,1.0074541590924824,1.2796114059848815,-0.24655644276472247,0.003470887335311764,0.2690442278926707,0.0639300345930465,GLD,391.69
2027-01-15,C,510.0,0.3081076891710743,112.45930654744211,1.275,394.65106175051284,1.0074541590924824,1.2922808258461178,-0.25640873920773394,0.0032067980815380427,0.27303364669238167,0.05999706270279465,GLD,391.69
2027-01-15,C,515.0,0.3081076891709792,112.45930654740741,1.17,394.65106175051284,1.0074541590924824,1.3049502457073543,-0.2661649141530987,0.0029427088277643215,0.2765154714123174,0.05607604822865521,GLD,391.69
2027-01-15,C,520.0,0.30810768917085235,112.45930654736111,1.0699999999999998,394.65106175051284,1.0074541590924824,1.3176196655685908,-0.2758268250648356,0.00269119525274173,0.27969278183404733,0.05229007280923553,GLD,391.69
2027-01-15,C,525.0,0.30810768917075726,112.4593065473264,1.0150000000000001,394.65106175051284,1.0074541590924824,1.3302890854298273,-0.28539627608098633,0.0025528627864793052,0.2846156163727904,0.04980017033584642,GLD,391.69
2027-01-15,C,530.0,0.30810768917063036,112.45930654728008,0.9550000000000001,394.65106175051284,1.0074541590924824,1.3429585052910638,-0.2948750200355301,0.00240195464146575,0.28897141722860714,0.04720933553627834,GLD,391.69
2027-01-15,C,535.0,0.3081076891705352,112.45930654724535,0.885,394.65106175051284,1.0074541590924824,1.3556279251523002,-0.3042647603853692,0.0022258951389499356,0.292423598390665,0.04434975843504414,GLD,391.69
2027-01-15,C,540.0,0.3081076891702816,112.45930654715278,0.87,394.65106175051284,1.0074541590924824,1.3682973450135365,-0.31356715304768257,0.002188168102696547,0.29871680494387937,0.04317833101232295,GLD,391.69
2027-01-15,C,545.0,0.30810768917015474,112.45930654710648,0.8049999999999999,394.65106175051284,1.0074541590924824,1.380966764874773,-0.3227838081526066,0.002024684278931862,0.3018268206370369,0.04053065459293211,GLD,391.69
2027-01-15,C,550.0,0.3081076891700596,112.45930654707175,0.78,394.65106175051284,1.0074541590924824,1.3936361847360095,-0.33191629171587916,0.0019618058851762145,0.3071260228293877,0.039139436371981605,GLD,391.69
2027-01-15,C,555.0,0.30810768916993275,112.45930654702545,0.75,394.65106175051284,1.0074541590924824,1.406305604597246,-0.34096612723579706,0.001886351812669437,0.311918587060416,0.03762871641073254,GLD,391.69
2027-01-15,C,560.0,0.3081076891698376,112.45930654699073,0.72,394.65106175051284,1.0074541590924824,1.4189750244584824,-0.3499347972185575,0.0018108977401626596,0.31651282839785155,0.03614902862288056,GLD,391.69
2027-01-15,C,565.0,0.3081076891697108,112.45930654694445,0.6599999999999999,394.65106175051284,1.0074541590924824,1.431644444319719,-0.3588237446358036,0.0016599895951491044,0.31870132545529234,0.03373487680480066,GLD,391.69
2027-02-19,P,280.0,0.40399810012078263,147.45930654408565,0.7150000000000001,395.8266354438654,1.0120983974985345,0.7073803906248459,0.34618672294435654,0.2944043630701463,0.28936731765948787,0.03612333438817529,GLD,391.69
2027-02-19,P,285.0,0.40399810012065573,147.45930654403935,0.8,395.8266354438654,1.0120983974985345,0.7200121833145753,0.3284871458449557,0.2819847438966049,0.28210036538602257,0.04001574123691369,GLD,391.69
2027-02-19,P,290.0,0.4039981001204972,147.45930654398148,0.8999999999999999,395.8266354438654,1.0120983974985345,0.7326439760043046,0.31109540313308653,0.26960256710827313,0.2751402325859342,0.044435706809263446,GLD,391.69
2027-02-19,P,295.0,0.40399810012040205,147.45930654394675,1.01,395.8266354438654,1.0120983974985345,0.7452757686940341,0.2940009697737863,0.2572453519100808,0.26808263763204515,0.04923021428962438,GLD,391.69
2027-02-19,P,300.0,0.40399810012027526,147.45930654390048,1.15,395.8266354438654,1.0120983974985345,0.7579075613837635,0.2771938514574051,0.24496302148230809,0.2617971145467659,0.054932303329691394,GLD,391.69
2027-02-19,P,305.0,0.4039981001201801,147.45930654386575,1.295,395.8266354438654,1.0120983974985345,0.7705393540734928,0.2606645495061946,0.23269317184960503,0.2549570641907222,0.06084734356709583,GLD,391.69
2027-02-19,P,310.0,0.40399810012005327,147.45930654381945,1.5,395.8266354438654,1.0120983974985345,0.7831711467632222,0.24440402863441435,0.22057309175774076,0.24965620960032014,0.06831920608651412,GLD,391.69
2027-02-19,P,315.0,0.4039981001199581,147.45930654378472,1.74,395.8266354438654,1.0120983974985345,0.7958029394529517,0.2284036872879731,0.20854037723136531,0.24451317781383483,0.07659265618546021,GLD,391.69
2027-02-19,P,320.0,0.40399810011983134,147.45930654373845,1.9949999999999999,395.8266354438654,1.0120983974985345,0.808434732142681,0.21265533031983397,0.19654510509019962,0.2387684165715471,0.08517546152798612,GLD,391.69
2027-02-19,P,325.0,0.40399810011970444,147.45930654369212,2.3,395.8266354438654,1.0120983974985345,0.8210665248324104,0.19715114378386875,0.18467464089973273,0.233392223420695,0.09474644357679463,GLD,391.69
2027-02-19,P,330.0,0.4039981001196093,147.4593065436574,2.675,395.8266354438654,1.0120983974985345,0.8336983175221399,0.18188367165308023,0.17297890784024406,0.22862697916327282,0.10550640848403557,GLD,391.69
2027-02-19,P,335.0,0.4039981001194825,147.45930654361112,3.125,395.8266354438654,1.0120983974985345,0.8463301102118692,0.16684579428853977,0.16147038670680347,0.2242653448433117,0.11729257748071908,GLD,391.69
2027-02-19,P,340.0,0.40399810011938736,147.4593065435764,3.675,395.8266354438654,1.0120983974985345,0.8589619029015986,0.15203070850339914,0.1502114814747605,0.22052304270570025,0.13018356015649224,GLD,391.69
2027-02-19,P,345.0,0.4039981001192605,147.4593065435301,4.35,395.8266354438654,1.0120983974985345,0.8715936955913279,0.1374319090822465,0.1392645961194645,0.21750510121790584,0.14408817163699017,GLD,391.69
2027-02-19,P,350.0,0.40399810011916537,147.45930654349536,5.125,395.8266354438654,1.0120983974985345,0.8842254882810574,0.1230431716301468,0.1285673266655658,0.21446245048863538,0.1582880772451836,GLD,391.69
2027-02-19,P,355.0,0.4039981001190386,147.4593065434491,6.050000000000001,395.8266354438654,1.0120983974985345,0.8968572809707868,0.10885853663819041,0.11824448106376362,0.21196375546746593,0.1728655706884058,GLD,391.69
2027-02-19,P,360.0,0.4039981001189117,147.45930654340276,7.125,395.8266354438654,1.0120983974985345,0.9094890736605161,0.09487229466345055,0.10829605931405761,0.2097305482291276,0.18730506851547624,GLD,391.69
2027-02-19,P,365.0,0.4039981001188166,147.45930654336806,8.375,395.8266354438654,1.0120983974985345,0.9221208663502456,0.08107897253111465,0.09878446539179708,0.20787538624368576,0.2012693133796661,GLD,391.69
2027-02-19,P,370.0,0.40399810011868975,147.45930654332176,9.8,395.8266354438654,1.0120983974985345,0.934752659039975,0.06747332047533605,0.08970969929698247,0.20620053926094928,0.2142711426895411,GLD,391.69
2027-02-19,P,375.0,0.4039981001185629,147.45930654327546,11.45,395.8266354438654,1.0120983974985345,0.9473844517297043,0.0540503001431954,0.08119656898031247,0.20512019503637755,0.2260054934346388,GLD,391.69
2027-02-19,P,380.0,0.40399810011843607,147.45930654322916,13.3,395.8266354438654,1.0120983974985345,0.9600162444194337,0.040805073393174796,0.07318267046643723,0.20420276892365039,0.2359728306848865,GLD,391.69
2027-02-19,P,385.0,0.403998100118341,147.45930654319446,15.350000000000001,395.8266354438654,1.0120983974985345,0.9726480371091631,0.027732991825821944,0.06566800375535709,0.20337118168363555,0.24387952094986115,GLD,391.69
2027-02-19,P,390.0,0.4039981001182141,147.45930654314813,17.65,395.8266354438654,1.0120983974985345,0.9852798297988925,0.01482958698991409,0.05877737679777084,0.20308114039662253,0.2495220313880059,GLD,391.69
2027-02-19,P,395.0,0.403998100118119,147.45930654311343,20.174999999999997,395.8266354438654,1.0120983974985345,0.9979116224886219,0.002090561212484364,0.052448385618328985,0.20304719668174673,0.2527461699455617,GLD,391.69
2027-02-19,C,400.0,0.4039981001180556,147.4593065430903,20.8,395.8266354438654,1.0120983974985345,1.0105434151783512,-0.010488220994375724,0.05192010749068532,0.22394552374159832,0.25357028357723893,GLD,391.69
2027-02-19,C,405.0,0.4039981001179287,147.45930654304397,18.674999999999997,395.8266354438654,1.0120983974985345,1.0231752078680807,-0.022910740992932957,0.04661576958598789,0.22421133268050036,0.25255730865655174,GLD,391.69
2027-02-19,C,410.0,0.4039981001178336,147.45930654300926,16.725,395.8266354438654,1.0120983974985345,1.0358070005578102,-0.03518083358474738,0.04174825950873615,0.22452962712770233,0.24971093562647956,GLD,391.69
2027-02-19,C,415.0,0.40399810011770676,147.45930654296296,15.0,395.8266354438654,1.0120983974985345,1.0484387932475394,-0.04730219411709205,0.03744238520962884,0.2254790715301485,0.245245542682799,GLD,391.69
2027-02-19,C,420.0,0.4039981001175799,147.45930654291666,13.425,395.8266354438654,1.0120983974985345,1.0610705859372689,-0.05927838516380782,0.03351093476261781,0.2264022760559633,0.23933176653543883,GLD,391.69
2027-02-19,C,425.0,0.4039981001174531,147.45930654287037,12.0,395.8266354438654,1.0120983974985345,1.0737023786269981,-0.07111284281081053,0.029953908167703068,0.22739404040735578,0.23218848040419157,GLD,391.69
2027-02-19,C,430.0,0.403998100117358,147.45930654283566,10.7,395.8266354438654,1.0120983974985345,1.0863341713167276,-0.08280888257400187,0.026708901449535236,0.2282862882146123,0.22398250387693258,GLD,391.69
2027-02-19,C,435.0,0.4039981001172311,147.45930654278934,9.575,395.8266354438654,1.0120983974985345,1.098965964006457,-0.09436970497507793,0.02390072255881307,0.22975588269482006,0.21515680199547038,GLD,391.69
2027-02-19,C,440.0,0.403998100117136,147.45930654275463,8.55,395.8266354438654,1.0120983974985345,1.1115977566961863,-0.10579840079870056,0.02134215956948844,0.23108448938026763,0.20570115483840967,GLD,391.69
2027-02-19,C,445.0,0.40399810011700915,147.45930654270833,7.65,395.8266354438654,1.0120983974985345,1.1242295493859158,-0.117097956052634,0.019095616456910706,0.23268853368703402,0.1959833671245089,GLD,391.69
2027-02-19,C,450.0,0.40399810011691395,147.4593065426736,6.85,395.8266354438654,1.0120983974985345,1.1368613420756453,-0.1282712566507593,0.017098689245730502,0.23439601434998703,0.18611563065318532,GLD,391.69
2027-02-19,C,455.0,0.40399810011678716,147.4593065426273,6.125,395.8266354438654,1.0120983974985345,1.1494931347653745,-0.13932109283734415,0.01528897396059844,0.235990110348663,0.17611467959823132,GLD,391.69
2027-02-19,C,460.0,0.403998100116692,147.4593065425926,5.5,395.8266354438654,1.0120983974985345,1.162124927455104,-0.15025016336953448,0.013728874576863906,0.2379446011967337,0.16640604746541116,GLD,391.69
2027-02-19,C,465.0,0.40399810011656523,147.4593065425463,4.949999999999999,395.8266354438654,1.0120983974985345,1.1747567201448335,-0.16106107947375017,0.012355987119177514,0.2400447141642133,0.1569763292963578,GLD,391.69
2027-02-19,C,470.0,0.40399810011647,147.45930654251157,4.425,395.8266354438654,1.0120983974985345,1.1873885128345627,-0.17175636859049803,0.011045503636840506,0.2415854122247974,0.14737883752371775,GLD,391.69
2027-02-19,C,475.0,0.40399810011634324,147.45930654246527,4.0,395.8266354438654,1.0120983974985345,1.2000203055242922,-0.18233847792103502,0.009984636055901023,0.24391806079932155,0.13868453801369496,GLD,391.69
2027-02-19,C,480.0,0.4039981001162164,147.45930654241897,3.65,395.8266354438654,1.0120983974985345,1.2126520982140216,-0.1928097777883305,0.009110980401009683,0.24682626274256825,0.13081255125099653,GLD,391.69
2027-02-19,C,485.0,0.40399810011612125,147.45930654238427,3.3,395.8266354438654,1.0120983974985345,1.225283890903751,-0.20317256482387697,0.008237324746118343,0.24899431190857824,0.1227404065170589,GLD,391.69
2027-02-19,C,490.0,0.4039981001159944,147.45930654233797,2.98,395.8266354438654,1.0120983974985345,1.2379156835934804,-0.21342906499106612,0.007438553861646262,0.25101513419027616,0.1149427825726895,GLD,391.69
2027-02-19,C,495.0,0.4039981001158993,147.45930654230324,2.715,395.8266354438654,1.0120983974985345,1.2505474762832096,-0.22358143645508402,0.006777071722942818,0.2535299257172412,0.10795153076245519,GLD,391.69
2027-02-19,C,500.0,0.4039981001157724,147.45930654225694,2.495,395.8266354438654,1.0120983974985345,1.263179268972939,-0.23363177230858553,0.006227916739868263,0.25647829904294195,0.10171541176855466,GLD,391.69
2027-02-19,C,505.0,0.4039981001156773,147.45930654222224,2.29,395.8266354438654,1.0120983974985345,1.2758110616626686,-0.24358210316175366,0.005716204142003335,0.2592375280277534,0.09571545983308541,GLD,391.69
2027-02-19,C,510.0,0.4039981001155505,147.45930654217594,2.11,395.8266354438654,1.0120983974985345,1.2884428543523978,-0.2534343996047652,0.005266895519487789,0.2621180400239026,0.09018887510949704,GLD,391.69
2027-02-19,C,515.0,0.4039981001154237,147.45930654212964,1.955,395.8266354438654,1.0120983974985345,1.3010746470421273,-0.26319057455012995,0.004879990872321625,0.2652084868015502,0.08518454451413614,GLD,391.69
2027-02-19,C,520.0,0.4039981001153285,147.4593065420949,1.8199999999999998,395.8266354438654,1.0120983974985345,1.3137064397318567,-0.2728524854618669,0.004543009405434965,0.26845122523161996,0.0806313046133269,GLD,391.69
2027-02-19,C,525.0,0.40399810011520165,147.4593065420486,1.7000000000000002,395.8266354438654,1.0120983974985345,1.326338232421586,-0.2824219364780175,0.0042434703237579354,0.2717622894387699,0.0764396728565342,GLD,391.69
2027-02-19,C,530.0,0.40399810011507487,147.45930654200234,1.6,395.8266354438654,1.0120983974985345,1.3389700251113155,-0.29190068043256134,0.0039938544223604095,0.27537261697010773,0.07275591162454413,GLD,391.69
2027-02-19,C,535.0,0.40399810011497966,147.45930654196758,1.5,395.8266354438654,1.0120983974985345,1.351601817801045,-0.3012904207824004,0.0037442385209628835,0.27865006225366495,0.0690929869759063,GLD,391.69
2027-02-19,C,540.0,0.4039981001148529,147.4593065419213,1.365,395.8266354438654,1.0120983974985345,1.3642336104907742,-0.31059281344471384,0.003407257054076224,0.28023529570650235,0.06450094856869519,GLD,391.69
2027-02-19,C,545.0,0.40399810011475773,147.45930654188658,1.335,395.8266354438654,1.0120983974985345,1.3768654031805037,-0.3198094685496379,0.003332372283656966,0.28554673939602365,0.06273859073502434,GLD,391.69
2027-02-19,C,550.0,0.4039981001146309,147.45930654184028,1.255,395.8266354438654,1.0120983974985345,1.3894971958702331,-0.3289419521129105,0.0031326795625389457,0.28864786020396255,0.05965774605280141,GLD,391.69
2027-02-19,C,555.0,0.40399810011453574,147.45930654180555,1.21,395.8266354438654,1.0120983974985345,1.4021289885599624,-0.3379917876328283,0.0030203524069100595,0.29297116521334626,0.05757448286056149,GLD,391.69
2027-02-19,C,560.0,0.40399810011437726,147.4593065417477,1.1400000000000001,395.8266354438654,1.0120983974985345,1.4147607812496918,-0.34696045761558875,0.0028456212759317917,0.2959819549795844,0.054818618066184745,GLD,391.69
2027-02-19,C,565.0,0.40399810011425036,147.45930654170138,1.085,395.8266354438654,1.0120983974985345,1.427392573939421,-0.3558494050328347,0.0027083325301631525,0.2994243046660693,0.05251036538253456,GLD,391.69
2027-03-19,P,280.0,0.4807104288779807,175.45930654046296,0.9199999999999999,396.6479114625642,1.0122078092272337,0.7059157300678905,0.34825941112323633,0.29637573357984126,0.27859722918214164,0.04553399155639634,GLD,391.69
2027-03-19,P,285.0,0.4807104288778539,175.4593065404167,1.0350000000000001,396.6479114625642,1.0122078092272337,0.7185213681048171,0.33055983402383543,0.2840565284988811,0.2723794058775659,0.05044616079180116,GLD,391.69
2027-03-19,P,290.0,0.480710428877727,175.45930654037036,1.1400000000000001,396.6479114625642,1.0122078092272337,0.7311270061417438,0.31316809131196627,0.2717124162043588,0.2651182095274104,0.05517151855122864,GLD,391.69
2027-03-19,P,295.0,0.48071042887763193,175.45930654033566,1.315,396.6479114625642,1.0122078092272337,0.7437326441786704,0.2960736579526662,0.2595426544047724,0.26029371291844683,0.061851195792103686,GLD,391.69
2027-03-19,P,300.0,0.4807104288775051,175.45930654028936,1.485,396.6479114625642,1.0122078092272337,0.756338282215597,0.27926653963628495,0.2473604389984051,0.2544172726266193,0.0684304614913542,GLD,391.69
2027-03-19,P,305.0,0.4807104288774099,175.4593065402546,1.71,396.6479114625642,1.0122078092272337,0.7689439202525236,0.2627372376850744,0.23531521326663019,0.24966357456199287,0.07636660129080503,GLD,391.69
2027-03-19,P,310.0,0.4807104288772831,175.45930654020833,1.97,396.6479114625642,1.0122078092272337,0.7815495582894502,0.24647671681329414,0.22335716278232354,0.2450337217463122,0.0850561499521111,GLD,391.69
2027-03-19,P,315.0,0.48071042887718796,175.4593065401736,2.215,396.6479114625642,1.0122078092272337,0.7941551963263768,0.230476375466853,0.21136175147767322,0.23906147754088308,0.09342287178868817,GLD,391.69
2027-03-19,P,320.0,0.48071042887706117,175.45930654012733,2.55,396.6479114625642,1.0122078092272337,0.8067608343633035,0.21472801849871373,0.1995905050950837,0.2345439765227658,0.1035552394406944,GLD,391.69
2027-03-19,P,325.0,0.48071042887696597,175.45930654009257,2.95,396.6479114625642,1.0122078092272337,0.8193664724002301,0.19922383196274848,0.1879811556006492,0.23044468391677933,0.11470741043712944,GLD,391.69
2027-03-19,P,330.0,0.4807104288768392,175.4593065400463,3.425,396.6479114625642,1.0122078092272337,0.8319721104371567,0.18395635983196007,0.17655861020793195,0.22673051074607142,0.12682536894819207,GLD,391.69
2027-03-19,P,335.0,0.48071042887674403,175.45930654001157,3.9749999999999996,396.6479114625642,1.0122078092272337,0.8445777484740833,0.16891848246741958,0.16532286891693193,0.22317695044311095,0.13966719185551146,GLD,391.69
2027-03-19,P,340.0,0.4807104288766172,175.45930653996527,4.6,396.6479114625642,1.0122078092272337,0.8571833865110099,0.15410339668227896,0.15427393172764936,0.21961836337807958,0.15300942963701578,GLD,391.69
2027-03-19,P,345.0,0.48071042887652204,175.45930653993054,5.4,396.6479114625642,1.0122078092272337,0.8697890245479365,0.13950459726112627,0.143660870775707,0.21742224459707785,0.16763182163684295,GLD,391.69
2027-03-19,P,350.0,0.48071042887639526,175.45930653988427,6.3,396.6479114625642,1.0122078092272337,0.8823946625848631,0.12511585980902667,0.1332968819593876,0.21511557691686076,0.18224921911954572,GLD,391.69
2027-03-19,P,355.0,0.48071042887626836,175.45930653983794,7.325,396.6479114625642,1.0122078092272337,0.8950003006217897,0.11093122481707027,0.12324423331259693,0.21292106798931063,0.1967732450045052,GLD,391.69
2027-03-19,P,360.0,0.4807104288761732,175.45930653980324,8.45,396.6479114625642,1.0122078092272337,0.9076059386587164,0.09694498284233027,0.11344065680142934,0.21040986666433087,0.21074226577717253,GLD,391.69
2027-03-19,P,365.0,0.4807104288760464,175.45930653975694,9.775,396.6479114625642,1.0122078092272337,0.920211576695643,0.08315166070999447,0.10413522456150781,0.20864711615603168,0.2243444066123239,GLD,391.69
2027-03-19,P,370.0,0.4807104288759513,175.4593065397222,11.3,396.6479114625642,1.0122078092272337,0.9328172147325696,0.06954600865421585,0.09532793659283245,0.20741571814210102,0.237051572591032,GLD,391.69
2027-03-19,P,375.0,0.48071042887579274,175.45930653966434,13.0,396.6479114625642,1.0122078092272337,0.9454228527694962,0.056122988322075185,0.0869565248614973,0.20631315176193102,0.24838594097809782,GLD,391.69
2027-03-19,P,380.0,0.48071042887566595,175.45930653961807,14.9,396.6479114625642,1.0122078092272337,0.9580284908064228,0.042877761572054564,0.07908325740140809,0.20550744610062796,0.2580920088715708,GLD,391.69
2027-03-19,P,385.0,0.4807104288755708,175.45930653958334,16.975,396.6479114625642,1.0122078092272337,0.9706341288433494,0.029805680004701806,0.07164586617865931,0.20469448309117702,0.2658940332279221,GLD,391.69
2027-03-19,P,390.0,0.4807104288754439,175.45930653953704,19.25,396.6479114625642,1.0122078092272337,0.983239766880276,0.01690227516879393,0.0647066192271567,0.2040794051310855,0.27164149292576306,GLD,391.69
2027-03-19,P,395.0,0.4807104288753488,175.4593065395023,21.75,396.6479114625642,1.0122078092272337,0.9958454049172026,0.004163249391364186,0.058327784580805786,0.20386888908144174,0.27521670740822074,GLD,391.69
2027-03-19,C,400.0,0.48071042887528537,175.45930653947917,23.674999999999997,396.6479114625642,1.0122078092272337,1.0084510429541294,-0.00841553281549603,0.05896782810875157,0.22741613575236203,0.2765101171483774,GLD,391.69
2027-03-19,C,405.0,0.4807104288751586,175.45930653943287,21.475,396.6479114625642,1.0122078092272337,1.021056680991056,-0.02083805281405317,0.053488241125044994,0.2272868365140995,0.276205095435547,GLD,391.69
2027-03-19,C,410.0,0.48071042887506343,175.45930653939814,19.475,396.6479114625642,1.0122078092272337,1.0336623190279826,-0.033108145405867505,0.04850679841258446,0.227568518460991,0.274238510602418,GLD,391.69
2027-03-19,C,415.0,0.4807104288749366,175.45930653935184,17.674999999999997,396.6479114625642,1.0122078092272337,1.0462679570649092,-0.0452295059382123,0.04402349997136997,0.2283193008217879,0.2707610301151555,GLD,391.69
2027-03-19,C,420.0,0.48071042887484144,175.45930653931714,16.0,396.6479114625642,1.0122078092272337,1.0588735951018358,-0.05720569698492798,0.03985154169968428,0.22891836660968382,0.26588714218727766,GLD,391.69
2027-03-19,C,425.0,0.4807104288747146,175.45930653927084,14.45,396.6479114625642,1.0122078092272337,1.0714792331387624,-0.0690401546319308,0.03599092359752736,0.2294236198823911,0.2597545114429234,GLD,391.69
2027-03-19,C,430.0,0.48071042887458776,175.45930653922454,13.075,396.6479114625642,1.0122078092272337,1.084084871175689,-0.08073619439512207,0.032566181732710746,0.23039110639972532,0.2526539106849065,GLD,391.69
2027-03-19,C,435.0,0.4807104288744926,175.4593065391898,11.825,396.6479114625642,1.0122078092272337,1.0966905092126156,-0.09229701679619805,0.02945278003742291,0.2314312369678948,0.24470916164583895,GLD,391.69
2027-03-19,C,440.0,0.4807104288743658,175.45930653914354,10.7,396.6479114625642,1.0122078092272337,1.1092961472495422,-0.10372571261982079,0.02665071851166386,0.23263393769363003,0.23613421935572088,GLD,391.69
2027-03-19,C,445.0,0.4807104288742707,175.4593065391088,9.675,396.6479114625642,1.0122078092272337,1.1219017852864688,-0.11502526787375414,0.024097729121527838,0.23382897769772076,0.22703469910794102,GLD,391.69
2027-03-19,C,450.0,0.48071042887411214,175.45930653905094,8.725000000000001,396.6479114625642,1.0122078092272337,1.1345074233233954,-0.12619856847187935,0.021731543833109088,0.2348157077284589,0.21744137954357948,GLD,391.69
2027-03-19,C,455.0,0.480710428874017,175.4593065390162,7.925,396.6479114625642,1.0122078092272337,1.147113061360322,-0.13724840465846433,0.019738966748124868,0.23655078806304364,0.2080305609653016,GLD,391.69
2027-03-19,C,460.0,0.48071042887389015,175.4593065389699,7.199999999999999,396.6479114625642,1.0122078092272337,1.1597186993972486,-0.14817747519065458,0.017933193764857924,0.23828820033129589,0.19855080926401603,GLD,391.69
2027-03-19,C,465.0,0.4807104288737633,175.4593065389236,6.525,396.6479114625642,1.0122078092272337,1.1723243374341754,-0.15898839129487038,0.016251956849402494,0.23978544125223686,0.18892346842605645,GLD,391.69
2027-03-19,C,470.0,0.4807104288736682,175.4593065388889,5.949999999999999,396.6479114625642,1.0122078092272337,1.184929975471102,-0.16968368041161833,0.01481979206957009,0.24178292967040957,0.17975797923233292,GLD,391.69
2027-03-19,C,475.0,0.4807104288735413,175.45930653884258,5.4,396.6479114625642,1.0122078092272337,1.1975356135080286,-0.18026578974215526,0.013449895323643445,0.24334919696367968,0.170440541541756,GLD,391.69
2027-03-19,C,480.0,0.4807104288734462,175.45930653880788,4.925,396.6479114625642,1.0122078092272337,1.2101412515449552,-0.19073708960945066,0.012266802679434067,0.2452629285801952,0.16162265768904333,GLD,391.69
2027-03-19,C,485.0,0.4807104288733194,175.45930653876158,4.5,396.6479114625642,1.0122078092272337,1.2227468895818818,-0.20109987664499723,0.011208246103036203,0.24725482363101678,0.15314684373023688,GLD,391.69
2027-03-19,C,490.0,0.48071042887319254,175.45930653871528,4.125,396.6479114625642,1.0122078092272337,1.2353525276188084,-0.2113563768121863,0.010274225594449854,0.24941248505467806,0.14512281460706172,GLD,391.69
2027-03-19,C,495.0,0.4807104288730974,175.45930653868055,3.85,396.6479114625642,1.0122078092272337,1.247958165655735,-0.22150874827620431,0.009589277221486529,0.25273664786236827,0.138450848935698,GLD,391.69
2027-03-19,C,500.0,0.4807104288729389,175.4593065386227,3.5,396.6479114625642,1.0122078092272337,1.2605638036926616,-0.23155908412970574,0.008717524746805936,0.25415409443582343,0.13045941114520904,GLD,391.69
2027-03-19,C,505.0,0.4807104288728437,175.45930653858795,3.2,396.6479114625642,1.0122078092272337,1.2731694417295882,-0.24150941498287382,0.007970308339936855,0.2559102942776454,0.12310438477290607,GLD,391.69
2027-03-19,C,510.0,0.4807104288727169,175.45930653854168,2.9699999999999998,396.6479114625642,1.0122078092272337,1.2857750797665148,-0.2513617114258854,0.007397442428003893,0.2585606211435255,0.11688853605834594,GLD,391.69
2027-03-19,C,515.0,0.4807104288726218,175.45930653850695,2.75,396.6479114625642,1.0122078092272337,1.2983807178034414,-0.2611178863712501,0.006849483729633235,0.2609649755300919,0.11079613468059919,GLD,391.69
2027-03-19,C,520.0,0.4807104288724949,175.45930653846062,2.56,396.6479114625642,1.0122078092272337,1.310986355840368,-0.270779797282987,0.006376246671949484,0.26360714673602775,0.10524445874889879,GLD,391.69
2027-03-19,C,525.0,0.4807104288723998,175.45930653842592,2.38,396.6479114625642,1.0122078092272337,1.3235919938772946,-0.2803492482991377,0.005927916827828036,0.2660757899864208,0.09986087149049298,GLD,391.69
2027-03-19,C,530.0,0.48071042887227294,175.45930653837962,2.24,396.6479114625642,1.0122078092272337,1.3361976319142213,-0.28982799225368144,0.0055792158379558,0.2691740364333513,0.09532204564790248,GLD,391.69
2027-03-19,C,535.0,0.48071042887217785,175.45930653834492,2.115,396.6479114625642,1.0122078092272337,1.3488032699511479,-0.29921773260352047,0.005267875668427016,0.2723511012175209,0.0911278547201732,GLD,391.69
2027-03-19,C,540.0,0.48071042887205095,175.4593065382986,1.9949999999999999,396.6479114625642,1.0122078092272337,1.3614089079880745,-0.308520125265834,0.004968989105679383,0.27536618920102585,0.08706099578029974,GLD,391.69
2027-03-19,C,545.0,0.48071042887195586,175.4593065382639,1.87,396.6479114625642,1.0122078092272337,1.374014546025001,-0.317736780370758,0.0046576489361506,0.27792822503845377,0.08287809288962524,GLD,391.69
2027-03-19,C,550.0,0.480710428871829,175.4593065382176,1.7650000000000001,396.6479114625642,1.0122078092272337,1.3866201840619279,-0.32686926393403065,0.004396123193746423,0.28078958465207493,0.07918161705669366,GLD,391.69
2027-03-19,C,555.0,0.4807104288717022,175.4593065381713,1.69,396.6479114625642,1.0122078092272337,1.3992258220988545,-0.33591909945394854,0.004209319092029152,0.28435111975738786,0.07625446620106248,GLD,391.69
2027-03-19,C,560.0,0.48071042887160703,175.45930653813656,1.62,396.6479114625642,1.0122078092272337,1.411831460135781,-0.34488776943670896,0.004034968597093034,0.28787406820244327,0.07348743447352962,GLD,391.69
2027-03-19,C,565.0,0.48071042887148024,175.4593065380903,1.49,396.6479114625642,1.0122078092272337,1.4244370981727077,-0.35377671685395495,0.0037111748207830984,0.2890622165907509,0.06916242043213917,GLD,391.69
2027-03-31,P,280.0,0.5135871411920662,187.45930653510416,1.17,398.69909523804813,1.0166198564758253,0.7022840115371283,0.35341738193544514,0.300602557996861,0.28485138511754504,0.053255399255043995,GLD,391.69
2027-03-31,P,285.0,0.513587141191971,187.45930653506943,1.29,398.69909523804813,1.0166198564758253,0.7148247974574341,0.33571780483604424,0.2883578304902975,0.27800540265960155,0.05815566340796693,GLD,391.69
2027-03-31,P,290.0,0.5135871411918442,187.45930653502313,1.43,398.69909523804813,1.0166198564758253,0.72736558337774,0.31832606212417497,0.27616244605269114,0.27149528170868953,0.06364911752245628,GLD,391.69
2027-03-31,P,295.0,0.5135871411917173,187.45930653497683,1.5950000000000002,398.69909523804813,1.0166198564758253,0.7399063692980459,0.30123162876487486,0.26402874045128133,0.2653687234535899,0.06982905609404186,GLD,391.69
2027-03-31,P,300.0,0.5135871411916223,187.45930653494213,1.79,398.69909523804813,1.0166198564758253,0.7524471552183517,0.2844245104484937,0.251969049453307,0.2596352564979693,0.07676793396322946,GLD,391.69
2027-03-31,P,305.0,0.5135871411914954,187.45930653489583,2.015,398.69909523804813,1.0166198564758253,0.7649879411386576,0.26789520849728304,0.23998337305876827,0.2541303434572268,0.08441044828025997,GLD,391.69
2027-03-31,P,310.0,0.5135871411914004,187.45930653486113,2.28,398.69909523804813,1.0166198564758253,0.7775287270589635,0.25163468762550273,0.22809638280214362,0.2489895669916115,0.09289895047252512,GLD,391.69
2027-03-31,P,315.0,0.5135871411912735,187.45930653481483,2.5949999999999998,398.69909523804813,1.0166198564758253,0.7900695129792693,0.23563434627906166,0.21633275021791187,0.2442815186151199,0.10232562746742366,GLD,391.69
2027-03-31,P,320.0,0.5135871411911783,187.4593065347801,2.865,398.69909523804813,1.0166198564758253,0.8026102988995751,0.21988598931092254,0.20445809572852647,0.23770962608602256,0.1109472123875859,GLD,391.69
2027-03-31,P,325.0,0.5135871411910515,187.4593065347338,3.2750000000000004,398.69909523804813,1.0166198564758253,0.8151510848198811,0.20438180277495718,0.19292884272184074,0.23340151504960277,0.12193100376398681,GLD,391.69
2027-03-31,P,330.0,0.5135871411909246,187.4593065346875,3.7750000000000004,398.69909523804813,1.0166198564758253,0.8276918707401869,0.1891143306441688,0.181621633525462,0.22978790161848092,0.13406164284781566,GLD,391.69
2027-03-31,P,335.0,0.5135871411908295,187.45930653465277,4.35,398.69909523804813,1.0166198564758253,0.8402326566604927,0.1740764532796283,0.1704994608376722,0.22633687903816369,0.1468557582615695,GLD,391.69
2027-03-31,P,340.0,0.5135871411907027,187.4593065346065,5.05,398.69909523804813,1.0166198564758253,0.8527734425807987,0.15926136749448758,0.1596856823308641,0.2236694744033532,0.16064870421220975,GLD,391.69
2027-03-31,P,345.0,0.5135871411906076,187.45930653457177,5.85,398.69909523804813,1.0166198564758253,0.8653142285011045,0.14466256807333494,0.1491186191688415,0.22113727383099674,0.17478458166481645,GLD,391.69
2027-03-31,P,350.0,0.5135871411904807,187.45930653452544,6.75,398.69909523804813,1.0166198564758253,0.8778550144214103,0.13027383062123535,0.13879827135160427,0.21860268217323847,0.18899045772190887,GLD,391.69
2027-03-31,P,355.0,0.5135871411903539,187.45930653447917,7.8,398.69909523804813,1.0166198564758253,0.8903958003417162,0.11608919562927897,0.1288479965515451,0.21657100211867206,0.20333673379881592,GLD,391.69
2027-03-31,P,360.0,0.5135871411902587,187.45930653444444,9.025,398.69909523804813,1.0166198564758253,0.9029365862620221,0.10210295365453899,0.11932947360486035,0.21513221278265474,0.2175295869094191,GLD,391.69
2027-03-31,P,365.0,0.5135871411901319,187.45930653439817,10.375,398.69909523804813,1.0166198564758253,0.9154773721823279,0.0883096315222032,0.11011934483915731,0.2135613854743537,0.2309265681085606,GLD,391.69
2027-03-31,P,370.0,0.5135871411900368,187.45930653436344,11.925,398.69909523804813,1.0166198564758253,0.9280181581026338,0.07470397946642461,0.10140264676302524,0.21256579677354326,0.24350905192316802,GLD,391.69
2027-03-31,P,375.0,0.51358714118991,187.45930653431716,13.625,398.69909523804813,1.0166198564758253,0.9405589440229397,0.061280959134283844,0.09305602170407112,0.2115193304037238,0.25478505519999833,GLD,391.69
2027-03-31,P,380.0,0.5135871411897831,187.45930653427084,15.525,398.69909523804813,1.0166198564758253,0.9530997299432455,0.04803573238426324,0.08520282733468787,0.21084699762985581,0.26460734235142375,GLD,391.69
2027-03-31,P,381.0,0.5135871411896246,187.45930653421297,15.95,398.69909523804813,1.0166198564758253,0.9556078871273067,0.045407609977993736,0.08374321036596466,0.2109451209534847,0.2663945094893303,GLD,391.69
2027-03-31,P,382.0,0.5135871411895294,187.45930653417824,16.35,398.69909523804813,1.0166198564758253,0.9581160443113679,0.042786376498119526,0.082221914561045,0.2107487190164265,0.2680778370074224,GLD,391.69
2027-03-31,P,383.0,0.5135871411894026,187.45930653413197,16.8,398.69909523804813,1.0166198564758253,0.960624201495429,0.04017199592404872,0.08082397642851824,0.21094917767163468,0.2697242898794202,GLD,391.69
2027-03-31,P,384.0,0.5135871411893075,187.45930653409724,17.2,398.69909523804813,1.0166198564758253,0.9631323586794902,0.03756443251696786,0.07930268062359858,0.21062997423472749,0.2712534769067827,GLD,391.69
2027-03-31,P,385.0,0.5135871411891806,187.4593065340509,17.65,398.69909523804813,1.0166198564758253,0.9656405158635514,0.0349636508169105,0.07790474249107182,0.21070425993247965,0.27273763904007553,GLD,391.69
2027-03-31,P,386.0,0.5135871411890538,187.45930653400464,18.1,398.69909523804813,1.0166198564758253,0.9681486730476125,0.03236961563986387,0.07650680435854484,0.21071574114291813,0.2741402003929037,GLD,391.69
2027-03-31,P,387.0,0.5135871411889587,187.4593065339699,18.55,398.69909523804813,1.0166198564758253,0.9706568302316737,0.029782292074912932,0.07510886622601809,0.21066539069484924,0.27546243265070824,GLD,391.69
2027-03-31,P,388.0,0.5135871411888318,187.45930653392358,19.0,398.69909523804813,1.0166198564758253,0.9731649874157349,0.027201645481421302,0.07371092809349111,0.21055407458625675,0.2767053777011808,GLD,391.69
2027-03-31,P,389.0,0.5135871411887366,187.45930653388885,19.45,398.69909523804813,1.0166198564758253,0.975673144599796,0.024627641486248457,0.07231298996096436,0.21038255731526326,0.2778698571572793,GLD,391.69
2027-03-31,P,390.0,0.5135871411886098,187.45930653384258,19.95,398.69909523804813,1.0166198564758253,0.9781813017838572,0.022060245981002646,0.07103840950083007,0.21059371022306342,0.27896570253446556,GLD,391.69
2027-03-31,P,391.0,0.5135871411885147,187.45930653380785,20.4,398.69909523804813,1.0166198564758253,0.9806894589679184,0.019499425119328992,0.06964047136830331,0.21030210798686771,0.2799721700748178,GLD,391.69
2027-03-31,P,392.0,0.5135871411883879,187.45930653376158,20.9,398.69909523804813,1.0166198564758253,0.9831976161519795,0.016945145314232232,0.06836589090816902,0.21039130778670798,0.280905812618023,GLD,391.69
2027-03-31,P,393.0,0.513587141188261,187.45930653371525,21.4,398.69909523804813,1.0166198564758253,0.9857057733360408,0.014397373235433428,0.06709131044803485,0.2104198996748632,0.2817584273479439,GLD,391.69
2027-03-31,P,394.0,0.513587141188166,187.45930653368058,21.9,398.69909523804813,1.0166198564758253,0.988213930520102,0.011856075806760853,0.06581672998790056,0.2103885802643838,0.2825308130706617,GLD,391.69
2027-03-31,P,395.0,0.513587141188039,187.45930653363425,22.424999999999997,398.69909523804813,1.0166198564758253,0.9907220877041631,0.009321220203572808,0.06460382836396272,0.2105157274448562,0.2832230091683717,GLD,391.69
2027-03-31,P,396.0,0.5135871411879439,187.45930653359952,22.95,398.69909523804813,1.0166198564758253,0.9932302448882243,0.006792773850214137,0.06339092674002511,0.2105831396840424,0.2838348905577168,GLD,391.69
2027-03-31,P,397.0,0.5135871411878171,187.45930653355325,23.4,398.69909523804813,1.0166198564758253,0.9957384020722855,0.004270704417504276,0.061992988607498134,0.2099407394357189,0.2843714179897234,GLD,391.69
2027-03-31,P,398.0,0.513587141187722,187.45930653351851,24.0,398.69909523804813,1.0166198564758253,0.9982465592563466,0.001754979820256991,0.06096512349214944,0.21054112393101226,0.2848201909322222,GLD,391.69
2027-03-31,C,399.0,0.5135871411876586,187.45930653349538,25.075000000000003,398.69909523804813,1.0166198564758253,1.0007547164404078,-0.0007544317851687541,0.06186387270493909,0.2178376570929657,0.28513651936345313,GLD,391.69
2027-03-31,C,400.0,0.5135871411875634,187.45930653346065,24.8,398.69909523804813,1.0166198564758253,1.0032628736244689,-0.0032575620032871673,0.061185405506779235,0.2195360595222221,0.28542214105714003,GLD,391.69
2027-03-31,C,401.0,0.5135871411874366,187.45930653341438,24.275,398.69909523804813,1.0166198564758253,1.0057710308085301,-0.0057544422018744705,0.059890149946655875,0.21901673778563022,0.2856520997271051,GLD,391.69
2027-03-31,C,402.0,0.5135871411873414,187.45930653337962,23.875,398.69909523804813,1.0166198564758253,1.0082791879925914,-0.00824510351432645,0.058903288567514284,0.2195218899507447,0.2858034734385304,GLD,391.69
2027-03-31,C,403.0,0.5135871411872146,187.45930653333332,23.45,398.69909523804813,1.0166198564758253,1.0107873451766525,-0.010729576841988255,0.05785474835217633,0.21975601122993818,0.2858858567133591,GLD,391.69
2027-03-31,C,404.0,0.5135871411871195,187.4593065332986,22.950000000000003,398.69909523804813,1.0166198564758253,1.0132955023607138,-0.013207892856455445,0.05662117162824934,0.21928829120345822,0.2858976879866043,GLD,391.69
2027-03-31,C,405.0,0.5135871411869927,187.45930653325232,22.525,398.69909523804813,1.0166198564758253,1.0158036595447748,-0.0156800820018444,0.055572631412911376,0.219413428056644,0.28583834023185245,GLD,391.69
2027-03-31,C,406.0,0.5135871411868341,187.45930653319445,22.1,398.69909523804813,1.0166198564758253,1.018311816728836,-0.018146174497038006,0.054524091197573434,0.21948452211740474,0.2857092970307755,GLD,391.69
2027-03-31,C,407.0,0.513587141186739,187.45930653315972,21.700000000000003,398.69909523804813,1.0166198564758253,1.0208199739128971,-0.020606200337900237,0.053537229818431835,0.219717871769236,0.2855136746250192,GLD,391.69
2027-03-31,C,408.0,0.5135871411866121,187.45930653311342,21.299999999999997,398.69909523804813,1.0166198564758253,1.0233281310969584,-0.02306018929946705,0.05255036843929022,0.21989805286578182,0.28525070200180513,GLD,391.69
2027-03-31,C,409.0,0.5135871411864853,187.45930653306712,20.9,398.69909523804813,1.0166198564758253,1.0258362882810195,-0.02550817093810698,0.051563507060148624,0.22002535808592752,0.28492052237918863,GLD,391.69
2027-03-31,C,410.0,0.5135871411863902,187.45930653303242,20.575000000000003,398.69909523804813,1.0166198564758253,1.0283444454650807,-0.027950174593658825,0.050761682189596084,0.2207503303155739,0.28454417645309216,GLD,391.69
2027-03-31,C,411.0,0.5135871411862634,187.45930653298612,20.125,398.69909523804813,1.0166198564758253,1.0308526026491418,-0.03038622939153983,0.04965146313806178,0.22033931951843017,0.2840670236521046,GLD,391.69
2027-03-31,C,412.0,0.5135871411861365,187.45930653293982,19.75,398.69909523804813,1.0166198564758253,1.033360759833203,-0.03281636424483171,0.04872628059511652,0.22052704571330023,0.28354669255517667,GLD,391.69
2027-03-31,C,413.0,0.5135871411860413,187.4593065329051,19.4,398.69909523804813,1.0166198564758253,1.0358689170172641,-0.035240607856337966,0.047862776888367625,0.22088135835486164,0.28297421921631916,GLD,391.69
2027-03-31,C,414.0,0.5135871411859145,187.4593065328588,19.05,398.69909523804813,1.0166198564758253,1.0383770742013254,-0.03765898872061969,0.04699927318161873,0.2211854091830797,0.2823411730229323,GLD,391.69
2027-03-31,C,415.0,0.5135871411858194,187.4593065328241,18.65,398.69909523804813,1.0166198564758253,1.0408852313853865,-0.0400715351260035,0.04601241180247712,0.22100141259995132,0.28161551306397514,GLD,391.69
2027-03-31,C,416.0,0.5135871411856608,187.45930653276622,18.35,398.69909523804813,1.0166198564758253,1.0433933885694477,-0.04247827515656858,0.04527226576812093,0.22164356917370032,0.2808935566675118,GLD,391.69
2027-03-31,C,417.0,0.513587141185534,187.4593065327199,18.0,398.69909523804813,1.0166198564758253,1.0459015457535088,-0.044879236694106636,0.04440876206137202,0.22179795821721254,0.28007877384031926,GLD,391.69
2027-03-31,C,418.0,0.5135871411854389,187.4593065326852,17.674999999999997,398.69909523804813,1.0166198564758253,1.04840970293757,-0.0472744474200616,0.04360693719081946,0.22212354696915096,0.27922576307931163,GLD,391.69
2027-03-31,C,419.0,0.513587141185312,187.4593065326389,17.35,398.69909523804813,1.0166198564758253,1.0509178601216314,-0.04966393481744312,0.04280511232026692,0.2224008981688301,0.27831630229077653,GLD,391.69
2027-03-31,C,420.0,0.5135871411852169,187.45930653260416,17.025,398.69909523804813,1.0166198564758253,1.0534260173056924,-0.052047726172719265,0.04200328744971437,0.22263010992038978,0.2773502346642322,GLD,391.69
2027-03-31,C,421.0,0.5135871411850583,187.4593065325463,16.7,398.69909523804813,1.0166198564758253,1.0559341744897537,-0.05442584857768679,0.04120146257916182,0.2228112277805374,0.27632729233516884,GLD,391.69
2027-03-31,C,422.0,0.5135871411849632,187.45930653251156,16.375,398.69909523804813,1.0166198564758253,1.0584423316738147,-0.05679832893131707,0.04039963770860927,0.22294424448292133,0.2752470962654687,GLD,391.69
2027-03-31,C,423.0,0.5135871411848364,187.4593065324653,16.075000000000003,398.69909523804813,1.0166198564758253,1.060950488857876,-0.05916519394158333,0.039659491674253075,0.2232541001678053,0.27414522498135074,GLD,391.69
2027-03-31,C,424.0,0.5135871411847412,187.45930653243056,15.775,398.69909523804813,1.0166198564758253,1.063458646041937,-0.06152647012726301,0.03891934563989687,0.22351761669955397,0.2729909980290483,GLD,391.69
2027-03-31,C,425.0,0.5135871411846143,187.45930653238423,15.475,398.69909523804813,1.0166198564758253,1.0659668032259983,-0.06388218381972217,0.03817919960554067,0.22373478889168424,0.27178408096296663,GLD,391.69
2027-03-31,C,426.0,0.5135871411845193,187.45930653234956,15.15,398.69909523804813,1.0166198564758253,1.0684749604100594,-0.06623236116467567,0.037377374734988124,0.22367754569867251,0.27047880836267457,GLD,391.69
2027-03-31,C,427.0,0.5135871411842339,187.45930653224536,14.875,398.69909523804813,1.0166198564758253,1.0709831175941207,-0.06857702812392989,0.03669890753682827,0.22402983280563005,0.26921033959495294,GLD,391.69
2027-03-31,C,428.0,0.5135871411841071,187.4593065321991,14.575,398.69909523804813,1.0166198564758253,1.0734912747781817,-0.07091621047710202,0.03595876150247207,0.22410744492001833,0.26784234342996444,GLD,391.69
2027-03-31,C,429.0,0.5135871411840119,187.45930653216436,14.3,398.69909523804813,1.0166198564758253,1.075999431962243,-0.0732499338233223,0.03528029430431222,0.22436967747471298,0.26647467032456906,GLD,391.69
2027-03-31,C,430.0,0.513587141183885,187.45930653211803,14.05,398.69909523804813,1.0166198564758253,1.078507589146304,-0.07557822358291333,0.03466350594234872,0.22481998510427476,0.2651170075959747,GLD,391.69
2027-03-31,C,431.0,0.5135871411837583,187.45930653207176,13.775,398.69909523804813,1.0166198564758253,1.0810157463303653,-0.0779011049990531,0.033985038744188865,0.22499417870542546,0.2636550620309273,GLD,391.69
2027-03-31,C,432.0,0.5135871411836631,187.45930653203703,13.5,398.69909523804813,1.0166198564758253,1.0835239035144264,-0.08021860313941552,0.03330657154602902,0.22512351693478944,0.2621433790229734,GLD,391.69
2027-03-31,C,433.0,0.5135871411835363,187.45930653199076,13.25,398.69909523804813,1.0166198564758253,1.0860320606984877,-0.08253074289779515,0.03268978318406552,0.22544443689284244,0.2606509462994355,GLD,391.69
2027-03-31,C,434.0,0.5135871411834412,187.45930653195603,13.0,398.69909523804813,1.0166198564758253,1.0885402178825487,-0.08483754899571005,0.03207299482210202,0.2257228716013808,0.25911500533202586,GLD,391.69
2027-03-31,C,435.0,0.5135871411833144,187.45930653190976,12.75,398.69909523804813,1.0166198564758253,1.09104837506661,-0.08713904598398939,0.03145620646013852,0.2259586770885077,0.25753502746293894,GLD,391.69
2027-03-31,C,436.0,0.5135871411832191,187.45930653187497,12.5,398.69909523804813,1.0166198564758253,1.0935565322506713,-0.0894352582443397,0.030839418098175017,0.2261516660694885,0.25591040580799856,GLD,391.69
2027-03-31,C,437.0,0.5135871411830923,187.4593065318287,12.3,398.69909523804813,1.0166198564758253,1.0960646894347323,-0.09172620999089542,0.030345987408604218,0.226786644914292,0.25441067777173915,GLD,391.69
2027-03-31,C,438.0,0.5135871411829972,187.45930653179397,12.05,398.69909523804813,1.0166198564758253,1.0985728466187936,-0.0940119252717515,0.029729199046640717,0.2268965458187287,0.25270313191690486,GLD,391.69
2027-03-31,C,439.0,0.5135871411828703,187.45930653174767,11.8,398.69909523804813,1.0166198564758253,1.1010810038028547,-0.09629242797047662,0.029112410684677216,0.22696293086690023,0.250948911206274,GLD,391.69
2027-03-31,C,440.0,0.5135871411827435,187.45930653170137,11.6,398.69909523804813,1.0166198564758253,1.103589160986916,-0.09856774180761221,0.028618979995106413,0.2274803564115351,0.24934237481497917,GLD,391.69
2027-03-31,C,441.0,0.5135871411826484,187.45930653166664,11.375,398.69909523804813,1.0166198564758253,1.106097318170977,-0.10083789034215125,0.028063870469339267,0.22771139727600942,0.24760303515136436,GLD,391.69
2027-03-31,C,442.0,0.5135871411825216,187.45930653162037,11.175,398.69909523804813,1.0166198564758253,1.1086054753550383,-0.10310289697300347,0.027570439779768467,0.2281523872302843,0.24592937110392307,GLD,391.69
2027-03-31,C,443.0,0.5135871411823947,187.45930653157407,10.95,398.69909523804813,1.0166198564758253,1.1111136325390993,-0.10536278494044088,0.027015330254001314,0.22830319073555513,0.24411344768780022,GLD,391.69
2027-03-31,C,444.0,0.5135871411822996,187.45930653153937,10.725,398.69909523804813,1.0166198564758253,1.1136217897231606,-0.10761757732753009,0.026460220728234164,0.22841252102776963,0.24225589644183484,GLD,391.69
2027-03-31,C,445.0,0.5135871411821727,187.45930653149304,10.525,398.69909523804813,1.0166198564758253,1.1161299469072217,-0.10986729706154545,0.025966790038663364,0.22873654344620503,0.2404753479417398,GLD,391.69
2027-03-31,C,446.0,0.5135871411820776,187.4593065314583,10.325,398.69909523804813,1.0166198564758253,1.118638104091283,-0.1121119669153694,0.02547335934909256,0.22902231489233119,0.23866080577904678,GLD,391.69
2027-03-31,C,447.0,0.5135871411819508,187.45930653141204,10.149999999999999,398.69909523804813,1.0166198564758253,1.121146261275344,-0.11435160950887406,0.02504160749571811,0.22952996195862446,0.236939901767098,GLD,391.69
2027-03-31,C,448.0,0.5135871411818557,187.4593065313773,9.95,398.69909523804813,1.0166198564758253,1.1236544184594053,-0.11658624731029048,0.02454817680614731,0.22974050433780452,0.23506016637260546,GLD,391.69
2027-03-31,C,449.0,0.5135871411817288,187.459306531331,9.775,398.69909523804813,1.0166198564758253,1.1261625756434663,-0.1188159026375595,0.024116424952772865,0.23017645353758667,0.2332819238809691,GLD,391.69
2027-03-31,C,450.0,0.5135871411816336,187.45930653129628,9.5,398.69909523804813,1.0166198564758253,1.1286707328275276,-0.12104059765967075,0.023437957754613013,0.22951011056943915,0.23090561185588687,GLD,391.69
2027-03-31,C,451.0,0.5135871411815068,187.45930653125,9.399999999999999,398.69909523804813,1.0166198564758253,1.1311788900115887,-0.12326035439798355,0.02319124240982761,0.2306740467331488,0.2294966529238417,GLD,391.69
2027-03-31,C,452.0,0.5135871411814117,187.45930653121528,9.225,398.69909523804813,1.0166198564758253,1.13368704719565,-0.1254751947275365,0.02275949055645316,0.2310017359804935,0.2276304142127325,GLD,391.69
2027-03-31,C,453.0,0.5135871411812849,187.45930653116898,9.05,398.69909523804813,1.0166198564758253,1.136195204379711,-0.1276851403783392,0.022327738703078713,0.2312935203069984,0.22573517703161067,GLD,391.69
2027-03-31,C,454.0,0.513587141181158,187.45930653112268,8.875,398.69909523804813,1.0166198564758253,1.1387033615637723,-0.12989021293665326,0.02189598684970426,0.23154910096650555,0.22381029670811814,GLD,391.69
2027-03-31,C,455.0,0.513587141181063,187.45930653108798,8.725,398.69909523804813,1.0166198564758253,1.1412115187478336,-0.1320904338462558,0.02152591383252616,0.23204605355196287,0.22202124864985837,GLD,391.69
2027-03-31,C,456.0,0.5135871411809361,187.45930653104168,8.55,398.69909523804813,1.0166198564758253,1.1437196759318946,-0.13428582440969136,0.02109416197915171,0.23223069279552494,0.2200401696393603,GLD,391.69
2027-03-31,C,457.0,0.5135871411808409,187.45930653100694,8.399999999999999,398.69909523804813,1.0166198564758253,1.1462278331159559,-0.13647640578951006,0.020724088961973607,0.23266087884805026,0.21820344602172928,GLD,391.69
2027-03-31,C,458.0,0.5135871411807141,187.45930653096065,8.225,398.69909523804813,1.0166198564758253,1.148735990300017,-0.13866219900949023,0.02029233710859916,0.2327732757390194,0.2161635276548967,GLD,391.69
2027-03-31,C,459.0,0.5135871411805872,187.45930653091435,8.075,398.69909523804813,1.0166198564758253,1.1512441474840782,-0.1408432249558505,0.01992226409142106,0.2331355672664166,0.21427678479746443,GLD,391.69
2027-03-31,C,460.0,0.5135871411804604,187.45930653086808,7.925000000000001,398.69909523804813,1.0166198564758253,1.1537523046681393,-0.14301950437844593,0.019552191074242962,0.2334647019718437,0.2123665690267765,GLD,391.69
2027-03-31,C,461.0,0.5135871411803337,187.45930653082178,7.8,398.69909523804813,1.0166198564758253,1.1562604618522005,-0.14519105789195386,0.01924379689326121,0.23405334789940418,0.21062825742455235,GLD,391.69
2027-03-31,C,462.0,0.5135871411802384,187.45930653078702,7.65,398.69909523804813,1.0166198564758253,1.1587686190362616,-0.1473579059770441,0.01887372387608311,0.23431798279170885,0.20867454258301077,GLD,391.69
2027-03-31,C,463.0,0.5135871411801116,187.45930653074075,7.5,398.69909523804813,1.0166198564758253,1.1612767762203229,-0.1495200689815394,0.01850365085890501,0.23454855066343827,0.20669559274805693,GLD,391.69
2027-03-31,C,464.0,0.5135871411800165,187.45930653070602,7.35,398.69909523804813,1.0166198564758253,1.163784933404384,-0.1516775671215605,0.01813357784172691,0.23474465569606673,0.20469070366573838,GLD,391.69
2027-03-31,C,465.0,0.5135871411798896,187.4593065306597,7.225,398.69909523804813,1.0166198564758253,1.1662930905884452,-0.15383042048266163,0.017825183660745158,0.2352100502762849,0.20287608330814785,GLD,391.69
2027-03-31,C,470.0,0.5135871411797945,187.459306530625,6.6,398.69909523804813,1.0166198564758253,1.178833876508751,-0.16452570959940946,0.01628321275583641,0.2370898747904499,0.19354161532927108,GLD,391.69
2027-03-31,C,475.0,0.5135871411796676,187.4593065305787,6.025,398.69909523804813,1.0166198564758253,1.1913746624290569,-0.17510781892994648,0.014864599523320358,0.23886630260416672,0.184260889655398,GLD,391.69
2027-03-31,C,480.0,0.5135871411795409,187.45930653053242,5.525,398.69909523804813,1.0166198564758253,1.2039154483493628,-0.18557911879724195,0.013631022799393358,0.24094924274787874,0.17542240601027242,GLD,391.69
2027-03-31,C,485.0,0.5135871411794457,187.45930653049768,5.05,398.69909523804813,1.0166198564758253,1.2164562342696685,-0.1959419058327884,0.012459124911662706,0.24271859139358157,0.16656365854417876,GLD,391.69
2027-03-31,C,490.0,0.5135871411792872,187.45930653043982,4.65,398.69909523804813,1.0166198564758253,1.2289970201899745,-0.20619840599997757,0.011472263532521107,0.2449718725718352,0.1584029120540673,GLD,391.69
2027-03-31,C,495.0,0.513587141179192,187.4593065304051,4.275,398.69909523804813,1.0166198564758253,1.2415378061102804,-0.21635077746399564,0.010547080989575856,0.2470330667706598,0.15038194192025908,GLD,391.69
2027-03-31,C,500.0,0.5135871411790652,187.45930653035882,3.95,398.69909523804813,1.0166198564758253,1.2540785920305861,-0.22640111331749696,0.009745256119023306,0.2493645930895975,0.14293078908682205,GLD,391.69
2027-03-31,C,505.0,0.5135871411789701,187.45930653032408,3.6500000000000004,398.69909523804813,1.0166198564758253,1.266619377950892,-0.23635144417066511,0.009005110084667105,0.25161475258748855,0.13574069433931102,GLD,391.69
2027-03-31,C,510.0,0.5135871411788433,187.45930653027781,3.4000000000000004,398.69909523804813,1.0166198564758253,1.279160163871198,-0.2462037406136768,0.008388321722703606,0.25430334888340345,0.12929311560327653,GLD,391.69
2027-03-31,C,515.0,0.513587141178748,187.45930653024303,3.16,398.69909523804813,1.0166198564758253,1.2917009497915037,-0.2559599155590414,0.007796204895218644,0.25674744427305973,0.12295465032013214,GLD,391.69
2027-03-31,C,520.0,0.5135871411786213,187.45930653019676,2.955,398.69909523804813,1.0166198564758253,1.3042417357118097,-0.26562182647077837,0.007290438438408574,0.2594827812948052,0.1172117364251286,GLD,391.69
2027-03-31,C,525.0,0.5135871411785261,187.45930653016202,2.75,398.69909523804813,1.0166198564758253,1.3167825216321156,-0.2751912774869291,0.006784671981598504,0.2618243354928207,0.1114255506160927,GLD,391.69
2027-03-31,C,530.0,0.5135871411783993,187.45930653011575,2.58,398.69909523804813,1.0166198564758253,1.3293233075524213,-0.28467002144147274,0.0063652558954633235,0.26456646861271055,0.10631128991259788,GLD,391.69
2027-03-31,C,535.0,0.5135871411783042,187.45930653008102,2.415,398.69909523804813,1.0166198564758253,1.3418640934727273,-0.2940597617913119,0.005958175576567413,0.2670786964367098,0.10128300636397543,GLD,391.69
2027-03-31,C,540.0,0.5135871411781456,187.45930653002316,2.4000000000000004,398.69909523804813,1.0166198564758253,1.354404879393033,-0.3033621544536253,0.005921168274849604,0.2730152331568888,0.09953841590074736,GLD,391.69
2027-03-31,C,545.0,0.5135871411780187,187.45930652997683,2.27,398.69909523804813,1.0166198564758253,1.366945665313339,-0.31257880955854933,0.005600438326628583,0.27590879914594135,0.095347628046193,GLD,391.69
2027-03-31,C,550.0,0.513587141177892,187.45930652993056,2.1550000000000002,398.69909523804813,1.0166198564758253,1.3794864512336449,-0.32171129312182195,0.005316715680125373,0.2789236239416789,0.09150252968430506,GLD,391.69
2027-03-31,C,555.0,0.5135871411777968,187.45930652989583,2.045,398.69909523804813,1.0166198564758253,1.3920272371539506,-0.33076112864173973,0.005045328800861433,0.28182128561222614,0.08778622947762796,GLD,391.69
2027-03-31,C,560.0,0.51358714117767,187.45930652984956,1.955,398.69909523804813,1.0166198564758253,1.4045680230742565,-0.3397297986245002,0.004823284990554573,0.2850504271908289,0.08455756987925361,GLD,391.69
2027-03-31,C,565.0,0.5135871411775749,187.45930652981482,1.865,398.69909523804813,1.0166198564758253,1.4171088089945625,-0.34861874604174625,0.004601241180247712,0.28806681699648057,0.08135243394335033,GLD,391.69
2027-03-31,C,570.0,0.513587141177448,187.4593065297685,1.785,398.69909523804813,1.0166198564758253,1.4296495949148682,-0.35742937572390104,0.004403868904419392,0.2911808112930582,0.0784126760451724,GLD,391.69
2027-06-17,P,280.0,0.7272857713083777,265.4593065275578,1.765,399.4660425167364,1.017050497278719,0.7009356746218769,0.355339158466272,0.30340865056515653,0.26095527447979566,0.07912322487934971,GLD,391.69
2027-06-17,P,285.0,0.7272857713082509,265.45930652751156,1.975,399.4660425167364,1.017050497278719,0.7134523830972676,0.3376395813668711,0.2914088306389314,0.2563006380878702,0.0866363757158296,GLD,391.69
2027-06-17,P,290.0,0.7272857713081557,265.4593065274768,2.21,399.4660425167364,1.017050497278719,0.7259690915726582,0.3202478386550019,0.2794705450637973,0.25173181198959976,0.09473253290684124,GLD,391.69
2027-06-17,P,295.0,0.7272857713080288,265.45930652743056,2.4850000000000003,399.4660425167364,1.017050497278719,0.7384858000480489,0.3031534052957018,0.267630714450409,0.24753367447425104,0.10367937704144455,GLD,391.69
2027-06-17,P,300.0,0.7272857713079021,265.45930652738423,2.76,399.4660425167364,1.017050497278719,0.7510025085234395,0.2863462869793206,0.25579088383702087,0.24268996989652783,0.11261779466514746,GLD,391.69
2027-06-17,P,305.0,0.7272857713078069,265.4593065273495,3.09,399.4660425167364,1.017050497278719,0.7635192169988302,0.26981698502810997,0.24408642879603304,0.2384020751580952,0.1225983768778189,GLD,391.69
2027-06-17,P,310.0,0.72728577130768,265.4593065273032,3.475,399.4660425167364,1.017050497278719,0.7760359254742208,0.2535564641563297,0.23251734932744572,0.2344881663706468,0.1334833447136077,GLD,391.69
2027-06-17,P,315.0,0.727285771307585,265.4593065272685,3.95,399.4660425167364,1.017050497278719,0.7885526339496115,0.23755612280988855,0.22116979352278643,0.23139455806082662,0.14567311826158208,GLD,391.69
2027-06-17,P,320.0,0.7272857713074581,265.4593065272222,4.475,399.4660425167364,1.017050497278719,0.8010693424250022,0.22180776584174938,0.2099453064203094,0.22824204781746496,0.1583307800936663,GLD,391.69
2027-06-17,P,325.0,0.727285771307363,265.4593065271875,5.1,399.4660425167364,1.017050497278719,0.8135860509003928,0.20630357930578413,0.19896695672219689,0.22569192195456436,0.1719792890809032,GLD,391.69
2027-06-17,P,330.0,0.7272857713072362,265.4593065271412,5.8,399.4660425167364,1.017050497278719,0.8261027593757835,0.1910361071749957,0.18817321007735788,0.22321072346328918,0.18604238736382964,GLD,391.69
2027-06-17,P,335.0,0.7272857713070142,265.45930652706016,6.574999999999999,399.4660425167364,1.017050497278719,0.8386194678511741,0.17599822981045518,0.17756406648579215,0.22071502574654311,0.20034359342844457,GLD,391.69
2027-06-17,P,340.0,0.7272857713068874,265.4593065270139,7.475,399.4660425167364,1.017050497278719,0.8511361763265648,0.16118314402531453,0.16726259464968196,0.21871395091007803,0.21513771818167937,GLD,391.69
2027-06-17,P,345.0,0.7272857713067922,265.45930652697916,8.5,399.4660425167364,1.017050497278719,0.8636528848019555,0.14658434460416186,0.15726879456902754,0.21704883752626467,0.2300877133345062,GLD,391.69
2027-06-17,P,350.0,0.7272857713066655,265.4593065269329,9.55,399.4660425167364,1.017050497278719,0.8761695932773461,0.13219560715206224,0.14733652883946413,0.21459307573971442,0.2443052601764405,GLD,391.69
2027-06-17,P,355.0,0.7272857713065068,265.459306526875,10.8,399.4660425167364,1.017050497278719,0.8886863017527368,0.11801097216010582,0.13789653791862977,0.21308729170668217,0.2586834888609931,GLD,391.69
2027-06-17,P,360.0,0.7272857713064117,265.4593065268403,12.149999999999999,399.4660425167364,1.017050497278719,0.9012030102281274,0.10402473018536593,0.12870268440215993,0.21142964705530556,0.2723538749900753,GLD,391.69
2027-06-17,P,365.0,0.7272857713062848,265.45930652679397,13.625,399.4660425167364,1.017050497278719,0.9137197187035181,0.09023140805303011,0.11981650264114563,0.20981169365100857,0.2852396801213664,GLD,391.69
2027-06-17,P,370.0,0.7272857713061898,265.4593065267593,15.325,399.4660425167364,1.017050497278719,0.9262364271789087,0.0766257559972515,0.11148413003995161,0.20901525563678564,0.29735216819405375,GLD,391.69
2027-06-17,P,375.0,0.7272857713060629,265.45930652671296,17.125,399.4660425167364,1.017050497278719,0.9387531356542994,0.0632027356651108,0.10339789484312212,0.20791877436112155,0.30813614667154904,GLD,391.69
2027-06-17,P,380.0,0.7272857713059678,265.45930652667823,19.075,399.4660425167364,1.017050497278719,0.9512698441296901,0.04995750891509016,0.0956808657528394,0.20691511889856137,0.3175553301439932,GLD,391.69
2027-06-17,P,385.0,0.7272857713058093,265.45930652662037,21.200000000000003,399.4660425167364,1.017050497278719,0.9637865526050807,0.03688542734773739,0.08839457712019427,0.2061667206574361,0.3254751733417612,GLD,391.69
2027-06-17,P,390.0,0.727285771305714,265.45930652658564,23.450000000000003,399.4660425167364,1.017050497278719,0.9763032610804714,0.023982022511829505,0.08141596024300513,0.20527481128005132,0.33175394218089393,GLD,391.69
2027-06-17,P,395.0,0.7272857713055872,265.45930652653936,25.95,399.4660425167364,1.017050497278719,0.988819969555862,0.011242996734399746,0.07505268687672706,0.20515582758994919,0.3363278052021492,GLD,391.69
2027-06-17,C,400.0,0.7272857713055239,265.45930652651623,31.974999999999998,399.4660425167364,1.017050497278719,1.0013366780312527,-0.0013357854724603717,0.07870243504555054,0.2335152656699368,0.3387583222118675,GLD,391.69
2027-06-17,C,405.0,0.7272857713054288,265.4593065264815,29.7,399.4660425167364,1.017050497278719,1.0138533865066433,-0.013758305471017416,0.07310280909625803,0.23343948217489965,0.34006468424670167,GLD,391.69
2027-06-17,C,410.0,0.7272857713053019,265.4593065264352,27.575,399.4660425167364,1.017050497278719,1.026370094982034,-0.026028398062831873,0.0678723892535123,0.2335521736846273,0.34005775486103706,GLD,391.69
2027-06-17,C,415.0,0.7272857713052067,265.45930652640044,25.55,399.4660425167364,1.017050497278719,1.0388868034574246,-0.038149758595176574,0.06288810681513107,0.23351317709056274,0.33878542693540586,GLD,391.69
2027-06-17,C,420.0,0.72728577130508,265.45930652635417,23.7,399.4660425167364,1.017050497278719,1.0514035119328153,-0.050125949641892376,0.05833456483438773,0.23389367201188527,0.3363366937351343,GLD,391.69
2027-06-17,C,425.0,0.7272857713049847,265.45930652631944,21.975,399.4660425167364,1.017050497278719,1.0639202204082059,-0.06196040728889511,0.05408869460910002,0.2343637107345707,0.33279727480007504,GLD,391.69
2027-06-17,C,430.0,0.7272857713048579,265.45930652627317,20.325000000000003,399.4660425167364,1.017050497278719,1.0764369288835967,-0.07365644705208649,0.050027427437085686,0.23458463348257158,0.3282076480023427,GLD,391.69
2027-06-17,C,435.0,0.7272857713047628,265.45930652623844,18.875,399.4660425167364,1.017050497278719,1.0889536373589872,-0.08521726945316238,0.046458435073800354,0.23553193942319847,0.3228438401366214,GLD,391.69
2027-06-17,C,440.0,0.727285771304636,265.45930652619217,17.5,399.4660425167364,1.017050497278719,1.101470345834378,-0.09664596527678523,0.043074045763788406,0.23631100993206317,0.31666801453400323,GLD,391.69
2027-06-17,C,445.0,0.7272857713045408,265.4593065261574,16.2,399.4660425167364,1.017050497278719,1.1139870543097685,-0.1079455205307185,0.03987425950704984,0.23695134889501812,0.30975750241911043,GLD,391.69
2027-06-17,C,450.0,0.7272857713044141,265.45930652611116,15.15,399.4660425167364,1.017050497278719,1.1265037627851593,-0.11911882112884382,0.03728981676122254,0.2389067025350564,0.3027958429760065,GLD,391.69
2027-06-17,C,455.0,0.7272857713043188,265.4593065260764,13.975,399.4660425167364,1.017050497278719,1.1390204712605498,-0.1301686573154287,0.0343977022599396,0.23919030877358496,0.2946758612122555,GLD,391.69
2027-06-17,C,460.0,0.7272857713041921,265.4593065260301,12.95,399.4660425167364,1.017050497278719,1.1515371797359406,-0.14109772784761906,0.03187479386520342,0.24006580770221495,0.28640844573283153,GLD,391.69
2027-06-17,C,465.0,0.7272857713040969,265.4593065259954,12.0,399.4660425167364,1.017050497278719,1.1640538882113312,-0.1519086439518346,0.029536488523740623,0.24096276170922665,0.2778394929781078,GLD,391.69
2027-06-17,C,470.0,0.7272857713039701,265.4593065259491,11.175,399.4660425167364,1.017050497278719,1.176570596686722,-0.16260393306858265,0.027505854937733457,0.2423813642286549,0.2693883587894311,GLD,391.69
2027-06-17,C,475.0,0.727285771303875,265.45930652591437,10.375,399.4660425167364,1.017050497278719,1.1890873051621125,-0.1731860423991195,0.025536755702817413,0.24347030686936866,0.26058980322287695,GLD,391.69
2027-06-17,C,480.0,0.727285771303748,265.45930652586804,9.65,399.4660425167364,1.017050497278719,1.2016040136375032,-0.183657342266415,0.02375225952117475,0.24472462954466895,0.25183927060137573,GLD,391.69
2027-06-17,C,485.0,0.7272857713036529,265.4593065258333,8.975,399.4660425167364,1.017050497278719,1.2141207221128938,-0.1940201293019615,0.02209083204171434,0.24594897426804316,0.24305369194001725,GLD,391.69
2027-06-17,C,490.0,0.7272857713035261,265.45930652578704,8.375,399.4660425167364,1.017050497278719,1.2266374305882846,-0.20427662946915068,0.02061400761552731,0.24744157638951642,0.23453852803797584,GLD,391.69
2027-06-17,C,495.0,0.727285771303431,265.4593065257523,7.800000000000001,399.4660425167364,1.017050497278719,1.239154139063675,-0.2144290009331686,0.01919871754043141,0.24872638338522843,0.22593053661433837,GLD,391.69
2027-06-17,C,500.0,0.7272857713033041,265.459306525706,7.3,399.4660425167364,1.017050497278719,1.2516708475390659,-0.22447933678667012,0.017968030518608877,0.2503817007305183,0.21779128415613747,GLD,391.69
2027-06-17,C,505.0,0.727285771303209,265.4593065256713,6.8,399.4660425167364,1.017050497278719,1.2641875560144564,-0.23442966763983814,0.016737343496786353,0.2516059411240571,0.20939696151893714,GLD,391.69
2027-06-17,C,510.0,0.7272857713030821,265.459306525625,6.475,399.4660425167364,1.017050497278719,1.2767042644898472,-0.24428196408284983,0.01593739693260171,0.25451498202958284,0.20286363752391803,GLD,391.69
2027-06-17,C,515.0,0.7272857713029554,265.4593065255787,5.95,399.4660425167364,1.017050497278719,1.2892209729652377,-0.2540381390282144,0.01464517555968806,0.2545957438168961,0.19368741977860857,GLD,391.69
2027-06-17,C,520.0,0.7272857713028602,265.459306525544,5.6,399.4660425167364,1.017050497278719,1.3017376814406285,-0.26370004993995144,0.01378369464441229,0.2564738514848551,0.18654924641044315,GLD,391.69
2027-06-17,C,525.0,0.7272857713027334,265.4593065254977,5.275,399.4660425167364,1.017050497278719,1.314254389916019,-0.27326950095610203,0.012983748080227649,0.25834698005139606,0.17964161307598556,GLD,391.69
2027-06-17,C,530.0,0.7272857713024481,265.4593065253936,4.95,399.4660425167364,1.017050497278719,1.3267710983914098,-0.28274824491064593,0.012183801516043008,0.25988677375381614,0.17261654893082365,GLD,391.69
2027-06-17,C,535.0,0.7272857713023212,265.45930652534724,4.675000000000001,399.4660425167364,1.017050497278719,1.3392878068668004,-0.29213798526048484,0.011506923654040619,0.2618214965217013,0.16625477325551558,GLD,391.69
2027-06-17,C,540.0,0.727285771302226,265.4593065253125,4.4,399.4660425167364,1.017050497278719,1.3518045153421911,-0.30144037792279843,0.01083004579203823,0.2634555241055095,0.15981022043246837,GLD,391.69
2027-06-17,C,545.0,0.7272857713020993,265.45930652526624,4.15,399.4660425167364,1.017050497278719,1.3643212238175817,-0.31065703302772235,0.010214702281126966,0.26517784286022494,0.15370126158161973,GLD,391.69
2027-06-17,C,550.0,0.7272857713019407,265.4593065252084,3.9250000000000003,399.4660425167364,1.017050497278719,1.3768379322929725,-0.31978951659099497,0.00966089312130683,0.2670238011478705,0.14796474929009465,GLD,391.69
2027-06-17,C,555.0,0.7272857713018455,265.4593065251736,3.7,399.4660425167364,1.017050497278719,1.389354640768363,-0.3288393521109128,0.009107083961486693,0.2685989051577876,0.14216902426621889,GLD,391.69
2027-06-17,C,560.0,0.7272857713017187,265.4593065251273,3.525,399.4660425167364,1.017050497278719,1.4018713492437538,-0.3378080220936733,0.008676343503848808,0.2707915198899946,0.13727104954612887,GLD,391.69
2027-06-17,C,565.0,0.7272857713016235,265.4593065250926,3.35,399.4660425167364,1.017050497278719,1.4143880577191443,-0.3466969695109193,0.008245603046210925,0.2727621434972804,0.1323544483876772,GLD,391.69
2027-06-17,C,570.0,0.7272857713014967,265.4593065250463,3.2249999999999996,399.4660425167364,1.017050497278719,1.426904766194535,-0.35550759919307423,0.007937931290755292,0.2754662013014619,0.12843205097356422,GLD,391.69
2027-06-30,P,285.0,0.7629022096507484,278.45930652252315,2.335,402.6305473393215,1.014572701217221,0.7078449508695946,0.3455302052184314,0.29787111191938476,0.2643996413789941,0.09508389978480668,GLD,391.69
2027-06-30,P,290.0,0.7629022096506215,278.4593065224768,2.585,402.6305473393215,1.014572701217221,0.720263283340991,0.3281384625065623,0.2860647776052667,0.2596248658482585,0.1031376338794122,GLD,391.69
2027-06-30,P,295.0,0.7629022096505265,278.45930652244215,2.895,402.6305473393215,1.014572701217221,0.7326816158123874,0.3110440291472621,0.2744053228488954,0.2556540860928929,0.11234764939595986,GLD,391.69
2027-06-30,P,300.0,0.7629022096503996,278.4593065223958,3.235,402.6305473393215,1.014572701217221,0.7450999482837838,0.29423691083088094,0.2628193078713975,0.2516542692767926,0.12204501597573354,GLD,391.69
2027-06-30,P,305.0,0.7629022096502727,278.45930652234955,3.45,402.6305473393215,1.014572701217221,0.7575182807551802,0.27770760887967033,0.2509272938152606,0.244682154252083,0.12963060701865764,GLD,391.69
2027-06-30,P,310.0,0.7629022096501776,278.4593065223148,3.8499999999999996,402.6305473393215,1.014572701217221,0.7699366132265766,0.26144708800789007,0.23948815839550952,0.24071742020471648,0.14034765583507594,GLD,391.69
2027-06-30,P,315.0,0.7629022096500507,278.4593065222685,4.35,402.6305473393215,1.014572701217221,0.782354945697973,0.2454467466614489,0.22829382223866967,0.23771976083703233,0.15242927058399894,GLD,391.69
2027-06-30,P,320.0,0.7629022096499556,278.4593065222338,4.925000000000001,402.6305473393215,1.014572701217221,0.7947732781693694,0.22969838969330977,0.21728308552901343,0.23504694287868888,0.16525375379990084,GLD,391.69
2027-06-30,P,325.0,0.7629022096498288,278.4593065221875,5.55,402.6305473393215,1.014572701217221,0.8071916106407658,0.21419420315734444,0.20639474845081274,0.2322242223774176,0.17833993447567859,GLD,391.69
2027-06-30,P,330.0,0.7629022096497337,278.45930652215276,6.25,402.6305473393215,1.014572701217221,0.8196099431121622,0.1989267310265561,0.19569001081979565,0.22954187975445664,0.19186484306910373,GLD,391.69
2027-06-30,P,333.0,0.7629022096496068,278.4593065221065,6.725,402.6305473393215,1.014572701217221,0.8270609425950001,0.1898768955066381,0.18940180783578653,0.22819548973114934,0.2003036495899296,GLD,391.69
2027-06-30,P,334.0,0.76290220964948,278.45930652206016,6.9,402.6305473393215,1.014572701217221,0.8295446090892793,0.18687839251038157,0.18734654005160212,0.22787252713311337,0.20322613959434147,GLD,391.69
2027-06-30,P,335.0,0.7629022096493848,278.4593065220255,7.074999999999999,402.6305473393215,1.014572701217221,0.8320282755835586,0.1838888536620155,0.1852912722674176,0.22750828248876864,0.2061187302829338,GLD,391.69
2027-06-30,P,336.0,0.7629022096492579,278.45930652197916,7.225,402.6305473393215,1.014572701217221,0.8345119420778379,0.18090822552387778,0.18317480466750535,0.22681097729355215,0.20876072468297327,GLD,391.69
2027-06-30,P,337.0,0.7629022096491311,278.4593065219329,7.425000000000001,402.6305473393215,1.014572701217221,0.8369956085721172,0.1779364551347202,0.18118073669904866,0.22666075873947641,0.21181905110909782,GLD,391.69
2027-06-30,P,338.0,0.762902209649036,278.45930652189816,7.574999999999999,402.6305473393215,1.014572701217221,0.8394792750663964,0.17497349000406323,0.17906426909913642,0.22589440536244593,0.2144189720227293,GLD,391.69
2027-06-30,P,339.0,0.7629022096488774,278.4593065218403,7.775,402.6305473393215,1.014572701217221,0.8419629415606756,0.1720192781066318,0.17707020113067984,0.22566176103675065,0.21741347592174406,GLD,391.69
2027-06-30,P,340.0,0.7629022096487824,278.45930652180556,7.975,402.6305473393215,1.014572701217221,0.844446608054955,0.16907376787687492,0.17507613316222315,0.22538574889321128,0.2203714517931298,GLD,391.69
2027-06-30,P,341.0,0.7629022096486555,278.4593065217593,8.175,402.6305473393215,1.014572701217221,0.8469302745492342,0.16613690820356528,0.17308206519376657,0.22506763802810223,0.22329429525379926,GLD,391.69
2027-06-30,P,342.0,0.7629022096485605,278.45930652172456,8.375,402.6305473393215,1.014572701217221,0.8494139410435135,0.16320864842447685,0.17108799722530987,0.22470861110513785,0.22618330004909407,GLD,391.69
2027-06-30,P,343.0,0.7629022096484336,278.45930652167823,8.55,402.6305473393215,1.014572701217221,0.8518976075377928,0.16028893832114216,0.16903272944112546,0.22404246420297277,0.22885933723904223,GLD,391.69
2027-06-30,P,344.0,0.7629022096483384,278.45930652164355,8.775,402.6305473393215,1.014572701217221,0.8543812740320721,0.15737772811368364,0.1670998612883966,0.22387214791383414,0.23186450348684065,GLD,391.69
2027-06-30,P,345.0,0.7629022096481798,278.45930652158563,8.975,402.6305473393215,1.014572701217221,0.8568649405263513,0.1544749684557223,0.16510579331994002,0.22339670279826557,0.2346588437432484,GLD,391.69
2027-06-30,P,346.0,0.7629022096480848,278.45930652155096,9.175,402.6305473393215,1.014572701217221,0.8593486070206307,0.15158061042935775,0.16311172535148355,0.22288433425593765,0.23742363975155567,GLD,391.69
2027-06-30,P,347.0,0.7629022096479579,278.45930652150463,9.425,402.6305473393215,1.014572701217221,0.8618322735149099,0.14869460554022287,0.16124005701448263,0.22284520519327541,0.24047622588702702,GLD,391.69
2027-06-30,P,348.0,0.7629022096478628,278.45930652146995,9.625,402.6305473393215,1.014572701217221,0.8643159400091892,0.14581690571260766,0.15924598904602594,0.22225578810443392,0.2431746532149174,GLD,391.69
2027-06-30,P,349.0,0.7629022096477359,278.4593065214236,9.875,402.6305473393215,1.014572701217221,0.8667996065034684,0.1429474632846549,0.15737432070902502,0.22212955664266842,0.24614118028304183,GLD,391.69
2027-06-30,P,350.0,0.7629022096476408,278.4593065213889,10.100000000000001,402.6305473393215,1.014572701217221,0.8692832729977478,0.14008623100362264,0.15544145255629616,0.22171269069502783,0.24891939478937458,GLD,391.69
2027-06-30,P,351.0,0.762902209647514,278.4593065213426,10.325,402.6305473393215,1.014572701217221,0.871766939492027,0.13723316202121624,0.1535085844035674,0.2212576715458698,0.25166279901409616,GLD,391.69
2027-06-30,P,352.0,0.7629022096474188,278.4593065213079,10.575,402.6305473393215,1.014572701217221,0.8742506059863063,0.1343882098889849,0.15163691606656637,0.22100585893078364,0.25450416670980786,GLD,391.69
2027-06-30,P,353.0,0.7629022096472919,278.45930652126157,10.825,402.6305473393215,1.014572701217221,0.8767342724805856,0.1315513285537853,0.14976524772956545,0.2207123780348114,0.25730271043874775,GLD,391.69
2027-06-30,P,354.0,0.7629022096471969,278.4593065212269,11.075,402.6305473393215,1.014572701217221,0.8792179389748649,0.12872247235330755,0.14789357939256442,0.2203782140415157,0.2600596340008347,GLD,391.69
2027-06-30,P,355.0,0.7629022096470384,278.459306521169,11.325,402.6305473393215,1.014572701217221,0.8817016054691441,0.12590159601166626,0.1460219110555635,0.22000428511862372,0.26277604073135274,GLD,391.69
2027-06-30,P,356.0,0.7629022096469431,278.45930652113424,11.625,402.6305473393215,1.014572701217221,0.8841852719634234,0.12308865463505153,0.14427264235001813,0.2200523499021835,0.26567664954826675,GLD,391.69
2027-06-30,P,357.0,0.7629022096468164,278.459306521088,11.875,402.6305473393215,1.014572701217221,0.8866689384577027,0.12028360370744298,0.1424009740130172,0.21959687374043596,0.26830601673900156,GLD,391.69
2027-06-30,P,358.0,0.7629022096466895,278.4593065210417,12.175,402.6305473393215,1.014572701217221,0.889152604951982,0.11748639908638168,0.14065170530747184,0.21955583794875078,0.271102661739896,GLD,391.69
2027-06-30,P,359.0,0.7629022096465944,278.45930652100697,12.425,402.6305473393215,1.014572701217221,0.8916362714462612,0.11469699699880319,0.13878003697047092,0.21902239774226515,0.27364941071941884,GLD,391.69
2027-06-30,P,360.0,0.7629022096464676,278.4593065209607,12.725,402.6305473393215,1.014572701217221,0.8941199379405406,0.1119153540369263,0.13703076826492555,0.21889626464851053,0.276347377351702,GLD,391.69
2027-06-30,P,361.0,0.7629022096463725,278.45930652092596,13.025,402.6305473393215,1.014572701217221,0.8966036044348198,0.10914142715420114,0.1352814995593803,0.2187268148854539,0.27899322493617684,GLD,391.69
2027-06-30,P,362.0,0.7629022096462456,278.45930652087964,13.325,402.6305473393215,1.014572701217221,0.8990872709290991,0.10637517366131094,0.13353223085383492,0.21851501102186682,0.28158826072929843,GLD,391.69
2027-06-30,P,363.0,0.7629022096461504,278.4593065208449,13.625,402.6305473393215,1.014572701217221,0.9015709374233783,0.10361655122223128,0.13178296214828966,0.2182617484360535,0.2841336733898286,GLD,391.69
2027-06-30,P,364.0,0.7629022096460236,278.45930652079863,13.925,402.6305473393215,1.014572701217221,0.9040546039176577,0.10086551785034133,0.1300336934427443,0.217967859775918,0.2866305398940363,GLD,391.69
2027-06-30,P,365.0,0.7629022096459284,278.45930652076385,14.225,402.6305473393215,1.014572701217221,0.9065382704119369,0.09812203190459055,0.12828442473719903,0.21763411894546777,0.28907983161134243,GLD,391.69
2027-06-30,P,366.0,0.7629022096458017,278.45930652071763,14.55,402.6305473393215,1.014572701217221,0.9090219369062162,0.09538605208571574,0.1265963558473815,0.21747118055208373,0.2915509506015636,GLD,391.69
2027-06-30,P,367.0,0.7629022096456748,278.4593065206713,14.899999999999999,402.6305473393215,1.014572701217221,0.9115056034004955,0.09265753743251177,0.1249694867732919,0.21747452696210848,0.29403322461871,GLD,391.69
2027-06-30,P,368.0,0.7629022096455798,278.45930652063663,15.225,402.6305473393215,1.014572701217221,0.9139892698947748,0.08993644731815106,0.12328141788347458,0.2172269760968473,0.29639502798455847,GLD,391.69
2027-06-30,P,369.0,0.7629022096454529,278.4593065205903,15.55,402.6305473393215,1.014572701217221,0.916472936389054,0.08722274144655487,0.12159334899365715,0.21693915578406478,0.29870564094818125,GLD,391.69
2027-06-30,P,370.0,0.7629022096453577,278.4593065205556,15.899999999999999,402.6305473393215,1.014572701217221,0.9189566028833334,0.08451637984881186,0.11996647991956744,0.21681507965706548,0.3010196854081084,GLD,391.69
2027-06-30,P,371.0,0.7629022096452308,278.45930652050924,16.25,402.6305473393215,1.014572701217221,0.9214402693776126,0.08181732287964691,0.11833961084547784,0.2166490609294886,0.30327746145950973,GLD,391.69
2027-06-30,P,372.0,0.762902209645104,278.459306520463,16.625,402.6305473393215,1.014572701217221,0.9239239358718919,0.07912553121393544,0.11677394158711596,0.2166421799164311,0.3055269422127273,GLD,391.69
2027-06-30,P,373.0,0.7629022096450089,278.45930652042824,16.975,402.6305473393215,1.014572701217221,0.9264076023661711,0.07644096584326651,0.11514707251302636,0.21639309019144853,0.3076720400708901,GLD,391.69
2027-06-30,P,374.0,0.762902209644882,278.4593065203819,17.35,402.6305473393215,1.014572701217221,0.9288912688604505,0.07376358807255005,0.11358140325466448,0.21630177151500193,0.30980443348642556,GLD,391.69
2027-06-30,P,375.0,0.7629022096447869,278.45930652034724,17.725,402.6305473393215,1.014572701217221,0.9313749353547297,0.07109335951667123,0.11201573399630271,0.21616865769740184,0.31187828216714397,GLD,391.69
2027-06-30,P,376.0,0.76290220964466,278.4593065203009,18.1,402.6305473393215,1.014572701217221,0.933858601849009,0.06843024209718747,0.11045006473794083,0.21599445078438306,0.31389456081375666,GLD,391.69
2027-06-30,P,377.0,0.7629022096445331,278.4593065202546,18.475,402.6305473393215,1.014572701217221,0.9363422683432883,0.06577419803907128,0.10888439547957907,0.2157797997487935,0.3158541285388528,GLD,391.69
2027-06-30,P,378.0,0.7629022096444065,278.4593065202084,18.875,402.6305473393215,1.014572701217221,0.9388259348375676,0.0631251898674943,0.10737992603694502,0.2157178933603825,0.317787103746902,GLD,391.69
2027-06-30,P,379.0,0.7629022096442796,278.45930652016204,19.275,402.6305473393215,1.014572701217221,0.9413096013318468,0.060483180404655695,0.10587545659431108,0.21561445045740385,0.3196596988522266,GLD,391.69
2027-06-30,P,380.0,0.7629022096441843,278.45930652012726,19.675,402.6305473393215,1.014572701217221,0.9437932678261262,0.05784813276665053,0.10437098715167703,0.21547011675699346,0.32147281335246625,GLD,391.69
2027-06-30,P,381.0,0.7629022096440576,278.45930652008104,20.1,402.6305473393215,1.014572701217221,0.9462769343204054,0.05522001036038108,0.10292771752477092,0.21547482097006002,0.32324919951310493,GLD,391.69
2027-06-30,P,382.0,0.7629022096439624,278.45930652004625,20.525,402.6305473393215,1.014572701217221,0.9487606008146847,0.052598776880506806,0.1014844478978647,0.2154377897678252,0.32496310695296926,GLD,391.69
2027-06-30,P,383.0,0.7629022096438357,278.45930652000004,20.925,402.6305473393215,1.014572701217221,0.9512442673089639,0.04998439630643605,0.09997997845523077,0.2151722773031094,0.3265978809040353,GLD,391.69
2027-06-30,P,384.0,0.7629022096437404,278.45930651996525,21.375,402.6305473393215,1.014572701217221,0.9537279338032433,0.047376832899355126,0.0985979086440526,0.21524101082442854,0.32820706495574825,GLD,391.69
2027-06-30,P,385.0,0.7629022096436137,278.459306519919,21.825,402.6305473393215,1.014572701217221,0.9562116002975225,0.04477605119929782,0.09721583883287432,0.2152679823895308,0.3297522439025495,GLD,391.69
2027-06-30,P,386.0,0.7629022096434869,278.4593065198727,22.25,402.6305473393215,1.014572701217221,0.9586952667918018,0.04218201602225112,0.0957725692059681,0.21506904585767408,0.33122254002160273,GLD,391.69
2027-06-30,P,387.0,0.7629022096433917,278.459306519838,22.700000000000003,402.6305473393215,1.014572701217221,0.9611789332860811,0.03959469245730023,0.09439049939478983,0.21501509349772047,0.33264410348025525,GLD,391.69
2027-06-30,P,388.0,0.7629022096432648,278.45930651979165,23.175,402.6305473393215,1.014572701217221,0.9636625997803604,0.03701404586380854,0.09306962939933927,0.21510428182800106,0.33401255616391173,GLD,391.69
2027-06-30,P,389.0,0.7629022096431698,278.459306519757,23.625,402.6305473393215,1.014572701217221,0.9661462662746396,0.034440041868635744,0.091687559588161,0.2149699248927289,0.3353099338376834,GLD,391.69
2027-06-30,P,390.0,0.7629022096430429,278.45930651971065,24.1,402.6305473393215,1.014572701217221,0.968629932768919,0.03187264636338987,0.09036668959271044,0.2149782805870687,0.3365525485118396,GLD,391.69
2027-06-30,P,391.0,0.7629022096429476,278.45930651967586,24.575,402.6305473393215,1.014572701217221,0.9711135992631982,0.02931182550171627,0.08904581959725999,0.2149466296989762,0.3377325664242258,GLD,391.69
2027-06-30,P,392.0,0.762902209642821,278.45930651962965,25.049999999999997,402.6305473393215,1.014572701217221,0.9735972657574775,0.026757545696619443,0.08772494960180943,0.2148754374129207,0.338850587728667,GLD,391.69
2027-06-30,P,393.0,0.7629022096426941,278.4593065195833,25.549999999999997,402.6305473393215,1.014572701217221,0.9760809322517567,0.024209773617820802,0.08646527942208682,0.21494517468589772,0.33990933595402884,GLD,391.69
2027-06-30,P,394.0,0.7629022096425989,278.4593065195486,26.049999999999997,402.6305473393215,1.014572701217221,0.9785645987460361,0.021668476189148165,0.08520560924236409,0.21497512397479407,0.34090508489425897,GLD,391.69
2027-06-30,P,395.0,0.7629022096424721,278.4593065195023,26.549999999999997,402.6305473393215,1.014572701217221,0.9810482652403153,0.01913362058596017,0.08394593906264147,0.2149657339724912,0.34183843697625854,GLD,391.69
2027-06-30,P,396.0,0.762902209642377,278.4593065194676,27.049999999999997,402.6305473393215,1.014572701217221,0.9835319317345946,0.016605174232601435,0.08268626888291875,0.21491741216119178,0.3427098858979247,GLD,391.69
2027-06-30,P,397.0,0.7629022096422501,278.45930651942126,27.549999999999997,402.6305473393215,1.014572701217221,0.9860155982288739,0.014083104799891624,0.08142659870319635,0.21483052626402752,0.34351981979416335,GLD,391.69
2027-06-30,P,398.0,0.762902209642155,278.4593065193866,27.975,402.6305473393215,1.014572701217221,0.9884992647231532,0.011567380202644275,0.07998332907629013,0.21417210576084086,0.3442727672295327,GLD,391.69
2027-06-30,P,399.0,0.7629022096420282,278.45930651934026,28.6,402.6305473393215,1.014572701217221,0.9909829312174324,0.00905796859721858,0.07902965797520667,0.21489717015033383,0.3449524992660383,GLD,391.69
2027-06-30,P,400.0,0.7629022096419013,278.45930651929393,29.15,402.6305473393215,1.014572701217221,0.9934665977117118,0.006554838379099993,0.0778923874269396,0.21504996509277913,0.345574248550863,GLD,391.69
2027-06-30,P,401.0,0.7629022096418062,278.45930651925926,29.55,402.6305473393215,1.014572701217221,0.995950264205991,0.00405795818051285,0.07638791798430566,0.21410336986851056,0.34614860189405716,GLD,391.69
2027-06-30,P,402.0,0.7629022096416793,278.45930651921293,30.175,402.6305473393215,1.014572701217221,0.9984339307002703,0.0015672968680609189,0.07543424688322209,0.21471060518901888,0.3466408326141575,GLD,391.69
2027-06-30,C,403.0,0.7629022096416477,278.4593065192014,31.75,402.6305473393215,1.014572701217221,1.0009175971945496,-0.0009171764596010583,0.07772376597434577,0.22462473759285448,0.3469359033220287,GLD,391.69
2027-06-30,C,404.0,0.7629022096415208,278.45930651915506,31.3,402.6305473393215,1.014572701217221,1.0034012636888288,-0.00339549247406798,0.07662216929124481,0.22471790581351095,0.34731651262978436,GLD,391.69
2027-06-30,C,405.0,0.762902209641394,278.4593065191088,30.825,402.6305473393215,1.014572701217221,1.005884930183108,-0.005867681619457107,0.07545937279241602,0.22459913832586093,0.3476443597626698,GLD,391.69
2027-06-30,C,406.0,0.7629022096412988,278.45930651907406,30.4,402.6305473393215,1.014572701217221,1.0083685966773874,-0.008333774114650663,0.07441897592504289,0.2247968320637043,0.34791254694834056,GLD,391.69
2027-06-30,C,407.0,0.762902209641172,278.45930651902773,30.0,402.6305473393215,1.014572701217221,1.0108522631716668,-0.010793799955513066,0.07343977887339759,0.22513469662182092,0.34812476192467257,GLD,391.69
2027-06-30,C,410.0,0.7629022096410769,278.45930651899306,28.7,402.6305473393215,1.014572701217221,1.0183032626545045,-0.01813777421127151,0.07025738845555035,0.22523412270513835,0.3484466081733256,GLD,391.69
2027-06-30,C,415.0,0.76290220964095,278.45930651894673,26.700000000000003,402.6305473393215,1.014572701217221,1.030721595125901,-0.030259134743616377,0.06536140319732385,0.2258814972578667,0.34793188490039306,GLD,391.69
2027-06-30,C,420.0,0.7629022096407915,278.45930651888887,24.825,402.6305473393215,1.014572701217221,1.0431399275972972,-0.04223532579033191,0.0607714170177365,0.2265706528021525,0.34617761972712646,GLD,391.69
2027-06-30,C,425.0,0.7629022096406964,278.4593065188542,23.075,402.6305473393215,1.014572701217221,1.0555582600686937,-0.054069783437334804,0.056487429916788304,0.22733397416303733,0.34327623121422557,GLD,391.69
2027-06-30,C,430.0,0.7629022096405695,278.45930651880786,21.425,402.6305473393215,1.014572701217221,1.0679765925400901,-0.06576582320052614,0.05244824207875144,0.22802711652994961,0.33930921880037623,GLD,391.69
2027-06-30,C,435.0,0.7629022096404744,278.45930651877313,19.950000000000003,402.6305473393215,1.014572701217221,1.0803949250114866,-0.07732664560160217,0.0488374529508094,0.22923144720878053,0.33448039391848955,GLD,391.69
2027-06-30,C,440.0,0.7629022096403792,278.4593065187384,18.525,402.6305473393215,1.014572701217221,1.0928132574828828,-0.08875534142522477,0.045349063454323005,0.23007882826670356,0.32875206756875425,GLD,391.69
2027-06-30,C,445.0,0.7629022096402523,278.45930651869213,17.225,402.6305473393215,1.014572701217221,1.1052315899542793,-0.10005489667915819,0.04216667303647578,0.23115795288782723,0.32235282487591216,GLD,391.69
2027-06-30,C,450.0,0.7629022096401256,278.4593065186458,16.025,402.6305473393215,1.014572701217221,1.1176499224256757,-0.11122819727728347,0.039229081881539875,0.23232874015630936,0.315371625309515,GLD,391.69
2027-06-30,C,455.0,0.7629022096399988,278.45930651859953,14.899999999999999,402.6305473393215,1.014572701217221,1.1300682548970722,-0.1222780334638685,0.036475090173787465,0.23343918430230987,0.3078526269689884,GLD,391.69
2027-06-30,C,460.0,0.7629022096398719,278.45930651855326,13.899999999999999,402.6305473393215,1.014572701217221,1.1424865873684684,-0.13320710399605862,0.03402709754467421,0.2349329345635132,0.30010801354881556,GLD,391.69
2027-06-30,C,465.0,0.7629022096397451,278.45930651850693,12.95,402.6305473393215,1.014572701217221,1.1549049198398649,-0.1440180201002743,0.031701504547016625,0.23625310284999923,0.29196823623974427,GLD,391.69
2027-06-30,C,470.0,0.7629022096396182,278.45930651846066,12.075,402.6305473393215,1.014572701217221,1.1673232523112613,-0.1547133092170223,0.029559510996542526,0.23764071100243161,0.2836344938873836,GLD,391.69
2027-06-30,C,475.0,0.7629022096394914,278.45930651841434,11.225,402.6305473393215,1.014572701217221,1.1797415847826578,-0.1652954185475593,0.02747871726179626,0.23869645111018561,0.2749057067527944,GLD,391.69
2027-06-30,C,480.0,0.7629022096393963,278.4593065183796,10.475,402.6305473393215,1.014572701217221,1.192159917254054,-0.17576671841485456,0.025642722789961322,0.2401161346044353,0.26632239785588546,GLD,391.69
2027-06-30,C,485.0,0.7629022096392694,278.45930651833334,9.775,402.6305473393215,1.014572701217221,1.2045782497254505,-0.1861295054504012,0.023929127949582046,0.24149931314851672,0.25767349635663495,GLD,391.69
2027-06-30,C,490.0,0.7629022096391743,278.4593065182986,9.149999999999999,402.6305473393215,1.014572701217221,1.216996582196847,-0.19638600561759034,0.02239913255638626,0.24312497504537145,0.24924471304294984,GLD,391.69
2027-06-30,C,495.0,0.7629022096390474,278.45930651825233,8.55,402.6305473393215,1.014572701217221,1.2294149146682434,-0.20653837708160838,0.020930336978918312,0.24454641726335696,0.24070495753602447,GLD,391.69
2027-06-30,C,500.0,0.7629022096389524,278.4593065182176,8.0,402.6305473393215,1.014572701217221,1.2418332471396396,-0.2165887129351097,0.019583941032906022,0.2460398181646607,0.23232669181450266,GLD,391.69
2027-06-30,C,505.0,0.7629022096388255,278.45930651817133,7.525,402.6305473393215,1.014572701217221,1.254251579611036,-0.22653904378827783,0.018421144534077227,0.24792000282080007,0.2244581839713755,GLD,391.69
2027-06-30,C,510.0,0.7629022096387303,278.4593065181366,7.05,402.6305473393215,1.014572701217221,1.2666699120824325,-0.2363913402312895,0.017258348035248432,0.24941395004864836,0.21637834711859838,GLD,391.69
2027-06-30,C,515.0,0.7629022096386036,278.4593065180903,6.625,402.6305473393215,1.014572701217221,1.2790882445538287,-0.24614751517665406,0.0162179511678753,0.25109587199574357,0.20866923697675585,GLD,391.69
2027-06-30,C,520.0,0.7629022096385084,278.4593065180556,6.225,402.6305473393215,1.014572701217221,1.2915065770252252,-0.255809426088391,0.015238754116229998,0.2527132530352903,0.2010932571045857,GLD,391.69
2027-06-30,C,525.0,0.7629022096383815,278.45930651800927,5.875,402.6305473393215,1.014572701217221,1.3039249094966217,-0.2653788771045418,0.01438195669604036,0.2546033467469103,0.19402165409019692,GLD,391.69
2027-06-30,C,530.0,0.7629022096382864,278.45930651797454,5.525,402.6305473393215,1.014572701217221,1.316343241968018,-0.27485762105908557,0.013525159275850723,0.25616998277621583,0.1868251500513891,GLD,391.69
2027-06-30,C,535.0,0.7629022096381596,278.45930651792827,5.225,402.6305473393215,1.014572701217221,1.3287615744394143,-0.2842473614089245,0.012790761487116746,0.25808191632683913,0.18023372314576186,GLD,391.69
2027-06-30,C,540.0,0.7629022096380644,278.45930651789354,4.9,402.6305473393215,1.014572701217221,1.3411799069108108,-0.293549754071238,0.01199516388265494,0.25934607993595865,0.17315747219637728,GLD,391.69
2027-09-17,P,285.0,0.9793405658005138,357.45930651718754,3.0,403.61039172479053,1.0185094643299,0.7061265166689086,0.34796085546306277,0.3011713150764923,0.24854517445319152,0.1210467082912045,GLD,391.69
2027-09-17,P,290.0,0.9793405658003869,357.4593065171412,3.325,403.61039172479053,1.0185094643299,0.7185147011718719,0.3305691127511936,0.289573729012614,0.24474325603302846,0.13088968872372145,GLD,391.69
2027-09-17,P,295.0,0.9793405658002917,357.4593065171065,3.9,403.61039172479053,1.0185094643299,0.7309028856748352,0.3134746793918935,0.27858429559418596,0.24469259297447407,0.1449512692278278,GLD,391.69
2027-09-17,P,300.0,0.9793405658001649,357.4593065170602,4.225,403.61039172479053,1.0185094643299,0.7432910701777985,0.29666756107551223,0.2669867095303077,0.2396725085742059,0.15458949355966858,GLD,391.69
2027-09-17,P,305.0,0.9793405658000698,357.4593065170255,4.5,403.61039172479053,1.0185094643299,0.7556792546807618,0.2801382591243017,0.2552674929373395,0.2335527188722447,0.16354681858902703,GLD,391.69
2027-09-17,P,310.0,0.9793405657999112,357.4593065169676,5.375,403.61039172479053,1.0185094643299,0.7680674391837251,0.26387773825252137,0.24500784269345155,0.23544307858744534,0.18097178453153914,GLD,391.69
2027-09-17,P,315.0,0.9793405657998161,357.4593065169329,5.9,403.61039172479053,1.0185094643299,0.7804556236866884,0.24787739690608024,0.2338967787459334,0.23162304767450628,0.1930896099154101,GLD,391.69
2027-09-17,P,320.0,0.9793405657996893,357.4593065168866,6.5,403.61039172479053,1.0185094643299,0.7928438081896517,0.23212903993794107,0.22296816059205027,0.2281726080572778,0.20592959990435006,GLD,391.69
2027-09-17,P,325.0,0.979340565799594,357.4593065168518,7.725,403.61039172479053,1.0185094643299,0.805231992692615,0.21662485340197582,0.21355992405179225,0.23101465879435543,0.22466452709547746,GLD,391.69
2027-09-17,P,330.0,0.9793405657994673,357.45930651680555,8.225,403.61039172479053,1.0185094643299,0.8176201771955783,0.2013573812711874,0.20238804483972916,0.22509805159819798,0.23579520210532953,GLD,391.69
2027-09-17,P,335.0,0.9793405657993721,357.4593065167708,8.95,403.61039172479053,1.0185094643299,0.8300083616985416,0.1863195039066469,0.19176350300857092,0.22105587824872797,0.24877181044793614,GLD,391.69
2027-09-17,P,340.0,0.9793405657992452,357.4593065167245,10.425,403.61039172479053,1.0185094643299,0.842396546201505,0.17150441812150624,0.18296341911376313,0.2233981230542303,0.2665637013313777,GLD,391.69
2027-09-17,P,345.0,0.9793405657991502,357.4593065166898,11.225,403.61039172479053,1.0185094643299,0.8547847307044683,0.15690561870035358,0.1725213230762399,0.21869073852524015,0.27901203598157537,GLD,391.69
2027-09-17,P,350.0,0.9793405657990233,357.4593065166435,12.8,403.61039172479053,1.0185094643299,0.8671729152074316,0.14251688124825396,0.16396450023961207,0.21992920201197871,0.2949511961750436,GLD,391.69
2027-09-17,P,355.0,0.9793405657989283,357.4593065166088,14.175,403.61039172479053,1.0185094643299,0.8795610997103949,0.12833224625629752,0.1549211552866243,0.218570557497022,0.3086968218163023,GLD,391.69
2027-09-17,P,360.0,0.9793405657988014,357.4593065165625,15.425,403.61039172479053,1.0185094643299,0.8919492842133582,0.11434600428155764,0.14557373401091123,0.21549259359150444,0.3211053406201477,GLD,391.69
2027-09-17,P,365.0,0.9793405657987062,357.45930651652776,17.35,403.61039172479053,1.0185094643299,0.9043374687163215,0.10055268214922182,0.13786832487791356,0.21669163548004797,0.33442696202901373,GLD,391.69
2027-09-17,P,370.0,0.9793405657985794,357.4593065164815,19.15,403.61039172479053,1.0185094643299,0.9167256532192848,0.0869470300934432,0.12985883942219079,0.2160722233476403,0.3460281028605756,GLD,391.69
2027-09-17,P,375.0,0.9793405657984843,357.45930651644676,20.8,403.61039172479053,1.0185094643299,0.9291138377222481,0.07352400976130252,0.12148446237919797,0.21363005422230955,0.35622258986387734,GLD,391.69
2027-09-17,P,380.0,0.9793405657983574,357.45930651640043,22.5,403.61039172479053,1.0185094643299,0.9415020222252114,0.06027878301128188,0.11323171586529523,0.21082567681550257,0.3654251905307589,GLD,391.69
2027-09-17,P,385.0,0.9793405657982623,357.45930651636576,24.975,403.61039172479053,1.0185094643299,0.9538902067281747,0.04720670144392911,0.10686424255228766,0.21237893891983084,0.37391536316870505,GLD,391.69
2027-09-17,P,390.0,0.9793405657981354,357.45930651631943,27.325,403.61039172479053,1.0185094643299,0.966278391231138,0.03430329660802123,0.10019269291655497,0.21227537047711012,0.38083969316060073,GLD,391.69
2027-09-17,P,395.0,0.9793405657979769,357.45930651626156,29.875,403.61039172479053,1.0185094643299,0.9786665757341013,0.02156427083059147,0.09400766539718242,0.2126552562707306,0.38637591466600757,GLD,391.69
2027-09-17,P,400.0,0.97934056579785,357.45930651621524,31.975,403.61039172479053,1.0185094643299,0.9910547602370646,0.008985488623731353,0.08672796311599973,0.2094617015647055,0.39055764840991436,GLD,391.69
2027-09-17,C,405.0,0.9793405657978184,357.4593065162037,37.599999999999994,403.61039172479053,1.0185094643299,1.003442944740028,-0.003437031374825799,0.09146615787569096,0.2361429147457026,0.3927458704187616,GLD,391.69
2027-09-17,C,410.0,0.9793405657976915,357.45930651615737,36.150000000000006,403.61039172479053,1.0185094643299,1.0158311292429911,-0.015707123966640035,0.08793887253208056,0.24093638946319065,0.3942385517119686,GLD,391.69
2027-09-17,C,415.0,0.9793405657975964,357.4593065161227,33.35,403.61039172479053,1.0185094643299,1.0282193137459545,-0.027828484498984955,0.08112756290303973,0.2367567776006795,0.39479929164548355,GLD,391.69
2027-09-17,C,420.0,0.9793405657974695,357.45930651607637,31.5,403.61039172479053,1.0185094643299,1.0406074982489177,-0.03980467554570054,0.07662723332670919,0.23781178102068495,0.3942773379289417,GLD,391.69
2027-09-17,C,425.0,0.9793405657973426,357.45930651603004,29.549999999999997,403.61039172479053,1.0185094643299,1.0529956827518812,-0.05163913319270348,0.07188364269219862,0.2376421069845196,0.39275177044498827,GLD,391.69
2027-09-17,C,430.0,0.9793405657972476,357.45930651599537,27.875,403.61039172479053,1.0185094643299,1.0653838672548444,-0.06333517295589465,0.06780901996768313,0.23858624510471077,0.39037200024583657,GLD,391.69
2027-09-17,C,435.0,0.9793405657971207,357.45930651594904,26.1,403.61039172479053,1.0185094643299,1.0777720517578078,-0.07489599535697074,0.06349113618498761,0.23833227071837176,0.3870117236333601,GLD,391.69
2027-09-17,C,440.0,0.9793405657970257,357.45930651591436,24.675,403.61039172479053,1.0185094643299,1.090160236260771,-0.0863246911805934,0.0600246661059222,0.23972461545511406,0.38310250143953917,GLD,391.69
2027-09-17,C,445.0,0.9793405657968988,357.45930651586804,23.15,403.61039172479053,1.0185094643299,1.1025484207637344,-0.09762424643452686,0.05631493496867675,0.23994939269451798,0.3782789372775948,GLD,391.69
2027-09-17,C,450.0,0.9793405657967719,357.4593065158217,21.75,403.61039172479053,1.0185094643299,1.1149366052666976,-0.10879754703265199,0.05290928015415634,0.24045097553435088,0.3728493832671075,GLD,391.69
2027-09-17,C,455.0,0.9793405657966452,357.4593065157755,20.35,403.61039172479053,1.0185094643299,1.127324789769661,-0.11984738321923706,0.04950362533963594,0.24043542999406828,0.36663760906282283,GLD,391.69
2027-09-17,C,460.0,0.9793405657965499,357.4593065157407,19.325000000000003,403.61039172479053,1.0185094643299,1.1397129742726242,-0.13077645375142724,0.04701019949329064,0.24242955309631978,0.36068488206896576,GLD,391.69
2027-09-17,C,465.0,0.9793405657964231,357.45930651569444,18.025,403.61039172479053,1.0185094643299,1.1521011587755876,-0.14158736985564296,0.043847805736950254,0.2420995735647213,0.3533206653415544,GLD,391.69
2027-09-17,C,470.0,0.979340565796328,357.4593065156597,17.15,403.61039172479053,1.0185094643299,1.1644893432785508,-0.15228265897239082,0.041719271477875,0.2442443866035291,0.34680076515798836,GLD,391.69
2027-09-17,C,475.0,0.9793405657962012,357.45930651561343,16.175,403.61039172479053,1.0185094643299,1.1768775277815142,-0.16286476830292784,0.03934747616061972,0.24528102373452448,0.3394589044323954,GLD,391.69
2027-09-17,C,480.0,0.979340565796106,357.45930651557865,15.15,403.61039172479053,1.0185094643299,1.1892657122844774,-0.17333606817022315,0.03685405031427442,0.24552727059322796,0.3313615028821267,GLD,391.69
2027-09-17,C,485.0,0.9793405657959793,357.45930651553243,14.175,403.61039172479053,1.0185094643299,1.2016538967874408,-0.18369885520576984,0.03448225499701914,0.24569978711288068,0.3229338656742423,GLD,391.69
2027-09-17,C,490.0,0.979340565795884,357.45930651549764,13.625,403.61039172479053,1.0185094643299,1.214042081290404,-0.19395535537295885,0.03314431917702897,0.24870751736659968,0.3164875947966977,GLD,391.69
2027-09-17,C,495.0,0.9793405657957572,357.4593065154514,12.774999999999999,403.61039172479053,1.0185094643299,1.2264302657933674,-0.20410772683697695,0.03107660018249872,0.24906318762076396,0.3079580697247264,GLD,391.69
2027-09-17,C,500.0,0.9793405657956621,357.45930651541664,11.975,403.61039172479053,1.0185094643299,1.2388184502963306,-0.2141580626904783,0.02913051171705849,0.2494155734964064,0.29929665599110233,GLD,391.69
2027-09-17,C,505.0,0.9793405657955352,357.4593065153704,11.3,403.61039172479053,1.0185094643299,1.251206634799294,-0.22410839354364645,0.027488499574343298,0.2504135792945115,0.2911498552108339,GLD,391.69
2027-09-17,C,510.0,0.9793405657954084,357.45930651532404,10.825,403.61039172479053,1.0185094643299,1.2635948193022573,-0.233960689986658,0.026333009547988156,0.2527768919254182,0.2843394753225259,GLD,391.69
2027-09-17,C,515.0,0.9793405657952816,357.4593065152778,10.225,403.61039172479053,1.0185094643299,1.2759830038052207,-0.24371686493202277,0.024873443198907982,0.2537782753499012,0.27629961636374567,GLD,391.69
2027-09-17,C,520.0,0.9793405657951865,357.45930651524304,9.600000000000001,403.61039172479053,1.0185094643299,1.2883711883081839,-0.25337877584375956,0.023353061585282803,0.25422536187150596,0.2677365114810855,GLD,391.69
2027-09-17,C,525.0,0.9793405657950596,357.4593065151967,9.225000000000001,403.61039172479053,1.0185094643299,1.3007593728111473,-0.2629482268599104,0.022440832617107692,0.256657021960851,0.2613617263350339,GLD,391.69
2027-09-17,C,530.0,0.9793405657949645,357.45930651516204,8.7,403.61039172479053,1.0185094643299,1.3131475573141105,-0.27242697081445405,0.021163712061662534,0.2574277160461795,0.2533327676848311,GLD,391.69
2027-09-17,C,535.0,0.9793405657948376,357.4593065151157,8.65,403.61039172479053,1.0185094643299,1.325535741817074,-0.2818167111642932,0.021042081532572525,0.2625516678697523,0.2502919399933573,GLD,391.69
2027-09-17,C,540.0,0.9793405657947426,357.45930651508104,7.75,403.61039172479053,1.0185094643299,1.337923926320037,-0.2911191038266066,0.01885273200895226,0.2590461523023645,0.23768018587656423,GLD,391.69
2027-09-17,C,545.0,0.9793405657946157,357.4593065150347,7.45,403.61039172479053,1.0185094643299,1.3503121108230005,-0.3003357589315307,0.018122948834412175,0.26125399962774015,0.23170613679091268,GLD,391.69
2027-09-17,C,550.0,0.9793405657945206,357.459306515,7.1,403.61039172479053,1.0185094643299,1.3627002953259637,-0.30946824249480315,0.01727153513078207,0.26272496208651114,0.2250413173859153,GLD,391.69
2027-09-17,C,555.0,0.9793405657943938,357.4593065149537,6.825,403.61039172479053,1.0185094643299,1.3750884798289271,-0.31851807801472115,0.01660256722078699,0.2647993226737959,0.21928005444762158,GLD,391.69
2027-09-17,C,560.0,0.9793405657942669,357.4593065149074,6.25,403.61039172479053,1.0185094643299,1.3874766643318905,-0.3274867479974816,0.015203816136251823,0.26323395760030255,0.20923006013567175,GLD,391.69
2027-09-17,C,565.0,0.9793405657941717,357.4593065148727,6.025,403.61039172479053,1.0185094643299,1.3998648488348537,-0.33637569541472756,0.014656478755346758,0.2654300654993384,0.2039747038612741,GLD,391.69
2027-09-17,C,570.0,0.9793405657940449,357.4593065148264,5.85,403.61039172479053,1.0185094643299,1.4122530333378172,-0.3451863250968825,0.014230771903531706,0.26807216796414085,0.19946711432898226,GLD,391.69
2027-09-17,C,575.0,0.9793405657939498,357.45930651479165,5.475,403.61039172479053,1.0185094643299,1.4246412178407803,-0.3539200050656371,0.013318542935356595,0.26806308156876885,0.1918239663867703,GLD,391.69
2028-01-21,P,285.0,1.3245460452386477,483.4593065121064,4.550000000000001,408.2517062371163,1.0308084263722088,0.6980987357698131,0.35939473096600427,0.31271324907111164,0.24243032448196022,0.16572276542862066,GLD,391.69
2028-01-21,P,290.0,1.324546045238521,483.45930651206015,5.375,408.2517062371163,1.0308084263722088,0.7103460820113887,0.34200298825413517,0.30242631766333017,0.24432335347544193,0.18287550569982874,GLD,391.69
2028-01-21,P,295.0,1.324546045238426,483.4593065120255,5.875,408.2517062371163,1.0308084263722088,0.7225934282529644,0.32490855489483506,0.2913671016240539,0.24114554840944213,0.19480351914113786,GLD,391.69
2028-01-21,P,300.0,1.324546045238299,483.45930651197915,6.325,408.2517062371163,1.0308084263722088,0.7348407744945401,0.30810143657845374,0.2801890725645476,0.23697012949737736,0.20600125408440415,GLD,391.69
2028-01-21,P,305.0,1.3245460452381723,483.4593065119329,7.0,408.2517062371163,1.0308084263722088,0.7470881207361157,0.2915721346272432,0.2695457020960763,0.23492709957432972,0.21985227104294308,GLD,391.69
2028-01-21,P,310.0,1.324546045238077,483.45930651189815,7.800000000000001,408.2517062371163,1.0308084263722088,0.7593354669776914,0.2753116137554629,0.2591993641781797,0.23360430488103484,0.23470935903533793,GLD,391.69
2028-01-21,P,315.0,1.3245460452379503,483.4593065118519,8.6,408.2517062371163,1.0308084263722088,0.771582813219267,0.2593112724090218,0.24885302626028305,0.23165608249839217,0.2490899143327876,GLD,391.69
2028-01-21,P,320.0,1.3245460452378552,483.45930651181715,9.35,408.2517062371163,1.0308084263722088,0.7838301594608428,0.24356291544088254,0.23838787532215644,0.22870743213366096,0.2626416564885338,GLD,391.69
2028-01-21,P,325.0,1.3245460452377282,483.4593065117708,10.325,408.2517062371163,1.0308084263722088,0.7960775057024184,0.22805872890491732,0.2284573829750648,0.22724514779592223,0.27770979280706115,GLD,391.69
2028-01-21,P,330.0,1.3245460452376332,483.45930651173614,11.399999999999999,408.2517062371163,1.0308084263722088,0.8083248519439941,0.21279125677412894,0.21876451666843288,0.2260056255543897,0.2929094550932009,GLD,391.69
2028-01-21,P,335.0,1.3245460452375064,483.4593065116898,12.325,408.2517062371163,1.0308084263722088,0.8205721981855697,0.19775337940958845,0.20871521130111115,0.2230012822925937,0.3065534103878908,GLD,391.69
2028-01-21,P,340.0,1.3245460452374112,483.4593065116551,13.625,408.2517062371163,1.0308084263722088,0.8328195444271455,0.18293829362444772,0.19955700358551398,0.22233012777529576,0.32186268116437416,GLD,391.69
2028-01-21,P,345.0,1.3245460452372844,483.4593065116088,15.125,408.2517062371163,1.0308084263722088,0.8450668906687211,0.16833949420329505,0.19087404795083662,0.22242912696490072,0.33723247949515517,GLD,391.69
2028-01-21,P,350.0,1.324546045237189,483.459306511574,16.275,408.2517062371163,1.0308084263722088,0.8573142369102967,0.1539507567511955,0.18135940117454952,0.2194663353935452,0.350251250383934,GLD,391.69
2028-01-21,P,355.0,1.3245460452370623,483.45930651152776,17.475,408.2517062371163,1.0308084263722088,0.8695615831518724,0.13976612175923908,0.17196356741849272,0.21637760779335188,0.36293226610829643,GLD,391.69
2028-01-21,P,360.0,1.3245460452369673,483.4593065114931,19.675,408.2517062371163,1.0308084263722088,0.8818089293934481,0.1257798797844991,0.1649439940670343,0.21915106039787555,0.37772337467220707,GLD,391.69
2028-01-21,P,365.0,1.3245460452368405,483.45930651144675,21.25,408.2517062371163,1.0308084263722088,0.8940562756350238,0.11198655765216331,0.15643925796270197,0.21728517840300182,0.38965845672632876,GLD,391.69
2028-01-21,P,370.0,1.324546045236682,483.4593065113889,22.924999999999997,408.2517062371163,1.0308084263722088,0.9063036218765994,0.09838090559638471,0.14817214789882938,0.21548927921048133,0.4009317900931852,GLD,391.69
2028-01-21,P,375.0,1.3245460452365867,483.45930651135416,24.75,408.2517062371163,1.0308084263722088,0.918550968118175,0.08495788526424405,0.1402614768956466,0.21403350807789703,0.4115009263381022,GLD,391.69
2028-01-21,P,380.0,1.32454604523646,483.4593065113079,26.875,408.2517062371163,1.0308084263722088,0.9307983143597507,0.07171265851422344,0.1330636840138435,0.2137285667387441,0.42133745935415384,GLD,391.69
2028-01-21,P,385.0,1.3245460452363649,483.45930651127316,29.225,408.2517062371163,1.0308084263722088,0.9430456606013264,0.05864057694687059,0.12640054972307513,0.21408094583019488,0.43014397729785653,GLD,391.69
2028-01-21,P,390.0,1.324546045236238,483.4593065112269,31.025,408.2517062371163,1.0308084263722088,0.9552930068429021,0.045737172110962725,0.11843047220977743,0.2108497698628869,0.437624021995354,GLD,391.69
2028-01-21,P,395.0,1.3245460452361428,483.45930651119215,33.675,408.2517062371163,1.0308084263722088,0.9675403530844777,0.032998146333533,0.1124802160403886,0.2116892626229336,0.44419365995198673,GLD,391.69
2028-01-21,P,400.0,1.3245460452360476,483.45930651115737,35.925,408.2517062371163,1.0308084263722088,0.9797876993260534,0.020419364126672907,0.10557945570916039,0.20982763662683498,0.44956367307719924,GLD,391.69
2028-01-21,P,405.0,1.324546045235921,483.45930651111115,38.775000000000006,408.2517062371163,1.0308084263722088,0.9920350455676291,0.007996844128115669,0.10010445162069159,0.21059054669381122,0.45371362020620487,GLD,391.69
2028-01-21,C,410.0,1.3245460452358573,483.4593065110879,45.625,408.2517062371163,1.0308084263722088,1.0042823918092048,-0.004273248463698653,0.10841688095982274,0.2410223688865507,0.4556620660608504,GLD,391.69
2028-01-21,C,415.0,1.3245460452357625,483.4593065110533,43.775,408.2517062371163,1.0308084263722088,1.0165297380507805,-0.016394608996043544,0.10402079921131487,0.24292810885796107,0.4576289941569816,GLD,391.69
2028-01-21,C,420.0,1.3245460452356355,483.45930651100696,41.224999999999994,408.2517062371163,1.0308084263722088,1.028777084292356,-0.028370800042759103,0.09796133517958777,0.24074533059788114,0.4588386315353969,GLD,391.69
2028-01-21,C,425.0,1.3245460452355404,483.4593065109723,39.3,408.2517062371163,1.0308084263722088,1.0410244305339318,-0.04020525768976202,0.09338703390073498,0.2413601438371786,0.45913052464104664,GLD,391.69
2028-01-21,C,430.0,1.3245460452354134,483.4593065109259,37.475,408.2517062371163,1.0308084263722088,1.0532717767755073,-0.05190129745295317,0.08905035866234208,0.24205998494085748,0.4586312883394976,GLD,391.69
2028-01-21,C,435.0,1.3245460452353182,483.4593065108911,35.8,408.2517062371163,1.0308084263722088,1.065519123017083,-0.06346211985402923,0.085070122484639,0.24311898809368407,0.4574076934860657,GLD,391.69
2028-01-21,C,440.0,1.3245460452334792,483.4593065102199,33.925,408.2517062371163,1.0308084263722088,1.0777664692586588,-0.07489081567765207,0.08061463422601614,0.2427298766570909,0.4553687223326642,GLD,391.69
2028-01-21,C,445.0,1.324546045233384,483.4593065101851,32.475,408.2517062371163,1.0308084263722088,1.0900138155002344,-0.08619037093158531,0.07716905663934781,0.2441634681374218,0.45283926381940864,GLD,391.69
2028-01-21,C,450.0,1.3245460452332571,483.45930651013884,31.125,408.2517062371163,1.0308084263722088,1.10226116174181,-0.09736367152971061,0.07396110509313936,0.24575087611805244,0.4497904163547595,GLD,391.69
2028-01-21,C,455.0,1.3245460452331304,483.4593065100926,29.424999999999997,408.2517062371163,1.0308084263722088,1.1145085079833859,-0.10841350771629565,0.0699214624053213,0.24511549931948504,0.44575281994393184,GLD,391.69
2028-01-21,C,460.0,1.3245460452330353,483.4593065100579,28.075000000000003,408.2517062371163,1.0308084263722088,1.1267558542249614,-0.1193425782484858,0.06671351085911285,0.24597680343291278,0.44148562687654835,GLD,391.69
2028-01-21,C,465.0,1.3245460452329085,483.45930651001163,26.425,408.2517062371163,1.0308084263722088,1.1390032004665371,-0.13015349435270152,0.06279268119152474,0.24485605927347634,0.4360879579708512,GLD,391.69
2028-01-21,C,470.0,1.3245460452328133,483.45930650997684,25.225,408.2517062371163,1.0308084263722088,1.1512505467081127,-0.14084878346944935,0.05994116870600611,0.245829462287736,0.43088896181860337,GLD,391.69
2028-01-21,C,475.0,1.3245460452326863,483.4593065099305,23.975,408.2517062371163,1.0308084263722088,1.1634978929496884,-0.15143089279998637,0.05697084320025755,0.24619671692578082,0.42505503026478914,GLD,391.69
2028-01-21,C,480.0,1.3245460452325915,483.4593065098959,23.225,408.2517062371163,1.0308084263722088,1.1757452391912642,-0.16190219266728184,0.055188647896808406,0.2490627733988733,0.4201119057051253,GLD,391.69
2028-01-21,C,485.0,1.3245460452324644,483.4593065098495,22.15,408.2517062371163,1.0308084263722088,1.1879925854328397,-0.1722649797028283,0.05263416796186463,0.2498111996150028,0.41390983248637647,GLD,391.69
2028-01-21,C,490.0,1.3245460452323694,483.45930650981484,20.924999999999997,408.2517062371163,1.0308084263722088,1.2002399316744155,-0.18252147987001746,0.04972324896623103,0.24938148148306638,0.4067121000114039,GLD,391.69
2028-01-21,C,495.0,1.3245460452322424,483.45930650976845,20.35,408.2517062371163,1.0308084263722088,1.2124872779159912,-0.19267385133403556,0.0483568992335867,0.25247404144108254,0.4015333184467093,GLD,391.69
2028-01-21,C,500.0,1.3245460452321156,483.4593065097222,19.25,408.2517062371163,1.0308084263722088,1.2247346241575667,-0.20272418718753688,0.04574301278852795,0.25219664900523414,0.3939680394799247,GLD,391.69
2028-01-21,C,505.0,1.3245460452320206,483.4593065096875,18.475,408.2517062371163,1.0308084263722088,1.2369819703991425,-0.21267451804070503,0.04390141097496385,0.2536001034836356,0.38743913055126994,GLD,391.69
2028-01-21,C,510.0,1.324546045231862,483.45930650962964,17.375,408.2517062371163,1.0308084263722088,1.249229316640718,-0.22252681448371656,0.0412875245299051,0.2527255356533706,0.37893932946647624,GLD,391.69
2028-01-21,C,515.0,1.3245460452317352,483.45930650958337,16.75,408.2517062371163,1.0308084263722088,1.2614766628822938,-0.2322829894290813,0.039802361777030816,0.2545583467416292,0.37257963260799126,GLD,391.69
2028-01-21,C,520.0,1.32454604523164,483.4593065095486,16.4,408.2517062371163,1.0308084263722088,1.2737240091238695,-0.24194490034081825,0.038970670635421215,0.25795958620610976,0.3676878848659597,GLD,391.69
2028-01-21,C,525.0,1.3245460452315132,483.4593065095023,15.35,408.2517062371163,1.0308084263722088,1.285971355365445,-0.25151435135696887,0.03647559721059242,0.2565931773306397,0.3583519283637389,GLD,391.69
2028-01-21,C,530.0,1.3245460452314182,483.45930650946764,14.675,408.2517062371163,1.0308084263722088,1.2982187016070208,-0.2609930953115127,0.0348716214374882,0.2574314594917402,0.35102956408476205,GLD,391.69
2028-01-21,C,535.0,1.324546045231323,483.45930650943285,14.325,408.2517062371163,1.0308084263722088,1.3104660478485965,-0.2703828356613518,0.034039930295878595,0.260281666051323,0.34583800426756034,GLD,391.69
2028-01-21,C,540.0,1.3245460452311961,483.4593065093866,13.7,408.2517062371163,1.0308084263722088,1.322713394090172,-0.2796852283236652,0.032554767543004307,0.2610611366391767,0.338539697295492,GLD,391.69
2028-01-21,C,545.0,1.324546045231101,483.4593065093519,13.075,408.2517062371163,1.0308084263722088,1.3349607403317478,-0.2889018834285893,0.031069604790130025,0.261623420907198,0.331013752126382,GLD,391.69
2028-01-21,C,550.0,1.3245460452309743,483.45930650930563,12.399999999999999,408.2517062371163,1.0308084263722088,1.3472080865733234,-0.2980343669918617,0.029465629017025794,0.2615964952639788,0.32281065333140535,GLD,391.69
2028-01-21,C,555.0,1.3245460452308473,483.45930650925925,11.975,408.2517062371163,1.0308084263722088,1.3594554328148991,-0.30708420251177965,0.028455718345071285,0.26320656497760425,0.3165836922431261,GLD,391.69
2028-01-21,C,560.0,1.3245460452307205,483.459306509213,12.35,408.2517062371163,1.0308084263722088,1.3717027790564749,-0.3160528724945401,0.029346815996795856,0.27070844525006443,0.3175721743775067,GLD,391.69
2028-01-21,C,565.0,1.3245460452305935,483.45930650916665,10.925,408.2517062371163,1.0308084263722088,1.3839501252980504,-0.32494181991178606,0.02596064492024249,0.26436667364458105,0.3018573261580479,GLD,391.69
2028-01-21,C,570.0,1.3245460452304667,483.4593065091203,10.525,408.2517062371163,1.0308084263722088,1.3961974715396261,-0.333752449593941,0.025010140758402948,0.26565037783339285,0.29550975870530743,GLD,391.69
2028-01-21,C,575.0,1.32454604523034,483.45930650907405,10.325,408.2517062371163,1.0308084263722088,1.4084448177812017,-0.34248612956269553,0.024534888677483175,0.26841181311599116,0.2912191587065511,GLD,391.69
2028-01-21,C,580.0,1.3245460452302449,483.4593065090394,9.825,408.2517062371163,1.0308084263722088,1.4206921640227774,-0.3511441923058102,0.023346758475183745,0.268574510032096,0.28364023804912697,GLD,391.69
2028-01-21,C,585.0,1.324546045230118,483.4593065089931,9.35,408.2517062371163,1.0308084263722088,1.4329395102643532,-0.3597279359972017,0.02221803478299929,0.26874674823147787,0.27614272114058774,GLD,391.69
2028-06-16,P,290.0,1.7272857712481609,630.4593065055788,7.5,413.2093022903137,1.032400687881589,0.7018235029865107,0.35407332681483056,0.3157574692550922,0.24165278999092446,0.2329896243021173,GLD,391.69
2028-06-16,P,295.0,1.727285771248034,630.4593065055325,8.25,413.2093022903137,1.032400687881589,0.7139239082104161,0.3369788934555305,0.3054151612553473,0.24013410536779212,0.247426841808345,GLD,391.69
2028-06-16,P,300.0,1.7272857712479388,630.4593065054977,8.925,413.2093022903137,1.032400687881589,0.7260243134343215,0.3201717751391492,0.294897043533186,0.23746641705971294,0.2607627626745063,GLD,391.69
2028-06-16,P,305.0,1.727285771247812,630.4593065054514,9.325,413.2093022903137,1.032400687881589,0.7381247186582268,0.30364247318793863,0.2837342901621661,0.23208075152381155,0.2712746188193257,GLD,391.69
2028-06-16,P,310.0,1.727285771247717,630.4593065054167,10.125,413.2093022903137,1.032400687881589,0.7502251238821321,0.2873819523161584,0.27350918864403184,0.22987735936873221,0.28559699122890647,GLD,391.69
2028-06-16,P,315.0,1.7272857712475902,630.4593065053705,11.175,413.2093022903137,1.032400687881589,0.7623255291060376,0.27138161096971714,0.2638701195339508,0.2292283559377966,0.30166981471232107,GLD,391.69
2028-06-16,P,320.0,1.727285771247495,630.4593065053357,12.075,413.2093022903137,1.032400687881589,0.7744259343299429,0.25563325400157805,0.253879430979038,0.2269308784486458,0.3160275728164114,GLD,391.69
2028-06-16,P,325.0,1.7272857712473682,630.4593065052894,13.525,413.2093022903137,1.032400687881589,0.7865263395538482,0.24012906746561283,0.24517801372184245,0.22813819752828463,0.3336491868049813,GLD,391.69
2028-06-16,P,330.0,1.727285771247273,630.4593065052546,14.475,413.2093022903137,1.032400687881589,0.7986267447777536,0.2248615953348243,0.23530453164854015,0.22529746968570927,0.34735581317559067,GLD,391.69
2028-06-16,P,335.0,1.727285771247146,630.4593065052084,15.6,413.2093022903137,1.032400687881589,0.810727150001659,0.20982371797028385,0.22584127226087525,0.223259368306668,0.36167253136595,GLD,391.69
2028-06-16,P,340.0,1.7272857712470193,630.4593065051621,17.174999999999997,413.2093022903137,1.032400687881589,0.8228275552255643,0.19500863218514325,0.2174328712077066,0.22362984838837763,0.3775387135061977,GLD,391.69
2028-06-16,P,345.0,1.727285771246924,630.4593065051273,18.675,413.2093022903137,1.032400687881589,0.8349279604494697,0.18040983276399047,0.2088486604321218,0.2229848014655544,0.39215866854827997,GLD,391.69
2028-06-16,P,350.0,1.7272857712467973,630.459306505081,20.075000000000003,413.2093022903137,1.032400687881589,0.847028365673375,0.1660210953118909,0.20003003669331565,0.2212819702159138,0.405680085704223,GLD,391.69
2028-06-16,P,355.0,1.7272857712467022,630.4593065050464,21.425,413.2093022903137,1.032400687881589,0.8591287708972803,0.15183646031993453,0.19109420647289888,0.21889398544437338,0.4184462226939515,GLD,391.69
2028-06-16,P,360.0,1.7272857712465755,630.4593065050001,23.5,413.2093022903137,1.032400687881589,0.8712291761211858,0.13785021834519456,0.18385787023583677,0.2200809414443938,0.4323093966584309,GLD,391.69
2028-06-16,P,365.0,1.7272857712464802,630.4593065049653,25.275,413.2093022903137,1.032400687881589,0.8833295813450911,0.12405689621285879,0.17591829510911083,0.21912388944294342,0.4444839576250214,GLD,391.69
2028-06-16,P,370.0,1.7272857712463534,630.459306504919,27.025,413.2093022903137,1.032400687881589,0.8954299865689964,0.1104512441570802,0.1679201167415797,0.21760529843885124,0.4558051364176462,GLD,391.69
2028-06-16,P,375.0,1.7272857712462582,630.4593065048842,28.75,413.2093022903137,1.032400687881589,0.9075303917929018,0.09702822382493943,0.1598633351332428,0.21555915196433637,0.46633099499468506,GLD,391.69
2028-06-16,P,380.0,1.7272857712461316,630.4593065048381,30.625,413.2093022903137,1.032400687881589,0.9196307970168072,0.08378299707491883,0.15215817296973833,0.21387329354017745,0.47623054860976893,GLD,391.69
2028-06-16,P,385.0,1.7272857712460363,630.4593065048033,32.975,413.2093022903137,1.032400687881589,0.9317312022407126,0.07071091550756599,0.1455664723815352,0.21408841299470277,0.48554031958963095,GLD,391.69
2028-06-16,P,390.0,1.7272857712459093,630.4593065047569,35.2,413.2093022903137,1.032400687881589,0.9438316074646179,0.057807510671658145,0.1386817555893055,0.21325410733341882,0.49378440252743017,GLD,391.69
2028-06-16,P,395.0,1.7272857712458143,630.4593065047222,37.475,413.2093022903137,1.032400687881589,0.9559320126885232,0.045068484894228426,0.13191424527868623,0.21224002698792033,0.5010869563425028,GLD,391.69
2028-06-16,P,400.0,1.7272857712456875,630.459306504676,40.2,413.2093022903137,1.032400687881589,0.9680324179124287,0.032489702687368234,0.1262015933025633,0.2129005701849383,0.5074101817633597,GLD,391.69
2028-06-16,P,405.0,1.7272857712455925,630.4593065046413,42.825,413.2093022903137,1.032400687881589,0.980132823136334,0.02006718268881112,0.12025452836321904,0.2126684984667464,0.5127130098675888,GLD,391.69
2028-06-16,P,410.0,1.7272857712454655,630.4593065045949,45.125,413.2093022903137,1.032400687881589,0.9922332283602393,0.007797090096996809,0.11354562129340517,0.2105559117402389,0.5170940322700651,GLD,391.69
2028-06-16,C,415.0,1.7272857712454022,630.4593065045718,54.125,413.2093022903137,1.032400687881589,1.0043336335841446,-0.004324270435347964,0.12687601634356815,0.24663881006165259,0.5185474439669544,GLD,391.69
2028-06-16,C,420.0,1.727285771245307,630.459306504537,52.0,413.2093022903137,1.032400687881589,1.01643403880805,-0.01630046148206362,0.12189474087511398,0.24690494795656087,0.5210357064978026,GLD,391.69
2028-06-16,C,425.0,1.7272857712451801,630.4593065044908,50.1,413.2093022903137,1.032400687881589,1.0285344440319555,-0.028134919129066637,0.1174408945739079,0.2478465966360054,0.5227831192681481,GLD,391.69
2028-06-16,C,430.0,1.7272857712450849,630.459306504456,48.0,413.2093022903137,1.032400687881589,1.0406348492558608,-0.03983095889225788,0.11251822234625906,0.24756556981100558,0.5238900178624978,GLD,391.69
2028-06-16,C,435.0,1.7272857712449583,630.4593065044098,46.075,413.2093022903137,1.032400687881589,1.0527352544797661,-0.05139178129333383,0.10800577280424763,0.2477518409856406,0.5243083714980769,GLD,391.69
2028-06-16,C,440.0,1.727285771244863,630.459306504375,44.5,413.2093022903137,1.032400687881589,1.0648356597036714,-0.06282047711695654,0.104313768633511,0.24919465093502444,0.5241084769503659,GLD,391.69
2028-06-16,C,445.0,1.7272857712447363,630.4593065043288,42.650000000000006,413.2093022903137,1.032400687881589,1.0769360649275768,-0.07412003237088988,0.09997712881391561,0.24910790377015435,0.5232853179304485,GLD,391.69
2028-06-16,C,450.0,1.727285771244641,630.459306504294,41.05,413.2093022903137,1.032400687881589,1.089036470151482,-0.08529333296901508,0.09622652140237363,0.24984950289875651,0.5219260945077713,GLD,391.69
2028-06-16,C,455.0,1.7272857712445142,630.4593065042477,39.35,413.2093022903137,1.032400687881589,1.1011368753753876,-0.09634316915560022,0.09224150102761029,0.2498578964353559,0.5199569094867212,GLD,391.69
2028-06-16,C,460.0,1.7272857712443874,630.4593065042014,37.3,413.2093022903137,1.032400687881589,1.113237280599293,-0.10727223968779044,0.08743603528157214,0.24799905138299644,0.5171272612488172,GLD,391.69
2028-06-16,C,465.0,1.7272857712442922,630.4593065041666,36.375,413.2093022903137,1.032400687881589,1.1253376858231983,-0.11808315579200604,0.08526771537177444,0.2509703811426861,0.51463219767474,GLD,391.69
2028-06-16,C,470.0,1.7272857712441654,630.4593065041204,35.05,413.2093022903137,1.032400687881589,1.1374380910471036,-0.12877844490875395,0.08216174360909125,0.25187477008034864,0.5113806295194642,GLD,391.69
2028-06-16,C,475.0,1.7272857712440068,630.4593065040625,33.575,413.2093022903137,1.032400687881589,1.149538496271009,-0.13936055423929086,0.07870415240157601,0.2518370630503099,0.5074690961638583,GLD,391.69
2028-06-16,C,480.0,1.72728577124388,630.4593065040162,32.45,413.2093022903137,1.032400687881589,1.1616389014949144,-0.14983185410658642,0.07606700656533556,0.25317187116821754,0.5035998827925977,GLD,391.69
2028-06-16,C,485.0,1.727285771243753,630.4593065039699,30.975,413.2093022903137,1.032400687881589,1.1737393067188198,-0.16019464114213297,0.0726094153578203,0.25263507160697757,0.49870743453668664,GLD,391.69
2028-06-16,C,490.0,1.7272857712436582,630.4593065039353,30.075,413.2093022903137,1.032400687881589,1.185839711942725,-0.17045114130932204,0.07049969868882794,0.2545703039828903,0.494501849327115,GLD,391.69
2028-06-16,C,495.0,1.7272857712435312,630.4593065038889,28.5,413.2093022903137,1.032400687881589,1.1979401171666304,-0.18060351277334002,0.06680769451809132,0.2530696074436407,0.4884020277914521,GLD,391.69
2028-06-16,C,500.0,1.727285771243436,630.4593065038541,27.8,413.2093022903137,1.032400687881589,1.2100405223905357,-0.19065384862684143,0.06516680377554171,0.2555429848812321,0.4840521192490369,GLD,391.69
2028-06-16,C,505.0,1.7272857712433092,630.4593065038079,26.725,413.2093022903137,1.032400687881589,1.222140927614441,-0.2006041794800095,0.06264686442091194,0.2560047330441516,0.47842628016686706,GLD,391.69
2028-06-16,C,510.0,1.7272857712432141,630.4593065037732,25.75,413.2093022903137,1.032400687881589,1.2342413328383466,-0.21045647592302127,0.06036133802950356,0.25674950681572584,0.47276171765754704,GLD,391.69
2028-06-16,C,515.0,1.7272857712430874,630.4593065037269,24.75,413.2093022903137,1.032400687881589,1.246341738062252,-0.22021265086838593,0.05801720839728983,0.2571683721144841,0.4666901943203422,GLD,391.69
2028-06-16,C,520.0,1.727285771242992,630.4593065036921,23.875,413.2093022903137,1.032400687881589,1.2584421432861572,-0.22987456178012278,0.05596609496910281,0.2580198686726204,0.46076672818579206,GLD,391.69
2028-06-16,C,525.0,1.7272857712425798,630.4593065035416,23.15,413.2093022903137,1.032400687881589,1.2705425485100625,-0.23944401279627348,0.054266600985747857,0.2594577287648288,0.45520302128885176,GLD,391.69
2028-06-16,C,530.0,1.727285771242485,630.459306503507,22.225,413.2093022903137,1.032400687881589,1.2826429537339679,-0.2489227567508172,0.05209828107595016,0.2596859567798162,0.4485499740729161,GLD,391.69
2028-06-16,C,535.0,1.727285771242358,630.4593065034607,21.4,413.2093022903137,1.032400687881589,1.2947433589578732,-0.2583124971006562,0.05016437412937383,0.2602502817751072,0.44206110597652515,GLD,391.69
2028-06-16,C,540.0,1.7272857712422311,630.4593065034144,20.7,413.2093022903137,1.032400687881589,1.3068437641817787,-0.2676148897629699,0.04852348338682422,0.26130755210143064,0.43595657314903224,GLD,391.69
2028-06-16,C,545.0,1.727285771242136,630.4593065033796,19.450000000000003,413.2093022903137,1.032400687881589,1.318944169405684,-0.27683154486789385,0.04559332134655706,0.2591933050550419,0.4265773178673542,GLD,391.69
2028-06-16,C,550.0,1.727285771242009,630.4593065033333,19.424999999999997,413.2093022903137,1.032400687881589,1.3310445746295894,-0.28596402843116636,0.04553471810575171,0.26363375218249696,0.4238934597765797,GLD,391.69
2028-06-16,C,555.0,1.727285771241914,630.4593065032986,18.725,413.2093022903137,1.032400687881589,1.3431449798534947,-0.2950138639510842,0.043893827363202104,0.2642215612288478,0.4172364645778945,GLD,391.69
2028-06-16,C,560.0,1.7272857712417873,630.4593065032524,18.15,413.2093022903137,1.032400687881589,1.3552453850774,-0.3039825339338446,0.042545952824679205,0.2653619451945898,0.4111745913364931,GLD,391.69
2028-06-16,C,565.0,1.727285771241692,630.4593065032176,17.4,413.2093022903137,1.032400687881589,1.3673457903013053,-0.3128714813510906,0.0407878556005189,0.26534900715938564,0.40378568463109843,GLD,391.69
2028-06-16,C,570.0,1.7272857712415652,630.4593065031713,16.625,413.2093022903137,1.032400687881589,1.3794461955252109,-0.3216821110332456,0.03897115513555327,0.2650134682406077,0.3959408933588433,GLD,391.69
2028-06-16,C,575.0,1.7272857712414702,630.4593065031366,16.450000000000003,413.2093022903137,1.032400687881589,1.3915466007491162,-0.3304157910020002,0.038560932449915875,0.26809878246770535,0.3923287940300873,GLD,391.69
2028-06-16,C,580.0,1.7272857712413432,630.4593065030903,15.625,413.2093022903137,1.032400687881589,1.4036470059730215,-0.33907385374511473,0.03662702550333954,0.26716118590815696,0.383729426523218,GLD,391.69
2028-06-16,C,585.0,1.7272857712412482,630.4593065030556,15.275,413.2093022903137,1.032400687881589,1.4157474111969268,-0.3476575974365062,0.03580658013206473,0.2689741440742023,0.37868266100068176,GLD,391.69
2028-06-16,C,590.0,1.7272857712411211,630.4593065030092,14.45,413.2093022903137,1.032400687881589,1.4278478164208321,-0.35616828710441484,0.0338726731854884,0.2676912485517517,0.3695399428681675,GLD,391.69
