expiry,cp,strike,tau,days,mid,forward,discount,k,x,c,market_iv,vega_w,symbol,spot
2026-10-02,P,73.0,0.020435535801718672,7.458970567627315,0.02,79.092764720979,1.031170926517571,0.9229668511086586,0.08016195941602933,0.07727837266941551,0.26834572827365605,0.006171378181081344,TLT,79.42
2026-10-02,P,74.0,0.02043553580156012,7.458970567569445,0.03,79.092764720979,1.031170926517571,0.9356102326306951,0.06655630736025064,0.06475760303641598,0.24430327616761327,0.008972787583340747,TLT,79.42
2026-10-02,P,75.0,0.020435535801401575,7.4589705675115745,0.04,79.092764720979,1.031170926517571,0.9482536141527315,0.053133287028110016,0.05223683340341656,0.21340728261795777,0.012184889792471761,TLT,79.42
2026-10-02,P,76.0,0.020435535801243025,7.458970567453704,0.09,79.092764720979,1.031170926517571,0.9608969956747679,0.03988806027808931,0.04020651132656505,0.20302761726425872,0.02173925536565788,TLT,79.42
2026-10-02,P,76.5,0.020435535801084474,7.458970567395833,0.13,79.092764720979,1.031170926517571,0.9672186864357861,0.033330659731930265,0.03437526812169511,0.1965342522447753,0.02774623711299678,TLT,79.42
2026-10-02,P,77.0,0.020435535800957638,7.458970567349538,0.2,79.092764720979,1.031170926517571,0.9735403771968043,0.0268159787107366,0.028911860583936022,0.19471898053459397,0.035375967087304776,TLT,79.42
2026-10-02,P,77.5,0.020435535800767377,7.458970567280093,0.28500000000000003,79.092764720979,1.031170926517571,0.9798620679578226,0.02034346420511905,0.023632370879732245,0.18910567161079267,0.042527817858271755,TLT,79.42
2026-10-02,P,78.0,0.020435535800608827,7.458970567222222,0.41500000000000004,79.092764720979,1.031170926517571,0.9861837587188408,0.01391257387482865,0.018904634676195076,0.1870654895797132,0.04946155208157955,TLT,79.42
2026-10-02,P,78.5,0.02043553580045028,7.458970567164353,0.5800000000000001,79.092764720979,1.031170926517571,0.992505449479859,0.007522775776057665,0.014606040084287675,0.18363776436302448,0.05452555558506644,TLT,79.42
2026-10-02,P,79.0,0.02043553580029173,7.458970567106482,0.795,79.092764720979,1.031170926517571,0.9988271402408772,0.0011735480973989448,0.010920504937565245,0.1811297109447368,0.05693322611216437,TLT,79.42
2026-10-02,C,79.5,0.0204355358001966,7.458970567071759,0.6,79.092764720979,1.031170926517571,1.0051488310018954,-0.005135621095865862,0.007356713342220657,0.16991227850506677,0.05590862331938834,TLT,79.42
2026-10-02,C,80.0,0.02043553580003805,7.458970567013888,0.395,79.092764720979,1.031170926517571,1.0114705217629136,-0.011405234109461232,0.0048431696169619325,0.16557857208021862,0.05106616866775927,TLT,79.42
2026-10-02,C,80.5,0.020435535799879504,7.458970566956019,0.26,79.092764720979,1.031170926517571,1.0177922125239318,-0.01763578386009728,0.003187909114962285,0.16624461551840788,0.043683844631454895,TLT,79.42
2026-10-02,C,81.0,0.020435535799720954,7.458970566898148,0.16,79.092764720979,1.031170926517571,1.02411390328495,-0.023827754108018333,0.0019617902245921753,0.16533046243443017,0.03471630258014931,TLT,79.42
2026-10-02,C,81.5,0.020435535799562404,7.458970566840278,0.1,79.092764720979,1.031170926517571,1.0304355940459682,-0.029981619682396567,0.0012261188903701097,0.16757732773591158,0.026451481237722056,TLT,79.42
2026-10-02,C,82.0,0.020435535799403857,7.4589705667824076,0.065,79.092764720979,1.031170926517571,1.0367572848069864,-0.03609784669983263,0.0007969772787405712,0.17241873211737452,0.01986775822098856,TLT,79.42
2026-10-02,C,82.5,0.020435535799245307,7.4589705667245365,0.045,79.092764720979,1.031170926517571,1.0430789755680046,-0.042176892776214794,0.0005517535006665492,0.17967916058546682,0.015126290101312258,TLT,79.42
2026-10-02,C,83.0,0.020435535799086756,7.458970566666666,0.03,79.092764720979,1.031170926517571,1.049400666329023,-0.048219207232177604,0.00036783566711103287,0.18528871018108162,0.011140472286058451,TLT,79.42
2026-10-02,C,83.5,0.02043553579892821,7.458970566608796,0.025,79.092764720979,1.031170926517571,1.0557223570900411,-0.05422523129238945,0.0003065297225925274,0.19778563671930455,0.009314045396399908,TLT,79.42
2026-10-02,C,84.0,0.02043553579873795,7.458970566539351,0.02,79.092764720979,1.031170926517571,1.0620440478510593,-0.060195398278893246,0.0002452237780740219,0.2082141062320665,0.007603267542461874,TLT,79.42
2026-10-02,C,84.5,0.020435535798579398,7.45897056648148,0.015,79.092764720979,1.031170926517571,1.0683657386120775,-0.06613013379870777,0.00018391783355551643,0.2160115046630291,0.005949997884190839,TLT,79.42
2026-10-05,P,71.0,0.028654713877346524,10.458970565231482,0.015,79.08611619237563,1.0261565329883564,0.89775555329198,0.10785746010618232,0.10242927880730612,0.2816995358696164,0.0049548964472201935,TLT,79.42
2026-10-05,P,72.0,0.028654713877187977,10.458970565173612,0.015,79.08611619237563,1.0261565329883564,0.910399997704543,0.09387121813144245,0.08978483439474305,0.2495437278219255,0.00545373420805514,TLT,79.42
2026-10-05,P,73.0,0.028654713877029427,10.45897056511574,0.025,79.08611619237563,1.0261565329883564,0.9230444421171062,0.08007789599910654,0.07726361138170401,0.23438167354198075,0.008461663070582855,TLT,79.42
2026-10-05,P,74.0,0.02865471387683917,10.458970565046297,0.035,79.08611619237563,1.0261565329883564,0.9356888865296693,0.06647224394332794,0.06474238836866508,0.21177388911226525,0.011705597139348843,TLT,79.42
2026-10-05,P,75.0,0.02865471387668062,10.458970564988427,0.065,79.08611619237563,1.0261565329883564,0.9483333309422324,0.05304922361118729,0.05246760815467422,0.1985853646071876,0.018929788638581614,TLT,79.42
2026-10-05,P,75.5,0.02865471387652207,10.458970564930555,0.08499999999999999,79.08611619237563,1.0261565329883564,0.9546555531485139,0.04640468089251872,0.046391828747440966,0.18998313311664664,0.023294713886640898,TLT,79.42
2026-10-05,P,76.0,0.02865471387636352,10.458970564872685,0.12,79.08611619237563,1.0261565329883564,0.9609777753547954,0.039803996861166674,0.04050088143949382,0.18475565941912472,0.029449386809844887,TLT,79.42
2026-10-05,P,76.5,0.028654713876236682,10.458970564826389,0.16999999999999998,79.08611619237563,1.0261565329883564,0.9672999975610771,0.033246596315007496,0.03479476623083266,0.18006133564005875,0.036634169233930106,TLT,79.42
2026-10-05,P,77.0,0.02865471387604642,10.458970564756944,0.235,79.08611619237563,1.0261565329883564,0.9736222197673586,0.026731915293813815,0.029273483121457944,0.17439282155579458,0.044217904667300516,TLT,79.42
2026-10-05,P,77.5,0.02865471387588787,10.458970564699072,0.335,79.08611619237563,1.0261565329883564,0.9799444419736402,0.02025940078819637,0.02418347491041739,0.17163527900164888,0.052417820255972754,TLT,79.42
2026-10-05,P,78.0,0.028654713875761035,10.458970564652779,0.48,79.08611619237563,1.0261565329883564,0.9862666641799217,0.013828510457905957,0.01964796299723537,0.17148190032459854,0.05986587533811167,TLT,79.42
2026-10-05,P,78.5,0.028654713875602485,10.458970564594907,0.64,79.08611619237563,1.0261565329883564,0.9925888863862032,0.00743871235913496,0.015297283183339672,0.1665284137136883,0.06497238198087017,TLT,79.42
2026-10-05,P,79.0,0.028654713875443934,10.458970564537037,0.855,79.08611619237563,1.0261565329883564,0.9989111085924848,0.001089484680476227,0.011624321066826426,0.16403750221141725,0.06743655630140936,TLT,79.42
2026-10-05,C,79.5,0.02865471387534881,10.458970564502316,0.65,79.08611619237563,1.0261565329883564,1.0052333307987664,-0.0052196845127885924,0.00800939096906697,0.1538634972368694,0.06635650924866723,TLT,79.42
2026-10-05,C,80.0,0.02865471387522197,10.458970564456019,0.445,79.08611619237563,1.0261565329883564,1.011555553005048,-0.011489297526383975,0.0054833522788227725,0.15077691581210648,0.061371296615114965,TLT,79.42
2026-10-05,C,80.5,0.02865471387506342,10.458970564398149,0.29000000000000004,79.08611619237563,1.0261565329883564,1.0178777752113295,-0.017719847277020036,0.0035734205861991104,0.14812379061473266,0.05307280482035787,TLT,79.42
2026-10-05,C,81.0,0.028654713874904873,10.458970564340278,0.185,79.08611619237563,1.0261565329883564,1.024199997417611,-0.0239118175249411,0.002279595891195984,0.14748245038526606,0.043197688783208885,TLT,79.42
2026-10-05,C,81.5,0.028654713874746322,10.458970564282408,0.12,79.08611619237563,1.0261565329883564,1.0305222196238926,-0.030065683099319347,0.0014786567942892868,0.1495515090010265,0.03386272351907085,TLT,79.42
2026-10-05,C,82.0,0.028654713874587772,10.458970564224536,0.08,79.08611619237563,1.0261565329883564,1.036844441830174,-0.03618191011675542,0.0009857711961928578,0.15347864105875483,0.026071738795452718,TLT,79.42
2026-10-05,C,82.5,0.028654713874429222,10.458970564166666,0.055,79.08611619237563,1.0261565329883564,1.0431666640364556,-0.0422609561931376,0.0006777176973825898,0.15862665967249337,0.019987887561904297,TLT,79.42
2026-10-05,C,83.0,0.028654713874270675,10.458970564108796,0.035,79.08611619237563,1.0261565329883564,1.0494888862427372,-0.048303270649100206,0.00043127489833437536,0.16128790171251442,0.014463436302981669,TLT,79.42
2026-10-05,C,83.5,0.028654713874112125,10.458970564050926,0.025,79.08611619237563,1.0261565329883564,1.0558111084490187,-0.05430929470931207,0.00030805349881026813,0.1673809176993208,0.01105239641334783,TLT,79.42
2026-10-05,C,84.0,0.028654713873985285,10.458970564004629,0.025,79.08611619237563,1.0261565329883564,1.0621333306553002,-0.06027946169581588,0.00030805349881026813,0.1825303517534895,0.010377108936248722,TLT,79.42
2026-10-05,C,84.5,0.02865471387382674,10.45897056394676,0.015,79.08611619237563,1.0261565329883564,1.0684555528615818,-0.0662141972156304,0.00018483209928616084,0.1827470095047485,0.007062835382836914,TLT,79.42
2026-10-05,C,85.0,0.028654713873668188,10.458970563888888,0.015,79.08611619237563,1.0261565329883564,1.0747777750678633,-0.07211391934281869,0.00018483209928616084,0.1965512772957323,0.006683481733304541,TLT,79.42
2026-10-07,P,70.0,0.03413416592709918,12.458970563391201,0.015,79.08903789178234,1.0216789215686275,0.8850784111924729,0.1220790376814915,0.11510722409424712,0.2878641151960929,0.004974168709205478,TLT,79.42
2026-10-07,P,71.0,0.03413416592694064,12.458970563333335,0.015,79.08903789178234,1.0216789215686275,0.8977223884952226,0.10789440268953499,0.10246324679149743,0.258326571344654,0.005422546266163068,TLT,79.42
2026-10-07,P,72.0,0.03413416592678209,12.458970563275463,0.025,79.08903789178234,1.0216789215686275,0.9103663657979721,0.09390816071479514,0.08994302634656126,0.24619955838453234,0.008345576137977493,TLT,79.42
2026-10-07,P,73.0,0.03413416592659183,12.45897056320602,0.035,79.08903789178234,1.0216789215686275,0.9230103431007217,0.08011483858245937,0.07742280590162509,0.22696049905287094,0.011411592529733911,TLT,79.42
2026-10-07,P,74.0,0.03413416592643328,12.458970563148146,0.055,79.08903789178234,1.0216789215686275,0.9356543204034714,0.06650918652668066,0.06502634231450222,0.21108095646666633,0.01664934769404844,TLT,79.42
2026-10-07,P,75.0,0.03413416592627473,12.458970563090277,0.08499999999999999,79.08903789178234,1.0216789215686275,0.948298297706221,0.053086166194540006,0.05275363558519264,0.19334098283258072,0.023785217579655592,TLT,79.42
2026-10-07,P,76.0,0.034134165926116185,12.458970563032407,0.155,79.08903789178234,1.0216789215686275,0.9609422750089706,0.039840939444519406,0.040975956287136905,0.1823056881348319,0.0358894353727743,TLT,79.42
2026-10-07,P,77.0,0.03413416592592593,12.458970562962964,0.305,79.08903789178234,1.0216789215686275,0.9735862523117202,0.02676885787716656,0.03018833185158787,0.17741497333663095,0.05209648171651772,TLT,79.42
2026-10-07,P,78.0,0.03413416592576738,12.458970562905094,0.555,79.08903789178234,1.0216789215686275,0.9862302296144698,0.013865453041258713,0.020638275994172783,0.171760782537095,0.06652477542715732,TLT,79.42
2026-10-07,P,79.0,0.03413416592560883,12.458970562847222,0.935,79.08903789178234,1.0216789215686275,0.9988742069172194,0.0011264272638289922,0.012697059288331536,0.16461471540559097,0.07360579780850941,TLT,79.42
2026-10-07,C,80.0,0.034134165925545405,12.458970562824073,0.52,79.08903789178234,1.0216789215686275,1.011518184219969,-0.01145235494303109,0.006435356606295764,0.15204170254367214,0.06821112467178361,TLT,79.42
2026-10-07,C,81.0,0.03413416592538686,12.458970562766204,0.24,79.08903789178234,1.0216789215686275,1.0241621615227186,-0.023874874941588207,0.002970164587521122,0.149012663689333,0.0512085414990139,TLT,79.42
2026-10-07,C,82.0,0.034134165925228305,12.45897056270833,0.10500000000000001,79.08903789178234,1.0216789215686275,1.0368061388254683,-0.03614496753340273,0.001299447007040491,0.15081888767206897,0.03235397095874826,TLT,79.42
2026-10-07,C,83.0,0.034134165925069765,12.458970562650464,0.055,79.08903789178234,1.0216789215686275,1.049450116128218,-0.04826632806574751,0.0006806627179735905,0.1614649735308858,0.020393006475332282,TLT,79.42
2026-10-07,C,84.0,0.03413416592491122,12.458970562592594,0.035,79.08903789178234,1.0216789215686275,1.0620940934309675,-0.060242519112463165,0.0004331490023468303,0.1770622926863619,0.01393538884180913,TLT,79.42
2026-10-07,C,85.0,0.034134165924752664,12.458970562534722,0.02,79.08903789178234,1.0216789215686275,1.074738070733717,-0.07207697675946598,0.00024751371562676015,0.18778864859067038,0.008829138386649765,TLT,79.42
2026-10-07,C,86.0,0.03413416592459412,12.458970562476853,0.015,79.08903789178234,1.0216789215686275,1.0873820480364667,-0.08377301652265721,0.00018563528672007012,0.20485862052637976,0.006634468487928438,TLT,79.42
2026-10-09,P,70.0,0.03961361797761289,14.458970561828705,0.015,79.09379243745047,1.0173020078658666,0.8850252066918893,0.12213915224208786,0.11516121607844876,0.2674768084225428,0.0053722146194939355,TLT,79.42
2026-10-09,P,71.0,0.039613617977454336,14.458970561770833,0.025,79.09379243745047,1.0173020078658666,0.8976684239303448,0.10795451725013147,0.1026422806868853,0.2577694826979236,0.008218518703689797,TLT,79.42
2026-10-09,P,72.0,0.03961361797729579,14.458970561712963,0.035,79.09379243745047,1.0173020078658666,0.9103116411688005,0.09396827527539152,0.09012334529532173,0.24115481178776285,0.011142976957726732,TLT,79.42
2026-10-09,P,73.0,0.039613617977137236,14.458970561655091,0.045,79.09379243745047,1.0173020078658666,0.922954858407256,0.08017495314305574,0.07760440990375828,0.2202916111252541,0.014329358516633028,TLT,79.42
2026-10-09,P,74.0,0.039613617976978696,14.458970561597225,0.07,79.09379243745047,1.0173020078658666,0.9355980756457116,0.06656930108727704,0.0652718972825328,0.2059266363262765,0.02053272355065227,TLT,79.42
2026-10-09,P,75.0,0.03961361797682014,14.458970561539353,0.11499999999999999,79.09379243745047,1.0173020078658666,0.9482412928841671,0.05314628075513641,0.05318794835509133,0.19324743277682407,0.029758606507152164,TLT,79.42
2026-10-09,P,76.0,0.039613617976661596,14.458970561481483,0.21000000000000002,79.09379243745047,1.0173020078658666,0.9608845101226227,0.039901054005115816,0.041725408662110386,0.18620616200437634,0.04359023024611833,TLT,79.42
2026-10-09,P,76.5,0.03961361797650304,14.45897056142361,0.265,79.09379243745047,1.0173020078658666,0.9672061187418505,0.03334365345895671,0.03608735020078868,0.179012155154189,0.050389514121611065,TLT,79.42
2026-10-09,P,77.0,0.039613617976344495,14.45897056136574,0.37,79.09379243745047,1.0173020078658666,0.9735277273610783,0.026828972437762978,0.03107070097392728,0.17920999829480838,0.05903128726705524,TLT,79.42
2026-10-09,P,77.5,0.03961361797618594,14.458970561307869,0.48,79.09379243745047,1.0173020078658666,0.9798493359803061,0.02035645793214548,0.02611619267051213,0.17503082452103227,0.06625223426550957,TLT,79.42
2026-10-09,P,78.0,0.039613617976027395,14.458970561249998,0.62,79.09379243745047,1.0173020078658666,0.9861709445995338,0.013925567601855135,0.021534529907773048,0.17132748000828396,0.07253220418620586,TLT,79.42
2026-10-09,P,78.5,0.03961361797586885,14.45897056119213,0.795,79.09379243745047,1.0173020078658666,0.9924925532187616,0.0075357695030840895,0.017387853609156068,0.16811972611105477,0.07711193619274485,TLT,79.42
2026-10-09,P,79.0,0.0396136179757103,14.45897056113426,1.005,79.09379243745047,1.0173020078658666,0.9988141618379894,0.0011865418244253099,0.013676163774661076,0.1647692127139959,0.07929248289667293,TLT,79.42
2026-10-09,C,79.5,0.03961361797564688,14.45897056111111,0.815,79.09379243745047,1.0173020078658666,1.0051357704572172,-0.005122627368839445,0.01012897052170167,0.15740322860067146,0.07853902840485764,TLT,79.42
2026-10-09,C,80.0,0.03961361797548833,14.458970561053242,0.605,79.09379243745047,1.0173020078658666,1.011457379076445,-0.011392240382434764,0.007519051736968725,0.15548254992547636,0.07461495010194907,TLT,79.42
2026-10-09,C,80.5,0.03961361797532978,14.45897056099537,0.43,79.09379243745047,1.0173020078658666,1.0177789876956727,-0.017622790133070762,0.0053441194163579364,0.15271779600557994,0.06770428162106672,TLT,79.42
2026-10-09,C,81.0,0.03961361797517123,14.4589705609375,0.305,79.09379243745047,1.0173020078658666,1.0241005963149006,-0.023814760380991982,0.003790596330207374,0.15245554942802636,0.059046869736523,TLT,79.42
2026-10-09,C,81.5,0.039613617975012685,14.45897056087963,0.20500000000000002,79.09379243745047,1.0173020078658666,1.0304222049341283,-0.029968625955370164,0.0025477778612869235,0.15084627337275275,0.048970250269341827,TLT,79.42
2026-10-09,C,82.0,0.03961361797485414,14.458970560821761,0.14,79.09379243745047,1.0173020078658666,1.036743813553356,-0.036084852972806176,0.0017399458564886308,0.15165078909567561,0.03955991101075001,TLT,79.42
2026-10-09,C,82.5,0.039613617974695585,14.458970560763888,0.095,79.09379243745047,1.0173020078658666,1.043065422172584,-0.042163899049188505,0.001180677545474428,0.1530372700489814,0.031105593704535004,TLT,79.42
2026-10-09,C,83.0,0.03961361797453704,14.45897056070602,0.07500000000000001,79.09379243745047,1.0173020078658666,1.0493870307918116,-0.04820621350515105,0.000932113851690338,0.16022286326167823,0.025943789369399686,TLT,79.42
2026-10-09,C,83.5,0.039613617974378484,14.458970560648147,0.055,79.09379243745047,1.0173020078658666,1.0557086394110393,-0.05421223756536286,0.0006835501579062478,0.16445102227582079,0.020693840685407895,TLT,79.42
2026-10-09,C,84.0,0.03961361797421994,14.458970560590277,0.04,79.09379243745047,1.0173020078658666,1.0620302480302672,-0.06018240455186681,0.0004971273875681802,0.16831293921581386,0.01629325775100812,TLT,79.42
2026-10-09,C,84.5,0.039613617974093095,14.45897056054398,0.035,79.09379243745047,1.0173020078658666,1.068351856649495,-0.06611714007168128,0.0004349864641221577,0.17753682721180572,0.014251601165163084,TLT,79.42
2026-10-09,C,85.0,0.039613617973934555,14.458970560486112,0.025,79.09379243745047,1.0173020078658666,1.0746734652687229,-0.07201686219886971,0.00031070461723011264,0.1803578128099866,0.011000362094073153,TLT,79.42
2026-10-09,C,85.5,0.039613617973776,14.45897056042824,0.025,79.09379243745047,1.0173020078658666,1.0809950738879506,-0.07788198165126771,0.00031070461723011264,0.19260256598359946,0.010479763588481685,TLT,79.42
2026-10-09,C,86.0,0.039613617973617454,14.458970560370371,0.015,79.09379243745047,1.0173020078658666,1.0873166825071783,-0.08371290196206084,0.00018642277033806756,0.19015619325587702,0.007170803731124664,TLT,79.42
2026-10-09,C,86.5,0.0396136179734589,14.4589705603125,0.015,79.09379243745047,1.0173020078658666,1.0936382911264062,-0.08951001964638688,0.00018642277033806756,0.20140542643064774,0.006862389431949393,TLT,79.42
2026-10-09,C,87.0,0.039613617973300354,14.45897056025463,0.015,79.09379243745047,1.0173020078658666,1.099959899745634,-0.09527372436313689,0.00018642277033806756,0.21250710948187096,0.006585782834653591,TLT,79.42
2026-10-09,C,87.5,0.0396136179731418,14.458970560196757,0.015,79.09379243745047,1.0173020078658666,1.1062815083648616,-0.10100439907212184,0.00018642277033806756,0.22346921831474034,0.0063360757554094625,TLT,79.42
2026-10-09,C,88.0,0.03961361797298326,14.45897056013889,0.015,79.09379243745047,1.0173020078658666,1.1126031169840895,-0.1067024201867597,0.00018642277033806756,0.23429875925315113,0.006109344359232651,TLT,79.42
2026-10-16,P,68.0,0.05879170016181507,21.4589705590625,0.015,79.1108846488632,1.0137837164496413,0.8595530223409925,0.15134276631095822,0.14063400698416173,0.2653331129419931,0.00563414056875733,TLT,79.42
2026-10-16,P,69.0,0.05879170016168823,21.458970559016205,0.02,79.1108846488632,1.0137837164496413,0.8721935079636542,0.13674396688980545,0.12805586446988482,0.2519025643913312,0.007366643184304328,TLT,79.42
2026-10-16,P,70.0,0.05879170016152968,21.458970558958335,0.015,79.1108846488632,1.0137837164496413,0.8848339935863159,0.12235522943770588,0.11535303573883837,0.21999236316573081,0.006551082624370886,TLT,79.42
2026-10-16,P,71.0,0.05879170016137113,21.45897055890046,0.035,79.1108846488632,1.0137837164496413,0.8974744792089775,0.10817059444574947,0.10296192254971581,0.2231791706734353,0.012423972776390534,TLT,79.42
2026-10-16,P,72.0,0.05879170016118087,21.458970558831016,0.055,79.1108846488632,1.0137837164496413,0.9101149648316392,0.09418435247100951,0.09057080936059292,0.21432264433488468,0.01785213588181738,TLT,79.42
2026-10-16,P,73.0,0.05879170016102232,21.45897055877315,0.08,79.1108846488632,1.0137837164496413,0.9227554504543009,0.08039103033867372,0.07824203927985496,0.20226507351233494,0.02423929586958028,TLT,79.42
2026-10-16,P,74.0,0.058791700160863776,21.45897055871528,0.125,79.1108846488632,1.0137837164496413,0.9353959360769625,0.06678537828289513,0.06616264163265606,0.1928819736503817,0.03373934867610393,TLT,79.42
2026-10-16,P,75.0,0.05879170016067352,21.458970558645834,0.195,79.1108846488632,1.0137837164496413,0.9480364216996241,0.053362357950754474,0.054394959527380826,0.18345674335927112,0.04585425997939532,TLT,79.42
2026-10-16,P,76.0,0.058791700160514965,21.45897055858796,0.31,79.1108846488632,1.0137837164496413,0.9606769073222858,0.040117131200733756,0.04318836539756821,0.17542002519192013,0.06075591015299636,TLT,79.42
2026-10-16,P,76.5,0.05879170016035642,21.458970558530094,0.4,79.1108846488632,1.0137837164496413,0.9669971501336166,0.033559730654574696,0.03799029853716285,0.17343435675434057,0.06916560078770125,TLT,79.42
2026-10-16,P,77.0,0.05879170016016615,21.458970558460646,0.5,79.1108846488632,1.0137837164496413,0.9733173929449475,0.027045049633381016,0.03291691789352691,0.169746738443476,0.0768855600922707,TLT,79.42
2026-10-16,P,77.5,0.058791700160007614,21.45897055840278,0.63,79.1108846488632,1.0137837164496413,0.9796376357562783,0.02057253512776357,0.028217595900199455,0.1673318567744678,0.08417494689927674,TLT,79.42
2026-10-16,P,78.0,0.058791700159817356,21.458970558333334,0.78,79.1108846488632,1.0137837164496413,0.9859578785676091,0.01414164479747316,0.023767646340410842,0.16410517639712466,0.09015365524564699,TLT,79.42
2026-10-16,P,78.5,0.0587917001596588,21.458970558275464,0.955,79.1108846488632,1.0137837164496413,0.9922781213789399,0.007751846698702165,0.019629412322546114,0.16048131276180871,0.09444625031263544,TLT,79.42
2026-10-16,P,79.0,0.058791700159468545,21.45897055820602,1.165,79.1108846488632,1.0137837164496413,0.9985983641902708,0.0014026190200433235,0.01592758006337458,0.15742630061422938,0.0965808900459011,TLT,79.42
2026-10-16,C,79.5,0.05879170015940512,21.45897055818287,1.0150000000000001,79.1108846488632,1.0137837164496413,1.0049186070016016,-0.0049065501732213825,0.012655651002102976,0.15455989614838073,0.09612472217155553,TLT,79.42
2026-10-16,C,80.0,0.058791700159214866,21.458970558113425,0.795,79.1108846488632,1.0137837164496413,1.0112388498129323,-0.011176163186816654,0.009912554233174251,0.15277989614631673,0.09292994925805391,TLT,79.42
2026-10-16,C,80.5,0.05879170015905632,21.458970558055558,0.61,79.1108846488632,1.0137837164496413,1.0175590926242633,-0.01740671293745282,0.007605859222938733,0.15119842537491543,0.08716099097945691,TLT,79.42
2026-10-16,C,81.0,0.05879170015889777,21.458970557997688,0.455,79.1108846488632,1.0137837164496413,1.0238793354355942,-0.023598683185373993,0.005673222863011678,0.14930182913733453,0.07913095753291063,TLT,79.42
2026-10-16,C,81.5,0.05879170015873922,21.458970557939814,0.33,79.1108846488632,1.0137837164496413,1.0301995782469249,-0.02975254875975213,0.004114645153393086,0.14737811873690237,0.06941131612820318,TLT,79.42
2026-10-16,C,82.0,0.05879170015858067,21.458970557881944,0.235,79.1108846488632,1.0137837164496413,1.0365198210582558,-0.03586877577718831,0.0029301260940829544,0.14604218138786706,0.05895070686019005,TLT,79.42
2026-10-16,C,82.5,0.05879170015842212,21.458970557824074,0.16999999999999998,79.1108846488632,1.0137837164496413,1.0428400638695865,-0.04194782185357038,0.002119665685081286,0.14657670945079213,0.04921608871730835,TLT,79.42
2026-10-16,C,83.0,0.05879170015826357,21.458970557766204,0.135,79.1108846488632,1.0137837164496413,1.0491603066809174,-0.04799013630953309,0.0016832639263880803,0.1513493241879793,0.04212769714175639,TLT,79.42
2026-10-16,C,83.5,0.05879170015810502,21.45897055770833,0.10500000000000001,79.1108846488632,1.0137837164496413,1.0554805494922481,-0.05399616036974484,0.001309205276079618,0.15511968154893946,0.035455046415598254,TLT,79.42
2026-10-16,C,84.0,0.05879170015791477,21.45897055763889,0.08499999999999999,79.1108846488632,1.0137837164496413,1.061800792303579,-0.05996632735624875,0.001059832842540643,0.16017247784098804,0.030255798272422127,TLT,79.42
2026-10-16,C,84.5,0.05879170015775621,21.45897055758102,0.060000000000000005,79.1108846488632,1.0137837164496413,1.06812103511491,-0.06590106287606338,0.0007481173006169247,0.16053240553669912,0.023842717541429505,TLT,79.42
2026-10-16,C,85.0,0.058791700157597666,21.45897055752315,0.055,79.1108846488632,1.0137837164496413,1.0744412779262407,-0.07180078500325156,0.0006857741922321809,0.16912195365449254,0.021644138709419947,TLT,79.42
2026-10-16,C,85.5,0.05879170015743911,21.458970557465275,0.04,79.1108846488632,1.0137837164496413,1.0807615207375716,-0.07766590445564972,0.0004987448670779498,0.170310467865751,0.017149158551855993,TLT,79.42
2026-10-16,C,86.0,0.058791700157280566,21.458970557407408,0.035,79.1108846488632,1.0137837164496413,1.0870817635489023,-0.08349682476644281,0.000436401758693206,0.17682759735798342,0.015138116725154294,TLT,79.42
2026-10-16,C,86.5,0.058791700157122026,21.458970557349538,0.03,79.1108846488632,1.0137837164496413,1.0934020063602332,-0.0892939424507688,0.0003740586503084623,0.18247804206411455,0.013195523276605878,TLT,79.42
2026-10-16,C,87.0,0.05879170015696347,21.458970557291668,0.025,79.1108846488632,1.0137837164496413,1.099722249171564,-0.09505764716751877,0.0003117155419237186,0.18710647948723275,0.011292406385595588,TLT,79.42
2026-10-16,C,88.0,0.058791700156804926,21.458970557233798,0.025,79.1108846488632,1.0137837164496413,1.1123627347942258,-0.1064863429911417,0.0003117155419237186,0.2059920699266898,0.010508428165716613,TLT,79.42
2026-10-16,C,89.0,0.05879170015664637,21.458970557175924,0.015,79.1108846488632,1.0137837164496413,1.1250032204168874,-0.11778589824507503,0.00018702932515423114,0.20955127020884926,0.006983548815036985,TLT,79.42
2026-10-16,C,90.0,0.058791700156487825,21.458970557118057,0.015,79.1108846488632,1.0137837164496413,1.137643706039549,-0.12895919884320023,0.00018702932515423114,0.22665169989581377,0.006572031835680538,TLT,79.42
2026-10-16,C,91.0,0.05879170015632927,21.458970557060184,0.015,79.1108846488632,1.0137837164496413,1.1502841916622106,-0.14000903502978518,0.00018702932515423114,0.24339938839302777,0.0062182518974261275,TLT,79.42
2026-10-23,P,70.0,0.07796978234506596,28.458970555949076,0.045,79.13941313142267,1.0144306246802208,0.8845150251967964,0.12271577830577968,0.11604550283545967,0.2245212076779137,0.01541807668896254,TLT,79.42
2026-10-23,P,75.0,0.07796978234490741,28.458970555891206,0.265,79.13941313142267,1.0144306246802208,0.9476946698537104,0.053722906818828194,0.055606217447352724,0.17556350303976448,0.05946952011357493,TLT,79.42
2026-10-23,P,76.0,0.07796978234474886,28.458970555833332,0.405,79.13941313142267,1.0144306246802208,0.9603305987850932,0.0404776800688076,0.044714153505210685,0.16940406493292334,0.0756757707655185,TLT,79.42
2026-10-23,P,76.5,0.0779697823445903,28.458970555775462,0.5,79.13941313142267,1.0144306246802208,0.9666485632507846,0.033920279522648485,0.03957952599650416,0.16672812130886447,0.0839685131450426,TLT,79.42
2026-10-23,P,77.0,0.07796978234443176,28.458970555717592,0.615,79.13941313142267,1.0144306246802208,0.972966527716476,0.027405598501454867,0.034694022057689344,0.16425507066624728,0.09189208758078427,TLT,79.42
2026-10-23,P,77.5,0.07796978234430492,28.458970555671296,0.745,79.13941313142267,1.0144306246802208,0.9792844921821674,0.020933083995837366,0.029995360796292947,0.16100418998572633,0.09888711784551613,TLT,79.42
2026-10-23,P,78.0,0.07796978234414638,28.45897055561343,0.9,79.13941313142267,1.0144306246802208,0.9856024566478588,0.014502193665546904,0.02560810399726121,0.1580129556432874,0.10475129600455084,TLT,79.42
2026-10-23,P,78.5,0.07796978234398783,28.458970555555556,1.085,79.13941313142267,1.0144306246802208,0.9919204211135502,0.008112395566775968,0.021594532553066648,0.15553383620788855,0.10900153470250566,TLT,79.42
2026-10-23,P,79.0,0.07796978234382927,28.458970555497686,1.295,79.13941313142267,1.0144306246802208,0.9982383855792416,0.001763167888117185,0.017892365571236635,0.1527269110573447,0.11117840761347181,TLT,79.42
2026-10-23,C,79.5,0.07796978234373414,28.45897055546296,1.1949999999999998,79.13941313142267,1.0144306246802208,1.004556350044933,-0.004546001305147573,0.014885133301020368,0.15286892439944644,0.11099375733556792,TLT,79.42
2026-10-23,C,80.0,0.0779697823435756,28.458970555405095,0.96,79.13941313142267,1.0144306246802208,1.0108743145106245,-0.010815614318743005,0.011957931354794607,0.1503602768545874,0.10832185973966847,TLT,79.42
2026-10-23,C,80.5,0.07796978234341706,28.45897055534723,0.76,79.13941313142267,1.0144306246802208,1.0171922789763157,-0.017046164069378898,0.009466695655879064,0.14839767237474089,0.10321292763461007,TLT,79.42
2026-10-23,C,81.0,0.07796978234325849,28.45897055528935,0.59,79.13941313142267,1.0144306246802208,1.0235102434420071,-0.023238134317300013,0.007349145311800852,0.1464986651968518,0.09588561771180817,TLT,79.42
2026-10-23,C,81.5,0.07796978234309995,28.45897055523148,0.45,79.13941313142267,1.0144306246802208,1.0298282079076986,-0.029391999891678306,0.0056052803225599725,0.14487198173883267,0.08680239763318257,TLT,79.42
2026-10-23,C,82.0,0.0779697823429414,28.45897055517361,0.33999999999999997,79.13941313142267,1.0144306246802208,1.03614617237339,-0.03550822690911443,0.004235100688156423,0.143948500376982,0.07674220739512082,TLT,79.42
2026-10-23,C,82.5,0.07796978234278286,28.458970555115744,0.25,79.13941313142267,1.0144306246802208,1.0424641368390815,-0.04158727298549665,0.003114044623644429,0.14266441688517584,0.06594192531082999,TLT,79.42
2026-10-23,C,83.0,0.07796978234265602,28.458970555069445,0.19,79.13941313142267,1.0144306246802208,1.048782101304773,-0.047629587441459315,0.002366673913969766,0.14369178950873882,0.05638077907321045,TLT,79.42
2026-10-23,C,83.5,0.07796978234249748,28.45897055501158,0.14500000000000002,79.13941313142267,1.0144306246802208,1.0551000657704641,-0.05363561150167101,0.0018061458817137692,0.14521584680889477,0.04769779420354092,TLT,79.42
2026-10-23,C,84.0,0.07796978234233891,28.4589705549537,0.11499999999999999,79.13941313142267,1.0144306246802208,1.0614180302361556,-0.05960577848817486,0.0014324605268764372,0.14828096053166073,0.040710008009494925,TLT,79.42
2026-10-23,C,84.5,0.07796978234218037,28.458970554895835,0.09,79.13941313142267,1.0144306246802208,1.067735994701847,-0.06554051400798945,0.0011210560645119943,0.15084475093516925,0.03429645079498218,TLT,79.42
2026-10-23,C,85.0,0.07796978234202182,28.45897055483796,0.07500000000000001,79.13941313142267,1.0144306246802208,1.0740539591675384,-0.07144023613517778,0.0009342133870933289,0.15534038435972888,0.029733349951974828,TLT,79.42
2026-10-23,C,85.5,0.07796978234186328,28.458970554780095,0.060000000000000005,79.13941313142267,1.0144306246802208,1.0803719236332299,-0.07730535558757588,0.000747370709674663,0.1583953321042613,0.025128909119065523,TLT,79.42
2026-10-23,C,86.0,0.07796978234170471,28.458970554722217,0.05,79.13941313142267,1.0144306246802208,1.0866898880989213,-0.08313627589836911,0.0006228089247288859,0.16252388990424976,0.0216805707017515,TLT,79.42
2026-10-23,C,86.5,0.07796978234154617,28.45897055466435,0.045,79.13941313142267,1.0144306246802208,1.0930078525646125,-0.08893339358269485,0.0005605280322559972,0.16864586093386527,0.019570024161053988,TLT,79.42
2026-10-23,C,87.0,0.07796978234138763,28.458970554606484,0.035,79.13941313142267,1.0144306246802208,1.099325817030304,-0.09469709829944496,0.0004359662473102201,0.17047839393671446,0.016142772878762677,TLT,79.42
2026-10-23,C,87.5,0.07796978234122907,28.45897055454861,0.035,79.13941313142267,1.0144306246802208,1.1056437814959954,-0.10042777300843002,0.0004359662473102201,0.17905097249641766,0.015573543000219355,TLT,79.42
2026-10-23,C,88.0,0.07796978234107052,28.45897055449074,0.025,79.13941313142267,1.0144306246802208,1.1119617459616868,-0.10612579412306779,0.00031140446236444294,0.17833363759094412,0.01211982679529512,TLT,79.42
2026-10-23,C,88.5,0.07796978234091197,28.458970554432867,0.025,79.13941313142267,1.0144306246802208,1.1182797104273783,-0.11179153165874518,0.00031140446236444294,0.18638461870026066,0.011724610641693525,TLT,79.42
2026-10-23,C,89.0,0.07796978234075343,28.458970554375,0.02,79.13941313142267,1.0144306246802208,1.1245976748930697,-0.11742534937700122,0.0002491235698915543,0.18844835936381504,0.009791962340035562,TLT,79.42
2026-10-23,C,90.0,0.07796978234059489,28.458970554317133,0.02,79.13941313142267,1.0144306246802208,1.1372336038244524,-0.12859864997512632,0.0002491235698915543,0.20373481860489973,0.009225980641014209,TLT,79.42
2026-10-23,C,91.0,0.07796978234043632,28.458970554259256,0.015,79.13941313142267,1.0144306246802208,1.1498695327558353,-0.13964848616171135,0.00018684267741866573,0.2108574200155134,0.007168481354575438,TLT,79.42
2026-10-23,C,92.0,0.07796978234027778,28.45897055420139,0.015,79.13941313142267,1.0144306246802208,1.1625054616872181,-0.1505775566939017,0.00018684267741866573,0.22511734812229342,0.006812716484868301,TLT,79.42
2026-10-30,P,65.0,0.09714786452983892,35.458970553391204,0.015,79.17116157288085,1.0128384718498664,0.8210060166941517,0.19722484106185842,0.1791810446509643,0.26115500763719096,0.005978937127872592,TLT,79.42
2026-10-30,P,70.0,0.09714786452968036,35.45897055333333,0.045,79.17116157288085,1.0128384718498664,0.884160325670625,0.12311686890813651,0.11640085836472291,0.2017382019312882,0.017186439479631645,TLT,79.42
2026-10-30,P,75.0,0.09714786452952182,35.45897055327546,0.33999999999999997,79.17116157288085,1.0128384718498664,0.9473146346470982,0.054123997421185045,0.056925422508863344,0.17162197109827348,0.07251210637753952,TLT,79.42
2026-10-30,P,76.0,0.09714786452936328,35.4589705532176,0.5,79.17116157288085,1.0128384718498664,0.9599454964423928,0.04087877067116445,0.04628988172813897,0.1664003341068436,0.08926990679483084,TLT,79.42
2026-10-30,P,77.0,0.09714786452917301,35.45897055314815,0.725,79.17116157288085,1.0128384718498664,0.9725763582376875,0.027806689103811608,0.036464940109583455,0.16152534349716563,0.10524663386273565,TLT,79.42
2026-10-30,P,78.0,0.09714786452872907,35.45897055298611,1.025,79.17116157288085,1.0128384718498664,0.9852072200329821,0.014903284267903763,0.02757530521660778,0.15624972759049938,0.1177407028813127,TLT,79.42
2026-10-30,P,79.0,0.09714786452857052,35.45897055292824,1.415,79.17116157288085,1.0128384718498664,0.9978380818282767,0.0021642584904740477,0.019808038394327876,0.1506232012238649,0.12404395359425312,TLT,79.42
2026-10-30,C,80.0,0.09714786452850711,35.45897055290509,1.14,79.17116157288085,1.0128384718498664,1.0104689436235714,-0.01041452371638614,0.014216662228812226,0.1519715106066668,0.1219745232468119,TLT,79.42
2026-10-30,C,81.0,0.09714786452834855,35.45897055284722,0.75,79.17116157288085,1.0128384718498664,1.023099805418866,-0.022837043714943252,0.009353067255797518,0.1484856004745394,0.1113260086411537,TLT,79.42
2026-10-30,C,82.0,0.09714786452819,35.45897055278935,0.45999999999999996,79.17116157288085,1.0128384718498664,1.0357306672141606,-0.03510713630675756,0.005736547916889144,0.14477397225401287,0.09347566551267646,TLT,79.42
2026-10-30,C,83.0,0.09714786452803145,35.45897055273148,0.275,79.17116157288085,1.0128384718498664,1.0483615290094552,-0.04722849683910233,0.0034294579937924237,0.14355345547947887,0.0729183298100883,TLT,79.42
2026-10-30,C,84.0,0.09714786452787291,35.45897055267361,0.16999999999999998,79.17116157288085,1.0128384718498664,1.06099239080475,-0.059204687885818195,0.0021200285779807704,0.14583642208705977,0.054825960674905055,TLT,79.42
2026-10-30,C,85.0,0.09714786452771434,35.45897055261574,0.11,79.17116157288085,1.0128384718498664,1.0736232526000447,-0.071039145532821,0.0013717831975169693,0.15034738459813005,0.04082306560401829,TLT,79.42
2026-10-30,C,86.0,0.0971478645275558,35.45897055255787,0.07500000000000001,79.17116157288085,1.0128384718498664,1.0862541143953393,-0.08273518529601223,0.0009353067255797519,0.1564017157424189,0.030688529106131734,TLT,79.42
2026-10-30,C,87.0,0.09714786452739727,35.4589705525,0.055,79.17116157288085,1.0128384718498664,1.0988849761906339,-0.09429600769708818,0.0006858915987584846,0.16413092608660956,0.023833115850225756,TLT,79.42
2026-10-30,C,88.0,0.09714786452723871,35.45897055244213,0.04,79.17116157288085,1.0128384718498664,1.1115158379859285,-0.1057247035207109,0.0004988302536425343,0.1710297165723839,0.01833524526326645,TLT,79.42
2026-10-30,C,89.0,0.09714786452704845,35.45897055237268,0.035,79.17116157288085,1.0128384718498664,1.1241466997812233,-0.11702425877464442,0.00043647647193721754,0.18237432845727716,0.01583174653198941,TLT,79.42
2026-10-30,C,90.0,0.09714786452688991,35.45897055231482,0.025,79.17116157288085,1.0128384718498664,1.1367775615765179,-0.1281975593727696,0.00031176890852658396,0.18765010795854759,0.011996148948510074,TLT,79.42
2026-10-30,C,91.0,0.09714786452676306,35.45897055226852,0.025,79.17116157288085,1.0128384718498664,1.1494084233718125,-0.13924739555935456,0.00031176890852658396,0.20137233533484114,0.01137239902673409,TLT,79.42
2026-10-30,C,92.0,0.09714786452660452,35.45897055221065,0.02,79.17116157288085,1.0128384718498664,1.162039285167107,-0.15017646609154478,0.00024941512682126715,0.20861600206169756,0.00930432435714359,TLT,79.42
2026-10-30,C,93.0,0.09714786452644597,35.45897055215278,0.015,79.17116157288085,1.0128384718498664,1.1746701469624017,-0.1609873821957604,0.00018706134511595036,0.2137781776684605,0.007273710462850415,TLT,79.42
2026-10-30,C,94.0,0.09714786452628742,35.458970552094904,0.015,79.17116157288085,1.0128384718498664,1.1873010087576963,-0.1716826713125083,0.00018706134511595036,0.22609118603531717,0.006962651295539583,TLT,79.42
2026-10-30,C,95.0,0.09714786452612886,35.45897055203704,0.015,79.17116157288085,1.0128384718498664,1.199931870552991,-0.1822647806430454,0.00018706134511595036,0.23818944743832945,0.0066846845042984136,TLT,79.42
2026-10-30,C,96.0,0.09714786452597032,35.45897055197917,0.015,79.17116157288085,1.0128384718498664,1.2125627323482857,-0.19273608051034077,0.00018706134511595036,0.2500836640775263,0.006434588928886831,TLT,79.42
2026-11-20,P,60.0,0.15468211109563673,56.458970549907406,0.02,79.2201067209338,1.006175480809678,0.7573834785575351,0.2778855771171118,0.24286743310184677,0.29132189526963054,0.007198708152242023,TLT,79.42
2026-11-20,P,65.0,0.15468211109547816,56.45897054984953,0.045,79.2201067209338,1.006175480809678,0.8204987684373296,0.19784286944357546,0.18006578279627938,0.24036905608854148,0.015890801978042747,TLT,79.42
2026-11-20,P,66.0,0.15468211109531965,56.45897054979167,0.055,79.2201067209338,1.006175480809678,0.8331218264132885,0.1825753973127871,0.16756818065001133,0.2312302854279741,0.019069151615776526,TLT,79.42
2026-11-20,P,67.0,0.15468211109516108,56.4589705497338,0.065,79.2201067209338,1.006175480809678,0.8457448843892474,0.1675375199482465,0.15507057850374317,0.22071812058708273,0.022387268594691215,TLT,79.42
2026-11-20,P,68.0,0.15468211109500252,56.45897054967592,0.08499999999999999,79.2201067209338,1.006175480809678,0.8583679423652063,0.15272243416310594,0.14269843218716616,0.21378692534339064,0.027904850377282003,TLT,79.42
2026-11-20,P,69.0,0.154682111094844,56.45897054961806,0.10500000000000001,79.2201067209338,1.006175480809678,0.8709910003411653,0.1381236347419532,0.1303262858705888,0.20456872025290707,0.03351950781189548,TLT,79.42
2026-11-20,P,70.0,0.15468211109468544,56.458970549560185,0.135,79.2201067209338,1.006175480809678,0.8836140583171241,0.12373489728985365,0.1180795953837026,0.19675334859784233,0.04104214735208895,TLT,79.42
2026-11-20,P,71.0,0.1546821110945269,56.45897054950232,0.18,79.2201067209338,1.006175480809678,0.8962371162930831,0.10955026229789715,0.10602108864135262,0.19039554778725346,0.0509071180231389,TLT,79.42
2026-11-20,P,72.0,0.15468211109436833,56.45897054944444,0.24,79.2201067209338,1.006175480809678,0.908860174269042,0.09556402032315732,0.09415076564353886,0.1840979984540324,0.06256355560331608,TLT,79.42
2026-11-20,P,73.0,0.1546821110942098,56.45897054938657,0.33,79.2201067209338,1.006175480809678,0.921483232245001,0.08177069819082144,0.08265681013479786,0.1795362247488114,0.07698280187977453,TLT,79.42
2026-11-20,P,74.0,0.15468211109405125,56.458970549328704,0.445,79.2201067209338,1.006175480809678,0.9341062902209598,0.06816504613504287,0.0714764942002839,0.1743574107115188,0.09247172822834594,TLT,79.42
2026-11-20,P,75.0,0.15468211109389268,56.45897054927083,0.61,79.2201067209338,1.006175480809678,0.9467293481969188,0.05474202580290213,0.060923457414224336,0.17082660112016337,0.10948079094066149,TLT,79.42
2026-11-20,P,76.0,0.15468211109373414,56.458970549212964,0.825,79.2201067209338,1.006175480809678,0.9593524061728776,0.04149679905288155,0.050997699776619165,0.16741608845798187,0.12593192343601273,TLT,79.42
2026-11-20,P,77.0,0.1546821110935756,56.4589705491551,1.0950000000000002,79.2201067209338,1.006175480809678,0.9719754641488366,0.02842471748552872,0.041761949202313686,0.16371154871377946,0.14025310544446135,TLT,79.42
2026-11-20,P,78.0,0.15468211109341704,56.45897054909722,1.43,79.2201067209338,1.006175480809678,0.9845985221247955,0.015521312649620889,0.033341661520999155,0.15987000109585345,0.150942912718754,TLT,79.42
2026-11-20,P,79.0,0.1546821110932585,56.45897054903935,1.8450000000000002,79.2201067209338,1.006175480809678,0.9972215801007545,0.0027822868721910743,0.025925020477211236,0.1564584651363702,0.1564503188457214,TLT,79.42
2026-11-20,C,80.0,0.15468211109319507,56.4589705490162,1.47,79.2201067209338,1.006175480809678,1.0098446380767134,-0.0097964953346691,0.018442006964558035,0.1460828811509884,0.1553334135098708,TLT,79.42
2026-11-20,C,81.0,0.15468211109303653,56.458970548958334,1.06,79.2201067209338,1.006175480809678,1.0224676960526722,-0.02221901533322609,0.013298317947232326,0.14367375583564646,0.1467935993126526,TLT,79.42
2026-11-20,C,82.0,0.154682111092878,56.45897054890047,0.745,79.2201067209338,1.006175480809678,1.0350907540286312,-0.034489107925040494,0.009346459311969889,0.14226633656408008,0.13196099700594313,TLT,79.42
2026-11-20,C,83.0,0.15468211109271943,56.45897054884259,0.5,79.2201067209338,1.006175480809678,1.0477138120045901,-0.04661046845738536,0.006272791484543549,0.14033238918037874,0.11238718228539722,TLT,79.42
2026-11-20,C,84.0,0.1546821110925609,56.45897054878473,0.33999999999999997,79.2201067209338,1.006175480809678,1.060336869980549,-0.0585866595041011,0.0042654982094896135,0.14098925692402647,0.09242324121744634,TLT,79.42
2026-11-20,C,85.0,0.15468211109240232,56.458970548726846,0.235,79.2201067209338,1.006175480809678,1.0729599279565079,-0.07042111715110379,0.002948211997735468,0.14320207143556155,0.07434709328030527,TLT,79.42
2026-11-20,C,86.0,0.15468211109224378,56.45897054866898,0.16999999999999998,79.2201067209338,1.006175480809678,1.0855829859324668,-0.08211715691429512,0.0021327491047448068,0.14736374870454882,0.05989152559543841,TLT,79.42
2026-11-20,C,87.0,0.15468211109208524,56.45897054861111,0.125,79.2201067209338,1.006175480809678,1.0982060439084258,-0.09367797931537115,0.0015681978711358873,0.15190810016575995,0.04807488381575063,TLT,79.42
2026-11-20,C,88.0,0.15468211109192667,56.45897054855323,0.095,79.2201067209338,1.006175480809678,1.1108291018843848,-0.10510667513899397,0.0011918303820632743,0.1572175459063506,0.03897672289678158,TLT,79.42
2026-11-20,C,89.0,0.15468211109176816,56.45897054849538,0.07500000000000001,79.2201067209338,1.006175480809678,1.1234521598603435,-0.11640623039292718,0.0009409187226815326,0.1632865270238604,0.032153593801710297,TLT,79.42
2026-11-20,C,90.0,0.1546821110916096,56.4589705484375,0.060000000000000005,79.2201067209338,1.006175480809678,1.1360752178363025,-0.12757953099105246,0.000752734978145226,0.16932300325313213,0.026675872450404255,TLT,79.42
2026-11-20,C,91.0,0.15468211109145102,56.458970548379625,0.05,79.2201067209338,1.006175480809678,1.1486982758122615,-0.1386293671776375,0.0006272791484543549,0.17609962667356918,0.02267229896727806,TLT,79.42
2026-11-20,C,92.0,0.1546821110912925,56.458970548321766,0.045,79.2201067209338,1.006175480809678,1.1613213337882204,-0.1495584377098278,0.0005645512336089195,0.18459841243870442,0.020246614472180093,TLT,79.42
2026-11-20,C,93.0,0.15468211109113394,56.45897054826389,0.035,79.2201067209338,1.006175480809678,1.1739443917641792,-0.16036935381404327,0.0004390954039180485,0.18872301510553294,0.016461140477840603,TLT,79.42
2026-11-20,C,94.0,0.15468211109097538,56.45897054820601,0.035,79.2201067209338,1.006175480809678,1.1865674497401382,-0.1710646429307913,0.0004390954039180485,0.19934554766444576,0.015800762169259346,TLT,79.42
2026-11-20,C,95.0,0.15468211109081684,56.458970548148145,0.03,79.2201067209338,1.006175480809678,1.1991905077160971,-0.1816467522613283,0.00037636748907261293,0.20543385888298327,0.013714088257749767,TLT,79.42
2026-11-20,C,96.0,0.15468211109069,56.458970548101846,0.025,79.2201067209338,1.006175480809678,1.2118135656920561,-0.19211805212862373,0.00031363957422717747,0.2104769200051527,0.011677894748036991,TLT,79.42
2026-11-20,C,97.0,0.15468211109053145,56.45897054804398,0.025,79.2201067209338,1.006175480809678,1.2244366236680149,-0.20248083916417017,0.00031363957422717747,0.22021298896698158,0.011280802213248854,TLT,79.42
2026-11-20,C,98.0,0.15468211109037291,56.45897054798611,0.025,79.2201067209338,1.006175480809678,1.2370596816439738,-0.21273733933135933,0.00031363957422717747,0.22979010363223992,0.010918895107827427,TLT,79.42
2026-11-20,C,99.0,0.15468211109021435,56.45897054792824,0.02,79.2201067209338,1.006175480809678,1.2496827396199328,-0.22288971079537737,0.00025091165938174195,0.2328225750203815,0.009056767253542887,TLT,79.42
2026-11-20,C,100.0,0.15468211109005583,56.45897054787038,0.02,79.2201067209338,1.006175480809678,1.2623057975958918,-0.23294004664887885,0.00025091165938174195,0.24191082803220657,0.008791801507180572,TLT,79.42
2026-11-20,C,101.0,0.15468211108989727,56.458970547812505,0.015,79.2201067209338,1.006175480809678,1.2749288555718505,-0.2428903775020468,0.00018818374453630647,0.24275771643010788,0.006958480980895465,TLT,79.42
2026-11-20,C,105.0,0.1546821110897387,56.458970547754625,0.015,79.2201067209338,1.006175480809678,1.3254210874756862,-0.28173021081831073,0.00018818374453630647,0.2764439646108189,0.006282522446863792,TLT,79.42
2026-11-20,C,110.0,0.15468211108958016,56.45897054769676,0.015,79.2201067209338,1.006175480809678,1.3885363773554809,-0.3282502264532036,0.00018818374453630647,0.31610413915006186,0.005653086316250365,TLT,79.42
2026-11-30,P,60.0,0.1820793713626332,66.45897054736112,0.02,79.23556595065432,1.0122362804878036,0.7572357094964944,0.2780807008322674,0.24301365115973883,0.26848149534756466,0.007772180444344535,TLT,79.42
2026-11-30,P,65.0,0.18207937136247462,66.45897054730324,0.055,79.23556595065432,1.0122362804878036,0.820338685287869,0.19803799315873089,0.1803470565167723,0.2283361948956922,0.019517366197811054,TLT,79.42
2026-11-30,P,66.0,0.1820793713623161,66.45897054724539,0.065,79.23556595065432,1.0122362804878036,0.8329592804461439,0.1827705210279425,0.16785114168661397,0.21885321451127293,0.022862046177542006,TLT,79.42
2026-11-30,P,67.0,0.18207937136215754,66.4589705471875,0.08,79.23556595065432,1.0122362804878036,0.8455798756044188,0.16773264366340193,0.155417567020514,0.21067818797588792,0.027430584600647966,TLT,79.42
2026-11-30,P,68.0,0.18207937136199898,66.45897054712962,0.095,79.23556595065432,1.0122362804878036,0.8582004707626937,0.15291755787826136,0.14298399235441395,0.2010413518931707,0.03217019860555444,TLT,79.42
2026-11-30,P,69.0,0.18207937136184044,66.45897054707176,0.125,79.23556595065432,1.0122362804878036,0.8708210659209686,0.13831875845710861,0.130737438180489,0.1950961899888097,0.039918250916342886,TLT,79.42
2026-11-30,P,70.0,0.1820793713616819,66.45897054701389,0.155,79.23556595065432,1.0122362804878036,0.8834416610792435,0.12393002100500906,0.11849088400656393,0.18675883903159324,0.047712646689105576,TLT,79.42
2026-11-30,P,71.0,0.18207937136152333,66.45897054695601,0.21000000000000002,79.23556595065432,1.0122362804878036,0.8960622562375185,0.10974538601305257,0.10655603065293029,0.18201875460206493,0.0593386137182766,TLT,79.42
2026-11-30,P,72.0,0.1820793713613648,66.45897054689814,0.28,79.23556595065432,1.0122362804878036,0.9086828513957933,0.09575914403831275,0.09480819779147154,0.1767874055771373,0.07244887376004445,TLT,79.42
2026-11-30,P,73.0,0.18207937136120625,66.45897054684028,0.37,79.23556595065432,1.0122362804878036,0.9213034465540683,0.08196582190597687,0.08330972558624594,0.17130821456444026,0.08708161523334577,TLT,79.42
2026-11-30,P,74.0,0.1820793713610477,66.45897054678241,0.5,79.23556595065432,1.0122362804878036,0.9339240417123431,0.06836016985019831,0.07230997469348699,0.1673877347201152,0.10399467886639076,TLT,79.42
2026-11-30,P,75.0,0.18207937136088914,66.45897054672454,0.665,79.23556595065432,1.0122362804878036,0.9465446368706181,0.05493714951805757,0.061746604949135975,0.16311117380560716,0.12121609388713649,TLT,79.42
2026-11-30,P,76.0,0.18207937136073057,66.45897054666666,0.885,79.23556595065432,1.0122362804878036,0.9591652320288929,0.041691922768036994,0.05186897700942639,0.15966519075487343,0.13817166595264097,TLT,79.42
2026-11-30,P,77.0,0.18207937136057206,66.4589705466088,1.165,79.23556595065432,1.0122362804878036,0.9717858271871679,0.028619841200684164,0.042739431038416265,0.15648332966496278,0.15299989106745784,TLT,79.42
2026-11-30,P,78.0,0.1820793713604135,66.45897054655093,1.5,79.23556595065432,1.0122362804878036,0.9844064223454427,0.015716436364776334,0.03429562687204779,0.1524892847385805,0.1639567780501384,TLT,79.42
2026-11-30,P,79.0,0.18207937136025493,66.45897054649305,1.915,79.23556595065432,1.0122362804878036,0.9970270175037177,0.0029774105873465245,0.026849265330611827,0.14907346733831242,0.16970650863549885,TLT,79.42
2026-11-30,C,80.0,0.18207937136019153,66.45897054646991,1.585,79.23556595065432,1.0122362804878036,1.0096476126619927,-0.009601371619513646,0.019761832006481565,0.14197443269727839,0.1688386224199961,TLT,79.42
2026-11-30,C,81.0,0.18207937136003297,66.45897054641203,1.1749999999999998,79.23556595065432,1.0122362804878036,1.0222682078202674,-0.022023891618070633,0.014649938553700843,0.14044347047402259,0.16080522674634617,TLT,79.42
2026-11-30,C,82.0,0.18207937135987443,66.45897054635417,0.84,79.23556595065432,1.0122362804878036,1.0348888029785424,-0.03429398420988503,0.010473147561794646,0.13853920002942494,0.14629180438390765,TLT,79.42
2026-11-30,C,83.0,0.18207937135971589,66.4589705462963,0.59,79.23556595065432,1.0122362804878036,1.0475093981368173,-0.0464153447422299,0.007356139358879573,0.13770077761924748,0.12747661607851132,TLT,79.42
2026-11-30,C,84.0,0.18207937135955732,66.45897054623842,0.41000000000000003,79.23556595065432,1.0122362804878036,1.0601299932950923,-0.05839153578894564,0.005111893452780721,0.1378191519957384,0.1070170996808722,TLT,79.42
2026-11-30,C,85.0,0.18207937135939878,66.45897054618055,0.29000000000000004,79.23556595065432,1.0122362804878036,1.072750588453367,-0.07022599343594832,0.0036157295153814856,0.1396347285792519,0.08799291281672632,TLT,79.42
2026-11-30,C,86.0,0.18207937135924024,66.45897054612269,0.20500000000000002,79.23556595065432,1.0122362804878036,1.085371183611642,-0.08192203319913965,0.0025559467263903605,0.14180732044727415,0.07089529159811077,TLT,79.42
2026-11-30,C,87.0,0.1820793713590817,66.45897054606482,0.15000000000000002,79.23556595065432,1.0122362804878036,1.097991778769917,-0.09348285560021569,0.0018702049217490444,0.14530617987798314,0.05721569202443907,TLT,79.42
2026-11-30,C,88.0,0.18207937135895486,66.45897054601852,0.12,79.23556595065432,1.0122362804878036,1.110612373928192,-0.10491155142383848,0.0014961639373992353,0.15143137161853754,0.04799360350215784,TLT,79.42
2026-11-30,C,89.0,0.1820793713587963,66.45897054596064,0.095,79.23556595065432,1.0122362804878036,1.1232329690864666,-0.11621110667777171,0.001184463117107728,0.1568071852258723,0.03990329388287836,TLT,79.42
2026-11-30,C,90.0,0.18207937135863772,66.45897054590277,0.07500000000000001,79.23556595065432,1.0122362804878036,1.1358535642447416,-0.12738440727589698,0.0009351024608745222,0.16175361831326898,0.03302226705582874,TLT,79.42
2026-11-30,C,91.0,0.1820793713584792,66.4589705458449,0.060000000000000005,79.23556595065432,1.0122362804878036,1.1484741594030166,-0.138434243462482,0.0007480819686996177,0.1667596949036258,0.02747672893332537,TLT,79.42
2026-11-30,C,92.0,0.18207937135832064,66.45897054578704,0.055,79.23556595065432,1.0122362804878036,1.1610947545612915,-0.14936331399467231,0.0006857418046413162,0.17513298809387481,0.02487247071407849,TLT,79.42
2026-11-30,C,93.0,0.1820793713581621,66.45897054572917,0.05,79.23556595065432,1.0122362804878036,1.1737153497195665,-0.16017423009888798,0.0006234016405830147,0.1829224526901104,0.022442589062419267,TLT,79.42
2026-11-30,C,94.0,0.18207937135800356,66.4589705456713,0.04,79.23556595065432,1.0122362804878036,1.1863359448778412,-0.1708695192156358,0.0004987213124664117,0.18688930172301174,0.01865923319433472,TLT,79.42
2026-11-30,C,95.0,0.182079371357845,66.45897054561343,0.04,79.23556595065432,1.0122362804878036,1.1989565400361162,-0.18145162854617278,0.0004987213124664117,0.19663068273990567,0.01796731858781359,TLT,79.42
2026-11-30,C,100.0,0.18207937135768645,66.45897054555556,0.025,79.23556595065432,1.0122362804878036,1.2620595158274908,-0.23274492293372337,0.00031170082029150734,0.22869772930113408,0.011114328741843371,TLT,79.42
2026-12-18,P,60.0,0.23139443985017125,84.45897054531251,0.035,79.11177474541728,1.0017822949155002,0.758420604177833,0.27651716045436386,0.2420210207354332,0.25465567911495685,0.01305446298702946,TLT,79.42
2026-12-18,P,65.0,0.23139443985001268,84.45897054525463,0.08499999999999999,79.11177474541728,1.0017822949155002,0.8216223211926523,0.19647445278082748,0.17945019645385152,0.21626544263229178,0.029194645827218018,TLT,79.42
2026-12-18,P,70.0,0.23139443984985414,84.45897054519676,0.25,79.11177474541728,1.0017822949155002,0.8848240382074718,0.12236648062710555,0.11833042545871575,0.18377247313632533,0.06918655253735896,TLT,79.42
2026-12-18,P,71.0,0.2313944398496956,84.4589705451389,0.32,79.11177474541728,1.0017822949155002,0.8974643816104356,0.10818184563514917,0.10657333188228446,0.17861903740802837,0.08221662262371586,TLT,79.42
2026-12-18,P,72.0,0.23139443984953703,84.45897054508102,0.41500000000000004,79.11177474541728,1.0017822949155002,0.9101047250133996,0.09419560366040922,0.0951316846724719,0.17430590538930713,0.09731842970263396,TLT,79.42
2026-12-18,P,73.0,0.2313944398493785,84.45897054502315,0.54,79.11177474541728,1.0017822949155002,0.9227450684163634,0.08040228152807347,0.08406857310260185,0.17053119578426745,0.1139342568311728,TLT,79.42
2026-12-18,P,74.0,0.23139443984921992,84.45897054496527,0.7,79.11177474541728,1.0017822949155002,0.9353854118193273,0.06679662947229478,0.07344708644599784,0.1670362089368767,0.1312692306658175,TLT,79.42
2026-12-18,P,75.0,0.2313944398490614,84.45897054490742,0.91,79.11177474541728,1.0017822949155002,0.9480257552222912,0.053373609140154155,0.06345649252263164,0.16447137926295324,0.1487065802449718,TLT,79.42
2026-12-18,P,76.0,0.23139443984890284,84.45897054484954,1.165,79.11177474541728,1.0017822949155002,0.9606660986252551,0.04012838239013346,0.05403370205917901,0.1616786057505537,0.16452611616401785,TLT,79.42
2026-12-18,P,77.0,0.23139443984874428,84.45897054479165,1.455,79.11177474541728,1.0017822949155002,0.9733064420282189,0.02705630082278074,0.04505253650899288,0.1575623440227403,0.17751208588661252,TLT,79.42
2026-12-18,P,78.0,0.23139443984855404,84.45897054472222,1.835,79.11177474541728,1.0017822949155002,0.9859467854311829,0.014152895986872797,0.03720697787863403,0.15564582809393232,0.18704656923833735,TLT,79.42
2026-12-18,P,79.0,0.2313944398484272,84.45897054467592,2.27,79.11177474541728,1.0017822949155002,0.9985871288341467,0.0014138702094430953,0.030055401254836744,0.15304925399803368,0.19160426663751223,TLT,79.42
2026-12-18,C,80.0,0.23139443984833208,84.4589705446412,1.76,79.11177474541728,1.0017822949155002,1.0112274722371106,-0.011164911997417079,0.022207424209960667,0.1423045059008154,0.19031803379679824,TLT,79.42
2026-12-18,C,81.0,0.2313944398481735,84.45897054458334,1.34,79.11177474541728,1.0017822949155002,1.0238678156400745,-0.023587431995974177,0.01690792525076551,0.14005430886367992,0.1825342719003371,TLT,79.42
2026-12-18,C,82.0,0.23139443984801497,84.45897054452547,1.01,79.11177474541728,1.0017822949155002,1.0365081590430383,-0.03585752458778847,0.012744033211397882,0.13917322226772677,0.1691745166356691,TLT,79.42
2026-12-18,C,83.0,0.2313944398478564,84.45897054446759,0.745,79.11177474541728,1.0017822949155002,1.0491485024460023,-0.047978885120133444,0.009400301725239032,0.13837791855658355,0.15151273672476487,TLT,79.42
2026-12-18,C,84.0,0.23139443984769786,84.45897054440972,0.55,79.11177474541728,1.0017822949155002,1.0617888458489662,-0.05995507616684908,0.006939820065612709,0.13885139812952185,0.13209846379234158,TLT,79.42
2026-12-18,C,85.0,0.23139443984753932,84.45897054435186,0.405,79.11177474541728,1.0017822949155002,1.07442918925193,-0.07178953381385186,0.005110231139223904,0.13992138191878073,0.11256313944973016,TLT,79.42
2026-12-18,C,86.0,0.23139443984738076,84.45897054429398,0.3,79.11177474541728,1.0017822949155002,1.0870695326548938,-0.0834855735770431,0.0037853563994251133,0.14168260754154646,0.09443498974930956,TLT,79.42
2026-12-18,C,87.0,0.2313944398472539,84.45897054424768,0.22999999999999998,79.11177474541728,1.0017822949155002,1.0997098760578579,-0.09504639597811923,0.002902106572892587,0.1449119196827487,0.07938829387065338,TLT,79.42
2026-12-18,C,88.0,0.23139443984706368,84.45897054417824,0.18,79.11177474541728,1.0017822949155002,1.1123502194608217,-0.10647509180174194,0.002271213839655068,0.14874370654512983,0.0668447975492969,TLT,79.42
2026-12-18,C,89.0,0.2313944398469051,84.45897054412036,0.14,79.11177474541728,1.0017822949155002,1.1249905628637855,-0.11777464705567525,0.0017664996530650531,0.15218226209323907,0.055759318869881856,TLT,79.42
2026-12-18,C,90.0,0.2313944398467466,84.45897054406251,0.125,79.11177474541728,1.0017822949155002,1.1376309062667493,-0.12894794765380044,0.0015772318330937974,0.1596902034317644,0.04998922147331043,TLT,79.42
2026-12-18,C,91.0,0.23139443984658803,84.45897054400463,0.1,79.11177474541728,1.0017822949155002,1.1502712496697134,-0.13999778384038555,0.001261785466475038,0.16341661113679276,0.04211313023462381,TLT,79.42
2026-12-18,C,92.0,0.23139443984642946,84.45897054394675,0.08499999999999999,79.11177474541728,1.0017822949155002,1.1629115930726772,-0.15092685437257577,0.0010725176465037822,0.16870369488226894,0.03667955005916053,TLT,79.42
2026-12-18,C,93.0,0.23139443984627092,84.45897054388888,0.07500000000000001,79.11177474541728,1.0017822949155002,1.175551936475641,-0.16173777047679136,0.0009463390998562786,0.17477266790295776,0.032670413882424164,TLT,79.42
2026-12-18,C,94.0,0.23139443984614408,84.45897054384258,0.065,79.11177474541728,1.0017822949155002,1.1881922798786049,-0.17243305959353927,0.0008201605532087747,0.1800300267363771,0.028788764158973208,TLT,79.42
2026-12-18,C,95.0,0.23139443984598554,84.45897054378472,0.060000000000000005,79.11177474541728,1.0017822949155002,1.200832623281569,-0.18301516892407635,0.0007570712798850228,0.18681506502606735,0.026408773180008123,TLT,79.42
2026-12-18,C,96.0,0.231394439845827,84.45897054372685,0.055,79.11177474541728,1.0017822949155002,1.2134729666845328,-0.1934864687913717,0.0006939820065612708,0.19314180460492394,0.024146365217518187,TLT,79.42
2026-12-18,C,97.0,0.23139443984566843,84.45897054366898,0.05,79.11177474541728,1.0017822949155002,1.2261133100874966,-0.20384925582691824,0.000630892733237519,0.1989880585255098,0.021979335147784915,TLT,79.42
2026-12-18,C,98.0,0.23139443984550992,84.45897054361112,0.045,79.11177474541728,1.0017822949155002,1.2387536534904604,-0.2141057559941073,0.000567803459913767,0.20432092968991972,0.019888025282491655,TLT,79.42
2026-12-18,C,99.0,0.23139443984535135,84.45897054355325,0.04,79.11177474541728,1.0017822949155002,1.2513939968934245,-0.22425812745812543,0.0005047141865900152,0.20909294351974403,0.01785432200139162,TLT,79.42
2026-12-18,C,100.0,0.23139443984519278,84.45897054349537,0.045,79.11177474541728,1.0017822949155002,1.2640343402963883,-0.23430846331162683,0.000567803459913767,0.2205252924660225,0.018791164290176923,TLT,79.42
2026-12-18,C,101.0,0.23139443984503424,84.4589705434375,0.035,79.11177474541728,1.0017822949155002,1.276674683699352,-0.24425879416479487,0.0004416249132662633,0.22095201209453788,0.015440640412180849,TLT,79.42
2026-12-18,C,102.0,0.2313944398448757,84.45897054337964,0.035,79.11177474541728,1.0017822949155002,1.289315027102316,-0.25411109060780646,0.0004416249132662633,0.2285530312575182,0.015050999007768684,TLT,79.42
2026-12-18,C,105.0,0.23139443984471714,84.45897054332175,0.025,79.11177474541728,1.0017822949155002,1.3272360573112076,-0.2830986274810588,0.0003154463666187595,0.24063921390662069,0.011092455264683793,TLT,79.42
2026-12-18,C,110.0,0.2313944398445903,84.45897054327546,0.025,79.11177474541728,1.0017822949155002,1.390437774326027,-0.3296186431159516,0.0003154463666187595,0.2745351428663723,0.010021430664630465,TLT,79.42
2026-12-31,P,60.0,0.2670108781993278,97.45897054275464,0.045,79.23893315751329,1.007683731513083,0.7572035312581806,0.2781231960839126,0.24336004105194387,0.24631093658717235,0.0164441773426075,TLT,79.42
2026-12-31,P,65.0,0.2670108781991692,97.45897054269675,0.1,79.23893315751329,1.007683731513083,0.8203038255296957,0.19808048841037612,0.1809485573816918,0.20821720131862428,0.03424028133223434,TLT,79.42
2026-12-31,P,66.0,0.26701087819901065,97.45897054263888,0.12,79.23893315751329,1.007683731513083,0.8329238843839987,0.18281301627958776,0.16857897510966657,0.2012337646357594,0.04006009294841039,TLT,79.42
2026-12-31,P,67.0,0.2670108781988521,97.45897054258101,0.14500000000000002,79.23893315751329,1.007683731513083,0.8455439432383017,0.1677751389150472,0.15627201198321028,0.19443852971989442,0.046956114980594696,TLT,79.42
2026-12-31,P,68.0,0.2670108781986935,97.45897054252313,0.175,79.23893315751329,1.007683731513083,0.8581640020926048,0.1529600531299065,0.14402766800232347,0.18751282224106966,0.054865301612265174,TLT,79.42
2026-12-31,P,69.0,0.26701087819853503,97.45897054246528,0.22999999999999998,79.23893315751329,1.007683731513083,0.8707840609469077,0.13836125370875388,0.13209641974928377,0.18408221714447434,0.06671087279373361,TLT,79.42
2026-12-31,P,70.0,0.2670108781983765,97.45897054240741,0.29000000000000004,79.23893315751329,1.007683731513083,0.8834041198012108,0.1239725162566542,0.12022779064181321,0.17905096068611562,0.07887090045912278,TLT,79.42
2026-12-31,P,71.0,0.2670108781982179,97.45897054234953,0.37,79.23893315751329,1.007683731513083,0.8960241786555138,0.10978788126469784,0.1086096381166205,0.17469908667677617,0.09304836803972348,TLT,79.42
2026-12-31,P,72.0,0.26701087819805935,97.45897054229167,0.47,79.23893315751329,1.007683731513083,0.9086442375098168,0.0958016392899579,0.09724196217370495,0.17033402465132186,0.10856584031249027,TLT,79.42
2026-12-31,P,73.0,0.26701087819793257,97.45897054224538,0.605,79.23893315751329,1.007683731513083,0.9212642963641198,0.08200831715762215,0.08631262024977526,0.1670219607400471,0.1258635686172543,TLT,79.42
2026-12-31,P,74.0,0.26701087819777397,97.4589705421875,0.775,79.23893315751329,1.007683731513083,0.9338843552184228,0.06840266510184347,0.0758216123448312,0.16393453512397246,0.14366210359552023,TLT,79.42
2026-12-31,P,75.0,0.26701087819761543,97.45897054212963,0.985,79.23893315751329,1.007683731513083,0.9465044140727258,0.05497964476970284,0.06583155760444226,0.16094761795294318,0.16105036495970873,TLT,79.42
2026-12-31,P,76.0,0.26701087819745684,97.45897054207174,1.245,79.23893315751329,1.007683731513083,0.9591244729270288,0.04173441801968215,0.056467694319747186,0.15832487143894022,0.1771087102002839,TLT,79.42
2026-12-31,P,77.0,0.2670108781972983,97.45897054201387,1.5550000000000002,79.23893315751329,1.007683731513083,0.9717445317813318,0.028662336452329438,0.04773002249074576,0.15560599914469833,0.19054906204831965,TLT,79.42
2026-12-31,P,78.0,0.2670108781971398,97.45897054195603,1.9249999999999998,79.23893315751329,1.007683731513083,0.9843645906356349,0.015758931616421498,0.039743780408576956,0.15310657493461133,0.2003535452514493,TLT,79.42
2026-12-31,P,79.0,0.2670108781969812,97.45897054189814,2.37,79.23893315751329,1.007683731513083,0.9969846494899378,0.003019905838991801,0.03269682550994901,0.1514509714366914,0.20552419287405732,TLT,79.42
2026-12-31,C,80.0,0.2670108781968861,97.45897054186344,1.84,79.23893315751329,1.007683731513083,1.009604708344241,-0.009558876367868478,0.023043845569532307,0.13317885898544987,0.20502346609541366,TLT,79.42
2026-12-31,C,81.0,0.26701087819672753,97.45897054180554,1.42,79.23893315751329,1.007683731513083,1.0222247671985438,-0.021981396366425463,0.01778383734170428,0.1318600296045041,0.1977405124254673,TLT,79.42
2026-12-31,C,82.0,0.267010878196569,97.45897054174768,1.08,79.23893315751329,1.007683731513083,1.0348448260528469,-0.03425148895823986,0.013525735442986353,0.13119568848446045,0.18447292343697735,TLT,79.42
2026-12-31,C,83.0,0.26701087819641045,97.45897054168981,0.8200000000000001,79.23893315751329,1.007683731513083,1.04746488490715,-0.04637284949058472,0.010269539873378529,0.1317264221229755,0.1671880200327608,TLT,79.42
2026-12-31,C,84.0,0.26701087819622016,97.45897054162036,0.605,79.23893315751329,1.007683731513083,1.060084943761453,-0.05834904053730046,0.007576916613895133,0.13153662583981607,0.14674550939619918,TLT,79.42
2026-12-31,C,85.0,0.2670108781960616,97.4589705415625,0.45,79.23893315751329,1.007683731513083,1.0727050026157559,-0.07018349818430314,0.005635723101244314,0.13255143260541843,0.12623052364153342,TLT,79.42
2026-12-31,C,86.0,0.26701087819590313,97.45897054150464,0.33999999999999997,79.23893315751329,1.007683731513083,1.085325061470059,-0.08187953794749446,0.004258101898717926,0.13461210544665128,0.10734991493308403,TLT,79.42
2026-12-31,C,87.0,0.26701087819574454,97.45897054144676,0.26,79.23893315751329,1.007683731513083,1.097945120324362,-0.09344036034857049,0.0032561955696078257,0.13723213985396154,0.09060579632213345,TLT,79.42
2026-12-31,C,88.0,0.2670108781955543,97.45897054137733,0.2,79.23893315751329,1.007683731513083,1.110565179178665,-0.1048690561721933,0.0025047658227752507,0.1400296442027498,0.07595236496007665,TLT,79.42
2026-12-31,C,89.0,0.26701087819539576,97.45897054131946,0.16,79.23893315751329,1.007683731513083,1.1231852380329679,-0.11616861142612651,0.0020038126582202003,0.14396353078968732,0.06450015885257247,TLT,79.42
2026-12-31,C,90.0,0.26701087819523717,97.45897054126156,0.135,79.23893315751329,1.007683731513083,1.135805296887271,-0.1273419120242518,0.0016907169303732941,0.14925382782031682,0.05617069692040037,TLT,79.42
2026-12-31,C,91.0,0.2670108781950786,97.4589705412037,0.11499999999999999,79.23893315751329,1.007683731513083,1.148425355741574,-0.1383917482108368,0.001440240348095769,0.15449397095524478,0.04912658802795528,TLT,79.42
2026-12-31,C,92.0,0.2670108781948884,97.45897054113426,0.095,79.23893315751329,1.007683731513083,1.161045414595877,-0.1493208187430271,0.001189763765818244,0.1585549118977969,0.04216480565002037,TLT,79.42
2026-12-31,C,93.0,0.26701087819472985,97.4589705410764,0.08499999999999999,79.23893315751329,1.007683731513083,1.17366547345018,-0.1601317348472426,0.0010645254746794815,0.16460030147757587,0.037919144066774116,TLT,79.42
2026-12-31,C,94.0,0.26701087819453956,97.45897054100693,0.07500000000000001,79.23893315751329,1.007683731513083,1.186285532304483,-0.1708270239639906,0.0009392871835407191,0.16996924484066478,0.033835207073756104,TLT,79.42
2026-12-31,C,95.0,0.267010878194381,97.45897054094907,0.07,79.23893315751329,1.007683731513083,1.198905591158786,-0.1814091332945276,0.0008766680379713378,0.17663835896877195,0.03128522740873175,TLT,79.42
2026-12-31,C,96.0,0.2670108781942225,97.4589705408912,0.060000000000000005,79.23893315751329,1.007683731513083,1.211525650013089,-0.19188043316182304,0.0007514297468325752,0.1806968793150252,0.027436806869049604,TLT,79.42
2026-12-31,C,97.0,0.2670108781940639,97.45897054083332,0.065,79.23893315751329,1.007683731513083,1.2241457088673922,-0.20224322019736965,0.0008140488924019564,0.1911037244031741,0.02797284273574986,TLT,79.42
2026-12-31,C,98.0,0.2670108781939054,97.45897054077547,0.055,79.23893315751329,1.007683731513083,1.236765767721695,-0.2124997203645586,0.000688810601263194,0.1942818425872886,0.02436968764924013,TLT,79.42
2026-12-31,C,99.0,0.26701087819374686,97.4589705407176,0.05,79.23893315751329,1.007683731513083,1.249385826575998,-0.22265209182857668,0.0006261914556938127,0.1993202396942462,0.022241142885515184,TLT,79.42
2026-12-31,C,100.0,0.26701087819358826,97.45897054065972,0.045,79.23893315751329,1.007683731513083,1.2620058854303011,-0.23270242768207813,0.0005635723101244314,0.20388927547534194,0.02017229042367397,TLT,79.42
2026-12-31,C,101.0,0.2670108781934297,97.45897054060185,0.045,79.23893315751329,1.007683731513083,1.2746259442846042,-0.24265275853524626,0.0005635723101244314,0.2112561155590722,0.019646018214103767,TLT,79.42
2026-12-31,C,102.0,0.2670108781932395,97.45897054053242,0.04,79.23893315751329,1.007683731513083,1.287246003138907,-0.25250505497825776,0.0005009531645550501,0.21511179331867547,0.017691698699450514,TLT,79.42
2026-12-31,C,103.0,0.2670108781930809,97.45897054047452,0.04,79.23893315751329,1.007683731513083,1.29986606199321,-0.2622612299236225,0.0005009531645550501,0.22217623030772177,0.017267511037185105,TLT,79.42
2026-12-31,C,104.0,0.26701087819292235,97.45897054041666,0.04,79.23893315751329,1.007683731513083,1.3124861208475131,-0.27192314083535946,0.0005009531645550501,0.2291387897185851,0.016871654001379174,TLT,79.42
2026-12-31,C,105.0,0.26701087819276387,97.4589705403588,0.035,79.23893315751329,1.007683731513083,1.3251061797018162,-0.28149259185151015,0.0004383340189856689,0.23203273579192804,0.015052597526597456,TLT,79.42
2026-12-31,C,110.0,0.26701087819260527,97.45897054030092,0.035,79.23893315751329,1.007683731513083,1.3882064739733313,-0.32801260748640304,0.0004383340189856689,0.2645744294192449,0.013626519761481638,TLT,79.42
2027-01-15,P,60.0,0.308106768602708,112.45897053998843,0.05,79.12619987494341,1.003278712988641,0.7582823400444885,0.27669948242354603,0.2423474968511381,0.23186371729052285,0.019079911305604304,TLT,79.42
2027-01-15,P,61.0,0.30810676860251773,112.45897053991898,0.060000000000000005,79.12619987494341,1.003278712988641,0.7709203790452299,0.2601701804723355,0.22983542522952205,0.2256276146058592,0.022429468510539976,TLT,79.42
2027-01-15,P,62.0,0.3081067686023592,112.4589705398611,0.07,79.12619987494341,1.003278712988641,0.7835584180459714,0.24390965960055522,0.217323353607906,0.21842977261800084,0.025864476081611187,TLT,79.42
2027-01-15,P,63.0,0.30810676860220065,112.45897053980323,0.08,79.12619987494341,1.003278712988641,0.7961964570467129,0.22790931825411395,0.20481128198628962,0.21048219638302115,0.029424774043919157,TLT,79.42
2027-01-15,P,64.0,0.3081067686020421,112.45897053974537,0.1,79.12619987494341,1.003278712988641,0.8088344960474544,0.21216096128597484,0.19242517774379897,0.205605358012526,0.03532196342573305,TLT,79.42
2027-01-15,P,65.0,0.3081067686018836,112.4589705396875,0.11499999999999999,79.12619987494341,1.003278712988641,0.8214725350481958,0.1966567747500096,0.1799760898117454,0.19774427647853923,0.04025822053808906,TLT,79.42
2027-01-15,P,66.0,0.30810676860172503,112.45897053962963,0.14,79.12619987494341,1.003278712988641,0.8341105740489373,0.18138930261922118,0.16765296925881745,0.19187496664969134,0.04735903731429489,TLT,79.42
2027-01-15,P,67.0,0.30810676860156644,112.45897053957175,0.16999999999999998,79.12619987494341,1.003278712988641,0.8467486130496787,0.1663514252546807,0.15539283239545199,0.18588101748581418,0.055474868089330276,TLT,79.42
2027-01-15,P,68.0,0.3081067686014079,112.45897053951389,0.20500000000000002,79.12619987494341,1.003278712988641,0.8593866520504203,0.15153633946953995,0.14319567922164889,0.17956393299773812,0.06454752153555658,TLT,79.42
2027-01-15,P,69.0,0.3081067686012494,112.45897053945603,0.265,79.12619987494341,1.003278712988641,0.8720246910511618,0.1369375400483873,0.13131344449565963,0.17610849088317745,0.07742493035637871,TLT,79.42
2027-01-15,P,70.0,0.3081067686010908,112.45897053939815,0.33,79.12619987494341,1.003278712988641,0.8846627300519032,0.12254880259628773,0.11949419345923262,0.17120023746994845,0.09057956024632792,TLT,79.42
2027-01-15,P,71.0,0.308106768600964,112.45897053935185,0.42,79.12619987494341,1.003278712988641,0.8973007690526447,0.10836416760433132,0.10798986087061935,0.16744079425152741,0.10618680945010049,TLT,79.42
2027-01-15,P,72.0,0.3081067686008054,112.45897053929396,0.53,79.12619987494341,1.003278712988641,0.9099388080533861,0.09437792562959145,0.09673746304025643,0.16349879994951036,0.12288067675178031,TLT,79.42
2027-01-15,P,73.0,0.3081067686006469,112.45897053923612,0.67,79.12619987494341,1.003278712988641,0.9225768470541277,0.08058460349725553,0.08586296734726961,0.1599482547618139,0.14074696709216883,TLT,79.42
2027-01-15,P,74.0,0.30810676860048836,112.45897053917825,0.85,79.12619987494341,1.003278712988641,0.9352148860548691,0.06697895144147693,0.07549234117078407,0.15705864647983953,0.1592678040712195,TLT,79.42
2027-01-15,P,75.0,0.30810676860032976,112.45897053912036,1.0750000000000002,79.12619987494341,1.003278712988641,0.9478529250556106,0.05355593110933627,0.06568856820036262,0.1546007932768793,0.17727840789982227,TLT,79.42
2027-01-15,P,76.0,0.3081067686001712,112.45897053906249,1.335,79.12619987494341,1.003278712988641,0.960490964056352,0.04031070435931565,0.05632568105687963,0.15145563194577277,0.19328496980934676,TLT,79.42
2027-01-15,P,77.0,0.3081067686000127,112.45897053900462,1.65,79.12619987494341,1.003278712988641,0.9731290030570935,0.027238622791962906,0.04765561449858613,0.14866048024026488,0.20668801300149714,TLT,79.42
2027-01-15,P,78.0,0.30810676859985414,112.45897053894676,2.03,79.12619987494341,1.003278712988641,0.985767042057835,0.014335217956054927,0.03980433590460719,0.14644227368214363,0.21628959983805474,TLT,79.42
2027-01-15,P,79.0,0.3081067685996956,112.45897053888889,2.47,79.12619987494341,1.003278712988641,0.9984050810585765,0.001596192178625192,0.03270886158538033,0.14423191924640294,0.22104454799688994,TLT,79.42
2027-01-15,C,80.0,0.30810676859963215,112.45897053886574,2.0149999999999997,79.12619987494341,1.003278712988641,1.011043120059318,-0.010982590028234904,0.025382426893754285,0.13740360810265909,0.2202049657740138,TLT,79.42
2027-01-15,C,81.0,0.3081067685994736,112.45897053880788,1.585,79.12619987494341,1.003278712988641,1.0236811590600594,-0.023405110026792037,0.019965829591365038,0.13547976959885993,0.2133054037891831,TLT,79.42
2027-01-15,C,82.0,0.3081067685993151,112.45897053875,1.225,79.12619987494341,1.003278712988641,1.0363191980608009,-0.035675202618606364,0.015431003942853105,0.13389149584044335,0.20075755980915327,TLT,79.42
2027-01-15,C,83.0,0.30810676859915653,112.45897053869213,0.9450000000000001,79.12619987494341,1.003278712988641,1.0489572370615423,-0.047796563150951155,0.011903917327343824,0.13360040047298755,0.1841348414587216,TLT,79.42
2027-01-15,C,84.0,0.308106768598998,112.45897053863426,0.715,79.12619987494341,1.003278712988641,1.0615952760622838,-0.059772754197666825,0.009006667607461199,0.13313015216741186,0.16438882645181577,TLT,79.42
2027-01-15,C,85.0,0.3081067685988394,112.45897053857638,0.545,79.12619987494341,1.003278712988641,1.0742333150630254,-0.07160721184466985,0.0068652221623305655,0.133835431567747,0.14413032122192873,TLT,79.42
2027-01-15,C,86.0,0.30810676859868086,112.45897053851851,0.42,79.12619987494341,1.003278712988641,1.086871354063767,-0.0833032516078611,0.005290629923263921,0.1354407754427965,0.12486246204031302,TLT,79.42
2027-01-15,C,87.0,0.3081067685985223,112.45897053846065,0.325,79.12619987494341,1.003278712988641,1.0995093930645083,-0.09486407400893707,0.0040939398215732725,0.13738245072053906,0.10702914375042451,TLT,79.42
2027-01-15,C,88.0,0.3081067685983638,112.45897053840278,0.26,79.12619987494341,1.003278712988641,1.1121474320652498,-0.10629276983255981,0.0032751518572586183,0.14056924953045635,0.09226451909236565,TLT,79.42
2027-01-15,C,89.0,0.30810676859820524,112.45897053834491,0.215,79.12619987494341,1.003278712988641,1.1247854710659912,-0.11759232508649314,0.0027082986511946265,0.1447205913399175,0.08037605051442334,TLT,79.42
2027-01-15,C,90.0,0.3081067685980467,112.45897053828705,0.16999999999999998,79.12619987494341,1.003278712988641,1.1374235100667327,-0.12876562568461836,0.0021414454451306347,0.14719634810747367,0.0681591286056765,TLT,79.42
2027-01-15,C,91.0,0.3081067685978881,112.45897053822915,0.14,79.12619987494341,1.003278712988641,1.1500615490674742,-0.1398154618712033,0.0017635433077546406,0.15081046941927753,0.05881403087109699,TLT,79.42
2027-01-15,C,92.0,0.30810676859769787,112.45897053815972,0.12,79.12619987494341,1.003278712988641,1.1626995880682156,-0.15074453240339356,0.0015116085495039775,0.15538710512399487,0.05179600848742958,TLT,79.42
2027-01-15,C,93.0,0.3081067685975393,112.45897053810185,0.10500000000000001,79.12619987494341,1.003278712988641,1.175337627068957,-0.16155544850760917,0.0013226574808159804,0.16029940473379187,0.0461365369523483,TLT,79.42
2027-01-15,C,94.0,0.30810676859738073,112.45897053804397,0.09,79.12619987494341,1.003278712988641,1.1879756660696985,-0.1722507376243571,0.0011337064121279832,0.16438018973316032,0.04058146573669761,TLT,79.42
2027-01-15,C,95.0,0.30810676859722225,112.45897053798612,0.08499999999999999,79.12619987494341,1.003278712988641,1.2006137050704402,-0.1828328469548942,0.0010707227225653173,0.17094703311156387,0.03786881650336692,TLT,79.42
2027-01-15,C,96.0,0.3081067685970954,112.45897053793982,0.07500000000000001,79.12619987494341,1.003278712988641,1.2132517440711816,-0.1933041468221896,0.0009447553434399861,0.17537055469685764,0.03391793339846487,TLT,79.42
2027-01-15,C,97.0,0.3081067685969368,112.45897053788194,0.07,79.12619987494341,1.003278712988641,1.225889783071923,-0.20366693385773615,0.0008817716538773203,0.18115105234227338,0.031482664193736354,TLT,79.42
2027-01-15,C,98.0,0.30810676859677827,112.45897053782407,0.060000000000000005,79.12619987494341,1.003278712988641,1.2385278220726645,-0.21392343402492525,0.0007558042747519888,0.1843706419465128,0.027689791715048144,TLT,79.42
2027-01-15,C,99.0,0.30810676859661973,112.4589705377662,0.060000000000000005,79.12619987494341,1.003278712988641,1.251165861073406,-0.22407580548894324,0.0007558042747519888,0.19166577730955864,0.026916634784140234,TLT,79.42
2027-01-15,C,100.0,0.3081067685964612,112.45897053770834,0.055,79.12619987494341,1.003278712988641,1.2638039000741474,-0.23412614134244467,0.000692820585189323,0.19637054360531167,0.02475205750009641,TLT,79.42
2027-01-15,C,101.0,0.30810676859630265,112.45897053765047,0.05,79.12619987494341,1.003278712988641,1.276441939074889,-0.24407647219561274,0.0006298368956266573,0.20067655573886176,0.022646560355206742,TLT,79.42
2027-01-15,C,102.0,0.30810676859614405,112.45897053759258,0.05,79.12619987494341,1.003278712988641,1.2890799780756304,-0.25392876863862435,0.0006298368956266573,0.2075018918054666,0.02209237144182577,TLT,79.42
2027-01-15,C,103.0,0.3081067685959855,112.45897053753471,0.045,79.12619987494341,1.003278712988641,1.3017180170763718,-0.26368494358398903,0.0005668532060639916,0.21120266970525522,0.02010065148687742,TLT,79.42
2027-01-15,C,104.0,0.30810676859582703,112.45897053747687,0.045,79.12619987494341,1.003278712988641,1.3143560560771133,-0.2733468544957259,0.0005668532060639916,0.21775910347083893,0.019647097621338927,TLT,79.42
2027-01-15,C,105.0,0.30810676859566843,112.45897053741898,0.045,79.12619987494341,1.003278712988641,1.326994095077855,-0.28291630551187674,0.0005668532060639916,0.22422254690744897,0.019222450752730786,TLT,79.42
2027-01-15,C,106.0,0.3081067685954782,112.45897053734954,0.04,79.12619987494341,1.003278712988641,1.3396321340785964,-0.2923950494664205,0.0005038695165013259,0.227114705247231,0.01736720758233802,TLT,79.42
2027-01-15,C,107.0,0.30810676859531966,112.45897053729168,0.04,79.12619987494341,1.003278712988641,1.3522701730793378,-0.3017847898162595,0.0005038695165013259,0.23333026542592675,0.017017823573332803,TLT,79.42
2027-01-15,C,108.0,0.30810676859516106,112.45897053723378,0.035,79.12619987494341,1.003278712988641,1.3649082120800793,-0.31108718247857303,0.00044088582693866014,0.23551313605211452,0.015213145613892273,TLT,79.42
2027-01-15,C,109.0,0.3081067685949708,112.45897053716435,0.035,79.12619987494341,1.003278712988641,1.3775462510808207,-0.320303837583497,0.00044088582693866014,0.24149027034892345,0.014926666639515543,TLT,79.42
2027-01-15,C,110.0,0.3081067685948123,112.45897053710648,0.035,79.12619987494341,1.003278712988641,1.3901842900815622,-0.3294363211467695,0.00044088582693866014,0.24739093586137187,0.014655744266620854,TLT,79.42
2027-01-15,C,111.0,0.3081067685946537,112.4589705370486,0.03,79.12619987494341,1.003278712988641,1.4028223290823036,-0.3384861566666874,0.00037790213737599437,0.24860383315940088,0.01291810067134555,TLT,79.42
2027-01-15,C,112.0,0.30810676859449515,112.45897053699073,0.03,79.12619987494341,1.003278712988641,1.415460368083045,-0.3474548266494478,0.00037790213737599437,0.25427822194123334,0.012697030119917362,TLT,79.42
2027-02-19,P,60.0,0.4039971795517504,147.4589705363889,0.08,79.22584028101845,1.002240932845552,0.7573286668488043,0.2779579495595207,0.24367884693626085,0.21806621772696178,0.02947207420219581,TLT,79.42
2027-02-19,P,61.0,0.4039971795515918,147.458970536331,0.09,79.22584028101845,1.002240932845552,0.7699508112962844,0.2614286476083101,0.23118264171191394,0.2107624017170106,0.033065454589254216,TLT,79.42
2027-02-19,P,62.0,0.40399717955143327,147.45897053627314,0.10500000000000001,79.22584028101845,1.002240932845552,0.7825729557437644,0.24516812673652985,0.21874940609913351,0.20468579198276715,0.03791499540620727,TLT,79.42
2027-02-19,P,63.0,0.40399717955127473,147.45897053621528,0.12,79.22584028101845,1.002240932845552,0.7951951001912445,0.22916778539008867,0.2063161704863532,0.19786182394809743,0.042898083881743175,TLT,79.42
2027-02-19,P,64.0,0.40399717955111614,147.45897053615738,0.14,79.22584028101845,1.002240932845552,0.8078172446387246,0.21341942842194947,0.19394590448513926,0.19172382244215166,0.04908206071688092,TLT,79.42
2027-02-19,P,65.0,0.40399717955098935,147.4589705361111,0.16999999999999998,79.22584028101845,1.002240932845552,0.8204393890862046,0.1979152418859843,0.18170157770705864,0.18702356782237017,0.05733650014842922,TLT,79.42
2027-02-19,P,66.0,0.4039971795508308,147.45897053605324,0.2,79.22584028101845,1.002240932845552,0.8330615335336847,0.1826477697551958,0.16945725092897812,0.18114035790886493,0.06565051471210914,TLT,79.42
2027-02-19,P,67.0,0.4039971795506722,147.45897053599535,0.25,79.22584028101845,1.002240932845552,0.8456836779811648,0.16760989239065524,0.15746480259716356,0.17763603669910805,0.07735293565359237,TLT,79.42
2027-02-19,P,68.0,0.40399717955051373,147.4589705359375,0.3,79.22584028101845,1.002240932845552,0.8583058224286448,0.1527948066055147,0.14547235426534932,0.1725505615319179,0.08887985576491464,TLT,79.42
2027-02-19,P,69.0,0.4039971795503552,147.45897053587964,0.37,79.22584028101845,1.002240932845552,0.870927966876125,0.13819600718436198,0.13373178437980116,0.1686910114259199,0.10297589144311654,TLT,79.42
2027-02-19,P,70.0,0.4039971795501966,147.45897053582175,0.45499999999999996,79.22584028101845,1.002240932845552,0.883550111323605,0.12380726973226244,0.1221801233289529,0.16483386018257093,0.11840953250664098,TLT,79.42
2027-02-19,P,71.0,0.4039971795500698,147.45897053577548,0.56,79.22584028101845,1.002240932845552,0.8961722557710851,0.10962263474030597,0.1108803407243707,0.16117917340398508,0.13523599963952757,TLT,79.42
2027-02-19,P,72.0,0.4039971795499112,147.45897053571758,0.69,79.22584028101845,1.002240932845552,0.9087944002185652,0.09563639276556603,0.09989540617762127,0.15779868161332997,0.1532338881981803,TLT,79.42
2027-02-19,P,73.0,0.40399717954975267,147.45897053565972,0.855,79.22584028101845,1.002240932845552,0.9214165446660452,0.08184307063323029,0.08935125891183815,0.15506161234611876,0.1722115140334991,TLT,79.42
2027-02-19,P,74.0,0.40399717954959413,147.45897053560185,1.0550000000000002,79.22584028101845,1.002240932845552,0.9340386891135253,0.06823741857745162,0.07924789892702089,0.15250394597503497,0.19105570551959297,TLT,79.42
2027-02-19,P,75.0,0.40399717954943554,147.45897053554398,1.295,79.22584028101845,1.002240932845552,0.9466608335610054,0.0548143982453109,0.06964829583473597,0.1501181743890532,0.20894817230344925,TLT,79.42
2027-02-19,P,76.0,0.403997179549277,147.45897053548612,1.5750000000000002,79.22584028101845,1.002240932845552,0.9592829780084854,0.04156917149529034,0.06055244963498396,0.14762357033760112,0.22489264473493378,TLT,79.42
2027-02-19,P,77.0,0.4039971795491185,147.45897053542825,1.9,79.22584028101845,1.002240932845552,0.9719051224559655,0.028497089927937525,0.05202332993933079,0.14508469953939723,0.2380746172458784,TLT,79.42
2027-02-19,P,78.0,0.4039971795489599,147.45897053537038,2.28,79.22584028101845,1.002240932845552,0.9845272669034456,0.015593685092029599,0.04418687597090998,0.14281882672745821,0.2476612466197591,TLT,79.42
2027-02-19,P,79.0,0.4039971795488014,147.45897053531252,2.725,79.22584028101845,1.002240932845552,0.9971494113509256,0.002854659314599915,0.03716902695285462,0.14113868142133681,0.2528264955918929,TLT,79.42
2027-02-19,C,80.0,0.40399717954873793,147.45897053528935,2.34,79.22584028101845,1.002240932845552,1.0097715557984057,-0.009724122892260241,0.029469778213154375,0.1339971658747565,0.2529218577399895,TLT,79.42
2027-02-19,C,81.0,0.40399717954857944,147.4589705352315,1.9,79.22584028101845,1.002240932845552,1.0223937002458858,-0.022146642890817435,0.023928452395296288,0.1324763004455538,0.24745819515130854,TLT,79.42
2027-02-19,C,82.0,0.40399717954842085,147.45897053517362,1.525,79.22584028101845,1.002240932845552,1.035015844693366,-0.03441673548263182,0.0192057315278036,0.13133785088399463,0.23674735850744408,TLT,79.42
2027-02-19,C,83.0,0.4039971795482623,147.45897053511575,1.2149999999999999,79.22584028101845,1.002240932845552,1.0476379891408458,-0.04653809601497645,0.01530161561067631,0.13077070062546767,0.22169566607607658,TLT,79.42
2027-02-19,C,84.0,0.40399717954810377,147.4589705350579,0.96,79.22584028101845,1.002240932845552,1.060260133588326,-0.058514287061692184,0.012090165420781283,0.13052412584787942,0.20342686712290048,TLT,79.42
2027-02-19,C,85.0,0.4039971795479452,147.458970535,0.765,79.22584028101845,1.002240932845552,1.072882278035806,-0.07034874470869507,0.009634350569685085,0.13136551805390703,0.18401492301733266,TLT,79.42
2027-02-19,C,86.0,0.40399717954778663,147.45897053494213,0.61,79.22584028101845,1.002240932845552,1.0855044224832862,-0.08204478447188637,0.00768229261112144,0.13255917581094104,0.1642966464433783,TLT,79.42
2027-02-19,C,87.0,0.4039971795476598,147.45897053489583,0.485,79.22584028101845,1.002240932845552,1.0981265669307663,-0.09360560687296239,0.006108052321957211,0.13383056772544039,0.1449055792967941,TLT,79.42
2027-02-19,C,88.0,0.40399717954750125,147.45897053483796,0.39,79.22584028101845,1.002240932845552,1.1107487113782464,-0.10503430269658519,0.004911629702192397,0.13568332064216726,0.12717664156255046,TLT,79.42
2027-02-19,C,89.0,0.4039971795473427,147.4589705347801,0.32,79.22584028101845,1.002240932845552,1.1233708558257263,-0.11633385795051839,0.004030055140260428,0.13828001254530672,0.11181913198449958,TLT,79.42
2027-02-19,C,90.0,0.40399717954718417,147.45897053472223,0.26,79.22584028101845,1.002240932845552,1.1359930002732064,-0.12750715854864364,0.003274419801461598,0.14044768146425662,0.09735134494598588,TLT,79.42
2027-02-19,C,91.0,0.40399717954702563,147.45897053466436,0.22,79.22584028101845,1.002240932845552,1.1486151447206865,-0.13855699473522864,0.002770662908929044,0.14385384459708786,0.08611709994210182,TLT,79.42
2027-02-19,C,92.0,0.4039971795468671,147.4589705346065,0.19,79.22584028101845,1.002240932845552,1.1612372891681666,-0.14948606526741895,0.002392845239529629,0.14770806688779115,0.07683630121478267,TLT,79.42
2027-02-19,C,93.0,0.4039971795467085,147.4589705345486,0.16,79.22584028101845,1.002240932845552,1.1738594336156467,-0.16029698137163462,0.002015027570130214,0.15059310463034511,0.06751667116306077,TLT,79.42
2027-02-19,C,94.0,0.40399717954654996,147.45897053449073,0.14500000000000002,79.22584028101845,1.002240932845552,1.1864815780631268,-0.17099227048838261,0.0018261187354305065,0.15547749702075342,0.06174176959638476,TLT,79.42
2027-02-19,C,95.0,0.40399717954639147,147.4589705344329,0.125,79.22584028101845,1.002240932845552,1.1991037225106067,-0.18157437981891938,0.0015742402891642296,0.15868524633532438,0.054857460012498555,TLT,79.42
2027-02-19,C,96.0,0.4039971795462329,147.458970534375,0.11,79.22584028101845,1.002240932845552,1.2117258669580868,-0.19204567968621483,0.001385331454464522,0.1623157365651328,0.04929439822528461,TLT,79.42
2027-02-19,C,97.0,0.40399717954610603,147.4589705343287,0.1,79.22584028101845,1.002240932845552,1.224348011405567,-0.20240846672176144,0.0012593922313313838,0.16667909601012704,0.04516597149510848,TLT,79.42
2027-02-19,C,98.0,0.40399717954594744,147.4589705342708,0.09,79.22584028101845,1.002240932845552,1.236970155853047,-0.21266496688895056,0.0011334530081982452,0.1705847612768984,0.041139044815866804,TLT,79.42
2027-02-19,C,99.0,0.40399717954578895,147.45897053421297,0.08,79.22584028101845,1.002240932845552,1.2495923003005271,-0.2228173383529686,0.001007513785065107,0.17399083603796614,0.03718105776195219,TLT,79.42
2027-02-19,C,100.0,0.4039971795456304,147.4589705341551,0.08,79.22584028101845,1.002240932845552,1.262214444748007,-0.23286767420646992,0.001007513785065107,0.18046262651109285,0.03622080791886212,TLT,79.42
2027-02-19,C,101.0,0.4039971795454718,147.4589705340972,0.07,79.22584028101845,1.002240932845552,1.2748365891954871,-0.24281800505963802,0.0008815745619319686,0.1831126424411089,0.03242950638897142,TLT,79.42
2027-02-19,C,102.0,0.4039971795453133,147.45897053403934,0.065,79.22584028101845,1.002240932845552,1.2874587336429673,-0.2526703015026497,0.0008186049503653995,0.1872539028209757,0.030168772630499382,TLT,79.42
2027-02-19,C,105.0,0.40399717954515474,147.45897053398147,0.055,79.22584028101845,1.002240932845552,1.3253251669854076,-0.2816578383759021,0.000692665727232261,0.20039042862629058,0.02526524601934878,TLT,79.42
2027-02-19,C,110.0,0.4039971795449962,147.4589705339236,0.045,79.22584028101845,1.002240932845552,1.388435889222808,-0.3281778540107949,0.0005667265040991226,0.222174867177226,0.020023115708427013,TLT,79.42
2027-03-19,P,60.0,0.48070950831091447,175.45897053348378,0.1,79.19065284171621,1.003961761445004,0.7576651769739304,0.27751370995810926,0.24359261524829434,0.20687717581063492,0.03694996266391836,TLT,79.42
2027-03-19,P,65.0,0.48070950831072423,175.45897053341434,0.22,79.19065284171621,1.003961761445004,0.820803941721758,0.19747100228457282,0.1819632011671365,0.18043959088973469,0.07196144859314049,TLT,79.42
2027-03-19,P,69.0,0.48070950831056575,175.4589705333565,0.46499999999999997,79.19065284171621,1.003961761445004,0.87131495352002,0.13775176758295057,0.13453378031332486,0.16431607435356932,0.12409723273357592,TLT,79.42
2027-03-19,P,70.0,0.48070950831040715,175.4589705332986,0.565,79.19065284171621,1.003961761445004,0.8839427064695855,0.12336303013085094,0.1231638195859841,0.16089455489927346,0.1408737856633967,TLT,79.42
2027-03-19,P,71.0,0.4807095083102486,175.45897053324074,0.685,79.19065284171621,1.003961761445004,0.8965704594191509,0.1091783951388946,0.11204541730308837,0.1575385365326554,0.15868654367056306,TLT,79.42
2027-03-19,P,72.0,0.4807095083100584,175.4589705331713,0.835,79.19065284171621,1.003961761445004,0.9091982123687165,0.09519215316415469,0.10130435268685989,0.1547168667621196,0.17764584889652585,TLT,79.42
2027-03-19,P,73.0,0.4807095083098998,175.45897053311342,1.005,79.19065284171621,1.003961761445004,0.921825965318282,0.08139883103181884,0.09081484651507632,0.1514145725302938,0.19634908786701943,TLT,79.42
2027-03-19,P,74.0,0.48070950830974124,175.45897053305555,1.225,79.19065284171621,1.003961761445004,0.9344537182678475,0.0677931789760402,0.08095423645440525,0.14929321124149533,0.2154779485886105,TLT,79.42
2027-03-19,P,75.0,0.480709508309551,175.45897053298611,1.47,79.19065284171621,1.003961761445004,0.947081471217413,0.054370158643899484,0.07140807444929032,0.1465190083927513,0.23296076855202769,TLT,79.42
2027-03-19,P,76.0,0.4807095083093924,175.45897053292822,1.76,79.19065284171621,1.003961761445004,0.9597092241669785,0.04112493189387894,0.06242791894417654,0.14404245068579213,0.2486327587296634,TLT,79.42
2027-03-19,P,77.0,0.48070950830923387,175.45897053287035,2.1,79.19065284171621,1.003961761445004,0.972336977116544,0.028052850326526147,0.05407665955017493,0.14187427919038875,0.2615612656928409,TLT,79.42
2027-03-19,P,78.0,0.4807095083090754,175.45897053281251,2.48,79.19065284171621,1.003961761445004,0.9849647300661095,0.015149445490618236,0.046228517045063366,0.13935968153769754,0.27084248785866794,TLT,79.42
2027-03-19,P,79.0,0.4807095083089168,175.45897053275462,2.925,79.19065284171621,1.003961761445004,0.997592483015675,0.0024104197131884562,0.03919793948439776,0.13753545622872082,0.2758643767603774,TLT,79.42
2027-03-19,C,80.0,0.4807095083088217,175.45897053271992,2.55,79.19065284171621,1.003961761445004,1.0102202359652406,-0.010168362493671684,0.03207370166673023,0.13298860787094377,0.27603049312723477,TLT,79.42
2027-03-19,C,81.0,0.4807095083086631,175.45897053266202,2.105,79.19065284171621,1.003961761445004,1.022847988914806,-0.022590882492228858,0.02647652627783025,0.13150944332477996,0.27100407945149446,TLT,79.42
2027-03-19,C,82.0,0.48070950830850456,175.45897053260416,1.72,79.19065284171621,1.003961761445004,1.0354757418643716,-0.034860975084043226,0.021634026222265096,0.13033723560988097,0.26101313539522036,TLT,79.42
2027-03-19,C,83.0,0.480709508308346,175.4589705325463,1.415,79.19065284171621,1.003961761445004,1.048103494813937,-0.04698233561638785,0.017797759944479716,0.13061930151821785,0.24726698372787353,TLT,79.42
2027-03-19,C,84.0,0.4807095083081874,175.45897053248842,1.13,79.19065284171621,1.003961761445004,1.0607312477635025,-0.05895852666310356,0.014213052111139277,0.1295489232343268,0.229432332829557,TLT,79.42
2027-03-19,C,85.0,0.48070950830802894,175.45897053243056,0.925,79.19065284171621,1.003961761445004,1.073359000713068,-0.07079298431010643,0.011634578055578614,0.13059452805488758,0.21088164075372653,TLT,79.42
2027-03-19,C,86.0,0.4807095083078704,175.4589705323727,0.745,79.19065284171621,1.003961761445004,1.0859867536626335,-0.08248902407329772,0.009370552055574126,0.13106645154990712,0.19071565642997138,TLT,79.42
2027-03-19,C,87.0,0.4807095083077118,175.45897053231482,0.61,79.19065284171621,1.003961761445004,1.098614506612199,-0.09404984647437373,0.0076725325555707605,0.1325689574687926,0.17157763266457915,TLT,79.42
2027-03-19,C,88.0,0.48070950830755327,175.45897053225696,0.505,79.19065284171621,1.003961761445004,1.1112422595617646,-0.10547854229799651,0.00635185072223481,0.13460011739528263,0.15377346665112765,TLT,79.42
2027-03-19,C,89.0,0.4807095083074264,175.45897053221066,0.41500000000000004,79.19065284171621,1.003961761445004,1.1238700125113301,-0.11677809755192989,0.005219837722232568,0.13632158964329902,0.1365332927545206,TLT,79.42
2027-03-19,C,90.0,0.4807095083072679,175.4589705321528,0.35,79.19065284171621,1.003961761445004,1.1364977654608956,-0.12795139815005513,0.004402272777786502,0.1389735369346254,0.12196101937530342,TLT,79.42
2027-03-19,C,91.0,0.48070950830710935,175.45897053209492,0.3,79.19065284171621,1.003961761445004,1.1491255184104612,-0.13900123433664013,0.0037733766666741444,0.1420603372987039,0.10940351828976608,TLT,79.42
2027-03-19,C,92.0,0.48070950830695075,175.45897053203703,0.255,79.19065284171621,1.003961761445004,1.1617532713600267,-0.1499303048688304,0.0032073701666730232,0.14470855508366415,0.09748794233835263,TLT,79.42
2027-03-19,C,93.0,0.4807095083067922,175.45897053197916,0.22,79.19065284171621,1.003961761445004,1.174381024309592,-0.16074122097304588,0.002767142888894373,0.14770284083118673,0.08733598189182538,TLT,79.42
2027-03-19,C,94.0,0.4807095083066337,175.45897053192132,0.2,79.19065284171621,1.003961761445004,1.1870087772591575,-0.17143651008979385,0.00251558444444943,0.1521659223248012,0.08036981457713176,TLT,79.42
2027-03-19,C,95.0,0.48070950830647513,175.45897053186343,0.16999999999999998,79.19065284171621,1.003961761445004,1.199636530208723,-0.18201861942033082,0.0021382467777820153,0.1543705830249542,0.07124155859102449,TLT,79.42
2027-03-19,C,96.0,0.4807095083063166,175.45897053180556,0.15000000000000002,79.19065284171621,1.003961761445004,1.2122642831582886,-0.19248991928762624,0.0018866883333370727,0.1575729109926664,0.06440237909401304,TLT,79.42
2027-03-19,C,97.0,0.48070950830615805,175.4589705317477,0.14,79.19065284171621,1.003961761445004,1.2248920361078541,-0.20285270632317284,0.001760909111114601,0.16225281558402208,0.06013699722225745,TLT,79.42
2027-03-19,C,98.0,0.48070950830599946,175.4589705316898,0.13,79.19065284171621,1.003961761445004,1.2375197890574197,-0.21310920649036197,0.0016351298888921295,0.16660780434404776,0.05601876184068145,TLT,79.42
2027-03-19,C,99.0,0.48070950830584097,175.45897053163196,0.11,79.19065284171621,1.003961761445004,1.2501475420069852,-0.22326157795437998,0.0013835714444471864,0.16814485096719536,0.049339196514634795,TLT,79.42
2027-03-19,C,100.0,0.4807095083057141,175.45897053158563,0.10500000000000001,79.19065284171621,1.003961761445004,1.2627752949565507,-0.23331191380788144,0.0013206818333359508,0.17296769413264854,0.04675632969146715,TLT,79.42
2027-03-19,C,105.0,0.48070950830555553,175.45897053152777,0.07,79.19065284171621,1.003961761445004,1.3259140597043781,-0.28210207797731335,0.0008804545555573005,0.19023612378928811,0.032271865457259546,TLT,79.42
2027-03-19,C,110.0,0.48070950830539705,175.45897053146993,0.055,79.19065284171621,1.003961761445004,1.3890528244522058,-0.3286220936122063,0.0006917857222235932,0.20925713055703504,0.025004509090050548,TLT,79.42
2027-03-31,P,65.0,0.5135862206335934,187.45897053126157,0.24,79.15970075819908,0.9978223845579617,0.8211248827045058,0.19708007061681632,0.18191357961872445,0.17784305751319823,0.07822006725196406,TLT,79.42
2027-03-31,P,70.0,0.5135862206334348,187.4589705312037,0.595,79.15970075819908,0.9978223845579617,0.8842883352202371,0.12297209846309436,0.1232445192894378,0.15820259963207856,0.14905740192194086,TLT,79.42
2027-03-31,P,72.0,0.5135862206332762,187.4589705311458,0.875,79.15970075819908,0.9978223845579617,0.9095537162265296,0.09480122149639802,0.10152401099358055,0.15239459704553093,0.186795298418263,TLT,79.42
2027-03-31,P,73.0,0.5135862206331178,187.45897053108797,1.0550000000000002,79.15970075819908,0.9978223845579617,0.9221864067296758,0.08100789936406226,0.09117016723285698,0.1495682755422699,0.20605124947602027,TLT,79.42
2027-03-31,P,74.0,0.5135862206329592,187.4589705310301,1.27,79.15970075819908,0.9978223845579617,0.934819097232822,0.06740224730828369,0.08125943256093782,0.1469812243994083,0.22493915645442109,TLT,79.42
2027-03-31,P,75.0,0.5135862206327689,187.45897053096067,1.52,79.15970075819908,0.9978223845579617,0.9474517877359683,0.053979226976142936,0.07179180697782317,0.14438661805723632,0.242560716915842,TLT,79.42
2027-03-31,P,76.0,0.5135862206326104,187.4589705309028,1.81,79.15970075819908,0.9978223845579617,0.9600844782391145,0.04073400022612235,0.06283059178191341,0.14184989105668094,0.25819324422852735,TLT,79.42
2027-03-31,P,77.0,0.5135862206324519,187.45897053084494,2.15,79.15970075819908,0.9978223845579617,0.9727171687422608,0.027661918658769515,0.05450238957000997,0.13966136803170487,0.2710689539749069,TLT,79.42
2027-03-31,P,78.0,0.513586220632325,187.4589705307986,2.54,79.15970075819908,0.9978223845579617,0.985349859245407,0.014758513822861679,0.04680720034211283,0.1376357741625873,0.2802995409364625,TLT,79.42
2027-03-31,P,79.0,0.5135862206321664,187.45897053074074,2.975,79.15970075819908,0.9978223845579617,0.9979825497485533,0.0020194880454318612,0.039681722799821184,0.13542719624685784,0.28521532143438366,TLT,79.42
2027-03-31,C,80.0,0.5135862206320713,187.458970530706,2.665,79.15970075819908,0.9978223845579617,1.0106152402516995,-0.010559294161428206,0.03373959204753552,0.13510564967582395,0.2853764321012908,TLT,79.42
2027-03-31,C,81.0,0.5135862206319127,187.45897053064814,2.22,79.15970075819908,0.9978223845579617,1.0232479307548457,-0.022981814159985313,0.0281057764898795,0.13359117994535616,0.2806705328423917,TLT,79.42
2027-03-31,C,82.0,0.5135862206317542,187.45897053059028,1.83,79.15970075819908,0.9978223845579617,1.035880621257992,-0.03525190675179982,0.0231682752146304,0.13226980034575006,0.2712387783085487,TLT,79.42
2027-03-31,C,83.0,0.5135862206315956,187.4589705305324,1.495,79.15970075819908,0.9978223845579617,1.0485133117611383,-0.047373267284144586,0.01892708822178822,0.1312315453183618,0.25758831537726556,TLT,79.42
2027-03-31,C,84.0,0.5135862206314371,187.45897053047455,1.22,79.15970075819908,0.9978223845579617,1.0611460022642845,-0.05934945833086023,0.015445516809753597,0.13091519288522002,0.2408416289583326,TLT,79.42
2027-03-31,C,85.0,0.5135862206312786,187.45897053041668,0.995,79.15970075819908,0.9978223845579617,1.0737786927674307,-0.07118391597786303,0.01259695838172527,0.1311139092460351,0.22211059059812266,TLT,79.42
2027-03-31,C,86.0,0.51358622063112,187.4589705303588,0.8200000000000001,79.15970075819908,0.9978223845579617,1.0864113832705768,-0.08287995574105425,0.01038141293770324,0.13222272923277817,0.20305058157290914,TLT,79.42
2027-03-31,C,87.0,0.5135862206309615,187.45897053030095,0.6699999999999999,79.15970075819908,0.9978223845579617,1.0990440737737233,-0.0944407781421304,0.008482373985684351,0.1330927469055097,0.18337594929999898,TLT,79.42
2027-03-31,C,88.0,0.5135862206308028,187.45897053024302,0.5549999999999999,79.15970075819908,0.9978223845579617,1.1116767642768695,-0.10586947396575311,0.007026444122469873,0.13471395489192217,0.16503259115270186,TLT,79.42
2027-03-31,C,89.0,0.5135862206306443,187.45897053018516,0.46499999999999997,79.15970075819908,0.9978223845579617,1.1243094547800156,-0.11716902921968643,0.005887020751258543,0.13680977402939684,0.14825726507529247,TLT,79.42
2027-03-31,C,90.0,0.5135862206304859,187.45897053012735,0.395,79.15970075819908,0.9978223845579617,1.1369421452831618,-0.1283423298178116,0.0050008025736497305,0.13936572511794285,0.1333455816063525,TLT,79.42
2027-03-31,C,91.0,0.5135862206303272,187.45897053006942,0.33499999999999996,79.15970075819908,0.9978223845579617,1.1495748357863083,-0.13939216600439674,0.004241186992842176,0.14175051992776777,0.11941834465486617,TLT,79.42
2027-03-31,C,92.0,0.5135862206301687,187.45897053001156,0.29000000000000004,79.15970075819908,0.9978223845579617,1.1622075262894545,-0.15032123653658697,0.0036714753072365114,0.1447309449316381,0.10769012059929528,TLT,79.42
2027-03-31,C,93.0,0.5135862206300101,187.4589705299537,0.25,79.15970075819908,0.9978223845579617,1.1748402167926006,-0.16113215264080255,0.003165064920031475,0.14742232131913224,0.0967160265166636,TLT,79.42
2027-03-31,C,94.0,0.5135862206298833,187.45897052990742,0.22,79.15970075819908,0.9978223845579617,1.1874729072957468,-0.17182744175755046,0.002785257129627698,0.150636600676061,0.0876529177282836,TLT,79.42
2027-03-31,C,95.0,0.5135862206297248,187.45897052984955,0.20500000000000002,79.15970075819908,0.9978223845579617,1.200105597798893,-0.18240955108808735,0.00259535323442581,0.1554816928449855,0.08188668903613247,TLT,79.42
2027-03-31,C,96.0,0.5135862206295662,187.45897052979166,0.175,79.15970075819908,0.9978223845579617,1.2127382883020394,-0.1928808509553829,0.0022155454440220324,0.15741173573198125,0.07287820793038688,TLT,79.42
2027-03-31,C,97.0,0.5135862206294076,187.4589705297338,0.16,79.15970075819908,0.9978223845579617,1.2253709788051856,-0.20324363799092945,0.002025641548820144,0.16130632364822883,0.06735874136494463,TLT,79.42
2027-03-31,C,98.0,0.5135862206292491,187.45897052967592,0.14,79.15970075819908,0.9978223845579617,1.2380036693083318,-0.2135001381581185,0.0017724363552176262,0.16374252029240735,0.06067640106119447,TLT,79.42
2027-03-31,C,99.0,0.5135862206290905,187.45897052961806,0.13,79.15970075819908,0.9978223845579617,1.250636359811478,-0.22365250962213648,0.001645833758416367,0.16778441796939408,0.05659082838352462,TLT,79.42
2027-03-31,C,100.0,0.513586220628932,187.4589705295602,0.12,79.15970075819908,0.9978223845579617,1.2632690503146244,-0.23370284547563805,0.0015192311616151078,0.17150564607153493,0.052609944313712305,TLT,79.42
2027-03-31,C,101.0,0.5135862206287735,187.45897052950232,0.11,79.15970075819908,0.9978223845579617,1.2759017408177706,-0.2436531763288061,0.001392628564813849,0.17488940609567746,0.04871047294359644,TLT,79.42
2027-03-31,C,102.0,0.5135862206286149,187.45897052944446,0.1,79.15970075819908,0.9978223845579617,1.2885344313209168,-0.2535054727718177,0.00126602596801259,0.17791245016830368,0.0448700008954122,TLT,79.42
2027-03-31,C,103.0,0.5135862206284564,187.4589705293866,0.09,79.15970075819908,0.9978223845579617,1.301167121824063,-0.26326164771718236,0.0011394233712113309,0.18054289820397923,0.04106610663145224,TLT,79.42
2027-03-31,C,104.0,0.5135862206282661,187.45897052931713,0.09,79.15970075819908,0.9978223845579617,1.3137998123272092,-0.2729235586289192,0.0011394233712113309,0.18600539807217756,0.04020158760806227,TLT,79.42
2027-03-31,C,105.0,0.5135862206281075,187.45897052925926,0.08,79.15970075819908,0.9978223845579617,1.3264325028303556,-0.28249300964507,0.001012820774410072,0.18805125228784514,0.03651332446280457,TLT,79.42
2027-03-31,C,106.0,0.513586220627949,187.4589705292014,0.08,79.15970075819908,0.9978223845579617,1.3390651933335018,-0.29197175359961375,0.001012820774410072,0.1932896667408175,0.035797022501344596,TLT,79.42
2027-03-31,C,110.0,0.5135862206277905,187.45897052914353,0.060000000000000005,79.15970075819908,0.9978223845579617,1.3895959553460868,-0.32901302527996285,0.000759615580807554,0.20519638196487508,0.027510063735416788,TLT,79.42
2027-04-16,P,60.0,0.5574218370658929,203.4589705290509,0.13,79.22733620399681,0.9991814594532774,0.7573143674237675,0.27797683113717786,0.24432782457305224,0.20128568939295377,0.046715439019474156,TLT,79.42
2027-04-16,P,61.0,0.5574218370657343,203.45897052899304,0.15000000000000002,79.22733620399681,0.9991814594532774,0.7699362735474969,0.26144752918596725,0.23195856337191045,0.19605881667495464,0.05288493731333949,TLT,79.42
2027-04-16,P,62.0,0.5574218370655758,203.45897052893517,0.16999999999999998,79.22733620399681,0.9991814594532774,0.7825581796712264,0.2451870083141869,0.21958930217076866,0.19018502763923129,0.059184277162566586,TLT,79.42
2027-04-16,P,63.0,0.5574218370654174,203.45897052887733,0.2,79.22733620399681,0.9991814594532774,0.7951800857949559,0.22918666696774576,0.2073463634309206,0.18567237333894687,0.06755313173997539,TLT,79.42
2027-04-16,P,64.0,0.5574218370652588,203.45897052881946,0.22999999999999998,79.22733620399681,0.9991814594532774,0.8078019919186853,0.21343830999960667,0.19510342469107267,0.18031545883224936,0.07600654407516926,TLT,79.42
2027-04-16,P,65.0,0.5574218370651002,203.45897052876157,0.27,79.22733620399681,0.9991814594532774,0.8204238980424148,0.1979341234636414,0.18298680841251858,0.1757438658998698,0.0862869417510811,TLT,79.42
2027-04-16,P,66.0,0.5574218370649416,203.4589705287037,0.32,79.22733620399681,0.9991814594532774,0.8330458041661443,0.18266665133285293,0.17099651459525822,0.1715803645769795,0.09815722088544135,TLT,79.42
2027-04-16,P,67.0,0.5574218370643709,203.45897052849537,0.385,79.22733620399681,0.9991814594532774,0.8456677102898738,0.16762877396831238,0.15919570446993858,0.1681116642060841,0.11205340574834632,TLT,79.42
2027-04-16,P,68.0,0.5574218370641807,203.45897052842597,0.45999999999999996,79.22733620399681,0.9991814594532774,0.8582896164136031,0.15281368818317184,0.1475212168059128,0.16444364207715556,0.1269395779920724,TLT,79.42
2027-04-16,P,69.0,0.5574218370640222,203.4589705283681,0.5549999999999999,79.22733620399681,0.9991814594532774,0.8709115225373326,0.13821488876201912,0.1360993740644746,0.16135122333500626,0.14366568756410475,TLT,79.42
2027-04-16,P,70.0,0.5574218370638635,203.45897052831018,0.665,79.22733620399681,0.9991814594532774,0.8835334286610621,0.12382615130991947,0.12486701501497732,0.15808279073077505,0.16119141994310607,TLT,79.42
2027-04-16,P,71.0,0.557421837063705,203.4589705282523,0.8049999999999999,79.22733620399681,0.9991814594532774,0.8961553347847916,0.10964151631796301,0.11401362334936127,0.15556332921604735,0.18028112824821985,TLT,79.42
2027-04-16,P,72.0,0.5574218370635464,203.45897052819444,0.965,79.22733620399681,0.9991814594532774,0.908777240908521,0.09565527434322321,0.10341287660633325,0.15276270462052155,0.19942717989748826,TLT,79.42
2027-04-16,P,73.0,0.5574218370633879,203.45897052813658,1.15,79.22733620399681,0.9991814594532774,0.9213991470322505,0.08186195221088736,0.09312793601653957,0.14986373734267028,0.2184289141437584,TLT,79.42
2027-04-16,P,74.0,0.5574218370632293,203.4589705280787,1.37,79.22733620399681,0.9991814594532774,0.9340210531559799,0.06825630015510871,0.08328512404127408,0.14724711030991067,0.23703757271090717,TLT,79.42
2027-04-16,P,75.0,0.5574218370630708,203.45897052802084,1.63,79.22733620399681,0.9991814594532774,0.9466429592797094,0.05483327982296799,0.07394760191118421,0.14493201456279428,0.2545063253679168,TLT,79.42
2027-04-16,P,76.0,0.5574218370629122,203.45897052796295,1.93,79.22733620399681,0.9991814594532774,0.9592648654034388,0.04158805307294744,0.0651153696262694,0.14270741662797176,0.2699425378107927,TLT,79.42
2027-04-16,P,77.0,0.557421837062722,203.4589705278935,2.27,79.22733620399681,0.9991814594532774,0.9718867715271683,0.028515971505594637,0.0567884271865301,0.14042073532377503,0.28258433499600016,TLT,79.42
2027-04-16,P,78.0,0.5574218370625634,203.45897052783565,2.6550000000000002,79.22733620399681,0.9991814594532774,0.9845086776508978,0.015612566669686719,0.04902993582261295,0.13817216480326017,0.2917832965691469,TLT,79.42
2027-04-16,P,79.0,0.5574218370624048,203.45897052777775,3.0999999999999996,79.22733620399681,0.9991814594532774,0.9971305837746273,0.0028735408922569332,0.04202937922645866,0.1364916003324118,0.296921508423599,TLT,79.42
2027-04-16,C,80.0,0.5574218370623415,203.45897052775464,2.745,79.22733620399681,0.9991814594532774,1.0097524898983568,-0.009705241314603213,0.03467551562515507,0.1315570814825227,0.2974854305730764,TLT,79.42
2027-04-16,C,81.0,0.5574218370621828,203.45897052769675,2.295,79.22733620399681,0.9991814594532774,1.0223743960220861,-0.022127761313160285,0.028991004866932926,0.13009409733047375,0.29310601496470173,TLT,79.42
2027-04-16,C,82.0,0.5574218370620243,203.45897052763888,1.9049999999999998,79.22733620399681,0.9991814594532774,1.0349963021458155,-0.03439785390497455,0.024064428876473733,0.12906418028052682,0.28398577990507634,TLT,79.42
2027-04-16,C,83.0,0.5574218370618658,203.45897052758102,1.57,79.22733620399681,0.9991814594532774,1.047618208269545,-0.046519214437319496,0.019832626423130585,0.1283495546883247,0.27066458048976544,TLT,79.42
2027-04-16,C,84.0,0.5574218370617072,203.45897052752315,1.29,79.22733620399681,0.9991814594532774,1.0602401143932745,-0.05849540548403511,0.016295597506903476,0.128125847024168,0.25410331825889076,TLT,79.42
2027-04-16,C,85.0,0.5574218370615488,203.4589705274653,1.06,79.22733620399681,0.9991814594532774,1.0728620205170039,-0.07032986313103787,0.013390180897145491,0.1284108843738901,0.23546171657250417,TLT,79.42
2027-04-16,C,86.0,0.5574218370613903,203.45897052740744,0.875,79.22733620399681,0.9991814594532774,1.0854839266407335,-0.08202590289422929,0.011053215363209721,0.12927263544332518,0.21600669447353732,TLT,79.42
2027-04-16,C,87.0,0.5574218370612316,203.45897052734955,0.725,79.22733620399681,0.9991814594532774,1.0981058327644628,-0.09358672529530519,0.00915837844380234,0.13049935931577777,0.1965450745242938,TLT,79.42
2027-04-16,C,88.0,0.5574218370610731,203.45897052729168,0.605,79.22733620399681,0.9991814594532774,1.1107277388881924,-0.10501542111892807,0.007642508908276435,0.13212816514049353,0.17790668600710066,TLT,79.42
2027-04-16,C,89.0,0.5574218370609145,203.45897052723382,0.51,79.22733620399681,0.9991814594532774,1.1233496450119218,-0.11631497637286137,0.006442445525985095,0.1341759595955351,0.16068225560579155,TLT,79.42
2027-04-16,C,90.0,0.557421837060756,203.45897052717592,0.435,79.22733620399681,0.9991814594532774,1.1359715511356512,-0.12748827697098652,0.005495027066281404,0.13661193310281738,0.1451644667601023,TLT,79.42
2027-04-16,C,91.0,0.5574218370605974,203.45897052711805,0.375,79.22733620399681,0.9991814594532774,1.1485934572593808,-0.1385381131575716,0.004737092298518452,0.13932459571352765,0.13131885314246472,TLT,79.42
2027-04-16,C,92.0,0.5574218370604388,203.45897052706016,0.325,79.22733620399681,0.9991814594532774,1.1612153633831102,-0.1494671836897618,0.004105479992049325,0.14208633192891876,0.1187867388874872,TLT,79.42
2027-04-16,C,93.0,0.5574218370602803,203.4589705270023,0.28500000000000003,79.22733620399681,0.9991814594532774,1.1738372695068395,-0.16027809979397736,0.003600190146874024,0.1451021183053752,0.10786118016176942,TLT,79.42
2027-04-16,C,94.0,0.5574218370601217,203.45897052694443,0.25,79.22733620399681,0.9991814594532774,1.1864591756305691,-0.17097338891072544,0.003158061532345635,0.14797492837824822,0.09781572205186917,TLT,79.42
2027-04-16,C,95.0,0.5574218370599949,203.45897052689816,0.22499999999999998,79.22733620399681,0.9991814594532774,1.1990810817542985,-0.18155549824126233,0.002842255379111071,0.15151536183611458,0.0898238616286463,TLT,79.42
2027-04-16,C,96.0,0.5574218370598364,203.4589705268403,0.2,79.22733620399681,0.9991814594532774,1.211702987878028,-0.19202679810855783,0.0025264492258765077,0.15450336452801405,0.08188888564418818,TLT,79.42
2027-04-16,C,97.0,0.5574218370596778,203.45897052678242,0.18,79.22733620399681,0.9991814594532774,1.2243248940017575,-0.20238958514410435,0.0022738043032888566,0.15772852565261186,0.07512797369778913,TLT,79.42
2027-04-16,C,98.0,0.5574218370595193,203.45897052672456,0.175,79.22733620399681,0.9991814594532774,1.2369468001254869,-0.2126460853112934,0.002210643072641944,0.16314131936647683,0.0720320577209663,TLT,79.42
2027-04-16,C,99.0,0.5574218370593608,203.4589705266667,0.15000000000000002,79.22733620399681,0.9991814594532774,1.2495687062492165,-0.22279845677531152,0.001894836919407381,0.1645937995659952,0.06423574701996494,TLT,79.42
2027-04-16,C,100.0,0.5574218370592021,203.45897052660877,0.14,79.22733620399681,0.9991814594532774,1.2621906123729458,-0.2328487926288129,0.0017685144581135554,0.16846673945751214,0.060187342127439834,TLT,79.42
2027-04-16,C,105.0,0.5574218370590436,203.4589705265509,0.1,79.22733620399681,0.9991814594532774,1.3253001429915932,-0.2816389567982449,0.0012632246129382538,0.18616096429647178,0.04390288229293963,TLT,79.42
2027-04-16,C,110.0,0.557421837058885,203.45897052649303,0.07,79.22733620399681,0.9991814594532774,1.3884096736102405,-0.3281589724331378,0.0008842572290567777,0.20065427313393205,0.031776351482794105,TLT,79.42
2027-05-21,P,60.0,0.6533122480172502,238.45897052629633,0.16,79.21985850777692,0.9961586767617504,0.7573858516057546,0.27788244390313366,0.24464163221925972,0.1930196798924968,0.05726819166961556,TLT,79.42
2027-05-21,P,61.0,0.6533122480170916,238.45897052623846,0.19,79.21985850777692,0.9961586767617504,0.770008949132517,0.2613531419519232,0.23239868790968732,0.18938643013980325,0.065684732640947,TLT,79.42
2027-05-21,P,62.0,0.653312248016933,238.45897052618054,0.21000000000000002,79.21985850777692,0.9961586767617504,0.7826320466592797,0.24509262108014285,0.22002902586105144,0.18315132660260058,0.07225112411650324,TLT,79.42
2027-05-21,P,63.0,0.6533122480167745,238.45897052612267,0.25,79.21985850777692,0.9961586767617504,0.7952551441860423,0.2290922797337017,0.20791279929054252,0.1796807678400489,0.08265296521430639,TLT,79.42
2027-05-21,P,64.0,0.6533122480166159,238.4589705260648,0.29000000000000004,79.21985850777692,0.9961586767617504,0.8078782417128049,0.21334392276556247,0.19579657272003337,0.17527158536948836,0.09302374226988937,TLT,79.42
2027-05-21,P,65.0,0.6533122480164574,238.45897052600694,0.33999999999999997,79.21985850777692,0.9961586767617504,0.8205013392395674,0.19783973622959733,0.18380706388858792,0.17131638071383065,0.10500376606800488,TLT,79.42
2027-05-21,P,66.0,0.6533122480162988,238.45897052594907,0.4,79.21985850777692,0.9961586767617504,0.83312443676633,0.18257226409880886,0.1719442727962055,0.16755734711887743,0.11836200947208755,TLT,79.42
2027-05-21,P,67.0,0.6533122480161402,238.45897052589117,0.475,79.21985850777692,0.9961586767617504,0.8457475342930926,0.1675343867342683,0.16027155831241846,0.16428258307343702,0.13349539112245343,TLT,79.42
2027-05-21,P,68.0,0.6533122480159818,238.45897052583334,0.565,79.21985850777692,0.9961586767617504,0.8583706318198552,0.1527193009491276,0.14878892043722636,0.1612043890527095,0.1499948503288093,TLT,79.42
2027-05-21,P,69.0,0.653312248015855,238.45897052578707,0.665,79.21985850777692,0.9961586767617504,0.8709937293466177,0.13812050152797503,0.13743300030109773,0.15773967580901993,0.16701494147520107,TLT,79.42
2027-05-21,P,70.0,0.6533122480156963,238.45897052572914,0.795,79.21985850777692,0.9961586767617504,0.8836168268733803,0.1237317640758754,0.12645723338215908,0.15522136242665657,0.18601519209116069,TLT,79.42
2027-05-21,P,71.0,0.6533122480155378,238.45897052567128,0.94,79.21985850777692,0.9961586767617504,0.8962399244001429,0.10954712908391893,0.1156715430718156,0.1523137610618784,0.20508202932377745,TLT,79.42
2027-05-21,P,72.0,0.6533122480153792,238.4589705256134,1.1099999999999999,79.21985850777692,0.9961586767617504,0.9088630219269054,0.09556088710917914,0.10520264710913074,0.14953352786903118,0.22448321819908312,TLT,79.42
2027-05-21,P,73.0,0.6533122480152207,238.45897052555554,1.31,79.21985850777692,0.9961586767617504,0.921486119453668,0.08176756497684327,0.09511390436363587,0.14696498503505923,0.24381481367005103,TLT,79.42
2027-05-21,P,74.0,0.6533122480150622,238.45897052549768,1.54,79.21985850777692,0.9961586767617504,0.9341092169804306,0.06816191292106462,0.08540531483533131,0.14442087015111993,0.2623560851238929,TLT,79.42
2027-05-21,P,75.0,0.6533122480149035,238.45897052543978,1.81,79.21985850777692,0.9961586767617504,0.9467323145071932,0.0547388925889239,0.07620359626328,0.14221427569509465,0.2796561491909565,TLT,79.42
2027-05-21,P,76.0,0.6533122480147768,238.45897052539354,2.115,79.21985850777692,0.9961586767617504,0.9593554120339557,0.04149366583890335,0.06744538977795089,0.1399493586500337,0.29481343532116616,TLT,79.42
2027-05-21,P,77.0,0.6533122480146183,238.45897052533567,2.465,79.21985850777692,0.9961586767617504,0.9719785095607183,0.028421584271550546,0.05925741311840693,0.1379335711166287,0.30726421082941774,TLT,79.42
2027-05-21,P,78.0,0.6533122480144596,238.45897052527778,2.855,79.21985850777692,0.9961586767617504,0.9846016070874809,0.015518179435642628,0.05157630741511643,0.1358431975667249,0.3163069733716807,TLT,79.42
2027-05-21,P,79.0,0.6533122480143011,238.4589705252199,3.3,79.21985850777692,0.9961586767617504,0.9972247046142435,0.0027791536582128405,0.044592149276674764,0.13419367955877606,0.3214295108724607,TLT,79.42
2027-05-21,C,80.0,0.653312248014206,238.45897052518518,3.025,79.21985850777692,0.9961586767617504,1.009847802141006,-0.009799628548647197,0.03833211606667499,0.13300079929168884,0.32223047459359677,TLT,79.42
2027-05-21,C,81.0,0.6533122480140475,238.45897052512734,2.545,79.21985850777692,0.9961586767617504,1.0224708996677687,-0.022222148547204487,0.032249664591632345,0.13053772418554926,0.31846317283406617,TLT,79.42
2027-05-21,C,82.0,0.6533122480139206,238.45897052508104,2.145,79.21985850777692,0.9961586767617504,1.0350939971945312,-0.034492241139018755,0.02718095502909681,0.12941500763870142,0.3102814139450777,TLT,79.42
2027-05-21,C,83.0,0.6533122480137621,238.45897052502318,1.795,79.21985850777692,0.9961586767617504,1.0477170947212937,-0.04661360167136349,0.022745834161878215,0.12851228202105053,0.29804218566863255,TLT,79.42
2027-05-21,C,84.0,0.6533122480136035,238.45897052496528,1.5,79.21985850777692,0.9961586767617504,1.0603401922480564,-0.05858979271807931,0.01900766085950826,0.12816559054769178,0.2825859275624115,TLT,79.42
2027-05-21,C,85.0,0.6533122480134449,238.4589705249074,1.25,79.21985850777692,0.9961586767617504,1.072963289774819,-0.07042425036508208,0.01583971738292355,0.12812344601328182,0.26470404143983406,TLT,79.42
2027-05-21,C,86.0,0.6533122480132864,238.45897052484952,1.05,79.21985850777692,0.9961586767617504,1.0855863873015814,-0.08212029012827328,0.013305362601655782,0.128873430001757,0.24589676194372603,TLT,79.42
2027-05-21,C,87.0,0.6533122480131278,238.45897052479165,0.88,79.21985850777692,0.9961586767617504,1.0982094848283441,-0.0936811125293494,0.011151161037578178,0.12968864510510542,0.22635118356304018,TLT,79.42
2027-05-21,C,88.0,0.6533122480129693,238.4589705247338,0.745,79.21985850777692,0.9961586767617504,1.1108325823551066,-0.10510980835297208,0.009440471560222435,0.13110011195718765,0.2075055904700407,TLT,79.42
2027-05-21,C,89.0,0.6533122480128107,238.45897052467592,0.635,79.21985850777692,0.9961586767617504,1.1234556798818691,-0.11640936360690537,0.008046576430525164,0.1328257937728773,0.18959480228654446,TLT,79.42
2027-05-21,C,90.0,0.6533122480126204,238.45897052460646,0.545,79.21985850777692,0.9961586767617504,1.1360787774086318,-0.12758266420503073,0.0069061167789546685,0.13479955820220363,0.17289736131139588,TLT,79.42
2027-05-21,C,91.0,0.6533122480124619,238.4589705245486,0.475,79.21985850777692,0.9961586767617504,1.1487018749353943,-0.13863250039161562,0.006019092605510949,0.13729079953338455,0.1581242447241005,TLT,79.42
2027-05-21,C,92.0,0.6533122480123035,238.45897052449078,0.41500000000000004,79.21985850777692,0.9961586767617504,1.161324972462157,-0.149561570923806,0.005258786171130619,0.13975101780946614,0.1444014600922104,TLT,79.42
2027-05-21,C,93.0,0.6533122480121449,238.4589705244329,0.365,79.21985850777692,0.9961586767617504,1.1739480699889195,-0.16037248702802157,0.004625197475813676,0.14232728905040856,0.13199946006162808,TLT,79.42
2027-05-21,C,94.0,0.6533122480119863,238.458970524375,0.325,79.21985850777692,0.9961586767617504,1.186571167515682,-0.17106777614476948,0.004118326519560123,0.14519610167485264,0.12119601207168909,TLT,79.42
2027-05-21,C,95.0,0.6533122480118277,238.45897052431712,0.29000000000000004,79.21985850777692,0.9961586767617504,1.1991942650424448,-0.18164988547530653,0.003674814432838264,0.14799474019872214,0.11127553181174203,TLT,79.42
2027-05-21,C,96.0,0.6533122480116692,238.45897052425926,0.265,79.21985850777692,0.9961586767617504,1.2118173625692072,-0.19212118534260186,0.0033580200851797927,0.151429693900767,0.10336314741396134,TLT,79.42
2027-05-21,C,97.0,0.6533122480115107,238.4589705242014,0.235,79.21985850777692,0.9961586767617504,1.2244404600959697,-0.20248397237814839,0.0029778668679896272,0.15375822722387028,0.0944456762815227,TLT,79.42
2027-05-21,C,98.0,0.6533122480113521,238.45897052414352,0.21500000000000002,79.21985850777692,0.9961586767617504,1.2370635576227325,-0.2127404725453376,0.002724431389862851,0.15694864713240245,0.08772147801382177,TLT,79.42
2027-05-21,C,99.0,0.6533122480111936,238.45897052408566,0.195,79.21985850777692,0.9961586767617504,1.249686655149495,-0.22289284400935552,0.002470995911736074,0.15973978817188192,0.08106326455265447,TLT,79.42
2027-05-21,C,100.0,0.6533122480110349,238.45897052402776,0.18,79.21985850777692,0.9961586767617504,1.2623097526762574,-0.2329431798628569,0.0022809193031409912,0.16294359350885723,0.07565122688818987,TLT,79.42
2027-05-21,C,101.0,0.6533122480108764,238.4589705239699,0.16999999999999998,79.21985850777692,0.9961586767617504,1.2749328502030202,-0.2428935107160251,0.0021542015640776025,0.16670984461306534,0.0715573069137807,TLT,79.42
2027-05-21,C,102.0,0.6533122480107179,238.45897052391203,0.15500000000000003,79.21985850777692,0.9961586767617504,1.2875559477297827,-0.25274580715903666,0.0019641249554825206,0.16930111996510733,0.06630857698551011,TLT,79.42
2027-05-21,C,103.0,0.6533122480105594,238.4589705238542,0.14500000000000002,79.21985850777692,0.9961586767617504,1.3001790452565454,-0.26250198210440145,0.001837407216419132,0.1725462119244679,0.06239217646475295,TLT,79.42
2027-05-21,C,104.0,0.6533122480104009,238.45897052379632,0.135,79.21985850777692,0.9961586767617504,1.3128021427833079,-0.2721638930161383,0.0017106894773557435,0.17554292630487234,0.05854799116374151,TLT,79.42
2027-05-21,C,105.0,0.6533122480102422,238.45897052373843,0.125,79.21985850777692,0.9961586767617504,1.3254252403100704,-0.28173334403228895,0.001583971738292355,0.1782791185518344,0.05475977569975246,TLT,79.42
2027-05-21,C,110.0,0.6533122480100837,238.45897052368056,0.09,79.21985850777692,0.9961586767617504,1.3885407279438833,-0.32825335966718183,0.0011404596515704956,0.192221980397904,0.04065997174297872,TLT,79.42
2027-06-17,P,60.0,0.727284850748795,265.4589705233102,0.19,79.44920170736447,1.0024684210526322,0.7551995326648872,0.2807732829740154,0.24718604391443388,0.19023114626504403,0.06590800056642171,TLT,79.42
2027-06-17,P,65.0,0.7272848507486365,265.45897052325233,0.395,79.44920170736447,1.0024684210526322,0.8181328270536278,0.20073057530047894,0.18682666109811874,0.16995270414630217,0.11763279467899938,TLT,79.42
2027-06-17,P,70.0,0.7272848507484779,265.45897052319447,0.895,79.44920170736447,1.0024684210526322,0.8810661214423684,0.12662260314675705,0.13017119981285463,0.15529638611756852,0.201752726086524,TLT,79.42
2027-06-17,P,75.0,0.7272848507482876,265.458970523125,1.955,79.44920170736447,1.0024684210526322,0.9439994158311089,0.05762973165980568,0.08054691160348426,0.14338535619173026,0.29526004814678547,TLT,79.42
2027-06-17,C,80.0,0.7272848507482244,265.45897052310187,3.1500000000000004,79.44920170736447,1.0024684210526322,1.0069327102198495,-0.006908789477765519,0.03955034855190212,0.12580033793718762,0.34020227775407524,TLT,79.42
2027-06-17,C,85.0,0.7272848507480657,265.458970523044,1.385,79.44920170736447,1.0024684210526322,1.0698660046085902,-0.06753341129420039,0.01738959769662998,0.12429668915462914,0.2868653313511808,TLT,79.42
2027-06-17,C,90.0,0.7272848507479072,265.45897052298614,0.635,79.44920170736447,1.0024684210526322,1.1327992989973308,-0.12469182513414902,0.007972848041415188,0.13140446407263326,0.19467486993907931,TLT,79.42
2027-06-17,C,95.0,0.7272848507477486,265.45897052292827,0.33999999999999997,79.44920170736447,1.0024684210526322,1.1957325933860714,-0.1787590464044248,0.004268926510364038,0.14340551456502562,0.12759558059250725,TLT,79.42
2027-06-17,C,100.0,0.7272848507475901,265.4589705228704,0.225,79.44920170736447,1.0024684210526322,1.258665887774812,-0.23005234079197537,0.002825024896564437,0.15927188341014015,0.0907416450362489,TLT,79.42
2027-06-17,C,105.0,0.7272848507474632,265.4589705228241,0.155,79.44920170736447,1.0024684210526322,1.3215991821635524,-0.2788425049614072,0.0019461282620777231,0.1733955872215718,0.06591632512608123,TLT,79.42
2027-06-17,C,110.0,0.7272848507473046,265.4589705227662,0.12,79.44920170736447,1.0024684210526322,1.384532476552293,-0.3253625205963001,0.0015066799448343663,0.18859165680853784,0.05156333398570171,TLT,79.42
2027-06-30,P,65.0,0.7629012891024227,278.4589705223843,0.425,79.23555398231082,0.9943447797803143,0.8203388091980921,0.19803784211110145,0.18505545027962556,0.1677176081435909,0.12621969733632218,TLT,79.42
2027-06-30,P,70.0,0.7629012891022958,278.45897052233795,0.9299999999999999,79.23555398231082,0.9943447797803143,0.8834417945210222,0.12392986995737962,0.12836211445374812,0.15217879871140258,0.21159506767465738,TLT,79.42
2027-06-30,P,72.0,0.7629012891021373,278.4589705222801,1.27,79.23555398231082,0.9943447797803143,0.9086829886501943,0.09575899299068334,0.1074363279067504,0.14687254067863273,0.2508782590000866,TLT,79.42
2027-06-30,P,73.0,0.7629012891019786,278.4589705222222,1.48,79.23555398231082,0.9943447797803143,0.9213035857147803,0.08196567085834748,0.09748112964291888,0.14437045863788234,0.2702309609870944,TLT,79.42
2027-06-30,P,74.0,0.7629012891018201,278.45897052216435,1.725,79.23555398231082,0.9943447797803143,0.9339241827793664,0.06836001880256881,0.08797016451254647,0.1421579450522926,0.2888315169850322,TLT,79.42
2027-06-30,P,75.0,0.7629012891016616,278.4589705221065,2.005,79.23555398231082,0.9943447797803143,0.9465447798439524,0.054936998470428204,0.07890343251563348,0.14007676422650828,0.305929527605459,TLT,79.42
2027-06-30,P,76.0,0.762901289101503,278.4589705220486,2.315,79.23555398231082,0.9943447797803143,0.9591653769085384,0.04169177172040753,0.07021747177597093,0.1378113595089246,0.3208144276749835,TLT,79.42
2027-06-30,P,77.0,0.7629012891013446,278.45897052199075,2.665,79.23555398231082,0.9943447797803143,0.9717859739731245,0.028619690153054718,0.06203920604597579,0.13567440435164912,0.333044115942534,TLT,79.42
2027-06-30,P,78.0,0.762901289101186,278.4589705219329,3.05,79.23555398231082,0.9943447797803143,0.9844065710377105,0.015716285317146906,0.05430517344944008,0.13338573399320466,0.342013376814055,TLT,79.42
2027-06-30,P,79.0,0.7629012891010274,278.458970521875,3.5,79.23555398231082,0.9943447797803143,0.9970271681022965,0.00297725953971711,0.04739614524361391,0.1319782199589215,0.34724140321928826,TLT,79.42
2027-06-30,C,80.0,0.7629012891009322,278.4589705218403,3.25,79.23555398231082,0.9943447797803143,1.0096477651668825,-0.009601522667142936,0.041250219535488165,0.13120221499127688,0.34833082660616854,TLT,79.42
2027-06-30,C,81.0,0.7629012891007737,278.4589705217824,2.8099999999999996,79.23555398231082,0.9943447797803143,1.0222683622314686,-0.022024042665700128,0.03566557442914515,0.1304739371640123,0.3452323212681509,TLT,79.42
2027-06-30,C,82.0,0.7629012891006152,278.45897052172455,2.4000000000000004,79.23555398231082,0.9943447797803143,1.0348889592960546,-0.03429413525751451,0.030461700580052806,0.12928758528255457,0.3379652314511444,TLT,79.42
2027-06-30,C,83.0,0.7629012891004566,278.4589705216667,2.035,79.23555398231082,0.9943447797803143,1.0475095563606407,-0.04641549578985936,0.02582898361683644,0.12822465893704235,0.3267726767536113,TLT,79.42
2027-06-30,C,84.0,0.7629012891002981,278.4589705216088,1.725,79.23555398231082,0.9943447797803143,1.0601301534252268,-0.058391686836575085,0.021894347291912954,0.12775867645992528,0.31238506523496845,TLT,79.42
2027-06-30,C,85.0,0.7629012891001395,278.45897052155095,1.4649999999999999,79.23555398231082,0.9943447797803143,1.0727507504898128,-0.07022614448357796,0.018594329729073895,0.1278546017319635,0.29569554340860216,TLT,79.42
2027-06-30,C,86.0,0.762901289099981,278.4589705214931,1.245,79.23555398231082,0.9943447797803143,1.0853713475543987,-0.08192218424676907,0.015802007175902393,0.12828095949142598,0.27744056156192437,TLT,79.42
2027-06-30,C,87.0,0.7629012890998225,278.4589705214352,1.06,79.23555398231082,0.9943447797803143,1.0979919446189847,-0.09348300664784509,0.013453917756189988,0.1290064938082201,0.2584005628728461,TLT,79.42
2027-06-30,C,88.0,0.7629012890996639,278.45897052137735,0.915,79.23555398231082,0.9943447797803143,1.1106125416835708,-0.10491170247146787,0.01161352334614513,0.13052349283072642,0.24006599982619808,TLT,79.42
2027-06-30,C,89.0,0.7629012890995053,278.45897052131943,0.79,79.23555398231082,0.9943447797803143,1.123233138748157,-0.11621125772540128,0.010026976440934048,0.13204652134530215,0.22192066939836957,TLT,79.42
2027-06-30,C,90.0,0.7629012890993467,278.45897052126156,0.69,79.23555398231082,0.9943447797803143,1.135853735812743,-0.12738455832352655,0.00875773891676518,0.1340459772871803,0.20512312181413359,TLT,79.42
2027-06-30,C,91.0,0.76290128909922,278.4589705212153,0.605,79.23555398231082,0.9943447797803143,1.1484743328773288,-0.13843439451011136,0.007678887021221643,0.13612667782069418,0.189265539487158,TLT,79.42
2027-06-30,C,92.0,0.7629012890990613,278.45897052115737,0.535,79.23555398231082,0.9943447797803143,1.1610949299419149,-0.14936346504230166,0.0067904207543034376,0.13844983888379572,0.17478668945354356,TLT,79.42
2027-06-30,C,93.0,0.7629012890989029,278.45897052109956,0.475,79.23555398231082,0.9943447797803143,1.173715527006501,-0.1601743811465173,0.006028878239802116,0.14081357918714713,0.1613690836047604,TLT,79.42
2027-06-30,C,94.0,0.7629012890987127,278.45897052103015,0.425,79.23555398231082,0.9943447797803143,1.186336124071087,-0.1708696702632653,0.005394259477717683,0.14334469131444424,0.14926515222716494,TLT,79.42
2027-06-30,C,95.0,0.762901289098554,278.45897052097223,0.38,79.23555398231082,0.9943447797803143,1.198956721135673,-0.18145177959380226,0.004823102591841694,0.14573094311856213,0.137846564649578,TLT,79.42
2027-06-30,C,96.0,0.7629012890983639,278.4589705209028,0.345,79.23555398231082,0.9943447797803143,1.2115773182002592,-0.1919230794610977,0.00437886945838259,0.14852860822361633,0.12813220861808033,TLT,79.42
2027-06-30,C,97.0,0.7629012890982053,278.45897052084496,0.315,79.23555398231082,0.9943447797803143,1.224197915264845,-0.20228586649664415,0.00399809820113193,0.15138761746668378,0.11937652306132446,TLT,79.42
2027-06-30,C,98.0,0.7629012890980467,278.45897052078703,0.28500000000000003,79.23555398231082,0.9943447797803143,1.236818512329431,-0.21254236666383328,0.0036173269438812706,0.15382221877835214,0.11063517926417384,TLT,79.42
2027-06-30,C,99.0,0.7629012890978881,278.45897052072917,0.265,79.23555398231082,0.9943447797803143,1.2494391093940171,-0.22269473812785132,0.003363479439047497,0.15703098760047637,0.1040000878484774,TLT,79.42
2027-06-30,C,100.0,0.7629012890977296,278.4589705206713,0.245,79.23555398231082,0.9943447797803143,1.2620597064586032,-0.23274507398135277,0.0031096319342137236,0.15993123477943008,0.09745743061309242,TLT,79.42
2027-06-30,C,101.0,0.762901289097571,278.45897052061343,0.22499999999999998,79.23555398231082,0.9943447797803143,1.2746803035231893,-0.2426954048345209,0.0028557844293799497,0.16250771898520766,0.09097369217909614,TLT,79.42
2027-06-30,C,102.0,0.7629012890974125,278.45897052055557,0.21000000000000002,79.23555398231082,0.9943447797803143,1.2873009005877754,-0.25254770127753257,0.0026653988007546204,0.1654849979116108,0.08569167033510233,TLT,79.42
2027-06-30,C,103.0,0.762901289097254,278.4589705204977,0.195,79.23555398231082,0.9943447797803143,1.2999214976523612,-0.2623038762228971,0.0024750131721292903,0.16819829414287932,0.08048190983234264,TLT,79.42
2027-06-30,C,104.0,0.7629012890970953,278.4589705204398,0.185,79.23555398231082,0.9943447797803143,1.3125420947169473,-0.27196578713463404,0.0023480894197124035,0.17146986082957705,0.07654916576652379,TLT,79.42
2027-06-30,C,105.0,0.7629012890969368,278.4589705203819,0.16999999999999998,79.23555398231082,0.9943447797803143,1.3251626917815333,-0.28153523815078474,0.0021577037910870734,0.17367053433807875,0.07145519463727483,TLT,79.42
2027-06-30,C,106.0,0.7629012890967782,278.45897052032404,0.16499999999999998,79.23555398231082,0.9943447797803143,1.3377832888461194,-0.2910139821053286,0.00209424191487863,0.17743726590834366,0.06892777743512712,TLT,79.42
2027-06-30,C,110.0,0.7629012890966198,278.45897052026623,0.13,79.23555398231082,0.9943447797803143,1.3882656771044635,-0.32805525378567757,0.0016500087814195269,0.188035590258167,0.055661293028373186,TLT,79.42
2027-07-16,P,65.0,0.806736905534754,294.4589705201852,0.445,79.28886886625189,0.9895913232963549,0.8197872025346331,0.19871048150625845,0.18588421876579342,0.1656388993939223,0.1325998917265267,TLT,79.42
2027-07-16,P,70.0,0.8067369055345954,294.4589705201273,0.99,79.28886886625189,0.9895913232963549,0.8828477565757586,0.12460250935253668,0.1297695627218194,0.1522204022321115,0.22174217616204725,TLT,79.42
2027-07-16,P,72.0,0.8067369055344368,294.45897052006944,1.345,79.28886886625189,0.9895913232963549,0.908071978192209,0.09643163238584027,0.10906973337874304,0.14735397614344387,0.2612820337574356,TLT,79.42
2027-07-16,P,73.0,0.8067369055342782,294.4589705200116,1.555,79.28886886625189,0.9895913232963549,0.9206840890004341,0.08263831025350446,0.09913402363364054,0.14472022619323308,0.2803160774031901,TLT,79.42
2027-07-16,P,74.0,0.8067369055341197,294.4589705199537,1.8,79.28886886625189,0.9895913232963549,0.9332961998086592,0.06903265819772586,0.08964438073239178,0.14241845325987487,0.298645813684883,TLT,79.42
2027-07-16,P,75.0,0.8067369055339612,294.45897051989584,2.09,79.28886886625189,0.9895913232963549,0.9459083106168843,0.05560963786558519,0.0807282523446694,0.1406976482766435,0.31570775345371427,TLT,79.42
2027-07-16,P,76.0,0.8067369055338026,294.458970519838,2.3899999999999997,79.28886886625189,0.9895913232963549,0.9585204214251094,0.04236441111556457,0.07193957162661946,0.13803735693673566,0.330285192104032,TLT,79.42
2027-07-16,P,77.0,0.8067369055336442,294.4589705197801,2.76,79.28886886625189,0.9895913232963549,0.9711325322333346,0.0292923295482117,0.06404302459627687,0.13669715120454276,0.3425603729294094,TLT,79.42
2027-07-16,P,78.0,0.8067369055334855,294.45897051972224,3.15,79.28886886625189,0.9895913232963549,0.9837446430415597,0.01638892471230383,0.05640137290527947,0.13467483684040493,0.35150926096329055,TLT,79.42
2027-07-16,P,79.0,0.806736905533327,294.4589705196644,3.575,79.28886886625189,0.9895913232963549,0.9963567538497848,0.0036498989348740895,0.0492057880581358,0.1324955545186115,0.3568702756076311,TLT,79.42
2027-07-16,C,80.0,0.8067369055332635,294.4589705196412,3.325,79.28886886625189,0.9895913232963549,1.00896886465801,-0.008928883271986012,0.04237635016610801,0.12988783444867952,0.3582647424606613,TLT,79.42
2027-07-16,C,81.0,0.806736905533105,294.4589705195833,2.87,79.28886886625189,0.9895913232963549,1.021580975466235,-0.02135140327054315,0.036577481196009023,0.12866748339208978,0.3554474031312681,TLT,79.42
2027-07-16,C,82.0,0.8067369055329465,294.4589705195255,2.46,79.28886886625189,0.9895913232963549,1.0341930862744602,-0.03362149586235748,0.031352126739436305,0.12756247896204786,0.34847011379683185,TLT,79.42
2027-07-16,C,83.0,0.806736905532788,294.45897051946764,2.0949999999999998,79.28886886625189,0.9895913232963549,1.0468051970826853,-0.045742856394702276,0.026700286796389857,0.12660784149245033,0.33757580878617854,TLT,79.42
2027-07-16,C,84.0,0.8067369055326294,294.4589705194098,1.7850000000000001,79.28886886625189,0.9895913232963549,1.0594173078909104,-0.05771904744141795,0.022749409036542198,0.12626457520155465,0.32349276055202225,TLT,79.42
2027-07-16,C,85.0,0.8067369055324708,294.45897051935185,1.52,79.28886886625189,0.9895913232963549,1.0720294186991355,-0.06955350508842077,0.019372045790220806,0.12628988877822273,0.3069283985973893,TLT,79.42
2027-07-16,C,86.0,0.8067369055323123,294.458970519294,1.29,79.28886886625189,0.9895913232963549,1.0846415295073606,-0.08124954485161204,0.016440749387753185,0.126419601948741,0.2884277021622696,TLT,79.42
2027-07-16,C,87.0,0.8067369055321537,294.4589705192361,1.15,79.28886886625189,0.9895913232963549,1.0972536403155857,-0.09281036725268801,0.014656482012338108,0.1293950398055806,0.27240714217385087,TLT,79.42
2027-07-16,C,88.0,0.8067369055319952,294.45897051917825,0.9550000000000001,79.28886886625189,0.9895913232963549,1.109865751123811,-0.10423906307631095,0.012171252453724257,0.12866930833163573,0.25091586951211664,TLT,79.42
2027-07-16,C,89.0,0.8067369055318366,294.4589705191204,0.8300000000000001,79.28886886625189,0.9895913232963549,1.1224778619320361,-0.1155386183302443,0.01057815658281794,0.1303226639755434,0.23284102828832545,TLT,79.42
2027-07-16,C,90.0,0.8067369055317098,294.4589705190741,0.73,79.28886886625189,0.9895913232963549,1.1350899727402612,-0.12671191892836953,0.009303679886092887,0.1324518283286653,0.21611214773954135,TLT,79.42
2027-07-16,C,91.0,0.8067369055315513,294.45897051901625,0.6399999999999999,79.28886886625189,0.9895913232963549,1.1477020835484864,-0.13776175511495448,0.008156650859040337,0.13435856165953133,0.19972130018301723,TLT,79.42
2027-07-16,C,92.0,0.8067369055313928,294.4589705189584,0.575,79.28886886625189,0.9895913232963549,1.1603141943567115,-0.14869082564714473,0.007328241006169054,0.13715047483385268,0.1859385507562038,TLT,79.42
2027-07-16,C,93.0,0.8067369055312341,294.45897051890046,0.505,79.28886886625189,0.9895913232963549,1.1729263051649366,-0.15950174175136034,0.0064361073184615175,0.13893775380617115,0.17112911571271366,TLT,79.42
2027-07-16,C,94.0,0.8067369055310756,294.4589705188426,0.455,79.28886886625189,0.9895913232963549,1.1855384159731617,-0.17019703086810828,0.005798868970098991,0.14158398267230568,0.15900180402194541,TLT,79.42
2027-07-16,C,95.0,0.806736905530917,294.4589705187847,0.405,79.28886886625189,0.9895913232963549,1.1981505267813868,-0.18077914019864522,0.005161630621736465,0.14367318374005378,0.14671438466837122,TLT,79.42
2027-07-16,C,96.0,0.8067369055307267,294.45897051871526,0.375,79.28886886625189,0.9895913232963549,1.210762637589612,-0.1912504400659406,0.004779287612718949,0.14702571735248504,0.13785066904426338,TLT,79.42
2027-07-16,C,100.0,0.8067369055305682,294.4589705186574,0.27,79.28886886625189,0.9895913232963549,1.2612110808225123,-0.23207243458619567,0.0034410870811576433,0.15838643878857497,0.10609545392778062,TLT,79.42
2027-07-16,C,105.0,0.8067369055304414,294.4589705186111,0.19,79.28886886625189,0.9895913232963549,1.324271634863638,-0.2808625987556278,0.002421505723777601,0.17202536963955148,0.07878854611334057,TLT,79.42
2027-07-16,C,110.0,0.8067369055302828,294.4589705185532,0.17,79.28886886625189,0.9895913232963549,1.3873321889047636,-0.3273826143905206,0.00216661038443259,0.19081016734955308,0.06782613336633779,TLT,79.42
2027-08-20,P,65.0,0.9026273164886479,329.45897051835647,0.525,79.23661999584273,0.9936364485981313,0.8203277727319808,0.1980512957478526,0.18634038474912595,0.16302793382852487,0.15111784643705936,TLT,79.42
2027-08-20,P,70.0,0.9026273164884894,329.4589705182986,1.1,79.23661999584273,0.9936364485981313,0.8834299090959793,0.12394332359413071,0.13054146848348214,0.1490848337957757,0.2423186962300869,TLT,79.42
2027-08-20,P,71.0,0.9026273164883308,329.45897051824073,1.275,79.23661999584273,0.9936364485981313,0.8960503363687791,0.10975868860217419,0.12014376037105134,0.14672215535461935,0.2625116713511998,TLT,79.42
2027-08-20,P,72.0,0.9026273164881722,329.45897051818287,1.45,79.23661999584273,0.9936364485981313,0.9086707636415787,0.09577244662743435,0.10974605225862044,0.14332382662089121,0.28147495983814336,TLT,79.42
2027-08-20,P,73.0,0.9026273164880136,329.458970518125,1.65,79.23661999584273,0.9936364485981313,0.9212911909143784,0.08197912449509859,0.09966587545481387,0.14004885940116762,0.3002411179538741,TLT,79.42
2027-08-20,P,74.0,0.9026273164878551,329.45897051806713,1.925,79.23661999584273,0.9936364485981313,0.9339116181871782,0.06837347243931989,0.09053829257687951,0.13876930813946103,0.31949988532446055,TLT,79.42
2027-08-20,P,75.0,0.9026273164876966,329.45897051800927,2.235,79.23661999584273,0.9936364485981313,0.9465320454599778,0.05495045210717925,0.08185525353101897,0.13756965613730196,0.3368381206751161,TLT,79.42
2027-08-20,P,76.0,0.9026273164875381,329.4589705179514,2.555,79.23661999584273,0.9936364485981313,0.9591524727327776,0.04170522535715854,0.07329922700860791,0.13547255607533865,0.351487097923238,TLT,79.42
2027-08-20,P,77.0,0.9026273164873796,329.45897051789353,2.9000000000000004,79.23661999584273,0.9936364485981313,0.9717729000055773,0.02863314378980581,0.0650607317948213,0.13303819819121088,0.3634424702382674,TLT,79.42
2027-08-20,P,78.0,0.9026273164872209,329.45897051783567,3.325,79.23661999584273,0.9936364485981313,0.9843933272783769,0.015729738953897968,0.057838336768631704,0.13210162023290578,0.37237678680937475,TLT,79.42
2027-08-20,P,79.0,0.9026273164870942,329.45897051778934,3.75,79.23661999584273,0.9936364485981313,0.9970137545511767,0.002990713176468142,0.050615941742441994,0.12984217169054235,0.37762534971413403,TLT,79.42
2027-08-20,C,80.0,0.9026273164869989,329.4589705177546,3.525,79.23661999584273,0.9936364485981313,1.0096341818239765,-0.009588069030392042,0.04477191451600161,0.1298982269306679,0.37897347407458376,TLT,79.42
2027-08-20,C,81.0,0.9026273164868405,329.4589705176968,3.095,79.23661999584273,0.9936364485981313,1.0222546090967761,-0.022010589028949153,0.03931037600766667,0.12962996271922733,0.37643032837616214,TLT,79.42
2027-08-20,C,82.0,0.9026273164866819,329.45897051763893,2.6550000000000002,79.23661999584273,0.9936364485981313,1.0348750363695758,-0.034280681620763455,0.03372182497588207,0.12768764392694495,0.3698021454444162,TLT,79.42
2027-08-20,C,83.0,0.9026273164865234,329.45897051758106,2.2800000000000002,79.23661999584273,0.9936364485981313,1.0474954636423754,-0.046402042153108225,0.028958855346520193,0.1266247437682028,0.35945847827678595,TLT,79.42
2027-08-20,C,84.0,0.9026273164863649,329.4589705175232,1.96,79.23661999584273,0.9936364485981313,1.060115890915175,-0.05837823319982388,0.02489445459613139,0.12618947957430882,0.34599772264811246,TLT,79.42
2027-08-20,C,85.0,0.9026273164862062,329.4589705174653,1.685,79.23661999584273,0.9936364485981313,1.072736318187975,-0.07021269084682688,0.02140161020126602,0.12614341440129795,0.33006403490575387,TLT,79.42
2027-08-20,C,86.0,0.9026273164860477,329.4589705174074,1.425,79.23661999584273,0.9936364485981313,1.0853567454607747,-0.08190873061001812,0.01809928459157512,0.1254164908978265,0.31122042767343683,TLT,79.42
2027-08-20,C,87.0,0.9026273164858891,329.45897051734954,1.25,79.23661999584273,0.9936364485981313,1.0979771727335743,-0.09346955301109407,0.015876565431206247,0.12701688311505976,0.29369378566808674,TLT,79.42
2027-08-20,C,88.0,0.9026273164857306,329.4589705172917,1.095,79.23661999584273,0.9936364485981313,1.110597600006374,-0.10489824883471678,0.01390787131773667,0.12852934286959175,0.27567074050103707,TLT,79.42
2027-08-20,C,89.0,0.9026273164855403,329.4589705172222,0.9550000000000001,79.23661999584273,0.9936364485981313,1.1232180272791736,-0.11619780408865012,0.012129695989441571,0.12981554402533702,0.2572309824001555,TLT,79.42
2027-08-20,C,90.0,0.9026273164853501,329.4589705171528,0.835,79.23661999584273,0.9936364485981313,1.1358384545519733,-0.1273711046867753,0.01060554570804577,0.13121397886153438,0.23921669812679786,TLT,79.42
2027-08-20,C,91.0,0.9026273164851916,329.45897051709494,0.76,79.23661999584273,0.9936364485981313,1.1484588818247732,-0.13842094087336043,0.009652951782173397,0.13429337444056472,0.22503518582088097,TLT,79.42
2027-08-20,C,92.0,0.9026273164850329,329.458970517037,0.6699999999999999,79.23661999584273,0.9936364485981313,1.1610793090975728,-0.14935001140555065,0.008509839071126546,0.13589017846879972,0.2087375993100668,TLT,79.42
2027-08-20,C,93.0,0.9026273164848744,329.45897051697915,0.6000000000000001,79.23661999584273,0.9936364485981313,1.1736997363703725,-0.16016092750976627,0.0076207514069789985,0.13804854850755138,0.19439953200646443,TLT,79.42
2027-08-20,C,94.0,0.9026273164847158,329.4589705169213,0.54,79.23661999584273,0.9936364485981313,1.1863201636431722,-0.17085621662651418,0.006858676266281098,0.1402963364545553,0.18113779016198708,TLT,79.42
2027-08-20,C,95.0,0.9026273164845574,329.4589705168635,0.505,79.23661999584273,0.9936364485981313,1.1989405909159718,-0.1814383259570511,0.006414132434207323,0.14385917913588403,0.17154387815019678,TLT,79.42
2027-08-20,C,100.0,0.9026273164843989,329.4589705168056,0.325,79.23661999584273,0.9936364485981313,1.2620427272799704,-0.23273162034460163,0.004127907012113624,0.15589467752095792,0.12355231842777224,TLT,79.42
2027-08-20,C,105.0,0.9026273164842402,329.4589705167477,0.24,79.23661999584273,0.9936364485981313,1.3251448636439689,-0.28152178451403365,0.003048300562791599,0.1699638726919188,0.09513956980134228,TLT,79.42
2027-08-20,C,110.0,0.9026273164840817,329.4589705166898,0.185,79.23661999584273,0.9936364485981313,1.3882470000079674,-0.3280418001489265,0.0023497316838185242,0.18317550301750307,0.0752824987302568,TLT,79.42
2027-09-17,P,65.0,0.9793396452506341,357.45897051648143,0.585,79.38559482873004,0.9926808650065522,0.8187883474354994,0.19992965656703085,0.18863508076453017,0.16234358815502334,0.1641641010763751,TLT,79.42
2027-09-17,P,69.0,0.9793396452504756,357.45897051642356,1.0350000000000001,79.38559482873004,0.9926808650065522,0.8691753226622995,0.14021042186540852,0.14395843492236848,0.15150601884859985,0.23703444083836783,TLT,79.42
2027-09-17,P,70.0,0.9793396452503171,357.45897051636575,1.19,79.38559482873004,0.9926808650065522,0.8817720664689994,0.12582168441330896,0.13332858234815492,0.14895577942351995,0.2568451425630269,TLT,79.42
2027-09-17,P,71.0,0.9793396452501586,357.4589705163079,1.37,79.38559482873004,0.9926808650065522,0.8943688102756995,0.11163704942135244,0.1230159702953102,0.14664903051702494,0.27701210177542424,TLT,79.42
2027-09-17,P,72.0,0.9793396452500317,357.45897051626156,1.5750000000000002,79.38559482873004,0.9926808650065522,0.9069655540823994,0.0976508074466126,0.1130205987638343,0.14445361285671238,0.2969873285022869,TLT,79.42
2027-09-17,P,73.0,0.9793396452498732,357.4589705162037,1.8050000000000002,79.38559482873004,0.9926808650065522,0.9195622978890994,0.08385748531427684,0.10334246775372735,0.14226853378768684,0.31626886056490716,TLT,79.42
2027-09-17,P,74.0,0.9793396452497146,357.4589705161458,2.065,79.38559482873004,0.9926808650065522,0.9321590416957994,0.07025183325849813,0.09404502536926262,0.1402047575535297,0.3345091400357333,TLT,79.42
2027-09-17,P,75.0,0.9793396452495561,357.45897051608796,2.3600000000000003,79.38559482873004,0.9926808650065522,0.9447557855024994,0.05682881292635749,0.0851917197147144,0.13835213150428108,0.35124404576074997,TLT,79.42
2027-09-17,P,76.0,0.9793396452493974,357.45897051603004,2.6900000000000004,79.38559482873004,0.9926808650065522,0.9573525293091995,0.04358358617633678,0.07678255079008223,0.13661762187697352,0.3658932863493411,TLT,79.42
2027-09-17,P,77.0,0.9793396452492072,357.45897051596063,3.05,79.38559482873004,0.9926808650065522,0.9699492731158994,0.030511504608984052,0.06875407049109294,0.13476344586403013,0.37793733496729737,TLT,79.42
2027-09-17,P,78.0,0.9793396452490487,357.45897051590276,3.45,79.38559482873004,0.9926808650065522,0.9825460169225994,0.017608099773076206,0.06123317502629366,0.13307636510090018,0.3870167536328422,TLT,79.42
2027-09-17,P,79.0,0.9793396452488901,357.4589705158449,3.875,79.38559482873004,0.9926808650065522,0.9951427607292994,0.004869073995646379,0.05402952008286299,0.1310192286437409,0.3927358659663824,TLT,79.42
2027-09-17,C,80.0,0.9793396452488268,357.45897051582176,3.6500000000000004,79.38559482873004,0.9926808650065522,1.0077395045359994,-0.007709708211213698,0.04631711611984331,0.12647292230634727,0.39479943714305443,TLT,79.42
2027-09-17,C,81.0,0.9793396452486681,357.45897051576384,3.2,79.38559482873004,0.9926808650065522,1.0203362483426994,-0.020132228209770918,0.04060678673520509,0.12575723854870033,0.39284850037794183,TLT,79.42
2027-09-17,C,82.0,0.9793396452485096,357.45897051570597,2.79,79.38559482873004,0.9926808650065522,1.0329329921493993,-0.032402320801585116,0.035404042184756936,0.125083427630162,0.38699200690845065,TLT,79.42
2027-09-17,C,83.0,0.979339645248351,357.4589705156481,2.42,79.38559482873004,0.9926808650065522,1.0455297359560993,-0.04452368133393,0.030708882468498847,0.12448312213919839,0.37744712174847556,TLT,79.42
2027-09-17,C,84.0,0.9793396452481925,357.45897051559024,2.09,79.38559482873004,0.9926808650065522,1.0581264797627994,-0.05649987238064575,0.02652130758643082,0.12400636245410988,0.36458546480581977,TLT,79.42
2027-09-17,C,85.0,0.9793396452480341,357.4589705155324,1.8,79.38559482873004,0.9926808650065522,1.0707232235694994,-0.06833433002764866,0.022841317538552862,0.1237267115913883,0.34895257657013645,TLT,79.42
2027-09-17,C,86.0,0.9793396452478755,357.45897051547456,1.56,79.38559482873004,0.9926808650065522,1.0833199673761993,-0.08003036979083979,0.01979580853341248,0.12413113798062504,0.33171892237005485,TLT,79.42
2027-09-17,C,87.0,0.9793396452477169,357.45897051541664,1.355,79.38559482873004,0.9926808650065522,1.0959167111828994,-0.09159119219191585,0.017194436258188405,0.12482289473215143,0.3133681577257837,TLT,79.42
2027-09-17,C,88.0,0.9793396452475583,357.45897051535877,1.185,79.38559482873004,0.9926808650065522,1.1085134549895994,-0.10301988801553866,0.015037200712880634,0.12596330021456142,0.29484385257596435,TLT,79.42
2027-09-17,C,89.0,0.9793396452474314,357.4589705153125,1.045,79.38559482873004,0.9926808650065522,1.1211101987962993,-0.11431944326947188,0.01326065379321541,0.1275256732193755,0.27679191960715654,TLT,79.42
2027-09-17,C,90.0,0.9793396452472729,357.45897051525463,0.925,79.38559482873004,0.9926808650065522,1.1337069426029993,-0.12549274386759718,0.011737899290645221,0.12922055909122684,0.2591908531738957,TLT,79.42
2027-09-17,C,91.0,0.9793396452471144,357.45897051519677,0.8300000000000001,79.38559482873004,0.9926808650065522,1.1463036864096994,-0.1365425800541822,0.01053238530944382,0.13144578851598387,0.24313721563536408,TLT,79.42
2027-09-17,C,92.0,0.9793396452469558,357.4589705151389,0.74,79.38559482873004,0.9926808650065522,1.1589004302163992,-0.14747165058637235,0.009390319432516177,0.13329761681366764,0.22702071405455646,TLT,79.42
2027-09-17,C,93.0,0.9793396452467973,357.45897051508103,0.6699999999999999,79.38559482873004,0.9926808650065522,1.1714971740230993,-0.15828256669058804,0.008502045972683564,0.13568529873378246,0.21283175613371152,TLT,79.42
2027-09-17,C,95.0,0.9793396452466389,357.45897051502317,0.55,79.38559482873004,0.9926808650065522,1.1966906616364992,-0.17955996513787287,0.006979291470113375,0.14017247049259987,0.18641447718225096,TLT,79.42
2027-09-17,C,100.0,0.9793396452464802,357.4589705149653,0.365,79.38559482873004,0.9926808650065522,1.2596743806699993,-0.2308532595254235,0.00463171161198433,0.1525260704446901,0.13719487751892892,TLT,79.42
2027-09-17,C,105.0,0.9793396452463217,357.45897051490743,0.275,79.38559482873004,0.9926808650065522,1.3226580997034991,-0.2796434236948554,0.0034896457350566874,0.16658386424148378,0.10734742780346501,TLT,79.42
2028-01-21,P,56.0,1.3245451246976787,483.4589705146527,0.265,79.29071345691368,0.9930533106146927,0.7062617746582671,0.3477693245779619,0.2971037361118982,0.18028164956050977,0.09419698157494348,TLT,79.42
2028-01-21,P,57.0,1.3245451246975202,483.45897051459485,0.30000000000000004,79.29071345691368,0.9930533106146927,0.718873592062879,0.33006974747856094,0.28493642012976106,0.1769881291097034,0.10419309560187116,TLT,79.42
2028-01-21,P,58.0,1.3245451246973616,483.458970514537,0.36,79.29071345691368,0.9930533106146927,0.731485409467491,0.3126780047666917,0.2730866051636771,0.17596980915618077,0.11863309084473904,TLT,79.42
2028-01-21,P,59.0,1.324545124697203,483.4589705144791,0.4,79.29071345691368,0.9930533106146927,0.7440972268721029,0.2955835714073916,0.2609827893847505,0.17212038715568587,0.1294620548720262,TLT,79.42
2028-01-21,P,60.0,1.3245451246970446,483.45897051442125,0.44499999999999995,79.29071345691368,0.9930533106146927,0.7567090442767148,0.27877645309101035,0.24894247380903467,0.16835107882801192,0.141198599848588,TLT,79.42
2028-01-21,P,61.0,1.3245451246968862,483.4589705143635,0.465,79.29071345691368,0.9930533106146927,0.7693208616813267,0.2622471511397998,0.2365846572172654,0.16209093958052717,0.1492709410058076,TLT,79.42
2028-01-21,P,62.0,1.3245451246967592,483.4589705143171,0.585,79.29071345691368,0.9930533106146927,0.7819326790859387,0.24598663026801945,0.22549684468970943,0.16345879494442878,0.17192276313408975,TLT,79.42
2028-01-21,P,63.0,1.3245451246966007,483.45897051425925,0.66,79.29071345691368,0.9930533106146927,0.7945444964905506,0.2299862889215783,0.21383753033325759,0.16045249287605656,0.18764234797240179,TLT,79.42
2028-01-21,P,64.0,1.3245451246964421,483.4589705142014,0.745,79.29071345691368,0.9930533106146927,0.8071563138951625,0.21423793195343913,0.20230521638322707,0.15753375458298005,0.2043784574736225,TLT,79.42
2028-01-21,P,65.0,1.3245451246962836,483.4589705141435,0.7749999999999999,79.29071345691368,0.9930533106146927,0.8197681312997743,0.198733745417474,0.19007440019787925,0.15085248075587912,0.21509191208844528,TLT,79.42
2028-01-21,P,66.0,1.324545124696125,483.45897051408565,0.9500000000000001,79.29071345691368,0.9930533106146927,0.8323799487043863,0.18346627328668555,0.1796850899056407,0.15194708253793238,0.24067696611468864,TLT,79.42
2028-01-21,P,67.0,1.3245451246959665,483.4589705140278,1.08,79.29071345691368,0.9930533106146927,0.8449917661089982,0.168428395922145,0.16872427778450605,0.1496258514184309,0.26063164918705894,TLT,79.42
2028-01-21,P,68.0,1.3245451246958078,483.45897051396986,1.225,79.29071345691368,0.9930533106146927,0.8576035835136101,0.15361331013700436,0.1579539662730035,0.1473051640586285,0.28102420962090335,TLT,79.42
2028-01-21,P,69.0,1.3245451246956492,483.458970513912,1.3900000000000001,79.29071345691368,0.9930533106146927,0.870215400918222,0.13901451071585166,0.14743765557434363,0.14513750116235807,0.30188525688129164,TLT,79.42
2028-01-21,P,70.0,1.324545124695491,483.4589705138542,1.545,79.29071345691368,0.9930533106146927,0.882827218322834,0.12462577326375204,0.13679434446926242,0.14185306442708878,0.3212883518356762,TLT,79.42
2028-01-21,P,71.0,1.3245451246953324,483.4589705137963,1.77,79.29071345691368,0.9930533106146927,0.8954390357274459,0.1104411382717956,0.1270400362091305,0.14056293332301634,0.34303183317592095,TLT,79.42
2028-01-21,P,72.0,1.3245451246951738,483.45897051373845,2.005,79.29071345691368,0.9930533106146927,0.9080508531320578,0.0964548962970557,0.11741272835542016,0.13877379688888666,0.3634247469896599,TLT,79.42
2028-01-21,P,73.0,1.3245451246950468,483.45897051369207,2.255,79.29071345691368,0.9930533106146927,0.9206626705366697,0.08266157416471986,0.10797592111134147,0.13668006406013447,0.3825491589668221,TLT,79.42
2028-01-21,P,74.0,1.3245451246948883,483.4589705136342,2.545,79.29071345691368,0.9930533106146927,0.9332744879412816,0.06905592210894124,0.09904711549294831,0.13506679774715047,0.4006658125552429,TLT,79.42
2028-01-21,P,75.0,1.3245451246947297,483.45897051357633,2.865,79.29071345691368,0.9930533106146927,0.9458863053458935,0.05563290177680065,0.09049931109381926,0.13352375797213464,0.4169855533757266,TLT,79.42
2028-01-21,P,76.0,1.3245451246945397,483.458970513507,3.2,79.29071345691368,0.9930533106146927,0.9584981227505054,0.04238767502678,0.0821420073043222,0.13156204067515878,0.4309993511721149,TLT,79.42
2028-01-21,P,77.0,1.3245451246943811,483.4589705134491,3.5999999999999996,79.29071345691368,0.9930533106146927,0.9711099401551173,0.02931559345942722,0.07461020615656366,0.13061412119480714,0.4426825162411898,TLT,79.42
2028-01-21,P,78.0,1.3245451246942226,483.45897051339125,4.0,79.29071345691368,0.9930533106146927,0.9837217575597292,0.01641218862351932,0.06707840500880513,0.12875372229742674,0.4513607343689119,TLT,79.42
2028-01-21,P,79.0,1.3245451246940638,483.45897051333327,4.375,79.29071345691368,0.9930533106146927,0.9963335749643412,0.003673162846089552,0.059229102844993387,0.1253054172464406,0.45695763383662086,TLT,79.42
2028-01-21,C,80.0,1.3245451246939688,483.4589705132986,4.25,79.29071345691368,0.9930533106146927,1.008945392368953,-0.008905619360770578,0.05397517272906777,0.126608389874152,0.45910658853509245,TLT,79.42
2028-01-21,C,81.0,1.3245451246938102,483.45897051324073,3.725,79.29071345691368,0.9930533106146927,1.021557209773565,-0.02132813935932774,0.04730765139194764,0.1238873591729584,0.45773304428862893,TLT,79.42
2028-01-21,C,82.0,1.3245451246936835,483.45897051319446,3.375,79.29071345691368,0.9930533106146927,1.034169027178177,-0.0335982319511421,0.04286263716720088,0.12509750735538566,0.45319836734639574,TLT,79.42
2028-01-21,C,83.0,1.3245451246934932,483.458970513125,2.985,79.29071345691368,0.9930533106146927,1.0467808445827889,-0.04571959248348692,0.037909621316768775,0.12428778658380789,0.4452221928041001,TLT,79.42
2028-01-21,C,84.0,1.3245451246933344,483.4589705130671,2.5549999999999997,79.29071345691368,0.9930533106146927,1.0593926619874008,-0.057695783530202625,0.032448603840651326,0.121365767652565,0.43287569768744705,TLT,79.42
2028-01-21,C,85.0,1.3245451246931759,483.4589705130092,2.2649999999999997,79.29071345691368,0.9930533106146927,1.0720044793920127,-0.06953024117720547,0.028765592054432586,0.12159740850926387,0.41915619759083,TLT,79.42
2028-01-21,C,86.0,1.3245451246929858,483.4589705129398,1.9100000000000001,79.29071345691368,0.9930533106146927,1.0846162967966246,-0.08122628094039676,0.024257077626475165,0.11889447080600538,0.3999891026829735,TLT,79.42
2028-01-21,C,87.0,1.3245451246928273,483.45897051288193,1.755,79.29071345691368,0.9930533106146927,1.0972281142012366,-0.09278710334147275,0.022288571326944458,0.12167798940391572,0.3852080050344411,TLT,79.42
2028-01-21,C,88.0,1.3245451246927005,483.45897051283566,1.53,79.29071345691368,0.9930533106146927,1.1098399316058485,-0.10421579916509552,0.0194310621824644,0.12144018519774821,0.36540888955655987,TLT,79.42
2028-01-21,C,89.0,1.324545124692542,483.4589705127778,1.445,79.29071345691368,0.9930533106146927,1.1224517490104604,-0.1155153544190289,0.018351558727883042,0.1254363780239739,0.3522591151814878,TLT,79.42
2028-01-21,C,90.0,1.3245451246923834,483.45897051271993,1.25,79.29071345691368,0.9930533106146927,1.1350635664150721,-0.12668865501715393,0.015875050802666994,0.12485830360564701,0.33078802352857106,TLT,79.42
2028-01-21,C,91.0,1.3245451246922249,483.45897051266206,1.145,79.29071345691368,0.9930533106146927,1.147675383819684,-0.13773849120373893,0.014541546535242965,0.12707574443903935,0.31483606463194985,TLT,79.42
2028-01-21,C,92.0,1.3245451246920663,483.4589705126042,1.05,79.29071345691368,0.9930533106146927,1.160287201224296,-0.1486675617359292,0.013335042674240275,0.12923079099571394,0.2992686185047648,TLT,79.42
2028-01-21,C,93.0,1.3245451246919078,483.45897051254633,0.935,79.29071345691368,0.9930533106146927,1.1728990186289079,-0.15947847784014485,0.01187453800039491,0.13002663252953336,0.2810209784695693,TLT,79.42
2028-01-21,C,94.0,1.3245451246917492,483.45897051248846,0.86,79.29071345691368,0.9930533106146927,1.1855108360335198,-0.17017376695689282,0.01092203495223489,0.13214212050384966,0.26653393241023615,TLT,79.42
2028-01-21,C,95.0,1.3245451246915907,483.4589705124306,0.8049999999999999,79.29071345691368,0.9930533106146927,1.1981226534381317,-0.18075587628742976,0.010223532716917543,0.13485924097545057,0.25431321206776014,TLT,79.42
2028-01-21,C,96.0,1.324545124691432,483.4589705123727,0.7949999999999999,79.29071345691368,0.9930533106146927,1.2107344708427437,-0.19122717615472518,0.010096532310496207,0.13960010997753897,0.24799681521635053,TLT,79.42
2028-01-21,C,97.0,1.3245451246912734,483.4589705123148,0.69,79.29071345691368,0.9930533106146927,1.2233462882473556,-0.20158996319027175,0.008763028043072179,0.13908481473785914,0.22904718352014694,TLT,79.42
2028-01-21,C,98.0,1.3245451246911149,483.45897051225694,0.635,79.29071345691368,0.9930533106146927,1.2359581056519675,-0.21184646335746088,0.008064525807754833,0.14083660632757966,0.21656245289262718,TLT,79.42
2028-01-21,C,99.0,1.3245451246909563,483.4589705121991,0.665,79.29071345691368,0.9930533106146927,1.2485699230565794,-0.2219988348214789,0.00844552702701884,0.14737157691742156,0.21705626514479492,TLT,79.42
2028-01-21,C,100.0,1.3245451246907978,483.4589705121412,0.5800000000000001,79.29071345691368,0.9930533106146927,1.2611817404611914,-0.23204917067498032,0.007366023572437486,0.14685352489401188,0.20019194798608914,TLT,79.42
2028-01-21,C,101.0,1.324545124690671,483.45897051209494,0.525,79.29071345691368,0.9930533106146927,1.2737935578658033,-0.24199950152814842,0.006667521337120137,0.14774367340974423,0.1875337175567057,TLT,79.42
2028-01-21,C,102.0,1.3245451246905124,483.45897051203707,0.49,79.29071345691368,0.9930533106146927,1.2864053752704152,-0.2518517979711601,0.006223019914645461,0.14967413688660378,0.1781738471536873,TLT,79.42
2028-01-21,C,103.0,1.324545124690354,483.4589705119792,0.47,79.29071345691368,0.9930533106146927,1.2990171926750271,-0.26160797291652477,0.005969019101802789,0.15247550996459602,0.17158406750377234,TLT,79.42
2028-01-21,C,104.0,1.3245451246901954,483.4589705119213,0.44499999999999995,79.29071345691368,0.9930533106146927,1.311629010079639,-0.27126988382826167,0.005651518085749449,0.15473965426340555,0.16416978138823504,TLT,79.42
2028-01-21,C,105.0,1.3245451246900368,483.4589705118634,0.45499999999999996,79.29071345691368,0.9930533106146927,1.324240827484251,-0.28083933484441237,0.005778518492170785,0.15959407878304926,0.16347037790323898,TLT,79.42
2028-01-21,C,106.0,1.3245451246898783,483.45897051180555,0.395,79.29071345691368,0.9930533106146927,1.336852644888863,-0.29031807879895616,0.005016516053642769,0.1587069000029682,0.1494819837332762,TLT,79.42
2028-01-21,C,107.0,1.3245451246897197,483.4589705117477,0.385,79.29071345691368,0.9930533106146927,1.3494644622934748,-0.2997078191487952,0.004889515647221434,0.16172366676243422,0.14524695149402547,TLT,79.42
2028-01-21,C,108.0,1.3245451246895612,483.4589705116898,0.37,79.29071345691368,0.9930533106146927,1.3620762796980868,-0.3090102118111087,0.00469901503758943,0.1641925396670886,0.14010049636784935,TLT,79.42
2028-01-21,C,109.0,1.3245451246894024,483.4589705116319,0.35,79.29071345691368,0.9930533106146927,1.3746880971026987,-0.31822686691603275,0.004445014224746757,0.16606442868151763,0.1339820443352606,TLT,79.42
2028-01-21,C,110.0,1.324545124689244,483.458970511574,0.355,79.29071345691368,0.9930533106146927,1.3872999145073104,-0.3273593504793051,0.0045085144279574255,0.17020211246627445,0.13319214975364196,TLT,79.42
2028-01-21,C,111.0,1.3245451246752917,483.4589705064815,0.315,79.29071345691368,0.9930533106146927,1.3999117319119223,-0.33640918599922304,0.0040005128022720824,0.16982144289623408,0.12290896574649336,TLT,79.42
2028-01-21,C,112.0,1.3245451246751014,483.458970506412,0.31,79.29071345691368,0.9930533106146927,1.4125235493165342,-0.34537785598198345,0.003937012599061414,0.17280714629983618,0.12020623231187418,TLT,79.42
2028-01-21,C,113.0,1.324545124674943,483.45897050635415,0.29,79.29071345691368,0.9930533106146927,1.4251353667211462,-0.3542668033992295,0.003683011786218742,0.17408330279851925,0.11422152883958052,TLT,79.42
2028-06-16,P,58.0,1.727284850700596,630.4589705057175,0.38999999999999996,79.42846360274645,0.9858470818397606,0.7302168186216118,0.31441377712854907,0.2747637495602302,0.157752796301972,0.1411220895775749,TLT,79.42
2028-06-16,P,59.0,1.7272848507004375,630.4589705056596,0.525,79.42846360274645,0.9858470818397606,0.7428067637702603,0.2973193437692489,0.26389784724375775,0.161706810821505,0.168883291793124,TLT,79.42
2028-06-16,P,60.0,1.7272848507003107,630.4589705056134,0.59,79.42846360274645,0.9858470818397606,0.7553967089189088,0.28051222545286775,0.25213799679208304,0.15906566947419376,0.18422104221110003,TLT,79.42
2028-06-16,P,61.0,1.7272848507001521,630.4589705055555,0.66,79.42846360274645,0.9858470818397606,0.7679866540675573,0.26398292350165714,0.2404419997786369,0.156301186153151,0.2001576404695807,TLT,79.42
2028-06-16,P,62.0,1.7272848507000254,630.4589705055092,0.745,79.42846360274645,0.9858470818397606,0.7805765992162058,0.24772240262987674,0.228937563079877,0.15399094779591524,0.21789207873614239,TLT,79.42
2028-06-16,P,63.0,1.7272848506998668,630.4589705054514,0.845,79.42846360274645,0.9858470818397606,0.7931665443648542,0.2317220612834357,0.21762468669580348,0.15199106750081073,0.2370839518328047,TLT,79.42
2028-06-16,P,64.0,1.7272848506996765,630.4589705053819,0.9650000000000001,79.42846360274645,0.9858470818397606,0.8057564895135028,0.21597370431529647,0.20656722406464478,0.1504356607272897,0.2579040146779826,TLT,79.42
2028-06-16,P,65.0,1.727284850699518,630.458970505324,1.065,79.42846360274645,0.9858470818397606,0.8183464346621512,0.20046951777933128,0.19525434768057126,0.14734250064839166,0.27625262246811483,TLT,79.42
2028-06-16,P,66.0,1.7272848506993912,630.4589705052778,1.195,79.42846360274645,0.9858470818397606,0.8309363798107997,0.18520204564854278,0.18432459192587014,0.14512999145156824,0.29694599296075336,TLT,79.42
2028-06-16,P,67.0,1.7272848506992327,630.4589705052199,1.3599999999999999,79.42846360274645,0.9858470818397606,0.8435263249594481,0.17016416828400235,0.1738418102387701,0.14378601395115326,0.31961675536690165,TLT,79.42
2028-06-16,P,68.0,1.7272848506991059,630.4589705051736,1.505,79.42846360274645,0.9858470818397606,0.8561162701080967,0.15534908249886165,0.16310361479875524,0.14104149435563412,0.33999898867600037,TLT,79.42
2028-06-16,P,69.0,1.7272848506989473,630.4589705051158,1.68,79.42846360274645,0.9858470818397606,0.8687062152567451,0.14075028307770904,0.15274853998811277,0.13886870579888472,0.3614718428755309,TLT,79.42
2028-06-16,P,70.0,1.7272848506988203,630.4589705050694,1.875,79.42846360274645,0.9858470818397606,0.8812961604053936,0.1263615456256094,0.14264887893038536,0.13679830573120982,0.3829420315384061,TLT,79.42
2028-06-16,P,71.0,1.7272848506986618,630.4589705050115,2.065,79.42846360274645,0.9858470818397606,0.8938861055540421,0.1121769106336529,0.13248536443442904,0.13398304627306373,0.403111477814809,TLT,79.42
2028-06-16,P,72.0,1.727284850698535,630.4589705049652,2.34,79.42846360274645,0.9858470818397606,0.9064760507026906,0.09819066865891307,0.12340735838836148,0.13320133141500054,0.42490505107770626,TLT,79.42
2028-06-16,P,73.0,1.7272848506984082,630.458970504919,2.605,79.42846360274645,0.9858470818397606,0.9190659958513391,0.08439734652657721,0.11420164546583644,0.13140732436041774,0.4444153395915474,TLT,79.42
2028-06-16,P,74.0,1.7272848506982497,630.4589705048611,2.9000000000000004,79.42846360274645,0.9858470818397606,0.9316559409999875,0.07079169447079865,0.10537905317268381,0.12979907703551122,0.4626421335453186,TLT,79.42
2028-06-16,P,75.0,1.7272848506981227,630.4589705048147,3.205,79.42846360274645,0.9858470818397606,0.944245886148636,0.057368674138657906,0.09668416775598865,0.12779079177738087,0.478924599802502,TLT,79.42
2028-06-16,P,76.0,1.7272848506979641,630.4589705047568,3.5,79.42846360274645,0.9858470818397606,0.9568358312972844,0.044123447388637334,0.08786157546283624,0.12486979357237614,0.4930054913534896,TLT,79.42
2028-06-16,P,77.0,1.7272848506978373,630.4589705047106,4.05,79.42846360274645,0.9858470818397606,0.969425776445933,0.031051365821284514,0.08229550851934941,0.1277654342873795,0.5057002390447924,TLT,79.42
2028-06-16,P,78.0,1.7272848506968546,630.4589705043519,4.35,79.42846360274645,0.9858470818397606,0.9820157215945814,0.018147960985376688,0.07353676966442568,0.12358751436974902,0.5146455947118397,TLT,79.42
2028-06-16,P,79.0,1.7272848506966008,630.4589705042592,4.85,79.42846360274645,0.9858470818397606,0.9946056667432299,0.00540893520794688,0.06733216833865141,0.12367636253316791,0.520886115448268,TLT,79.42
2028-06-16,C,80.0,1.7272848506965055,630.4589705042245,5.025,79.42846360274645,0.9858470818397606,1.0071956118918783,-0.007169846998913176,0.06417270541988744,0.12883068611871318,0.5238455624598641,TLT,79.42
2028-06-16,C,81.0,1.727284850696347,630.4589705041666,4.525,79.42846360274645,0.9858470818397606,1.019785557040527,-0.019592366997470488,0.057787361597013066,0.12709596778712012,0.5240157532122005,TLT,79.42
2028-06-16,C,82.0,1.7272848506961884,630.4589705041087,4.125,79.42846360274645,0.9858470818397606,1.0323755021891754,-0.031862459589284776,0.05267908653871357,0.127104852023871,0.5213099830090777,TLT,79.42
2028-06-16,C,83.0,1.7272848506960299,630.4589705040509,3.9000000000000004,79.42846360274645,0.9858470818397606,1.0449654473378238,-0.043983820121629526,0.0498056818184201,0.1307583340961865,0.5167913821713473,TLT,79.42
2028-06-16,C,84.0,1.7272848506958713,630.458970503993,3.3200000000000003,79.42846360274645,0.9858470818397606,1.0575553924864722,-0.05596001116834516,0.042398682983885834,0.12493435197176865,0.5070582527571984,TLT,79.42
2028-06-16,C,85.0,1.7272848506957128,630.4589705039351,3.13,79.42846360274645,0.9858470818397606,1.0701453376351209,-0.06779446881534815,0.039972252331193565,0.1282351394964036,0.498464764296211,TLT,79.42
2028-06-16,C,86.0,1.727284850695586,630.4589705038888,2.73,79.42846360274645,0.9858470818397606,1.0827352827837693,-0.07949050857853937,0.034863977272894066,0.12552079673770328,0.48412484026980396,TLT,79.42
2028-06-16,C,87.0,1.7272848506954275,630.458970503831,2.225,79.42846360274645,0.9858470818397606,1.0953252279324177,-0.09105133097961529,0.028414780011790954,0.11909483939002273,0.4619045888229672,TLT,79.42
2028-06-16,C,88.0,1.727284850695269,630.4589705037731,1.99,79.42846360274645,0.9858470818397606,1.1079151730810661,-0.10248002680323799,0.02541366841504,0.11922849979410705,0.4442579797632554,TLT,79.42
2028-06-16,C,89.0,1.7272848506951421,630.4589705037268,1.865,79.42846360274645,0.9858470818397606,1.1205051182297148,-0.11377958205717151,0.023817332459321407,0.12200660659610213,0.43010045091153754,TLT,79.42
2028-06-16,C,90.0,1.7272848506949836,630.458970503669,1.83,79.42846360274645,0.9858470818397606,1.1330950633783632,-0.12495288265529668,0.023370358391720202,0.12713539731632817,0.4205066831959057,TLT,79.42
2028-06-16,C,91.0,1.727284850694825,630.4589705036111,1.545,79.42846360274645,0.9858470818397606,1.1456850085270116,-0.1360027188418816,0.019730712412681806,0.1241207712376332,0.39513250314150933,TLT,79.42
2028-06-16,C,92.0,1.7272848506946665,630.4589705035532,1.4849999999999999,79.42846360274645,0.9858470818397606,1.1582749536756602,-0.146931789374072,0.01896447115393688,0.12779029591617783,0.38350274042548516,TLT,79.42
2028-06-16,C,93.0,1.7272848506945397,630.458970503507,1.3599999999999999,79.42846360274645,0.9858470818397606,1.1708648988243087,-0.1577427054782876,0.01736813519821829,0.12896501632027627,0.3666104252887743,TLT,79.42
2028-06-16,C,94.0,1.7272848506943812,630.4589705034491,1.1949999999999998,79.42846360274645,0.9858470818397606,1.183454843972957,-0.1684379945950355,0.015260971736669746,0.1282449372661542,0.34495339669720976,TLT,79.42
2028-06-16,C,95.0,1.7272848506942542,630.4589705034027,1.08,79.42846360274645,0.9858470818397606,1.1960447891216055,-0.17902010392557238,0.013792342657408644,0.12885520852101442,0.32677847294162143,TLT,79.42
2028-06-16,C,96.0,1.727284850694064,630.4589705033334,1.08,79.42846360274645,0.9858470818397606,1.2086347342702541,-0.1894914037928679,0.013792342657408644,0.1336841543092125,0.320979769906386,TLT,79.42
2028-06-16,C,97.0,1.7272848506939371,630.458970503287,1.025,79.42846360274645,0.9858470818397606,1.2212246794189026,-0.19985419082841444,0.01308995483689246,0.13615896800565339,0.30931730539044944,TLT,79.42
2028-06-16,C,98.0,1.7272848506937784,630.4589705032291,0.885,79.42846360274645,0.9858470818397606,1.233814624567551,-0.2101106909956035,0.011302058566487638,0.13469676070720052,0.2868274796619402,TLT,79.42
2028-06-16,C,99.0,1.7272848506936198,630.4589705031713,0.9099999999999999,79.42846360274645,0.9858470818397606,1.2464045697161996,-0.22026306245962163,0.011621325757631355,0.14021467382086117,0.2853290112913684,TLT,79.42
2028-06-16,C,100.0,1.727284850693493,630.458970503125,0.9650000000000001,79.42846360274645,0.9858470818397606,1.258994514864848,-0.23031339831312303,0.012323713578147539,0.1470099801976945,0.28775351877794525,TLT,79.42
2028-06-16,C,101.0,1.7272848506933345,630.4589705030671,0.795,79.42846360274645,0.9858470818397606,1.2715844600134965,-0.24026372916629105,0.010152696678370252,0.14331925331775294,0.2609318902547176,TLT,79.42
2028-06-16,C,102.0,1.727284850693176,630.4589705030093,0.775,79.42846360274645,0.9858470818397606,1.2841744051621449,-0.25011602560930263,0.009897282925455277,0.1464020733596815,0.254078475029612,TLT,79.42
2028-06-16,C,103.0,1.7272848506930492,630.458970502963,0.735,79.42846360274645,0.9858470818397606,1.2967643503107935,-0.2598722005546675,0.009386455419625326,0.14833212497196996,0.2443941068187044,TLT,79.42
2028-06-16,C,104.0,1.7272848506928906,630.4589705029051,0.6799999999999999,79.42846360274645,0.9858470818397606,1.309354295459442,-0.26953411146640427,0.008684067599109144,0.1492598969444387,0.2323169972855679,TLT,79.42
2028-06-16,C,105.0,1.7272848506927638,630.4589705028588,0.72,79.42846360274645,0.9858470818397606,1.3219442406080903,-0.27910356248255497,0.009194895104939095,0.1552487716107323,0.2352999292141325,TLT,79.42
2028-06-16,C,106.0,1.7272848506926053,630.458970502801,0.785,79.42846360274645,0.9858470818397606,1.3345341857567388,-0.2885823064370987,0.010024989801912763,0.16250863537977056,0.2417358735249048,TLT,79.42
2028-06-16,C,107.0,1.7272848506924467,630.4589705027431,0.605,79.42846360274645,0.9858470818397606,1.3471241309053874,-0.29797204678693784,0.007726266025677989,0.15602561065191134,0.21062130450529304,TLT,79.42
2028-06-16,C,108.0,1.7272848506923197,630.4589705026967,0.58,79.42846360274645,0.9858470818397606,1.3597140760540358,-0.3072744394492513,0.00740699883453427,0.15802636187469596,0.20354308559797896,TLT,79.42
2028-06-16,C,109.0,1.7272848506921612,630.4589705026389,0.5599999999999999,79.42846360274645,0.9858470818397606,1.3723040212026842,-0.3164910945541753,0.007151585081619296,0.16022301775530204,0.19741600136330623,TLT,79.42
2028-06-16,C,110.0,1.7272848506920344,630.4589705025926,0.67,79.42846360274645,0.9858470818397606,1.3848939663513329,-0.3256235781174479,0.008556360722651658,0.1705131388017647,0.21335795639298072,TLT,79.42
2028-06-16,C,112.0,1.7272848506917173,630.4589705024769,0.535,79.42846360274645,0.9858470818397606,1.4100738566486297,-0.34364208362012616,0.006832317890475578,0.16861308491066762,0.185937414718991,TLT,79.42
2028-06-16,C,113.0,1.7272848506915905,630.4589705024306,0.49,79.42846360274645,0.9858470818397606,1.4226638017972781,-0.3525310310373721,0.006257636946416884,0.16866243108906998,0.17549034162496452,TLT,79.42
