case,factors,geometry,noise,quotes,calibration_quotes,holdout_quotes,invalid_observed_quotes,true_quadrature_max_error_spot,model,factor,parameter,truth,estimate,absolute_error,relative_error,parameter_pass
f1_907931_000,1,monthly,0.0,63,42,21,0,8.08311750866153e-15,single_standard_s17,1,kappa,6.301206389183786,6.767216938904027,0.4660105497202407,0.07395576671161924,False
f1_907931_000,1,monthly,0.0,63,42,21,0,8.08311750866153e-15,single_standard_s17,1,theta,0.1799446510402745,0.17755829057187553,0.0023863604683989625,0.013261636034209524,True
f1_907931_000,1,monthly,0.0,63,42,21,0,8.08311750866153e-15,single_standard_s17,1,sigma,0.7155932949421786,0.7496327486984699,0.03403945375629125,0.04756815637720824,True
f1_907931_000,1,monthly,0.0,63,42,21,0,8.08311750866153e-15,single_standard_s17,1,rho,-0.5610060906656362,-0.5526111140574266,0.008394976608209648,,True
f1_907931_000,1,monthly,0.0,63,42,21,0,8.08311750866153e-15,single_standard_s17,1,v0,0.0911985202598462,0.09084130878373772,0.00035721147610848214,0.003916856053044523,True
f1_907931_000,1,monthly,0.0,63,42,21,0,8.08311750866153e-15,single_sobolev_s17,1,kappa,6.301206389183786,6.23334640855801,0.06785998062577647,0.010769363267049975,True
f1_907931_000,1,monthly,0.0,63,42,21,0,8.08311750866153e-15,single_sobolev_s17,1,theta,0.1799446510402745,0.18045171030122462,0.0005070592609501268,0.002817862370561039,True
f1_907931_000,1,monthly,0.0,63,42,21,0,8.08311750866153e-15,single_sobolev_s17,1,sigma,0.7155932949421786,0.7146201865407115,0.0009731084014671376,0.00135986238041228,True
f1_907931_000,1,monthly,0.0,63,42,21,0,8.08311750866153e-15,single_sobolev_s17,1,rho,-0.5610060906656362,-0.5616000630522507,0.0005939723866145163,,True
f1_907931_000,1,monthly,0.0,63,42,21,0,8.08311750866153e-15,single_sobolev_s17,1,v0,0.0911985202598462,0.09122075331008483,2.2233050238629204e-05,0.0002437874011034606,True
f1_907931_000,1,monthly,0.01,63,42,21,0,8.08311750866153e-15,single_standard_s17,1,kappa,6.301206389183786,6.167699750787161,0.13350663839662502,0.021187472707733117,True
f1_907931_000,1,monthly,0.01,63,42,21,0,8.08311750866153e-15,single_standard_s17,1,theta,0.1799446510402745,0.1814221982559198,0.0014775472156453029,0.008211120514577586,True
f1_907931_000,1,monthly,0.01,63,42,21,0,8.08311750866153e-15,single_standard_s17,1,sigma,0.7155932949421786,0.7468741690414951,0.03128087409931646,0.0437132017871185,True
f1_907931_000,1,monthly,0.01,63,42,21,0,8.08311750866153e-15,single_standard_s17,1,rho,-0.5610060906656362,-0.5455157668275799,0.015490323838056375,,True
f1_907931_000,1,monthly,0.01,63,42,21,0,8.08311750866153e-15,single_standard_s17,1,v0,0.0911985202598462,0.09163733564627109,0.00043881538642488727,0.004811650289660382,True
f1_907931_000,1,monthly,0.01,63,42,21,0,8.08311750866153e-15,single_sobolev_s17,1,kappa,6.301206389183786,5.620248709777808,0.680957679405978,0.10806782659505688,False
f1_907931_000,1,monthly,0.01,63,42,21,0,8.08311750866153e-15,single_sobolev_s17,1,theta,0.1799446510402745,0.18513180713746785,0.005187156097193363,0.02882639782403087,True
f1_907931_000,1,monthly,0.01,63,42,21,0,8.08311750866153e-15,single_sobolev_s17,1,sigma,0.7155932949421786,0.7115067866903058,0.004086508251872845,0.0057106575491362626,True
f1_907931_000,1,monthly,0.01,63,42,21,0,8.08311750866153e-15,single_sobolev_s17,1,rho,-0.5610060906656362,-0.5541585748346408,0.00684751583099541,,True
f1_907931_000,1,monthly,0.01,63,42,21,0,8.08311750866153e-15,single_sobolev_s17,1,v0,0.0911985202598462,0.09203046968973713,0.0008319494298909269,0.009122400533698416,True
f1_907931_000,1,rich,0.0,126,84,42,0,1.858513343222512e-14,single_standard_s17,1,kappa,6.301206389183786,6.4013395907034045,0.10013320151961835,0.015891115976061354,True
f1_907931_000,1,rich,0.0,126,84,42,0,1.858513343222512e-14,single_standard_s17,1,theta,0.1799446510402745,0.18021411061983675,0.00026945957956225897,0.001497458123953624,True
f1_907931_000,1,rich,0.0,126,84,42,0,1.858513343222512e-14,single_standard_s17,1,sigma,0.7155932949421786,0.7393558369415251,0.023762541999346465,0.033206770056819115,True
f1_907931_000,1,rich,0.0,126,84,42,0,1.858513343222512e-14,single_standard_s17,1,rho,-0.5610060906656362,-0.553063189091136,0.007942901574500172,,True
f1_907931_000,1,rich,0.0,126,84,42,0,1.858513343222512e-14,single_standard_s17,1,v0,0.0911985202598462,0.0912746050039297,7.60847440834933e-05,0.0008342760810889237,True
f1_907931_000,1,rich,0.0,126,84,42,0,1.858513343222512e-14,single_sobolev_s17,1,kappa,6.301206389183786,6.34853636701729,0.047329977833503456,0.007511256561084368,True
f1_907931_000,1,rich,0.0,126,84,42,0,1.858513343222512e-14,single_sobolev_s17,1,theta,0.1799446510402745,0.17983290291290058,0.00011174812737391182,0.0006210138880366096,True
f1_907931_000,1,rich,0.0,126,84,42,0,1.858513343222512e-14,single_sobolev_s17,1,sigma,0.7155932949421786,0.7181889734204479,0.0025956784782692477,0.003627309669634319,True
f1_907931_000,1,rich,0.0,126,84,42,0,1.858513343222512e-14,single_sobolev_s17,1,rho,-0.5610060906656362,-0.5612566436305657,0.00025055296492948465,,True
f1_907931_000,1,rich,0.0,126,84,42,0,1.858513343222512e-14,single_sobolev_s17,1,v0,0.0911985202598462,0.09095974276989044,0.00023877748995576598,0.002618216713115874,True
f1_907931_000,1,rich,0.01,126,84,42,0,1.858513343222512e-14,single_standard_s17,1,kappa,6.301206389183786,6.6212761683864105,0.32006977920262436,0.050795000105382036,False
f1_907931_000,1,rich,0.01,126,84,42,0,1.858513343222512e-14,single_standard_s17,1,theta,0.1799446510402745,0.17994436994458698,2.810956875043402e-07,1.5621230521680054e-06,True
f1_907931_000,1,rich,0.01,126,84,42,0,1.858513343222512e-14,single_standard_s17,1,sigma,0.7155932949421786,0.7615020566144928,0.04590876167231417,0.06415482369216957,False
f1_907931_000,1,rich,0.01,126,84,42,0,1.858513343222512e-14,single_standard_s17,1,rho,-0.5610060906656362,-0.5430115084873671,0.017994582178269103,,True
f1_907931_000,1,rich,0.01,126,84,42,0,1.858513343222512e-14,single_standard_s17,1,v0,0.0911985202598462,0.09024643611637384,0.0009520841434723648,0.01043968850327452,True
f1_907931_000,1,rich,0.01,126,84,42,0,1.858513343222512e-14,single_sobolev_s17,1,kappa,6.301206389183786,6.556975260955806,0.2557688717720197,0.04059046093317222,True
f1_907931_000,1,rich,0.01,126,84,42,0,1.858513343222512e-14,single_sobolev_s17,1,theta,0.1799446510402745,0.17958560727094322,0.0003590437693312687,0.0019953011509684106,True
f1_907931_000,1,rich,0.01,126,84,42,0,1.858513343222512e-14,single_sobolev_s17,1,sigma,0.7155932949421786,0.7399297766091124,0.024336481666933807,0.03400881735329877,True
f1_907931_000,1,rich,0.01,126,84,42,0,1.858513343222512e-14,single_sobolev_s17,1,rho,-0.5610060906656362,-0.5510211405245095,0.00998495014112677,,True
f1_907931_000,1,rich,0.01,126,84,42,0,1.858513343222512e-14,single_sobolev_s17,1,v0,0.0911985202598462,0.08996692727775968,0.0012315929820865268,0.013504528128059823,True
f1_907931_001,1,monthly,0.0,63,42,21,0,8.260059303211165e-15,single_standard_s17,1,kappa,1.4951551404599444,1.448129512836343,0.04702562762360141,0.03145200544816723,True
f1_907931_001,1,monthly,0.0,63,42,21,0,8.260059303211165e-15,single_standard_s17,1,theta,0.15373101950429274,0.1571108647179227,0.0033798452136299673,0.021985447208561507,True
f1_907931_001,1,monthly,0.0,63,42,21,0,8.260059303211165e-15,single_standard_s17,1,sigma,0.327471175025169,0.33590987073457856,0.008438695709409583,0.025769277887621702,True
f1_907931_001,1,monthly,0.0,63,42,21,0,8.260059303211165e-15,single_standard_s17,1,rho,-0.20982386230449135,-0.20621039958659915,0.003613462717892202,,True
f1_907931_001,1,monthly,0.0,63,42,21,0,8.260059303211165e-15,single_standard_s17,1,v0,0.06133396470474549,0.061456288981902765,0.00012232427715727634,0.0019943970318261842,True
f1_907931_001,1,monthly,0.0,63,42,21,0,8.260059303211165e-15,single_sobolev_s17,1,kappa,1.4951551404599444,1.4260080446829102,0.06914709577703415,0.04624743874790338,True
f1_907931_001,1,monthly,0.0,63,42,21,0,8.260059303211165e-15,single_sobolev_s17,1,theta,0.15373101950429274,0.15723734631598527,0.003506326811692523,0.02280819331712435,True
f1_907931_001,1,monthly,0.0,63,42,21,0,8.260059303211165e-15,single_sobolev_s17,1,sigma,0.327471175025169,0.32424143933545513,0.003229735689713853,0.009862656429121189,True
f1_907931_001,1,monthly,0.0,63,42,21,0,8.260059303211165e-15,single_sobolev_s17,1,rho,-0.20982386230449135,-0.20905009380992945,0.0007737684945618994,,True
f1_907931_001,1,monthly,0.0,63,42,21,0,8.260059303211165e-15,single_sobolev_s17,1,v0,0.06133396470474549,0.061386510042120035,5.254533737454603e-05,0.0008567086381500547,True
f1_907931_001,1,monthly,0.01,63,42,21,0,8.260059303211165e-15,single_standard_s17,1,kappa,1.4951551404599444,1.4810313400223707,0.014123800437573664,0.009446377874358146,True
f1_907931_001,1,monthly,0.01,63,42,21,0,8.260059303211165e-15,single_standard_s17,1,theta,0.15373101950429274,0.15798349355404592,0.00425247404975318,0.027661782660814496,True
f1_907931_001,1,monthly,0.01,63,42,21,0,8.260059303211165e-15,single_standard_s17,1,sigma,0.327471175025169,0.3497749672481398,0.022303792222970797,0.06810917700239283,False
f1_907931_001,1,monthly,0.01,63,42,21,0,8.260059303211165e-15,single_standard_s17,1,rho,-0.20982386230449135,-0.19905511222640448,0.010768750078086864,,True
f1_907931_001,1,monthly,0.01,63,42,21,0,8.260059303211165e-15,single_standard_s17,1,v0,0.06133396470474549,0.06096017678368135,0.00037378792106414205,0.006094305542834435,True
f1_907931_001,1,monthly,0.01,63,42,21,0,8.260059303211165e-15,single_sobolev_s17,1,kappa,1.4951551404599444,1.4594906810875161,0.03566445937242824,0.023853350336244722,True
f1_907931_001,1,monthly,0.01,63,42,21,0,8.260059303211165e-15,single_sobolev_s17,1,theta,0.15373101950429274,0.15801953010459402,0.004288510600301276,0.027896195667794457,True
f1_907931_001,1,monthly,0.01,63,42,21,0,8.260059303211165e-15,single_sobolev_s17,1,sigma,0.327471175025169,0.33834763068680695,0.010876455661637974,0.03321347492890641,True
f1_907931_001,1,monthly,0.01,63,42,21,0,8.260059303211165e-15,single_sobolev_s17,1,rho,-0.20982386230449135,-0.20171231769593578,0.008111544608555565,,True
f1_907931_001,1,monthly,0.01,63,42,21,0,8.260059303211165e-15,single_sobolev_s17,1,v0,0.06133396470474549,0.060894529971674966,0.0004394347330705234,0.007164622981506424,True
f1_907931_001,1,rich,0.0,126,84,42,0,1.6520118606422327e-14,single_standard_s17,1,kappa,1.4951551404599444,1.5144418357368314,0.01928669527688709,0.012899460902066695,True
f1_907931_001,1,rich,0.0,126,84,42,0,1.6520118606422327e-14,single_standard_s17,1,theta,0.15373101950429274,0.15379887813269824,6.785862840549828e-05,0.00044141142512623105,True
f1_907931_001,1,rich,0.0,126,84,42,0,1.6520118606422327e-14,single_standard_s17,1,sigma,0.327471175025169,0.3386989941610279,0.011227819135858907,0.03428643493582589,True
f1_907931_001,1,rich,0.0,126,84,42,0,1.6520118606422327e-14,single_standard_s17,1,rho,-0.20982386230449135,-0.20464051364473024,0.005183348659761111,,True
f1_907931_001,1,rich,0.0,126,84,42,0,1.6520118606422327e-14,single_standard_s17,1,v0,0.06133396470474549,0.061383915717815284,4.9951013069794714e-05,0.0008144103077349236,True
f1_907931_001,1,rich,0.0,126,84,42,0,1.6520118606422327e-14,single_sobolev_s17,1,kappa,1.4951551404599444,1.4816661554358719,0.013488985024072475,0.009021796239768771,True
f1_907931_001,1,rich,0.0,126,84,42,0,1.6520118606422327e-14,single_sobolev_s17,1,theta,0.15373101950429274,0.1541834850444881,0.0004524655401953459,0.0029432286447740067,True
f1_907931_001,1,rich,0.0,126,84,42,0,1.6520118606422327e-14,single_sobolev_s17,1,sigma,0.327471175025169,0.3255871688779262,0.0018840061472427672,0.005753196894651766,True
f1_907931_001,1,rich,0.0,126,84,42,0,1.6520118606422327e-14,single_sobolev_s17,1,rho,-0.20982386230449135,-0.20866778518475704,0.0011560771197343112,,True
f1_907931_001,1,rich,0.0,126,84,42,0,1.6520118606422327e-14,single_sobolev_s17,1,v0,0.06133396470474549,0.06135401566688104,2.0050962135552408e-05,0.000326914495615527,True
f1_907931_001,1,rich,0.01,126,84,42,0,1.6520118606422327e-14,single_standard_s17,1,kappa,1.4951551404599444,1.5795834822760018,0.0844283418160574,0.05646794739312824,False
f1_907931_001,1,rich,0.01,126,84,42,0,1.6520118606422327e-14,single_standard_s17,1,theta,0.15373101950429274,0.15137656094133167,0.0023544585629610704,0.015315442326168436,True
f1_907931_001,1,rich,0.01,126,84,42,0,1.6520118606422327e-14,single_standard_s17,1,sigma,0.327471175025169,0.33648995849860164,0.009018783473432657,0.027540694147323,True
f1_907931_001,1,rich,0.01,126,84,42,0,1.6520118606422327e-14,single_standard_s17,1,rho,-0.20982386230449135,-0.21032312276436627,0.0004992604598749173,,True
f1_907931_001,1,rich,0.01,126,84,42,0,1.6520118606422327e-14,single_standard_s17,1,v0,0.06133396470474549,0.061330165845245345,3.7988595001439696e-06,6.193728904419e-05,True
f1_907931_001,1,rich,0.01,126,84,42,0,1.6520118606422327e-14,single_sobolev_s17,1,kappa,1.4951551404599444,1.5496442945649769,0.05448915410503252,0.036443812839562856,True
f1_907931_001,1,rich,0.01,126,84,42,0,1.6520118606422327e-14,single_sobolev_s17,1,theta,0.15373101950429274,0.1516686182762162,0.002062401228076549,0.013415647894138627,True
f1_907931_001,1,rich,0.01,126,84,42,0,1.6520118606422327e-14,single_sobolev_s17,1,sigma,0.327471175025169,0.32397485729461295,0.003496317730556031,0.010676719043400718,True
f1_907931_001,1,rich,0.01,126,84,42,0,1.6520118606422327e-14,single_sobolev_s17,1,rho,-0.20982386230449135,-0.2138195761771874,0.003995713872696038,,True
f1_907931_001,1,rich,0.01,126,84,42,0,1.6520118606422327e-14,single_sobolev_s17,1,v0,0.06133396470474549,0.06128049640079738,5.3468303948110696e-05,0.0008717568512895072,True
f1_907931_002,1,monthly,0.0,63,42,21,0,8.348877145181177e-15,single_standard_s17,1,kappa,0.3495879154124375,0.8772806088790785,0.527692693466641,1.5094706372904187,False
f1_907931_002,1,monthly,0.0,63,42,21,0,8.348877145181177e-15,single_standard_s17,1,theta,0.10340001942918922,0.07280907943009061,0.030590939999098607,0.29585042795903926,False
f1_907931_002,1,monthly,0.0,63,42,21,0,8.348877145181177e-15,single_standard_s17,1,sigma,0.21477398996767016,0.23248787364472936,0.0177138836770592,0.08247685708928564,False
f1_907931_002,1,monthly,0.0,63,42,21,0,8.348877145181177e-15,single_standard_s17,1,rho,-0.313736989600335,-0.29945367299511494,0.014283316605220087,,True
f1_907931_002,1,monthly,0.0,63,42,21,0,8.348877145181177e-15,single_standard_s17,1,v0,0.04874592895825414,0.048734448567814656,1.148039043948057e-05,0.00023551485600597214,True
f1_907931_002,1,monthly,0.0,63,42,21,0,8.348877145181177e-15,single_sobolev_s17,1,kappa,0.3495879154124375,0.5467642816451104,0.19717636623267287,0.5640251208341907,False
f1_907931_002,1,monthly,0.0,63,42,21,0,8.348877145181177e-15,single_sobolev_s17,1,theta,0.10340001942918922,0.08394325005767986,0.019456769371509364,0.18816988119459513,False
f1_907931_002,1,monthly,0.0,63,42,21,0,8.348877145181177e-15,single_sobolev_s17,1,sigma,0.21477398996767016,0.2191719690659234,0.004397979098253235,0.020477242607055263,True
f1_907931_002,1,monthly,0.0,63,42,21,0,8.348877145181177e-15,single_sobolev_s17,1,rho,-0.313736989600335,-0.31040261572373906,0.003334373876595964,,True
f1_907931_002,1,monthly,0.0,63,42,21,0,8.348877145181177e-15,single_sobolev_s17,1,v0,0.04874592895825414,0.04874187486833177,4.0540899223645566e-06,8.316776413957495e-05,True
f1_907931_002,1,monthly,0.01,63,42,21,0,8.348877145181177e-15,single_standard_s17,1,kappa,0.3495879154124375,1.1390064679759815,0.789418552563544,2.258140278196408,False
f1_907931_002,1,monthly,0.01,63,42,21,0,8.348877145181177e-15,single_standard_s17,1,theta,0.10340001942918922,0.0700746363030431,0.03332538312614612,0.32229571435398163,False
f1_907931_002,1,monthly,0.01,63,42,21,0,8.348877145181177e-15,single_standard_s17,1,sigma,0.21477398996767016,0.24778804540684693,0.033014055439176765,0.15371533324005554,False
f1_907931_002,1,monthly,0.01,63,42,21,0,8.348877145181177e-15,single_standard_s17,1,rho,-0.313736989600335,-0.28445271766692637,0.029284271933408657,,True
f1_907931_002,1,monthly,0.01,63,42,21,0,8.348877145181177e-15,single_standard_s17,1,v0,0.04874592895825414,0.04840005375899053,0.00034587519926360805,0.007095468414599597,True
f1_907931_002,1,monthly,0.01,63,42,21,0,8.348877145181177e-15,single_sobolev_s17,1,kappa,0.3495879154124375,0.7809316947764664,0.4313437793640289,1.2338635300225904,False
f1_907931_002,1,monthly,0.01,63,42,21,0,8.348877145181177e-15,single_sobolev_s17,1,theta,0.10340001942918922,0.07737046001638401,0.026029559412805214,0.2517365040790043,False
f1_907931_002,1,monthly,0.01,63,42,21,0,8.348877145181177e-15,single_sobolev_s17,1,sigma,0.21477398996767016,0.23394107265318806,0.019167082685517894,0.0892430349149965,False
f1_907931_002,1,monthly,0.01,63,42,21,0,8.348877145181177e-15,single_sobolev_s17,1,rho,-0.313736989600335,-0.29353570501506154,0.020201284585273482,,True
f1_907931_002,1,monthly,0.01,63,42,21,0,8.348877145181177e-15,single_sobolev_s17,1,v0,0.04874592895825414,0.04841606872666261,0.000329860231591525,0.006766928821358934,True
f1_907931_002,1,rich,0.0,126,84,42,0,1.1857181902996672e-14,single_standard_s17,1,kappa,0.3495879154124375,0.3928945438079328,0.04330662839549532,0.12387907729705971,False
f1_907931_002,1,rich,0.0,126,84,42,0,1.1857181902996672e-14,single_standard_s17,1,theta,0.10340001942918922,0.09931062685962665,0.004089392569562575,0.03954924372488235,True
f1_907931_002,1,rich,0.0,126,84,42,0,1.1857181902996672e-14,single_standard_s17,1,sigma,0.21477398996767016,0.22061035176202623,0.005836361794356065,0.027174434833727352,True
f1_907931_002,1,rich,0.0,126,84,42,0,1.1857181902996672e-14,single_standard_s17,1,rho,-0.313736989600335,-0.31144518236212587,0.0022918072382091537,,True
f1_907931_002,1,rich,0.0,126,84,42,0,1.1857181902996672e-14,single_standard_s17,1,v0,0.04874592895825414,0.04885667679835446,0.00011074784010032396,0.0022719402925969073,True
f1_907931_002,1,rich,0.0,126,84,42,0,1.1857181902996672e-14,single_sobolev_s17,1,kappa,0.3495879154124375,0.3750906493704001,0.025502733957962598,0.07295084536281791,False
f1_907931_002,1,rich,0.0,126,84,42,0,1.1857181902996672e-14,single_sobolev_s17,1,theta,0.10340001942918922,0.10047442916347434,0.0029255902657148863,0.02829390440993485,True
f1_907931_002,1,rich,0.0,126,84,42,0,1.1857181902996672e-14,single_sobolev_s17,1,sigma,0.21477398996767016,0.21788709266822323,0.0031131027005530665,0.014494784498912928,True
f1_907931_002,1,rich,0.0,126,84,42,0,1.1857181902996672e-14,single_sobolev_s17,1,rho,-0.313736989600335,-0.30965849786097505,0.0040784917393599796,,True
f1_907931_002,1,rich,0.0,126,84,42,0,1.1857181902996672e-14,single_sobolev_s17,1,v0,0.04874592895825414,0.048698755188329085,4.7173769925051845e-05,0.0009677478906074663,True
f1_907931_002,1,rich,0.01,126,84,42,0,1.1857181902996672e-14,single_standard_s17,1,kappa,0.3495879154124375,0.21166799146014031,0.13791992395229719,0.39452142900758386,False
f1_907931_002,1,rich,0.01,126,84,42,0,1.1857181902996672e-14,single_standard_s17,1,theta,0.10340001942918922,0.13758082402230337,0.03418080459311415,0.3305686476831078,False
f1_907931_002,1,rich,0.01,126,84,42,0,1.1857181902996672e-14,single_standard_s17,1,sigma,0.21477398996767016,0.209711512396298,0.005062477571372154,0.023571185561781508,True
f1_907931_002,1,rich,0.01,126,84,42,0,1.1857181902996672e-14,single_standard_s17,1,rho,-0.313736989600335,-0.31928383722897774,0.005546847628642715,,True
f1_907931_002,1,rich,0.01,126,84,42,0,1.1857181902996672e-14,single_standard_s17,1,v0,0.04874592895825414,0.04894777391282114,0.00020184495456700147,0.004140755112901035,True
f1_907931_002,1,rich,0.01,126,84,42,0,1.1857181902996672e-14,single_sobolev_s17,1,kappa,0.3495879154124375,0.26605525909714905,0.08353265631528844,0.23894606372974342,False
f1_907931_002,1,rich,0.01,126,84,42,0,1.1857181902996672e-14,single_sobolev_s17,1,theta,0.10340001942918922,0.12140550289333325,0.01800548346414403,0.1741342367587717,False
f1_907931_002,1,rich,0.01,126,84,42,0,1.1857181902996672e-14,single_sobolev_s17,1,sigma,0.21477398996767016,0.2144574838918284,0.0003165060758417715,0.0014736704192598695,True
f1_907931_002,1,rich,0.01,126,84,42,0,1.1857181902996672e-14,single_sobolev_s17,1,rho,-0.313736989600335,-0.3071291531611824,0.006607836439152637,,True
f1_907931_002,1,rich,0.01,126,84,42,0,1.1857181902996672e-14,single_sobolev_s17,1,v0,0.04874592895825414,0.04860561476629609,0.00014031419195804917,0.0028784802127417414,True
f1_907931_003,1,monthly,0.0,63,42,21,0,8.459899447643693e-15,single_standard_s17,1,kappa,0.39108762871714875,0.5906681088590795,0.19958048014193075,0.510321640182272,False
f1_907931_003,1,monthly,0.0,63,42,21,0,8.459899447643693e-15,single_standard_s17,1,theta,0.19484918538031729,0.1449374415899883,0.04991174379032898,0.2561557734660707,False
f1_907931_003,1,monthly,0.0,63,42,21,0,8.459899447643693e-15,single_standard_s17,1,sigma,0.09586863025205335,0.1072852429945874,0.011416612742534055,0.11908601085170432,False
f1_907931_003,1,monthly,0.0,63,42,21,0,8.459899447643693e-15,single_standard_s17,1,rho,-0.1598630804841492,-0.15588674596894325,0.003976334515205959,,True
f1_907931_003,1,monthly,0.0,63,42,21,0,8.459899447643693e-15,single_standard_s17,1,v0,0.038380953783545814,0.03832391404700506,5.703973654075378e-05,0.0014861469275213042,True
f1_907931_003,1,monthly,0.0,63,42,21,0,8.459899447643693e-15,single_sobolev_s17,1,kappa,0.39108762871714875,0.7237503483774996,0.3326627196603509,0.8506091607948733,False
f1_907931_003,1,monthly,0.0,63,42,21,0,8.459899447643693e-15,single_sobolev_s17,1,theta,0.19484918538031729,0.12571534218522395,0.06913384319509333,0.3548069398399286,False
f1_907931_003,1,monthly,0.0,63,42,21,0,8.459899447643693e-15,single_sobolev_s17,1,sigma,0.09586863025205335,0.09862148817840652,0.002752857926353172,0.028714897867169752,True
f1_907931_003,1,monthly,0.0,63,42,21,0,8.459899447643693e-15,single_sobolev_s17,1,rho,-0.1598630804841492,-0.16087385484935612,0.0010107743652069123,,True
f1_907931_003,1,monthly,0.0,63,42,21,0,8.459899447643693e-15,single_sobolev_s17,1,v0,0.038380953783545814,0.038316644392336695,6.430939120911916e-05,0.0016755547965743637,True
f1_907931_003,1,monthly,0.01,63,42,21,0,8.459899447643693e-15,single_standard_s17,1,kappa,0.39108762871714875,0.5827193587636397,0.19163173004649092,0.4899969111144837,False
f1_907931_003,1,monthly,0.01,63,42,21,0,8.459899447643693e-15,single_standard_s17,1,theta,0.19484918538031729,0.14026155111196287,0.05458763426835442,0.2801532588489261,False
f1_907931_003,1,monthly,0.01,63,42,21,0,8.459899447643693e-15,single_standard_s17,1,sigma,0.09586863025205335,0.13386608888210996,0.037997458630056616,0.3963492388506591,False
f1_907931_003,1,monthly,0.01,63,42,21,0,8.459899447643693e-15,single_standard_s17,1,rho,-0.1598630804841492,-0.12130200481755915,0.03856107566659006,,True
f1_907931_003,1,monthly,0.01,63,42,21,0,8.459899447643693e-15,single_standard_s17,1,v0,0.038380953783545814,0.038412117679606984,3.1163896061170426e-05,0.0008119625227899003,True
f1_907931_003,1,monthly,0.01,63,42,21,0,8.459899447643693e-15,single_sobolev_s17,1,kappa,0.39108762871714875,0.6973711981430714,0.3062835694259226,0.7831584200978138,False
f1_907931_003,1,monthly,0.01,63,42,21,0,8.459899447643693e-15,single_sobolev_s17,1,theta,0.19484918538031729,0.12372892287250645,0.07112026250781084,0.3650015901734176,False
f1_907931_003,1,monthly,0.01,63,42,21,0,8.459899447643693e-15,single_sobolev_s17,1,sigma,0.09586863025205335,0.1245351291733032,0.028666498921249853,0.2990185511765551,False
f1_907931_003,1,monthly,0.01,63,42,21,0,8.459899447643693e-15,single_sobolev_s17,1,rho,-0.1598630804841492,-0.12587803515165863,0.03398504533249058,,True
f1_907931_003,1,monthly,0.01,63,42,21,0,8.459899447643693e-15,single_sobolev_s17,1,v0,0.038380953783545814,0.03840125249581128,2.0298712265463814e-05,0.000528874617862311,True
f1_907931_003,1,rich,0.0,126,84,42,0,1.3922196728799462e-14,single_standard_s17,1,kappa,0.39108762871714875,0.3959252541652896,0.00483762544814087,0.012369671380322918,True
f1_907931_003,1,rich,0.0,126,84,42,0,1.3922196728799462e-14,single_standard_s17,1,theta,0.19484918538031729,0.19461177036146607,0.00023741501885121696,0.0012184552806203289,True
f1_907931_003,1,rich,0.0,126,84,42,0,1.3922196728799462e-14,single_standard_s17,1,sigma,0.09586863025205335,0.10625032211685105,0.010381691864797704,0.10829081251607166,False
f1_907931_003,1,rich,0.0,126,84,42,0,1.3922196728799462e-14,single_standard_s17,1,rho,-0.1598630804841492,-0.15347945997086154,0.006383620513287669,,True
f1_907931_003,1,rich,0.0,126,84,42,0,1.3922196728799462e-14,single_standard_s17,1,v0,0.038380953783545814,0.03835711302911865,2.384075442716377e-05,0.000621161072797114,True
f1_907931_003,1,rich,0.0,126,84,42,0,1.3922196728799462e-14,single_sobolev_s17,1,kappa,0.39108762871714875,0.39004185202404057,0.0010457766931081802,0.00267402141187271,True
f1_907931_003,1,rich,0.0,126,84,42,0,1.3922196728799462e-14,single_sobolev_s17,1,theta,0.19484918538031729,0.195162436427509,0.0003132510471917094,0.00160765900345074,True
f1_907931_003,1,rich,0.0,126,84,42,0,1.3922196728799462e-14,single_sobolev_s17,1,sigma,0.09586863025205335,0.09729216654989178,0.0014235362978384375,0.014848822749378415,True
f1_907931_003,1,rich,0.0,126,84,42,0,1.3922196728799462e-14,single_sobolev_s17,1,rho,-0.1598630804841492,-0.16035583483565097,0.0004927543515017563,,True
f1_907931_003,1,rich,0.0,126,84,42,0,1.3922196728799462e-14,single_sobolev_s17,1,v0,0.038380953783545814,0.03838010915625505,8.446272907608465e-07,2.200641744142753e-05,True
f1_907931_003,1,rich,0.01,126,84,42,0,1.3922196728799462e-14,single_standard_s17,1,kappa,0.39108762871714875,0.361753978550002,0.02933365016714673,0.07500531342136132,False
f1_907931_003,1,rich,0.01,126,84,42,0,1.3922196728799462e-14,single_standard_s17,1,theta,0.19484918538031729,0.20750966385419106,0.012660478473873776,0.06497578344586026,False
f1_907931_003,1,rich,0.01,126,84,42,0,1.3922196728799462e-14,single_standard_s17,1,sigma,0.09586863025205335,0.11504361550570825,0.019174985253654908,0.20001313467440734,False
f1_907931_003,1,rich,0.01,126,84,42,0,1.3922196728799462e-14,single_standard_s17,1,rho,-0.1598630804841492,-0.13259998558690955,0.02726309489723966,,True
f1_907931_003,1,rich,0.01,126,84,42,0,1.3922196728799462e-14,single_standard_s17,1,v0,0.038380953783545814,0.03827937507300014,0.00010157871054567585,0.002646591617252184,True
f1_907931_003,1,rich,0.01,126,84,42,0,1.3922196728799462e-14,single_sobolev_s17,1,kappa,0.39108762871714875,0.35468100184469326,0.036406626872455494,0.09309071471239587,False
f1_907931_003,1,rich,0.01,126,84,42,0,1.3922196728799462e-14,single_sobolev_s17,1,theta,0.19484918538031729,0.20871665110097384,0.013867465720656558,0.07117025248829899,False
f1_907931_003,1,rich,0.01,126,84,42,0,1.3922196728799462e-14,single_sobolev_s17,1,sigma,0.09586863025205335,0.10542370535818413,0.009555075106130781,0.09966842210021173,False
f1_907931_003,1,rich,0.01,126,84,42,0,1.3922196728799462e-14,single_sobolev_s17,1,rho,-0.1598630804841492,-0.1404381957394455,0.01942488474470372,,True
f1_907931_003,1,rich,0.01,126,84,42,0,1.3922196728799462e-14,single_sobolev_s17,1,v0,0.038380953783545814,0.03831021957366317,7.07342098826419e-05,0.0018429508104867928,True
f1_907931_004,1,monthly,0.0,63,42,21,0,8.260059303211164e-15,single_standard_s17,1,kappa,2.515387786261755,2.3704066159449684,0.14498117031678648,0.05763770147435213,False
f1_907931_004,1,monthly,0.0,63,42,21,0,8.260059303211164e-15,single_standard_s17,1,theta,0.05468232391607899,0.05502014761104096,0.0003378236949619709,0.006177932296374771,True
f1_907931_004,1,monthly,0.0,63,42,21,0,8.260059303211164e-15,single_standard_s17,1,sigma,0.13763512322462826,0.14698227559266863,0.009347152368040373,0.06791255130992468,False
f1_907931_004,1,monthly,0.0,63,42,21,0,8.260059303211164e-15,single_standard_s17,1,rho,-0.10997918158678455,-0.11118579780668947,0.0012066162199049213,,True
f1_907931_004,1,monthly,0.0,63,42,21,0,8.260059303211164e-15,single_standard_s17,1,v0,0.05064598341424694,0.05069076462177508,4.478120752814119e-05,0.0008842005724691691,True
f1_907931_004,1,monthly,0.0,63,42,21,0,8.260059303211164e-15,single_sobolev_s17,1,kappa,2.515387786261755,2.715672032231504,0.20028424596974936,0.07962360597584117,False
f1_907931_004,1,monthly,0.0,63,42,21,0,8.260059303211164e-15,single_sobolev_s17,1,theta,0.05468232391607899,0.054389740445380245,0.0002925834706987429,0.0053506041759997435,True
f1_907931_004,1,monthly,0.0,63,42,21,0,8.260059303211164e-15,single_sobolev_s17,1,sigma,0.13763512322462826,0.14137664624474727,0.003741523020119014,0.027184362046980104,True
f1_907931_004,1,monthly,0.0,63,42,21,0,8.260059303211164e-15,single_sobolev_s17,1,rho,-0.10997918158678455,-0.1092608066096119,0.0007183749771726422,,True
f1_907931_004,1,monthly,0.0,63,42,21,0,8.260059303211164e-15,single_sobolev_s17,1,v0,0.05064598341424694,0.05067250873853565,2.6525324288706464e-05,0.0005237399394883656,True
f1_907931_004,1,monthly,0.01,63,42,21,0,8.260059303211164e-15,single_standard_s17,1,kappa,2.515387786261755,0.41024083742021134,2.1051469488415435,0.8369075179338884,False
f1_907931_004,1,monthly,0.01,63,42,21,0,8.260059303211164e-15,single_standard_s17,1,theta,0.05468232391607899,0.05947807690884812,0.004795752992769131,0.08770206987049742,False
f1_907931_004,1,monthly,0.01,63,42,21,0,8.260059303211164e-15,single_standard_s17,1,sigma,0.13763512322462826,0.1547622123163501,0.017127089091721837,0.1244383605758064,False
f1_907931_004,1,monthly,0.01,63,42,21,0,8.260059303211164e-15,single_standard_s17,1,rho,-0.10997918158678455,-0.08112397223526413,0.028855209351520417,,True
f1_907931_004,1,monthly,0.01,63,42,21,0,8.260059303211164e-15,single_standard_s17,1,v0,0.05064598341424694,0.05100158450511229,0.000355601090865347,0.007021308836216909,True
f1_907931_004,1,monthly,0.01,63,42,21,0,8.260059303211164e-15,single_sobolev_s17,1,kappa,2.515387786261755,0.2967922468472062,2.2185955394145487,0.8820093472393439,False
f1_907931_004,1,monthly,0.01,63,42,21,0,8.260059303211164e-15,single_sobolev_s17,1,theta,0.05468232391607899,0.05950700769124787,0.004824683775168884,0.0882311399671552,False
f1_907931_004,1,monthly,0.01,63,42,21,0,8.260059303211164e-15,single_sobolev_s17,1,sigma,0.13763512322462826,0.14139975641459485,0.0037646331899665875,0.02735227100296553,True
f1_907931_004,1,monthly,0.01,63,42,21,0,8.260059303211164e-15,single_sobolev_s17,1,rho,-0.10997918158678455,-0.0887195725533455,0.021259609033439042,,True
f1_907931_004,1,monthly,0.01,63,42,21,0,8.260059303211164e-15,single_sobolev_s17,1,v0,0.05064598341424694,0.05104830305834488,0.00040231964409793985,0.007943762110555948,True
f1_907931_004,1,rich,0.0,126,84,42,0,1.1124434706744069e-14,single_standard_s17,1,kappa,2.515387786261755,2.310914797720071,0.20447298854168405,0.08128885321716606,False
f1_907931_004,1,rich,0.0,126,84,42,0,1.1124434706744069e-14,single_standard_s17,1,theta,0.05468232391607899,0.055038425341241294,0.0003561014251623057,0.0065121852851172685,True
f1_907931_004,1,rich,0.0,126,84,42,0,1.1124434706744069e-14,single_standard_s17,1,sigma,0.13763512322462826,0.14718922137553506,0.009554098150906798,0.0694161339566934,False
f1_907931_004,1,rich,0.0,126,84,42,0,1.1124434706744069e-14,single_standard_s17,1,rho,-0.10997918158678455,-0.11023894141227786,0.0002597598254933109,,True
f1_907931_004,1,rich,0.0,126,84,42,0,1.1124434706744069e-14,single_standard_s17,1,v0,0.05064598341424694,0.05070338098539299,5.739757114604782e-05,0.0011333094408805897,True
f1_907931_004,1,rich,0.0,126,84,42,0,1.1124434706744069e-14,single_sobolev_s17,1,kappa,2.515387786261755,2.4073754802302787,0.10801230603147616,0.042940617991947365,True
f1_907931_004,1,rich,0.0,126,84,42,0,1.1124434706744069e-14,single_sobolev_s17,1,theta,0.05468232391607899,0.05476638151978433,8.405760370534116e-05,0.001537198818293539,True
f1_907931_004,1,rich,0.0,126,84,42,0,1.1124434706744069e-14,single_sobolev_s17,1,sigma,0.13763512322462826,0.13986866120047436,0.002233537975846106,0.01622796509725825,True
f1_907931_004,1,rich,0.0,126,84,42,0,1.1124434706744069e-14,single_sobolev_s17,1,rho,-0.10997918158678455,-0.1075034454795406,0.002475736107243942,,True
f1_907931_004,1,rich,0.0,126,84,42,0,1.1124434706744069e-14,single_sobolev_s17,1,v0,0.05064598341424694,0.0506738446792684,2.786126502146019e-05,0.0005501179588828498,True
f1_907931_004,1,rich,0.01,126,84,42,0,1.1124434706744069e-14,single_standard_s17,1,kappa,2.515387786261755,2.0200935097795756,0.4952942764821793,0.1969057332580362,False
f1_907931_004,1,rich,0.01,126,84,42,0,1.1124434706744069e-14,single_standard_s17,1,theta,0.05468232391607899,0.05526954685871216,0.0005872229426331713,0.010738807361852119,True
f1_907931_004,1,rich,0.01,126,84,42,0,1.1124434706744069e-14,single_standard_s17,1,sigma,0.13763512322462826,0.1424876556445807,0.0048525324199524544,0.03525649780567166,True
f1_907931_004,1,rich,0.01,126,84,42,0,1.1124434706744069e-14,single_standard_s17,1,rho,-0.10997918158678455,-0.11602781863350531,0.006048637046720762,,True
f1_907931_004,1,rich,0.01,126,84,42,0,1.1124434706744069e-14,single_standard_s17,1,v0,0.05064598341424694,0.05074966905716144,0.00010368564291449861,0.0020472629007206003,True
f1_907931_004,1,rich,0.01,126,84,42,0,1.1124434706744069e-14,single_sobolev_s17,1,kappa,2.515387786261755,2.14094598783231,0.3744417984294448,0.1488604661573561,False
f1_907931_004,1,rich,0.01,126,84,42,0,1.1124434706744069e-14,single_sobolev_s17,1,theta,0.05468232391607899,0.05495849404988652,0.0002761701338075337,0.00505044617766012,True
f1_907931_004,1,rich,0.01,126,84,42,0,1.1124434706744069e-14,single_sobolev_s17,1,sigma,0.13763512322462826,0.1352979537562578,0.0023371694683704536,0.016980908750712283,True
f1_907931_004,1,rich,0.01,126,84,42,0,1.1124434706744069e-14,single_sobolev_s17,1,rho,-0.10997918158678455,-0.11401174734586406,0.004032565759079509,,True
f1_907931_004,1,rich,0.01,126,84,42,0,1.1124434706744069e-14,single_sobolev_s17,1,v0,0.05064598341424694,0.05070894796191653,6.296454766958892e-05,0.0012432288490596614,True
f1_907931_005,1,monthly,0.0,63,42,21,0,8.249650962355303e-15,single_standard_s17,1,kappa,1.334900569514371,1.2975563173733191,0.03734425214105186,0.027975306171782878,True
f1_907931_005,1,monthly,0.0,63,42,21,0,8.249650962355303e-15,single_standard_s17,1,theta,0.1583825516401513,0.16162407762307565,0.003241525982924348,0.02046643364029876,True
f1_907931_005,1,monthly,0.0,63,42,21,0,8.249650962355303e-15,single_standard_s17,1,sigma,0.2251017758674758,0.23916701038405158,0.014065234516575792,0.062483889620028675,False
f1_907931_005,1,monthly,0.0,63,42,21,0,8.249650962355303e-15,single_standard_s17,1,rho,-0.25850785700482526,-0.2515929939439052,0.00691486306092004,,True
f1_907931_005,1,monthly,0.0,63,42,21,0,8.249650962355303e-15,single_standard_s17,1,v0,0.06134245669367919,0.06145513799735999,0.00011268130368080609,0.0018369219257633176,True
f1_907931_005,1,monthly,0.0,63,42,21,0,8.249650962355303e-15,single_sobolev_s17,1,kappa,1.334900569514371,1.4338324430642047,0.09893187354983368,0.07411179215080005,False
f1_907931_005,1,monthly,0.0,63,42,21,0,8.249650962355303e-15,single_sobolev_s17,1,theta,0.1583825516401513,0.15236608921332925,0.00601646242682205,0.03798690174212869,True
f1_907931_005,1,monthly,0.0,63,42,21,0,8.249650962355303e-15,single_sobolev_s17,1,sigma,0.2251017758674758,0.22732554142020658,0.0022237655527307942,0.00987893384741661,True
f1_907931_005,1,monthly,0.0,63,42,21,0,8.249650962355303e-15,single_sobolev_s17,1,rho,-0.25850785700482526,-0.2557450660822417,0.00276279092258358,,True
f1_907931_005,1,monthly,0.0,63,42,21,0,8.249650962355303e-15,single_sobolev_s17,1,v0,0.06134245669367919,0.061298256267488256,4.420042619093095e-05,0.0007205519402597618,True
f1_907931_005,1,monthly,0.01,63,42,21,0,8.249650962355303e-15,single_standard_s17,1,kappa,1.334900569514371,0.47474428044029904,0.8601562890740719,0.6443598187893438,False
f1_907931_005,1,monthly,0.01,63,42,21,0,8.249650962355303e-15,single_standard_s17,1,theta,0.1583825516401513,0.2999930923242489,0.14161054068409762,0.8941044276508433,False
f1_907931_005,1,monthly,0.01,63,42,21,0,8.249650962355303e-15,single_standard_s17,1,sigma,0.2251017758674758,0.2098154480198152,0.015286327847660597,0.06790851733066788,False
f1_907931_005,1,monthly,0.01,63,42,21,0,8.249650962355303e-15,single_standard_s17,1,rho,-0.25850785700482526,-0.26946248708033105,0.010954630075505789,,True
f1_907931_005,1,monthly,0.01,63,42,21,0,8.249650962355303e-15,single_standard_s17,1,v0,0.06134245669367919,0.0624562525775038,0.0011137958838246115,0.018157014633216974,True
f1_907931_005,1,monthly,0.01,63,42,21,0,8.249650962355303e-15,single_sobolev_s17,1,kappa,1.334900569514371,0.46789548922338553,0.8670050802909854,0.6494903815992803,False
f1_907931_005,1,monthly,0.01,63,42,21,0,8.249650962355303e-15,single_sobolev_s17,1,theta,0.1583825516401513,0.2999930923242489,0.14161054068409762,0.8941044276508433,False
f1_907931_005,1,monthly,0.01,63,42,21,0,8.249650962355303e-15,single_sobolev_s17,1,sigma,0.2251017758674758,0.1972245663593485,0.027877209508127276,0.12384269027064199,False
f1_907931_005,1,monthly,0.01,63,42,21,0,8.249650962355303e-15,single_sobolev_s17,1,rho,-0.25850785700482526,-0.2814906377680444,0.022982780763219135,,True
f1_907931_005,1,monthly,0.01,63,42,21,0,8.249650962355303e-15,single_sobolev_s17,1,v0,0.06134245669367919,0.062360288242359715,0.0010178315486805284,0.01659261143979268,True
f1_907931_005,1,rich,0.0,126,84,42,0,1.6520118606422327e-14,single_standard_s17,1,kappa,1.334900569514371,1.3379315675461134,0.003030998031742449,0.00227057962290413,True
f1_907931_005,1,rich,0.0,126,84,42,0,1.6520118606422327e-14,single_standard_s17,1,theta,0.1583825516401513,0.15885636014763804,0.0004738085074867393,0.0029915448550370803,True
f1_907931_005,1,rich,0.0,126,84,42,0,1.6520118606422327e-14,single_standard_s17,1,sigma,0.2251017758674758,0.24115766432135521,0.016055888453879424,0.07132724027611409,False
f1_907931_005,1,rich,0.0,126,84,42,0,1.6520118606422327e-14,single_standard_s17,1,rho,-0.25850785700482526,-0.24893576184287936,0.009572095161945904,,True
f1_907931_005,1,rich,0.0,126,84,42,0,1.6520118606422327e-14,single_standard_s17,1,v0,0.06134245669367919,0.061445954881591026,0.00010349818791183935,0.0016872194804435335,True
f1_907931_005,1,rich,0.0,126,84,42,0,1.6520118606422327e-14,single_sobolev_s17,1,kappa,1.334900569514371,1.321417864968575,0.01348270454579592,0.010100156411425346,True
f1_907931_005,1,rich,0.0,126,84,42,0,1.6520118606422327e-14,single_sobolev_s17,1,theta,0.1583825516401513,0.15897645685093847,0.0005939052107871712,0.0037498146395351494,True
f1_907931_005,1,rich,0.0,126,84,42,0,1.6520118606422327e-14,single_sobolev_s17,1,sigma,0.2251017758674758,0.22603467532346372,0.0009328994559879289,0.004144345162950446,True
f1_907931_005,1,rich,0.0,126,84,42,0,1.6520118606422327e-14,single_sobolev_s17,1,rho,-0.25850785700482526,-0.25580412731142643,0.0027037296933988264,,True
f1_907931_005,1,rich,0.0,126,84,42,0,1.6520118606422327e-14,single_sobolev_s17,1,v0,0.06134245669367919,0.06134985613360127,7.399439922083084e-06,0.00012062509917124876,True
f1_907931_005,1,rich,0.01,126,84,42,0,1.6520118606422327e-14,single_standard_s17,1,kappa,1.334900569514371,1.3264816291573784,0.008418940356992533,0.006306792093178366,True
f1_907931_005,1,rich,0.01,126,84,42,0,1.6520118606422327e-14,single_standard_s17,1,theta,0.1583825516401513,0.15903776234837846,0.0006552107082271608,0.0041368869325695305,True
f1_907931_005,1,rich,0.01,126,84,42,0,1.6520118606422327e-14,single_standard_s17,1,sigma,0.2251017758674758,0.22633719692722648,0.001235421059750691,0.005488277713446475,True
f1_907931_005,1,rich,0.01,126,84,42,0,1.6520118606422327e-14,single_standard_s17,1,rho,-0.25850785700482526,-0.2664030189560156,0.007895161951190333,,True
f1_907931_005,1,rich,0.01,126,84,42,0,1.6520118606422327e-14,single_standard_s17,1,v0,0.06134245669367919,0.0615839473477527,0.00024149065407351455,0.00393676202567867,True
f1_907931_005,1,rich,0.01,126,84,42,0,1.6520118606422327e-14,single_sobolev_s17,1,kappa,1.334900569514371,1.3138341745265778,0.02106639498779317,0.015781246535430726,True
f1_907931_005,1,rich,0.01,126,84,42,0,1.6520118606422327e-14,single_sobolev_s17,1,theta,0.1583825516401513,0.15906097289503052,0.0006784212548792135,0.004283434304181446,True
f1_907931_005,1,rich,0.01,126,84,42,0,1.6520118606422327e-14,single_sobolev_s17,1,sigma,0.2251017758674758,0.2125416676022937,0.012560108265182085,0.055797464132742336,False
f1_907931_005,1,rich,0.01,126,84,42,0,1.6520118606422327e-14,single_sobolev_s17,1,rho,-0.25850785700482526,-0.2723827244633166,0.013874867458491313,,True
f1_907931_005,1,rich,0.01,126,84,42,0,1.6520118606422327e-14,single_sobolev_s17,1,v0,0.06134245669367919,0.061464657581007935,0.00012220088732874806,0.001992109444507132,True
f1_907931_006,1,monthly,0.0,63,42,21,0,8.183037580877794e-15,single_standard_s17,1,kappa,4.707260776329238,5.09358984075431,0.3863290644250723,0.08207088639910343,False
f1_907931_006,1,monthly,0.0,63,42,21,0,8.183037580877794e-15,single_standard_s17,1,theta,0.07316710801189219,0.07281560925959916,0.0003514987522930252,0.004804054196537254,True
f1_907931_006,1,monthly,0.0,63,42,21,0,8.183037580877794e-15,single_standard_s17,1,sigma,0.33114716752240103,0.34893569470898034,0.017788527186579306,0.05371789020474098,False
f1_907931_006,1,monthly,0.0,63,42,21,0,8.183037580877794e-15,single_standard_s17,1,rho,0.06811584672342141,0.06256442382380567,0.005551422899615743,,True
f1_907931_006,1,monthly,0.0,63,42,21,0,8.183037580877794e-15,single_standard_s17,1,v0,0.06177463249567107,0.061786183252645045,1.1550756973975618e-05,0.00018698220462558075,True
f1_907931_006,1,monthly,0.0,63,42,21,0,8.183037580877794e-15,single_sobolev_s17,1,kappa,4.707260776329238,4.400417466551094,0.3068433097781442,0.06518510963342533,False
f1_907931_006,1,monthly,0.0,63,42,21,0,8.183037580877794e-15,single_sobolev_s17,1,theta,0.07316710801189219,0.07360527813449412,0.0004381701226019302,0.0059886215884152804,True
f1_907931_006,1,monthly,0.0,63,42,21,0,8.183037580877794e-15,single_sobolev_s17,1,sigma,0.33114716752240103,0.3274131083444579,0.0037340591779431165,0.011276132016712839,True
f1_907931_006,1,monthly,0.0,63,42,21,0,8.183037580877794e-15,single_sobolev_s17,1,rho,0.06811584672342141,0.06904192132171394,0.0009260745982925256,,True
f1_907931_006,1,monthly,0.0,63,42,21,0,8.183037580877794e-15,single_sobolev_s17,1,v0,0.06177463249567107,0.06186391599770944,8.928350203837171e-05,0.0014453101286297147,True
f1_907931_006,1,monthly,0.01,63,42,21,0,8.183037580877794e-15,single_standard_s17,1,kappa,4.707260776329238,3.9999294688807154,0.7073313074485226,0.1502638882904859,False
f1_907931_006,1,monthly,0.01,63,42,21,0,8.183037580877794e-15,single_standard_s17,1,theta,0.07316710801189219,0.07383595977616068,0.0006688517642684938,0.00914142683020603,True
f1_907931_006,1,monthly,0.01,63,42,21,0,8.183037580877794e-15,single_standard_s17,1,sigma,0.33114716752240103,0.3314333799416901,0.00028621241928905583,0.0008643058052721967,True
f1_907931_006,1,monthly,0.01,63,42,21,0,8.183037580877794e-15,single_standard_s17,1,rho,0.06811584672342141,0.06230801021802801,0.0058078365053934045,,True
f1_907931_006,1,monthly,0.01,63,42,21,0,8.183037580877794e-15,single_standard_s17,1,v0,0.06177463249567107,0.06218087854756444,0.00040624605189337054,0.006576260116510425,True
f1_907931_006,1,monthly,0.01,63,42,21,0,8.183037580877794e-15,single_sobolev_s17,1,kappa,4.707260776329238,4.1711263160931304,0.5361344602361076,0.11389521118780883,False
f1_907931_006,1,monthly,0.01,63,42,21,0,8.183037580877794e-15,single_sobolev_s17,1,theta,0.07316710801189219,0.07338944893952298,0.00022234092763079305,0.0030388098378120254,True
f1_907931_006,1,monthly,0.01,63,42,21,0,8.183037580877794e-15,single_sobolev_s17,1,sigma,0.33114716752240103,0.3233851333676665,0.007762034154734532,0.023439832545780286,True
f1_907931_006,1,monthly,0.01,63,42,21,0,8.183037580877794e-15,single_sobolev_s17,1,rho,0.06811584672342141,0.06872538921888827,0.0006095424954668527,,True
f1_907931_006,1,monthly,0.01,63,42,21,0,8.183037580877794e-15,single_sobolev_s17,1,v0,0.06177463249567107,0.06208167852133135,0.0003070460256602778,0.0049704225384391305,True
f1_907931_006,1,rich,0.0,126,84,42,0,1.2789769243681802e-14,single_standard_s17,1,kappa,4.707260776329238,4.559741042181829,0.1475197341474086,0.031338763913234,True
f1_907931_006,1,rich,0.0,126,84,42,0,1.2789769243681802e-14,single_standard_s17,1,theta,0.07316710801189219,0.07358925126810878,0.00042214325621658944,0.005769576899882069,True
f1_907931_006,1,rich,0.0,126,84,42,0,1.2789769243681802e-14,single_standard_s17,1,sigma,0.33114716752240103,0.34139438976331626,0.010247222240915232,0.03094461691333066,True
f1_907931_006,1,rich,0.0,126,84,42,0,1.2789769243681802e-14,single_standard_s17,1,rho,0.06811584672342141,0.06259836405906904,0.005517482664352369,,True
f1_907931_006,1,rich,0.0,126,84,42,0,1.2789769243681802e-14,single_standard_s17,1,v0,0.06177463249567107,0.06186830005821504,9.366756254396841e-05,0.00151627875002789,True
f1_907931_006,1,rich,0.0,126,84,42,0,1.2789769243681802e-14,single_sobolev_s17,1,kappa,4.707260776329238,4.564091966300899,0.1431688100283388,0.030414463279424063,True
f1_907931_006,1,rich,0.0,126,84,42,0,1.2789769243681802e-14,single_sobolev_s17,1,theta,0.07316710801189219,0.07326432591933484,9.721790744264547e-05,0.001328710537894216,True
f1_907931_006,1,rich,0.0,126,84,42,0,1.2789769243681802e-14,single_sobolev_s17,1,sigma,0.33114716752240103,0.329788410446454,0.0013587570759470147,0.004103181936034827,True
f1_907931_006,1,rich,0.0,126,84,42,0,1.2789769243681802e-14,single_sobolev_s17,1,rho,0.06811584672342141,0.06905630589647482,0.0009404591730534095,,True
f1_907931_006,1,rich,0.0,126,84,42,0,1.2789769243681802e-14,single_sobolev_s17,1,v0,0.06177463249567107,0.06186508701619073,9.045452051965885e-05,0.0014642664288775423,True
f1_907931_006,1,rich,0.01,126,84,42,0,1.2789769243681802e-14,single_standard_s17,1,kappa,4.707260776329238,3.561951265958566,1.145309510370672,0.24330700269038297,False
f1_907931_006,1,rich,0.01,126,84,42,0,1.2789769243681802e-14,single_standard_s17,1,theta,0.07316710801189219,0.07402029577420999,0.0008531877623177975,0.011660810239747688,True
f1_907931_006,1,rich,0.01,126,84,42,0,1.2789769243681802e-14,single_standard_s17,1,sigma,0.33114716752240103,0.3173441443447614,0.01380302317763965,0.04168244373313542,True
f1_907931_006,1,rich,0.01,126,84,42,0,1.2789769243681802e-14,single_standard_s17,1,rho,0.06811584672342141,0.06384983468980288,0.004266012033618538,,True
f1_907931_006,1,rich,0.01,126,84,42,0,1.2789769243681802e-14,single_standard_s17,1,v0,0.06177463249567107,0.06266131442211467,0.0008866819264436027,0.01435349577362096,True
f1_907931_006,1,rich,0.01,126,84,42,0,1.2789769243681802e-14,single_sobolev_s17,1,kappa,4.707260776329238,3.544945137734148,1.1623156385950901,0.24691974671126543,False
f1_907931_006,1,rich,0.01,126,84,42,0,1.2789769243681802e-14,single_sobolev_s17,1,theta,0.07316710801189219,0.07370589445964856,0.0005387864477563731,0.00736377946862136,True
f1_907931_006,1,rich,0.01,126,84,42,0,1.2789769243681802e-14,single_sobolev_s17,1,sigma,0.33114716752240103,0.30595269117565904,0.02519447634674199,0.07608241536608543,False
f1_907931_006,1,rich,0.01,126,84,42,0,1.2789769243681802e-14,single_sobolev_s17,1,rho,0.06811584672342141,0.07057736443786733,0.0024615177144459155,,True
f1_907931_006,1,rich,0.01,126,84,42,0,1.2789769243681802e-14,single_sobolev_s17,1,v0,0.06177463249567107,0.06265186696244905,0.0008772344667779819,0.014200561481923104,True
f1_907931_007,1,monthly,0.0,63,42,21,0,9.159339953157541e-15,single_standard_s17,1,kappa,1.65388132607346,1.7898549497424001,0.13597362366894017,0.08221486120274428,False
f1_907931_007,1,monthly,0.0,63,42,21,0,9.159339953157541e-15,single_standard_s17,1,theta,0.045111588321119445,0.05702280130079648,0.011911212979677038,0.264038873889543,False
f1_907931_007,1,monthly,0.0,63,42,21,0,9.159339953157541e-15,single_standard_s17,1,sigma,0.11828898970792837,0.1401989955855353,0.021910005877606942,0.18522438928344667,False
f1_907931_007,1,monthly,0.0,63,42,21,0,9.159339953157541e-15,single_standard_s17,1,rho,0.18849483176501836,0.15834110353412845,0.03015372823088991,,True
f1_907931_007,1,monthly,0.0,63,42,21,0,9.159339953157541e-15,single_standard_s17,1,v0,0.22997044684846604,0.23049507923949347,0.0005246323910274298,0.002281303524939988,True
f1_907931_007,1,monthly,0.0,63,42,21,0,9.159339953157541e-15,single_sobolev_s17,1,kappa,1.65388132607346,1.7617379137364488,0.10785658766298889,0.06521422423884254,False
f1_907931_007,1,monthly,0.0,63,42,21,0,9.159339953157541e-15,single_sobolev_s17,1,theta,0.045111588321119445,0.05497334845883616,0.009861760137716717,0.21860813384617261,False
f1_907931_007,1,monthly,0.0,63,42,21,0,9.159339953157541e-15,single_sobolev_s17,1,sigma,0.11828898970792837,0.1401786035269436,0.021889613819015247,0.18505199742650338,False
f1_907931_007,1,monthly,0.0,63,42,21,0,9.159339953157541e-15,single_sobolev_s17,1,rho,0.18849483176501836,0.17012502117435324,0.018369810590665114,,True
f1_907931_007,1,monthly,0.0,63,42,21,0,9.159339953157541e-15,single_sobolev_s17,1,v0,0.22997044684846604,0.2299957619475903,2.531509912426233e-05,0.00011007979273503415,True
f1_907931_007,1,monthly,0.01,63,42,21,0,9.159339953157541e-15,single_standard_s17,1,kappa,1.65388132607346,1.527419755214526,0.12646157085893384,0.07646350972422603,False
f1_907931_007,1,monthly,0.01,63,42,21,0,9.159339953157541e-15,single_standard_s17,1,theta,0.045111588321119445,0.0300006907834808,0.015110897537638644,0.33496709160569116,False
f1_907931_007,1,monthly,0.01,63,42,21,0,9.159339953157541e-15,single_standard_s17,1,sigma,0.11828898970792837,0.26021558157469904,0.14192659186677067,1.1998292674339917,False
f1_907931_007,1,monthly,0.01,63,42,21,0,9.159339953157541e-15,single_standard_s17,1,rho,0.18849483176501836,0.08948399587244615,0.0990108358925722,,False
f1_907931_007,1,monthly,0.01,63,42,21,0,9.159339953157541e-15,single_standard_s17,1,v0,0.22997044684846604,0.2311720381996458,0.0012015913511797538,0.00522498159066289,True
f1_907931_007,1,monthly,0.01,63,42,21,0,9.159339953157541e-15,single_sobolev_s17,1,kappa,1.65388132607346,1.5490627680841778,0.10481855798928219,0.06337731512945717,False
f1_907931_007,1,monthly,0.01,63,42,21,0,9.159339953157541e-15,single_sobolev_s17,1,theta,0.045111588321119445,0.0300006907834808,0.015110897537638644,0.33496709160569116,False
f1_907931_007,1,monthly,0.01,63,42,21,0,9.159339953157541e-15,single_sobolev_s17,1,sigma,0.11828898970792837,0.19329867338111972,0.07500968367319136,0.6341222784842485,False
f1_907931_007,1,monthly,0.01,63,42,21,0,9.159339953157541e-15,single_sobolev_s17,1,rho,0.18849483176501836,0.11861074669620486,0.0698840850688135,,False
f1_907931_007,1,monthly,0.01,63,42,21,0,9.159339953157541e-15,single_sobolev_s17,1,v0,0.22997044684846604,0.23073508545501142,0.0007646386065453814,0.0033249429090739784,True
f1_907931_007,1,rich,0.0,126,84,42,0,1.538769112130467e-14,single_standard_s17,1,kappa,1.65388132607346,1.665543476646823,0.01166215057336295,0.007051382943569771,True
f1_907931_007,1,rich,0.0,126,84,42,0,1.538769112130467e-14,single_standard_s17,1,theta,0.045111588321119445,0.046004419665818,0.0008928313446985581,0.01979161847157951,True
f1_907931_007,1,rich,0.0,126,84,42,0,1.538769112130467e-14,single_standard_s17,1,sigma,0.11828898970792837,0.14977026210015448,0.03148127239222612,0.26613865305602546,False
f1_907931_007,1,rich,0.0,126,84,42,0,1.538769112130467e-14,single_standard_s17,1,rho,0.18849483176501836,0.1564759003151298,0.032018931449888544,,True
f1_907931_007,1,rich,0.0,126,84,42,0,1.538769112130467e-14,single_standard_s17,1,v0,0.22997044684846604,0.23051543858766002,0.0005449917391939785,0.0023698338054414826,True
f1_907931_007,1,rich,0.0,126,84,42,0,1.538769112130467e-14,single_sobolev_s17,1,kappa,1.65388132607346,1.6420218629700067,0.011859463103453205,0.007170685657119783,True
f1_907931_007,1,rich,0.0,126,84,42,0,1.538769112130467e-14,single_sobolev_s17,1,theta,0.045111588321119445,0.044786749158327,0.00032483916279244657,0.007200791966803125,True
f1_907931_007,1,rich,0.0,126,84,42,0,1.538769112130467e-14,single_sobolev_s17,1,sigma,0.11828898970792837,0.13397471079920123,0.015685721091272864,0.13260508125061382,False
f1_907931_007,1,rich,0.0,126,84,42,0,1.538769112130467e-14,single_sobolev_s17,1,rho,0.18849483176501836,0.17459575310021913,0.013899078664799225,,True
f1_907931_007,1,rich,0.0,126,84,42,0,1.538769112130467e-14,single_sobolev_s17,1,v0,0.22997044684846604,0.22980397837348862,0.00016646847497742145,0.0007238689895102573,True
f1_907931_007,1,rich,0.01,126,84,42,0,1.538769112130467e-14,single_standard_s17,1,kappa,1.65388132607346,1.6903482568479136,0.03646693077445362,0.022049303175235124,True
f1_907931_007,1,rich,0.01,126,84,42,0,1.538769112130467e-14,single_standard_s17,1,theta,0.045111588321119445,0.04887514545760805,0.003763557136488606,0.08342772392978809,False
f1_907931_007,1,rich,0.01,126,84,42,0,1.538769112130467e-14,single_standard_s17,1,sigma,0.11828898970792837,0.21353221740752124,0.09524322769959287,0.8051740735529264,False
f1_907931_007,1,rich,0.01,126,84,42,0,1.538769112130467e-14,single_standard_s17,1,rho,0.18849483176501836,0.09031581199531957,0.09817901976969878,,False
f1_907931_007,1,rich,0.01,126,84,42,0,1.538769112130467e-14,single_standard_s17,1,v0,0.22997044684846604,0.230483746268332,0.0005132994198659702,0.002232023405182134,True
f1_907931_007,1,rich,0.01,126,84,42,0,1.538769112130467e-14,single_sobolev_s17,1,kappa,1.65388132607346,1.6372882601419658,0.016593065931494122,0.010032803242835038,True
f1_907931_007,1,rich,0.01,126,84,42,0,1.538769112130467e-14,single_sobolev_s17,1,theta,0.045111588321119445,0.04785456113156177,0.0027429728104423276,0.06080417277522852,False
f1_907931_007,1,rich,0.01,126,84,42,0,1.538769112130467e-14,single_sobolev_s17,1,sigma,0.11828898970792837,0.26871506204477646,0.1504260723368481,1.2716827889752933,False
f1_907931_007,1,rich,0.01,126,84,42,0,1.538769112130467e-14,single_sobolev_s17,1,rho,0.18849483176501836,0.07264933539970231,0.11584549636531605,,False
f1_907931_007,1,rich,0.01,126,84,42,0,1.538769112130467e-14,single_sobolev_s17,1,v0,0.22997044684846604,0.22964209964530718,0.00032834720315885746,0.0014277799937276925,True
f1_907931_008,1,monthly,0.0,63,42,21,0,8.29336599394992e-15,single_standard_s17,1,kappa,1.1797941900669247,1.3947808479782826,0.21498665791135796,0.1822238655872366,False
f1_907931_008,1,monthly,0.0,63,42,21,0,8.29336599394992e-15,single_standard_s17,1,theta,0.052732958226372244,0.06649713983860646,0.013764181612234215,0.2610166786613276,False
f1_907931_008,1,monthly,0.0,63,42,21,0,8.29336599394992e-15,single_standard_s17,1,sigma,0.09830367051094824,0.09484189870523314,0.0034617718057150942,0.035215081875600476,True
f1_907931_008,1,monthly,0.0,63,42,21,0,8.29336599394992e-15,single_standard_s17,1,rho,-0.2523339802763319,-0.2959344214702099,0.04360044119387796,,True
f1_907931_008,1,monthly,0.0,63,42,21,0,8.29336599394992e-15,single_standard_s17,1,v0,0.14519893810203094,0.14523293790790376,3.39998058728197e-05,0.0002341601551447168,True
f1_907931_008,1,monthly,0.0,63,42,21,0,8.29336599394992e-15,single_sobolev_s17,1,kappa,1.1797941900669247,1.2192817580675344,0.03948756800060971,0.03346987833392343,True
f1_907931_008,1,monthly,0.0,63,42,21,0,8.29336599394992e-15,single_sobolev_s17,1,theta,0.052732958226372244,0.05520387916869893,0.0024709209423266834,0.04685724119097405,True
f1_907931_008,1,monthly,0.0,63,42,21,0,8.29336599394992e-15,single_sobolev_s17,1,sigma,0.09830367051094824,0.10023425874936534,0.0019305882384171025,0.019639024955859504,True
f1_907931_008,1,monthly,0.0,63,42,21,0,8.29336599394992e-15,single_sobolev_s17,1,rho,-0.2523339802763319,-0.24809404271489488,0.004239937561437035,,True
f1_907931_008,1,monthly,0.0,63,42,21,0,8.29336599394992e-15,single_sobolev_s17,1,v0,0.14519893810203094,0.14520037147678097,1.4333747500316907e-06,9.87179912448438e-06,True
f1_907931_008,1,monthly,0.01,63,42,21,0,8.29336599394992e-15,single_standard_s17,1,kappa,1.1797941900669247,0.9822906211946183,0.19750356887230636,0.167405103818237,False
f1_907931_008,1,monthly,0.01,63,42,21,0,8.29336599394992e-15,single_standard_s17,1,theta,0.052732958226372244,0.037303587384415415,0.015429370841956828,0.2925944487263841,False
f1_907931_008,1,monthly,0.01,63,42,21,0,8.29336599394992e-15,single_standard_s17,1,sigma,0.09830367051094824,0.04060909108276835,0.05769457942817989,0.5869015788352924,False
f1_907931_008,1,monthly,0.01,63,42,21,0,8.29336599394992e-15,single_standard_s17,1,rho,-0.2523339802763319,-0.6810227736930481,0.4286887934167162,,False
f1_907931_008,1,monthly,0.01,63,42,21,0,8.29336599394992e-15,single_standard_s17,1,v0,0.14519893810203094,0.145117635109945,8.130299208594649e-05,0.000559942057074929,True
f1_907931_008,1,monthly,0.01,63,42,21,0,8.29336599394992e-15,single_sobolev_s17,1,kappa,1.1797941900669247,0.9194828124453329,0.26031137762159173,0.2206413455950528,False
f1_907931_008,1,monthly,0.01,63,42,21,0,8.29336599394992e-15,single_sobolev_s17,1,theta,0.052732958226372244,0.03000069078348083,0.022732267442891415,0.4310827271496177,False
f1_907931_008,1,monthly,0.01,63,42,21,0,8.29336599394992e-15,single_sobolev_s17,1,sigma,0.09830367051094824,0.035234280399940615,0.06306939011100762,0.6415771637335097,False
f1_907931_008,1,monthly,0.01,63,42,21,0,8.29336599394992e-15,single_sobolev_s17,1,rho,-0.2523339802763319,-0.7177378153784515,0.4654038351021196,,False
f1_907931_008,1,monthly,0.01,63,42,21,0,8.29336599394992e-15,single_sobolev_s17,1,v0,0.14519893810203094,0.14510612657771157,9.28115243193639e-05,0.0006392025006005586,True
f1_907931_008,1,rich,0.0,126,84,42,0,1.41886502547095e-14,single_standard_s17,1,kappa,1.1797941900669247,1.1791520798949637,0.000642110171960919,0.0005442560892120472,True
f1_907931_008,1,rich,0.0,126,84,42,0,1.41886502547095e-14,single_standard_s17,1,theta,0.052732958226372244,0.05263196292305495,0.00010099530331729445,0.001915221651016456,True
f1_907931_008,1,rich,0.0,126,84,42,0,1.41886502547095e-14,single_standard_s17,1,sigma,0.09830367051094824,0.08160590051639974,0.0166977699945485,0.16985906943005594,False
f1_907931_008,1,rich,0.0,126,84,42,0,1.41886502547095e-14,single_standard_s17,1,rho,-0.2523339802763319,-0.3376714965027139,0.08533751622638197,,False
f1_907931_008,1,rich,0.0,126,84,42,0,1.41886502547095e-14,single_standard_s17,1,v0,0.14519893810203094,0.14528846522935673,8.952712732579471e-05,0.0006165825211675048,True
f1_907931_008,1,rich,0.0,126,84,42,0,1.41886502547095e-14,single_sobolev_s17,1,kappa,1.1797941900669247,1.1813673102943987,0.001573120227474023,0.0013333852978075665,True
f1_907931_008,1,rich,0.0,126,84,42,0,1.41886502547095e-14,single_sobolev_s17,1,theta,0.052732958226372244,0.0527979128104113,6.495458403905918e-05,0.001231764464269611,True
f1_907931_008,1,rich,0.0,126,84,42,0,1.41886502547095e-14,single_sobolev_s17,1,sigma,0.09830367051094824,0.09732548494952184,0.000978185561426398,0.009950651449148643,True
f1_907931_008,1,rich,0.0,126,84,42,0,1.41886502547095e-14,single_sobolev_s17,1,rho,-0.2523339802763319,-0.25422203928249143,0.0018880590061595148,,True
f1_907931_008,1,rich,0.0,126,84,42,0,1.41886502547095e-14,single_sobolev_s17,1,v0,0.14519893810203094,0.14517283147441953,2.6106627611405253e-05,0.00017979902575499684,True
f1_907931_008,1,rich,0.01,126,84,42,0,1.41886502547095e-14,single_standard_s17,1,kappa,1.1797941900669247,1.253269910606754,0.07347572053982931,0.06227842208280527,False
f1_907931_008,1,rich,0.01,126,84,42,0,1.41886502547095e-14,single_standard_s17,1,theta,0.052732958226372244,0.05639449810818106,0.003661539881808819,0.0694355106362618,False
f1_907931_008,1,rich,0.01,126,84,42,0,1.41886502547095e-14,single_standard_s17,1,sigma,0.09830367051094824,0.13127086535966154,0.0329671948487133,0.33536077215999466,False
f1_907931_008,1,rich,0.01,126,84,42,0,1.41886502547095e-14,single_standard_s17,1,rho,-0.2523339802763319,-0.20075469664859125,0.05157928362774067,,False
f1_907931_008,1,rich,0.01,126,84,42,0,1.41886502547095e-14,single_standard_s17,1,v0,0.14519893810203094,0.1459097375005444,0.0007107993985134564,0.004895348463319886,True
f1_907931_008,1,rich,0.01,126,84,42,0,1.41886502547095e-14,single_sobolev_s17,1,kappa,1.1797941900669247,1.2603819689324895,0.0805877788655649,0.06830664156855484,False
f1_907931_008,1,rich,0.01,126,84,42,0,1.41886502547095e-14,single_sobolev_s17,1,theta,0.052732958226372244,0.05641269350348897,0.003679735277116729,0.06978055851371635,False
f1_907931_008,1,rich,0.01,126,84,42,0,1.41886502547095e-14,single_sobolev_s17,1,sigma,0.09830367051094824,0.11616083777425597,0.01785716726330773,0.18165310786964917,False
f1_907931_008,1,rich,0.01,126,84,42,0,1.41886502547095e-14,single_sobolev_s17,1,rho,-0.2523339802763319,-0.21471288813365552,0.03762109214267639,,True
f1_907931_008,1,rich,0.01,126,84,42,0,1.41886502547095e-14,single_sobolev_s17,1,v0,0.14519893810203094,0.1456186496013361,0.0004197114993051698,0.002890596204017963,True
f1_907931_009,1,monthly,0.0,63,42,21,0,8.03523914072457e-15,single_standard_s17,1,kappa,0.44086767292367457,1.0322595454847454,0.5913918725610708,1.3414271648433063,False
f1_907931_009,1,monthly,0.0,63,42,21,0,8.03523914072457e-15,single_standard_s17,1,theta,0.07336584306394167,0.07124366714212114,0.0021221759218205266,0.02892593928173024,True
f1_907931_009,1,monthly,0.0,63,42,21,0,8.03523914072457e-15,single_standard_s17,1,sigma,0.19073718236657636,0.21563105256486056,0.024893870198284207,0.13051398730658015,False
f1_907931_009,1,monthly,0.0,63,42,21,0,8.03523914072457e-15,single_standard_s17,1,rho,-0.5292739892238122,-0.48881773263748174,0.04045625658633045,,True
f1_907931_009,1,monthly,0.0,63,42,21,0,8.03523914072457e-15,single_standard_s17,1,v0,0.06822475042972574,0.06834041499366696,0.0001156645639412146,0.0016953460908641035,True
f1_907931_009,1,monthly,0.0,63,42,21,0,8.03523914072457e-15,single_sobolev_s17,1,kappa,0.44086767292367457,0.6194385952444107,0.17857092232073613,0.40504426449895614,False
f1_907931_009,1,monthly,0.0,63,42,21,0,8.03523914072457e-15,single_sobolev_s17,1,theta,0.07336584306394167,0.07122408111687306,0.00214176194706861,0.029192903095272373,True
f1_907931_009,1,monthly,0.0,63,42,21,0,8.03523914072457e-15,single_sobolev_s17,1,sigma,0.19073718236657636,0.19462914616113627,0.003891963794559916,0.020404851043044035,True
f1_907931_009,1,monthly,0.0,63,42,21,0,8.03523914072457e-15,single_sobolev_s17,1,rho,-0.5292739892238122,-0.5243357361247449,0.004938253099067258,,True
f1_907931_009,1,monthly,0.0,63,42,21,0,8.03523914072457e-15,single_sobolev_s17,1,v0,0.06822475042972574,0.068237728000559,1.2977570833253016e-05,0.00019021793046528532,True
f1_907931_009,1,monthly,0.01,63,42,21,0,8.03523914072457e-15,single_standard_s17,1,kappa,0.44086767292367457,1.2614900473726927,0.8206223744490181,1.861380239124697,False
f1_907931_009,1,monthly,0.01,63,42,21,0,8.03523914072457e-15,single_standard_s17,1,theta,0.07336584306394167,0.06911864159067353,0.004247201473268139,0.05789071993034292,False
f1_907931_009,1,monthly,0.01,63,42,21,0,8.03523914072457e-15,single_standard_s17,1,sigma,0.19073718236657636,0.21159909998491552,0.020861917618339165,0.10937520078410723,False
f1_907931_009,1,monthly,0.01,63,42,21,0,8.03523914072457e-15,single_standard_s17,1,rho,-0.5292739892238122,-0.5087453252229476,0.020528664000864616,,True
f1_907931_009,1,monthly,0.01,63,42,21,0,8.03523914072457e-15,single_standard_s17,1,v0,0.06822475042972574,0.06849331713781327,0.0002685667080875309,0.003936499677842948,True
f1_907931_009,1,monthly,0.01,63,42,21,0,8.03523914072457e-15,single_sobolev_s17,1,kappa,0.44086767292367457,1.086804607796559,0.6459369348728844,1.4651492376142365,False
f1_907931_009,1,monthly,0.01,63,42,21,0,8.03523914072457e-15,single_sobolev_s17,1,theta,0.07336584306394167,0.06857487483258154,0.004790968231360132,0.06530243545602803,False
f1_907931_009,1,monthly,0.01,63,42,21,0,8.03523914072457e-15,single_sobolev_s17,1,sigma,0.19073718236657636,0.1936937508510909,0.0029565684845145324,0.015500745307395416,True
f1_907931_009,1,monthly,0.01,63,42,21,0,8.03523914072457e-15,single_sobolev_s17,1,rho,-0.5292739892238122,-0.5387476596609453,0.009473670437133097,,True
f1_907931_009,1,monthly,0.01,63,42,21,0,8.03523914072457e-15,single_sobolev_s17,1,v0,0.06822475042972574,0.06835284814102886,0.0001280977113031212,0.0018775841684473002,True
f1_907931_009,1,rich,0.0,126,84,42,0,1.2190248810384218e-14,single_standard_s17,1,kappa,0.44086767292367457,0.4082013820908178,0.03266629083285677,0.07409545502900172,False
f1_907931_009,1,rich,0.0,126,84,42,0,1.2190248810384218e-14,single_standard_s17,1,theta,0.07336584306394167,0.07611843115973899,0.0027525880957973148,0.03751865964926361,True
f1_907931_009,1,rich,0.0,126,84,42,0,1.2190248810384218e-14,single_standard_s17,1,sigma,0.19073718236657636,0.20089557169900923,0.010158389332432877,0.0532585687090079,False
f1_907931_009,1,rich,0.0,126,84,42,0,1.2190248810384218e-14,single_standard_s17,1,rho,-0.5292739892238122,-0.5084850166850949,0.020788972538717254,,True
f1_907931_009,1,rich,0.0,126,84,42,0,1.2190248810384218e-14,single_standard_s17,1,v0,0.06822475042972574,0.06835655651698311,0.0001318060872573662,0.0019319394563873387,True
f1_907931_009,1,rich,0.0,126,84,42,0,1.2190248810384218e-14,single_sobolev_s17,1,kappa,0.44086767292367457,0.4558595744691575,0.01499190154548291,0.034005445321182326,True
f1_907931_009,1,rich,0.0,126,84,42,0,1.2190248810384218e-14,single_sobolev_s17,1,theta,0.07336584306394167,0.0733485124951415,1.7330568800169588e-05,0.0002362212178910724,True
f1_907931_009,1,rich,0.0,126,84,42,0,1.2190248810384218e-14,single_sobolev_s17,1,sigma,0.19073718236657636,0.1937601672970098,0.003022984930433431,0.01584895452960807,True
f1_907931_009,1,rich,0.0,126,84,42,0,1.2190248810384218e-14,single_sobolev_s17,1,rho,-0.5292739892238122,-0.5238379554319368,0.005436033791875405,,True
f1_907931_009,1,rich,0.0,126,84,42,0,1.2190248810384218e-14,single_sobolev_s17,1,v0,0.06822475042972574,0.06818929106029079,3.545936943495642e-05,0.0005197434832902908,True
f1_907931_009,1,rich,0.01,126,84,42,0,1.2190248810384218e-14,single_standard_s17,1,kappa,0.44086767292367457,0.39091678594583446,0.049950886977840114,0.11330131476092122,False
f1_907931_009,1,rich,0.01,126,84,42,0,1.2190248810384218e-14,single_standard_s17,1,theta,0.07336584306394167,0.07836215215279968,0.004996309088858009,0.06810129728221753,False
f1_907931_009,1,rich,0.01,126,84,42,0,1.2190248810384218e-14,single_standard_s17,1,sigma,0.19073718236657636,0.21637344558798152,0.025636263221405164,0.1344062175152353,False
f1_907931_009,1,rich,0.01,126,84,42,0,1.2190248810384218e-14,single_standard_s17,1,rho,-0.5292739892238122,-0.4784682968880606,0.05080569233575161,,False
f1_907931_009,1,rich,0.01,126,84,42,0,1.2190248810384218e-14,single_standard_s17,1,v0,0.06822475042972574,0.06824815898014304,2.3408550417297613e-05,0.0003431093594312136,True
f1_907931_009,1,rich,0.01,126,84,42,0,1.2190248810384218e-14,single_sobolev_s17,1,kappa,0.44086767292367457,0.4407853185170522,8.23544066223536e-05,0.00018680073790897173,True
f1_907931_009,1,rich,0.01,126,84,42,0,1.2190248810384218e-14,single_sobolev_s17,1,theta,0.07336584306394167,0.07596522996694903,0.0025993869030073585,0.0354304781959893,True
f1_907931_009,1,rich,0.01,126,84,42,0,1.2190248810384218e-14,single_sobolev_s17,1,sigma,0.19073718236657636,0.21496598896653,0.024228806599953634,0.12702718106314725,False
f1_907931_009,1,rich,0.01,126,84,42,0,1.2190248810384218e-14,single_sobolev_s17,1,rho,-0.5292739892238122,-0.4770138097684372,0.05226017945537498,,False
f1_907931_009,1,rich,0.01,126,84,42,0,1.2190248810384218e-14,single_sobolev_s17,1,v0,0.06822475042972574,0.0679926957993763,0.00023205463034944862,0.003401326188631123,True
f1_907931_010,1,monthly,0.0,63,42,21,0,8.137240881112007e-15,single_standard_s17,1,kappa,2.3597767582988065,2.090911730074161,0.26886502822464564,0.11393663713277434,False
f1_907931_010,1,monthly,0.0,63,42,21,0,8.137240881112007e-15,single_standard_s17,1,theta,0.18783675445528472,0.20061252319837747,0.012775768743092747,0.0680152762442138,False
f1_907931_010,1,monthly,0.0,63,42,21,0,8.137240881112007e-15,single_standard_s17,1,sigma,0.5419367263217011,0.5458138297634697,0.0038771034417686145,0.007154162568172419,True
f1_907931_010,1,monthly,0.0,63,42,21,0,8.137240881112007e-15,single_standard_s17,1,rho,-0.5028180164238285,-0.498909301522863,0.003908714900965504,,True
f1_907931_010,1,monthly,0.0,63,42,21,0,8.137240881112007e-15,single_standard_s17,1,v0,0.07071028296689764,0.07119611712021422,0.0004858341533165722,0.006870770882701897,True
f1_907931_010,1,monthly,0.0,63,42,21,0,8.137240881112007e-15,single_sobolev_s17,1,kappa,2.3597767582988065,2.1849977257648128,0.17477903253399374,0.0740659182777926,False
f1_907931_010,1,monthly,0.0,63,42,21,0,8.137240881112007e-15,single_sobolev_s17,1,theta,0.18783675445528472,0.19463755943232872,0.006800804977043995,0.03620593316130232,True
f1_907931_010,1,monthly,0.0,63,42,21,0,8.137240881112007e-15,single_sobolev_s17,1,sigma,0.5419367263217011,0.5375426089492018,0.004394117372499284,0.008108174181741793,True
f1_907931_010,1,monthly,0.0,63,42,21,0,8.137240881112007e-15,single_sobolev_s17,1,rho,-0.5028180164238285,-0.503102251401733,0.00028423497790452945,,True
f1_907931_010,1,monthly,0.0,63,42,21,0,8.137240881112007e-15,single_sobolev_s17,1,v0,0.07071028296689764,0.07087631062574605,0.00016602765884840553,0.002347998790022235,True
f1_907931_010,1,monthly,0.01,63,42,21,0,8.137240881112007e-15,single_standard_s17,1,kappa,2.3597767582988065,3.037225647488168,0.6774488891893613,0.28708177025937953,False
f1_907931_010,1,monthly,0.01,63,42,21,0,8.137240881112007e-15,single_standard_s17,1,theta,0.18783675445528472,0.16536436983665126,0.022472384618633462,0.11963784555265568,False
f1_907931_010,1,monthly,0.01,63,42,21,0,8.137240881112007e-15,single_standard_s17,1,sigma,0.5419367263217011,0.562080361135702,0.020143634814000944,0.037169717119417744,True
f1_907931_010,1,monthly,0.01,63,42,21,0,8.137240881112007e-15,single_standard_s17,1,rho,-0.5028180164238285,-0.5021684730350371,0.0006495433887914182,,True
f1_907931_010,1,monthly,0.01,63,42,21,0,8.137240881112007e-15,single_standard_s17,1,v0,0.07071028296689764,0.07088166036604067,0.00017137739914302452,0.0024236559656146935,True
f1_907931_010,1,monthly,0.01,63,42,21,0,8.137240881112007e-15,single_sobolev_s17,1,kappa,2.3597767582988065,2.955814486209584,0.5960377279107774,0.25258225203492074,False
f1_907931_010,1,monthly,0.01,63,42,21,0,8.137240881112007e-15,single_sobolev_s17,1,theta,0.18783675445528472,0.16606148700163187,0.021775267453652852,0.11592655290919936,False
f1_907931_010,1,monthly,0.01,63,42,21,0,8.137240881112007e-15,single_sobolev_s17,1,sigma,0.5419367263217011,0.5471618574127445,0.005225131091043389,0.009641588837331684,True
f1_907931_010,1,monthly,0.01,63,42,21,0,8.137240881112007e-15,single_sobolev_s17,1,rho,-0.5028180164238285,-0.5078575621155111,0.005039545691682634,,True
f1_907931_010,1,monthly,0.01,63,42,21,0,8.137240881112007e-15,single_sobolev_s17,1,v0,0.07071028296689764,0.07075195782491435,4.1674858016704786e-05,0.0005893747877690502,True
f1_907931_010,1,rich,0.0,126,84,42,0,1.7053025658242404e-14,single_standard_s17,1,kappa,2.3597767582988065,2.431698791150122,0.07192203285131571,0.030478320713339523,True
f1_907931_010,1,rich,0.0,126,84,42,0,1.7053025658242404e-14,single_standard_s17,1,theta,0.18783675445528472,0.18699448445423586,0.0008422700010488615,0.004484053206154428,True
f1_907931_010,1,rich,0.0,126,84,42,0,1.7053025658242404e-14,single_standard_s17,1,sigma,0.5419367263217011,0.5570381901371415,0.015101463815440419,0.027865732440646555,True
f1_907931_010,1,rich,0.0,126,84,42,0,1.7053025658242404e-14,single_standard_s17,1,rho,-0.5028180164238285,-0.497000224960702,0.005817791463126498,,True
f1_907931_010,1,rich,0.0,126,84,42,0,1.7053025658242404e-14,single_standard_s17,1,v0,0.07071028296689764,0.07070923840535175,1.0445615458987145e-06,1.4772413601961064e-05,True
f1_907931_010,1,rich,0.0,126,84,42,0,1.7053025658242404e-14,single_sobolev_s17,1,kappa,2.3597767582988065,2.3610720118146657,0.0012952535158592404,0.0005488881570276188,True
f1_907931_010,1,rich,0.0,126,84,42,0,1.7053025658242404e-14,single_sobolev_s17,1,theta,0.18783675445528472,0.18789324680903854,5.649235375382311e-05,0.0003007523949061382,True
f1_907931_010,1,rich,0.0,126,84,42,0,1.7053025658242404e-14,single_sobolev_s17,1,sigma,0.5419367263217011,0.5440172165665016,0.0020804902448005036,0.0038389910551393336,True
f1_907931_010,1,rich,0.0,126,84,42,0,1.7053025658242404e-14,single_sobolev_s17,1,rho,-0.5028180164238285,-0.5012909837760166,0.0015270326478119545,,True
f1_907931_010,1,rich,0.0,126,84,42,0,1.7053025658242404e-14,single_sobolev_s17,1,v0,0.07071028296689764,0.0706083047622737,0.00010197820462394536,0.0014421976598748092,True
f1_907931_010,1,rich,0.01,126,84,42,0,1.7053025658242404e-14,single_standard_s17,1,kappa,2.3597767582988065,2.477184676819531,0.11740791852072441,0.049753824427597675,True
f1_907931_010,1,rich,0.01,126,84,42,0,1.7053025658242404e-14,single_standard_s17,1,theta,0.18783675445528472,0.18654569087817952,0.001291063577105206,0.006873327751265787,True
f1_907931_010,1,rich,0.01,126,84,42,0,1.7053025658242404e-14,single_standard_s17,1,sigma,0.5419367263217011,0.5876198502008829,0.04568312387918183,0.08429604723276071,False
f1_907931_010,1,rich,0.01,126,84,42,0,1.7053025658242404e-14,single_standard_s17,1,rho,-0.5028180164238285,-0.4728319504250234,0.0299860659988051,,True
f1_907931_010,1,rich,0.01,126,84,42,0,1.7053025658242404e-14,single_standard_s17,1,v0,0.07071028296689764,0.0701313304362517,0.0005789525306459514,0.00818767096317494,True
f1_907931_010,1,rich,0.01,126,84,42,0,1.7053025658242404e-14,single_sobolev_s17,1,kappa,2.3597767582988065,2.4067761488507373,0.04699939055193081,0.01991688001275734,True
f1_907931_010,1,rich,0.01,126,84,42,0,1.7053025658242404e-14,single_sobolev_s17,1,theta,0.18783675445528472,0.1873442974072182,0.0004924570480665247,0.0026217289022833707,True
f1_907931_010,1,rich,0.01,126,84,42,0,1.7053025658242404e-14,single_sobolev_s17,1,sigma,0.5419367263217011,0.5748956940575346,0.03295896773583351,0.06081700341576152,False
f1_907931_010,1,rich,0.01,126,84,42,0,1.7053025658242404e-14,single_sobolev_s17,1,rho,-0.5028180164238285,-0.47621997624134244,0.02659804018248607,,True
f1_907931_010,1,rich,0.01,126,84,42,0,1.7053025658242404e-14,single_sobolev_s17,1,v0,0.07071028296689764,0.07002657384377757,0.0006837091231200743,0.009669161180420481,True
f1_907931_011,1,monthly,0.0,63,42,21,0,8.79296635503124e-15,single_standard_s17,1,kappa,0.9707044121793706,1.500155763176571,0.5294513509972003,0.5454300447738835,False
f1_907931_011,1,monthly,0.0,63,42,21,0,8.79296635503124e-15,single_standard_s17,1,theta,0.16635932811550758,0.18037785381520396,0.014018525699696388,0.08426654434407768,False
f1_907931_011,1,monthly,0.0,63,42,21,0,8.79296635503124e-15,single_standard_s17,1,sigma,0.30940546819124887,0.3309278015434031,0.021522333352154255,0.06956028759921892,False
f1_907931_011,1,monthly,0.0,63,42,21,0,8.79296635503124e-15,single_standard_s17,1,rho,-0.5111715242826159,-0.5011491283106171,0.010022395971998832,,True
f1_907931_011,1,monthly,0.0,63,42,21,0,8.79296635503124e-15,single_standard_s17,1,v0,0.20463825862525648,0.20549006409922463,0.0008518054739681535,0.004162493756986181,True
f1_907931_011,1,monthly,0.0,63,42,21,0,8.79296635503124e-15,single_sobolev_s17,1,kappa,0.9707044121793706,1.2417644825970549,0.2710600704176842,0.27924058757404374,False
f1_907931_011,1,monthly,0.0,63,42,21,0,8.79296635503124e-15,single_sobolev_s17,1,theta,0.16635932811550758,0.1742356612377785,0.007876333122270929,0.04734530495820581,True
f1_907931_011,1,monthly,0.0,63,42,21,0,8.79296635503124e-15,single_sobolev_s17,1,sigma,0.30940546819124887,0.31719060539181265,0.007785137200563785,0.0251616018491039,True
f1_907931_011,1,monthly,0.0,63,42,21,0,8.79296635503124e-15,single_sobolev_s17,1,rho,-0.5111715242826159,-0.4958077782004831,0.015363746082132812,,True
f1_907931_011,1,monthly,0.0,63,42,21,0,8.79296635503124e-15,single_sobolev_s17,1,v0,0.20463825862525648,0.20454598106707902,9.227755817745042e-05,0.00045093013788019754,True
f1_907931_011,1,monthly,0.01,63,42,21,0,8.79296635503124e-15,single_standard_s17,1,kappa,0.9707044121793706,2.1750074072505137,1.204302995071143,1.24064852282613,False
f1_907931_011,1,monthly,0.01,63,42,21,0,8.79296635503124e-15,single_standard_s17,1,theta,0.16635932811550758,0.18557945108003807,0.01922012296453049,0.11553378570503399,False
f1_907931_011,1,monthly,0.01,63,42,21,0,8.79296635503124e-15,single_standard_s17,1,sigma,0.30940546819124887,0.21853311384916552,0.09087235434208335,0.2936998976563452,False
f1_907931_011,1,monthly,0.01,63,42,21,0,8.79296635503124e-15,single_standard_s17,1,rho,-0.5111715242826159,-0.7999890000000001,0.28881747571738414,,False
f1_907931_011,1,monthly,0.01,63,42,21,0,8.79296635503124e-15,single_standard_s17,1,v0,0.20463825862525648,0.20498401433805288,0.0003457557127964084,0.001689594678527699,True
f1_907931_011,1,monthly,0.01,63,42,21,0,8.79296635503124e-15,single_sobolev_s17,1,kappa,0.9707044121793706,3.0876027549004763,2.1168983427211057,2.180785742972328,False
f1_907931_011,1,monthly,0.01,63,42,21,0,8.79296635503124e-15,single_sobolev_s17,1,theta,0.16635932811550758,0.18918933754260936,0.022830009427101783,0.13723311872989963,False
f1_907931_011,1,monthly,0.01,63,42,21,0,8.79296635503124e-15,single_sobolev_s17,1,sigma,0.30940546819124887,0.22043420198324587,0.088971266208003,0.287555571425804,False
f1_907931_011,1,monthly,0.01,63,42,21,0,8.79296635503124e-15,single_sobolev_s17,1,rho,-0.5111715242826159,-0.7999890000000001,0.28881747571738414,,False
f1_907931_011,1,monthly,0.01,63,42,21,0,8.79296635503124e-15,single_sobolev_s17,1,v0,0.20463825862525648,0.20440424461346157,0.000234014011794903,0.001143549663523285,True
f1_907931_011,1,rich,0.0,126,84,42,0,1.765254609153999e-14,single_standard_s17,1,kappa,0.9707044121793706,0.9249421630668492,0.04576224911252147,0.047143340998913,True
f1_907931_011,1,rich,0.0,126,84,42,0,1.765254609153999e-14,single_standard_s17,1,theta,0.16635932811550758,0.16617668324289442,0.00018264487261315798,0.0010978937861923976,True
f1_907931_011,1,rich,0.0,126,84,42,0,1.765254609153999e-14,single_standard_s17,1,sigma,0.30940546819124887,0.3165041574703686,0.007098689279119719,0.022942998779620458,True
f1_907931_011,1,rich,0.0,126,84,42,0,1.765254609153999e-14,single_standard_s17,1,rho,-0.5111715242826159,-0.500957250363552,0.010214273919063932,,True
f1_907931_011,1,rich,0.0,126,84,42,0,1.765254609153999e-14,single_standard_s17,1,v0,0.20463825862525648,0.20536119681989443,0.000722938194637951,0.003532761661942357,True
f1_907931_011,1,rich,0.0,126,84,42,0,1.765254609153999e-14,single_sobolev_s17,1,kappa,0.9707044121793706,0.9681355999231797,0.0025688122561909887,0.002646338292028195,True
f1_907931_011,1,rich,0.0,126,84,42,0,1.765254609153999e-14,single_sobolev_s17,1,theta,0.16635932811550758,0.16630141803609305,5.791007941452486e-05,0.0003481023881889953,True
f1_907931_011,1,rich,0.0,126,84,42,0,1.765254609153999e-14,single_sobolev_s17,1,sigma,0.30940546819124887,0.3154260776899136,0.006020609498664731,0.019458639609249852,True
f1_907931_011,1,rich,0.0,126,84,42,0,1.765254609153999e-14,single_sobolev_s17,1,rho,-0.5111715242826159,-0.4950340324283486,0.016137491854267327,,True
f1_907931_011,1,rich,0.0,126,84,42,0,1.765254609153999e-14,single_sobolev_s17,1,v0,0.20463825862525648,0.2045616378642432,7.662076101327964e-05,0.0003744205092831214,True
f1_907931_011,1,rich,0.01,126,84,42,0,1.765254609153999e-14,single_standard_s17,1,kappa,0.9707044121793706,0.7759795939838277,0.194724818195543,0.20060155877766936,False
f1_907931_011,1,rich,0.01,126,84,42,0,1.765254609153999e-14,single_standard_s17,1,theta,0.16635932811550758,0.17003441587614165,0.003675087760634077,0.02209126354539235,True
f1_907931_011,1,rich,0.01,126,84,42,0,1.765254609153999e-14,single_standard_s17,1,sigma,0.30940546819124887,0.3744652282256762,0.06505976003442732,0.21027346547803336,False
f1_907931_011,1,rich,0.01,126,84,42,0,1.765254609153999e-14,single_standard_s17,1,rho,-0.5111715242826159,-0.4049152304979668,0.10625629378464913,,False
f1_907931_011,1,rich,0.01,126,84,42,0,1.765254609153999e-14,single_standard_s17,1,v0,0.20463825862525648,0.20474139850559225,0.00010313988033577859,0.0005040107408490675,True
f1_907931_011,1,rich,0.01,126,84,42,0,1.765254609153999e-14,single_sobolev_s17,1,kappa,0.9707044121793706,0.873625995960339,0.09707841621903168,0.10000821568439842,False
f1_907931_011,1,rich,0.01,126,84,42,0,1.765254609153999e-14,single_sobolev_s17,1,theta,0.16635932811550758,0.1687771263579804,0.0024177982424728184,0.014533589849521866,True
f1_907931_011,1,rich,0.01,126,84,42,0,1.765254609153999e-14,single_sobolev_s17,1,sigma,0.30940546819124887,0.3689297189551484,0.059524250763899555,0.1923826721999192,False
f1_907931_011,1,rich,0.01,126,84,42,0,1.765254609153999e-14,single_sobolev_s17,1,rho,-0.5111715242826159,-0.4130796105152703,0.0980919137673456,,False
f1_907931_011,1,rich,0.01,126,84,42,0,1.765254609153999e-14,single_sobolev_s17,1,v0,0.20463825862525648,0.20426045495967737,0.0003778036655791017,0.0018462025044444605,True
f2_907931_000,2,monthly,0.0,63,42,21,0,8.72635297355373e-15,double_standard_s17,1,kappa,0.41794635285563697,0.20000541620207257,0.2179409366535644,0.5214567256406792,False
f2_907931_000,2,monthly,0.0,63,42,21,0,8.72635297355373e-15,double_standard_s17,1,theta,0.02744775838222551,0.01041557331623069,0.01703218506599482,0.6205310039826218,False
f2_907931_000,2,monthly,0.0,63,42,21,0,8.72635297355373e-15,double_standard_s17,1,sigma,0.035353739296332155,0.0431953330945896,0.007841593798257447,0.2218038022097139,False
f2_907931_000,2,monthly,0.0,63,42,21,0,8.72635297355373e-15,double_standard_s17,1,rho,-0.2636337189555912,-0.3016442148800484,0.03801049592445721,,True
f2_907931_000,2,monthly,0.0,63,42,21,0,8.72635297355373e-15,double_standard_s17,1,v0,0.12092989002661622,0.1158911954970785,0.005038694529537716,0.04166624585889161,True
f2_907931_000,2,monthly,0.0,63,42,21,0,8.72635297355373e-15,double_standard_s17,2,kappa,10.645222707957492,9.608539026027618,1.0366836819298744,0.09738487492186847,False
f2_907931_000,2,monthly,0.0,63,42,21,0,8.72635297355373e-15,double_standard_s17,2,theta,0.04221406652547318,0.04166073097576806,0.0005533355497051237,0.013107847578987093,True
f2_907931_000,2,monthly,0.0,63,42,21,0,8.72635297355373e-15,double_standard_s17,2,sigma,0.394567596694371,0.3584673158949474,0.03610028079942362,0.0914932728938373,False
f2_907931_000,2,monthly,0.0,63,42,21,0,8.72635297355373e-15,double_standard_s17,2,rho,0.09826367912974099,0.1217335446786576,0.023469865548916613,,True
f2_907931_000,2,monthly,0.0,63,42,21,0,8.72635297355373e-15,double_standard_s17,2,v0,0.078565727680909,0.08371022881445524,0.005144501133546239,0.06548022000687613,False
f2_907931_000,2,monthly,0.0,63,42,21,0,8.72635297355373e-15,double_sobolev_s17,1,kappa,0.41794635285563697,0.20000541617373824,0.21794093668189873,0.5214567257084735,False
f2_907931_000,2,monthly,0.0,63,42,21,0,8.72635297355373e-15,double_sobolev_s17,1,theta,0.02744775838222551,0.04797496490463921,0.020527206522413702,0.7478645883048363,False
f2_907931_000,2,monthly,0.0,63,42,21,0,8.72635297355373e-15,double_sobolev_s17,1,sigma,0.035353739296332155,0.020780509057586674,0.014573230238745481,0.41221184883991635,False
f2_907931_000,2,monthly,0.0,63,42,21,0,8.72635297355373e-15,double_sobolev_s17,1,rho,-0.2636337189555912,-0.6225688540434173,0.35893513508782615,,False
f2_907931_000,2,monthly,0.0,63,42,21,0,8.72635297355373e-15,double_sobolev_s17,1,v0,0.12092989002661622,0.09640037750202625,0.024529512524589972,0.20284077426342748,False
f2_907931_000,2,monthly,0.0,63,42,21,0,8.72635297355373e-15,double_sobolev_s17,2,kappa,10.645222707957492,8.454662981822405,2.1905597261350866,0.20577866581387766,False
f2_907931_000,2,monthly,0.0,63,42,21,0,8.72635297355373e-15,double_sobolev_s17,2,theta,0.04221406652547318,0.05702790094719501,0.014813834421721829,0.3509217576274661,False
f2_907931_000,2,monthly,0.0,63,42,21,0,8.72635297355373e-15,double_sobolev_s17,2,sigma,0.394567596694371,0.24809462666698376,0.14647297002738727,0.37122402157327705,False
f2_907931_000,2,monthly,0.0,63,42,21,0,8.72635297355373e-15,double_sobolev_s17,2,rho,0.09826367912974099,0.12157873560038057,0.023315056470639584,,True
f2_907931_000,2,monthly,0.0,63,42,21,0,8.72635297355373e-15,double_sobolev_s17,2,v0,0.078565727680909,0.10280946617366006,0.024243738492751063,0.30857906123158263,False
f2_907931_000,2,monthly,0.01,63,42,21,0,8.72635297355373e-15,double_standard_s17,1,kappa,0.41794635285563697,2.9999187555947042,2.5819724027390674,6.177760339569006,False
f2_907931_000,2,monthly,0.01,63,42,21,0,8.72635297355373e-15,double_standard_s17,1,theta,0.02744775838222551,0.08918643884077809,0.06173868045855258,2.249315940442445,False
f2_907931_000,2,monthly,0.01,63,42,21,0,8.72635297355373e-15,double_standard_s17,1,sigma,0.035353739296332155,0.2765177976220025,0.24116405832567037,6.821458299057221,False
f2_907931_000,2,monthly,0.01,63,42,21,0,8.72635297355373e-15,double_standard_s17,1,rho,-0.2636337189555912,0.01076809087102737,0.27440180982661855,,False
f2_907931_000,2,monthly,0.01,63,42,21,0,8.72635297355373e-15,double_standard_s17,1,v0,0.12092989002661622,0.04051701911793985,0.08041287090867638,0.6649544698252666,False
f2_907931_000,2,monthly,0.01,63,42,21,0,8.72635297355373e-15,double_standard_s17,2,kappa,10.645222707957492,9.735290693453994,0.9099320145034984,0.08547796880034347,False
f2_907931_000,2,monthly,0.01,63,42,21,0,8.72635297355373e-15,double_standard_s17,2,theta,0.04221406652547318,0.09068222598949713,0.04846815946402395,1.1481518710067145,False
f2_907931_000,2,monthly,0.01,63,42,21,0,8.72635297355373e-15,double_standard_s17,2,sigma,0.394567596694371,0.19932580154794627,0.19524179514642476,0.4948247062914736,False
f2_907931_000,2,monthly,0.01,63,42,21,0,8.72635297355373e-15,double_standard_s17,2,rho,0.09826367912974099,0.07971852781429445,0.01854515131544654,,True
f2_907931_000,2,monthly,0.01,63,42,21,0,8.72635297355373e-15,double_standard_s17,2,v0,0.078565727680909,0.16206199909959002,0.08349627141868102,1.0627569282855394,False
f2_907931_000,2,monthly,0.01,63,42,21,0,8.72635297355373e-15,double_sobolev_s17,1,kappa,0.41794635285563697,0.20000541617373824,0.21794093668189873,0.5214567257084735,False
f2_907931_000,2,monthly,0.01,63,42,21,0,8.72635297355373e-15,double_sobolev_s17,1,theta,0.02744775838222551,0.22599306967871824,0.19854531129649272,7.23357108189446,False
f2_907931_000,2,monthly,0.01,63,42,21,0,8.72635297355373e-15,double_sobolev_s17,1,sigma,0.035353739296332155,0.0451020632816509,0.009748323985318746,0.27573671637981745,False
f2_907931_000,2,monthly,0.01,63,42,21,0,8.72635297355373e-15,double_sobolev_s17,1,rho,-0.2636337189555912,-0.09829631978066233,0.16533739917492885,,False
f2_907931_000,2,monthly,0.01,63,42,21,0,8.72635297355373e-15,double_sobolev_s17,1,v0,0.12092989002661622,0.07898858328004506,0.041941306746571164,0.3468233266179274,False
f2_907931_000,2,monthly,0.01,63,42,21,0,8.72635297355373e-15,double_sobolev_s17,2,kappa,10.645222707957492,11.99988700005416,1.3546642920966683,0.12725560838516162,False
f2_907931_000,2,monthly,0.01,63,42,21,0,8.72635297355373e-15,double_sobolev_s17,2,theta,0.04221406652547318,0.07400002264553068,0.0317859561200575,0.752970721284976,False
f2_907931_000,2,monthly,0.01,63,42,21,0,8.72635297355373e-15,double_sobolev_s17,2,sigma,0.394567596694371,0.20030732127138548,0.19426027542298555,0.4923371230949257,False
f2_907931_000,2,monthly,0.01,63,42,21,0,8.72635297355373e-15,double_sobolev_s17,2,rho,0.09826367912974099,0.06441297995046569,0.0338506991792753,,True
f2_907931_000,2,monthly,0.01,63,42,21,0,8.72635297355373e-15,double_sobolev_s17,2,v0,0.078565727680909,0.12385133842627151,0.04528561074536251,0.5764041406106221,False
f2_907931_000,2,rich,0.0,126,84,42,0,1.8318679906315083e-14,double_standard_s17,1,kappa,0.41794635285563697,0.43356171699831986,0.015615364142682886,0.037362125631651574,True
f2_907931_000,2,rich,0.0,126,84,42,0,1.8318679906315083e-14,double_standard_s17,1,theta,0.02744775838222551,0.014350807190258996,0.013096951191966515,0.477159227707563,False
f2_907931_000,2,rich,0.0,126,84,42,0,1.8318679906315083e-14,double_standard_s17,1,sigma,0.035353739296332155,0.033115214317643145,0.0022385249786890105,0.06331791270863533,False
f2_907931_000,2,rich,0.0,126,84,42,0,1.8318679906315083e-14,double_standard_s17,1,rho,-0.2636337189555912,-0.43344573237394035,0.16981201341834917,,False
f2_907931_000,2,rich,0.0,126,84,42,0,1.8318679906315083e-14,double_standard_s17,1,v0,0.12092989002661622,0.10579134557276608,0.015138544453850142,0.12518447218068424,False
f2_907931_000,2,rich,0.0,126,84,42,0,1.8318679906315083e-14,double_standard_s17,2,kappa,10.645222707957492,10.801274736742428,0.15605202878493607,0.014659348429440036,True
f2_907931_000,2,rich,0.0,126,84,42,0,1.8318679906315083e-14,double_standard_s17,2,theta,0.04221406652547318,0.057401076204534135,0.015187009679060955,0.359761826544161,False
f2_907931_000,2,rich,0.0,126,84,42,0,1.8318679906315083e-14,double_standard_s17,2,sigma,0.394567596694371,0.24996963230211117,0.14459796439225986,0.3664719698314819,False
f2_907931_000,2,rich,0.0,126,84,42,0,1.8318679906315083e-14,double_standard_s17,2,rho,0.09826367912974099,0.1299867646323256,0.031723085502584625,,True
f2_907931_000,2,rich,0.0,126,84,42,0,1.8318679906315083e-14,double_standard_s17,2,v0,0.078565727680909,0.09398749401632618,0.015421766335417184,0.19629126835115637,False
f2_907931_000,2,rich,0.0,126,84,42,0,1.8318679906315083e-14,double_sobolev_s17,1,kappa,0.41794635285563697,0.4264775599482977,0.008531207092660753,0.020412206098631803,True
f2_907931_000,2,rich,0.0,126,84,42,0,1.8318679906315083e-14,double_sobolev_s17,1,theta,0.02744775838222551,0.016675225142553103,0.010772533239672408,0.39247406253213135,False
f2_907931_000,2,rich,0.0,126,84,42,0,1.8318679906315083e-14,double_sobolev_s17,1,sigma,0.035353739296332155,0.02168867830829263,0.013665060988039525,0.38652378107730273,False
f2_907931_000,2,rich,0.0,126,84,42,0,1.8318679906315083e-14,double_sobolev_s17,1,rho,-0.2636337189555912,-0.5175256500418493,0.25389193108625807,,False
f2_907931_000,2,rich,0.0,126,84,42,0,1.8318679906315083e-14,double_sobolev_s17,1,v0,0.12092989002661622,0.10909623537775315,0.011833654648863073,0.09785549830780901,False
f2_907931_000,2,rich,0.0,126,84,42,0,1.8318679906315083e-14,double_sobolev_s17,2,kappa,10.645222707957492,10.551122376761159,0.09410033119633354,0.008839677081249966,True
f2_907931_000,2,rich,0.0,126,84,42,0,1.8318679906315083e-14,double_sobolev_s17,2,theta,0.04221406652547318,0.05399136864025862,0.011777302114785441,0.2789899927712171,False
f2_907931_000,2,rich,0.0,126,84,42,0,1.8318679906315083e-14,double_sobolev_s17,2,sigma,0.394567596694371,0.2716729684899154,0.12289462820445562,0.3114666009932104,False
f2_907931_000,2,rich,0.0,126,84,42,0,1.8318679906315083e-14,double_sobolev_s17,2,rho,0.09826367912974099,0.11955737220329543,0.021293693073554443,,True
f2_907931_000,2,rich,0.0,126,84,42,0,1.8318679906315083e-14,double_sobolev_s17,2,v0,0.078565727680909,0.09064928413764567,0.012083556456736672,0.15380187791060076,False
f2_907931_000,2,rich,0.01,126,84,42,0,1.8318679906315083e-14,double_standard_s17,1,kappa,0.41794635285563697,0.23551147256667268,0.1824348802889643,0.43650310390907804,False
f2_907931_000,2,rich,0.01,126,84,42,0,1.8318679906315083e-14,double_standard_s17,1,theta,0.02744775838222551,0.006000318209141862,0.02144744017308365,0.7813913207197453,False
f2_907931_000,2,rich,0.01,126,84,42,0,1.8318679906315083e-14,double_standard_s17,1,sigma,0.035353739296332155,0.04784615725958414,0.012492417963251984,0.3533549268591239,False
f2_907931_000,2,rich,0.01,126,84,42,0,1.8318679906315083e-14,double_standard_s17,1,rho,-0.2636337189555912,0.1948601141636911,0.45849383311928227,,False
f2_907931_000,2,rich,0.01,126,84,42,0,1.8318679906315083e-14,double_standard_s17,1,v0,0.12092989002661622,0.13420762427831764,0.013277734251701423,0.10979695961667577,False
f2_907931_000,2,rich,0.01,126,84,42,0,1.8318679906315083e-14,double_standard_s17,2,kappa,10.645222707957492,8.903921280918857,1.7413014270386356,0.16357585696511376,False
f2_907931_000,2,rich,0.01,126,84,42,0,1.8318679906315083e-14,double_standard_s17,2,theta,0.04221406652547318,0.024000372815836696,0.018213693709636485,0.4314602976864553,False
f2_907931_000,2,rich,0.01,126,84,42,0,1.8318679906315083e-14,double_standard_s17,2,sigma,0.394567596694371,0.17289183973428576,0.22167575696008526,0.5618194672275473,False
f2_907931_000,2,rich,0.01,126,84,42,0,1.8318679906315083e-14,double_standard_s17,2,rho,0.09826367912974099,-0.07735773707411364,0.17562141620385463,,False
f2_907931_000,2,rich,0.01,126,84,42,0,1.8318679906315083e-14,double_standard_s17,2,v0,0.078565727680909,0.06453364993820898,0.014032077742700017,0.17860303922456672,False
f2_907931_000,2,rich,0.01,126,84,42,0,1.8318679906315083e-14,double_sobolev_s17,1,kappa,0.41794635285563697,0.24517996310362375,0.17276638975201322,0.4133697747846804,False
f2_907931_000,2,rich,0.01,126,84,42,0,1.8318679906315083e-14,double_sobolev_s17,1,theta,0.02744775838222551,0.024000372883783885,0.0034473854984416255,0.1255980707216538,False
f2_907931_000,2,rich,0.01,126,84,42,0,1.8318679906315083e-14,double_sobolev_s17,1,sigma,0.035353739296332155,0.027031939193612436,0.008321800102719719,0.23538670218069635,False
f2_907931_000,2,rich,0.01,126,84,42,0,1.8318679906315083e-14,double_sobolev_s17,1,rho,-0.2636337189555912,0.29998900000000006,0.5636227189555912,,False
f2_907931_000,2,rich,0.01,126,84,42,0,1.8318679906315083e-14,double_sobolev_s17,1,v0,0.12092989002661622,0.1534258529561577,0.03249596292954149,0.26871737766725207,False
f2_907931_000,2,rich,0.01,126,84,42,0,1.8318679906315083e-14,double_sobolev_s17,2,kappa,10.645222707957492,9.141269907216575,1.503952800740917,0.14127959949740515,False
f2_907931_000,2,rich,0.01,126,84,42,0,1.8318679906315083e-14,double_sobolev_s17,2,theta,0.04221406652547318,0.006000318232466483,0.0362137482930067,0.857859743769397,False
f2_907931_000,2,rich,0.01,126,84,42,0,1.8318679906315083e-14,double_sobolev_s17,2,sigma,0.394567596694371,0.2505286731211748,0.1440389235731962,0.3650551256107521,False
f2_907931_000,2,rich,0.01,126,84,42,0,1.8318679906315083e-14,double_sobolev_s17,2,rho,0.09826367912974099,-0.05864375475192152,0.1569074338816625,,False
f2_907931_000,2,rich,0.01,126,84,42,0,1.8318679906315083e-14,double_sobolev_s17,2,v0,0.078565727680909,0.04547371962107785,0.033092008059831146,0.4212015727039757,False
f2_907931_001,2,monthly,0.0,63,42,21,0,8.126832540256146e-15,double_standard_s17,1,kappa,2.264051600086165,2.9999187595939873,0.7358671595078223,0.32502225633011933,False
f2_907931_001,2,monthly,0.0,63,42,21,0,8.126832540256146e-15,double_standard_s17,1,theta,0.03201432983481975,0.06327407279780277,0.03125974296298302,0.9764297152015965,False
f2_907931_001,2,monthly,0.0,63,42,21,0,8.126832540256146e-15,double_standard_s17,1,sigma,0.19382559910831057,0.28113590264120963,0.08731030353289906,0.45045806092986557,False
f2_907931_001,2,monthly,0.0,63,42,21,0,8.126832540256146e-15,double_standard_s17,1,rho,-0.377042169298927,-0.15839586952703022,0.21864629977189676,,False
f2_907931_001,2,monthly,0.0,63,42,21,0,8.126832540256146e-15,double_standard_s17,1,v0,0.01802161803024638,0.03735542526154967,0.019333807231303287,1.072811952781077,False
f2_907931_001,2,monthly,0.0,63,42,21,0,8.126832540256146e-15,double_standard_s17,2,kappa,5.198657904196243,5.862005277859649,0.6633473736634059,0.12759973552557985,False
f2_907931_001,2,monthly,0.0,63,42,21,0,8.126832540256146e-15,double_standard_s17,2,theta,0.06959367656961139,0.039535736063078114,0.03005794050653328,0.43190620165709576,False
f2_907931_001,2,monthly,0.0,63,42,21,0,8.126832540256146e-15,double_standard_s17,2,sigma,0.3851993238399047,0.4053540372479611,0.020154713408056413,0.052322816164737225,False
f2_907931_001,2,monthly,0.0,63,42,21,0,8.126832540256146e-15,double_standard_s17,2,rho,-0.1625172632053115,-0.22783412857050367,0.06531686536519216,,False
f2_907931_001,2,monthly,0.0,63,42,21,0,8.126832540256146e-15,double_standard_s17,2,v0,0.0508665188038253,0.031477524673791904,0.019388994130033393,0.38117399393518725,False
f2_907931_001,2,monthly,0.0,63,42,21,0,8.126832540256146e-15,double_sobolev_s17,1,kappa,2.264051600086165,0.2611486902041233,2.002902909882042,0.8846542675113127,False
f2_907931_001,2,monthly,0.0,63,42,21,0,8.126832540256146e-15,double_sobolev_s17,1,theta,0.03201432983481975,0.1150992519197184,0.08308492208489865,2.595241646899414,False
f2_907931_001,2,monthly,0.0,63,42,21,0,8.126832540256146e-15,double_sobolev_s17,1,sigma,0.19382559910831057,0.15267831911088234,0.04114727999742823,0.21229022475217504,False
f2_907931_001,2,monthly,0.0,63,42,21,0,8.126832540256146e-15,double_sobolev_s17,1,rho,-0.377042169298927,-0.23554825396378265,0.14149391533514433,,False
f2_907931_001,2,monthly,0.0,63,42,21,0,8.126832540256146e-15,double_sobolev_s17,1,v0,0.01802161803024638,0.026380329098674705,0.008358711068428323,0.46381579358743336,False
f2_907931_001,2,monthly,0.0,63,42,21,0,8.126832540256146e-15,double_sobolev_s17,2,kappa,5.198657904196243,6.117627497178674,0.9189695929824309,0.1767705453826186,False
f2_907931_001,2,monthly,0.0,63,42,21,0,8.126832540256146e-15,double_sobolev_s17,2,theta,0.06959367656961139,0.06060541072418954,0.008988265845421853,0.1291534847484498,False
f2_907931_001,2,monthly,0.0,63,42,21,0,8.126832540256146e-15,double_sobolev_s17,2,sigma,0.3851993238399047,0.4336645082674191,0.04846518442751441,0.12581845664832308,False
f2_907931_001,2,monthly,0.0,63,42,21,0,8.126832540256146e-15,double_sobolev_s17,2,rho,-0.1625172632053115,-0.193177840966693,0.03066057776138148,,True
f2_907931_001,2,monthly,0.0,63,42,21,0,8.126832540256146e-15,double_sobolev_s17,2,v0,0.0508665188038253,0.04235454685675079,0.00851197194707451,0.16733938447610822,False
f2_907931_001,2,monthly,0.01,63,42,21,0,8.126832540256146e-15,double_standard_s17,1,kappa,2.264051600086165,1.087478883850831,1.176572716235334,0.5196757512905431,False
f2_907931_001,2,monthly,0.01,63,42,21,0,8.126832540256146e-15,double_standard_s17,1,theta,0.03201432983481975,0.11456354081641913,0.08254921098159938,2.578508168295823,False
f2_907931_001,2,monthly,0.01,63,42,21,0,8.126832540256146e-15,double_standard_s17,1,sigma,0.19382559910831057,0.16104683325954217,0.032778765848768404,0.1691147402591104,False
f2_907931_001,2,monthly,0.01,63,42,21,0,8.126832540256146e-15,double_standard_s17,1,rho,-0.377042169298927,-0.17157605712069124,0.20546611217823574,,False
f2_907931_001,2,monthly,0.01,63,42,21,0,8.126832540256146e-15,double_standard_s17,1,v0,0.01802161803024638,0.04597874664388247,0.027957128613636088,1.5513106851290797,False
f2_907931_001,2,monthly,0.01,63,42,21,0,8.126832540256146e-15,double_standard_s17,2,kappa,5.198657904196243,6.636218979013663,1.4375610748174203,0.276525422774415,False
f2_907931_001,2,monthly,0.01,63,42,21,0,8.126832540256146e-15,double_standard_s17,2,theta,0.06959367656961139,0.02864195924535527,0.04095171732425612,0.5884402052432735,False
f2_907931_001,2,monthly,0.01,63,42,21,0,8.126832540256146e-15,double_standard_s17,2,sigma,0.3851993238399047,0.5431641478663363,0.15796482402643158,0.41008593278861627,False
f2_907931_001,2,monthly,0.01,63,42,21,0,8.126832540256146e-15,double_standard_s17,2,rho,-0.1625172632053115,-0.2709229288708656,0.1084056656655541,,False
f2_907931_001,2,monthly,0.01,63,42,21,0,8.126832540256146e-15,double_standard_s17,2,v0,0.0508665188038253,0.023363171604964993,0.027503347198860304,0.5406964707950876,False
f2_907931_001,2,monthly,0.01,63,42,21,0,8.126832540256146e-15,double_sobolev_s17,1,kappa,2.264051600086165,1.5074511330200207,0.7566004670661444,0.3341798689735471,False
f2_907931_001,2,monthly,0.01,63,42,21,0,8.126832540256146e-15,double_sobolev_s17,1,theta,0.03201432983481975,0.07700752525336114,0.044993195418541396,1.4054080048118154,False
f2_907931_001,2,monthly,0.01,63,42,21,0,8.126832540256146e-15,double_sobolev_s17,1,sigma,0.19382559910831057,0.3908362635395427,0.19701066443123214,1.0164326349954513,False
f2_907931_001,2,monthly,0.01,63,42,21,0,8.126832540256146e-15,double_sobolev_s17,1,rho,-0.377042169298927,-0.277839500824106,0.09920266847482095,,False
f2_907931_001,2,monthly,0.01,63,42,21,0,8.126832540256146e-15,double_sobolev_s17,1,v0,0.01802161803024638,0.013960005245211295,0.0040616127850350865,0.22537447959546827,False
f2_907931_001,2,monthly,0.01,63,42,21,0,8.126832540256146e-15,double_sobolev_s17,2,kappa,5.198657904196243,10.488486911335311,5.289829007139068,1.0175374307413523,False
f2_907931_001,2,monthly,0.01,63,42,21,0,8.126832540256146e-15,double_sobolev_s17,2,theta,0.06959367656961139,0.056126262058251206,0.013467414511360187,0.19351491651528632,False
f2_907931_001,2,monthly,0.01,63,42,21,0,8.126832540256146e-15,double_sobolev_s17,2,sigma,0.3851993238399047,0.3718002196989569,0.013399104140947804,0.03478485893323296,True
f2_907931_001,2,monthly,0.01,63,42,21,0,8.126832540256146e-15,double_sobolev_s17,2,rho,-0.1625172632053115,-0.1624609620398874,5.6301165424099686e-05,,True
f2_907931_001,2,monthly,0.01,63,42,21,0,8.126832540256146e-15,double_sobolev_s17,2,v0,0.0508665188038253,0.05583792704287653,0.004971408239051234,0.0977343910288858,False
f2_907931_001,2,rich,0.0,126,84,42,0,1.4521717162097046e-14,double_standard_s17,1,kappa,2.264051600086165,2.733933820747977,0.46988222066181207,0.2075404202995768,False
f2_907931_001,2,rich,0.0,126,84,42,0,1.4521717162097046e-14,double_standard_s17,1,theta,0.03201432983481975,0.05013355651027198,0.01811922667545223,0.565972387019803,False
f2_907931_001,2,rich,0.0,126,84,42,0,1.4521717162097046e-14,double_standard_s17,1,sigma,0.19382559910831057,0.28882070987193126,0.09499511076362069,0.4901061118894673,False
f2_907931_001,2,rich,0.0,126,84,42,0,1.4521717162097046e-14,double_standard_s17,1,rho,-0.377042169298927,-0.258236715252557,0.11880545404637,,False
f2_907931_001,2,rich,0.0,126,84,42,0,1.4521717162097046e-14,double_standard_s17,1,v0,0.01802161803024638,0.029214293229965563,0.011192675199719181,0.6210693835000874,False
f2_907931_001,2,rich,0.0,126,84,42,0,1.4521717162097046e-14,double_standard_s17,2,kappa,5.198657904196243,6.078634657275096,0.8799767530788527,0.16926998646488253,False
f2_907931_001,2,rich,0.0,126,84,42,0,1.4521717162097046e-14,double_standard_s17,2,theta,0.06959367656961139,0.051650330127498034,0.01794334644211336,0.25783012662314864,False
f2_907931_001,2,rich,0.0,126,84,42,0,1.4521717162097046e-14,double_standard_s17,2,sigma,0.3851993238399047,0.3875715558750345,0.0023722320351298176,0.006158453269029509,True
f2_907931_001,2,rich,0.0,126,84,42,0,1.4521717162097046e-14,double_standard_s17,2,rho,-0.1625172632053115,-0.14430940209108012,0.018207861114231394,,True
f2_907931_001,2,rich,0.0,126,84,42,0,1.4521717162097046e-14,double_standard_s17,2,v0,0.0508665188038253,0.03950752113032677,0.01135899767349853,0.2233099087693869,False
f2_907931_001,2,rich,0.0,126,84,42,0,1.4521717162097046e-14,double_sobolev_s17,1,kappa,2.264051600086165,2.876919568393401,0.6128679683072358,0.27069522986309646,False
f2_907931_001,2,rich,0.0,126,84,42,0,1.4521717162097046e-14,double_sobolev_s17,1,theta,0.03201432983481975,0.06474846659528263,0.032734136760462884,1.0224838979718467,False
f2_907931_001,2,rich,0.0,126,84,42,0,1.4521717162097046e-14,double_sobolev_s17,1,sigma,0.19382559910831057,0.22943750123754533,0.03561190212923476,0.1837316757593752,False
f2_907931_001,2,rich,0.0,126,84,42,0,1.4521717162097046e-14,double_sobolev_s17,1,rho,-0.377042169298927,-0.2580466223553204,0.11899554694360659,,False
f2_907931_001,2,rich,0.0,126,84,42,0,1.4521717162097046e-14,double_sobolev_s17,1,v0,0.01802161803024638,0.04295777652905233,0.02493615849880595,1.383680336413447,False
f2_907931_001,2,rich,0.0,126,84,42,0,1.4521717162097046e-14,double_sobolev_s17,2,kappa,5.198657904196243,6.420584563486895,1.2219266592906521,0.2350465604409822,False
f2_907931_001,2,rich,0.0,126,84,42,0,1.4521717162097046e-14,double_sobolev_s17,2,theta,0.06959367656961139,0.036618022103943625,0.03297565446566777,0.47383118827877585,False
f2_907931_001,2,rich,0.0,126,84,42,0,1.4521717162097046e-14,double_sobolev_s17,2,sigma,0.3851993238399047,0.483537340703296,0.09833801686339133,0.2552912499510572,False
f2_907931_001,2,rich,0.0,126,84,42,0,1.4521717162097046e-14,double_sobolev_s17,2,rho,-0.1625172632053115,-0.15946154946709562,0.0030557137382158928,,True
f2_907931_001,2,rich,0.0,126,84,42,0,1.4521717162097046e-14,double_sobolev_s17,2,v0,0.0508665188038253,0.025876920964877995,0.024989597838947303,0.4912779255707198,False
f2_907931_001,2,rich,0.01,126,84,42,0,1.4521717162097046e-14,double_standard_s17,1,kappa,2.264051600086165,2.9999187595938412,0.7358671595076762,0.32502225633005477,False
f2_907931_001,2,rich,0.01,126,84,42,0,1.4521717162097046e-14,double_standard_s17,1,theta,0.03201432983481975,0.054147723812530676,0.022133393977710927,0.6913589661851357,False
f2_907931_001,2,rich,0.01,126,84,42,0,1.4521717162097046e-14,double_standard_s17,1,sigma,0.19382559910831057,0.1020725143520542,0.09175308475625638,0.4733796009317859,False
f2_907931_001,2,rich,0.01,126,84,42,0,1.4521717162097046e-14,double_standard_s17,1,rho,-0.377042169298927,-0.6027838836570927,0.2257417143581657,,False
f2_907931_001,2,rich,0.01,126,84,42,0,1.4521717162097046e-14,double_standard_s17,1,v0,0.01802161803024638,0.03350744533996782,0.01548582730972144,0.8592917286189827,False
f2_907931_001,2,rich,0.01,126,84,42,0,1.4521717162097046e-14,double_standard_s17,2,kappa,5.198657904196243,6.085942837152768,0.8872849329565247,0.1706757684979286,False
f2_907931_001,2,rich,0.01,126,84,42,0,1.4521717162097046e-14,double_standard_s17,2,theta,0.06959367656961139,0.04681283264820363,0.022780843921407765,0.3273407160580333,False
f2_907931_001,2,rich,0.01,126,84,42,0,1.4521717162097046e-14,double_standard_s17,2,sigma,0.3851993238399047,0.5315836153847636,0.14638429154485894,0.3800221923694204,False
f2_907931_001,2,rich,0.01,126,84,42,0,1.4521717162097046e-14,double_standard_s17,2,rho,-0.1625172632053115,-0.12045873996036716,0.04205852324494436,,True
f2_907931_001,2,rich,0.01,126,84,42,0,1.4521717162097046e-14,double_standard_s17,2,v0,0.0508665188038253,0.03487049613580697,0.015996022668018327,0.3144705602856271,False
f2_907931_001,2,rich,0.01,126,84,42,0,1.4521717162097046e-14,double_sobolev_s17,1,kappa,2.264051600086165,2.9999187595939873,0.7358671595078223,0.32502225633011933,False
f2_907931_001,2,rich,0.01,126,84,42,0,1.4521717162097046e-14,double_sobolev_s17,1,theta,0.03201432983481975,0.052314924818376865,0.020300594983557116,0.6341096342887546,False
f2_907931_001,2,rich,0.01,126,84,42,0,1.4521717162097046e-14,double_sobolev_s17,1,sigma,0.19382559910831057,0.08404183390811015,0.10978376520020042,0.5664048799810637,False
f2_907931_001,2,rich,0.01,126,84,42,0,1.4521717162097046e-14,double_sobolev_s17,1,rho,-0.377042169298927,-0.7999890000000001,0.4229468307010731,,False
f2_907931_001,2,rich,0.01,126,84,42,0,1.4521717162097046e-14,double_sobolev_s17,1,v0,0.01802161803024638,0.031704291588093035,0.013682673557846654,0.7592366864552612,False
f2_907931_001,2,rich,0.01,126,84,42,0,1.4521717162097046e-14,double_sobolev_s17,2,kappa,5.198657904196243,6.439090170616964,1.2404322664207212,0.23860624978217387,False
f2_907931_001,2,rich,0.01,126,84,42,0,1.4521717162097046e-14,double_sobolev_s17,2,theta,0.06959367656961139,0.048491942893238826,0.021101733676372567,0.30321337679674765,False
f2_907931_001,2,rich,0.01,126,84,42,0,1.4521717162097046e-14,double_sobolev_s17,2,sigma,0.3851993238399047,0.5201523937229781,0.13495306988307337,0.35034607158127345,False
f2_907931_001,2,rich,0.01,126,84,42,0,1.4521717162097046e-14,double_sobolev_s17,2,rho,-0.1625172632053115,-0.12191774343050821,0.040599519774803305,,True
f2_907931_001,2,rich,0.01,126,84,42,0,1.4521717162097046e-14,double_sobolev_s17,2,v0,0.0508665188038253,0.0366906007633429,0.014175918040482398,0.2786885828604479,False
f2_907931_002,2,monthly,0.0,63,42,21,0,8.115383365314699e-15,double_standard_s17,1,kappa,0.5413664621545508,0.3066894859200404,0.23467697623451034,0.433490052746404,False
f2_907931_002,2,monthly,0.0,63,42,21,0,8.115383365314699e-15,double_standard_s17,1,theta,0.07670183511204548,0.07187155245341177,0.004830282658633708,0.06297479912413656,False
f2_907931_002,2,monthly,0.0,63,42,21,0,8.115383365314699e-15,double_standard_s17,1,sigma,0.22237733439316373,0.14934888547697817,0.07302844891618557,0.328398796196878,False
f2_907931_002,2,monthly,0.0,63,42,21,0,8.115383365314699e-15,double_standard_s17,1,rho,-0.19243819873003332,0.140762034395992,0.3332002331260253,,False
f2_907931_002,2,monthly,0.0,63,42,21,0,8.115383365314699e-15,double_standard_s17,1,v0,0.02548825509320404,0.026570713334652645,0.0010824582414486056,0.042468903323916535,True
f2_907931_002,2,monthly,0.0,63,42,21,0,8.115383365314699e-15,double_standard_s17,2,kappa,5.926389773530275,4.614081282665944,1.3123084908643312,0.22143472518895863,False
f2_907931_002,2,monthly,0.0,63,42,21,0,8.115383365314699e-15,double_standard_s17,2,theta,0.04589284862259441,0.05103562506713944,0.005142776444545034,0.11206051920719284,False
f2_907931_002,2,monthly,0.0,63,42,21,0,8.115383365314699e-15,double_standard_s17,2,sigma,0.28342663885119646,0.2996034139647158,0.016176775113519337,0.05707570459533412,False
f2_907931_002,2,monthly,0.0,63,42,21,0,8.115383365314699e-15,double_standard_s17,2,rho,-0.11781375559119167,-0.30961025262852293,0.19179649703733126,,False
f2_907931_002,2,monthly,0.0,63,42,21,0,8.115383365314699e-15,double_standard_s17,2,v0,0.031168726973133713,0.030222472352486426,0.0009462546206472876,0.030359103901257307,True
f2_907931_002,2,monthly,0.0,63,42,21,0,8.115383365314699e-15,double_sobolev_s17,1,kappa,0.5413664621545508,0.20000541617373824,0.3413610459808125,0.6305544762086867,False
f2_907931_002,2,monthly,0.0,63,42,21,0,8.115383365314699e-15,double_sobolev_s17,1,theta,0.07670183511204548,0.04871924801968963,0.02798258709235585,0.3648229152728757,False
f2_907931_002,2,monthly,0.0,63,42,21,0,8.115383365314699e-15,double_sobolev_s17,1,sigma,0.22237733439316373,0.12120990612969137,0.10116742826347236,0.4549358797718479,False
f2_907931_002,2,monthly,0.0,63,42,21,0,8.115383365314699e-15,double_sobolev_s17,1,rho,-0.19243819873003332,-0.10791683899408422,0.0845213597359491,,False
f2_907931_002,2,monthly,0.0,63,42,21,0,8.115383365314699e-15,double_sobolev_s17,1,v0,0.02548825509320404,0.026654352648024078,0.0011660975548200385,0.04575038779845531,True
f2_907931_002,2,monthly,0.0,63,42,21,0,8.115383365314699e-15,double_sobolev_s17,2,kappa,5.926389773530275,4.043150060368939,1.8832397131613359,0.3177718282338885,False
f2_907931_002,2,monthly,0.0,63,42,21,0,8.115383365314699e-15,double_sobolev_s17,2,theta,0.04589284862259441,0.05630302838372387,0.010410179761129464,0.2268366439124074,False
f2_907931_002,2,monthly,0.0,63,42,21,0,8.115383365314699e-15,double_sobolev_s17,2,sigma,0.28342663885119646,0.3279048354193122,0.044478196568115747,0.15693019099544667,False
f2_907931_002,2,monthly,0.0,63,42,21,0,8.115383365314699e-15,double_sobolev_s17,2,rho,-0.11781375559119167,-0.1721076018544589,0.05429384626326722,,False
f2_907931_002,2,monthly,0.0,63,42,21,0,8.115383365314699e-15,double_sobolev_s17,2,v0,0.031168726973133713,0.030064750957942005,0.0011039760151917086,0.035419348892346325,True
f2_907931_002,2,monthly,0.01,63,42,21,0,8.115383365314699e-15,double_standard_s17,1,kappa,0.5413664621545508,0.20156134584127616,0.3398051163132746,0.627680397786197,False
f2_907931_002,2,monthly,0.01,63,42,21,0,8.115383365314699e-15,double_standard_s17,1,theta,0.07670183511204548,0.23907042817356053,0.16236859306151505,2.1168801610069456,False
f2_907931_002,2,monthly,0.01,63,42,21,0,8.115383365314699e-15,double_standard_s17,1,sigma,0.22237733439316373,0.25365013937520575,0.03127280498204202,0.14062946238375001,False
f2_907931_002,2,monthly,0.01,63,42,21,0,8.115383365314699e-15,double_standard_s17,1,rho,-0.19243819873003332,-0.21497816185323426,0.022539963123200946,,True
f2_907931_002,2,monthly,0.01,63,42,21,0,8.115383365314699e-15,double_standard_s17,1,v0,0.02548825509320404,0.0467794478280996,0.021291192734895558,0.8353334764203789,False
f2_907931_002,2,monthly,0.01,63,42,21,0,8.115383365314699e-15,double_standard_s17,2,kappa,5.926389773530275,0.7016743302278178,5.224715443302457,0.8816017243142211,False
f2_907931_002,2,monthly,0.01,63,42,21,0,8.115383365314699e-15,double_standard_s17,2,theta,0.04589284862259441,0.06092242445316268,0.01502957583056827,0.32749276372373115,False
f2_907931_002,2,monthly,0.01,63,42,21,0,8.115383365314699e-15,double_standard_s17,2,sigma,0.28342663885119646,0.07278015063139065,0.2106464882198058,0.7432134434279433,False
f2_907931_002,2,monthly,0.01,63,42,21,0,8.115383365314699e-15,double_standard_s17,2,rho,-0.11781375559119167,0.3494409822686305,0.4672547378598222,,False
f2_907931_002,2,monthly,0.01,63,42,21,0,8.115383365314699e-15,double_standard_s17,2,v0,0.031168726973133713,0.011695300517637501,0.019473426455496212,0.6247745207008802,False
f2_907931_002,2,monthly,0.01,63,42,21,0,8.115383365314699e-15,double_sobolev_s17,1,kappa,0.5413664621545508,0.39906203820490044,0.14230442394965032,0.2628615437005495,False
f2_907931_002,2,monthly,0.01,63,42,21,0,8.115383365314699e-15,double_sobolev_s17,1,theta,0.07670183511204548,0.15871032215787514,0.08200848704582966,1.0691854624603474,False
f2_907931_002,2,monthly,0.01,63,42,21,0,8.115383365314699e-15,double_sobolev_s17,1,sigma,0.22237733439316373,0.22953706663301826,0.007159732239854527,0.0321963218931121,True
f2_907931_002,2,monthly,0.01,63,42,21,0,8.115383365314699e-15,double_sobolev_s17,1,rho,-0.19243819873003332,-0.24843583874561181,0.0559976400155785,,False
f2_907931_002,2,monthly,0.01,63,42,21,0,8.115383365314699e-15,double_sobolev_s17,1,v0,0.02548825509320404,0.04290956089421007,0.017421305801006034,0.6835032738530263,False
f2_907931_002,2,monthly,0.01,63,42,21,0,8.115383365314699e-15,double_sobolev_s17,2,kappa,5.926389773530275,0.9224050863347946,5.00398468719548,0.8443563245781369,False
f2_907931_002,2,monthly,0.01,63,42,21,0,8.115383365314699e-15,double_sobolev_s17,2,theta,0.04589284862259441,0.04486337845396002,0.0010294701686343888,0.022432038967560408,True
f2_907931_002,2,monthly,0.01,63,42,21,0,8.115383365314699e-15,double_sobolev_s17,2,sigma,0.28342663885119646,0.06848990679916148,0.21493673205203498,0.7583504956458247,False
f2_907931_002,2,monthly,0.01,63,42,21,0,8.115383365314699e-15,double_sobolev_s17,2,rho,-0.11781375559119167,0.49998899999249546,0.6178027555836871,,False
f2_907931_002,2,monthly,0.01,63,42,21,0,8.115383365314699e-15,double_sobolev_s17,2,v0,0.031168726973133713,0.015452198353396323,0.01571652861973739,0.5042403121976863,False
f2_907931_002,2,rich,0.0,126,84,42,0,1.4388490399142028e-14,double_standard_s17,1,kappa,0.5413664621545508,0.5086756640744307,0.0326907980801201,0.06038570980185219,False
f2_907931_002,2,rich,0.0,126,84,42,0,1.4388490399142028e-14,double_standard_s17,1,theta,0.07670183511204548,0.07962091305659331,0.002919077944547835,0.03805747203158395,True
f2_907931_002,2,rich,0.0,126,84,42,0,1.4388490399142028e-14,double_standard_s17,1,sigma,0.22237733439316373,0.20542474909231165,0.016952585300852085,0.07623342256131134,False
f2_907931_002,2,rich,0.0,126,84,42,0,1.4388490399142028e-14,double_standard_s17,1,rho,-0.19243819873003332,-0.18645099194757775,0.0059872067824555675,,True
f2_907931_002,2,rich,0.0,126,84,42,0,1.4388490399142028e-14,double_standard_s17,1,v0,0.02548825509320404,0.02646016556484389,0.0009719104716398516,0.03813169901532385,True
f2_907931_002,2,rich,0.0,126,84,42,0,1.4388490399142028e-14,double_standard_s17,2,kappa,5.926389773530275,5.798443778247934,0.12794599528234052,0.021589196824987892,True
f2_907931_002,2,rich,0.0,126,84,42,0,1.4388490399142028e-14,double_standard_s17,2,theta,0.04589284862259441,0.045045570123245456,0.000847278499348951,0.01846210302430019,True
f2_907931_002,2,rich,0.0,126,84,42,0,1.4388490399142028e-14,double_standard_s17,2,sigma,0.28342663885119646,0.2921607815827994,0.008734142731602945,0.030816237905529092,True
f2_907931_002,2,rich,0.0,126,84,42,0,1.4388490399142028e-14,double_standard_s17,2,rho,-0.11781375559119167,-0.11622861881689878,0.0015851367742928946,,True
f2_907931_002,2,rich,0.0,126,84,42,0,1.4388490399142028e-14,double_standard_s17,2,v0,0.031168726973133713,0.03026226404145011,0.000906462931683602,0.02908244961255362,True
f2_907931_002,2,rich,0.0,126,84,42,0,1.4388490399142028e-14,double_sobolev_s17,1,kappa,0.5413664621545508,0.606392397425485,0.06502593527093425,0.1201144507772823,False
f2_907931_002,2,rich,0.0,126,84,42,0,1.4388490399142028e-14,double_sobolev_s17,1,theta,0.07670183511204548,0.07195628307502966,0.004745552037015821,0.06187012383841343,False
f2_907931_002,2,rich,0.0,126,84,42,0,1.4388490399142028e-14,double_sobolev_s17,1,sigma,0.22237733439316373,0.2658674210200116,0.04349008662684786,0.19556888180859866,False
f2_907931_002,2,rich,0.0,126,84,42,0,1.4388490399142028e-14,double_sobolev_s17,1,rho,-0.19243819873003332,-0.17832938423494393,0.014108814495089383,,True
f2_907931_002,2,rich,0.0,126,84,42,0,1.4388490399142028e-14,double_sobolev_s17,1,v0,0.02548825509320404,0.022120790631340658,0.0033674644618633814,0.13211828152023056,False
f2_907931_002,2,rich,0.0,126,84,42,0,1.4388490399142028e-14,double_sobolev_s17,2,kappa,5.926389773530275,6.222116616115099,0.2957268425848243,0.04989999879954969,True
f2_907931_002,2,rich,0.0,126,84,42,0,1.4388490399142028e-14,double_sobolev_s17,2,theta,0.04589284862259441,0.048289797325488146,0.002396948702893739,0.052229242133242745,False
f2_907931_002,2,rich,0.0,126,84,42,0,1.4388490399142028e-14,double_sobolev_s17,2,sigma,0.28342663885119646,0.23982627134455167,0.04360036750664478,0.15383299072863676,False
f2_907931_002,2,rich,0.0,126,84,42,0,1.4388490399142028e-14,double_sobolev_s17,2,rho,-0.11781375559119167,-0.1325183656162841,0.014704610025092435,,True
f2_907931_002,2,rich,0.0,126,84,42,0,1.4388490399142028e-14,double_sobolev_s17,2,v0,0.031168726973133713,0.03450400384894784,0.0033352768758141277,0.10700715748477674,False
f2_907931_002,2,rich,0.01,126,84,42,0,1.4388490399142028e-14,double_standard_s17,1,kappa,0.5413664621545508,1.3090162419708908,0.7676497798163401,1.4179854746842249,False
f2_907931_002,2,rich,0.01,126,84,42,0,1.4388490399142028e-14,double_standard_s17,1,theta,0.07670183511204548,0.07411856780713344,0.0025832673049120403,0.03367934158470162,True
f2_907931_002,2,rich,0.01,126,84,42,0,1.4388490399142028e-14,double_standard_s17,1,sigma,0.22237733439316373,0.2645520118569597,0.04217467746379597,0.1896536694213225,False
f2_907931_002,2,rich,0.01,126,84,42,0,1.4388490399142028e-14,double_standard_s17,1,rho,-0.19243819873003332,-0.2099650769579331,0.017526878227899778,,True
f2_907931_002,2,rich,0.01,126,84,42,0,1.4388490399142028e-14,double_standard_s17,1,v0,0.02548825509320404,0.03210550294066953,0.00661724784746549,0.2596194923217735,False
f2_907931_002,2,rich,0.01,126,84,42,0,1.4388490399142028e-14,double_standard_s17,2,kappa,5.926389773530275,11.99989809016242,6.073508316632145,1.0248243110432869,False
f2_907931_002,2,rich,0.01,126,84,42,0,1.4388490399142028e-14,double_standard_s17,2,theta,0.04589284862259441,0.030701680549146865,0.015191168073447541,0.3310138404868701,False
f2_907931_002,2,rich,0.01,126,84,42,0,1.4388490399142028e-14,double_standard_s17,2,sigma,0.28342663885119646,0.3075975942608966,0.024170955409700157,0.08528117013866963,False
f2_907931_002,2,rich,0.01,126,84,42,0,1.4388490399142028e-14,double_standard_s17,2,rho,-0.11781375559119167,-0.027271316810500768,0.0905424387806909,,False
f2_907931_002,2,rich,0.01,126,84,42,0,1.4388490399142028e-14,double_standard_s17,2,v0,0.031168726973133713,0.023786543559901115,0.007382183413232598,0.23684584293724176,False
f2_907931_002,2,rich,0.01,126,84,42,0,1.4388490399142028e-14,double_sobolev_s17,1,kappa,0.5413664621545508,1.2703404800620215,0.7289740179074707,1.3465444737863375,False
f2_907931_002,2,rich,0.01,126,84,42,0,1.4388490399142028e-14,double_sobolev_s17,1,theta,0.07670183511204548,0.06347721888876955,0.013224616223275934,0.17241590379105678,False
f2_907931_002,2,rich,0.01,126,84,42,0,1.4388490399142028e-14,double_sobolev_s17,1,sigma,0.22237733439316373,0.31165777880117956,0.08928044440801583,0.4014817636502817,False
f2_907931_002,2,rich,0.01,126,84,42,0,1.4388490399142028e-14,double_sobolev_s17,1,rho,-0.19243819873003332,-0.23521546771944513,0.04277726898941181,,True
f2_907931_002,2,rich,0.01,126,84,42,0,1.4388490399142028e-14,double_sobolev_s17,1,v0,0.02548825509320404,0.021181563106910942,0.004306691986293097,0.1689677057352347,False
f2_907931_002,2,rich,0.01,126,84,42,0,1.4388490399142028e-14,double_sobolev_s17,2,kappa,5.926389773530275,11.9998977034048,6.073507929874525,1.0248242457830468,False
f2_907931_002,2,rich,0.01,126,84,42,0,1.4388490399142028e-14,double_sobolev_s17,2,theta,0.04589284862259441,0.04191551221476709,0.0039773364078273185,0.0866657121360115,False
f2_907931_002,2,rich,0.01,126,84,42,0,1.4388490399142028e-14,double_sobolev_s17,2,sigma,0.28342663885119646,0.2683869848820948,0.015039653969101674,0.053063657072113586,False
f2_907931_002,2,rich,0.01,126,84,42,0,1.4388490399142028e-14,double_sobolev_s17,2,rho,-0.11781375559119167,-0.05984866728341176,0.05796508830777991,,False
f2_907931_002,2,rich,0.01,126,84,42,0,1.4388490399142028e-14,double_sobolev_s17,2,v0,0.031168726973133713,0.03474283567532186,0.0035741087021881474,0.11466970419641766,False
f2_907931_003,2,monthly,0.0,63,42,21,0,8.260059303211164e-15,double_standard_s17,1,kappa,0.6951931695873577,0.8285551439140075,0.13336197432664987,0.19183441403172713,False
f2_907931_003,2,monthly,0.0,63,42,21,0,8.260059303211164e-15,double_standard_s17,1,theta,0.06524374237769252,0.11761691513744196,0.05237317275974944,0.802730972367648,False
f2_907931_003,2,monthly,0.0,63,42,21,0,8.260059303211164e-15,double_standard_s17,1,sigma,0.08148234548597896,0.2383437692719671,0.15686142378598814,1.9250970606016735,False
f2_907931_003,2,monthly,0.0,63,42,21,0,8.260059303211164e-15,double_standard_s17,1,rho,-0.09092095830577851,-0.060530993765401275,0.030389964540377234,,True
f2_907931_003,2,monthly,0.0,63,42,21,0,8.260059303211164e-15,double_standard_s17,1,v0,0.040250554619082994,0.024727000626308875,0.015523553992774119,0.385673045742687,False
f2_907931_003,2,monthly,0.0,63,42,21,0,8.260059303211164e-15,double_standard_s17,2,kappa,9.075048238213656,11.677265291262435,2.602217053048779,0.2867441565865443,False
f2_907931_003,2,monthly,0.0,63,42,21,0,8.260059303211164e-15,double_standard_s17,2,theta,0.10019726807186503,0.09830770370293163,0.001889564368933408,0.0188584420044082,True
f2_907931_003,2,monthly,0.0,63,42,21,0,8.260059303211164e-15,double_standard_s17,2,sigma,0.4818156482121311,0.4005594241721369,0.08125622403999416,0.16864588010271334,False
f2_907931_003,2,monthly,0.0,63,42,21,0,8.260059303211164e-15,double_standard_s17,2,rho,-0.02876963086944273,-0.01460761425939583,0.014162016610046901,,True
f2_907931_003,2,monthly,0.0,63,42,21,0,8.260059303211164e-15,double_standard_s17,2,v0,0.029568408900717748,0.04414570771719896,0.014577298816481211,0.4930024765765249,False
f2_907931_003,2,monthly,0.0,63,42,21,0,8.260059303211164e-15,double_sobolev_s17,1,kappa,0.6951931695873577,0.7908891639758729,0.09569599438851528,0.13765381849956476,False
f2_907931_003,2,monthly,0.0,63,42,21,0,8.260059303211164e-15,double_sobolev_s17,1,theta,0.06524374237769252,0.15337109662324191,0.08812735424554939,1.3507403320824987,False
f2_907931_003,2,monthly,0.0,63,42,21,0,8.260059303211164e-15,double_sobolev_s17,1,sigma,0.08148234548597896,0.13750382293146043,0.05602147744548147,0.6875290237579298,False
f2_907931_003,2,monthly,0.0,63,42,21,0,8.260059303211164e-15,double_sobolev_s17,1,rho,-0.09092095830577851,-0.07201452187580626,0.01890643642997225,,True
f2_907931_003,2,monthly,0.0,63,42,21,0,8.260059303211164e-15,double_sobolev_s17,1,v0,0.040250554619082994,0.05136843044721936,0.011117875828136364,0.2762167113807998,False
f2_907931_003,2,monthly,0.0,63,42,21,0,8.260059303211164e-15,double_sobolev_s17,2,kappa,9.075048238213656,11.999892908890457,2.9248446706768014,0.322295220245852,False
f2_907931_003,2,monthly,0.0,63,42,21,0,8.260059303211164e-15,double_sobolev_s17,2,theta,0.10019726807186503,0.07069109049001206,0.029506177581852977,0.2944808591057603,False
f2_907931_003,2,monthly,0.0,63,42,21,0,8.260059303211164e-15,double_sobolev_s17,2,sigma,0.4818156482121311,0.5813328592185479,0.09951721100641686,0.20654624102744373,False
f2_907931_003,2,monthly,0.0,63,42,21,0,8.260059303211164e-15,double_sobolev_s17,2,rho,-0.02876963086944273,-0.018671948057061516,0.010097682812381215,,True
f2_907931_003,2,monthly,0.0,63,42,21,0,8.260059303211164e-15,double_sobolev_s17,2,v0,0.029568408900717748,0.017233601328874783,0.012334807571842965,0.4171616948771142,False
f2_907931_003,2,monthly,0.01,63,42,21,0,8.260059303211164e-15,double_standard_s17,1,kappa,0.6951931695873577,2.99991875957428,2.3047255899869223,3.3152304867364086,False
f2_907931_003,2,monthly,0.01,63,42,21,0,8.260059303211164e-15,double_standard_s17,1,theta,0.06524374237769252,0.04246300815255103,0.022780734225141493,0.34916351200801826,False
f2_907931_003,2,monthly,0.01,63,42,21,0,8.260059303211164e-15,double_standard_s17,1,sigma,0.08148234548597896,0.3641852042722833,0.2827028587863043,3.4694982956148492,False
f2_907931_003,2,monthly,0.01,63,42,21,0,8.260059303211164e-15,double_standard_s17,1,rho,-0.09092095830577851,0.08300126589652734,0.17392222420230585,,False
f2_907931_003,2,monthly,0.01,63,42,21,0,8.260059303211164e-15,double_standard_s17,1,v0,0.040250554619082994,0.04289169816719887,0.0026411435481158776,0.06561756907726429,False
f2_907931_003,2,monthly,0.01,63,42,21,0,8.260059303211164e-15,double_standard_s17,2,kappa,9.075048238213656,10.999312774736705,1.924264536523049,0.21203904221911044,False
f2_907931_003,2,monthly,0.01,63,42,21,0,8.260059303211164e-15,double_standard_s17,2,theta,0.10019726807186503,0.09652270239095505,0.003674565680909986,0.03667331207348345,True
f2_907931_003,2,monthly,0.01,63,42,21,0,8.260059303211164e-15,double_standard_s17,2,sigma,0.4818156482121311,0.2185875806180495,0.26322806759408157,0.5463252772524918,False
f2_907931_003,2,monthly,0.01,63,42,21,0,8.260059303211164e-15,double_standard_s17,2,rho,-0.02876963086944273,-0.24698342298011056,0.21821379211066783,,False
f2_907931_003,2,monthly,0.01,63,42,21,0,8.260059303211164e-15,double_standard_s17,2,v0,0.029568408900717748,0.023093287204199817,0.0064751216965179305,0.2189878298240374,False
f2_907931_003,2,monthly,0.01,63,42,21,0,8.260059303211164e-15,double_sobolev_s17,1,kappa,0.6951931695873577,0.20000541617373824,0.4951877534136194,0.7123023859793467,False
f2_907931_003,2,monthly,0.01,63,42,21,0,8.260059303211164e-15,double_sobolev_s17,1,theta,0.06524374237769252,0.15660387126369177,0.09136012888599924,1.4002895228958565,False
f2_907931_003,2,monthly,0.01,63,42,21,0,8.260059303211164e-15,double_sobolev_s17,1,sigma,0.08148234548597896,0.04610557902652221,0.035376766459456754,0.4341648027982233,False
f2_907931_003,2,monthly,0.01,63,42,21,0,8.260059303211164e-15,double_sobolev_s17,1,rho,-0.09092095830577851,-0.7999889999358726,0.7090680416300941,,False
f2_907931_003,2,monthly,0.01,63,42,21,0,8.260059303211164e-15,double_sobolev_s17,1,v0,0.040250554619082994,0.0381002727887212,0.002150281830361797,0.053422414938410254,False
f2_907931_003,2,monthly,0.01,63,42,21,0,8.260059303211164e-15,double_sobolev_s17,2,kappa,9.075048238213656,11.99988700005416,2.9248387618405047,0.32229456913787535,False
f2_907931_003,2,monthly,0.01,63,42,21,0,8.260059303211164e-15,double_sobolev_s17,2,theta,0.10019726807186503,0.09452041947210268,0.005676848599762349,0.05665672037775234,False
f2_907931_003,2,monthly,0.01,63,42,21,0,8.260059303211164e-15,double_sobolev_s17,2,sigma,0.4818156482121311,0.4743924293918851,0.0074232188202459914,0.015406761585663026,True
f2_907931_003,2,monthly,0.01,63,42,21,0,8.260059303211164e-15,double_sobolev_s17,2,rho,-0.02876963086944273,0.023207906314697824,0.051977537184140554,,False
f2_907931_003,2,monthly,0.01,63,42,21,0,8.260059303211164e-15,double_sobolev_s17,2,v0,0.029568408900717748,0.027539644008636767,0.002028764892080981,0.06861258239809226,False
f2_907931_003,2,rich,0.0,126,84,42,0,1.8851586958135156e-14,double_standard_s17,1,kappa,0.6951931695873577,0.7409025427032332,0.04570937311587553,0.06575060733552232,False
f2_907931_003,2,rich,0.0,126,84,42,0,1.8851586958135156e-14,double_standard_s17,1,theta,0.06524374237769252,0.06593580623402792,0.0006920638563353981,0.010607359895590869,True
f2_907931_003,2,rich,0.0,126,84,42,0,1.8851586958135156e-14,double_standard_s17,1,sigma,0.08148234548597896,0.0468888060389114,0.03459353944706756,0.42455257320765555,False
f2_907931_003,2,rich,0.0,126,84,42,0,1.8851586958135156e-14,double_standard_s17,1,rho,-0.09092095830577851,-0.2404695776123097,0.14954861930653118,,False
f2_907931_003,2,rich,0.0,126,84,42,0,1.8851586958135156e-14,double_standard_s17,1,v0,0.040250554619082994,0.04206494067763205,0.0018143860585490557,0.04507729336203596,True
f2_907931_003,2,rich,0.0,126,84,42,0,1.8851586958135156e-14,double_standard_s17,2,kappa,9.075048238213656,9.059561828751033,0.01548640946262303,0.0017064823300235587,True
f2_907931_003,2,rich,0.0,126,84,42,0,1.8851586958135156e-14,double_standard_s17,2,theta,0.10019726807186503,0.09832113999779993,0.001876128074065106,0.01872434358908349,True
f2_907931_003,2,rich,0.0,126,84,42,0,1.8851586958135156e-14,double_standard_s17,2,sigma,0.4818156482121311,0.49334399950949825,0.011528351297367179,0.023926892661426266,True
f2_907931_003,2,rich,0.0,126,84,42,0,1.8851586958135156e-14,double_standard_s17,2,rho,-0.02876963086944273,-0.020391555379838167,0.008378075489604564,,True
f2_907931_003,2,rich,0.0,126,84,42,0,1.8851586958135156e-14,double_standard_s17,2,v0,0.029568408900717748,0.02786157551357096,0.0017068333871467882,0.05772489797735976,False
f2_907931_003,2,rich,0.0,126,84,42,0,1.8851586958135156e-14,double_sobolev_s17,1,kappa,0.6951931695873577,0.5604159331162841,0.13477723647107354,0.19387019661178861,False
f2_907931_003,2,rich,0.0,126,84,42,0,1.8851586958135156e-14,double_sobolev_s17,1,theta,0.06524374237769252,0.06527436202256433,3.061964487180435e-05,0.0004693115961152086,True
f2_907931_003,2,rich,0.0,126,84,42,0,1.8851586958135156e-14,double_sobolev_s17,1,sigma,0.08148234548597896,0.04057462606416286,0.040907719421816105,0.5020439602938931,False
f2_907931_003,2,rich,0.0,126,84,42,0,1.8851586958135156e-14,double_sobolev_s17,1,rho,-0.09092095830577851,-0.013061779162017562,0.07785917914376095,,False
f2_907931_003,2,rich,0.0,126,84,42,0,1.8851586958135156e-14,double_sobolev_s17,1,v0,0.040250554619082994,0.038895232898326644,0.00135532172075635,0.0336721253553556,True
f2_907931_003,2,rich,0.0,126,84,42,0,1.8851586958135156e-14,double_sobolev_s17,2,kappa,9.075048238213656,8.911036977202563,0.1640112610110922,0.01807277016120593,True
f2_907931_003,2,rich,0.0,126,84,42,0,1.8851586958135156e-14,double_sobolev_s17,2,theta,0.10019726807186503,0.10252406283767478,0.002326794765809742,0.023222137794624124,True
f2_907931_003,2,rich,0.0,126,84,42,0,1.8851586958135156e-14,double_sobolev_s17,2,sigma,0.4818156482121311,0.47621292226318407,0.005602725948947007,0.011628360286215259,True
f2_907931_003,2,rich,0.0,126,84,42,0,1.8851586958135156e-14,double_sobolev_s17,2,rho,-0.02876963086944273,-0.04375637992631276,0.01498674905687003,,True
f2_907931_003,2,rich,0.0,126,84,42,0,1.8851586958135156e-14,double_sobolev_s17,2,v0,0.029568408900717748,0.03111549250309178,0.0015470836023740338,0.052322179646821634,False
f2_907931_003,2,rich,0.01,126,84,42,0,1.8851586958135156e-14,double_standard_s17,1,kappa,0.6951931695873577,2.1457512942504513,1.4505581246630936,2.0865540516229384,False
f2_907931_003,2,rich,0.01,126,84,42,0,1.8851586958135156e-14,double_standard_s17,1,theta,0.06524374237769252,0.04293385323097824,0.022309889146714286,0.34194680338174865,False
f2_907931_003,2,rich,0.01,126,84,42,0,1.8851586958135156e-14,double_standard_s17,1,sigma,0.08148234548597896,0.20615375871332003,0.12467141322734107,1.5300420291508894,False
f2_907931_003,2,rich,0.01,126,84,42,0,1.8851586958135156e-14,double_standard_s17,1,rho,-0.09092095830577851,0.29998900000000006,0.39090995830577857,,False
f2_907931_003,2,rich,0.01,126,84,42,0,1.8851586958135156e-14,double_standard_s17,1,v0,0.040250554619082994,0.014311941872817941,0.025938612746265053,0.6444287039455457,False
f2_907931_003,2,rich,0.01,126,84,42,0,1.8851586958135156e-14,double_standard_s17,2,kappa,9.075048238213656,10.150021311458255,1.0749730732445997,0.11845370349857212,False
f2_907931_003,2,rich,0.01,126,84,42,0,1.8851586958135156e-14,double_standard_s17,2,theta,0.10019726807186503,0.11393716115480883,0.013739893082943794,0.13712842023885377,False
f2_907931_003,2,rich,0.01,126,84,42,0,1.8851586958135156e-14,double_standard_s17,2,sigma,0.4818156482121311,0.27647548622124607,0.205340161990885,0.4261799357344222,False
f2_907931_003,2,rich,0.01,126,84,42,0,1.8851586958135156e-14,double_standard_s17,2,rho,-0.02876963086944273,-0.12756810654057515,0.09879847567113242,,False
f2_907931_003,2,rich,0.01,126,84,42,0,1.8851586958135156e-14,double_standard_s17,2,v0,0.029568408900717748,0.05724562076439264,0.027677211863674896,0.93603994576127,False
f2_907931_003,2,rich,0.01,126,84,42,0,1.8851586958135156e-14,double_sobolev_s17,1,kappa,0.6951931695873577,2.909928998621726,2.2147358290343684,3.185784794676504,False
f2_907931_003,2,rich,0.01,126,84,42,0,1.8851586958135156e-14,double_sobolev_s17,1,theta,0.06524374237769252,0.08945638777262047,0.024212645394927942,0.3711106155554695,False
f2_907931_003,2,rich,0.01,126,84,42,0,1.8851586958135156e-14,double_sobolev_s17,1,sigma,0.08148234548597896,0.1884634072106607,0.10698106172468175,1.3129354719310389,False
f2_907931_003,2,rich,0.01,126,84,42,0,1.8851586958135156e-14,double_sobolev_s17,1,rho,-0.09092095830577851,0.19472702622887683,0.28564798453465534,,False
f2_907931_003,2,rich,0.01,126,84,42,0,1.8851586958135156e-14,double_sobolev_s17,1,v0,0.040250554619082994,0.05271239035468753,0.012461835735604533,0.30960655955027044,False
f2_907931_003,2,rich,0.01,126,84,42,0,1.8851586958135156e-14,double_sobolev_s17,2,kappa,9.075048238213656,11.999914099289986,2.9248658610763307,0.32229755526369136,False
f2_907931_003,2,rich,0.01,126,84,42,0,1.8851586958135156e-14,double_sobolev_s17,2,theta,0.10019726807186503,0.06603131068771126,0.034165957384153775,0.3409869155279637,False
f2_907931_003,2,rich,0.01,126,84,42,0,1.8851586958135156e-14,double_sobolev_s17,2,sigma,0.4818156482121311,0.18883913333739122,0.29297651487473986,0.6080676623141759,False
f2_907931_003,2,rich,0.01,126,84,42,0,1.8851586958135156e-14,double_sobolev_s17,2,rho,-0.02876963086944273,-0.599989,0.5712193691305573,,False
f2_907931_003,2,rich,0.01,126,84,42,0,1.8851586958135156e-14,double_sobolev_s17,2,v0,0.029568408900717748,0.017841732667936056,0.011726676232781692,0.39659476680522493,False
f2_907931_004,2,monthly,0.0,63,42,21,0,8.215303437530963e-15,double_standard_s17,1,kappa,1.3096182537738656,0.8417567926240553,0.4678614611498103,0.3572502596093143,False
f2_907931_004,2,monthly,0.0,63,42,21,0,8.215303437530963e-15,double_standard_s17,1,theta,0.010269793396558069,0.006219298106485004,0.004050495290073065,0.3944086442314012,False
f2_907931_004,2,monthly,0.0,63,42,21,0,8.215303437530963e-15,double_standard_s17,1,sigma,0.051733886814794655,0.07683853105267524,0.025104644237880586,0.4852649932867843,False
f2_907931_004,2,monthly,0.0,63,42,21,0,8.215303437530963e-15,double_standard_s17,1,rho,-0.5043010282199185,-0.4040610689282917,0.10023995929162682,,False
f2_907931_004,2,monthly,0.0,63,42,21,0,8.215303437530963e-15,double_standard_s17,1,v0,0.025705728103822486,0.028903934028446394,0.003198205924623908,0.12441608001557945,False
f2_907931_004,2,monthly,0.0,63,42,21,0,8.215303437530963e-15,double_standard_s17,2,kappa,10.76460811104193,11.999893417567925,1.235285306525995,0.11475432210661582,False
f2_907931_004,2,monthly,0.0,63,42,21,0,8.215303437530963e-15,double_standard_s17,2,theta,0.027780914211058733,0.024876259559210044,0.002904654651848689,0.10455576190838367,False
f2_907931_004,2,monthly,0.0,63,42,21,0,8.215303437530963e-15,double_standard_s17,2,sigma,0.38655576592907354,0.43881993121306373,0.052264165283990194,0.13520472307113326,False
f2_907931_004,2,monthly,0.0,63,42,21,0,8.215303437530963e-15,double_standard_s17,2,rho,-0.48724405038991536,-0.4811768138525603,0.006067236537355081,,True
f2_907931_004,2,monthly,0.0,63,42,21,0,8.215303437530963e-15,double_standard_s17,2,v0,0.0360514798894443,0.03302827315851141,0.003023206730932891,0.08385804799702748,False
f2_907931_004,2,monthly,0.0,63,42,21,0,8.215303437530963e-15,double_sobolev_s17,1,kappa,1.3096182537738656,1.302392775052609,0.007225478721256673,0.005517240386987085,True
f2_907931_004,2,monthly,0.0,63,42,21,0,8.215303437530963e-15,double_sobolev_s17,1,theta,0.010269793396558069,0.007991886321992324,0.002277907074565745,0.22180651417283506,False
f2_907931_004,2,monthly,0.0,63,42,21,0,8.215303437530963e-15,double_sobolev_s17,1,sigma,0.051733886814794655,0.0654855059633762,0.013751619148581543,0.2658145365688802,False
f2_907931_004,2,monthly,0.0,63,42,21,0,8.215303437530963e-15,double_sobolev_s17,1,rho,-0.5043010282199185,-0.5551413153213078,0.050840287101389325,,False
f2_907931_004,2,monthly,0.0,63,42,21,0,8.215303437530963e-15,double_sobolev_s17,1,v0,0.025705728103822486,0.026885691965050598,0.0011799638612281123,0.045902759745313326,True
f2_907931_004,2,monthly,0.0,63,42,21,0,8.215303437530963e-15,double_sobolev_s17,2,kappa,10.76460811104193,11.999898023927749,1.2352899128858184,0.11475475002371005,False
f2_907931_004,2,monthly,0.0,63,42,21,0,8.215303437530963e-15,double_sobolev_s17,2,theta,0.027780914211058733,0.027701082274939542,7.983193611919154e-05,0.0028736252346732664,True
f2_907931_004,2,monthly,0.0,63,42,21,0,8.215303437530963e-15,double_sobolev_s17,2,sigma,0.38655576592907354,0.4031627124338732,0.016606946504799658,0.042961321414739295,True
f2_907931_004,2,monthly,0.0,63,42,21,0,8.215303437530963e-15,double_sobolev_s17,2,rho,-0.48724405038991536,-0.4714080135817498,0.015836036808165588,,True
f2_907931_004,2,monthly,0.0,63,42,21,0,8.215303437530963e-15,double_sobolev_s17,2,v0,0.0360514798894443,0.03493552296974229,0.0011159569197020103,0.03095453843016184,True
f2_907931_004,2,monthly,0.01,63,42,21,0,8.215303437530963e-15,double_standard_s17,1,kappa,1.3096182537738656,0.8562349212188463,0.4533833325550194,0.3461950314517424,False
f2_907931_004,2,monthly,0.01,63,42,21,0,8.215303437530963e-15,double_standard_s17,1,theta,0.010269793396558069,0.007948400809794781,0.0023213925867632875,0.22604082644362686,False
f2_907931_004,2,monthly,0.01,63,42,21,0,8.215303437530963e-15,double_standard_s17,1,sigma,0.051733886814794655,0.05808257905252933,0.006348692237734675,0.12271825352041983,False
f2_907931_004,2,monthly,0.01,63,42,21,0,8.215303437530963e-15,double_standard_s17,1,rho,-0.5043010282199185,-0.5561566384216033,0.05185561020168483,,False
f2_907931_004,2,monthly,0.01,63,42,21,0,8.215303437530963e-15,double_standard_s17,1,v0,0.025705728103822486,0.03210384574934371,0.006398117645521225,0.24889851863677862,False
f2_907931_004,2,monthly,0.01,63,42,21,0,8.215303437530963e-15,double_standard_s17,2,kappa,10.76460811104193,11.999893562349211,1.2352854513072806,0.1147543355563656,False
f2_907931_004,2,monthly,0.01,63,42,21,0,8.215303437530963e-15,double_standard_s17,2,theta,0.027780914211058733,0.02205228997368602,0.005728624237372713,0.20620718936212412,False
f2_907931_004,2,monthly,0.01,63,42,21,0,8.215303437530963e-15,double_standard_s17,2,sigma,0.38655576592907354,0.4543932642853777,0.06783749835630415,0.17549213938966618,False
f2_907931_004,2,monthly,0.01,63,42,21,0,8.215303437530963e-15,double_standard_s17,2,rho,-0.48724405038991536,-0.5007249180211347,0.013480867631219362,,True
f2_907931_004,2,monthly,0.01,63,42,21,0,8.215303437530963e-15,double_standard_s17,2,v0,0.0360514798894443,0.02971381135814929,0.006337668531295009,0.17579496183596746,False
f2_907931_004,2,monthly,0.01,63,42,21,0,8.215303437530963e-15,double_sobolev_s17,1,kappa,1.3096182537738656,1.2850683296709262,0.024549924102939435,0.018745862797952813,True
f2_907931_004,2,monthly,0.01,63,42,21,0,8.215303437530963e-15,double_sobolev_s17,1,theta,0.010269793396558069,0.006000318160852603,0.004269475235705466,0.41573136584581966,False
f2_907931_004,2,monthly,0.01,63,42,21,0,8.215303437530963e-15,double_sobolev_s17,1,sigma,0.051733886814794655,0.05756693480991634,0.005833047995121687,0.11275101010685273,False
f2_907931_004,2,monthly,0.01,63,42,21,0,8.215303437530963e-15,double_sobolev_s17,1,rho,-0.5043010282199185,-0.5317768021057703,0.027475773885851762,,True
f2_907931_004,2,monthly,0.01,63,42,21,0,8.215303437530963e-15,double_sobolev_s17,1,v0,0.025705728103822486,0.03233611417953495,0.006630386075712463,0.25793418684478003,False
f2_907931_004,2,monthly,0.01,63,42,21,0,8.215303437530963e-15,double_sobolev_s17,2,kappa,10.76460811104193,11.999897850683295,1.235289739641365,0.11475473392981683,False
f2_907931_004,2,monthly,0.01,63,42,21,0,8.215303437530963e-15,double_sobolev_s17,2,theta,0.027780914211058733,0.024000372622686898,0.0037805415883718357,0.13608413170459732,False
f2_907931_004,2,monthly,0.01,63,42,21,0,8.215303437530963e-15,double_sobolev_s17,2,sigma,0.38655576592907354,0.4186029379542091,0.03204717202513557,0.08290439530273541,False
f2_907931_004,2,monthly,0.01,63,42,21,0,8.215303437530963e-15,double_sobolev_s17,2,rho,-0.48724405038991536,-0.5353969608224641,0.04815291043254877,,True
f2_907931_004,2,monthly,0.01,63,42,21,0,8.215303437530963e-15,double_sobolev_s17,2,v0,0.0360514798894443,0.029024300133964284,0.007027179755480017,0.19492070164746667,False
f2_907931_004,2,rich,0.0,126,84,42,0,1.099120794378905e-14,double_standard_s17,1,kappa,1.3096182537738656,1.3568441166440908,0.04722586287022512,0.03606078544960454,True
f2_907931_004,2,rich,0.0,126,84,42,0,1.099120794378905e-14,double_standard_s17,1,theta,0.010269793396558069,0.012174899914181176,0.0019051065176231077,0.18550582704629737,False
f2_907931_004,2,rich,0.0,126,84,42,0,1.099120794378905e-14,double_standard_s17,1,sigma,0.051733886814794655,0.06170001357023245,0.009966126755437794,0.19264214171875677,False
f2_907931_004,2,rich,0.0,126,84,42,0,1.099120794378905e-14,double_standard_s17,1,rho,-0.5043010282199185,-0.5357962093827003,0.03149518116278183,,True
f2_907931_004,2,rich,0.0,126,84,42,0,1.099120794378905e-14,double_standard_s17,1,v0,0.025705728103822486,0.02763584082798353,0.0019301127241610448,0.07508492723355437,False
f2_907931_004,2,rich,0.0,126,84,42,0,1.099120794378905e-14,double_standard_s17,2,kappa,10.76460811104193,11.999898568441166,1.2352904573992358,0.11475480060738312,False
f2_907931_004,2,rich,0.0,126,84,42,0,1.099120794378905e-14,double_standard_s17,2,theta,0.027780914211058733,0.026191654321822036,0.0015892598892366973,0.057206896690392625,False
f2_907931_004,2,rich,0.0,126,84,42,0,1.099120794378905e-14,double_standard_s17,2,sigma,0.38655576592907354,0.4199639317985522,0.033408165869478645,0.0864252167838792,False
f2_907931_004,2,rich,0.0,126,84,42,0,1.099120794378905e-14,double_standard_s17,2,rho,-0.48724405038991536,-0.47370074920391153,0.013543301186003831,,True
f2_907931_004,2,rich,0.0,126,84,42,0,1.099120794378905e-14,double_standard_s17,2,v0,0.0360514798894443,0.034408756640116424,0.0016427232493278765,0.04556604206999164,True
f2_907931_004,2,rich,0.0,126,84,42,0,1.099120794378905e-14,double_sobolev_s17,1,kappa,1.3096182537738656,1.3558659943435416,0.046247740569675955,0.03531390955830526,True
f2_907931_004,2,rich,0.0,126,84,42,0,1.099120794378905e-14,double_sobolev_s17,1,theta,0.010269793396558069,0.010342836445121491,7.304304856342245e-05,0.007112416554348883,True
f2_907931_004,2,rich,0.0,126,84,42,0,1.099120794378905e-14,double_sobolev_s17,1,sigma,0.051733886814794655,0.03845234794084059,0.013281538873954064,0.25672803053637683,False
f2_907931_004,2,rich,0.0,126,84,42,0,1.099120794378905e-14,double_sobolev_s17,1,rho,-0.5043010282199185,-0.7465644019714931,0.24226337375157458,,False
f2_907931_004,2,rich,0.0,126,84,42,0,1.099120794378905e-14,double_sobolev_s17,1,v0,0.025705728103822486,0.025978649944471053,0.000272921840648567,0.010617160484475172,True
f2_907931_004,2,rich,0.0,126,84,42,0,1.099120794378905e-14,double_sobolev_s17,2,kappa,10.76460811104193,11.30652173397026,0.5419136229283303,0.05034215991313755,False
f2_907931_004,2,rich,0.0,126,84,42,0,1.099120794378905e-14,double_sobolev_s17,2,theta,0.027780914211058733,0.027822337482875905,4.14232718171717e-05,0.0014910694263863486,True
f2_907931_004,2,rich,0.0,126,84,42,0,1.099120794378905e-14,double_sobolev_s17,2,sigma,0.38655576592907354,0.3872723009201117,0.0007165349910381869,0.001853639381929848,True
f2_907931_004,2,rich,0.0,126,84,42,0,1.099120794378905e-14,double_sobolev_s17,2,rho,-0.48724405038991536,-0.49464779083389665,0.007403740443981288,,True
f2_907931_004,2,rich,0.0,126,84,42,0,1.099120794378905e-14,double_sobolev_s17,2,v0,0.0360514798894443,0.03587938709944757,0.00017209278999673339,0.004773529145668201,True
f2_907931_004,2,rich,0.01,126,84,42,0,1.099120794378905e-14,double_standard_s17,1,kappa,1.3096182537738656,1.0443519062072741,0.2652663475665915,0.20255242075481605,False
f2_907931_004,2,rich,0.01,126,84,42,0,1.099120794378905e-14,double_standard_s17,1,theta,0.010269793396558069,0.007455910566261051,0.002813882830297018,0.27399605051841586,False
f2_907931_004,2,rich,0.01,126,84,42,0,1.099120794378905e-14,double_standard_s17,1,sigma,0.051733886814794655,0.06887289666409777,0.01713900984930311,0.3312917490746464,False
f2_907931_004,2,rich,0.01,126,84,42,0,1.099120794378905e-14,double_standard_s17,1,rho,-0.5043010282199185,-0.5647680800892628,0.06046705186934431,,False
f2_907931_004,2,rich,0.01,126,84,42,0,1.099120794378905e-14,double_standard_s17,1,v0,0.025705728103822486,0.023047230767846597,0.0026584973359758887,0.10342042541018574,False
f2_907931_004,2,rich,0.01,126,84,42,0,1.099120794378905e-14,double_standard_s17,2,kappa,10.76460811104193,11.999895443519062,1.2352873324771316,0.11475451031143627,False
f2_907931_004,2,rich,0.01,126,84,42,0,1.099120794378905e-14,double_standard_s17,2,theta,0.027780914211058733,0.02982252391200985,0.0020416097009511164,0.07348965140025572,False
f2_907931_004,2,rich,0.01,126,84,42,0,1.099120794378905e-14,double_standard_s17,2,sigma,0.38655576592907354,0.4243706057000347,0.03781483977096117,0.09782505683254912,False
f2_907931_004,2,rich,0.01,126,84,42,0,1.099120794378905e-14,double_standard_s17,2,rho,-0.48724405038991536,-0.41165049340625254,0.07559355698366282,,False
f2_907931_004,2,rich,0.01,126,84,42,0,1.099120794378905e-14,double_standard_s17,2,v0,0.0360514798894443,0.039284872238688,0.003233392349243698,0.08968820029466862,False
f2_907931_004,2,rich,0.01,126,84,42,0,1.099120794378905e-14,double_sobolev_s17,1,kappa,1.3096182537738656,1.1613633557089422,0.14825489806492342,0.1132046668085942,False
f2_907931_004,2,rich,0.01,126,84,42,0,1.099120794378905e-14,double_sobolev_s17,1,theta,0.010269793396558069,0.007573054945146635,0.002696738451411434,0.2625893576705495,False
f2_907931_004,2,rich,0.01,126,84,42,0,1.099120794378905e-14,double_sobolev_s17,1,sigma,0.051733886814794655,0.08349328438909995,0.03175939757430529,0.6138993129977403,False
f2_907931_004,2,rich,0.01,126,84,42,0,1.099120794378905e-14,double_sobolev_s17,1,rho,-0.5043010282199185,-0.5286715358013077,0.024370507581389145,,True
f2_907931_004,2,rich,0.01,126,84,42,0,1.099120794378905e-14,double_sobolev_s17,1,v0,0.025705728103822486,0.022818491435254724,0.0028872366685677615,0.11231880524475105,False
f2_907931_004,2,rich,0.01,126,84,42,0,1.099120794378905e-14,double_sobolev_s17,2,kappa,10.76460811104193,11.999896612280455,1.235288501238525,0.11475461888588517,False
f2_907931_004,2,rich,0.01,126,84,42,0,1.099120794378905e-14,double_sobolev_s17,2,theta,0.027780914211058733,0.03029108385597306,0.0025101696449143264,0.09035590498728456,False
f2_907931_004,2,rich,0.01,126,84,42,0,1.099120794378905e-14,double_sobolev_s17,2,sigma,0.38655576592907354,0.3974311321448419,0.010875366215768345,0.028134016290326896,True
f2_907931_004,2,rich,0.01,126,84,42,0,1.099120794378905e-14,double_sobolev_s17,2,rho,-0.48724405038991536,-0.4190079323659983,0.06823611802391705,,False
f2_907931_004,2,rich,0.01,126,84,42,0,1.099120794378905e-14,double_sobolev_s17,2,v0,0.0360514798894443,0.039521597722346306,0.003470117832902006,0.0962545183593986,False
f2_907931_005,2,monthly,0.0,63,42,21,0,8.493206138382448e-15,double_standard_s17,1,kappa,1.157870522203142,1.057859748518296,0.10001077368484612,0.08637474723387058,False
f2_907931_005,2,monthly,0.0,63,42,21,0,8.493206138382448e-15,double_standard_s17,1,theta,0.05949347045443697,0.047002336169973194,0.012491134284463773,0.20995807084459966,False
f2_907931_005,2,monthly,0.0,63,42,21,0,8.493206138382448e-15,double_standard_s17,1,sigma,0.1308939519784662,0.1360058017078371,0.005111849729370899,0.03905336841087865,True
f2_907931_005,2,monthly,0.0,63,42,21,0,8.493206138382448e-15,double_standard_s17,1,rho,-0.4189749408438433,-0.38235143130425414,0.03662350953958915,,True
f2_907931_005,2,monthly,0.0,63,42,21,0,8.493206138382448e-15,double_standard_s17,1,v0,0.10933937180896589,0.12925469782625626,0.019915326017290375,0.1821423123967254,False
f2_907931_005,2,monthly,0.0,63,42,21,0,8.493206138382448e-15,double_standard_s17,2,kappa,8.519379386079123,10.80336326021364,2.283983874134517,0.2680927530785403,False
f2_907931_005,2,monthly,0.0,63,42,21,0,8.493206138382448e-15,double_standard_s17,2,theta,0.037819706204836934,0.027452072099808825,0.010367634105028108,0.2741331212060591,False
f2_907931_005,2,monthly,0.0,63,42,21,0,8.493206138382448e-15,double_standard_s17,2,sigma,0.24282486798263508,0.11553006725886668,0.12729480072376842,0.5242247294575757,False
f2_907931_005,2,monthly,0.0,63,42,21,0,8.493206138382448e-15,double_standard_s17,2,rho,-0.1259270520006866,-0.25073774321348397,0.12481069121279736,,False
f2_907931_005,2,monthly,0.0,63,42,21,0,8.493206138382448e-15,double_standard_s17,2,v0,0.08007233835795266,0.06045580196094178,0.01961653639701088,0.24498518214015158,False
f2_907931_005,2,monthly,0.0,63,42,21,0,8.493206138382448e-15,double_sobolev_s17,1,kappa,1.157870522203142,0.8447067747450815,0.3131637474580605,0.2704652562206931,False
f2_907931_005,2,monthly,0.0,63,42,21,0,8.493206138382448e-15,double_sobolev_s17,1,theta,0.05949347045443697,0.01571582504653402,0.04377764540790295,0.7358394975702423,False
f2_907931_005,2,monthly,0.0,63,42,21,0,8.493206138382448e-15,double_sobolev_s17,1,sigma,0.1308939519784662,0.14664777211790153,0.015753820139435326,0.12035560009699332,False
f2_907931_005,2,monthly,0.0,63,42,21,0,8.493206138382448e-15,double_sobolev_s17,1,rho,-0.4189749408438433,-0.3834453057114186,0.035529635132424686,,True
f2_907931_005,2,monthly,0.0,63,42,21,0,8.493206138382448e-15,double_sobolev_s17,1,v0,0.10933937180896589,0.11319159736711026,0.0038522255581443787,0.03523182449662194,True
f2_907931_005,2,monthly,0.0,63,42,21,0,8.493206138382448e-15,double_sobolev_s17,2,kappa,8.519379386079123,10.470989984692196,1.9516105986130725,0.22907896340454711,False
f2_907931_005,2,monthly,0.0,63,42,21,0,8.493206138382448e-15,double_sobolev_s17,2,theta,0.037819706204836934,0.04234464744085562,0.004524941236018688,0.1196450657630961,False
f2_907931_005,2,monthly,0.0,63,42,21,0,8.493206138382448e-15,double_sobolev_s17,2,sigma,0.24282486798263508,0.19938416248220173,0.04344070550043336,0.1788972680653939,False
f2_907931_005,2,monthly,0.0,63,42,21,0,8.493206138382448e-15,double_sobolev_s17,2,rho,-0.1259270520006866,-0.12998363078073172,0.004056578780045117,,True
f2_907931_005,2,monthly,0.0,63,42,21,0,8.493206138382448e-15,double_sobolev_s17,2,v0,0.08007233835795266,0.07657029477280625,0.003502043585146414,0.043735997436355575,True
f2_907931_005,2,monthly,0.01,63,42,21,0,8.493206138382448e-15,double_standard_s17,1,kappa,1.157870522203142,0.38616640505937194,0.7717041171437701,0.6664856755100799,False
f2_907931_005,2,monthly,0.01,63,42,21,0,8.493206138382448e-15,double_standard_s17,1,theta,0.05949347045443697,0.05225543686127487,0.007238033593162094,0.12166097452165506,False
f2_907931_005,2,monthly,0.01,63,42,21,0,8.493206138382448e-15,double_standard_s17,1,sigma,0.1308939519784662,0.04532174425156596,0.08557220772690025,0.653752189719033,False
f2_907931_005,2,monthly,0.01,63,42,21,0,8.493206138382448e-15,double_standard_s17,1,rho,-0.4189749408438433,-0.799988999999989,0.38101405915614567,,False
f2_907931_005,2,monthly,0.01,63,42,21,0,8.493206138382448e-15,double_standard_s17,1,v0,0.10933937180896589,0.1106317936243352,0.0012924218153693157,0.011820278404629871,True
f2_907931_005,2,monthly,0.01,63,42,21,0,8.493206138382448e-15,double_standard_s17,2,kappa,8.519379386079123,10.562331997243687,2.042952611164564,0.23980063788482048,False
f2_907931_005,2,monthly,0.01,63,42,21,0,8.493206138382448e-15,double_standard_s17,2,theta,0.037819706204836934,0.036774391319886135,0.0010453148849507987,0.027639423725007908,True
f2_907931_005,2,monthly,0.01,63,42,21,0,8.493206138382448e-15,double_standard_s17,2,sigma,0.24282486798263508,0.793243535998648,0.550418668016013,2.2667310501961215,False
f2_907931_005,2,monthly,0.01,63,42,21,0,8.493206138382448e-15,double_standard_s17,2,rho,-0.1259270520006866,-0.04369231954401953,0.08223473245666707,,False
f2_907931_005,2,monthly,0.01,63,42,21,0,8.493206138382448e-15,double_standard_s17,2,v0,0.08007233835795266,0.0793956693720681,0.0006766689858845598,0.008450720932609733,True
f2_907931_005,2,monthly,0.01,63,42,21,0,8.493206138382448e-15,double_sobolev_s17,1,kappa,1.157870522203142,0.5769182560813298,0.5809522661218122,0.501741995310843,False
f2_907931_005,2,monthly,0.01,63,42,21,0,8.493206138382448e-15,double_sobolev_s17,1,theta,0.05949347045443697,0.015347859865586956,0.04414561058885001,0.7420244650656058,False
f2_907931_005,2,monthly,0.01,63,42,21,0,8.493206138382448e-15,double_sobolev_s17,1,sigma,0.1308939519784662,0.07652105439640204,0.054372897582064164,0.41539656156924065,False
f2_907931_005,2,monthly,0.01,63,42,21,0,8.493206138382448e-15,double_sobolev_s17,1,rho,-0.4189749408438433,-0.7999890000000001,0.38101405915615677,,False
f2_907931_005,2,monthly,0.01,63,42,21,0,8.493206138382448e-15,double_sobolev_s17,1,v0,0.10933937180896589,0.09161631878115353,0.017723053027812352,0.16209214242402528,False
f2_907931_005,2,monthly,0.01,63,42,21,0,8.493206138382448e-15,double_sobolev_s17,2,kappa,8.519379386079123,11.99989076918256,3.480511383103437,0.4085404846262251,False
f2_907931_005,2,monthly,0.01,63,42,21,0,8.493206138382448e-15,double_sobolev_s17,2,theta,0.037819706204836934,0.061389134233897386,0.023569428029060452,0.623204947743514,False
f2_907931_005,2,monthly,0.01,63,42,21,0,8.493206138382448e-15,double_sobolev_s17,2,sigma,0.24282486798263508,0.7392350568413637,0.4964101888587286,2.044313636337395,False
f2_907931_005,2,monthly,0.01,63,42,21,0,8.493206138382448e-15,double_sobolev_s17,2,rho,-0.1259270520006866,-0.019338882240684918,0.10658816976000168,,False
f2_907931_005,2,monthly,0.01,63,42,21,0,8.493206138382448e-15,double_sobolev_s17,2,v0,0.08007233835795266,0.09856721128570722,0.018494872927754563,0.23097705533558557,False
f2_907931_005,2,rich,0.0,126,84,42,0,1.5987211554602254e-14,double_standard_s17,1,kappa,1.157870522203142,1.1327872916704125,0.02508323053272954,0.02166324304120148,True
f2_907931_005,2,rich,0.0,126,84,42,0,1.5987211554602254e-14,double_standard_s17,1,theta,0.05949347045443697,0.06494360868698894,0.005450138232551971,0.0916090150889072,False
f2_907931_005,2,rich,0.0,126,84,42,0,1.5987211554602254e-14,double_standard_s17,1,sigma,0.1308939519784662,0.13004414574243386,0.0008498062360323411,0.006492326216662367,True
f2_907931_005,2,rich,0.0,126,84,42,0,1.5987211554602254e-14,double_standard_s17,1,rho,-0.4189749408438433,-0.4323502290058352,0.013375288161991905,,True
f2_907931_005,2,rich,0.0,126,84,42,0,1.5987211554602254e-14,double_standard_s17,1,v0,0.10933937180896589,0.11595251968240898,0.006613147873443095,0.06048276813769671,False
f2_907931_005,2,rich,0.0,126,84,42,0,1.5987211554602254e-14,double_standard_s17,2,kappa,8.519379386079123,8.80677182390951,0.2873924378303876,0.03373396403733281,True
f2_907931_005,2,rich,0.0,126,84,42,0,1.5987211554602254e-14,double_standard_s17,2,theta,0.037819706204836934,0.03186537664041482,0.0059543295644221145,0.15743986831025641,False
f2_907931_005,2,rich,0.0,126,84,42,0,1.5987211554602254e-14,double_standard_s17,2,sigma,0.24282486798263508,0.11238177086834111,0.13044309711429397,0.5371900258733888,False
f2_907931_005,2,rich,0.0,126,84,42,0,1.5987211554602254e-14,double_standard_s17,2,rho,-0.1259270520006866,-0.22909053739367163,0.10316348539298503,,False
f2_907931_005,2,rich,0.0,126,84,42,0,1.5987211554602254e-14,double_standard_s17,2,v0,0.08007233835795266,0.07357068804783225,0.006501650310120413,0.081197207967821,False
f2_907931_005,2,rich,0.0,126,84,42,0,1.5987211554602254e-14,double_sobolev_s17,1,kappa,1.157870522203142,1.103029343315171,0.05484117888797102,0.04736382681512764,True
f2_907931_005,2,rich,0.0,126,84,42,0,1.5987211554602254e-14,double_sobolev_s17,1,theta,0.05949347045443697,0.04822138640155273,0.01127208405288424,0.18946758302689634,False
f2_907931_005,2,rich,0.0,126,84,42,0,1.5987211554602254e-14,double_sobolev_s17,1,sigma,0.1308939519784662,0.1470205783355019,0.016126626357035684,0.12320375474405974,False
f2_907931_005,2,rich,0.0,126,84,42,0,1.5987211554602254e-14,double_sobolev_s17,1,rho,-0.4189749408438433,-0.43082890847822125,0.01185396763437796,,True
f2_907931_005,2,rich,0.0,126,84,42,0,1.5987211554602254e-14,double_sobolev_s17,1,v0,0.10933937180896589,0.09797818721948791,0.011361184589477977,0.10390753487524934,False
f2_907931_005,2,rich,0.0,126,84,42,0,1.5987211554602254e-14,double_sobolev_s17,2,kappa,8.519379386079123,8.430921604285905,0.08845778179321862,0.010383125082768448,True
f2_907931_005,2,rich,0.0,126,84,42,0,1.5987211554602254e-14,double_sobolev_s17,2,theta,0.037819706204836934,0.0485727770622799,0.010753070857442967,0.2843245476102537,False
f2_907931_005,2,rich,0.0,126,84,42,0,1.5987211554602254e-14,double_sobolev_s17,2,sigma,0.24282486798263508,0.19702779993067218,0.0457970680519629,0.18860122701781082,False
f2_907931_005,2,rich,0.0,126,84,42,0,1.5987211554602254e-14,double_sobolev_s17,2,rho,-0.1259270520006866,-0.11356767773879406,0.012359374261892542,,True
f2_907931_005,2,rich,0.0,126,84,42,0,1.5987211554602254e-14,double_sobolev_s17,2,v0,0.08007233835795266,0.09138118576656902,0.01130884740861636,0.1412328856697262,False
f2_907931_005,2,rich,0.01,126,84,42,0,1.5987211554602254e-14,double_standard_s17,1,kappa,1.157870522203142,1.1080618637179913,0.0498086584851507,0.04301746830066726,True
f2_907931_005,2,rich,0.01,126,84,42,0,1.5987211554602254e-14,double_standard_s17,1,theta,0.05949347045443697,0.019097271893124514,0.04039619856131245,0.6790022207941264,False
f2_907931_005,2,rich,0.01,126,84,42,0,1.5987211554602254e-14,double_standard_s17,1,sigma,0.1308939519784662,0.09959866697100922,0.031295285007456985,0.23908885425512613,False
f2_907931_005,2,rich,0.01,126,84,42,0,1.5987211554602254e-14,double_standard_s17,1,rho,-0.4189749408438433,-0.7999890000000001,0.38101405915615677,,False
f2_907931_005,2,rich,0.01,126,84,42,0,1.5987211554602254e-14,double_standard_s17,1,v0,0.10933937180896589,0.07223242469271482,0.037106947116251066,0.3393740653740273,False
f2_907931_005,2,rich,0.01,126,84,42,0,1.5987211554602254e-14,double_standard_s17,2,kappa,8.519379386079123,9.959437379716045,1.4400579936369216,0.16903320399018876,False
f2_907931_005,2,rich,0.01,126,84,42,0,1.5987211554602254e-14,double_standard_s17,2,theta,0.037819706204836934,0.07638622306764922,0.03856651686281229,1.0197466012541325,False
f2_907931_005,2,rich,0.01,126,84,42,0,1.5987211554602254e-14,double_standard_s17,2,sigma,0.24282486798263508,0.20382493762489268,0.03899993035774241,0.16060929295154142,False
f2_907931_005,2,rich,0.01,126,84,42,0,1.5987211554602254e-14,double_standard_s17,2,rho,-0.1259270520006866,-0.09694093116222768,0.028986120838458918,,True
f2_907931_005,2,rich,0.01,126,84,42,0,1.5987211554602254e-14,double_standard_s17,2,v0,0.08007233835795266,0.11927936040388573,0.03920702204593307,0.48964502411136457,False
f2_907931_005,2,rich,0.01,126,84,42,0,1.5987211554602254e-14,double_sobolev_s17,1,kappa,1.157870522203142,1.1265930512106097,0.03127747099253231,0.027012926223407948,True
f2_907931_005,2,rich,0.01,126,84,42,0,1.5987211554602254e-14,double_sobolev_s17,1,theta,0.05949347045443697,0.01923665851702743,0.040256811937409535,0.6766593313503233,False
f2_907931_005,2,rich,0.01,126,84,42,0,1.5987211554602254e-14,double_sobolev_s17,1,sigma,0.1308939519784662,0.11137279761232143,0.01952115436614478,0.14913717609623606,False
f2_907931_005,2,rich,0.01,126,84,42,0,1.5987211554602254e-14,double_sobolev_s17,1,rho,-0.4189749408438433,-0.7254433140120709,0.30646837316822756,,False
f2_907931_005,2,rich,0.01,126,84,42,0,1.5987211554602254e-14,double_sobolev_s17,1,v0,0.10933937180896589,0.07161264721748245,0.037726724591483435,0.3450424487292493,False
f2_907931_005,2,rich,0.01,126,84,42,0,1.5987211554602254e-14,double_sobolev_s17,2,kappa,8.519379386079123,9.970850578169596,1.451471192090473,0.1703728788580789,False
f2_907931_005,2,rich,0.01,126,84,42,0,1.5987211554602254e-14,double_sobolev_s17,2,theta,0.037819706204836934,0.07694374865589453,0.03912404245105759,1.0344882701932212,False
f2_907931_005,2,rich,0.01,126,84,42,0,1.5987211554602254e-14,double_sobolev_s17,2,sigma,0.24282486798263508,0.21801503720431584,0.024809830778319247,0.10217170500054983,False
f2_907931_005,2,rich,0.01,126,84,42,0,1.5987211554602254e-14,double_sobolev_s17,2,rho,-0.1259270520006866,-0.07270370046187669,0.053223351538809915,,False
f2_907931_005,2,rich,0.01,126,84,42,0,1.5987211554602254e-14,double_sobolev_s17,2,v0,0.08007233835795266,0.11983980872114765,0.03976747036319499,0.4966442991263704,False
f2_907931_006,2,monthly,0.0,63,42,21,0,8.193445921733655e-15,double_standard_s17,1,kappa,1.0394954815517492,0.20000541617373824,0.839490065378011,0.8075937608933403,False
f2_907931_006,2,monthly,0.0,63,42,21,0,8.193445921733655e-15,double_standard_s17,1,theta,0.03501114869972472,0.013628463504148673,0.021382685195576047,0.6107393213220728,False
f2_907931_006,2,monthly,0.0,63,42,21,0,8.193445921733655e-15,double_standard_s17,1,sigma,0.20339735782340074,0.06645049404511026,0.13694686377829046,0.6732971619876903,False
f2_907931_006,2,monthly,0.0,63,42,21,0,8.193445921733655e-15,double_standard_s17,1,rho,-0.2436448631745749,-0.37227110344934905,0.12862624027477415,,False
f2_907931_006,2,monthly,0.0,63,42,21,0,8.193445921733655e-15,double_standard_s17,1,v0,0.05317975677419807,0.0557775586841857,0.0025978019099876307,0.04884945076033219,True
f2_907931_006,2,monthly,0.0,63,42,21,0,8.193445921733655e-15,double_standard_s17,2,kappa,6.93534957895659,6.785795633594836,0.14955394536175337,0.021564009666583162,True
f2_907931_006,2,monthly,0.0,63,42,21,0,8.193445921733655e-15,double_standard_s17,2,theta,0.0588716824364385,0.052888929014151244,0.005982753422287254,0.1016236189401688,False
f2_907931_006,2,monthly,0.0,63,42,21,0,8.193445921733655e-15,double_standard_s17,2,sigma,0.35774678738849497,0.370514595998579,0.01276780861008403,0.03568951297449063,True
f2_907931_006,2,monthly,0.0,63,42,21,0,8.193445921733655e-15,double_standard_s17,2,rho,0.2852736449646671,0.2435100741269245,0.041763570837742625,,True
f2_907931_006,2,monthly,0.0,63,42,21,0,8.193445921733655e-15,double_standard_s17,2,v0,0.11501595802870228,0.1124496607648688,0.002566297263833478,0.022312532172214378,True
f2_907931_006,2,monthly,0.0,63,42,21,0,8.193445921733655e-15,double_sobolev_s17,1,kappa,1.0394954815517492,0.8587604738049882,0.180735007746761,0.1738680070806671,False
f2_907931_006,2,monthly,0.0,63,42,21,0,8.193445921733655e-15,double_sobolev_s17,1,theta,0.03501114869972472,0.071637651001142,0.03662650230141728,1.0461382634299359,False
f2_907931_006,2,monthly,0.0,63,42,21,0,8.193445921733655e-15,double_sobolev_s17,1,sigma,0.20339735782340074,0.21407573191217466,0.010678374088773923,0.05250006294597689,False
f2_907931_006,2,monthly,0.0,63,42,21,0,8.193445921733655e-15,double_sobolev_s17,1,rho,-0.2436448631745749,-0.18585192906488324,0.05779293410969166,,False
f2_907931_006,2,monthly,0.0,63,42,21,0,8.193445921733655e-15,double_sobolev_s17,1,v0,0.05317975677419807,0.053009201996133744,0.00017055477806432462,0.0032071372343522066,True
f2_907931_006,2,monthly,0.0,63,42,21,0,8.193445921733655e-15,double_sobolev_s17,2,kappa,6.93534957895659,6.036286845555239,0.899062733401351,0.12963481121835727,False
f2_907931_006,2,monthly,0.0,63,42,21,0,8.193445921733655e-15,double_sobolev_s17,2,theta,0.0588716824364385,0.046148261498919096,0.012723420937519402,0.21612123878498618,False
f2_907931_006,2,monthly,0.0,63,42,21,0,8.193445921733655e-15,double_sobolev_s17,2,sigma,0.35774678738849497,0.3340796596574821,0.02366712773101287,0.06615608739292902,False
f2_907931_006,2,monthly,0.0,63,42,21,0,8.193445921733655e-15,double_sobolev_s17,2,rho,0.2852736449646671,0.2787284853042682,0.006545159660398925,,True
f2_907931_006,2,monthly,0.0,63,42,21,0,8.193445921733655e-15,double_sobolev_s17,2,v0,0.11501595802870228,0.11513850012477647,0.00012254209607419353,0.0010654355984550691,True
f2_907931_006,2,monthly,0.01,63,42,21,0,8.193445921733655e-15,double_standard_s17,1,kappa,1.0394954815517492,2.9999187595939873,1.9604232780422381,1.8859372771065215,False
f2_907931_006,2,monthly,0.01,63,42,21,0,8.193445921733655e-15,double_standard_s17,1,theta,0.03501114869972472,0.04499337747014008,0.00998222877041536,0.28511571716851,False
f2_907931_006,2,monthly,0.01,63,42,21,0,8.193445921733655e-15,double_standard_s17,1,sigma,0.20339735782340074,0.1562538685766994,0.04714348924670134,0.2317802441054006,False
f2_907931_006,2,monthly,0.01,63,42,21,0,8.193445921733655e-15,double_standard_s17,1,rho,-0.2436448631745749,0.07926216114664575,0.32290702432122065,,False
f2_907931_006,2,monthly,0.01,63,42,21,0,8.193445921733655e-15,double_standard_s17,1,v0,0.05317975677419807,0.1327837167693028,0.07960395999510475,1.4968846197079124,False
f2_907931_006,2,monthly,0.01,63,42,21,0,8.193445921733655e-15,double_standard_s17,2,kappa,6.93534957895659,11.999914999187595,5.0645654202310055,0.7302538051719896,False
f2_907931_006,2,monthly,0.01,63,42,21,0,8.193445921733655e-15,double_standard_s17,2,theta,0.0588716824364385,0.028400599299716302,0.030471083136722196,0.5175847177396478,False
f2_907931_006,2,monthly,0.01,63,42,21,0,8.193445921733655e-15,double_standard_s17,2,sigma,0.35774678738849497,0.5381966813265195,0.18044989393802457,0.5044067488496132,False
f2_907931_006,2,monthly,0.01,63,42,21,0,8.193445921733655e-15,double_standard_s17,2,rho,0.2852736449646671,0.3377268638020626,0.05245321883739551,,False
f2_907931_006,2,monthly,0.01,63,42,21,0,8.193445921733655e-15,double_standard_s17,2,v0,0.11501595802870228,0.03319717404900687,0.08181878397969541,0.7113689733321832,False
f2_907931_006,2,monthly,0.01,63,42,21,0,8.193445921733655e-15,double_sobolev_s17,1,kappa,1.0394954815517492,0.4454269858195874,0.5940684957321618,0.571496948544059,False
f2_907931_006,2,monthly,0.01,63,42,21,0,8.193445921733655e-15,double_sobolev_s17,1,theta,0.03501114869972472,0.0812118852380645,0.046200736538339775,1.3196007058946635,False
f2_907931_006,2,monthly,0.01,63,42,21,0,8.193445921733655e-15,double_sobolev_s17,1,sigma,0.20339735782340074,0.2420761182335013,0.03867876041010057,0.19016353419734838,False
f2_907931_006,2,monthly,0.01,63,42,21,0,8.193445921733655e-15,double_sobolev_s17,1,rho,-0.2436448631745749,0.030559377716560254,0.27420424089113515,,False
f2_907931_006,2,monthly,0.01,63,42,21,0,8.193445921733655e-15,double_sobolev_s17,1,v0,0.05317975677419807,0.05891636241020663,0.005736605636008564,0.10787197956482324,False
f2_907931_006,2,monthly,0.01,63,42,21,0,8.193445921733655e-15,double_sobolev_s17,2,kappa,6.93534957895659,3.715605487625429,3.219744091331161,0.4642511606192986,False
f2_907931_006,2,monthly,0.01,63,42,21,0,8.193445921733655e-15,double_sobolev_s17,2,theta,0.0588716824364385,0.020303732680161005,0.03856794975627749,0.6551188646242245,False
f2_907931_006,2,monthly,0.01,63,42,21,0,8.193445921733655e-15,double_sobolev_s17,2,sigma,0.35774678738849497,0.10323473104797179,0.2545120563405232,0.7114307250623496,False
f2_907931_006,2,monthly,0.01,63,42,21,0,8.193445921733655e-15,double_sobolev_s17,2,rho,0.2852736449646671,0.49998900000000013,0.214715355035333,,False
f2_907931_006,2,monthly,0.01,63,42,21,0,8.193445921733655e-15,double_sobolev_s17,2,v0,0.11501595802870228,0.10718745066796877,0.007828507360733511,0.06806453204328311,False
f2_907931_006,2,rich,0.0,126,84,42,0,1.4854784069484593e-14,double_standard_s17,1,kappa,1.0394954815517492,0.8137794592926286,0.22571602225912057,0.2171399744058279,False
f2_907931_006,2,rich,0.0,126,84,42,0,1.4854784069484593e-14,double_standard_s17,1,theta,0.03501114869972472,0.045617780825700574,0.010606632125975853,0.30295013216916383,False
f2_907931_006,2,rich,0.0,126,84,42,0,1.4854784069484593e-14,double_standard_s17,1,sigma,0.20339735782340074,0.18003420435371728,0.023363153469683456,0.11486458683484206,False
f2_907931_006,2,rich,0.0,126,84,42,0,1.4854784069484593e-14,double_standard_s17,1,rho,-0.2436448631745749,-0.17175800889276294,0.07188685428181196,,False
f2_907931_006,2,rich,0.0,126,84,42,0,1.4854784069484593e-14,double_standard_s17,1,v0,0.05317975677419807,0.06313019307214689,0.009950436297948818,0.18710947363295585,False
f2_907931_006,2,rich,0.0,126,84,42,0,1.4854784069484593e-14,double_standard_s17,2,kappa,6.93534957895659,6.780584222890626,0.15476535606596364,0.022315436922683254,True
f2_907931_006,2,rich,0.0,126,84,42,0,1.4854784069484593e-14,double_standard_s17,2,theta,0.0588716824364385,0.047172212961205946,0.011699469475232552,0.19872830180900675,False
f2_907931_006,2,rich,0.0,126,84,42,0,1.4854784069484593e-14,double_standard_s17,2,sigma,0.35774678738849497,0.35780079596547537,5.400857698040218e-05,0.0001509687267205326,True
f2_907931_006,2,rich,0.0,126,84,42,0,1.4854784069484593e-14,double_standard_s17,2,rho,0.2852736449646671,0.294644367098278,0.009370722133610898,,True
f2_907931_006,2,rich,0.0,126,84,42,0,1.4854784069484593e-14,double_standard_s17,2,v0,0.11501595802870228,0.1049429515483931,0.010073006480309177,0.08757920772868277,False
f2_907931_006,2,rich,0.0,126,84,42,0,1.4854784069484593e-14,double_sobolev_s17,1,kappa,1.0394954815517492,0.8459454962064099,0.1935499853453393,0.18619608144559674,False
f2_907931_006,2,rich,0.0,126,84,42,0,1.4854784069484593e-14,double_sobolev_s17,1,theta,0.03501114869972472,0.04009803688576566,0.005086888186040937,0.14529338153594867,False
f2_907931_006,2,rich,0.0,126,84,42,0,1.4854784069484593e-14,double_sobolev_s17,1,sigma,0.20339735782340074,0.20904655111396242,0.005649193290561683,0.027774172442626227,True
f2_907931_006,2,rich,0.0,126,84,42,0,1.4854784069484593e-14,double_sobolev_s17,1,rho,-0.2436448631745749,-0.19823224498695668,0.045412618187618214,,True
f2_907931_006,2,rich,0.0,126,84,42,0,1.4854784069484593e-14,double_sobolev_s17,1,v0,0.05317975677419807,0.05687173835844073,0.003691981584242658,0.06942456694412612,False
f2_907931_006,2,rich,0.0,126,84,42,0,1.4854784069484593e-14,double_sobolev_s17,2,kappa,6.93534957895659,6.784047069354115,0.15130250960247515,0.021816133113399357,True
f2_907931_006,2,rich,0.0,126,84,42,0,1.4854784069484593e-14,double_sobolev_s17,2,theta,0.0588716824364385,0.053594143321778975,0.005277539114659523,0.08964478160374438,False
f2_907931_006,2,rich,0.0,126,84,42,0,1.4854784069484593e-14,double_sobolev_s17,2,sigma,0.35774678738849497,0.34421778568142225,0.013529001707072719,0.037817255623265475,True
f2_907931_006,2,rich,0.0,126,84,42,0,1.4854784069484593e-14,double_sobolev_s17,2,rho,0.2852736449646671,0.29597110752462097,0.010697462559953852,,True
f2_907931_006,2,rich,0.0,126,84,42,0,1.4854784069484593e-14,double_sobolev_s17,2,v0,0.11501595802870228,0.1112496675228765,0.0037662905058257756,0.032745808237200406,True
f2_907931_006,2,rich,0.01,126,84,42,0,1.4854784069484593e-14,double_standard_s17,1,kappa,1.0394954815517492,0.2150449654570264,0.8244505160947229,0.7931256371254166,False
f2_907931_006,2,rich,0.01,126,84,42,0,1.4854784069484593e-14,double_standard_s17,1,theta,0.03501114869972472,0.02594223832652734,0.009068910373197382,0.25902921526447054,False
f2_907931_006,2,rich,0.01,126,84,42,0,1.4854784069484593e-14,double_standard_s17,1,sigma,0.20339735782340074,0.09506534973913602,0.10833200808426471,0.5326126614600555,False
f2_907931_006,2,rich,0.01,126,84,42,0,1.4854784069484593e-14,double_standard_s17,1,rho,-0.2436448631745749,-0.3763645551504329,0.13271969197585798,,False
f2_907931_006,2,rich,0.01,126,84,42,0,1.4854784069484593e-14,double_standard_s17,1,v0,0.05317975677419807,0.048108206199074445,0.005071550575123623,0.0953661859842175,False
f2_907931_006,2,rich,0.01,126,84,42,0,1.4854784069484593e-14,double_standard_s17,2,kappa,6.93534957895659,5.661008310986766,1.2743412679698238,0.18374578721113954,False
f2_907931_006,2,rich,0.01,126,84,42,0,1.4854784069484593e-14,double_standard_s17,2,theta,0.0588716824364385,0.05611258791794304,0.0027590945184954585,0.04686624204216258,True
f2_907931_006,2,rich,0.01,126,84,42,0,1.4854784069484593e-14,double_standard_s17,2,sigma,0.35774678738849497,0.4434563430027035,0.08570955561420851,0.23958162207374978,False
f2_907931_006,2,rich,0.01,126,84,42,0,1.4854784069484593e-14,double_standard_s17,2,rho,0.2852736449646671,0.19384389972936777,0.09142974523529934,,False
f2_907931_006,2,rich,0.01,126,84,42,0,1.4854784069484593e-14,double_standard_s17,2,v0,0.11501595802870228,0.11797776964963005,0.002961811620927776,0.02575131026764699,True
f2_907931_006,2,rich,0.01,126,84,42,0,1.4854784069484593e-14,double_sobolev_s17,1,kappa,1.0394954815517492,0.20000541617374068,0.8394900653780085,0.8075937608933379,False
f2_907931_006,2,rich,0.01,126,84,42,0,1.4854784069484593e-14,double_sobolev_s17,1,theta,0.03501114869972472,0.030377941287260308,0.004633207412464414,0.13233520134404625,False
f2_907931_006,2,rich,0.01,126,84,42,0,1.4854784069484593e-14,double_sobolev_s17,1,sigma,0.20339735782340074,0.07548112801332946,0.12791622981007128,0.6288981881521502,False
f2_907931_006,2,rich,0.01,126,84,42,0,1.4854784069484593e-14,double_sobolev_s17,1,rho,-0.2436448631745749,-0.4061251373747374,0.16248027420016248,,False
f2_907931_006,2,rich,0.01,126,84,42,0,1.4854784069484593e-14,double_sobolev_s17,1,v0,0.05317975677419807,0.05429684175526096,0.001117084981062895,0.021005830955678345,True
f2_907931_006,2,rich,0.01,126,84,42,0,1.4854784069484593e-14,double_sobolev_s17,2,kappa,6.93534957895659,5.545826743338522,1.3895228356180676,0.20035368366061782,False
f2_907931_006,2,rich,0.01,126,84,42,0,1.4854784069484593e-14,double_sobolev_s17,2,theta,0.0588716824364385,0.04944972518625407,0.00942195725018443,0.16004226242993747,False
f2_907931_006,2,rich,0.01,126,84,42,0,1.4854784069484593e-14,double_sobolev_s17,2,sigma,0.35774678738849497,0.47668898264042614,0.11894219525193117,0.3324759283519881,False
f2_907931_006,2,rich,0.01,126,84,42,0,1.4854784069484593e-14,double_sobolev_s17,2,rho,0.2852736449646671,0.1932345275203895,0.09203911744427762,,False
f2_907931_006,2,rich,0.01,126,84,42,0,1.4854784069484593e-14,double_sobolev_s17,2,v0,0.11501595802870228,0.11194605247541643,0.0030699055532858455,0.02669112709142282,True
f2_907931_007,2,monthly,0.0,63,42,21,0,8.337601442587328e-15,double_standard_s17,1,kappa,0.450119101178656,1.831621747306893,1.381502646128237,3.06919355901741,False
f2_907931_007,2,monthly,0.0,63,42,21,0,8.337601442587328e-15,double_standard_s17,1,theta,0.08508990934498929,0.07489848160704207,0.01019142773794722,0.11977245970056219,False
f2_907931_007,2,monthly,0.0,63,42,21,0,8.337601442587328e-15,double_standard_s17,1,sigma,0.21693576893935143,0.19052532932940633,0.026410439609945102,0.12174313041630608,False
f2_907931_007,2,monthly,0.0,63,42,21,0,8.337601442587328e-15,double_standard_s17,1,rho,-0.6842932793572535,-0.6226522962984885,0.061640983058764975,,False
f2_907931_007,2,monthly,0.0,63,42,21,0,8.337601442587328e-15,double_standard_s17,1,v0,0.022903563794737892,0.02779629883490586,0.004892735040167968,0.21362330701094112,False
f2_907931_007,2,monthly,0.0,63,42,21,0,8.337601442587328e-15,double_standard_s17,2,kappa,5.027500422295796,6.071167854299604,1.043667432003808,0.2075917144383291,False
f2_907931_007,2,monthly,0.0,63,42,21,0,8.337601442587328e-15,double_standard_s17,2,theta,0.06442512688785983,0.042389622709417665,0.02203550417844216,0.34203276334709865,False
f2_907931_007,2,monthly,0.0,63,42,21,0,8.337601442587328e-15,double_standard_s17,2,sigma,0.4561981364303959,0.5643435533499181,0.10814541691952223,0.2370579980131559,False
f2_907931_007,2,monthly,0.0,63,42,21,0,8.337601442587328e-15,double_standard_s17,2,rho,-0.35157595107527406,-0.41000076108448874,0.05842481000921468,,False
f2_907931_007,2,monthly,0.0,63,42,21,0,8.337601442587328e-15,double_standard_s17,2,v0,0.01859973658002072,0.013527073140314875,0.005072663439705846,0.27272770331353774,False
f2_907931_007,2,monthly,0.0,63,42,21,0,8.337601442587328e-15,double_sobolev_s17,1,kappa,0.450119101178656,0.38675672613139184,0.06336237504726416,0.1407680209112368,False
f2_907931_007,2,monthly,0.0,63,42,21,0,8.337601442587328e-15,double_sobolev_s17,1,theta,0.08508990934498929,0.13036318861261298,0.04527327926762369,0.5320640204711853,False
f2_907931_007,2,monthly,0.0,63,42,21,0,8.337601442587328e-15,double_sobolev_s17,1,sigma,0.21693576893935143,0.2652566483789974,0.04832087943964594,0.22274279468018468,False
f2_907931_007,2,monthly,0.0,63,42,21,0,8.337601442587328e-15,double_sobolev_s17,1,rho,-0.6842932793572535,-0.47076172944528805,0.21353154991196543,,False
f2_907931_007,2,monthly,0.0,63,42,21,0,8.337601442587328e-15,double_sobolev_s17,1,v0,0.022903563794737892,0.02543403190618271,0.0025304681114448196,0.1104835969687039,False
f2_907931_007,2,monthly,0.0,63,42,21,0,8.337601442587328e-15,double_sobolev_s17,2,kappa,5.027500422295796,5.487934776644951,0.4604343543491547,0.09158315577801551,False
f2_907931_007,2,monthly,0.0,63,42,21,0,8.337601442587328e-15,double_sobolev_s17,2,theta,0.06442512688785983,0.056116724299886935,0.008308402587972892,0.1289621455062825,False
f2_907931_007,2,monthly,0.0,63,42,21,0,8.337601442587328e-15,double_sobolev_s17,2,sigma,0.4561981364303959,0.4270207585012341,0.029177377929161807,0.06395768767813352,False
f2_907931_007,2,monthly,0.0,63,42,21,0,8.337601442587328e-15,double_sobolev_s17,2,rho,-0.35157595107527406,-0.4376970030672329,0.08612105199195885,,False
f2_907931_007,2,monthly,0.0,63,42,21,0,8.337601442587328e-15,double_sobolev_s17,2,v0,0.01859973658002072,0.016033976945288398,0.002565759634732323,0.13794602002527204,False
f2_907931_007,2,monthly,0.01,63,42,21,0,8.337601442587328e-15,double_standard_s17,1,kappa,0.450119101178656,2.9563402122492155,2.5062211110705594,5.567906592961536,False
f2_907931_007,2,monthly,0.01,63,42,21,0,8.337601442587328e-15,double_standard_s17,1,theta,0.08508990934498929,0.0896733772346694,0.004583467889680101,0.05386617432035152,False
f2_907931_007,2,monthly,0.01,63,42,21,0,8.337601442587328e-15,double_standard_s17,1,sigma,0.21693576893935143,0.3214912359971682,0.10455546705781679,0.4819650884177025,False
f2_907931_007,2,monthly,0.01,63,42,21,0,8.337601442587328e-15,double_standard_s17,1,rho,-0.6842932793572535,-0.6511869356277039,0.03310634372954957,,True
f2_907931_007,2,monthly,0.01,63,42,21,0,8.337601442587328e-15,double_standard_s17,1,v0,0.022903563794737892,0.03137969936555883,0.008476135570820938,0.3700793311811298,False
f2_907931_007,2,monthly,0.01,63,42,21,0,8.337601442587328e-15,double_standard_s17,2,kappa,5.027500422295796,6.230682626423849,1.2031822041280522,0.23932015973429235,False
f2_907931_007,2,monthly,0.01,63,42,21,0,8.337601442587328e-15,double_standard_s17,2,theta,0.06442512688785983,0.02241918500288415,0.04200594188497568,0.6520117835094433,False
f2_907931_007,2,monthly,0.01,63,42,21,0,8.337601442587328e-15,double_standard_s17,2,sigma,0.4561981364303959,0.37744092713065625,0.07875720929973967,0.17263816532875292,False
f2_907931_007,2,monthly,0.01,63,42,21,0,8.337601442587328e-15,double_standard_s17,2,rho,-0.35157595107527406,0.03990769510919567,0.39148364618446974,,False
f2_907931_007,2,monthly,0.01,63,42,21,0,8.337601442587328e-15,double_standard_s17,2,v0,0.01859973658002072,0.010426574532104578,0.008173162047916143,0.43942353768039427,False
f2_907931_007,2,monthly,0.01,63,42,21,0,8.337601442587328e-15,double_sobolev_s17,1,kappa,0.450119101178656,1.1663856050785044,0.7162665038998484,1.5912821784818154,False
f2_907931_007,2,monthly,0.01,63,42,21,0,8.337601442587328e-15,double_sobolev_s17,1,theta,0.08508990934498929,0.08662688941499752,0.0015369800700082287,0.018063012193098985,True
f2_907931_007,2,monthly,0.01,63,42,21,0,8.337601442587328e-15,double_sobolev_s17,1,sigma,0.21693576893935143,0.37211594961842476,0.15518018067907333,0.7153277739202931,False
f2_907931_007,2,monthly,0.01,63,42,21,0,8.337601442587328e-15,double_sobolev_s17,1,rho,-0.6842932793572535,-0.452362055660574,0.23193122369667946,,False
f2_907931_007,2,monthly,0.01,63,42,21,0,8.337601442587328e-15,double_sobolev_s17,1,v0,0.022903563794737892,0.03360038013628895,0.01069681634155106,0.4670372016082781,False
f2_907931_007,2,monthly,0.01,63,42,21,0,8.337601442587328e-15,double_sobolev_s17,2,kappa,5.027500422295796,4.876924137366405,0.15057628492939124,0.02995052656020085,True
f2_907931_007,2,monthly,0.01,63,42,21,0,8.337601442587328e-15,double_sobolev_s17,2,theta,0.06442512688785983,0.045399707940124594,0.019025418947735233,0.2953105390207676,False
f2_907931_007,2,monthly,0.01,63,42,21,0,8.337601442587328e-15,double_sobolev_s17,2,sigma,0.4561981364303959,0.1787065827012146,0.27749155372918133,0.6082698099129991,False
f2_907931_007,2,monthly,0.01,63,42,21,0,8.337601442587328e-15,double_sobolev_s17,2,rho,-0.35157595107527406,-0.5999889999999999,0.24841304892472582,,False
f2_907931_007,2,monthly,0.01,63,42,21,0,8.337601442587328e-15,double_sobolev_s17,2,v0,0.01859973658002072,0.008400410039998566,0.010199326540022155,0.5483586553036437,False
f2_907931_007,2,rich,0.0,126,84,42,0,1.4588330543574558e-14,double_standard_s17,1,kappa,0.450119101178656,0.20000541617373824,0.25011368500491776,0.5556611224673302,False
f2_907931_007,2,rich,0.0,126,84,42,0,1.4588330543574558e-14,double_standard_s17,1,theta,0.08508990934498929,0.12020293531816201,0.035113025973172715,0.41265793139830653,False
f2_907931_007,2,rich,0.0,126,84,42,0,1.4588330543574558e-14,double_standard_s17,1,sigma,0.21693576893935143,0.1880117216969465,0.028924047242404938,0.13333000539201634,False
f2_907931_007,2,rich,0.0,126,84,42,0,1.4588330543574558e-14,double_standard_s17,1,rho,-0.6842932793572535,-0.701138857311151,0.016845577953897517,,True
f2_907931_007,2,rich,0.0,126,84,42,0,1.4588330543574558e-14,double_standard_s17,1,v0,0.022903563794737892,0.02063436578274595,0.002269198011991942,0.09907619758778727,False
f2_907931_007,2,rich,0.0,126,84,42,0,1.4588330543574558e-14,double_standard_s17,2,kappa,5.027500422295796,4.727818079353708,0.29968234294208873,0.059608616165016545,False
f2_907931_007,2,rich,0.0,126,84,42,0,1.4588330543574558e-14,double_standard_s17,2,theta,0.06442512688785983,0.07074969915251891,0.006324572264659087,0.09816934122097755,False
f2_907931_007,2,rich,0.0,126,84,42,0,1.4588330543574558e-14,double_standard_s17,2,sigma,0.4561981364303959,0.4407893496021035,0.015408786828292442,0.033776522957461544,True
f2_907931_007,2,rich,0.0,126,84,42,0,1.4588330543574558e-14,double_standard_s17,2,rho,-0.35157595107527406,-0.3786114209617166,0.027035469886442565,,True
f2_907931_007,2,rich,0.0,126,84,42,0,1.4588330543574558e-14,double_standard_s17,2,v0,0.01859973658002072,0.021090822195888228,0.002491085615867507,0.133931230969333,False
f2_907931_007,2,rich,0.0,126,84,42,0,1.4588330543574558e-14,double_sobolev_s17,1,kappa,0.450119101178656,0.33980423777672897,0.11031486340192703,0.2450792759362197,False
f2_907931_007,2,rich,0.0,126,84,42,0,1.4588330543574558e-14,double_sobolev_s17,1,theta,0.08508990934498929,0.09296778028317607,0.007877870938186773,0.09258290435175648,False
f2_907931_007,2,rich,0.0,126,84,42,0,1.4588330543574558e-14,double_sobolev_s17,1,sigma,0.21693576893935143,0.21683666555931708,9.910338003435437e-05,0.0004568328243834267,True
f2_907931_007,2,rich,0.0,126,84,42,0,1.4588330543574558e-14,double_sobolev_s17,1,rho,-0.6842932793572535,-0.5446837022701501,0.13960957708710342,,False
f2_907931_007,2,rich,0.0,126,84,42,0,1.4588330543574558e-14,double_sobolev_s17,1,v0,0.022903563794737892,0.023566343270031306,0.0006627794752934145,0.028937831738032337,True
f2_907931_007,2,rich,0.0,126,84,42,0,1.4588330543574558e-14,double_sobolev_s17,2,kappa,5.027500422295796,4.845523827139114,0.18197659515668274,0.036196236672533896,True
f2_907931_007,2,rich,0.0,126,84,42,0,1.4588330543574558e-14,double_sobolev_s17,2,theta,0.06442512688785983,0.06619325747805047,0.0017681305901906391,0.027444735860098445,True
f2_907931_007,2,rich,0.0,126,84,42,0,1.4588330543574558e-14,double_sobolev_s17,2,sigma,0.4561981364303959,0.45323237419193724,0.00296576223845868,0.006501039793070656,True
f2_907931_007,2,rich,0.0,126,84,42,0,1.4588330543574558e-14,double_sobolev_s17,2,rho,-0.35157595107527406,-0.4127351176898222,0.06115916661454812,,False
f2_907931_007,2,rich,0.0,126,84,42,0,1.4588330543574558e-14,double_sobolev_s17,2,v0,0.01859973658002072,0.01796849259315443,0.0006312439868662902,0.03393832940324292,True
f2_907931_007,2,rich,0.01,126,84,42,0,1.4588330543574558e-14,double_standard_s17,1,kappa,0.450119101178656,0.20000541617373824,0.25011368500491776,0.5556611224673302,False
f2_907931_007,2,rich,0.01,126,84,42,0,1.4588330543574558e-14,double_standard_s17,1,theta,0.08508990934498929,0.12293481439691507,0.03784490505192578,0.4447637251379251,False
f2_907931_007,2,rich,0.01,126,84,42,0,1.4588330543574558e-14,double_standard_s17,1,sigma,0.21693576893935143,0.19957779098942532,0.017357977949926107,0.08001436570277566,False
f2_907931_007,2,rich,0.01,126,84,42,0,1.4588330543574558e-14,double_standard_s17,1,rho,-0.6842932793572535,-0.697471220950606,0.013177941593352505,,True
f2_907931_007,2,rich,0.01,126,84,42,0,1.4588330543574558e-14,double_standard_s17,1,v0,0.022903563794737892,0.02532612744034009,0.0024225636456021993,0.10577234474570218,False
f2_907931_007,2,rich,0.01,126,84,42,0,1.4588330543574558e-14,double_standard_s17,2,kappa,5.027500422295796,4.90086759100622,0.1266328312895766,0.025188029965743892,True
f2_907931_007,2,rich,0.01,126,84,42,0,1.4588330543574558e-14,double_standard_s17,2,theta,0.06442512688785983,0.06620324597938425,0.0017781190915244216,0.027599776320494724,True
f2_907931_007,2,rich,0.01,126,84,42,0,1.4588330543574558e-14,double_standard_s17,2,sigma,0.4561981364303959,0.4509102745705966,0.005287861859799292,0.011591151820950246,True
f2_907931_007,2,rich,0.01,126,84,42,0,1.4588330543574558e-14,double_standard_s17,2,rho,-0.35157595107527406,-0.3457960095762551,0.005779941499018948,,True
f2_907931_007,2,rich,0.01,126,84,42,0,1.4588330543574558e-14,double_standard_s17,2,v0,0.01859973658002072,0.015864464319057556,0.0027352722609631647,0.14705973115239235,False
f2_907931_007,2,rich,0.01,126,84,42,0,1.4588330543574558e-14,double_sobolev_s17,1,kappa,0.450119101178656,0.20000541617373824,0.25011368500491776,0.5556611224673302,False
f2_907931_007,2,rich,0.01,126,84,42,0,1.4588330543574558e-14,double_sobolev_s17,1,theta,0.08508990934498929,0.12034313791430032,0.035253228569311026,0.4143056308401977,False
f2_907931_007,2,rich,0.01,126,84,42,0,1.4588330543574558e-14,double_sobolev_s17,1,sigma,0.21693576893935143,0.19746286418294878,0.019472904756402648,0.0897634578733149,False
f2_907931_007,2,rich,0.01,126,84,42,0,1.4588330543574558e-14,double_sobolev_s17,1,rho,-0.6842932793572535,-0.6046836803673864,0.07960959898986708,,False
f2_907931_007,2,rich,0.01,126,84,42,0,1.4588330543574558e-14,double_sobolev_s17,1,v0,0.022903563794737892,0.026546168559855657,0.003642604765117765,0.15904095964116535,False
f2_907931_007,2,rich,0.01,126,84,42,0,1.4588330543574558e-14,double_sobolev_s17,2,kappa,5.027500422295796,4.832271356218921,0.19522906607687585,0.03883223265602929,True
f2_907931_007,2,rich,0.01,126,84,42,0,1.4588330543574558e-14,double_sobolev_s17,2,theta,0.06442512688785983,0.06577316338319819,0.0013480364953383644,0.020924079787763467,True
f2_907931_007,2,rich,0.01,126,84,42,0,1.4588330543574558e-14,double_sobolev_s17,2,sigma,0.4561981364303959,0.4859436927928369,0.029745556362440972,0.06520315184798958,False
f2_907931_007,2,rich,0.01,126,84,42,0,1.4588330543574558e-14,double_sobolev_s17,2,rho,-0.35157595107527406,-0.38208657230177956,0.030510621226505497,,True
f2_907931_007,2,rich,0.01,126,84,42,0,1.4588330543574558e-14,double_sobolev_s17,2,v0,0.01859973658002072,0.014598853548281582,0.004000883031739139,0.21510428465082498,False
f2_907931_008,2,monthly,0.0,63,42,21,0,8.79296635503124e-15,double_standard_s17,1,kappa,0.7694604085816819,0.4248980431295795,0.34456236545210234,0.44779739361408016,False
f2_907931_008,2,monthly,0.0,63,42,21,0,8.79296635503124e-15,double_standard_s17,1,theta,0.06288482806000024,0.0498188036588478,0.013066024401152447,0.2077770553604086,False
f2_907931_008,2,monthly,0.0,63,42,21,0,8.79296635503124e-15,double_standard_s17,1,sigma,0.23478140162728664,0.11202008840404341,0.12276131322324323,0.5228749482385564,False
f2_907931_008,2,monthly,0.0,63,42,21,0,8.79296635503124e-15,double_standard_s17,1,rho,-0.6083634924345382,-0.6254256176323137,0.017062125197775502,,True
f2_907931_008,2,monthly,0.0,63,42,21,0,8.79296635503124e-15,double_standard_s17,1,v0,0.10733372310784227,0.07067578594292694,0.03665793716491533,0.3415323358166167,False
f2_907931_008,2,monthly,0.0,63,42,21,0,8.79296635503124e-15,double_standard_s17,2,kappa,5.539343834173042,5.838299861565741,0.29895602739269833,0.05396957407633622,False
f2_907931_008,2,monthly,0.0,63,42,21,0,8.79296635503124e-15,double_standard_s17,2,theta,0.17338472604489394,0.19926774203898764,0.025883015994093705,0.14928083104270615,False
f2_907931_008,2,monthly,0.0,63,42,21,0,8.79296635503124e-15,double_standard_s17,2,sigma,0.5045516964005466,0.46085903316906585,0.0436926632314808,0.08659699995695716,False
f2_907931_008,2,monthly,0.0,63,42,21,0,8.79296635503124e-15,double_standard_s17,2,rho,-0.1812617947062703,-0.38832997315927215,0.20706817845300185,,False
f2_907931_008,2,monthly,0.0,63,42,21,0,8.79296635503124e-15,double_standard_s17,2,v0,0.05032579741178508,0.08716077379413507,0.03683497638235,0.73193030765021,False
f2_907931_008,2,monthly,0.0,63,42,21,0,8.79296635503124e-15,double_sobolev_s17,1,kappa,0.7694604085816819,1.1736402242573856,0.4041798156757037,0.5252769488435585,False
f2_907931_008,2,monthly,0.0,63,42,21,0,8.79296635503124e-15,double_sobolev_s17,1,theta,0.06288482806000024,0.061231760414104344,0.0016530676458959004,0.0262872253434272,True
f2_907931_008,2,monthly,0.0,63,42,21,0,8.79296635503124e-15,double_sobolev_s17,1,sigma,0.23478140162728664,0.2732464264772299,0.03846502484994327,0.16383335555260953,False
f2_907931_008,2,monthly,0.0,63,42,21,0,8.79296635503124e-15,double_sobolev_s17,1,rho,-0.6083634924345382,-0.45660493004561786,0.15175856238892038,,False
f2_907931_008,2,monthly,0.0,63,42,21,0,8.79296635503124e-15,double_sobolev_s17,1,v0,0.10733372310784227,0.11229875680508485,0.004965033697242577,0.04625790994181781,True
f2_907931_008,2,monthly,0.0,63,42,21,0,8.79296635503124e-15,double_sobolev_s17,2,kappa,5.539343834173042,5.38453432778522,0.15480950638782254,0.027947264337118683,True
f2_907931_008,2,monthly,0.0,63,42,21,0,8.79296635503124e-15,double_sobolev_s17,2,theta,0.17338472604489394,0.17691127987211733,0.0035265538272233887,0.02033947226879875,True
f2_907931_008,2,monthly,0.0,63,42,21,0,8.79296635503124e-15,double_sobolev_s17,2,sigma,0.5045516964005466,0.46610241152162935,0.0384492848789173,0.076204847101324,False
f2_907931_008,2,monthly,0.0,63,42,21,0,8.79296635503124e-15,double_sobolev_s17,2,rho,-0.1812617947062703,-0.2720121368305469,0.09075034212427663,,False
f2_907931_008,2,monthly,0.0,63,42,21,0,8.79296635503124e-15,double_sobolev_s17,2,v0,0.05032579741178508,0.04530570353092061,0.005020093880864468,0.09975189940435766,False
f2_907931_008,2,monthly,0.01,63,42,21,0,8.79296635503124e-15,double_standard_s17,1,kappa,0.7694604085816819,0.20000541617373824,0.5694549924079436,0.740070556011581,False
f2_907931_008,2,monthly,0.01,63,42,21,0,8.79296635503124e-15,double_standard_s17,1,theta,0.06288482806000024,0.07758974635735688,0.014704918297356637,0.23383888850465245,False
f2_907931_008,2,monthly,0.01,63,42,21,0,8.79296635503124e-15,double_standard_s17,1,sigma,0.23478140162728664,0.15855390128791566,0.07622750033937098,0.32467435585200843,False
f2_907931_008,2,monthly,0.01,63,42,21,0,8.79296635503124e-15,double_standard_s17,1,rho,-0.6083634924345382,-0.7999890000000001,0.19162550756546182,,False
f2_907931_008,2,monthly,0.01,63,42,21,0,8.79296635503124e-15,double_standard_s17,1,v0,0.10733372310784227,0.12574137953141873,0.01840765642357646,0.17149928177821233,False
f2_907931_008,2,monthly,0.01,63,42,21,0,8.79296635503124e-15,double_standard_s17,2,kappa,5.539343834173042,7.218554635119991,1.679210800946949,0.3031425474236941,False
f2_907931_008,2,monthly,0.01,63,42,21,0,8.79296635503124e-15,double_standard_s17,2,theta,0.17338472604489394,0.13185322321649784,0.0415315028283961,0.23953380309660313,False
f2_907931_008,2,monthly,0.01,63,42,21,0,8.79296635503124e-15,double_standard_s17,2,sigma,0.5045516964005466,0.20696574466063175,0.29758595173991487,0.5898026978461913,False
f2_907931_008,2,monthly,0.01,63,42,21,0,8.79296635503124e-15,double_standard_s17,2,rho,-0.1812617947062703,-0.599989,0.4187272052937297,,False
f2_907931_008,2,monthly,0.01,63,42,21,0,8.79296635503124e-15,double_standard_s17,2,v0,0.05032579741178508,0.03143652371712907,0.018889273694656004,0.3753397793202696,False
f2_907931_008,2,monthly,0.01,63,42,21,0,8.79296635503124e-15,double_sobolev_s17,1,kappa,0.7694604085816819,0.2000054161737389,0.569454992407943,0.7400705560115802,False
f2_907931_008,2,monthly,0.01,63,42,21,0,8.79296635503124e-15,double_sobolev_s17,1,theta,0.06288482806000024,0.17376933328115618,0.11088450522115594,1.7632950370057114,False
f2_907931_008,2,monthly,0.01,63,42,21,0,8.79296635503124e-15,double_sobolev_s17,1,sigma,0.23478140162728664,0.16776215238415207,0.06701924924313457,0.28545382546751735,False
f2_907931_008,2,monthly,0.01,63,42,21,0,8.79296635503124e-15,double_sobolev_s17,1,rho,-0.6083634924345382,-0.7999890000000001,0.19162550756546182,,False
f2_907931_008,2,monthly,0.01,63,42,21,0,8.79296635503124e-15,double_sobolev_s17,1,v0,0.10733372310784227,0.12540851113933474,0.01807478803149247,0.1683980347288619,False
f2_907931_008,2,monthly,0.01,63,42,21,0,8.79296635503124e-15,double_sobolev_s17,2,kappa,5.539343834173042,7.474652510766225,1.9353086765931824,0.34937507663885625,False
f2_907931_008,2,monthly,0.01,63,42,21,0,8.79296635503124e-15,double_sobolev_s17,2,theta,0.17338472604489394,0.12622375904309274,0.047160967001801196,0.2720018543593624,False
f2_907931_008,2,monthly,0.01,63,42,21,0,8.79296635503124e-15,double_sobolev_s17,2,sigma,0.5045516964005466,0.20606015855982704,0.2984915378407196,0.5915975309768003,False
f2_907931_008,2,monthly,0.01,63,42,21,0,8.79296635503124e-15,double_sobolev_s17,2,rho,-0.1812617947062703,-0.599989,0.4187272052937297,,False
f2_907931_008,2,monthly,0.01,63,42,21,0,8.79296635503124e-15,double_sobolev_s17,2,v0,0.05032579741178508,0.031353303498443494,0.018972493913341583,0.3769934087303441,False
f2_907931_008,2,rich,0.0,126,84,42,0,2.0383694732117873e-14,double_standard_s17,1,kappa,0.7694604085816819,0.7899525899157593,0.020492181334077486,0.02663188528679464,True
f2_907931_008,2,rich,0.0,126,84,42,0,2.0383694732117873e-14,double_standard_s17,1,theta,0.06288482806000024,0.0535043878113727,0.009380440248627546,0.1491685759190976,False
f2_907931_008,2,rich,0.0,126,84,42,0,2.0383694732117873e-14,double_standard_s17,1,sigma,0.23478140162728664,0.26166708806543304,0.0268856864381464,0.11451369764299808,False
f2_907931_008,2,rich,0.0,126,84,42,0,2.0383694732117873e-14,double_standard_s17,1,rho,-0.6083634924345382,-0.518345212661591,0.0900182797729473,,False
f2_907931_008,2,rich,0.0,126,84,42,0,2.0383694732117873e-14,double_standard_s17,1,v0,0.10733372310784227,0.10394753047385417,0.0033861926339880943,0.031548264011915975,True
f2_907931_008,2,rich,0.0,126,84,42,0,2.0383694732117873e-14,double_standard_s17,2,kappa,5.539343834173042,5.431674981254907,0.10766885291813555,0.01943711315659993,True
f2_907931_008,2,rich,0.0,126,84,42,0,2.0383694732117873e-14,double_standard_s17,2,theta,0.17338472604489394,0.17952815741254424,0.006143431367650304,0.0354323677049823,True
f2_907931_008,2,rich,0.0,126,84,42,0,2.0383694732117873e-14,double_standard_s17,2,sigma,0.5045516964005466,0.4077034028415725,0.09684829355897412,0.19194919816915948,False
f2_907931_008,2,rich,0.0,126,84,42,0,2.0383694732117873e-14,double_standard_s17,2,rho,-0.1812617947062703,-0.25411571911600067,0.07285392440973038,,False
f2_907931_008,2,rich,0.0,126,84,42,0,2.0383694732117873e-14,double_standard_s17,2,v0,0.05032579741178508,0.05401941207406617,0.003693614662281096,0.07339406134111531,False
f2_907931_008,2,rich,0.0,126,84,42,0,2.0383694732117873e-14,double_sobolev_s17,1,kappa,0.7694604085816819,0.85290782045647,0.0834474118747881,0.10844925995426283,False
f2_907931_008,2,rich,0.0,126,84,42,0,2.0383694732117873e-14,double_sobolev_s17,1,theta,0.06288482806000024,0.05446298855628117,0.008421839503719074,0.13392482357880586,False
f2_907931_008,2,rich,0.0,126,84,42,0,2.0383694732117873e-14,double_sobolev_s17,1,sigma,0.23478140162728664,0.23362200386019427,0.0011593977670923683,0.00493820106301649,True
f2_907931_008,2,rich,0.0,126,84,42,0,2.0383694732117873e-14,double_sobolev_s17,1,rho,-0.6083634924345382,-0.47080486556976375,0.1375586268647745,,False
f2_907931_008,2,rich,0.0,126,84,42,0,2.0383694732117873e-14,double_sobolev_s17,1,v0,0.10733372310784227,0.10221532360937842,0.005118399498463849,0.0476867786773892,True
f2_907931_008,2,rich,0.0,126,84,42,0,2.0383694732117873e-14,double_sobolev_s17,2,kappa,5.539343834173042,5.507405417309852,0.03193841686319043,0.00576574009834117,True
f2_907931_008,2,rich,0.0,126,84,42,0,2.0383694732117873e-14,double_sobolev_s17,2,theta,0.17338472604489394,0.18049144899048716,0.007106722945593225,0.040988171840194876,True
f2_907931_008,2,rich,0.0,126,84,42,0,2.0383694732117873e-14,double_sobolev_s17,2,sigma,0.5045516964005466,0.4717164437155021,0.03283525268504456,0.06507807409882882,False
f2_907931_008,2,rich,0.0,126,84,42,0,2.0383694732117873e-14,double_sobolev_s17,2,rho,-0.1812617947062703,-0.3158536882246268,0.1345918935183565,,False
f2_907931_008,2,rich,0.0,126,84,42,0,2.0383694732117873e-14,double_sobolev_s17,2,v0,0.05032579741178508,0.05543503997421455,0.005109242562429471,0.10152333048244976,False
f2_907931_008,2,rich,0.01,126,84,42,0,2.0383694732117873e-14,double_standard_s17,1,kappa,0.7694604085816819,0.314951441909413,0.45450896667226887,0.5906853187028148,False
f2_907931_008,2,rich,0.01,126,84,42,0,2.0383694732117873e-14,double_standard_s17,1,theta,0.06288482806000024,0.07264864010397686,0.00976381204397661,0.15526498752068899,False
f2_907931_008,2,rich,0.01,126,84,42,0,2.0383694732117873e-14,double_standard_s17,1,sigma,0.23478140162728664,0.1925260201266735,0.04225538150061314,0.17997755021367995,False
f2_907931_008,2,rich,0.01,126,84,42,0,2.0383694732117873e-14,double_standard_s17,1,rho,-0.6083634924345382,-0.7999890000000001,0.19162550756546182,,False
f2_907931_008,2,rich,0.01,126,84,42,0,2.0383694732117873e-14,double_standard_s17,1,v0,0.10733372310784227,0.12641040906019047,0.019076685952348196,0.17773245351026468,False
f2_907931_008,2,rich,0.01,126,84,42,0,2.0383694732117873e-14,double_standard_s17,2,kappa,5.539343834173042,5.77136970503016,0.23202587085711723,0.04188688729262749,True
f2_907931_008,2,rich,0.01,126,84,42,0,2.0383694732117873e-14,double_standard_s17,2,theta,0.17338472604489394,0.1482796984226707,0.025105027622223247,0.1447937669880038,False
f2_907931_008,2,rich,0.01,126,84,42,0,2.0383694732117873e-14,double_standard_s17,2,sigma,0.5045516964005466,0.5820906097459028,0.07753891334535612,0.15367882795462962,False
f2_907931_008,2,rich,0.01,126,84,42,0,2.0383694732117873e-14,double_standard_s17,2,rho,-0.1812617947062703,-0.012026314680058992,0.1692354800262113,,False
f2_907931_008,2,rich,0.01,126,84,42,0,2.0383694732117873e-14,double_standard_s17,2,v0,0.05032579741178508,0.031603787371520885,0.018722010040264192,0.3720161627459867,False
f2_907931_008,2,rich,0.01,126,84,42,0,2.0383694732117873e-14,double_sobolev_s17,1,kappa,0.7694604085816819,0.296331268298091,0.4731291402835909,0.6148843202416255,False
f2_907931_008,2,rich,0.01,126,84,42,0,2.0383694732117873e-14,double_sobolev_s17,1,theta,0.06288482806000024,0.07439879703700293,0.011513968977002687,0.18309613514434472,False
f2_907931_008,2,rich,0.01,126,84,42,0,2.0383694732117873e-14,double_sobolev_s17,1,sigma,0.23478140162728664,0.1889842383821824,0.045797163245104244,0.1950629944607232,False
f2_907931_008,2,rich,0.01,126,84,42,0,2.0383694732117873e-14,double_sobolev_s17,1,rho,-0.6083634924345382,-0.7999889999999976,0.19162550756545937,,False
f2_907931_008,2,rich,0.01,126,84,42,0,2.0383694732117873e-14,double_sobolev_s17,1,v0,0.10733372310784227,0.126266112347117,0.01893238923927472,0.17638807907792994,False
f2_907931_008,2,rich,0.01,126,84,42,0,2.0383694732117873e-14,double_sobolev_s17,2,kappa,5.539343834173042,5.8807087086395935,0.34136487446655117,0.06162550740407557,False
f2_907931_008,2,rich,0.01,126,84,42,0,2.0383694732117873e-14,double_sobolev_s17,2,theta,0.17338472604489394,0.14663240454517615,0.02675232149971779,0.15429456855842597,False
f2_907931_008,2,rich,0.01,126,84,42,0,2.0383694732117873e-14,double_sobolev_s17,2,sigma,0.5045516964005466,0.6494263122365926,0.144874615836046,0.28713532601233177,False
f2_907931_008,2,rich,0.01,126,84,42,0,2.0383694732117873e-14,double_sobolev_s17,2,rho,-0.1812617947062703,-0.0460786439909906,0.1351831507152797,,False
f2_907931_008,2,rich,0.01,126,84,42,0,2.0383694732117873e-14,double_sobolev_s17,2,v0,0.05032579741178508,0.03156771184049235,0.01875808557129273,0.37273300247598345,False
f2_907931_009,2,monthly,0.0,63,42,21,0,8.33812185963012e-15,double_standard_s17,1,kappa,1.8411176369718305,0.7488154599361216,1.0923021770357089,0.5932821211969201,False
f2_907931_009,2,monthly,0.0,63,42,21,0,8.33812185963012e-15,double_standard_s17,1,theta,0.05971030025436609,0.1996880518597892,0.13997775160542308,2.3442814892760104,False
f2_907931_009,2,monthly,0.0,63,42,21,0,8.33812185963012e-15,double_standard_s17,1,sigma,0.16548514047176036,0.1715155757175669,0.0060304352458065424,0.03644094707606464,True
f2_907931_009,2,monthly,0.0,63,42,21,0,8.33812185963012e-15,double_standard_s17,1,rho,-0.05734741636248708,-0.04513545856881329,0.012211957793673789,,True
f2_907931_009,2,monthly,0.0,63,42,21,0,8.33812185963012e-15,double_standard_s17,1,v0,0.028700784254689294,0.02448136816560286,0.004219416089086433,0.14701396490226712,False
f2_907931_009,2,monthly,0.0,63,42,21,0,8.33812185963012e-15,double_standard_s17,2,kappa,4.044452560286892,6.268527888144669,2.2240753278577765,0.5499076314298547,False
f2_907931_009,2,monthly,0.0,63,42,21,0,8.33812185963012e-15,double_standard_s17,2,theta,0.10852277122475702,0.07310907791578433,0.03541369330897269,0.32632499989913505,False
f2_907931_009,2,monthly,0.0,63,42,21,0,8.33812185963012e-15,double_standard_s17,2,sigma,0.26682287518924297,0.2742598885761139,0.0074370133868709165,0.027872473008906176,True
f2_907931_009,2,monthly,0.0,63,42,21,0,8.33812185963012e-15,double_standard_s17,2,rho,0.0036484327907900793,0.004402550316666698,0.0007541175258766186,,True
f2_907931_009,2,monthly,0.0,63,42,21,0,8.33812185963012e-15,double_standard_s17,2,v0,0.025501296583748962,0.029526106467134033,0.004024809883385071,0.15782765672981247,False
f2_907931_009,2,monthly,0.0,63,42,21,0,8.33812185963012e-15,double_sobolev_s17,1,kappa,1.8411176369718305,1.8410611966743557,5.644029747475798e-05,3.0655454242232936e-05,True
f2_907931_009,2,monthly,0.0,63,42,21,0,8.33812185963012e-15,double_sobolev_s17,1,theta,0.05971030025436609,0.0846204408469292,0.024910140592563107,0.41718330818042815,False
f2_907931_009,2,monthly,0.0,63,42,21,0,8.33812185963012e-15,double_sobolev_s17,1,sigma,0.16548514047176036,0.18979571404519813,0.02431057357343777,0.14690487317552425,False
f2_907931_009,2,monthly,0.0,63,42,21,0,8.33812185963012e-15,double_sobolev_s17,1,rho,-0.05734741636248708,-0.4815928324070713,0.4242454160445842,,False
f2_907931_009,2,monthly,0.0,63,42,21,0,8.33812185963012e-15,double_sobolev_s17,1,v0,0.028700784254689294,0.022760929904438204,0.00593985435025109,0.2069579108898602,False
f2_907931_009,2,monthly,0.0,63,42,21,0,8.33812185963012e-15,double_sobolev_s17,2,kappa,4.044452560286892,4.686874026409839,0.642421466122947,0.158840153654164,False
f2_907931_009,2,monthly,0.0,63,42,21,0,8.33812185963012e-15,double_sobolev_s17,2,theta,0.10852277122475702,0.09130979446984006,0.017212976754916967,0.15861165873904826,False
f2_907931_009,2,monthly,0.0,63,42,21,0,8.33812185963012e-15,double_sobolev_s17,2,sigma,0.26682287518924297,0.21069682562296863,0.056126049566274344,0.2103494669505648,False
f2_907931_009,2,monthly,0.0,63,42,21,0,8.33812185963012e-15,double_sobolev_s17,2,rho,0.0036484327907900793,0.28473522899116666,0.2810867962003766,,False
f2_907931_009,2,monthly,0.0,63,42,21,0,8.33812185963012e-15,double_sobolev_s17,2,v0,0.025501296583748962,0.031350723665564774,0.005849427081815812,0.22937763429422786,False
f2_907931_009,2,monthly,0.01,63,42,21,0,8.33812185963012e-15,double_standard_s17,1,kappa,1.8411176369718305,0.2118199020381192,1.6292977349337112,0.8849503704790374,False
f2_907931_009,2,monthly,0.01,63,42,21,0,8.33812185963012e-15,double_standard_s17,1,theta,0.05971030025436609,0.05431391309455307,0.0053963871598130195,0.09037615180001425,False
f2_907931_009,2,monthly,0.01,63,42,21,0,8.33812185963012e-15,double_standard_s17,1,sigma,0.16548514047176036,0.13651891125106866,0.028966229220691697,0.1750382489818457,False
f2_907931_009,2,monthly,0.01,63,42,21,0,8.33812185963012e-15,double_standard_s17,1,rho,-0.05734741636248708,-0.32204142598877306,0.264694009626286,,False
f2_907931_009,2,monthly,0.01,63,42,21,0,8.33812185963012e-15,double_standard_s17,1,v0,0.028700784254689294,0.011002084925450158,0.017698699329239134,0.6166625682483718,False
f2_907931_009,2,monthly,0.01,63,42,21,0,8.33812185963012e-15,double_standard_s17,2,kappa,4.044452560286892,3.3741319294847285,0.6703206308021636,0.1657382849249231,False
f2_907931_009,2,monthly,0.01,63,42,21,0,8.33812185963012e-15,double_standard_s17,2,theta,0.10852277122475702,0.1515058442546854,0.04298307302992839,0.39607422981217394,False
f2_907931_009,2,monthly,0.01,63,42,21,0,8.33812185963012e-15,double_standard_s17,2,sigma,0.26682287518924297,0.21831801766058292,0.048504857528660045,0.18178672834650397,False
f2_907931_009,2,monthly,0.01,63,42,21,0,8.33812185963012e-15,double_standard_s17,2,rho,0.0036484327907900793,0.02186210524283927,0.01821367245204919,,True
f2_907931_009,2,monthly,0.01,63,42,21,0,8.33812185963012e-15,double_standard_s17,2,v0,0.025501296583748962,0.04400668943856971,0.018505392854820748,0.7256647831237552,False
f2_907931_009,2,monthly,0.01,63,42,21,0,8.33812185963012e-15,double_sobolev_s17,1,kappa,1.8411176369718305,2.235514135258957,0.39439649828712664,0.21421580586007985,False
f2_907931_009,2,monthly,0.01,63,42,21,0,8.33812185963012e-15,double_sobolev_s17,1,theta,0.05971030025436609,0.14453927275032016,0.08482897249595407,1.4206756980718962,False
f2_907931_009,2,monthly,0.01,63,42,21,0,8.33812185963012e-15,double_sobolev_s17,1,sigma,0.16548514047176036,0.12058953314652364,0.04489560732523672,0.27129691038874904,False
f2_907931_009,2,monthly,0.01,63,42,21,0,8.33812185963012e-15,double_sobolev_s17,1,rho,-0.05734741636248708,0.272696095082003,0.33004351144449007,,False
f2_907931_009,2,monthly,0.01,63,42,21,0,8.33812185963012e-15,double_sobolev_s17,1,v0,0.028700784254689294,0.04391072932238543,0.01520994506769614,0.5299487614249097,False
f2_907931_009,2,monthly,0.01,63,42,21,0,8.33812185963012e-15,double_sobolev_s17,2,kappa,4.044452560286892,6.335755206546806,2.291302646259914,0.5665297372402314,False
f2_907931_009,2,monthly,0.01,63,42,21,0,8.33812185963012e-15,double_sobolev_s17,2,theta,0.10852277122475702,0.03613617325345132,0.0723865979713057,0.6670175959789012,False
f2_907931_009,2,monthly,0.01,63,42,21,0,8.33812185963012e-15,double_sobolev_s17,2,sigma,0.26682287518924297,0.23843492511186573,0.02838795007737724,0.10639248998888573,False
f2_907931_009,2,monthly,0.01,63,42,21,0,8.33812185963012e-15,double_sobolev_s17,2,rho,0.0036484327907900793,-0.599989,0.6036374327907901,,False
f2_907931_009,2,monthly,0.01,63,42,21,0,8.33812185963012e-15,double_sobolev_s17,2,v0,0.025501296583748962,0.010978093996771262,0.0145232025869777,0.5695083988879531,False
f2_907931_009,2,rich,0.0,126,84,42,0,1.8984813721090177e-14,double_standard_s17,1,kappa,1.8411176369718305,1.2421866983746295,0.598930938597201,0.32530834889088883,False
f2_907931_009,2,rich,0.0,126,84,42,0,1.8984813721090177e-14,double_standard_s17,1,theta,0.05971030025436609,0.05086687296881126,0.00884342728555483,0.14810555712970458,False
f2_907931_009,2,rich,0.0,126,84,42,0,1.8984813721090177e-14,double_standard_s17,1,sigma,0.16548514047176036,0.20450744422673883,0.03902230375497848,0.23580548467212703,False
f2_907931_009,2,rich,0.0,126,84,42,0,1.8984813721090177e-14,double_standard_s17,1,rho,-0.05734741636248708,-0.020392643759931217,0.03695477260255586,,True
f2_907931_009,2,rich,0.0,126,84,42,0,1.8984813721090177e-14,double_standard_s17,1,v0,0.028700784254689294,0.03229896263927581,0.0035981783845865194,0.12536864333240752,False
f2_907931_009,2,rich,0.0,126,84,42,0,1.8984813721090177e-14,double_standard_s17,2,kappa,4.044452560286892,3.783232623246588,0.2612199370403041,0.06458721746553867,False
f2_907931_009,2,rich,0.0,126,84,42,0,1.8984813721090177e-14,double_standard_s17,2,theta,0.10852277122475702,0.11885276682732066,0.010329995602563632,0.09518735548292999,False
f2_907931_009,2,rich,0.0,126,84,42,0,1.8984813721090177e-14,double_standard_s17,2,sigma,0.26682287518924297,0.21406765818701382,0.052755217002229154,0.19771624514881922,False
f2_907931_009,2,rich,0.0,126,84,42,0,1.8984813721090177e-14,double_standard_s17,2,rho,0.0036484327907900793,-0.0050574453050447055,0.008705878095834785,,True
f2_907931_009,2,rich,0.0,126,84,42,0,1.8984813721090177e-14,double_standard_s17,2,v0,0.025501296583748962,0.021982072590705927,0.003519223993043035,0.1380017671448795,False
f2_907931_009,2,rich,0.0,126,84,42,0,1.8984813721090177e-14,double_sobolev_s17,1,kappa,1.8411176369718305,2.53480988803103,0.6936922510591996,0.37677779905478864,False
f2_907931_009,2,rich,0.0,126,84,42,0,1.8984813721090177e-14,double_sobolev_s17,1,theta,0.05971030025436609,0.1058458464141912,0.04613554615982511,0.7726564087483654,False
f2_907931_009,2,rich,0.0,126,84,42,0,1.8984813721090177e-14,double_sobolev_s17,1,sigma,0.16548514047176036,0.19581345510008696,0.030328314628326608,0.18326911130429901,False
f2_907931_009,2,rich,0.0,126,84,42,0,1.8984813721090177e-14,double_sobolev_s17,1,rho,-0.05734741636248708,-0.02715282762107374,0.030194588741413342,,True
f2_907931_009,2,rich,0.0,126,84,42,0,1.8984813721090177e-14,double_sobolev_s17,1,v0,0.028700784254689294,0.0432815662276126,0.014580781972923309,0.5080273013982542,False
f2_907931_009,2,rich,0.0,126,84,42,0,1.8984813721090177e-14,double_sobolev_s17,2,kappa,4.044452560286892,4.6586647017665666,0.6142121414796744,0.15186533463409085,False
f2_907931_009,2,rich,0.0,126,84,42,0,1.8984813721090177e-14,double_sobolev_s17,2,theta,0.10852277122475702,0.06162224858613638,0.04690052263862064,0.43217218017301556,False
f2_907931_009,2,rich,0.0,126,84,42,0,1.8984813721090177e-14,double_sobolev_s17,2,sigma,0.26682287518924297,0.270024423447594,0.0032015482583510058,0.01199877730153504,True
f2_907931_009,2,rich,0.0,126,84,42,0,1.8984813721090177e-14,double_sobolev_s17,2,rho,0.0036484327907900793,-0.003671870046288772,0.007320302837078851,,True
f2_907931_009,2,rich,0.0,126,84,42,0,1.8984813721090177e-14,double_sobolev_s17,2,v0,0.025501296583748962,0.010820797324629802,0.01468049925911916,0.575676582204628,False
f2_907931_009,2,rich,0.01,126,84,42,0,1.8984813721090177e-14,double_standard_s17,1,kappa,1.8411176369718305,0.29685255882352835,1.5442650781483023,0.8387650235583126,False
f2_907931_009,2,rich,0.01,126,84,42,0,1.8984813721090177e-14,double_standard_s17,1,theta,0.05971030025436609,0.05571979851721704,0.003990501737149051,0.066831044562655,False
f2_907931_009,2,rich,0.01,126,84,42,0,1.8984813721090177e-14,double_standard_s17,1,sigma,0.16548514047176036,0.12628075853799503,0.039204381933765325,0.2369057537250933,False
f2_907931_009,2,rich,0.01,126,84,42,0,1.8984813721090177e-14,double_standard_s17,1,rho,-0.05734741636248708,0.29998900000000006,0.35733641636248714,,False
f2_907931_009,2,rich,0.01,126,84,42,0,1.8984813721090177e-14,double_standard_s17,1,v0,0.028700784254689294,0.043625709527271454,0.01492492527258216,0.5200180294774922,False
f2_907931_009,2,rich,0.01,126,84,42,0,1.8984813721090177e-14,double_standard_s17,2,kappa,4.044452560286892,3.4658649192313873,0.5785876410555049,0.14305709670988523,False
f2_907931_009,2,rich,0.01,126,84,42,0,1.8984813721090177e-14,double_standard_s17,2,theta,0.10852277122475702,0.12001200470449483,0.011489233479737807,0.10586933368982009,False
f2_907931_009,2,rich,0.01,126,84,42,0,1.8984813721090177e-14,double_standard_s17,2,sigma,0.26682287518924297,0.33344540058372524,0.06662252539448227,0.24968820738188408,False
f2_907931_009,2,rich,0.01,126,84,42,0,1.8984813721090177e-14,double_standard_s17,2,rho,0.0036484327907900793,-0.19181261763353802,0.1954610504243281,,False
f2_907931_009,2,rich,0.01,126,84,42,0,1.8984813721090177e-14,double_standard_s17,2,v0,0.025501296583748962,0.010906836375912147,0.014594460207836816,0.5723026733133768,False
f2_907931_009,2,rich,0.01,126,84,42,0,1.8984813721090177e-14,double_sobolev_s17,1,kappa,1.8411176369718305,0.20000541617373824,1.6411122207980924,0.8913673889395269,False
f2_907931_009,2,rich,0.01,126,84,42,0,1.8984813721090177e-14,double_sobolev_s17,1,theta,0.05971030025436609,0.060661771540812474,0.0009514712864463828,0.015934793199717835,True
f2_907931_009,2,rich,0.01,126,84,42,0,1.8984813721090177e-14,double_sobolev_s17,1,sigma,0.16548514047176036,0.1401949309238927,0.025290209547867648,0.15282465528790704,False
f2_907931_009,2,rich,0.01,126,84,42,0,1.8984813721090177e-14,double_sobolev_s17,1,rho,-0.05734741636248708,0.29998900000000006,0.35733641636248714,,False
f2_907931_009,2,rich,0.01,126,84,42,0,1.8984813721090177e-14,double_sobolev_s17,1,v0,0.028700784254689294,0.04022244793559418,0.011521663680904886,0.4014407264506165,False
f2_907931_009,2,rich,0.01,126,84,42,0,1.8984813721090177e-14,double_sobolev_s17,2,kappa,4.044452560286892,3.511954616719362,0.5324979435675301,0.1316613152534437,False
f2_907931_009,2,rich,0.01,126,84,42,0,1.8984813721090177e-14,double_sobolev_s17,2,theta,0.10852277122475702,0.12277617309685898,0.014253401872101959,0.13134019442410227,False
f2_907931_009,2,rich,0.01,126,84,42,0,1.8984813721090177e-14,double_sobolev_s17,2,sigma,0.26682287518924297,0.3049660262866355,0.038143151097392525,0.14295307728147244,False
f2_907931_009,2,rich,0.01,126,84,42,0,1.8984813721090177e-14,double_sobolev_s17,2,rho,0.0036484327907900793,-0.20804486752097212,0.2116933003117622,,False
f2_907931_009,2,rich,0.01,126,84,42,0,1.8984813721090177e-14,double_sobolev_s17,2,v0,0.025501296583748962,0.01413499849477355,0.011366298088975412,0.445714516971609,False
f2_907931_010,2,monthly,0.0,63,42,21,0,8.926193117986258e-15,double_standard_s17,1,kappa,1.3454478288280738,1.5150942951907191,0.16964646636264535,0.12608921931251144,False
f2_907931_010,2,monthly,0.0,63,42,21,0,8.926193117986258e-15,double_standard_s17,1,theta,0.02172928955354635,0.011972247259483159,0.009757042294063191,0.44902721140603435,False
f2_907931_010,2,monthly,0.0,63,42,21,0,8.926193117986258e-15,double_standard_s17,1,sigma,0.1234049154818992,0.169969898628467,0.046564983146567804,0.37733491380574596,False
f2_907931_010,2,monthly,0.0,63,42,21,0,8.926193117986258e-15,double_standard_s17,1,rho,-0.5554537840474945,-0.414473880298617,0.14097990374887748,,False
f2_907931_010,2,monthly,0.0,63,42,21,0,8.926193117986258e-15,double_standard_s17,1,v0,0.1386382988988267,0.15059385582312032,0.01195555692429362,0.08623560025803807,False
f2_907931_010,2,monthly,0.0,63,42,21,0,8.926193117986258e-15,double_standard_s17,2,kappa,3.2851154130683247,5.975399584448484,2.690284171380159,0.8189314021291604,False
f2_907931_010,2,monthly,0.0,63,42,21,0,8.926193117986258e-15,double_standard_s17,2,theta,0.03682068011950858,0.04788719325471721,0.011066513135208629,0.3005515677410123,False
f2_907931_010,2,monthly,0.0,63,42,21,0,8.926193117986258e-15,double_standard_s17,2,sigma,0.29984263585222765,0.19241576366029986,0.10742687219192779,0.35827750742183073,False
f2_907931_010,2,monthly,0.0,63,42,21,0,8.926193117986258e-15,double_standard_s17,2,rho,-0.3484494506126529,-0.599989,0.2515395493873471,,False
f2_907931_010,2,monthly,0.0,63,42,21,0,8.926193117986258e-15,double_standard_s17,2,v0,0.06944507912635457,0.057437383272277286,0.012007695854077287,0.17290924000863206,False
f2_907931_010,2,monthly,0.0,63,42,21,0,8.926193117986258e-15,double_sobolev_s17,1,kappa,1.3454478288280738,1.7878275953079876,0.44237976647991384,0.3287974137690944,False
f2_907931_010,2,monthly,0.0,63,42,21,0,8.926193117986258e-15,double_sobolev_s17,1,theta,0.02172928955354635,0.023309162999293673,0.0015798734457473235,0.07270709158963178,False
f2_907931_010,2,monthly,0.0,63,42,21,0,8.926193117986258e-15,double_sobolev_s17,1,sigma,0.1234049154818992,0.17036928183247668,0.04696436635057748,0.38057127762845167,False
f2_907931_010,2,monthly,0.0,63,42,21,0,8.926193117986258e-15,double_sobolev_s17,1,rho,-0.5554537840474945,-0.6702470701664911,0.11479328611899664,,False
f2_907931_010,2,monthly,0.0,63,42,21,0,8.926193117986258e-15,double_sobolev_s17,1,v0,0.1386382988988267,0.16617488627952212,0.02753658738069542,0.19862179209794434,False
f2_907931_010,2,monthly,0.0,63,42,21,0,8.926193117986258e-15,double_sobolev_s17,2,kappa,3.2851154130683247,6.043310781566236,2.758195368497911,0.8396037952047882,False
f2_907931_010,2,monthly,0.0,63,42,21,0,8.926193117986258e-15,double_sobolev_s17,2,theta,0.03682068011950858,0.04191438830524755,0.005093708185738975,0.1383382427811319,False
f2_907931_010,2,monthly,0.0,63,42,21,0,8.926193117986258e-15,double_sobolev_s17,2,sigma,0.29984263585222765,0.11160117194712324,0.1882414639051044,0.6278008575067223,False
f2_907931_010,2,monthly,0.0,63,42,21,0,8.926193117986258e-15,double_sobolev_s17,2,rho,-0.3484494506126529,0.49998900000000013,0.848438450612653,,False
f2_907931_010,2,monthly,0.0,63,42,21,0,8.926193117986258e-15,double_sobolev_s17,2,v0,0.06944507912635457,0.04154527947112369,0.02789979965523088,0.40175344324206896,False
f2_907931_010,2,monthly,0.01,63,42,21,0,8.926193117986258e-15,double_standard_s17,1,kappa,1.3454478288280738,1.9662969849033265,0.6208491560752527,0.4614442438961244,False
f2_907931_010,2,monthly,0.01,63,42,21,0,8.926193117986258e-15,double_standard_s17,1,theta,0.02172928955354635,0.023945634112367078,0.002216344558820728,0.10199802222521386,False
f2_907931_010,2,monthly,0.01,63,42,21,0,8.926193117986258e-15,double_standard_s17,1,sigma,0.1234049154818992,0.27617961247178374,0.15277469698988455,1.237995232145297,False
f2_907931_010,2,monthly,0.01,63,42,21,0,8.926193117986258e-15,double_standard_s17,1,rho,-0.5554537840474945,-0.5252182602815599,0.030235523765934524,,True
f2_907931_010,2,monthly,0.01,63,42,21,0,8.926193117986258e-15,double_standard_s17,1,v0,0.1386382988988267,0.1658876737375156,0.02724937483868889,0.19655012399260982,False
f2_907931_010,2,monthly,0.01,63,42,21,0,8.926193117986258e-15,double_standard_s17,2,kappa,3.2851154130683247,2.4663923219334776,0.8187230911348471,0.24922201755163087,False
f2_907931_010,2,monthly,0.01,63,42,21,0,8.926193117986258e-15,double_standard_s17,2,theta,0.03682068011950858,0.050806411296762326,0.013985731177253748,0.3798335916626302,False
f2_907931_010,2,monthly,0.01,63,42,21,0,8.926193117986258e-15,double_standard_s17,2,sigma,0.29984263585222765,0.3199074584438533,0.020064822591625675,0.06691784353681536,False
f2_907931_010,2,monthly,0.01,63,42,21,0,8.926193117986258e-15,double_standard_s17,2,rho,-0.3484494506126529,0.49998900000000013,0.848438450612653,,False
f2_907931_010,2,monthly,0.01,63,42,21,0,8.926193117986258e-15,double_standard_s17,2,v0,0.06944507912635457,0.04147347364298429,0.027971605483370285,0.40278743771716713,False
f2_907931_010,2,monthly,0.01,63,42,21,0,8.926193117986258e-15,double_sobolev_s17,1,kappa,1.3454478288280738,1.1236750549211674,0.22177277390690642,0.16483193859703746,False
f2_907931_010,2,monthly,0.01,63,42,21,0,8.926193117986258e-15,double_sobolev_s17,1,theta,0.02172928955354635,0.013685551082827452,0.008043738470718898,0.37017954272720854,False
f2_907931_010,2,monthly,0.01,63,42,21,0,8.926193117986258e-15,double_sobolev_s17,1,sigma,0.1234049154818992,0.026307494362703843,0.09709742111919537,0.7868197205923895,False
f2_907931_010,2,monthly,0.01,63,42,21,0,8.926193117986258e-15,double_sobolev_s17,1,rho,-0.5554537840474945,0.29998900000000006,0.8554427840474945,,False
f2_907931_010,2,monthly,0.01,63,42,21,0,8.926193117986258e-15,double_sobolev_s17,1,v0,0.1386382988988267,0.048341823557847476,0.09029647534097923,0.6513097467163412,False
f2_907931_010,2,monthly,0.01,63,42,21,0,8.926193117986258e-15,double_sobolev_s17,2,kappa,3.2851154130683247,1.6237788188630418,1.661336594205283,0.5057163555339388,False
f2_907931_010,2,monthly,0.01,63,42,21,0,8.926193117986258e-15,double_sobolev_s17,2,theta,0.03682068011950858,0.0261059886342332,0.010714691485275377,0.2909965663452927,False
f2_907931_010,2,monthly,0.01,63,42,21,0,8.926193117986258e-15,double_sobolev_s17,2,sigma,0.29984263585222765,0.26205195041569873,0.037790685436528915,0.12603506278924725,False
f2_907931_010,2,monthly,0.01,63,42,21,0,8.926193117986258e-15,double_sobolev_s17,2,rho,-0.3484494506126529,-0.4203979185968182,0.07194846798416527,,False
f2_907931_010,2,monthly,0.01,63,42,21,0,8.926193117986258e-15,double_sobolev_s17,2,v0,0.06944507912635457,0.1597184707550276,0.09027339162867302,1.2999249588933661,False
f2_907931_010,2,rich,0.0,126,84,42,0,1.525446435834965e-14,double_standard_s17,1,kappa,1.3454478288280738,1.5502224381998302,0.2047746093717564,0.15219810458954872,False
f2_907931_010,2,rich,0.0,126,84,42,0,1.525446435834965e-14,double_standard_s17,1,theta,0.02172928955354635,0.028490237175588035,0.006760947622041685,0.3111444396458999,False
f2_907931_010,2,rich,0.0,126,84,42,0,1.525446435834965e-14,double_standard_s17,1,sigma,0.1234049154818992,0.1873958941923955,0.06399097871049629,0.5185448120977187,False
f2_907931_010,2,rich,0.0,126,84,42,0,1.525446435834965e-14,double_standard_s17,1,rho,-0.5554537840474945,-0.4032809462667427,0.15217283778075175,,False
f2_907931_010,2,rich,0.0,126,84,42,0,1.525446435834965e-14,double_standard_s17,1,v0,0.1386382988988267,0.16607161708830465,0.027433318189477945,0.19787690996914067,False
f2_907931_010,2,rich,0.0,126,84,42,0,1.525446435834965e-14,double_standard_s17,2,kappa,3.2851154130683247,5.368817447478454,2.0837020344101296,0.6342857928586244,False
f2_907931_010,2,rich,0.0,126,84,42,0,1.525446435834965e-14,double_standard_s17,2,theta,0.03682068011950858,0.03227690853235373,0.004543771587154848,0.12340270664222294,False
f2_907931_010,2,rich,0.0,126,84,42,0,1.525446435834965e-14,double_standard_s17,2,sigma,0.29984263585222765,0.29727830597472105,0.0025643298775065992,0.008552252318013858,True
f2_907931_010,2,rich,0.0,126,84,42,0,1.525446435834965e-14,double_standard_s17,2,rho,-0.3484494506126529,-0.44461516018877034,0.09616570957611742,,False
f2_907931_010,2,rich,0.0,126,84,42,0,1.525446435834965e-14,double_standard_s17,2,v0,0.06944507912635457,0.041519461205163394,0.02792561792119118,0.40212522287404723,False
f2_907931_010,2,rich,0.0,126,84,42,0,1.525446435834965e-14,double_sobolev_s17,1,kappa,1.3454478288280738,1.375831062569005,0.030383233740931104,0.022582245918368927,True
f2_907931_010,2,rich,0.0,126,84,42,0,1.525446435834965e-14,double_sobolev_s17,1,theta,0.02172928955354635,0.01650666602874485,0.0052226235248015,0.24034948367417455,False
f2_907931_010,2,rich,0.0,126,84,42,0,1.525446435834965e-14,double_sobolev_s17,1,sigma,0.1234049154818992,0.1918077388384165,0.0684028233565173,0.5542957757347234,False
f2_907931_010,2,rich,0.0,126,84,42,0,1.525446435834965e-14,double_sobolev_s17,1,rho,-0.5554537840474945,-0.3891257541661831,0.16632802988131135,,False
f2_907931_010,2,rich,0.0,126,84,42,0,1.525446435834965e-14,double_sobolev_s17,1,v0,0.1386382988988267,0.13740525060198427,0.0012330482968424261,0.008893994708794435,True
f2_907931_010,2,rich,0.0,126,84,42,0,1.525446435834965e-14,double_sobolev_s17,2,kappa,3.2851154130683247,3.449461140280876,0.16434572721255147,0.05002738307420719,False
f2_907931_010,2,rich,0.0,126,84,42,0,1.525446435834965e-14,double_sobolev_s17,2,theta,0.03682068011950858,0.04251872917656308,0.005698049057054504,0.15475132557466056,False
f2_907931_010,2,rich,0.0,126,84,42,0,1.525446435834965e-14,double_sobolev_s17,2,sigma,0.29984263585222765,0.15246707313061517,0.14737556272161248,0.4915096957533552,False
f2_907931_010,2,rich,0.0,126,84,42,0,1.525446435834965e-14,double_sobolev_s17,2,rho,-0.3484494506126529,-0.5999889999999987,0.25153954938734574,,False
f2_907931_010,2,rich,0.0,126,84,42,0,1.525446435834965e-14,double_sobolev_s17,2,v0,0.06944507912635457,0.07053814092825635,0.0010930618019017735,0.01573994609341519,True
f2_907931_010,2,rich,0.01,126,84,42,0,1.525446435834965e-14,double_standard_s17,1,kappa,1.3454478288280738,1.602619379719877,0.2571715508918031,0.1911419717521172,False
f2_907931_010,2,rich,0.01,126,84,42,0,1.525446435834965e-14,double_standard_s17,1,theta,0.02172928955354635,0.012494561795784679,0.009234727757761671,0.42498986149570217,False
f2_907931_010,2,rich,0.01,126,84,42,0,1.525446435834965e-14,double_standard_s17,1,sigma,0.1234049154818992,0.06976708132985723,0.05363783415204197,0.43464908948387443,False
f2_907931_010,2,rich,0.01,126,84,42,0,1.525446435834965e-14,double_standard_s17,1,rho,-0.5554537840474945,-0.6281924066051143,0.07273862255761987,,False
f2_907931_010,2,rich,0.01,126,84,42,0,1.525446435834965e-14,double_standard_s17,1,v0,0.1386382988988267,0.13490418375836696,0.0037341151404597372,0.026934225031026684,True
f2_907931_010,2,rich,0.01,126,84,42,0,1.525446435834965e-14,double_standard_s17,2,kappa,3.2851154130683247,2.220528801694482,1.0645866113738425,0.32406368651124795,False
f2_907931_010,2,rich,0.01,126,84,42,0,1.525446435834965e-14,double_standard_s17,2,theta,0.03682068011950858,0.049976373055093185,0.013155692935584606,0.3572908727618632,False
f2_907931_010,2,rich,0.01,126,84,42,0,1.525446435834965e-14,double_standard_s17,2,sigma,0.29984263585222765,0.42399863734156024,0.12415600148933259,0.41407053782211534,False
f2_907931_010,2,rich,0.01,126,84,42,0,1.525446435834965e-14,double_standard_s17,2,rho,-0.3484494506126529,-0.275216435638905,0.0732330149737479,,False
f2_907931_010,2,rich,0.01,126,84,42,0,1.525446435834965e-14,double_standard_s17,2,v0,0.06944507912635457,0.07236681102037708,0.0029217318940225057,0.042072554755196494,True
f2_907931_010,2,rich,0.01,126,84,42,0,1.525446435834965e-14,double_sobolev_s17,1,kappa,1.3454478288280738,1.7200626709914648,0.374614842163391,0.2784313402101158,False
f2_907931_010,2,rich,0.01,126,84,42,0,1.525446435834965e-14,double_sobolev_s17,1,theta,0.02172928955354635,0.015662349108097884,0.006066940445448466,0.27920565145482656,False
f2_907931_010,2,rich,0.01,126,84,42,0,1.525446435834965e-14,double_sobolev_s17,1,sigma,0.1234049154818992,0.2089077124551743,0.0855027969732751,0.692863786174032,False
f2_907931_010,2,rich,0.01,126,84,42,0,1.525446435834965e-14,double_sobolev_s17,1,rho,-0.5554537840474945,-0.30508002272952095,0.2503737613179735,,False
f2_907931_010,2,rich,0.01,126,84,42,0,1.525446435834965e-14,double_sobolev_s17,1,v0,0.1386382988988267,0.16224002428412315,0.02360172538529645,0.17023957717859875,False
f2_907931_010,2,rich,0.01,126,84,42,0,1.525446435834965e-14,double_sobolev_s17,2,kappa,3.2851154130683247,4.265771275581268,0.9806558625129433,0.29851488888696387,False
f2_907931_010,2,rich,0.01,126,84,42,0,1.525446435834965e-14,double_sobolev_s17,2,theta,0.03682068011950858,0.048031629322003305,0.011210949202494727,0.30447425648052784,False
f2_907931_010,2,rich,0.01,126,84,42,0,1.525446435834965e-14,double_sobolev_s17,2,sigma,0.29984263585222765,0.5544784698136157,0.25463583396138806,0.8492315752149437,False
f2_907931_010,2,rich,0.01,126,84,42,0,1.525446435834965e-14,double_sobolev_s17,2,rho,-0.3484494506126529,-0.25679910992187444,0.09165034069077849,,False
f2_907931_010,2,rich,0.01,126,84,42,0,1.525446435834965e-14,double_sobolev_s17,2,v0,0.06944507912635457,0.04513858171592096,0.024306497410433614,0.3500103638186977,False
f2_907931_011,2,monthly,0.0,63,42,21,0,8.106015858544425e-15,double_standard_s17,1,kappa,0.44101420949534265,1.3639814990213404,0.9229672895259977,2.0928289149280683,False
f2_907931_011,2,monthly,0.0,63,42,21,0,8.106015858544425e-15,double_standard_s17,1,theta,0.025958599026752606,0.029425990931163742,0.0034673919044111365,0.13357392287764397,False
f2_907931_011,2,monthly,0.0,63,42,21,0,8.106015858544425e-15,double_standard_s17,1,sigma,0.05239891580437188,0.25499030965115765,0.20259139384678576,3.866327971424986,False
f2_907931_011,2,monthly,0.0,63,42,21,0,8.106015858544425e-15,double_standard_s17,1,rho,0.04029154587127881,0.06822436512190133,0.02793281925062252,,True
f2_907931_011,2,monthly,0.0,63,42,21,0,8.106015858544425e-15,double_standard_s17,1,v0,0.0322330810498955,0.04007470382983537,0.007841622779939869,0.2432787224963495,False
f2_907931_011,2,monthly,0.0,63,42,21,0,8.106015858544425e-15,double_standard_s17,2,kappa,4.4219634969725075,6.46539794056916,2.0434344435966523,0.4621102017227613,False
f2_907931_011,2,monthly,0.0,63,42,21,0,8.106015858544425e-15,double_standard_s17,2,theta,0.04989376324057721,0.04576971882293471,0.004124044417642504,0.08265651155149856,False
f2_907931_011,2,monthly,0.0,63,42,21,0,8.106015858544425e-15,double_standard_s17,2,sigma,0.508246378597294,0.504837462370465,0.0034089162268290396,0.00670721203412661,True
f2_907931_011,2,monthly,0.0,63,42,21,0,8.106015858544425e-15,double_standard_s17,2,rho,0.2657788052329336,0.30410543707229454,0.038326631839360914,,True
f2_907931_011,2,monthly,0.0,63,42,21,0,8.106015858544425e-15,double_standard_s17,2,v0,0.055586906611403725,0.04758110997266631,0.008005796638737413,0.14402306454475403,False
f2_907931_011,2,monthly,0.0,63,42,21,0,8.106015858544425e-15,double_sobolev_s17,1,kappa,0.44101420949534265,0.20000541617373824,0.2410087933216044,0.5464875918564923,False
f2_907931_011,2,monthly,0.0,63,42,21,0,8.106015858544425e-15,double_sobolev_s17,1,theta,0.025958599026752606,0.011604191098037085,0.01435440792871552,0.5529731367213634,False
f2_907931_011,2,monthly,0.0,63,42,21,0,8.106015858544425e-15,double_sobolev_s17,1,sigma,0.05239891580437188,0.010220126832012816,0.04217878897235906,0.8049553759820331,False
f2_907931_011,2,monthly,0.0,63,42,21,0,8.106015858544425e-15,double_sobolev_s17,1,rho,0.04029154587127881,-0.7601375612143498,0.8004291070856286,,False
f2_907931_011,2,monthly,0.0,63,42,21,0,8.106015858544425e-15,double_sobolev_s17,1,v0,0.0322330810498955,0.03642573296429129,0.004192651914395787,0.13007294921344106,False
f2_907931_011,2,monthly,0.0,63,42,21,0,8.106015858544425e-15,double_sobolev_s17,2,kappa,4.4219634969725075,4.140898664398973,0.2810648325735343,0.06356109288689629,False
f2_907931_011,2,monthly,0.0,63,42,21,0,8.106015858544425e-15,double_sobolev_s17,2,theta,0.04989376324057721,0.04641502381570092,0.0034787394248762885,0.06972293126302259,False
f2_907931_011,2,monthly,0.0,63,42,21,0,8.106015858544425e-15,double_sobolev_s17,2,sigma,0.508246378597294,0.5389570834504535,0.03071070485315941,0.060424837532374924,False
f2_907931_011,2,monthly,0.0,63,42,21,0,8.106015858544425e-15,double_sobolev_s17,2,rho,0.2657788052329336,0.29597976729367625,0.03020096206074263,,True
f2_907931_011,2,monthly,0.0,63,42,21,0,8.106015858544425e-15,double_sobolev_s17,2,v0,0.055586906611403725,0.051364852617113085,0.004222053994290639,0.07595410954968448,False
f2_907931_011,2,monthly,0.01,63,42,21,0,8.106015858544425e-15,double_standard_s17,1,kappa,0.44101420949534265,2.9999187595939873,2.558904550098645,5.802317691819561,False
f2_907931_011,2,monthly,0.01,63,42,21,0,8.106015858544425e-15,double_standard_s17,1,theta,0.025958599026752606,0.020383732857893796,0.00557486616885881,0.21475990145359627,False
f2_907931_011,2,monthly,0.01,63,42,21,0,8.106015858544425e-15,double_standard_s17,1,sigma,0.05239891580437188,0.3147389520961221,0.26234003629175023,5.006592832400972,False
f2_907931_011,2,monthly,0.01,63,42,21,0,8.106015858544425e-15,double_standard_s17,1,rho,0.04029154587127881,-0.02533513145701982,0.06562667732829863,,False
f2_907931_011,2,monthly,0.01,63,42,21,0,8.106015858544425e-15,double_standard_s17,1,v0,0.0322330810498955,0.05593994391895049,0.02370686286905499,0.735482370808975,False
f2_907931_011,2,monthly,0.01,63,42,21,0,8.106015858544425e-15,double_standard_s17,2,kappa,4.4219634969725075,11.523252668949322,7.1012891719768145,1.6059131145787848,False
f2_907931_011,2,monthly,0.01,63,42,21,0,8.106015858544425e-15,double_standard_s17,2,theta,0.04989376324057721,0.04446713176968368,0.005426631470893534,0.10876372352847911,False
f2_907931_011,2,monthly,0.01,63,42,21,0,8.106015858544425e-15,double_standard_s17,2,sigma,0.508246378597294,0.6045924499714421,0.09634607137414808,0.18956568198292528,False
f2_907931_011,2,monthly,0.01,63,42,21,0,8.106015858544425e-15,double_standard_s17,2,rho,0.2657788052329336,0.49998900000000013,0.2342101947670665,,False
f2_907931_011,2,monthly,0.01,63,42,21,0,8.106015858544425e-15,double_standard_s17,2,v0,0.055586906611403725,0.02932879840934802,0.026258108202055704,0.4723793749780064,False
f2_907931_011,2,monthly,0.01,63,42,21,0,8.106015858544425e-15,double_sobolev_s17,1,kappa,0.44101420949534265,2.9999187595939873,2.558904550098645,5.802317691819561,False
f2_907931_011,2,monthly,0.01,63,42,21,0,8.106015858544425e-15,double_sobolev_s17,1,theta,0.025958599026752606,0.015519491551531163,0.010439107475221443,0.40214448647490686,False
f2_907931_011,2,monthly,0.01,63,42,21,0,8.106015858544425e-15,double_sobolev_s17,1,sigma,0.05239891580437188,0.2746296221987676,0.22223070639439568,4.241131767383896,False
f2_907931_011,2,monthly,0.01,63,42,21,0,8.106015858544425e-15,double_sobolev_s17,1,rho,0.04029154587127881,0.2135099474326796,0.17321840156140078,,False
f2_907931_011,2,monthly,0.01,63,42,21,0,8.106015858544425e-15,double_sobolev_s17,1,v0,0.0322330810498955,0.04941267306931077,0.01717959201941527,0.5329801390323797,False
f2_907931_011,2,monthly,0.01,63,42,21,0,8.106015858544425e-15,double_sobolev_s17,2,kappa,4.4219634969725075,9.987348593838767,5.56538509686626,1.2585778016206137,False
f2_907931_011,2,monthly,0.01,63,42,21,0,8.106015858544425e-15,double_sobolev_s17,2,theta,0.04989376324057721,0.05050397787063178,0.0006102146300545688,0.012230278704619704,True
f2_907931_011,2,monthly,0.01,63,42,21,0,8.106015858544425e-15,double_sobolev_s17,2,sigma,0.508246378597294,0.666312371673622,0.15806599307632796,0.3110026942298601,False
f2_907931_011,2,monthly,0.01,63,42,21,0,8.106015858544425e-15,double_sobolev_s17,2,rho,0.2657788052329336,0.2078504613310781,0.05792834390185553,,False
f2_907931_011,2,monthly,0.01,63,42,21,0,8.106015858544425e-15,double_sobolev_s17,2,v0,0.055586906611403725,0.03663057974161445,0.018956326869789278,0.34102143877710156,False
f2_907931_011,2,rich,0.0,126,84,42,0,1.3855583347321953e-14,double_standard_s17,1,kappa,0.44101420949534265,1.8672665929690664,1.4262523834737237,3.2340281849553096,False
f2_907931_011,2,rich,0.0,126,84,42,0,1.3855583347321953e-14,double_standard_s17,1,theta,0.025958599026752606,0.03373185220416354,0.007773253177410934,0.29944810077770057,False
f2_907931_011,2,rich,0.0,126,84,42,0,1.3855583347321953e-14,double_standard_s17,1,sigma,0.05239891580437188,0.24323143119141286,0.190832515387041,3.641917250721416,False
f2_907931_011,2,rich,0.0,126,84,42,0,1.3855583347321953e-14,double_standard_s17,1,rho,0.04029154587127881,0.09610509290226754,0.05581354703098873,,False
f2_907931_011,2,rich,0.0,126,84,42,0,1.3855583347321953e-14,double_standard_s17,1,v0,0.0322330810498955,0.038093208793367174,0.005860127743471673,0.18180476555748526,False
f2_907931_011,2,rich,0.0,126,84,42,0,1.3855583347321953e-14,double_standard_s17,2,kappa,4.4219634969725075,5.364985518165183,0.9430220211926752,0.2132586625462454,False
f2_907931_011,2,rich,0.0,126,84,42,0,1.3855583347321953e-14,double_standard_s17,2,theta,0.04989376324057721,0.04567835424020694,0.00421540900037027,0.08448769398380426,False
f2_907931_011,2,rich,0.0,126,84,42,0,1.3855583347321953e-14,double_standard_s17,2,sigma,0.508246378597294,0.498073449332335,0.010172929264959052,0.020015743728534287,True
f2_907931_011,2,rich,0.0,126,84,42,0,1.3855583347321953e-14,double_standard_s17,2,rho,0.2657788052329336,0.2749668315587549,0.009188026325821275,,True
f2_907931_011,2,rich,0.0,126,84,42,0,1.3855583347321953e-14,double_standard_s17,2,v0,0.055586906611403725,0.0496913647388026,0.0058955418726011274,0.10605990208837507,False
f2_907931_011,2,rich,0.0,126,84,42,0,1.3855583347321953e-14,double_sobolev_s17,1,kappa,0.44101420949534265,1.4993484676824782,1.0583342581871356,2.399773602302291,False
f2_907931_011,2,rich,0.0,126,84,42,0,1.3855583347321953e-14,double_sobolev_s17,1,theta,0.025958599026752606,0.03604582660810414,0.010087227581351534,0.3885890594849038,False
f2_907931_011,2,rich,0.0,126,84,42,0,1.3855583347321953e-14,double_sobolev_s17,1,sigma,0.05239891580437188,0.049318147570965365,0.003080768233406514,0.05879450339981026,False
f2_907931_011,2,rich,0.0,126,84,42,0,1.3855583347321953e-14,double_sobolev_s17,1,rho,0.04029154587127881,0.07684169306337374,0.03655014719209493,,True
f2_907931_011,2,rich,0.0,126,84,42,0,1.3855583347321953e-14,double_sobolev_s17,1,v0,0.0322330810498955,0.04057322458242088,0.00834014353252538,0.25874484414366644,False
f2_907931_011,2,rich,0.0,126,84,42,0,1.3855583347321953e-14,double_sobolev_s17,2,kappa,4.4219634969725075,4.167722607475306,0.25424088949720147,0.05749502221609636,False
f2_907931_011,2,rich,0.0,126,84,42,0,1.3855583347321953e-14,double_sobolev_s17,2,theta,0.04989376324057721,0.04273322174344866,0.007160541497128553,0.14351576293417537,False
f2_907931_011,2,rich,0.0,126,84,42,0,1.3855583347321953e-14,double_sobolev_s17,2,sigma,0.508246378597294,0.5371382862559132,0.028891907658619154,0.05684626369273451,False
f2_907931_011,2,rich,0.0,126,84,42,0,1.3855583347321953e-14,double_sobolev_s17,2,rho,0.2657788052329336,0.2851694639462975,0.019390658713363873,,True
f2_907931_011,2,rich,0.0,126,84,42,0,1.3855583347321953e-14,double_sobolev_s17,2,v0,0.055586906611403725,0.047246564871818816,0.008340341739584908,0.15004148005375562,False
f2_907931_011,2,rich,0.01,126,84,42,0,1.3855583347321953e-14,double_standard_s17,1,kappa,0.44101420949534265,2.0424198028875558,1.6014055933922131,3.6311881996381,False
f2_907931_011,2,rich,0.01,126,84,42,0,1.3855583347321953e-14,double_standard_s17,1,theta,0.025958599026752606,0.029825844498907766,0.0038672454721551605,0.14897743395818958,False
f2_907931_011,2,rich,0.01,126,84,42,0,1.3855583347321953e-14,double_standard_s17,1,sigma,0.05239891580437188,0.05235966412985549,3.925167451639122e-05,0.0007490932572524005,True
f2_907931_011,2,rich,0.01,126,84,42,0,1.3855583347321953e-14,double_standard_s17,1,rho,0.04029154587127881,0.29998900000000006,0.25969745412872125,,False
f2_907931_011,2,rich,0.01,126,84,42,0,1.3855583347321953e-14,double_standard_s17,1,v0,0.0322330810498955,0.04103991226978973,0.008806831219894229,0.27322337589328216,False
f2_907931_011,2,rich,0.01,126,84,42,0,1.3855583347321953e-14,double_standard_s17,2,kappa,4.4219634969725075,5.431603460698366,1.0096399637258582,0.22832390281310713,False
f2_907931_011,2,rich,0.01,126,84,42,0,1.3855583347321953e-14,double_standard_s17,2,theta,0.04989376324057721,0.047157928391275264,0.0027358348493019477,0.05483320302199553,False
f2_907931_011,2,rich,0.01,126,84,42,0,1.3855583347321953e-14,double_standard_s17,2,sigma,0.508246378597294,0.5328998822206822,0.02465350362338814,0.04850699318592134,True
f2_907931_011,2,rich,0.01,126,84,42,0,1.3855583347321953e-14,double_standard_s17,2,rho,0.2657788052329336,0.27948860022309285,0.01370979499015923,,True
f2_907931_011,2,rich,0.01,126,84,42,0,1.3855583347321953e-14,double_standard_s17,2,v0,0.055586906611403725,0.04678388380020455,0.008803022811199178,0.15836504219850267,False
f2_907931_011,2,rich,0.01,126,84,42,0,1.3855583347321953e-14,double_sobolev_s17,1,kappa,0.44101420949534265,1.7787588367889922,1.3377446272936495,3.0333367916295604,False
f2_907931_011,2,rich,0.01,126,84,42,0,1.3855583347321953e-14,double_sobolev_s17,1,theta,0.025958599026752606,0.04240654500481904,0.016447945978066432,0.6336222521529526,False
f2_907931_011,2,rich,0.01,126,84,42,0,1.3855583347321953e-14,double_sobolev_s17,1,sigma,0.05239891580437188,0.10452755180523235,0.05212863600086047,0.9948418817572394,False
f2_907931_011,2,rich,0.01,126,84,42,0,1.3855583347321953e-14,double_sobolev_s17,1,rho,0.04029154587127881,0.29998900000000006,0.25969745412872125,,False
f2_907931_011,2,rich,0.01,126,84,42,0,1.3855583347321953e-14,double_sobolev_s17,1,v0,0.0322330810498955,0.05331263709912548,0.02107955604922998,0.6539727312012055,False
f2_907931_011,2,rich,0.01,126,84,42,0,1.3855583347321953e-14,double_sobolev_s17,2,kappa,4.4219634969725075,7.608631177492978,3.18666768052047,0.720645406209757,False
f2_907931_011,2,rich,0.01,126,84,42,0,1.3855583347321953e-14,double_sobolev_s17,2,theta,0.04989376324057721,0.03423130564410458,0.015662457596472633,0.3139161405996089,False
f2_907931_011,2,rich,0.01,126,84,42,0,1.3855583347321953e-14,double_sobolev_s17,2,sigma,0.508246378597294,0.6495594217371489,0.14131304313985482,0.27804043292913133,False
f2_907931_011,2,rich,0.01,126,84,42,0,1.3855583347321953e-14,double_sobolev_s17,2,rho,0.2657788052329336,0.27662987403182937,0.010851068798895747,,True
f2_907931_011,2,rich,0.01,126,84,42,0,1.3855583347321953e-14,double_sobolev_s17,2,v0,0.055586906611403725,0.034438427060029975,0.02114847955137375,0.3804579322828357,False
