expiry,cp,strike,tau,days,mid,forward,discount,k,x,c,market_iv,vega_w,symbol,spot
2026-10-02,P,220.0,0.02091681132591324,7.634636133958333,0.015,281.6509580083422,1.0033889520284371,0.7811086514872918,0.24704102039689288,0.21894442604355824,0.6036330436794565,0.0009295963735563837,IWM,281.66
2026-10-02,P,225.0,0.020916811325722984,7.634636133888889,0.015,281.6509580083422,1.0033889520284371,0.7988611208392757,0.22456816454483425,0.2011919566915743,0.5531262262864276,0.0010018959658956723,IWM,281.66
2026-10-02,P,230.0,0.020916811325532723,7.634636133819444,0.02,281.6509580083422,1.0033889520284371,0.8166135901912596,0.2025892578260591,0.18345717984987397,0.5180172142029678,0.0013459658731364123,IWM,281.66
2026-10-02,P,235.0,0.020916811325310758,7.634636133738427,0.025,281.6509580083422,1.0033889520284371,0.8343660595432435,0.18108305260509547,0.1657224030081733,0.4789428999852681,0.001727949264202144,IWM,281.66
2026-10-02,P,240.0,0.020916811325120497,7.634636133668981,0.03,281.6509580083422,1.0033889520284371,0.8521185288952274,0.16002964340726308,0.14798762616647287,0.43717223486266943,0.002163231050206374,IWM,281.66
2026-10-02,P,245.0,0.020916811324930236,7.634636133599536,0.04,281.6509580083422,1.0033889520284371,0.8698709982472113,0.1394103562045275,0.13027054183505582,0.39969363495657,0.0029358220246566208,IWM,281.66
2026-10-02,P,250.0,0.020916811324739982,7.634636133530093,0.055,281.6509580083422,1.0033889520284371,0.8876234675991952,0.11920764888700802,0.11257115001392193,0.3623616593548122,0.0040888243292836225,IWM,281.66
2026-10-02,P,251.0,0.02091681132454972,7.634636133460648,0.055,281.6509580083422,1.0033889520284371,0.891173961469592,0.11521562761747049,0.10902065614352507,0.351708788973218,0.004187180437750459,IWM,281.66
2026-10-02,P,252.0,0.020916811324359463,7.634636133391204,0.060000000000000005,281.6509580083422,1.0033889520284371,0.8947244553399888,0.1112394792378311,0.1054878547834116,0.3450681154122981,0.004549905167072571,IWM,281.66
2026-10-02,P,253.0,0.020916811324169202,7.6346361333217585,0.065,281.6509580083422,1.0033889520284371,0.8982749492103855,0.10727907802173423,0.10195505342329836,0.3380246026338144,0.004921170465683131,IWM,281.66
2026-10-02,P,254.0,0.020916811323978945,7.6346361332523145,0.07,281.6509580083422,1.0033889520284371,0.9018254430807824,0.1033342997307178,0.09842225206318478,0.33062030310233453,0.0053024454244672775,IWM,281.66
2026-10-02,P,255.0,0.020916811323756977,7.634636133171297,0.07500000000000001,281.6509580083422,1.0033889520284371,0.9053759369511791,0.09940502159082827,0.09488945070307153,0.32288889831586726,0.005695245372122406,IWM,281.66
2026-10-02,P,256.0,0.020916811323566716,7.634636133101851,0.08,281.6509580083422,1.0033889520284371,0.9089264308215759,0.09549112226969199,0.09135664934295806,0.31485763870214595,0.006101167758949477,IWM,281.66
2026-10-02,P,257.0,0.02091681132340817,7.634636133043982,0.09,281.6509580083422,1.0033889520284371,0.9124769246919727,0.09159248185403458,0.08784154049312798,0.3092119382766198,0.006765035450284158,IWM,281.66
2026-10-02,P,258.0,0.02091681132321791,7.634636132974538,0.095,281.6509580083422,1.0033889520284371,0.9160274185623695,0.087708981827637,0.08430873913301451,0.30047895908282685,0.0072022258582070215,IWM,281.66
2026-10-02,P,259.0,0.02091681132302765,7.634636132905093,0.11,281.6509580083422,1.0033889520284371,0.9195779124327662,0.08384050504971671,0.08081132279346803,0.29599778597321325,0.008127531858421508,IWM,281.66
2026-10-02,P,260.0,0.020916811322837393,7.634636132835649,0.12,281.6509580083422,1.0033889520284371,0.9231284063031631,0.07998693573372666,0.07729621394363795,0.28858447992013553,0.008833991530763146,IWM,281.66
2026-10-02,P,261.0,0.02091681132264713,7.634636132766203,0.135,281.6509580083422,1.0033889520284371,0.9266789001735598,0.07614815942656102,0.07379879760409125,0.28253600323622946,0.00978204936742025,IWM,281.66
2026-10-02,P,262.0,0.020916811322456878,7.634636132696761,0.15000000000000002,281.6509580083422,1.0033889520284371,0.9302293940439565,0.07232406298815762,0.07030138126454455,0.2757638917086742,0.01074686715340123,IWM,281.66
2026-10-02,P,263.0,0.020916811322298327,7.63463613263889,0.16999999999999998,281.6509580083422,1.0033889520284371,0.9337798879143534,0.06851453457148984,0.06682165743528123,0.26984989826486994,0.011938800246354934,IWM,281.66
2026-10-02,P,264.0,0.020916811322108066,7.634636132569444,0.19,281.6509580083422,1.0033889520284371,0.9373303817847501,0.06471946360293827,0.06334193360601803,0.2631066976129537,0.013148414921795555,IWM,281.66
2026-10-02,P,265.0,0.02091681132191781,7.6346361325,0.22,281.6509580083422,1.0033889520284371,0.9408808756551469,0.06093874076303226,0.059897594797321374,0.2580635004019268,0.014755844589754501,IWM,281.66
2026-10-02,P,266.0,0.02091681132175926,7.63463613244213,0.25,281.6509580083422,1.0033889520284371,0.9444313695255437,0.05717225796755532,0.05645325598862483,0.2519268698855002,0.01636844526804302,IWM,281.66
2026-10-02,P,267.0,0.020916811321568998,7.634636132372684,0.29000000000000004,281.6509580083422,1.0033889520284371,0.9479818633959405,0.0534199083490049,0.05304430220049494,0.24679451728393062,0.01832685997511286,IWM,281.66
2026-10-02,P,268.0,0.020916811321378743,7.634636132303242,0.33999999999999997,281.6509580083422,1.0033889520284371,0.9515323572663372,0.049681586238397794,0.049670733432932046,0.24219995480450046,0.020581824345804918,IWM,281.66
2026-10-02,P,269.0,0.020916811321188482,7.634636132233796,0.395,281.6509580083422,1.0033889520284371,0.9550828511367341,0.04595718714741529,0.04631485717565231,0.23701335260229514,0.02295066032603775,IWM,281.66
2026-10-02,P,270.0,0.020916811321029932,7.634636132175925,0.46499999999999997,281.6509580083422,1.0033889520284371,0.9586333450071308,0.04224660775087968,0.043012058449222734,0.2325845973013951,0.025668875102179252,IWM,281.66
2026-10-02,P,271.0,0.020916811320839675,7.634636132106481,0.545,281.6509580083422,1.0033889520284371,0.9621838388775276,0.03854974586955358,0.039744644743359925,0.2278539182186917,0.02854755326848058,IWM,281.66
2026-10-02,P,272.0,0.020916811320649417,7.634636132037037,0.645,281.6509580083422,1.0033889520284371,0.9657343327479244,0.034866500453257086,0.03654800107863054,0.22379116608080588,0.03173482263278101,IWM,281.66
2026-10-02,P,273.0,0.02091681132045916,7.634636131967593,0.755,281.6509580083422,1.0033889520284371,0.9692848266183212,0.03119677156429471,0.03338674243446782,0.21895657315981898,0.03496082737304502,IWM,281.66
2026-10-02,P,274.0,0.02091681132030061,7.634636131909723,0.895,281.6509580083422,1.0033889520284371,0.9728353204887179,0.02754046036118426,0.030331638852005405,0.21514159756066187,0.038459714669149714,IWM,281.66
2026-10-02,P,275.0,0.02091681132011035,7.634636131840277,1.0550000000000002,281.6509580083422,1.0033889520284371,0.9763858143591148,0.023897469082683115,0.027347305310676417,0.21098850125282098,0.0419504019449857,IWM,281.66
2026-10-02,P,276.0,0.02091681131992009,7.634636131770833,1.255,281.6509580083422,1.0033889520284371,0.9799363082295115,0.020267701032104447,0.02450451185161462,0.20786527773406296,0.04549992441245331,IWM,281.66
2026-10-02,P,277.0,0.02091681131976154,7.634636131712963,1.48,281.6509580083422,1.0033889520284371,0.9834868020999082,0.016651060561915985,0.021750180943969633,0.20420320282738777,0.048805408936547286,IWM,281.66
2026-10-02,P,278.0,0.020916811319571283,7.634636131643519,1.75,281.6509580083422,1.0033889520284371,0.9870372959703051,0.013047453058617346,0.019155082628874665,0.20120781204154975,0.051835221403463035,IWM,281.66
2026-10-02,P,279.0,0.020916811319381026,7.634636131574075,2.0549999999999997,281.6509580083422,1.0033889520284371,0.9905877898407018,0.009456784927888822,0.01668383188576361,0.19787815346127444,0.05436868298572099,IWM,281.66
2026-10-02,P,280.0,0.020916811319190765,7.634636131504629,2.4050000000000002,281.6509580083422,1.0033889520284371,0.9941382837110987,0.005878963580004769,0.014371813735202799,0.1946523732606326,0.056281851652257645,IWM,281.66
2026-10-02,P,281.0,0.020916811319000507,7.634636131435185,2.8049999999999997,281.6509580083422,1.0033889520284371,0.9976887775814954,0.002313897415508651,0.012236720687475722,0.19161577186692058,0.05742484094525388,IWM,281.66
2026-10-02,C,282.0,0.020916811318905378,7.634636131400463,2.975,281.6509580083422,1.0033889520284371,1.0012392714518923,-0.0012385041888592443,0.010527043618605705,0.19288793908423466,0.057670869027690745,IWM,281.66
2026-10-02,C,283.0,0.020916811318715117,7.634636131331018,2.485,281.6509580083422,1.0033889520284371,1.004789765322289,-0.004778330893983243,0.008793177610835352,0.1905951289317022,0.056967747773931786,IWM,281.66
2026-10-02,C,284.0,0.02091681131855657,7.634636131273148,2.06,281.6509580083422,1.0033889520284371,1.0083402591926858,-0.008305671411951621,0.0072893142367488235,0.18914206799634042,0.055322552809078364,IWM,281.66
2026-10-02,C,285.0,0.020916811318366313,7.634636131203704,1.68,281.6509580083422,1.0033889520284371,1.0118907530630825,-0.011820613519396068,0.005944683455212632,0.18731107335022618,0.052764378734476904,IWM,281.66
2026-10-02,C,286.0,0.020916811318176052,7.6346361311342585,1.3599999999999999,281.6509580083422,1.0033889520284371,1.0154412469334793,-0.015323244070598095,0.004812362797076893,0.1862085976355512,0.04944756890895293,IWM,281.66
2026-10-02,C,287.0,0.020916811318017505,7.634636131076389,1.09,281.6509580083422,1.0033889520284371,1.018991740803876,-0.018813649010366577,0.0038569672417748634,0.1854124251539518,0.04553197842431317,IWM,281.66
2026-10-02,C,288.0,0.020916811317827244,7.634636131006944,0.865,281.6509580083422,1.0033889520284371,1.022542234674273,-0.022291913386691578,0.003060804279023171,0.1848656333335231,0.04121039994097586,IWM,281.66
2026-10-02,C,289.0,0.020916811317636983,7.634636130937499,0.675,281.6509580083422,1.0033889520284371,1.0260927285446697,-0.02575812136317777,0.0023884888882550756,0.18406159244079026,0.03659330621900485,IWM,281.66
2026-10-02,C,290.0,0.02091681131744673,7.634636130868056,0.525,281.6509580083422,1.0033889520284371,1.0296432224150665,-0.029212356231265283,0.0018577135797539477,0.18389455425187373,0.032025148328528555,IWM,281.66
2026-10-02,C,291.0,0.02091681131728818,7.634636130810185,0.405,281.6509580083422,1.0033889520284371,1.0331937162854632,-0.03265470042223805,0.0014330933329530454,0.18393082990539314,0.027605095652286155,IWM,281.66
2026-10-02,C,292.0,0.02091681131709792,7.634636130740741,0.32,281.6509580083422,1.0033889520284371,1.03674421015586,-0.036085235519027245,0.0011323206581357395,0.18563376332172932,0.023804958096633414,IWM,281.66
2026-10-02,C,292.5,0.02091681131690766,7.634636130671296,0.28,281.6509580083422,1.0033889520284371,1.0385194570910583,-0.037796099922656666,0.0009907805758687723,0.1858503115873307,0.021875667394743396,IWM,281.66
2026-10-02,C,293.0,0.020916811316653985,7.634636130578705,0.25,281.6509580083422,1.0033889520284371,1.040294704026257,-0.03950404226781298,0.0008846255141685465,0.18704783276138492,0.020259887800388822,IWM,281.66
2026-10-02,C,294.0,0.020916811316463724,7.634636130509259,0.19,281.6509580083422,1.0033889520284371,1.0438451978966536,-0.04291120058942725,0.0006723153907680953,0.18757461038630255,0.01687020824189195,IWM,281.66
2026-10-02,C,295.0,0.020916811316305173,7.634636130451388,0.15000000000000002,281.6509580083422,1.0033889520284371,1.0473956917670504,-0.046306789590565424,0.000530775308501128,0.1898337188833964,0.014237650437416568,IWM,281.66
2026-10-02,C,296.0,0.02091681131611492,7.634636130381946,0.12,281.6509580083422,1.0033889520284371,1.0509461856374471,-0.049690887574805935,0.0004246202468009023,0.1926163282503743,0.01205004007933636,IWM,281.66
2026-10-02,C,297.0,0.02091681131592466,7.6346361303125,0.095,281.6509580083422,1.0033889520284371,1.0544966795078439,-0.05306357205344515,0.00033615769538404767,0.19503641861656965,0.0100966848323759,IWM,281.66
2026-10-02,C,297.5,0.020916811315734397,7.634636130243055,0.08499999999999999,281.6509580083422,1.0033889520284371,1.0562719264430422,-0.05474565823642996,0.0003007726748173058,0.19643362102985676,0.00926075410970134,IWM,281.66
2026-10-02,C,298.0,0.02091681131554414,7.634636130173611,0.07500000000000001,281.6509580083422,1.0033889520284371,1.0580471733782406,-0.056424919756149945,0.000265387654250564,0.19738312236929725,0.008414049397192785,IWM,281.66
2026-10-02,C,299.0,0.02091681131538559,7.63463613011574,0.065,281.6509580083422,1.0033889520284371,1.0615976672486376,-0.059775006641432094,0.00023000263368382212,0.20258594458215892,0.007417820368013895,IWM,281.66
2026-10-02,C,300.0,0.020916811315195336,7.634636130046298,0.05,281.6509580083422,1.0033889520284371,1.0651481611190343,-0.0631139079069467,0.00017692510283370933,0.20404869433626932,0.006047904872944081,IWM,281.66
2026-10-02,C,301.0,0.020916811315005075,7.634636129976852,0.045,281.6509580083422,1.0033889520284371,1.068698654989431,-0.06644169799962132,0.00015923259255033837,0.21005892830936104,0.005456475364420783,IWM,281.66
2026-10-02,C,302.0,0.020916811314814814,7.634636129907407,0.035,281.6509580083422,1.0033889520284371,1.0722491488598278,-0.0697584506256152,0.00012384757198359654,0.21174743997986947,0.004462049269788124,IWM,281.66
2026-10-02,C,302.5,0.020916811314624556,7.634636129837963,0.035,281.6509580083422,1.0033889520284371,1.0740243957950262,-0.0714127107216417,0.00012384757198359654,0.21608218867244378,0.004392575414455143,IWM,281.66
2026-10-02,C,303.0,0.0209168113144343,7.634636129768519,0.03,281.6509580083422,1.0033889520284371,1.0757996427302245,-0.07306423876011467,0.00010615506170022558,0.2160908340106377,0.003891529916773743,IWM,281.66
2026-10-02,C,304.0,0.020916811314244037,7.634636129699073,0.025,281.6509580083422,1.0033889520284371,1.0793501366006213,-0.07635913465696718,8.846255141685466e-05,0.21955578334208345,0.0033263602173759033,IWM,281.66
2026-10-02,C,305.0,0.02091681131405378,7.63463612962963,0.025,281.6509580083422,1.0033889520284371,1.0829006304710183,-0.07964320985815727,8.846255141685466e-05,0.2277930719456728,0.0032311204603156876,IWM,281.66
2026-10-02,C,306.0,0.02091681131386352,7.634636129560184,0.02,281.6509580083422,1.0033889520284371,1.086451124341415,-0.08291653520312639,7.077004113348372e-05,0.22988717647037574,0.002682562676167971,IWM,281.66
2026-10-02,C,307.0,0.020916811313704972,7.634636129502315,0.015,281.6509580083422,1.0033889520284371,1.0900016182118117,-0.08617918083794274,5.307753085011279e-05,0.2303450565692109,0.0021216648552848058,IWM,281.66
2026-10-02,C,307.5,0.020916811313514715,7.634636129432871,0.015,281.6509580083422,1.0033889520284371,1.0917768651470101,-0.08780652049731813,5.307753085011279e-05,0.23419857419623416,0.002093460792927004,IWM,281.66
2026-10-02,C,308.0,0.020916811313324454,7.634636129363425,0.015,281.6509580083422,1.0033889520284371,1.0935521120822085,-0.08943121622432001,5.307753085011279e-05,0.2380389642341981,0.0020661622671418506,IWM,281.66
2026-10-02,C,309.0,0.020916811313134196,7.634636129293981,0.015,281.6509580083422,1.0033889520284371,1.0971026059526052,-0.09267271014849097,5.307753085011279e-05,0.2456811406338842,0.0020141053724149704,IWM,281.66
2026-10-02,C,310.0,0.020916811312943935,7.634636129224536,0.015,281.6509580083422,1.0033889520284371,1.100653099823002,-0.09590373072993741,5.307753085011279e-05,0.25327307330950405,0.0019651696443137123,IWM,281.66
2026-10-05,P,215.0,0.029135989387144852,10.634636126307871,0.015,281.6694471860276,1.0034869002725675,0.7633060743645512,0.2700961821790469,0.23674699450176928,0.5551131222275378,0.0010223067334111894,IWM,281.66
2026-10-05,P,220.0,0.02913598938695459,10.634636126238426,0.015,281.6694471860276,1.0034869002725675,0.7810573784195408,0.2471066639543481,0.2189956904467797,0.5115699089121707,0.0010967735368093028,IWM,281.66
2026-10-05,P,225.0,0.02913598938679604,10.634636126180554,0.02,281.6694471860276,1.0034869002725675,0.7988086824745303,0.2246338081022896,0.20126207601389712,0.4821656409111746,0.001466686089550261,IWM,281.66
2026-10-05,P,230.0,0.029135989386605783,10.634636126111111,0.025,281.6694471860276,1.0034869002725675,0.8165599865295199,0.20265490138351433,0.18352846158101443,0.4492714170049887,0.0018722931556368083,IWM,281.66
2026-10-05,P,235.0,0.029135989386415526,10.634636126041666,0.035,281.6694471860276,1.0034869002725675,0.8343112905845095,0.18114869616255072,0.16581253677023844,0.4212223845121456,0.0026008689009675763,IWM,281.66
2026-10-05,P,240.0,0.029135989386225268,10.634636125972223,0.045,281.6694471860276,1.0034869002725675,0.8520625946394991,0.16009528696471834,0.14809661195946244,0.3884237740290863,0.0034042086200598513,IWM,281.66
2026-10-05,P,245.0,0.029135989386035007,10.634636125902778,0.055,281.6694471860276,1.0034869002725675,0.8698138986944886,0.13947599976198274,0.13038068714868678,0.35245357591341736,0.004320265767513166,IWM,281.66
2026-10-05,P,250.0,0.029135989385844746,10.634636125833332,0.07,281.6694471860276,1.0034869002725675,0.8875652027494781,0.11927329244446327,0.1126824519600177,0.3172874686611663,0.005673874775701565,IWM,281.66
2026-10-05,P,255.0,0.029135989385686203,10.634636125775463,0.1,281.6694471860276,1.0034869002725675,0.9053165068044677,0.09947066514828352,0.09503728563766911,0.2856878963517889,0.008088916537874968,IWM,281.66
2026-10-05,P,260.0,0.029135989385495942,10.634636125706018,0.16,281.6694471860276,1.0034869002725675,0.9230678108594573,0.08005257929118191,0.07749825704796176,0.25709060878483553,0.012388798468210418,IWM,281.66
2026-10-05,P,261.0,0.02913598938530568,10.634636125636574,0.18,281.6694471860276,1.0034869002725675,0.9266180716704552,0.0762138029840163,0.0740187547253911,0.25218938188011936,0.013671060955875449,IWM,281.66
2026-10-05,P,262.0,0.029135989385147134,10.634636125578703,0.20500000000000002,281.6694471860276,1.0034869002725675,0.9301683324814531,0.0723897065456128,0.07055694202492746,0.24779370886798213,0.015179213855664389,IWM,281.66
2026-10-05,P,263.0,0.029135989384956873,10.634636125509259,0.22999999999999998,281.6694471860276,1.0034869002725675,0.933718593292451,0.06858017812894517,0.06709512932446371,0.24260761979239523,0.016695413535841228,IWM,281.66
2026-10-05,P,264.0,0.02913598938476662,10.634636125439815,0.26,281.6694471860276,1.0034869002725675,0.937268854103449,0.0647851071603935,0.06365100624610698,0.2376989382753292,0.01842199436100144,IWM,281.66
2026-10-05,P,265.0,0.02913598938460807,10.634636125381945,0.29500000000000004,281.6694471860276,1.0034869002725675,0.9408191149144468,0.06100438432048752,0.060224572789857045,0.23289035743542202,0.020342876394919024,IWM,281.66
2026-10-05,P,266.0,0.029135989384417808,10.6346361253125,0.33499999999999996,281.6694471860276,1.0034869002725675,0.9443693757254448,0.057237901525010605,0.05681582895571369,0.22804056660173053,0.022442896564080803,IWM,281.66
2026-10-05,P,267.0,0.02913598938422755,10.634636125243055,0.385,281.6694471860276,1.0034869002725675,0.9479196365364426,0.05348555190646021,0.05344246436578426,0.22375192276635533,0.024864192546807884,IWM,281.66
2026-10-05,P,268.0,0.029135989384069,10.634636125185185,0.445,281.6694471860276,1.0034869002725675,0.9514698973474406,0.04974722979585301,0.05010447902006854,0.21973601548359223,0.027558094731275882,IWM,281.66
2026-10-05,P,269.0,0.02913598938384703,10.634636125104166,0.515,281.6694471860276,1.0034869002725675,0.9550201581584385,0.04602283070487053,0.04680187291856641,0.21576776572741374,0.03047760155765218,IWM,281.66
2026-10-05,P,270.0,0.029135989383625063,10.634636125023148,0.595,281.6694471860276,1.0034869002725675,0.9585704189694364,0.04231225130833494,0.04353464606127799,0.2116746042281554,0.03357915715843803,IWM,281.66
2026-10-05,P,271.0,0.029135989383371384,10.634636124930555,0.685,281.6694471860276,1.0034869002725675,0.9621206797804344,0.03861538942700875,0.04030279844820328,0.2073232381724607,0.036822971998753506,IWM,281.66
2026-10-05,P,272.0,0.029135989383149416,10.634636124849537,0.795,281.6694471860276,1.0034869002725675,0.9656709405914322,0.034932144010712395,0.03714170932355587,0.2034861449861687,0.040349403750349976,IWM,281.66
2026-10-05,P,273.0,0.02913598938295916,10.634636124780092,0.925,281.6694471860276,1.0034869002725675,0.9692212014024302,0.031262415121749924,0.03405137868733599,0.19985962026353277,0.044047114830892214,IWM,281.66
2026-10-05,P,274.0,0.0291359893827689,10.63463612471065,1.08,281.6694471860276,1.0034869002725675,0.972771462213428,0.027606103918639498,0.031049496161650092,0.19657724529405013,0.04787247041340324,IWM,281.66
2026-10-05,P,275.0,0.02913598938261035,10.634636124652777,1.26,281.6694471860276,1.0034869002725675,0.976321723024426,0.023963112640138378,0.02813606174649863,0.19337173571524927,0.05169039543082173,IWM,281.66
2026-10-05,P,276.0,0.02913598938242009,10.634636124583333,1.46,281.6694471860276,1.0034869002725675,0.9798719838354238,0.02033334458955973,0.025293385819774472,0.18971558266271918,0.0553401573801728,IWM,281.66
2026-10-05,P,277.0,0.029135989382261543,10.634636124525462,1.705,281.6694471860276,1.0034869002725675,0.9834222446464218,0.016716704119371182,0.02260991649201194,0.1870002615351395,0.05886829704381638,IWM,281.66
2026-10-05,P,278.0,0.029135989382071282,10.634636124456017,1.975,281.6694471860276,1.0034869002725675,0.9869725054574197,0.013113096616072677,0.020014895274783617,0.18374481356656758,0.061982050505285845,IWM,281.66
2026-10-05,P,279.0,0.029135989381881024,10.634636124386574,2.29,281.6694471860276,1.0034869002725675,0.9905227662684176,0.009522428485344063,0.0175790806565167,0.18093600346517144,0.06461934241124169,IWM,281.66
2026-10-05,P,280.0,0.029135989381722478,10.634636124328704,2.6550000000000002,281.6694471860276,1.0034869002725675,0.9940730270794156,0.005944607137460033,0.015320162259318426,0.17862050822049227,0.06660836902275567,IWM,281.66
2026-10-05,P,281.0,0.029135989381532217,10.63463612425926,3.0549999999999997,281.6694471860276,1.0034869002725675,0.9976232878904134,0.0023795409729639376,0.01318507121686796,0.17583615398972396,0.0677944990987633,IWM,281.66
2026-10-05,C,282.0,0.029135989381468795,10.63463612423611,3.235,281.6694471860276,1.0034869002725675,1.0011735487014113,-0.0011728606314038244,0.011445185503127805,0.17645908393920304,0.06807711315807453,IWM,281.66
2026-10-05,C,283.0,0.02913598938127854,10.634636124166667,2.745,281.6694471860276,1.0034869002725675,1.0047238095124094,-0.004712687336528022,0.009711602536657133,0.17471187447649,0.06740270106487788,IWM,281.66
2026-10-05,C,284.0,0.02913598938108828,10.634636124097222,2.3049999999999997,281.6694471860276,1.0034869002725675,1.0082740703234072,-0.008240027854496377,0.008154915791254895,0.1730824326809743,0.0657620081562959,IWM,281.66
2026-10-05,C,285.0,0.029135989380898022,10.634636124027779,1.915,281.6694471860276,1.0034869002725675,1.011824331134405,-0.011754969961940802,0.006775125266921096,0.17158910270282252,0.06319074667441782,IWM,281.66
2026-10-05,C,286.0,0.029135989380739472,10.634636123969907,1.5750000000000002,281.6694471860276,1.0034869002725675,1.015374591945403,-0.015257600513142806,0.0055722309636557325,0.17030675562267214,0.059782494109854374,IWM,281.66
2026-10-05,C,287.0,0.02913598938054921,10.634636123900462,1.2850000000000001,281.6694471860276,1.0034869002725675,1.018924852756401,-0.018748005452911484,0.004546232881458804,0.16938745835737587,0.05569937864342441,IWM,281.66
2026-10-05,C,288.0,0.029135989380358957,10.634636123831019,1.04,281.6694471860276,1.0034869002725675,1.0224751135673988,-0.022226269829236246,0.0036794413982234675,0.16874962317138612,0.05112274370014391,IWM,281.66
2026-10-05,C,289.0,0.029135989380168696,10.634636123761574,0.8300000000000001,281.6694471860276,1.0034869002725675,1.0260253743783967,-0.025692477805722418,0.0029364772697360367,0.16794991503077736,0.046158017850602834,IWM,281.66
2026-10-05,C,290.0,0.029135989379978435,10.634636123692129,0.665,281.6694471860276,1.0034869002725675,1.0295756351893948,-0.029146712673810124,0.0023527197402101983,0.16808225688444253,0.041238233184136996,IWM,281.66
2026-10-05,C,291.0,0.029135989379788178,10.634636123622684,0.525,281.6694471860276,1.0034869002725675,1.0331258960003926,-0.03258905686478287,0.0018574103212185774,0.1679282894015523,0.03626362350250772,IWM,281.66
2026-10-05,C,292.0,0.02913598937962963,10.634636123564816,0.41500000000000004,281.6694471860276,1.0034869002725675,1.0366761568113905,-0.03601959196157204,0.0014682386348680184,0.16831585134310734,0.03159288453147013,IWM,281.66
2026-10-05,C,293.0,0.029135989379439373,10.63463612349537,0.325,281.6694471860276,1.0034869002725675,1.0402264176223883,-0.03943839871035754,0.0011498254369448335,0.1686555902924663,0.02717139891719207,IWM,281.66
2026-10-05,C,294.0,0.029135989379249112,10.634636123425926,0.255,281.6694471860276,1.0034869002725675,1.0437766784333864,-0.042845557031972,0.0009021707274490233,0.1693926715019305,0.02320447071561315,IWM,281.66
2026-10-05,C,295.0,0.02913598937905885,10.634636123356481,0.2,281.6694471860276,1.0034869002725675,1.0473269392443842,-0.04624114603311016,0.0007075848842737438,0.170349739139992,0.019677065832638084,IWM,281.66
2026-10-05,C,296.0,0.029135989378900305,10.63463612329861,0.16,281.6694471860276,1.0034869002725675,1.050877200055382,-0.04962524401735065,0.000566067907418995,0.17215180536904218,0.016770501736922433,IWM,281.66
2026-10-05,C,297.0,0.029135989378710047,10.634636123229168,0.13,281.6694471860276,1.0034869002725675,1.05442746086638,-0.05299792849598983,0.00045993017477793344,0.17450452720501788,0.014359999191346225,IWM,281.66
2026-10-05,C,298.0,0.029135989378519786,10.634636123159721,0.1,281.6694471860276,1.0034869002725675,1.057977721677378,-0.05635927619869482,0.0003537924421368719,0.17519448851647892,0.011858517086963968,IWM,281.66
2026-10-05,C,299.0,0.02913598937832953,10.634636123090278,0.08,281.6694471860276,1.0034869002725675,1.0615279824883759,-0.05970936308397674,0.0002830339537094975,0.17715053245733936,0.009985065174503266,IWM,281.66
2026-10-05,C,300.0,0.029135989378139267,10.634636123020833,0.065,281.6694471860276,1.0034869002725675,1.0650782432993737,-0.06304826434949132,0.00022996508738896672,0.17953699273545387,0.008465729559493509,IWM,281.66
2026-10-05,C,301.0,0.02913598937798072,10.634636122962963,0.055,281.6694471860276,1.0034869002725675,1.0686285041103718,-0.06637605444216614,0.00019458584317527954,0.18295747614246577,0.007354190707254921,IWM,281.66
2026-10-05,C,302.0,0.029135989377790463,10.63463612289352,0.045,281.6694471860276,1.0034869002725675,1.0721787649213697,-0.06969280706815999,0.00015920659896159235,0.18541550587118985,0.006240978617837684,IWM,281.66
2026-10-05,C,303.0,0.029135989377631913,10.634636122835648,0.04,281.6694471860276,1.0034869002725675,1.0757290257323675,-0.07299859520265943,0.00014151697685474876,0.1899000736078457,0.005592748967203827,IWM,281.66
2026-10-05,C,304.0,0.029135989377441655,10.634636122766205,0.035,281.6694471860276,1.0034869002725675,1.0792792865433654,-0.07629349109951193,0.00012382735474790517,0.19386331613879218,0.004958612802029683,IWM,281.66
2026-10-05,C,305.0,0.029135989377251394,10.634636122696758,0.025,281.6694471860276,1.0034869002725675,1.0828295473543634,-0.07957756630070201,8.844811053421797e-05,0.19286414131934304,0.0038152043993377456,IWM,281.66
2026-10-05,C,306.0,0.029135989377061133,10.634636122627313,0.025,281.6694471860276,1.0034869002725675,1.0863798081653613,-0.0828508916456711,8.844811053421797e-05,0.19979141456991054,0.0037103506356233103,IWM,281.66
2026-10-05,C,307.0,0.02913598937690259,10.634636122569445,0.02,281.6694471860276,1.0034869002725675,1.0899300689763591,-0.08611353728048743,7.075848842737438e-05,0.20137784220132124,0.0030826395263803797,IWM,281.66
2026-10-05,C,308.0,0.02913598937671233,10.6346361225,0.02,281.6694471860276,1.0034869002725675,1.093480329787357,-0.08936557266686468,7.075848842737438e-05,0.20806630709774182,0.003003255997158811,IWM,281.66
2026-10-05,C,309.0,0.02913598937652207,10.634636122430557,0.015,281.6694471860276,1.0034869002725675,1.097030590598355,-0.09260706659103582,5.306886632053078e-05,0.20802899142132777,0.0023780354015416447,IWM,281.66
2026-10-05,C,310.0,0.02913598937633181,10.63463612236111,0.015,281.6694471860276,1.0034869002725675,1.100580851409353,-0.09583808717248224,5.306886632053078e-05,0.2144619113514365,0.002320218745351036,IWM,281.66
2026-10-05,C,311.0,0.029135989376141553,10.634636122291667,0.015,281.6694471860276,1.0034869002725675,1.1041311122203508,-0.09905870187252439,5.306886632053078e-05,0.22085341568579683,0.002265756039843437,IWM,281.66
2026-10-05,C,312.0,0.029135989375983006,10.634636122233797,0.015,281.6694471860276,1.0034869002725675,1.1076813730313488,-0.10226897750277275,5.306886632053078e-05,0.2272045989055826,0.0022143516391939858,IWM,281.66
2026-10-06,P,210.0,0.031875715399828766,11.6346361209375,0.015,281.68563535089106,1.0032786828056373,0.745511924093703,0.2936841501450937,0.25454115273592925,0.5732385847068459,0.001000526329348629,IWM,281.66
2026-10-06,P,215.0,0.03187571539963851,11.634636120868056,0.02,281.68563535089106,1.0032786828056373,0.7632622080006959,0.2701536527348997,0.23680856110548043,0.5456247731102803,0.0013286720498156403,IWM,281.66
2026-10-06,P,220.0,0.03187571539944825,11.634636120798612,0.02,281.68563535089106,1.0032786828056373,0.7810124919076888,0.24716413451020092,0.21905827719848747,0.5029956135845148,0.0014244300800821163,IWM,281.66
2026-10-06,P,225.0,0.031875715399257994,11.634636120729168,0.03,281.68563535089106,1.0032786828056373,0.7987627758146818,0.22469127865814228,0.20134337784458278,0.480819156998112,0.002069141915032781,IWM,281.66
2026-10-06,P,230.0,0.031875715399067736,11.634636120659724,0.03,281.68563535089106,1.0032786828056373,0.8165130597216748,0.202712371939367,0.18359309393758982,0.43808853393350927,0.002237209289090292,IWM,281.66
2026-10-06,P,235.0,0.03187571539890918,11.63463612060185,0.04,281.68563535089106,1.0032786828056373,0.8342633436286676,0.18120616671840353,0.16587819458368525,0.40903186240800044,0.002992392927567577,IWM,281.66
2026-10-06,P,240.0,0.031875715398718925,11.634636120532408,0.05,281.68563535089106,1.0032786828056373,0.8520136275356606,0.16015275752057115,0.14816329522978033,0.3762690616064634,0.0038324217170681778,IWM,281.66
2026-10-06,P,245.0,0.03187571539852867,11.634636120462963,0.07,281.68563535089106,1.0032786828056373,0.8697639114426535,0.13953347031783545,0.1304837804289639,0.3478913142540729,0.005324131701830559,IWM,281.66
2026-10-06,P,250.0,0.031875715398370114,11.63463612040509,0.09,281.68563535089106,1.0032786828056373,0.8875141953496465,0.11933076300031595,0.11280426562814727,0.3144283582246944,0.0070042325134022036,IWM,281.66
2026-10-06,P,255.0,0.031875715398179856,11.634636120335648,0.13,281.68563535089106,1.0032786828056373,0.9052644792566393,0.09952813570413632,0.09519551993350706,0.28479974449654877,0.009975136415492273,IWM,281.66
2026-10-06,P,260.0,0.0318757153979896,11.634636120266203,0.20500000000000002,281.68563535089106,1.0032786828056373,0.9230147631636323,0.08011004984703471,0.07771062017467556,0.2573551851984039,0.014963758588259483,IWM,281.66
2026-10-06,P,261.0,0.03187571539783105,11.634636120208334,0.22999999999999998,281.68563535089106,1.0032786828056373,0.9265648199450309,0.07627127353986898,0.07424902477599749,0.2527792242732052,0.01643481119928688,IWM,281.66
2026-10-06,P,262.0,0.031875715397640794,11.63463612013889,0.255,281.68563535089106,1.0032786828056373,0.9301148767264295,0.0724471771014656,0.0707874293773193,0.24753698703816382,0.017917626017322292,IWM,281.66
2026-10-06,P,263.0,0.03187571539745053,11.634636120069443,0.28500000000000003,281.68563535089106,1.0032786828056373,0.9336649335078281,0.06863764868479785,0.06734352625518525,0.24261152992024826,0.019605725799171792,IWM,281.66
2026-10-06,P,264.0,0.03187571539726027,11.63463612,0.32,281.68563535089106,1.0032786828056373,0.9372149902892266,0.0648425777162463,0.06391731540959555,0.237840953423151,0.021484361647035783,IWM,281.66
2026-10-06,P,265.0,0.031875715397101725,11.63463611994213,0.365,281.68563535089106,1.0032786828056373,0.9407650470706252,0.0610618548763402,0.060526489117093796,0.23384148130464436,0.02370173179185492,IWM,281.66
2026-10-06,P,266.0,0.03187571539691147,11.634636119872686,0.41500000000000004,281.68563535089106,1.0032786828056373,0.9443151038520238,0.057295372080863397,0.05715335510113617,0.22962459106914007,0.026060307121829985,IWM,281.66
2026-10-06,P,267.0,0.0318757153967212,11.63463611980324,0.46499999999999997,281.68563535089106,1.0032786828056373,0.9478651606334224,0.05354302246231289,0.05378022108517844,0.22450551600610047,0.028408541441204836,IWM,281.66
2026-10-06,P,267.5,0.03187571539656266,11.63463611974537,0.495,281.68563535089106,1.0032786828056373,0.9496401890241217,0.05167211452650115,0.052111346353743704,0.22223638047567784,0.029720456294933174,IWM,281.66
2026-10-06,P,268.0,0.0318757153963724,11.634636119675926,0.535,281.68563535089106,1.0032786828056373,0.9514152174148209,0.049804700351705804,0.05047785617539735,0.2208637735453492,0.0312848550699344,IWM,281.66
2026-10-06,P,269.0,0.03187571539621385,11.634636119618056,0.61,281.68563535089106,1.0032786828056373,0.9549652741962196,0.04608030126072333,0.047193183542159955,0.21665143100445827,0.03422744127757908,IWM,281.66
2026-10-06,P,270.0,0.031875715396023595,11.634636119548611,0.7050000000000001,281.68563535089106,1.0032786828056373,0.9585153309776181,0.042369721864187734,0.04397928001509943,0.21328795690313773,0.037543418809423856,IWM,281.66
2026-10-06,P,271.0,0.03187571539583333,11.634636119479165,0.8049999999999999,281.68563535089106,1.0032786828056373,0.9620653877590167,0.03867285998286154,0.0407830687645826,0.20912366725006132,0.04085040262117656,IWM,281.66
2026-10-06,P,272.0,0.031875715395674784,11.634636119421296,0.925,281.68563535089106,1.0032786828056373,0.9656154445404154,0.034989614566565075,0.0376576266202423,0.20538962486571866,0.044387944458162056,IWM,281.66
2026-10-06,P,272.5,0.031875715395484526,11.634636119351851,0.995,281.68563535089106,1.0032786828056373,0.9673904729311146,0.033153066759263716,0.03613029010116031,0.20379489330963282,0.046247248111980055,IWM,281.66
2026-10-06,P,273.0,0.03187571539529427,11.634636119282408,1.065,281.68563535089106,1.0032786828056373,0.9691655013218139,0.03131988567760272,0.03460295358207843,0.20183544995689923,0.04805430180271956,IWM,281.66
2026-10-06,P,274.0,0.03187571539510401,11.634636119212963,1.23,281.68563535089106,1.0032786828056373,0.9727155581032125,0.027663574474492178,0.03163674192663479,0.19860401474832665,0.051807674116063004,IWM,281.66
2026-10-06,P,275.0,0.031875715394913746,11.634636119143517,1.42,281.68563535089106,1.0032786828056373,0.976265614884611,0.02402058319599117,0.028758991653912047,0.19546705670866535,0.055524142166869496,IWM,281.66
2026-10-06,P,276.0,0.0318757153947552,11.634636119085648,1.63,281.68563535089106,1.0032786828056373,0.9798156716660097,0.02039081514541241,0.025952010487365285,0.191943901951346,0.05905656752608308,IWM,281.66
2026-10-06,P,277.0,0.03187571539456494,11.634636119016204,1.88,281.68563535089106,1.0032786828056373,0.9833657284474082,0.016774174675223973,0.023286567533171487,0.18906770099739345,0.062418573114686064,IWM,281.66
2026-10-06,P,278.0,0.031875715394374685,11.63463611894676,2.165,281.68563535089106,1.0032786828056373,0.9869157852288069,0.013170567171925355,0.02074497051478641,0.18631255187105694,0.06541505338699387,IWM,281.66
2026-10-06,P,279.0,0.03187571539418443,11.634636118877316,2.48,281.68563535089106,1.0032786828056373,0.9904658420102054,0.009579899041196856,0.018309527155665806,0.1832528712755157,0.06790229670264235,IWM,281.66
2026-10-06,P,280.0,0.03187571539402587,11.634636118819444,2.84,281.68563535089106,1.0032786828056373,0.994015898791604,0.006002077693312825,0.01603331428544197,0.1805329632900165,0.06978313613886111,IWM,281.66
2026-10-06,P,281.0,0.031875715393835616,11.63463611875,3.245,281.68563535089106,1.0032786828056373,0.9975659555730025,0.002437011528816729,0.013916331904115342,0.17799706722995484,0.07092168435142668,IWM,281.66
2026-10-06,C,282.0,0.03187571539374049,11.63463611871528,3.4450000000000003,281.68563535089106,1.0032786828056373,1.0011160123544012,-0.0011153900755511443,0.012189978538881612,0.17877740265901632,0.07121340703979712,IWM,281.66
2026-10-06,C,283.0,0.03187571539358194,11.634636118657406,2.9450000000000003,281.68563535089106,1.0032786828056373,1.0046660691357998,-0.004655216780675231,0.010420750884472089,0.17673104384053678,0.07061065810678771,IWM,281.66
2026-10-06,C,284.0,0.03187571539339168,11.634636118587963,2.495,281.68563535089106,1.0032786828056373,1.0082161259171984,-0.008182557298643697,0.008828445995503519,0.17492041595499427,0.0690966301500977,IWM,281.66
2026-10-06,C,285.0,0.03187571539320142,11.634636118518518,2.0949999999999998,281.68563535089106,1.0032786828056373,1.0117661826985969,-0.011697499406088012,0.007413063871975899,0.17335595424328532,0.06669770481819712,IWM,281.66
2026-10-06,C,286.0,0.031875715393011164,11.634636118449075,1.745,281.68563535089106,1.0032786828056373,1.0153162394799955,-0.015200129957290125,0.006174604513889234,0.17210320183464695,0.06349663774801705,IWM,281.66
2026-10-06,C,287.0,0.03187571539285261,11.634636118391203,1.4449999999999998,281.68563535089106,1.0032786828056373,1.0188662962613941,-0.018690534897058696,0.00511306792124352,0.17129928372627856,0.05964125285019834,IWM,281.66
2026-10-06,C,288.0,0.03187571539266235,11.634636118321758,1.185,281.68563535089106,1.0032786828056373,1.0224163530427928,-0.022168799273383565,0.004193069540950569,0.17053978904237974,0.055244599936208685,IWM,281.66
2026-10-06,C,289.0,0.031875715392472095,11.634636118252315,0.96,281.68563535089106,1.0032786828056373,1.0259664098241912,-0.02563500724986963,0.003396917096466283,0.1696710455820219,0.050425623567806804,IWM,281.66
2026-10-06,C,290.0,0.03187571539228184,11.63463611818287,0.77,281.68563535089106,1.0032786828056373,1.0295164666055898,-0.02908924211795723,0.002724610587790665,0.16888610415322286,0.045373782341678964,IWM,281.66
2026-10-06,C,291.0,0.03187571539212329,11.634636118125002,0.62,281.68563535089106,1.0032786828056373,1.0330665233869885,-0.03253158630893008,0.002193842291467808,0.16893053197521246,0.04045970233107646,IWM,281.66
2026-10-06,C,292.0,0.03187571539193303,11.634636118055555,0.495,281.68563535089106,1.0032786828056373,1.036616580168387,-0.03596212140571936,0.0017515353778654273,0.1689787975873032,0.03563307106135197,IWM,281.66
2026-10-06,C,293.0,0.03187571539174277,11.63463611798611,0.395,281.68563535089106,1.0032786828056373,1.0401666369497855,-0.03938092815450475,0.001397689846983523,0.169390384755807,0.031112694505939748,IWM,281.66
2026-10-06,C,294.0,0.03187571539158422,11.634636117928242,0.315,281.68563535089106,1.0032786828056373,1.0437166937311841,-0.042788086476119105,0.0011146134222779992,0.17007117408602884,0.026957608772341848,IWM,281.66
2026-10-06,C,295.0,0.03187571539139396,11.634636117858795,0.25,281.68563535089106,1.0032786828056373,1.0472667505125828,-0.04618367547725737,0.0008846138272047613,0.17079744398909816,0.023148736533131285,IWM,281.66
2026-10-06,C,296.0,0.03187571539120371,11.634636117789354,0.2,281.68563535089106,1.0032786828056373,1.0508168072939814,-0.04956777346149797,0.0007076910617638091,0.17200813185370484,0.019844517368885498,IWM,281.66
2026-10-06,C,297.0,0.031875715391045154,11.634636117731482,0.15500000000000003,281.68563535089106,1.0032786828056373,1.05436686407538,-0.05294045794013726,0.0005484605728669521,0.17228309148080687,0.01662752669428504,IWM,281.66
2026-10-06,C,297.5,0.031875715390854896,11.634636117662037,0.14,281.68563535089106,1.0032786828056373,1.0561418924660793,-0.05462254412312201,0.0004953837432346664,0.17332864639825718,0.015413556871703333,IWM,281.66
2026-10-06,C,298.0,0.03187571539066464,11.634636117592594,0.13,281.68563535089106,1.0032786828056373,1.0579169208567785,-0.05630180564284193,0.0004599991901464759,0.17524738142223453,0.01451049264280652,IWM,281.66
2026-10-06,C,299.0,0.031875715390506085,11.63463611753472,0.1,281.68563535089106,1.0032786828056373,1.061466977638177,-0.05965189252812395,0.00035384553088190456,0.17554281896427038,0.011992196878371934,IWM,281.66
2026-10-06,C,300.0,0.031875715390315834,11.634636117465279,0.08499999999999999,281.68563535089106,1.0032786828056373,1.0650170344195757,-0.06299079379363863,0.0003007687012496188,0.1788358118093672,0.010497883747679838,IWM,281.66
2026-10-06,C,301.0,0.03187571539012557,11.634636117395832,0.07,281.68563535089106,1.0032786828056373,1.0685670912009744,-0.06631858388631336,0.0002476918716173332,0.18115656222844145,0.008995259412310736,IWM,281.66
2026-10-06,C,302.0,0.03187571538996702,11.634636117337964,0.055,281.68563535089106,1.0032786828056373,1.0721171479823728,-0.0696353365123071,0.0001946150419850475,0.18220726362589743,0.007459425105154481,IWM,281.66
2026-10-06,C,302.5,0.031875715389776765,11.634636117268519,0.055,281.68563535089106,1.0032786828056373,1.0738921763730722,-0.07128959660833374,0.0001946150419850475,0.18588943625585377,0.00734735184753163,IWM,281.66
2026-10-06,C,303.0,0.0318757153895865,11.634636117199072,0.045,281.68563535089106,1.0032786828056373,1.0756672047637714,-0.07294112464680665,0.00015923048889685703,0.18433966387960607,0.006336068943061629,IWM,281.66
2026-10-06,C,304.0,0.031875715389427954,11.634636117141204,0.04,281.68563535089106,1.0032786828056373,1.07921726154517,-0.07623602054365926,0.0001415382123527618,0.1884825952557353,0.005683985145514857,IWM,281.66
2026-10-06,C,305.0,0.0318757153892377,11.634636117071759,0.035,281.68563535089106,1.0032786828056373,1.0827673183265687,-0.07952009574484922,0.0001238459358086666,0.19212368380332098,0.0050443137242945435,IWM,281.66
2026-10-06,C,306.0,0.03187571538904744,11.634636117002316,0.03,281.68563535089106,1.0032786828056373,1.0863173751079673,-0.08279342108981842,0.00010615365926457135,0.19516840872235874,0.004411829994923316,IWM,281.66
2026-10-06,C,307.0,0.03187571538885718,11.634636116932871,0.025,281.68563535089106,1.0032786828056373,1.0898674318893657,-0.08605606672463464,8.846138272047614e-05,0.19747471645716627,0.0037805680350748716,IWM,281.66
2026-10-06,C,308.0,0.03187571538869863,11.634636116874999,0.025,281.68563535089106,1.0032786828056373,1.0934174886707644,-0.089308102111012,8.846138272047614e-05,0.20400256460557684,0.0036844864334006646,IWM,281.66
2026-10-06,C,309.0,0.03187571538850837,11.634636116805556,0.02,281.68563535089106,1.0032786828056373,1.096967545452163,-0.09254959603518305,7.07691061763809e-05,0.20516551531497682,0.003065038842617626,IWM,281.66
2026-10-06,C,310.0,0.03187571538831811,11.634636116736111,0.015,281.68563535089106,1.0032786828056373,1.1005176022335617,-0.09578061661662955,5.307682963228567e-05,0.20493240507238802,0.0024281680277149936,IWM,281.66
2026-10-06,C,311.0,0.031875715388127855,11.634636116666668,0.015,281.68563535089106,1.0032786828056373,1.10406765901496,-0.0990012313166716,5.307682963228567e-05,0.21104348825197486,0.0023711399235526406,IWM,281.66
2026-10-06,C,312.0,0.0318757153879693,11.634636116608794,0.015,281.68563535089106,1.0032786828056373,1.1076177157963587,-0.10221150694691987,5.307682963228567e-05,0.21711600752430918,0.002317315820786915,IWM,281.66
2026-10-06,C,313.0,0.031875715387779044,11.634636116539351,0.015,281.68563535089106,1.0032786828056373,1.1111677725777573,-0.10541150967759078,5.307682963228567e-05,0.22315094260547277,0.002266421991957009,IWM,281.66
2026-10-07,P,205.0,0.0346154414119102,12.634636115347222,0.015,281.70514870663277,1.003207414991648,0.7277112290676896,0.31785097284573344,0.27234184785569326,0.5917001032763295,0.0009787226145897554,IWM,281.66
2026-10-07,P,210.0,0.03461544141175165,12.634636115289352,0.015,281.70514870663277,1.003207414991648,0.7454602834351942,0.2937534212666729,0.25459279348818864,0.5502054385287141,0.0010424431279442857,IWM,281.66
2026-10-07,P,215.0,0.034615441411561386,12.634636115219905,0.02,281.70514870663277,1.003207414991648,0.7632093378026988,0.2702229238564788,0.23686143142847815,0.5237103472863835,0.0013843181889945076,IWM,281.66
2026-10-07,P,220.0,0.03461544141137113,12.634636115150462,0.025,281.70514870663277,1.003207414991648,0.7809583921702035,0.24723340563178006,0.2191300693687679,0.49375241143146215,0.0017521700705150855,IWM,281.66
2026-10-07,P,225.0,0.03461544141118088,12.63463611508102,0.035,281.70514870663277,1.003207414991648,0.7987074465377081,0.22476054977972146,0.20141639961685176,0.4692797010941965,0.0024117045496624724,IWM,281.66
2026-10-07,P,230.0,0.034615441411022324,12.634636115023149,0.04,281.70514870663277,1.003207414991648,0.8164565009052127,0.20278164306094623,0.18368503755714127,0.43416146393533805,0.002868633439216414,IWM,281.66
2026-10-07,P,235.0,0.03461544141083207,12.634636114953704,0.05,281.70514870663277,1.003207414991648,0.8342055552727173,0.18127543783998262,0.16597136780522515,0.40311335057112874,0.0036502698161891205,IWM,281.66
2026-10-07,P,240.0,0.0346154414106101,12.634636114872686,0.060000000000000005,281.70514870663277,1.003207414991648,0.851954609640222,0.1602220286421503,0.14825769805330902,0.36951916436089965,0.004530158325562236,IWM,281.66
2026-10-07,P,245.0,0.034615441410419834,12.63463611480324,0.08,281.70514870663277,1.003207414991648,0.8697036640077266,0.13960274143941462,0.13057941291698139,0.3400811040513475,0.0060664496129238035,IWM,281.66
2026-10-07,P,250.0,0.03461544141022958,12.634636114733798,0.11,281.70514870663277,1.003207414991648,0.8874527183752312,0.11940003412189516,0.11293651239624225,0.3109544566251574,0.008308550816772634,IWM,281.66
2026-10-07,P,255.0,0.03461544141007103,12.634636114675926,0.16,281.70514870663277,1.003207414991648,0.9052017727427358,0.09959740682571545,0.09536438110668011,0.28302720589595315,0.011801589016209731,IWM,281.66
2026-10-07,P,260.0,0.03461544140988077,12.634636114606481,0.255,281.70514870663277,1.003207414991648,0.9229508271102405,0.08017932096861387,0.07795148058726631,0.2577895454465068,0.01762638582223186,IWM,281.66
2026-10-07,P,261.0,0.034615441409690514,12.634636114537038,0.275,281.70514870663277,1.003207414991648,0.9265006379837414,0.07634054466144818,0.07447243894494238,0.25159162710493893,0.018892160904188954,IWM,281.66
2026-10-07,P,262.0,0.03461544140953196,12.634636114479166,0.305,281.70514870663277,1.003207414991648,0.9300504488572423,0.07251644822304475,0.07102878191820694,0.24674422318761205,0.020551961538817796,IWM,281.66
2026-10-07,P,263.0,0.0346154414093417,12.634636114409721,0.345,281.70514870663277,1.003207414991648,0.9336002597307432,0.06870691980637704,0.06762050950706,0.24287509916104644,0.022568177408439995,IWM,281.66
2026-10-07,P,264.0,0.034615441409151446,12.634636114340278,0.39,281.70514870663277,1.003207414991648,0.9371500706042442,0.06491184883782543,0.0642299294037072,0.23893793247105583,0.024737871321559662,IWM,281.66
2026-10-07,P,265.0,0.03461544140896119,12.634636114270833,0.435,281.70514870663277,1.003207414991648,0.9406998814777451,0.06113112599791939,0.06083934930035462,0.23419452869409713,0.02689964772239192,IWM,281.66
2026-10-07,P,266.0,0.03461544140877093,12.63463611420139,0.49,281.70514870663277,1.003207414991648,0.944249692351246,0.05736464320244252,0.05748415381259031,0.22994628483812482,0.029348079728301463,IWM,281.66
2026-10-07,P,267.0,0.034615441408580666,12.634636114131943,0.55,281.70514870663277,1.003207414991648,0.9477995032247469,0.053612293583892065,0.05414665063262036,0.2254242349862341,0.031914243232562506,IWM,281.66
2026-10-07,P,268.0,0.03461544140839041,12.634636114062499,0.63,281.70514870663277,1.003207414991648,0.9513493140982479,0.04987397147328492,0.05087991668382741,0.2221123152435893,0.034940662128608746,IWM,281.66
2026-10-07,P,269.0,0.03461544140820016,12.634636113993057,0.71,281.70514870663277,1.003207414991648,0.9548991249717488,0.04614957238230249,0.047613182735034454,0.2177436274985033,0.037900287227000264,IWM,281.66
2026-10-07,P,270.0,0.034615441408041604,12.634636113935185,0.815,281.70514870663277,1.003207414991648,0.9584489358452497,0.04243899298576684,0.04443491032521285,0.21458578759557387,0.04129314191843281,IWM,281.66
2026-10-07,P,271.0,0.03461544140785135,12.634636113865742,0.9199999999999999,281.70514870663277,1.003207414991648,0.9619987467187506,0.0387421311044407,0.041256637915391026,0.21025836759666172,0.04457241970978896,IWM,281.66
2026-10-07,P,272.0,0.03461544140766108,12.634636113796295,1.0550000000000002,281.70514870663277,1.003207414991648,0.9655485575922516,0.03505888568814428,0.03818451935233491,0.2070862956922603,0.04820103224683887,IWM,281.66
2026-10-07,P,273.0,0.034615441407470825,12.63463611372685,1.2,281.70514870663277,1.003207414991648,0.9690983684657525,0.03138915679918187,0.03514778540486707,0.2033281498927264,0.05177840318866245,IWM,281.66
2026-10-07,P,274.0,0.034615441407312285,12.634636113668984,1.37,281.70514870663277,1.003207414991648,0.9726481793392534,0.027732845596071372,0.03219951299637058,0.19991655007609765,0.05542793990189423,IWM,281.66
2026-10-07,P,275.0,0.03461544140712202,12.634636113599537,1.565,281.70514870663277,1.003207414991648,0.9761979902127543,0.024089854317570304,0.029339702126845446,0.19664542965883114,0.059033554393229694,IWM,281.66
2026-10-07,P,276.0,0.03461544140693176,12.634636113530094,1.7850000000000001,281.70514870663277,1.003207414991648,0.9797478010862553,0.020460086266991598,0.02656835279629144,0.19334757701025657,0.06248645034739777,IWM,281.66
2026-10-07,P,277.0,0.03461544140677321,12.63463611347222,2.04,281.70514870663277,1.003207414991648,0.9832976119597562,0.016843445796803098,0.02392084962029728,0.19042216062250586,0.06572620958563911,IWM,281.66
2026-10-07,P,278.0,0.03461544140655124,12.634636113391203,2.33,281.70514870663277,1.003207414991648,0.9868474228332571,0.01323983829350453,0.021397192598862746,0.18767960396671746,0.06860962691365957,IWM,281.66
2026-10-07,P,279.0,0.03461544140639269,12.63463611333333,2.6500000000000004,281.70514870663277,1.003207414991648,0.990397233706758,0.009649170162775968,0.018979689424193702,0.18471886399203444,0.07100158316310719,IWM,281.66
2026-10-07,P,280.0,0.03461544140620244,12.63463611326389,3.0149999999999997,281.70514870663277,1.003207414991648,0.993947044580259,0.00607134881489199,0.016721417019673,0.18216211464559057,0.07281079611734148,IWM,281.66
2026-10-07,P,281.0,0.03461544140601218,12.634636113194444,3.42,281.70514870663277,1.003207414991648,0.9974968554537599,0.002506282650395832,0.014604683077506064,0.1796316143956856,0.07391268116696384,IWM,281.66
2026-10-07,C,282.0,0.03461544140591705,12.634636113159722,3.65,281.70514870663277,1.003207414991648,1.0010466663272608,-0.0010461189539719903,0.012915384689801407,0.18088242426443157,0.07421656640148583,IWM,281.66
2026-10-07,C,283.0,0.0346154414057585,12.634636113101852,3.145,281.70514870663277,1.003207414991648,1.0045964772007618,-0.004585945659096138,0.011128461602582308,0.17879136516262434,0.07368067886172071,IWM,281.66
2026-10-07,C,284.0,0.034615441405568236,12.634636113032405,2.685,281.70514870663277,1.003207414991648,1.0081462880742627,-0.008113286177064444,0.009500769285511445,0.17679329199305704,0.07228309136257562,IWM,281.66
2026-10-07,C,285.0,0.03461544140540969,12.634636112974537,2.27,281.70514870663277,1.003207414991648,1.0116960989477637,-0.011628228284509039,0.008032307738588821,0.17487699705141707,0.0700287578074216,IWM,281.66
2026-10-07,C,286.0,0.03461544140521943,12.634636112905092,1.91,281.70514870663277,1.003207414991648,1.0152459098212645,-0.015130858835710992,0.006758461577402928,0.1735920991400098,0.06700608710150144,IWM,281.66
2026-10-07,C,287.0,0.034615441405029174,12.634636112835649,1.59,281.70514870663277,1.003207414991648,1.0187957206947655,-0.01862126377547962,0.005626153878571024,0.17225630382441484,0.06327390087467791,IWM,281.66
2026-10-07,C,288.0,0.034615441404838916,12.634636112766204,1.315,281.70514870663277,1.003207414991648,1.0223455315682664,-0.022099528151804333,0.004653076949887356,0.17125840309336912,0.05899694823236524,IWM,281.66
2026-10-07,C,289.0,0.03461544140468036,12.634636112708332,1.08,281.70514870663277,1.003207414991648,1.0258953424417674,-0.025565736128290672,0.0038215384835576767,0.17049605466748802,0.05432404970908554,IWM,281.66
2026-10-07,C,290.0,0.034615441404490105,12.634636112638889,0.875,281.70514870663277,1.003207414991648,1.0294451533152682,-0.029019970996378115,0.003096153863993488,0.16950566374371467,0.049308637713529994,IWM,281.66
2026-10-07,C,291.0,0.03461544140433156,12.634636112581019,0.71,281.70514870663277,1.003207414991648,1.0329949641887692,-0.03246231518735102,0.0025123077067832874,0.16923334270339938,0.04433240429741599,IWM,281.66
2026-10-07,C,292.0,0.0346154414041413,12.634636112511576,0.5800000000000001,281.70514870663277,1.003207414991648,1.03654477506227,-0.03589285028414015,0.0020523077041328264,0.1697655895386186,0.0396159459875691,IWM,281.66
2026-10-07,C,293.0,0.03461544140395104,12.63463611244213,0.45999999999999996,281.70514870663277,1.003207414991648,1.040094585935771,-0.039311657032925815,0.001627692317070862,0.1691884987320398,0.0347017050250768,IWM,281.66
2026-10-07,C,294.0,0.03461544140376078,12.634636112372684,0.37,281.70514870663277,1.003207414991648,1.043644396809272,-0.042718815354540016,0.0013092307767743892,0.16966010457724276,0.030343107100074013,IWM,281.66
2026-10-07,C,295.0,0.03461544140360223,12.634636112314814,0.29500000000000004,281.70514870663277,1.003207414991648,1.047194207682773,-0.04611440435567833,0.0010438461598606618,0.17002845170342556,0.026246121345577623,IWM,281.66
2026-10-07,C,296.0,0.034615441403411974,12.63463611224537,0.235,281.70514870663277,1.003207414991648,1.0507440185562738,-0.04949850233991877,0.0008315384663296796,0.17060591370798517,0.02255185471439058,IWM,281.66
2026-10-07,C,297.0,0.03461544140322172,12.634636112175926,0.195,281.70514870663277,1.003207414991648,1.0542938294297748,-0.052871186818558125,0.0006900000039756916,0.172791086945722,0.019708012837632863,IWM,281.66
2026-10-07,C,298.0,0.03461544140306317,12.634636112118057,0.15500000000000003,281.70514870663277,1.003207414991648,1.0578436403032756,-0.05623253452126285,0.0005484615416217036,0.17354970764959518,0.016753822662295817,IWM,281.66
2026-10-07,C,299.0,0.034615441402872905,12.63463611204861,0.13,281.70514870663277,1.003207414991648,1.0613934511767766,-0.05958262140654493,0.0004600000026504611,0.17611542388875218,0.014635838287432902,IWM,281.66
2026-10-07,C,300.0,0.03461544140268265,12.634636111979166,0.1,281.70514870663277,1.003207414991648,1.0649432620502775,-0.06292152267205946,0.0003538461558849701,0.17606122226875248,0.012103840562512642,IWM,281.66
2026-10-07,C,301.0,0.034615441402524094,12.634636111921294,0.08499999999999999,281.70514870663277,1.003207414991648,1.0684930729237785,-0.06624931276473424,0.0003007692325022245,0.17899973777162023,0.010606580831265195,IWM,281.66
2026-10-07,C,302.0,0.034615441402333844,12.634636111851853,0.07,281.70514870663277,1.003207414991648,1.0720428837972793,-0.06956606539072804,0.0002476923091194791,0.18099467512847753,0.009096435589498016,IWM,281.66
2026-10-07,C,303.0,0.034615441402143586,12.63463611178241,0.060000000000000005,281.70514870663277,1.003207414991648,1.0755926946707803,-0.07287185352522765,0.00021230769353098206,0.18402919574984283,0.007992412390176885,IWM,281.66
2026-10-07,C,304.0,0.03461544140195332,12.634636111712963,0.05,281.70514870663277,1.003207414991648,1.0791425055442811,-0.0761667494220801,0.00017692307794248504,0.18625554090433238,0.006886008206554134,IWM,281.66
2026-10-07,C,305.0,0.034615441401763064,12.634636111643518,0.04,281.70514870663277,1.003207414991648,1.0826923164177822,-0.07945082462327013,0.00014153846235398802,0.1874359977680969,0.005762332008125163,IWM,281.66
2026-10-07,C,306.0,0.03461544140160451,12.634636111585646,0.035,281.70514870663277,1.003207414991648,1.086242127291283,-0.08272414996823918,0.00012384615455973954,0.19079168323829818,0.005118278621861436,IWM,281.66
2026-10-07,C,307.0,0.03461544140141426,12.634636111516205,0.03,281.70514870663277,1.003207414991648,1.089791938164784,-0.08598679560305565,0.00010615384676549102,0.19356945230144276,0.004480004072154663,IWM,281.66
2026-10-07,C,308.0,0.034615441401255706,12.634636111458333,0.025,281.70514870663277,1.003207414991648,1.0933417490382848,-0.08923883098943287,8.846153897124252e-05,0.1956298786481727,0.003841639021412439,IWM,281.66
2026-10-07,C,309.0,0.03461544140106545,12.634636111388888,0.025,281.70514870663277,1.003207414991648,1.0968915599117859,-0.09248032491360397,8.846153897124252e-05,0.20185085024274999,0.0037475183039712584,IWM,281.66
2026-10-07,C,310.0,0.03461544140087519,12.634636111319445,0.02,281.70514870663277,1.003207414991648,1.1004413707852867,-0.09571134549505034,7.076923117699401e-05,0.20280322422598485,0.0031191878197373503,IWM,281.66
2026-10-07,C,311.0,0.03461544140071664,12.634636111261573,0.02,281.70514870663277,1.003207414991648,1.1039911816587877,-0.09893196019509264,7.076923117699401e-05,0.20881765919305656,0.003047047172064973,IWM,281.66
2026-10-07,C,312.0,0.03461544140052639,12.634636111192131,0.015,281.70514870663277,1.003207414991648,1.1075409925322885,-0.10214223582534075,5.307692338274551e-05,0.20822130634858801,0.0024160322666762577,IWM,281.66
2026-10-07,C,313.0,0.03461544140033613,12.634636111122687,0.015,281.70514870663277,1.003207414991648,1.1110908034057896,-0.10534223855601171,5.307692338274551e-05,0.2140128648136165,0.0023629366508642158,IWM,281.66
2026-10-07,C,314.0,0.034615441400177575,12.634636111064815,0.015,281.70514870663277,1.003207414991648,1.1146406142792904,-0.10853203392411177,5.307692338274551e-05,0.21976922503277294,0.0023126464675388807,IWM,281.66
2026-10-08,P,240.0,0.037355167424974633,13.634636110115741,0.07500000000000001,281.78154349679016,1.0034931116166397,0.8517236332149408,0.16049317893436651,0.14854160391753035,0.36665683070184824,0.0054725249005209,IWM,281.66
2026-10-08,P,250.0,0.037355167424784376,13.634636110046298,0.13,281.78154349679016,1.0034931116166397,0.88721211793223,0.11967118441411144,0.11324762643071995,0.307668509791676,0.00958177408339866,IWM,281.66
2026-10-08,P,260.0,0.03735516742459411,13.634636109976851,0.29500000000000004,281.78154349679016,1.0034931116166397,0.9227006026495193,0.08045047126083006,0.07834266340486695,0.2562407626161594,0.019791093514334685,IWM,281.66
2026-10-08,P,270.0,0.037355167424435565,13.634636109918981,0.91,281.78154349679016,1.0034931116166397,0.9581890873668084,0.04271014327798308,0.04502912317384067,0.21512289862122996,0.04452271715860803,IWM,281.66
2026-10-08,P,272.0,0.03735516742424531,13.634636109849538,1.1749999999999998,281.78154349679016,1.0034931116166397,0.9652867843102663,0.035330035980360504,0.038868597431780505,0.20863777628732302,0.05159845723239654,IWM,281.66
2026-10-08,P,273.0,0.03735516742405505,13.634636109780093,1.33,281.78154349679016,1.0034931116166397,0.9688356327819951,0.03166030709139814,0.03586790570049181,0.2051530153973412,0.05516706255987176,IWM,281.66
2026-10-08,P,274.0,0.03735516742386479,13.63463610971065,1.51,281.78154349679016,1.0034931116166397,0.9723844812537241,0.028003995888287583,0.03295562634669347,0.20198758882625123,0.05877401878711801,IWM,281.66
2026-10-08,P,275.0,0.03735516742370624,13.634636109652776,1.71,281.78154349679016,1.0034931116166397,0.975933329725453,0.024361004609786564,0.03011407689488743,0.19867878408883574,0.06227583265133636,IWM,281.66
2026-10-08,P,276.0,0.03735516742351598,13.634636109583333,1.9449999999999998,281.78154349679016,1.0034931116166397,0.979482178197182,0.02073123655920779,0.027396304771567848,0.19593225130939745,0.06567901514401692,IWM,281.66
2026-10-08,P,277.0,0.03735516742332572,13.634636109513888,2.205,281.78154349679016,1.0034931116166397,0.9830310266689108,0.017114596089019343,0.024766945025738618,0.19303157833855697,0.0688013954950482,IWM,281.66
2026-10-08,P,278.0,0.03735516742316717,13.634636109456016,2.495,281.78154349679016,1.0034931116166397,0.9865798751406398,0.013510988585720713,0.022243680132897792,0.19012456965858635,0.07156850204396546,IWM,281.66
2026-10-08,P,279.0,0.03735516742297692,13.634636109386575,2.8200000000000003,281.78154349679016,1.0034931116166397,0.9901287236123687,0.0099203204549922,0.01984419256854364,0.18733525682541952,0.07388546414580505,IWM,281.66
2026-10-08,P,280.0,0.037355167422786655,13.634636109317128,3.185,281.78154349679016,1.0034931116166397,0.9936775720840977,0.006342499107108158,0.017586164808173765,0.18477787983080093,0.07564669478651297,IWM,281.66
2026-10-08,P,281.0,0.03735516742262811,13.63463610925926,3.59,281.78154349679016,1.0034931116166397,0.9972264205558266,0.00277743294261205,0.015469596851788614,0.18234051902873172,0.07674783724070867,IWM,281.66
2026-10-08,C,282.0,0.037355167422501265,13.63463610921296,3.825,281.78154349679016,1.0034931116166397,1.0007752690275555,-0.000774968661755835,0.013527093756024577,0.18035811891168846,0.0771046200456068,IWM,281.66
2026-10-08,C,283.0,0.03735516742234272,13.634636109155092,3.3200000000000003,281.78154349679016,1.0034931116166397,1.0043241174992843,-0.004314795366879713,0.011741163730719371,0.1785403943940268,0.0766589073340146,IWM,281.66
2026-10-08,C,284.0,0.03735516742215246,13.634636109085648,2.855,281.78154349679016,1.0034931116166397,1.0078729659710133,-0.007842135884848191,0.010096693509398735,0.1766559760133966,0.07538231651059485,IWM,281.66
2026-10-08,C,285.0,0.037355167421993914,13.63463610902778,2.4400000000000004,281.78154349679016,1.0034931116166397,1.0114218144427423,-0.011357077992292738,0.008629048043058815,0.17516761043521686,0.07329146352302086,IWM,281.66
2026-10-08,C,286.0,0.037355167421771945,13.63463610894676,2.0700000000000003,281.78154349679016,1.0034931116166397,1.0149706629144712,-0.014859708543494863,0.007320544856201537,0.17387908188398477,0.0704361769126338,IWM,281.66
2026-10-08,C,287.0,0.03735516742161339,13.634636108888888,1.745,281.78154349679016,1.0034931116166397,1.0185195113862,-0.018350113483263226,0.006171183948826898,0.17286753870348381,0.06691254282963853,IWM,281.66
2026-10-08,C,288.0,0.037355167421423134,13.634636108819445,1.455,281.78154349679016,1.0034931116166397,1.022068359857929,-0.02182837785958811,0.00514560036993876,0.17170388241765483,0.06277950072175387,IWM,281.66
2026-10-08,C,289.0,0.03735516742126458,13.634636108761573,1.205,281.78154349679016,1.0034931116166397,1.025617208329658,-0.0252945858360744,0.004261476595035193,0.1707728875113882,0.05820849919180574,IWM,281.66
2026-10-08,C,290.0,0.03735516742107433,13.63463610869213,0.99,281.78154349679016,1.0034931116166397,1.0291660568013867,-0.028748820704161796,0.0035011301486181255,0.1699526416248644,0.05332525591464513,IWM,281.66
2026-10-08,C,291.0,0.03735516742088407,13.634636108622686,0.81,281.78154349679016,1.0034931116166397,1.0327149052731157,-0.032191164895134655,0.0028645610306875574,0.16946164054321067,0.04833389889276525,IWM,281.66
2026-10-08,C,292.0,0.03735516742072552,13.634636108564814,0.66,281.78154349679016,1.0034931116166397,1.0362637537448447,-0.03562169999192395,0.002334086765745417,0.16922588504246408,0.04337006672927728,IWM,281.66
2026-10-08,C,293.0,0.03735516742053526,13.63463610849537,0.535,281.78154349679016,1.0034931116166397,1.0398126022165737,-0.03904050674070957,0.0018920248782936337,0.16913600581297467,0.03852918616551967,IWM,281.66
2026-10-08,C,300.0,0.037355167420345,13.634636108425923,0.12,281.78154349679016,1.0034931116166397,1.0646545415186761,-0.06265037237984332,0.0004243794119537122,0.17416447732302384,0.014074433871864868,IWM,281.66
2026-10-08,C,310.0,0.037355167420154746,13.634636108356482,0.025,281.78154349679016,1.0034931116166397,1.1001430262359653,-0.09544019520283414,8.841237749035672e-05,0.19974418640625913,0.003807021357048948,IWM,281.66
2026-10-09,P,200.0,0.04009489344545916,14.634636107592595,0.015,281.7687024834448,1.0041733989679176,0.7098020406001299,0.3427691638793541,0.29025097330473926,0.5894334143432219,0.0009903743827001494,IWM,281.66
2026-10-09,P,205.0,0.0400948934452689,14.634636107523148,0.02,281.7687024834448,1.0041733989679176,0.7275470916151331,0.3180765512889826,0.27252359359135914,0.5650947716792943,0.0013086206322127194,IWM,281.66
2026-10-09,P,210.0,0.04009489344507864,14.634636107453703,0.025,281.7687024834448,1.0041733989679176,0.7452921426301363,0.2939789997099221,0.254796213877979,0.5372765237483169,0.0016464360326778266,IWM,281.66
2026-10-09,P,215.0,0.040094893444920086,14.634636107395831,0.035,281.7687024834448,1.0041733989679176,0.7630371936451396,0.270448502299728,0.2370865054662218,0.515514893445107,0.00225206209719254,IWM,281.66
2026-10-09,P,220.0,0.04009489344472983,14.634636107326388,0.04,281.7687024834448,1.0041733989679176,0.7807822446601428,0.24745898407502928,0.21935912575284167,0.4825907630851158,0.002655831366239951,IWM,281.66
2026-10-09,P,225.0,0.04009489344453958,14.634636107256947,0.045,281.7687024834448,1.0041733989679176,0.798527295675146,0.2249861282229707,0.20163174603946132,0.4488002119844109,0.0031054309389744014,IWM,281.66
2026-10-09,P,230.0,0.040094893444381025,14.634636107199073,0.065,281.7687024834448,1.0041733989679176,0.8162723466901493,0.20300722150419548,0.18395738023095032,0.4276714451808109,0.004341811045593858,IWM,281.66
2026-10-09,P,235.0,0.04009489344419077,14.63463610712963,0.07,281.7687024834448,1.0041733989679176,0.8340173977051525,0.1815010162832319,0.1662300005175702,0.3908789739898345,0.004954382084263655,IWM,281.66
2026-10-09,P,240.0,0.0400948934440005,14.634636107060183,0.08499999999999999,281.7687024834448,1.0041733989679176,0.8517624487201557,0.16044760708539957,0.14853796340743608,0.3597637253151459,0.006167803130079802,IWM,281.66
2026-10-09,P,245.0,0.040094893443841956,14.634636107002313,0.11499999999999999,281.7687024834448,1.0041733989679176,0.8695074997351591,0.13982831988266378,0.13089894020217097,0.33313807701114156,0.008274103537571345,IWM,281.66
2026-10-09,P,250.0,0.040094893443651705,14.634636106932872,0.155,281.7687024834448,1.0041733989679176,0.8872525507501623,0.11962561256514435,0.11329525960015219,0.30525962840766974,0.01108051072643298,IWM,281.66
2026-10-09,P,251.0,0.04009489344349315,14.634636106875,0.165,281.7687024834448,1.0041733989679176,0.8908015609531629,0.11563359129560698,0.10978159200039761,0.2996684297452261,0.011769233440926955,IWM,281.66
2026-10-09,P,252.0,0.040094893443302894,14.634636106805557,0.18,281.7687024834448,1.0041733989679176,0.8943505711561636,0.1116574429159675,0.10628559570226626,0.2952410665494274,0.012688248267564458,IWM,281.66
2026-10-09,P,253.0,0.04009489344311263,14.63463610673611,0.19,281.7687024834448,1.0041733989679176,0.8978995813591641,0.10769704169987065,0.10277192810251168,0.28910870434794017,0.013407548650386661,IWM,281.66
2026-10-09,P,254.0,0.04009489344292237,14.634636106666665,0.21000000000000002,281.7687024834448,1.0041733989679176,0.9014485915621648,0.10375226340885427,0.09929360310600321,0.2852342049361685,0.014560635635478832,IWM,281.66
2026-10-09,P,255.0,0.040094893442763825,14.634636106608797,0.225,281.7687024834448,1.0041733989679176,0.9049976017651655,0.09982298526896466,0.09579760680787164,0.2797259701498556,0.015520550308726072,IWM,281.66
2026-10-09,P,256.0,0.04009489344257357,14.634636106539352,0.24,281.7687024834448,1.0041733989679176,0.9085466119681661,0.0959090859478284,0.09230161050974017,0.27391744226944253,0.01650059459478104,IWM,281.66
2026-10-09,P,257.0,0.04009489344241502,14.634636106481482,0.265,281.7687024834448,1.0041733989679176,0.9120956221711668,0.09201044553217103,0.08884095681485482,0.26982672270602814,0.01788810119056767,IWM,281.66
2026-10-09,P,258.0,0.040094893442224756,14.634636106412037,0.29000000000000004,281.7687024834448,1.0041733989679176,0.9156446323741675,0.08812694550577337,0.08538030311996925,0.26521737758429875,0.01928394488133616,IWM,281.66
2026-10-09,P,259.0,0.0400948934420345,14.634636106342592,0.315,281.7687024834448,1.0041733989679176,0.9191936425771681,0.08425846872785311,0.081919649425084,0.2601436326861062,0.02069459459958632,IWM,281.66
2026-10-09,P,260.0,0.040094893441875945,14.63463610628472,0.35,281.7687024834448,1.0041733989679176,0.9227426527801688,0.08040489941186309,0.07849433833344466,0.25623266075223805,0.022468010101099,IWM,281.66
2026-10-09,P,261.0,0.040094893441685694,14.634636106215279,0.38,281.7687024834448,1.0041733989679176,0.9262916629831693,0.07656612310469747,0.07505135594018231,0.25098659555794417,0.02408148509214449,IWM,281.66
2026-10-09,P,262.0,0.04009489344152715,14.634636106157409,0.425,281.7687024834448,1.0041733989679176,0.92984067318617,0.072742026666294,0.07166138745178896,0.24733919558548384,0.026187245718912993,IWM,281.66
2026-10-09,P,263.0,0.04009489344133688,14.634636106087962,0.47,281.7687024834448,1.0041733989679176,0.9333896833891707,0.06893249824962625,0.06827141896339584,0.2430028965346148,0.02828488334239717,IWM,281.66
2026-10-09,P,264.0,0.040094893441146626,14.634636106018519,0.52,281.7687024834448,1.0041733989679176,0.9369386935921713,0.0651374272810747,0.06489912177662571,0.2386308342255934,0.03052520245564732,IWM,281.66
2026-10-09,P,265.0,0.04009489344095637,14.634636105949074,0.58,281.7687024834448,1.0041733989679176,0.940487703795172,0.06135670444116862,0.06156216719310148,0.23469389702206184,0.03302588671366869,IWM,281.66
2026-10-09,P,266.0,0.04009489344076611,14.63463610587963,0.645,281.7687024834448,1.0041733989679176,0.9440367139981727,0.05759022164569171,0.05824288391120058,0.2305242107572177,0.035630611940314215,IWM,281.66
2026-10-09,P,267.0,0.04009489344057585,14.634636105810186,0.725,281.7687024834448,1.0041733989679176,0.9475857242011733,0.053837872027141326,0.05497661453416869,0.22700610278984107,0.038550178677708914,IWM,281.66
2026-10-09,P,268.0,0.04009489344038559,14.63463610574074,0.81,281.7687024834448,1.0041733989679176,0.951134734404174,0.050099549916534133,0.051728016458759796,0.22306113813245926,0.04152069016405359,IWM,281.66
2026-10-09,P,269.0,0.04009489344022704,14.63463610568287,0.905,281.7687024834448,1.0041733989679176,0.9546837446071745,0.04637515082555178,0.04851476098659724,0.21907877032932188,0.04462714879333719,IWM,281.66
2026-10-09,P,270.0,0.040094893440036784,14.634636105613426,1.025,281.7687024834448,1.0041733989679176,0.9582327548101752,0.042664571429016085,0.04538986202254969,0.2160760862352142,0.04807736445526064,IWM,281.66
2026-10-09,P,271.0,0.04009489343984652,14.63463610554398,1.1549999999999998,281.7687024834448,1.0041733989679176,0.9617817650131759,0.0389677095476899,0.04230030566174814,0.2127270941040753,0.05154223062323565,IWM,281.66
2026-10-09,P,272.0,0.04009489343968798,14.634636105486113,1.295,281.7687024834448,1.0041733989679176,0.9653307752161765,0.03528446413139355,0.039246091904192926,0.20899178898356138,0.054995063854462366,IWM,281.66
2026-10-09,P,273.0,0.040094893439497716,14.634636105416666,1.46,281.7687024834448,1.0041733989679176,0.9688797854191772,0.031614735242431094,0.03628023465475272,0.20573801172409717,0.0585617018219528,IWM,281.66
2026-10-09,P,274.0,0.04009489343930746,14.634636105347223,1.65,281.7687024834448,1.0041733989679176,0.9724287956221779,0.02795842403932056,0.03340273391342785,0.20277389366664497,0.062134738871484074,IWM,281.66
2026-10-09,P,275.0,0.040094893439148904,14.63463610528935,1.8599999999999999,281.7687024834448,1.0041733989679176,0.9759778058251785,0.02431543276081956,0.03059591837859532,0.19967339853273125,0.0655804261788445,IWM,281.66
2026-10-09,P,276.0,0.04009489343895865,14.634636105219906,2.0949999999999998,281.7687024834448,1.0041733989679176,0.9795268160281791,0.02068566471024081,0.027877459351877798,0.1966030925853146,0.06885316208247652,IWM,281.66
2026-10-09,P,277.0,0.040094893438768396,14.634636105150465,2.36,281.7687024834448,1.0041733989679176,0.9830758262311797,0.017069024240052383,0.025265028134898837,0.19369485680743326,0.07188009668698496,IWM,281.66
2026-10-09,P,278.0,0.04009489343857813,14.634636105081018,2.6550000000000002,281.7687024834448,1.0041733989679176,0.9866248364341804,0.013465416736753772,0.022758624727657994,0.19082247922233586,0.07455616234140684,IWM,281.66
2026-10-09,P,279.0,0.040094893438419585,14.634636105023148,2.985,281.7687024834448,1.0041733989679176,0.9901738466371811,0.009874748606025168,0.020375920431778494,0.18810901777015906,0.07679074143979595,IWM,281.66
2026-10-09,P,280.0,0.04009489343822933,14.634636104953705,3.3499999999999996,281.7687024834448,1.0041733989679176,0.9937228568401817,0.006296927258141258,0.018116915247260446,0.18544487140464305,0.0784816186175667,IWM,281.66
2026-10-09,P,281.0,0.04009489343803906,14.634636104884258,3.76,281.7687024834448,1.0041733989679176,0.9972718670431824,0.0027318610936450586,0.01601695177734963,0.1831823148673336,0.07953967633641167,IWM,281.66
2026-10-09,C,282.0,0.04009489343794393,14.634636104849534,4.08,281.7687024834448,1.0041733989679176,1.000820877246183,-0.0008205405107228055,0.014419782124407051,0.18553843273460704,0.07988255033494775,IWM,281.66
2026-10-09,C,283.0,0.04009489343778539,14.634636104791667,3.5599999999999996,281.7687024834448,1.0041733989679176,1.0043698874491838,-0.004360367215846884,0.012581966755610073,0.18317121976371878,0.07948028390559274,IWM,281.66
2026-10-09,C,284.0,0.04009489343759513,14.634636104722224,3.085,281.7687024834448,1.0041733989679176,1.0079188976521842,-0.00788770773381512,0.010903193101420528,0.18106372464432763,0.07831016568189479,IWM,281.66
2026-10-09,C,285.0,0.04009489343740487,14.634636104652778,2.6550000000000002,281.7687024834448,1.0041733989679176,1.011467907855185,-0.011402649841259648,0.009383461161838413,0.17920414881008623,0.0763719141814733,IWM,281.66
2026-10-09,C,286.0,0.04009489343721461,14.634636104583333,2.27,281.7687024834448,1.0041733989679176,1.0150169180581856,-0.014905280392461754,0.008022770936863727,0.17761360619217817,0.07370237520566143,IWM,281.66
2026-10-09,C,287.0,0.04009489343705606,14.63463610452546,1.9249999999999998,281.7687024834448,1.0041733989679176,1.0185659282611863,-0.018395685332230315,0.006803451124873424,0.17610160257151505,0.0703532182752613,IWM,281.66
2026-10-09,C,287.5,0.04009489343686581,14.63463610445602,1.77,281.7687024834448,1.0041733989679176,1.0203404333626866,-0.020136329810014356,0.006255640774558942,0.1755235207777281,0.06846713117995351,IWM,281.66
2026-10-09,C,288.0,0.04009489343670726,14.63463610439815,1.635,281.7687024834448,1.0041733989679176,1.022114938464187,-0.021873949708555177,0.005778515630736649,0.17553271386525138,0.0665328212716638,IWM,281.66
2026-10-09,C,289.0,0.040094893436516996,14.634636104328703,1.355,281.7687024834448,1.0041733989679176,1.0256639486671875,-0.02534015768504123,0.004788922739845969,0.17362612731425078,0.06202002425690283,IWM,281.66
2026-10-09,C,290.0,0.04009489343629503,14.634636104247685,1.13,281.7687024834448,1.0041733989679176,1.0292129588701882,-0.028794392553128823,0.003993714166808816,0.17294990278884936,0.057348420283066984,IWM,281.66
2026-10-09,C,291.0,0.04009489343610477,14.634636104178242,0.9299999999999999,281.7687024834448,1.0041733989679176,1.0327619690731888,-0.032236736744101664,0.0032868621018869015,0.1719620552655888,0.05236759005215796,IWM,281.66
2026-10-09,C,292.0,0.04009489343591451,14.634636104108797,0.76,281.7687024834448,1.0041733989679176,1.0363109792761895,-0.03566727184089094,0.0026860378467032744,0.1711142769985919,0.04729662638446204,IWM,281.66
2026-10-09,C,292.5,0.040094893435755966,14.634636104050928,0.69,281.7687024834448,1.0041733989679176,1.0380854843776899,-0.037378136244520396,0.002438639623980604,0.17111403450953613,0.04488337942418025,IWM,281.66
2026-10-09,C,293.0,0.0400948934355657,14.634636103981482,0.625,281.7687024834448,1.0041733989679176,1.0398599894791902,-0.03908607858967654,0.002208912702880982,0.17107972604212476,0.042480251438096535,IWM,281.66
2026-10-09,C,294.0,0.040094893435375444,14.634636103912037,0.505,281.7687024834448,1.0041733989679176,1.043408999682191,-0.04249323691129089,0.0017848014639278336,0.1705284767123711,0.03761238162921714,IWM,281.66
2026-10-09,C,295.0,0.04009489343521689,14.634636103854165,0.41500000000000004,281.7687024834448,1.0041733989679176,1.0469580098851914,-0.045888825912428925,0.0014667180347129724,0.1710996726096581,0.033326502679022346,IWM,281.66
2026-10-09,C,296.0,0.04009489343502663,14.63463610378472,0.33499999999999996,281.7687024834448,1.0041733989679176,1.050507020088192,-0.04927292389666951,0.0011839772087442063,0.17113455268194502,0.029115986207459362,IWM,281.66
2026-10-09,C,297.0,0.04009489343483638,14.634636103715279,0.275,281.7687024834448,1.0041733989679176,1.0540560302911928,-0.0526456083753088,0.0009719215892676322,0.17205619677101353,0.02551374437150721,IWM,281.66
2026-10-09,C,297.5,0.04009489343467783,14.634636103657407,0.25,281.7687024834448,1.0041733989679176,1.0558305353926931,-0.05432769455829365,0.0008835650811523929,0.1726878931841329,0.023887079838719714,IWM,281.66
2026-10-09,C,298.0,0.04009489343448757,14.634636103587964,0.22499999999999998,281.7687024834448,1.0041733989679176,1.0576050404941935,-0.05600695607801367,0.0007952085730371535,0.17297823019934913,0.022222313176006838,IWM,281.66
2026-10-09,C,299.0,0.04009489343429731,14.634636103518519,0.18,281.7687024834448,1.0041733989679176,1.0611540506971942,-0.059357042963295685,0.0006361668584297229,0.17325255694506433,0.01903623439311503,IWM,281.66
2026-10-09,C,300.0,0.04009489343413876,14.634636103460647,0.15000000000000002,281.7687024834448,1.0041733989679176,1.0647030609001946,-0.06269594422881015,0.0005301390486914358,0.17498942106633886,0.016625890569428585,IWM,281.66
2026-10-09,C,301.0,0.04009489343394851,14.634636103391205,0.12,281.7687024834448,1.0041733989679176,1.0682520711031953,-0.06602373432148485,0.0004241112389531486,0.17549938443765645,0.014132558156731397,IWM,281.66
2026-10-09,C,302.0,0.040094893433758244,14.634636103321759,0.1,281.7687024834448,1.0041733989679176,1.071801081306196,-0.06934048694747881,0.00035342603246095715,0.17729741301483365,0.012275931382812945,IWM,281.66
2026-10-09,C,302.5,0.04009489343356799,14.634636103252316,0.095,281.7687024834448,1.0041733989679176,1.0735755864076963,-0.07099474704350534,0.0003357547308379093,0.17932774064417406,0.011721062586006796,IWM,281.66
2026-10-09,C,303.0,0.04009489343337773,14.63463610318287,0.08499999999999999,281.7687024834448,1.0041733989679176,1.0753500915091967,-0.07264627508197835,0.00030041212759181353,0.17963904122977756,0.010775847570520383,IWM,281.66
2026-10-09,C,304.0,0.040094893433187465,14.634636103113424,0.07,281.7687024834448,1.0041733989679176,1.0788991017121974,-0.07594117097883095,0.00024739822272267,0.1810837495689338,0.009255132778947463,IWM,281.66
2026-10-09,C,305.0,0.040094893432997214,14.634636103043983,0.060000000000000005,281.7687024834448,1.0041733989679176,1.0824481119151979,-0.0792252461800207,0.00021205561947657431,0.18357637388568612,0.008145018978362813,IWM,281.66
2026-10-09,C,306.0,0.04009489343280695,14.634636102974536,0.05,281.7687024834448,1.0041733989679176,1.0859971221181985,-0.08249857152498989,0.00017671301623047858,0.18530113320226113,0.007027395863712525,IWM,281.66
2026-10-09,C,307.0,0.0400948934326484,14.634636102916668,0.045,281.7687024834448,1.0041733989679176,1.0895461323211992,-0.08576121715980631,0.00015904171460743072,0.18890824051080374,0.006379567720015542,IWM,281.66
2026-10-09,C,307.5,0.040094893432458145,14.634636102847223,0.04,281.7687024834448,1.0041733989679176,1.0913206374226996,-0.08738855681918174,0.00014137041298438287,0.18907821559416188,0.005813862446949937,IWM,281.66
2026-10-09,C,308.0,0.04009489343226788,14.634636102777776,0.035,281.7687024834448,1.0041733989679176,1.0930951425242,-0.08901325254618367,0.000123699111361335,0.18889879285399622,0.005237447452988744,IWM,281.66
2026-10-09,C,309.0,0.040094893432109334,14.634636102719908,0.035,281.7687024834448,1.0041733989679176,1.0966441527272006,-0.0922547464703547,0.000123699111361335,0.19486797471741188,0.00511168353103178,IWM,281.66
2026-10-09,C,310.0,0.040094893431919076,14.634636102650463,0.03,281.7687024834448,1.0041733989679176,1.100193162930201,-0.095485767051801,0.00010602780973828714,0.1970640589416351,0.004483027376989419,IWM,281.66
2026-10-09,C,311.0,0.04009489343172882,14.63463610258102,0.025,281.7687024834448,1.0041733989679176,1.1037421731332018,-0.09870638175184324,8.835650811523929e-05,0.19856904423764027,0.003850940842521044,IWM,281.66
2026-10-09,C,312.0,0.04009489343153856,14.634636102511575,0.02,281.7687024834448,1.0041733989679176,1.1072911833362025,-0.1019166573820915,7.068520649219143e-05,0.19916162979662322,0.003208315515674392,IWM,281.66
2026-10-09,C,312.5,0.04009489343138001,14.634636102453703,0.02,281.7687024834448,1.0041733989679176,1.1090656884377028,-0.10351793874906536,7.068520649219143e-05,0.201924962151208,0.0031730644306888173,IWM,281.66
2026-10-09,C,313.0,0.04009489343118975,14.634636102384258,0.02,281.7687024834448,1.0041733989679176,1.1108401935392032,-0.1051166601127624,7.068520649219143e-05,0.20467964092264493,0.0031387654413922027,IWM,281.66
2026-10-09,C,314.0,0.04009489343099949,14.634636102314815,0.015,281.7687024834448,1.0041733989679176,1.1143892037422038,-0.10830645548086258,5.301390486914357e-05,0.20379768756490305,0.0024905269082497123,IWM,281.66
2026-10-09,C,315.0,0.040094893430840946,14.634636102256945,0.015,281.7687024834448,1.0041733989679176,1.1179382139452045,-0.11148610839824231,5.301390486914357e-05,0.20911483937472616,0.002439042912210546,IWM,281.66
2026-10-09,C,316.0,0.04009489343065069,14.634636102187502,0.015,281.7687024834448,1.0041733989679176,1.121487224148205,-0.11465568315952121,5.301390486914357e-05,0.21440075283129467,0.0023901298270298217,IWM,281.66
2026-10-09,C,317.0,0.040094893430460424,14.634636102118055,0.015,281.7687024834448,1.0041733989679176,1.1250362343512057,-0.11781524344988975,5.301390486914357e-05,0.21965611584437247,0.0023435919679271116,IWM,281.66
2026-10-09,C,318.0,0.04009489343030188,14.634636102060185,0.015,281.7687024834448,1.0041733989679176,1.1285852445542064,-0.120964852352786,5.301390486914357e-05,0.22488157917644194,0.0022992534360933557,IWM,281.66
2026-10-16,P,200.0,0.05927297561418696,21.634636099178238,0.035,281.8701037933835,1.0040244992341398,0.7095466929923296,0.3431289734237058,0.2905769799572532,0.5267051137256425,0.002275759477065718,IWM,281.66
2026-10-16,P,205.0,0.05927297561402842,21.63463609912037,0.045,281.8701037933835,1.0040244992341398,0.727285360317138,0.31843636083333415,0.27287364776089695,0.5052833771241936,0.0028995876845791108,IWM,281.66
2026-10-16,P,210.0,0.05927297561383815,21.634636099050926,0.055,281.8701037933835,1.0040244992341398,0.7450240276419462,0.2943388092542737,0.25517031556454106,0.4810962457347565,0.0035595140690178667,IWM,281.66
2026-10-16,P,215.0,0.059272975613647895,21.63463609898148,0.065,281.8701037933835,1.0040244992341398,0.7627626949667544,0.2708083118440796,0.23746698336818495,0.45502945192359284,0.004268367400061962,IWM,281.66
2026-10-16,P,220.0,0.05927297561348934,21.63463609892361,0.07500000000000001,281.8701037933835,1.0040244992341398,0.7805013622915626,0.2478187936193809,0.21976365117182906,0.42760121741589363,0.0050398578112522355,IWM,281.66
2026-10-16,P,225.0,0.059272975613299084,21.634636098854166,0.095,281.8701037933835,1.0040244992341398,0.7982400296163709,0.22534593776732234,0.20209565410392527,0.4049071119884224,0.006355710102860098,IWM,281.66
2026-10-16,P,230.0,0.059272975613140544,21.6346360987963,0.11,281.8701037933835,1.0040244992341398,0.8159786969411791,0.20336703104854711,0.18440998947179543,0.3772083945236021,0.007548340661868559,IWM,281.66
2026-10-16,P,235.0,0.05927297561295028,21.63463609872685,0.14,281.8701037933835,1.0040244992341398,0.8337173642659874,0.18186082582758342,0.16677732753234364,0.3540099252243704,0.009563699711030337,IWM,281.66
2026-10-16,P,240.0,0.05927297561276002,21.634636098657406,0.175,281.8701037933835,1.0040244992341398,0.8514560315907956,0.1608074166297511,0.14916233315711824,0.3293262295937314,0.011983460888179519,IWM,281.66
2026-10-16,P,245.0,0.05927297561260147,21.634636098599536,0.22999999999999998,281.8701037933835,1.0040244992341398,0.8691946989156039,0.14018812942701545,0.13161800903879728,0.30652927845054845,0.015500105364477025,IWM,281.66
2026-10-16,P,250.0,0.05927297561241121,21.63463609853009,0.31,281.8701037933835,1.0040244992341398,0.8869333662404121,0.11998542210949602,0.1141620227416068,0.2841880720292651,0.020322607305585803,IWM,281.66
2026-10-16,P,251.0,0.05927297561222096,21.63463609846065,0.33,281.8701037933835,1.0040244992341398,0.8904810997053737,0.1159934008399586,0.11068495953354962,0.27974976318940487,0.02148161875410795,IWM,281.66
2026-10-16,P,252.0,0.059272975612062406,21.63463609840278,0.35,281.8701037933835,1.0040244992341398,0.8940288331703354,0.11201725246031909,0.10720789632549232,0.27506562119172073,0.022657024716740536,IWM,281.66
2026-10-16,P,253.0,0.05927297561187215,21.634636098333335,0.38,281.8701037933835,1.0040244992341398,0.8975765666352971,0.10805685124422218,0.10376616824588747,0.27162253804836584,0.024201759963238076,IWM,281.66
2026-10-16,P,254.0,0.059272975611681884,21.634636098263886,0.41000000000000003,281.8701037933835,1.0040244992341398,0.9011243001002587,0.10411207295320586,0.10032444016628239,0.26780326763335166,0.025751841424871146,IWM,281.66
2026-10-16,P,255.0,0.05927297561152334,21.63463609820602,0.44,281.8701037933835,1.0040244992341398,0.9046720335652203,0.10018279481331632,0.09688271208667754,0.2636413149243805,0.027312334460790337,IWM,281.66
2026-10-16,P,256.0,0.05927297561133308,21.634636098136575,0.475,281.8701037933835,1.0040244992341398,0.908219767030182,0.0962688954921799,0.09345865157129862,0.2597736614047963,0.02904609717433108,IWM,281.66
2026-10-16,P,257.0,0.05927297561117453,21.634636098078705,0.515,281.8701037933835,1.0040244992341398,0.9117675004951437,0.0923702550765226,0.09005225862014588,0.256118298582358,0.03094211077233377,IWM,281.66
2026-10-16,P,258.0,0.05927297561088914,21.634636097974536,0.5549999999999999,281.8701037933835,1.0040244992341398,0.9153152339601053,0.08848675505012502,0.08664586566899313,0.2520659571579764,0.03284374108790455,IWM,281.66
2026-10-16,P,259.0,0.059272975610698886,21.634636097905094,0.605,281.8701037933835,1.0040244992341398,0.9188629674250669,0.08461827827220472,0.08327480784629249,0.24866058763106685,0.03503679938318102,IWM,281.66
2026-10-16,P,260.0,0.05927297561054033,21.63463609784722,0.655,281.8701037933835,1.0040244992341398,0.9224107008900286,0.08076470895621464,0.07990375002359196,0.24480178564000513,0.03722611139746029,IWM,281.66
2026-10-16,P,261.0,0.059272975610350075,21.634636097777776,0.715,281.8701037933835,1.0040244992341398,0.9259584343549903,0.076925932649049,0.07656802732934365,0.24141995262620694,0.03967218772095539,IWM,281.66
2026-10-16,P,262.0,0.05927297561015982,21.634636097708334,0.78,281.8701037933835,1.0040244992341398,0.9295061678199519,0.07310183621064557,0.07324997219932139,0.23797047400014326,0.04222556618624814,IWM,281.66
2026-10-16,P,263.0,0.05927297560996956,21.63463609763889,0.855,281.8701037933835,1.0040244992341398,0.9330539012849135,0.06929230779397791,0.06996725219775146,0.23481287370438614,0.04498731072142859,IWM,281.66
2026-10-16,P,264.0,0.05927297560981101,21.63463609758102,0.935,281.8701037933835,1.0040244992341398,0.9366016347498752,0.0654972368254262,0.06670219976040748,0.2314788403333388,0.04782307224622781,IWM,281.66
2026-10-16,P,265.0,0.05927297560962075,21.634636097511574,1.025,281.8701037933835,1.0040244992341398,0.9401493682148369,0.06171651398552019,0.06347248245151593,0.22829675678875294,0.050820248841792946,IWM,281.66
2026-10-16,P,266.0,0.0592729756094622,21.634636097453704,1.125,281.8701037933835,1.0040244992341398,0.9436971016797985,0.05795003119004335,0.060278100271076496,0.2251897608556162,0.05394884503516977,IWM,281.66
2026-10-16,P,267.0,0.059272975609271944,21.63463609738426,1.2349999999999999,281.8701037933835,1.0040244992341398,0.9472448351447601,0.05419768157149292,0.05711905321908939,0.22209214304303138,0.05717972385029143,IWM,281.66
2026-10-16,P,268.0,0.0592729756091134,21.63463609732639,1.355,281.8701037933835,1.0040244992341398,0.9507925686097217,0.050459359460885804,0.05399534129555439,0.21894758979070947,0.060484757117937486,IWM,281.66
2026-10-16,P,269.0,0.05927297560892313,21.634636097256944,1.49,281.8701037933835,1.0040244992341398,0.9543403020746835,0.04673496036990329,0.05092463206469766,0.21598397625931984,0.0639014441380293,IWM,281.66
2026-10-16,P,270.0,0.059272975608764586,21.634636097199074,1.65,281.8701037933835,1.0040244992341398,0.9578880355396451,0.04302438097336766,0.047942260654971536,0.213640076708524,0.06749453107563008,IWM,281.66
2026-10-16,P,271.0,0.05927297560857433,21.63463609712963,1.8,281.8701037933835,1.0040244992341398,0.9614357690046067,0.039327519092041546,0.0449245541167933,0.21002168021164916,0.07082690433736415,IWM,281.66
2026-10-16,P,272.0,0.059272975608384064,21.634636097060184,1.98,281.8701037933835,1.0040244992341398,0.9649835024695683,0.03564427367574516,0.042012852963971614,0.20714811367843713,0.07430001860690766,IWM,281.66
2026-10-16,P,273.0,0.059272975608225524,21.634636097002318,2.18,281.8701037933835,1.0040244992341398,0.96853123593453,0.031974544786782653,0.039171822068054474,0.2044053300320773,0.07773501146059794,IWM,281.66
2026-10-16,P,274.0,0.05927297560803526,21.63463609693287,2.4,281.8701037933835,1.0040244992341398,0.9720789693994917,0.02831823358367219,0.03640146142904166,0.20171600218264715,0.08106927354777646,IWM,281.66
2026-10-16,P,275.0,0.059272975607845,21.634636096863424,2.64,281.8701037933835,1.0040244992341398,0.9756267028644533,0.024675242305171145,0.03370177104693328,0.1990131216377061,0.08424294834978063,IWM,281.66
2026-10-16,P,276.0,0.059272975607654745,21.634636096793983,2.9050000000000002,281.8701037933835,1.0040244992341398,0.9791744363294149,0.021045474254592467,0.031090418485955618,0.19644011663543182,0.08721584531199233,IWM,281.66
2026-10-16,P,277.0,0.05927297560749619,21.63463609673611,3.1950000000000003,281.8701037933835,1.0040244992341398,0.9827221697943767,0.01742883378440388,0.028567403746108333,0.1939250644780236,0.08991690320723998,IWM,281.66
2026-10-16,P,278.0,0.05927297560730594,21.634636096666668,3.515,281.8701037933835,1.0040244992341398,0.9862699032593383,0.013825226281105342,0.026150394391617926,0.19159685290254172,0.092287560286845,IWM,281.66
2026-10-16,P,279.0,0.059272975607115676,21.634636096597223,3.8600000000000003,281.8701037933835,1.0040244992341398,0.9898176367242999,0.010234558150376806,0.02382172285825801,0.18920039341664768,0.09424990386956474,IWM,281.66
2026-10-16,P,280.0,0.05927297560695713,21.634636096539353,4.234999999999999,281.8701037933835,1.0040244992341398,0.9933653701892615,0.0066567368024928525,0.021599056710254638,0.18687219713874187,0.09574847756918657,IWM,281.66
2026-10-16,P,281.0,0.05927297560676687,21.634636096469908,4.645,281.8701037933835,1.0040244992341398,0.9969131036542233,0.0030916706379966103,0.019500063511833976,0.18474354558398914,0.0967233356731963,IWM,281.66
2026-10-16,C,282.0,0.05927297560670345,21.63463609644676,5.145,281.8701037933835,1.0040244992341398,1.0004608371191848,-0.00046073096637107476,0.01817992358866836,0.18951353976781796,0.09711834171445241,IWM,281.66
2026-10-16,C,283.0,0.059272975606513185,21.634636096377314,4.62,281.8701037933835,1.0040244992341398,1.0040085705841466,-0.004000557671495307,0.016324829344926694,0.1876334984451306,0.09692335941800444,IWM,281.66
2026-10-16,C,284.0,0.059272975606322935,21.634636096307872,4.13,281.8701037933835,1.0040244992341398,1.0075563040491082,-0.007527898189463696,0.014593408050767802,0.18588943141234815,0.09612886734385664,IWM,281.66
2026-10-16,C,285.0,0.05927297560613268,21.634636096238427,3.67,281.8701037933835,1.0040244992341398,1.0111040375140699,-0.011042840296908156,0.012967992141965578,0.1840830795713203,0.09472045893998232,IWM,281.66
2026-10-16,C,286.0,0.059272975605974124,21.634636096180554,3.24,281.8701037933835,1.0040244992341398,1.0146517709790315,-0.014545470848110193,0.011448581618520021,0.18220215107035237,0.09269201178904478,IWM,281.66
2026-10-16,C,287.0,0.059272975605752155,21.634636096099538,2.855,281.8701037933835,1.0040244992341398,1.018199504443993,-0.018035875787878686,0.010088179173109462,0.18082688142881836,0.09009568166234501,IWM,281.66
2026-10-16,C,288.0,0.0592729756055936,21.634636096041664,2.495,281.8701037933835,1.0040244992341398,1.0217472379089547,-0.02151414016420348,0.00881611454882946,0.17920528013388,0.08691717639256165,IWM,281.66
2026-10-16,C,289.0,0.05927297560540335,21.634636095972223,2.175,281.8701037933835,1.0040244992341398,1.0252949713739163,-0.02498034814068969,0.0076853904383583456,0.17796653020057232,0.08326850421391693,IWM,281.66
2026-10-16,C,290.0,0.059272975605213093,21.634636095902778,1.885,281.8701037933835,1.0040244992341398,1.028842704838878,-0.02843458300877721,0.0066606717132439005,0.17675515201177017,0.07917788917012905,IWM,281.66
2026-10-16,C,291.0,0.05927297560505454,21.634636095844908,1.625,281.8701037933835,1.0040244992341398,1.0323904383038396,-0.03187692719974999,0.005741958373486121,0.1756251396506774,0.07472562355126453,IWM,281.66
2026-10-16,C,292.0,0.05927297560486428,21.634636095775463,1.3900000000000001,281.8701037933835,1.0040244992341398,1.0359381717688014,-0.035307462296539416,0.0049115828548588975,0.17440192123322804,0.06994497754403721,IWM,281.66
2026-10-16,C,293.0,0.05927297560470573,21.634636095717592,1.19,281.8701037933835,1.0040244992341398,1.039485905233763,-0.038726269045324946,0.004204880285814451,0.17368255417149336,0.06509001461626239,IWM,281.66
2026-10-16,C,294.0,0.05927297560451547,21.634636095648148,1.01,281.8701037933835,1.0040244992341398,1.0430336386987247,-0.04213342736693922,0.0035688479736744505,0.17279865216531368,0.06005998186806311,IWM,281.66
2026-10-16,C,295.0,0.05927297560435693,21.63463609559028,0.855,281.8701037933835,1.0040244992341398,1.0465813721636863,-0.045529016368077414,0.003021153482665005,0.17212961921567332,0.05505809178304836,IWM,281.66
2026-10-16,C,296.0,0.05927297560416667,21.634636095520833,0.725,281.8701037933835,1.0040244992341398,1.050129105628648,-0.04891311435231794,0.002561796812786115,0.17185548334301953,0.05024510587521927,IWM,281.66
2026-10-16,C,297.0,0.05927297560397641,21.634636095451388,0.61,281.8701037933835,1.0040244992341398,1.0536768390936095,-0.05228579883095716,0.002155442835585559,0.17145190613378916,0.04548739220809111,IWM,281.66
2026-10-16,C,298.0,0.059272975603817855,21.634636095393518,0.515,281.8701037933835,1.0040244992341398,1.0572245725585712,-0.05564714653366196,0.0018197591152894475,0.17144362844986125,0.041055269681302194,IWM,281.66
2026-10-16,C,299.0,0.0592729756036276,21.634636095324073,0.43,281.8701037933835,1.0040244992341398,1.0607723060235328,-0.05899723341894392,0.001519410523445558,0.17115642861989955,0.03670874254221196,IWM,281.66
2026-10-16,C,300.0,0.05927297560343735,21.63463609525463,0.36,281.8701037933835,1.0040244992341398,1.0643200394884946,-0.062336134684458734,0.001272064624280002,0.17117867446480303,0.0327308540296144,IWM,281.66
2026-10-16,C,301.0,0.05927297560324708,21.634636095185186,0.305,281.8701037933835,1.0040244992341398,1.0678677729534563,-0.06566392477713338,0.0010777214177927796,0.17179476829109366,0.02926060927456033,IWM,281.66
2026-10-16,C,302.0,0.059272975603088536,21.634636095127316,0.255,281.8701037933835,1.0040244992341398,1.0714155064184179,-0.06898067740312726,0.0009010457755316682,0.1720334405456154,0.025894446618207643,IWM,281.66
2026-10-16,C,303.0,0.05927297560289827,21.634636095057868,0.21500000000000002,281.8701037933835,1.0040244992341398,1.0749632398833795,-0.07228646553762674,0.0007597052617227791,0.1726667698942718,0.022953666533668548,IWM,281.66
2026-10-16,C,304.0,0.059272975602708014,21.634636094988426,0.18,281.8701037933835,1.0040244992341398,1.0785109733483411,-0.07558136143447927,0.000636032312140001,0.1731484570186244,0.020211524129323897,IWM,281.66
2026-10-16,C,305.0,0.05927297560254946,21.634636094930553,0.15000000000000002,281.8701037933835,1.0040244992341398,1.0820587068133027,-0.07886543663566917,0.0005300269267833343,0.1735701218298154,0.017701901922895,IWM,281.66
2026-10-16,C,306.0,0.05927297560235921,21.63463609486111,0.13,281.8701037933835,1.0040244992341398,1.0856064402782644,-0.0821387619806383,0.0004593566698788897,0.17519942037861325,0.0158427254673644,IWM,281.66
2026-10-16,C,307.0,0.05927297560216895,21.634636094791666,0.11,281.8701037933835,1.0040244992341398,1.089154173743226,-0.08540140761545466,0.0003886864129744451,0.17614103718432356,0.013950130615795297,IWM,281.66
2026-10-16,C,308.0,0.0592729756020104,21.634636094733796,0.095,281.8701037933835,1.0040244992341398,1.0927019072081876,-0.08865344300183195,0.0003356837202961117,0.17766010535466972,0.01242361600193042,IWM,281.66
2026-10-16,C,309.0,0.05927297560182014,21.63463609466435,0.08,281.8701037933835,1.0040244992341398,1.0962496406731495,-0.09189493692600312,0.00028268102761777825,0.1785058384718063,0.010871450628539845,IWM,281.66
2026-10-16,C,310.0,0.05927297560166159,21.634636094606478,0.07,281.8701037933835,1.0040244992341398,1.099797374138111,-0.09512595750744957,0.000247345899165556,0.18034599313229832,0.009741717511710882,IWM,281.66
2026-10-16,C,311.0,0.05927297560147134,21.634636094537036,0.060000000000000005,281.8701037933835,1.0040244992341398,1.1033451076030727,-0.09834657220749174,0.0002120107707133337,0.18164368055212982,0.008603184500449022,IWM,281.66
2026-10-16,C,312.0,0.05927297560131279,21.63463609447917,0.055,281.8701037933835,1.0040244992341398,1.1068928410680343,-0.10155684783773994,0.00019434320648722256,0.184560664328308,0.00794347361108265,IWM,281.66
2026-10-16,C,313.0,0.059272975601122525,21.63463609440972,0.045,281.8701037933835,1.0040244992341398,1.110440574532996,-0.10475685056841078,0.00015900807803500026,0.18470256492759882,0.006784401812909489,IWM,281.66
2026-10-16,C,314.0,0.05927297560093227,21.634636094340276,0.04,281.8701037933835,1.0040244992341398,1.1139883079979576,-0.1079466459365109,0.00014134051380888912,0.18680145845013446,0.006127783266933764,IWM,281.66
2026-10-16,C,315.0,0.059272975600742,21.63463609427083,0.035,281.8701037933835,1.0040244992341398,1.1175360414629192,-0.11112629885389058,0.000123672949582778,0.18850137196164402,0.005471902805463771,IWM,281.66
2026-10-16,C,316.0,0.059272975600583463,21.634636094212965,0.03,281.8701037933835,1.0040244992341398,1.1210837749278808,-0.1142958736151696,0.00010600538535666684,0.189717737667441,0.004812545874767732,IWM,281.66
2026-10-16,C,317.0,0.059272975600393206,21.63463609414352,0.03,281.8701037933835,1.0040244992341398,1.1246315083928426,-0.11745543390553828,0.00010600538535666684,0.19431222204887585,0.004722200138653525,IWM,281.66
2026-10-16,C,318.0,0.05927297560020294,21.634636094074075,0.025,281.8701037933835,1.0040244992341398,1.1281792418578043,-0.12060504280843448,8.833782113055571e-05,0.19481672052652108,0.0040679574975423394,IWM,281.66
2026-10-16,C,319.0,0.059272975600044395,21.634636094016205,0.025,281.8701037933835,1.0040244992341398,1.131726975322766,-0.12374476281310219,8.833782113055571e-05,0.19928338141097,0.0039949782537558294,IWM,281.66
2026-10-16,C,320.0,0.05927297559985413,21.634636093946757,0.025,281.8701037933835,1.0040244992341398,1.1352747087877275,-0.12687465582202984,8.833782113055571e-05,0.2037245980654482,0.003925233994475381,IWM,281.66
2026-10-16,C,321.0,0.05927297559966387,21.634636093877315,0.02,281.8701037933835,1.0040244992341398,1.1388224422526891,-0.12999478315827342,7.067025690444456e-05,0.2031848630235869,0.0032799229084777295,IWM,281.66
2026-10-16,C,322.0,0.05927297559950533,21.634636093819445,0.02,281.8701037933835,1.0040244992341398,1.1423701757176508,-0.13310520557266586,7.067025690444456e-05,0.20749269181536162,0.0032249089682237497,IWM,281.66
2026-10-16,C,323.0,0.05927297559931507,21.63463609375,0.015,281.8701037933835,1.0040244992341398,1.1459179091826124,-0.13620598325091407,5.300269267833342e-05,0.20560429478089176,0.00256450158322507,IWM,281.66
2026-10-16,C,324.0,0.05927297559912481,21.634636093680555,0.015,281.8701037933835,1.0040244992341398,1.149465642647574,-0.1392971758205869,5.300269267833342e-05,0.2097652784903381,0.0025229865479742095,IWM,281.66
2026-10-16,C,325.0,0.059272975598934546,21.63463609361111,0.015,281.8701037933835,1.0040244992341398,1.1530133761125358,-0.14237884235799517,5.300269267833342e-05,0.21390472211933417,0.0024831280261120225,IWM,281.66
2026-10-16,C,326.0,0.059272975598776,21.63463609355324,0.015,281.8701037933835,1.0040244992341398,1.1565611095774975,-0.14545104139496529,5.300269267833342e-05,0.21802299181452298,0.002444824901909254,IWM,281.66
2026-10-16,C,330.0,0.05927297559804667,21.634636093287035,0.015,281.8701037933835,1.0040244992341398,1.170752043437344,-0.15764631448878347,5.300269267833342e-05,0.23429115059868136,0.0023054154767513965,IWM,281.66
2026-10-23,P,200.0,0.07845105778567352,28.634636091770833,0.060000000000000005,281.98858430639825,1.0045816300977304,0.7092485693771471,0.34354922238770685,0.29096323478534036,0.48570103572476747,0.0038705922990015383,IWM,281.66
2026-10-23,P,205.0,0.07845105778548327,28.634636091701392,0.07500000000000001,281.98858430639825,1.0045816300977304,0.7269797836115758,0.3188566097973353,0.27328497159153364,0.4658777565810239,0.004802385893728452,IWM,281.66
2026-10-23,P,210.0,0.0784510577853247,28.634636091643515,0.09,281.98858430639825,1.0045816300977304,0.7447109978460045,0.2947590582182748,0.2556067083977267,0.44381828276123514,0.005787170265014138,IWM,281.66
2026-10-23,P,215.0,0.07845105778513445,28.634636091574073,0.10500000000000001,281.98858430639825,1.0045816300977304,0.7624422120804332,0.27122856080808067,0.23792844520391998,0.420175997349394,0.006842325555047682,IWM,281.66
2026-10-23,P,220.0,0.0784510577849442,28.634636091504632,0.12,281.98858430639825,1.0045816300977304,0.7801734263148619,0.2482390425833819,0.22025018201011304,0.39534955981876196,0.00798669295135684,IWM,281.66
2026-10-23,P,225.0,0.07845105778475393,28.634636091435187,0.15000000000000002,281.98858430639825,1.0045816300977304,0.7979046405492906,0.2257661867313233,0.20262486985692807,0.3751249316166153,0.0099083215986275,IWM,281.66
2026-10-23,P,230.0,0.07845105778459538,28.634636091377313,0.18,281.98858430639825,1.0045816300977304,0.8156358547837191,0.20378728001254814,0.1849995577037432,0.3524486687934614,0.011968873466304734,IWM,281.66
2026-10-23,P,235.0,0.07845105778440511,28.63463609130787,0.22,281.98858430639825,1.0045816300977304,0.8333670690181478,0.18228107479158454,0.16740954624430615,0.33037362554690275,0.014640308320843336,IWM,281.66
2026-10-23,P,240.0,0.07845105778421486,28.634636091238427,0.28,281.98858430639825,1.0045816300977304,0.8510982832525765,0.16122766559375218,0.1498901361723649,0.30996612071642987,0.01836202444360582,IWM,281.66
2026-10-23,P,245.0,0.07845105778405631,28.634636091180553,0.36,281.98858430639825,1.0045816300977304,0.8688294974870052,0.14060837839101648,0.13244132748791948,0.2895028433695957,0.023140959007706637,IWM,281.66
2026-10-23,P,250.0,0.07845105778386606,28.634636091111112,0.48,281.98858430639825,1.0045816300977304,0.8865607117214339,0.12040567107349702,0.11513372157846591,0.2703194976518318,0.02968915706705277,IWM,281.66
2026-10-23,P,252.0,0.0784510577836758,28.634636091041667,0.545,281.98858430639825,1.0045816300977304,0.8936531974152053,0.11243750142432021,0.10827069039405579,0.2631070208853228,0.03296162695170814,IWM,281.66
2026-10-23,P,253.0,0.07845105778351726,28.634636090983797,0.585,281.98858430639825,1.0045816300977304,0.8971994402620911,0.10847710020822325,0.10486565032216166,0.2598865048001581,0.03484377914568702,IWM,281.66
2026-10-23,P,254.0,0.07845105778332699,28.634636090914352,0.625,281.98858430639825,1.0045816300977304,0.9007456831089768,0.10453232191720688,0.10146061025026754,0.2563617719430597,0.03673050414488843,IWM,281.66
2026-10-23,P,255.0,0.07845105778313673,28.634636090844904,0.675,281.98858430639825,1.0045816300977304,0.9042919259558626,0.10060304377731728,0.09809087087212132,0.2534655578028423,0.038907794658093284,IWM,281.66
2026-10-23,P,256.0,0.07845105778294648,28.634636090775462,0.72,281.98858430639825,1.0045816300977304,0.9078381688027483,0.09668914445618106,0.09470348114710136,0.24978405279814334,0.04094516376296596,IWM,281.66
2026-10-23,P,257.0,0.07845105778275621,28.634636090706017,0.775,281.98858430639825,1.0045816300977304,0.911384411649634,0.0927905040405237,0.09135139211582899,0.24663582847399743,0.0432527772998096,IWM,281.66
2026-10-23,P,258.0,0.07845105778256595,28.634636090636572,0.825,281.98858430639825,1.0045816300977304,0.9149306544965198,0.08890700401412605,0.08798165273768299,0.2427520750381459,0.04543312227008138,IWM,281.66
2026-10-23,P,259.0,0.07845105778240741,28.634636090578702,0.895,281.98858430639825,1.0045816300977304,0.9184768973434055,0.0850385272362057,0.08468251474703259,0.24005632124672033,0.048100928371034225,IWM,281.66
2026-10-23,P,260.0,0.07845105778221714,28.634636090509257,0.965,281.98858430639825,1.0045816300977304,0.9220231401902913,0.08118495792021568,0.08138337675638219,0.23694573727044121,0.050745440322865695,IWM,281.66
2026-10-23,P,261.0,0.07845105778202689,28.634636090439816,1.04,281.98858430639825,1.0045816300977304,0.925569383037177,0.0773461816130501,0.07810188911260574,0.23378176960635508,0.05348137603001779,IWM,281.66
2026-10-23,P,262.0,0.07845105778183663,28.634636090370368,1.125,281.98858430639825,1.0045816300977304,0.9291156258840627,0.07352208517464663,0.07485570216257731,0.23085426583136365,0.0563988492851022,IWM,281.66
2026-10-23,P,263.0,0.07845105778167809,28.6346360903125,1.2149999999999999,281.98858430639825,1.0045816300977304,0.9326618687309485,0.0697125567579789,0.07162716555942272,0.22779813813550906,0.059377976329476057,IWM,281.66
2026-10-23,P,264.0,0.07845105778148782,28.634636090243056,1.32,281.98858430639825,1.0045816300977304,0.9362081115778342,0.06591748578942726,0.06845157999689011,0.22516297477736172,0.06258257897023982,IWM,281.66
2026-10-23,P,265.0,0.07845105778132927,28.634636090185182,1.43,281.98858430639825,1.0045816300977304,0.9397543544247199,0.06213676294952131,0.06529364478123145,0.2223155815232321,0.06580784054326837,IWM,281.66
2026-10-23,P,266.0,0.07845105778113902,28.63463609011574,1.55,281.98858430639825,1.0045816300977304,0.9433005972716056,0.05837028015404441,0.06217101025932059,0.2195049111659167,0.0691197868604415,IWM,281.66
2026-10-23,P,267.0,0.07845105778094877,28.6346360900463,1.68,281.98858430639825,1.0045816300977304,0.9468468401184914,0.054617930535493936,0.05908367643115764,0.21668877543163875,0.07249282012972763,IWM,281.66
2026-10-23,P,268.0,0.0784510577807902,28.634636089988422,1.8250000000000002,281.98858430639825,1.0045816300977304,0.9503930829653772,0.05087960842488676,0.05604929364361666,0.21406238307328057,0.07596136316801337,IWM,281.66
2026-10-23,P,269.0,0.07845105778059995,28.63463608991898,1.975,281.98858430639825,1.0045816300977304,0.9539393258122629,0.047155209333904304,0.053032561202949524,0.211117582283892,0.07937592631373339,IWM,281.66
2026-10-23,P,270.0,0.0784510577804414,28.63463608986111,2.145,281.98858430639825,1.0045816300977304,0.9574855686591486,0.043444629937368744,0.050086430149778316,0.208493750814207,0.08287200476406432,IWM,281.66
2026-10-23,P,271.0,0.07845105778025115,28.63463608979167,2.335,281.98858430639825,1.0045816300977304,0.9610318115060343,0.03974776805604257,0.047210900484102813,0.20611189289542492,0.08638923326708671,IWM,281.66
2026-10-23,P,272.0,0.07845105778006088,28.63463608972222,2.535,281.98858430639825,1.0045816300977304,0.9645780543529201,0.036064522639746126,0.04437067151217544,0.2035105526625157,0.0898002002285437,IWM,281.66
2026-10-23,P,273.0,0.07845105777990234,28.634636089664355,2.755,281.98858430639825,1.0045816300977304,0.9681242971998059,0.03239479375078369,0.041601043927743664,0.20105196581771506,0.09314135050181799,IWM,281.66
2026-10-23,P,274.0,0.07845105777971208,28.63463608959491,2.995,281.98858430639825,1.0045816300977304,0.9716705400466915,0.028738482547673284,0.038902017730807814,0.19868065753657224,0.096358141070294,IWM,281.66
2026-10-23,P,275.0,0.07845105777952181,28.63463608952546,3.255,281.98858430639825,1.0045816300977304,0.9752167828935773,0.02509549126917219,0.03627359292136789,0.19634794770038216,0.09939845834012757,IWM,281.66
2026-10-23,P,276.0,0.07845105777933156,28.63463608945602,3.535,281.98858430639825,1.0045816300977304,0.978763025740463,0.021465723218593455,0.033715769499423565,0.19401067238200462,0.10221247170887411,IWM,281.66
2026-10-23,P,277.0,0.0784510577791413,28.634636089386575,3.835,281.98858430639825,1.0045816300977304,0.9823092685873488,0.01784908274840493,0.031228547464975054,0.1916299141062486,0.10475226077771214,IWM,281.66
2026-10-23,P,278.0,0.07845105777895103,28.634636089317127,4.16,281.98858430639825,1.0045816300977304,0.9858555114342344,0.014245475245106451,0.028829577164896536,0.18933475899826072,0.1069779236825035,IWM,281.66
2026-10-23,P,279.0,0.0784510577787925,28.63463608925926,4.515000000000001,281.98858430639825,1.0045816300977304,0.9894017542811202,0.010654807114377862,0.026536508946061632,0.1872448243852807,0.10883887176200933,IWM,281.66
2026-10-23,P,280.0,0.07845105777860223,28.634636089189815,4.890000000000001,281.98858430639825,1.0045816300977304,0.992947997128006,0.007076985766493858,0.024314042114722545,0.18499582889215951,0.11027480123454302,IWM,281.66
2026-10-23,P,281.0,0.07845105777841198,28.634636089120374,5.305,281.98858430639825,1.0045816300977304,0.9964942399748917,0.003511919601997675,0.02223277805837509,0.18319451882118964,0.11124658921176307,IWM,281.66
2026-10-23,C,282.0,0.07845105777831683,28.634636089085642,6.0,281.98858430639825,1.0045816300977304,1.0000404828217775,-4.0482002370172746e-05,0.021180416248746697,0.18975012040309683,0.11170298829984597,IWM,281.66
2026-10-23,C,282.5,0.0784510577781266,28.634636089016208,5.73,281.98858430639825,1.0045816300977304,1.0018136042452204,-0.0018119616507522314,0.020227297517553096,0.18887596701639184,0.11173680714875117,IWM,281.66
2026-10-23,C,283.0,0.07845105777796803,28.63463608895833,5.45,281.98858430639825,1.0045816300977304,1.0035867256686632,-0.003580308707494235,0.019238878092611583,0.1874735889581466,0.11164202760493197,IWM,281.66
2026-10-23,C,284.0,0.07845105777777778,28.63463608888889,4.9399999999999995,281.98858430639825,1.0045816300977304,1.007132968515549,-0.007107649225462675,0.01743854271146811,0.1856023010258562,0.11105726169957426,IWM,281.66
2026-10-23,C,285.0,0.07845105777761924,28.634636088831023,4.465,281.98858430639825,1.0045816300977304,1.0106792113624345,-0.010622591332906967,0.015761759758442333,0.18396631609377045,0.10993685623283835,IWM,281.66
2026-10-23,C,286.0,0.07845105777742897,28.634636088761575,4.015000000000001,281.98858430639825,1.0045816300977304,1.0142254542093203,-0.014125221884109055,0.014173228539786333,0.1822381886366825,0.10826952625415436,IWM,281.66
2026-10-23,C,287.0,0.07845105777723871,28.63463608869213,3.5999999999999996,281.98858430639825,1.0045816300977304,1.017771697056206,-0.0176156268238776,0.012708249749248017,0.18074044662038863,0.10607241948338712,IWM,281.66
2026-10-23,C,287.5,0.07845105777704844,28.63463608862268,3.4050000000000002,281.98858430639825,1.0045816300977304,1.019544818479649,-0.019356271301661634,0.012019886221163751,0.18006166834463022,0.10478251281121136,IWM,281.66
2026-10-23,C,288.0,0.0784510577768582,28.63463608855324,3.215,281.98858430639825,1.0045816300977304,1.0213179399030918,-0.021093891200202445,0.011349173039953437,0.17931922467624967,0.10335977450879687,IWM,281.66
2026-10-23,C,289.0,0.07845105777666793,28.634636088483795,2.8600000000000003,281.98858430639825,1.0045816300977304,1.0248641827499776,-0.0245600991766887,0.010095998411902594,0.17798924610484346,0.10016259510179555,IWM,281.66
2026-10-23,C,290.0,0.07845105777650939,28.63463608842593,2.535,281.98858430639825,1.0045816300977304,1.0284104255968634,-0.028014334044776275,0.008948725865095479,0.1767749775524963,0.09652621014831848,IWM,281.66
2026-10-23,C,291.0,0.07845105777628743,28.634636088344912,2.245,281.98858430639825,1.0045816300977304,1.0319566684437491,-0.0314566782357491,0.007925005746406056,0.175903769491618,0.09255301129964578,IWM,281.66
2026-10-23,C,292.0,0.07845105777612886,28.634636088287035,1.975,281.98858430639825,1.0045816300977304,1.0355029112906349,-0.034887213332538365,0.006971887015212454,0.17485532104637536,0.08819986401286262,IWM,281.66
2026-10-23,C,292.5,0.07845105777593861,28.634636088217594,1.8450000000000002,281.98858430639825,1.0045816300977304,1.0372760327140778,-0.03659807773616781,0.00651297799648961,0.1741649471003012,0.08586281519954023,IWM,281.66
2026-10-23,C,293.0,0.07845105777574835,28.634636088148145,1.725,281.98858430639825,1.0045816300977304,1.0390491541375206,-0.038306020081323944,0.006089369671514675,0.17363980235273577,0.08350103217271587,IWM,281.66
2026-10-23,C,294.0,0.0784510577755898,28.63463608809028,1.51,281.98858430639825,1.0045816300977304,1.0425953969844062,-0.04171317840293806,0.005330404755934585,0.1729439661007786,0.07872555877279289,IWM,281.66
2026-10-23,C,295.0,0.07845105777539954,28.634636088020834,1.315,281.98858430639825,1.0045816300977304,1.046141639831292,-0.0451087674040763,0.004642041227850317,0.1722059146984705,0.07378257014550582,IWM,281.66
2026-10-23,C,296.0,0.078451057775241,28.634636087962967,1.1400000000000001,281.98858430639825,1.0045816300977304,1.0496878826781777,-0.04849286538831687,0.004024279087261873,0.1714777310011384,0.06874736565228491,IWM,281.66
2026-10-23,C,297.0,0.07845105777501903,28.634636087881944,0.985,281.98858430639825,1.0045816300977304,1.0532341255250635,-0.05186554986695614,0.003477118334169249,0.17083000155496636,0.06370943293900076,IWM,281.66
2026-10-23,C,297.5,0.07845105777486049,28.634636087824077,0.915,281.98858430639825,1.0045816300977304,1.0550072469485063,-0.053547636049940985,0.003230013477933871,0.1705651207074375,0.06122181353812563,IWM,281.66
2026-10-23,C,298.0,0.0784510577746385,28.63463608774305,0.85,281.98858430639825,1.0045816300977304,1.0567803683719492,-0.055226897569660996,0.0030005589685724488,0.1703588393278441,0.05877452477844379,IWM,281.66
2026-10-23,C,299.0,0.07845105773982115,28.63463607503472,0.735,281.98858430639825,1.0045816300977304,1.060326611218835,-0.058576984454943,0.0025946009904714703,0.1701943373430356,0.054065798083977566,IWM,281.66
2026-10-23,C,300.0,0.07845105773959919,28.634636074953704,0.63,281.98858430639825,1.0045816300977304,1.0638728540657207,-0.061915885720457656,0.0022239437061184033,0.16979674485036297,0.04937265732642516,IWM,281.66
2026-10-23,C,301.0,0.07845105773940893,28.63463607488426,0.545,281.98858430639825,1.0045816300977304,1.0674190969126065,-0.06524367581313234,0.0019238878092611583,0.1699729635132636,0.04512633064940011,IWM,281.66
2026-10-23,C,302.0,0.07845105773925039,28.634636074826393,0.46499999999999997,281.98858430639825,1.0045816300977304,1.070965339759492,-0.06856042843912608,0.0016414822592778688,0.1697038569321506,0.04085100153159129,IWM,281.66
2026-10-23,C,302.5,0.07845105773906012,28.634636074756944,0.435,281.98858430639825,1.0045816300977304,1.072738461182935,-0.0702146885351526,0.0015355801780341355,0.17012461604569087,0.0390695200011514,IWM,281.66
2026-10-23,C,303.0,0.07845105773890157,28.634636074699074,0.395,281.98858430639825,1.0045816300977304,1.0745115826063778,-0.0718662165736256,0.001394377403042491,0.1694192965307679,0.036782009846091236,IWM,281.66
2026-10-23,C,304.0,0.0784510577387113,28.634636074629626,0.345,281.98858430639825,1.0045816300977304,1.0780578254532636,-0.07516111247047817,0.0012178739343029349,0.17028527560129023,0.0335088887503896,IWM,281.66
2026-10-23,C,305.0,0.07845105773855277,28.63463607457176,0.29000000000000004,281.98858430639825,1.0045816300977304,1.0816040683001493,-0.07844518767166812,0.0010237201186894238,0.1698586693459106,0.02983777969731771,IWM,281.66
2026-10-23,C,306.0,0.0784510577383625,28.634636074502314,0.255,281.98858430639825,1.0045816300977304,1.085150311147035,-0.0817185130166373,0.0009001676905717346,0.1710581647946119,0.02717270106142422,IWM,281.66
2026-10-23,C,307.0,0.07845105773817225,28.634636074432873,0.22,281.98858430639825,1.0045816300977304,1.0886965539939208,-0.08498115865145371,0.0007766152624540455,0.17165424737709817,0.02444152210047806,IWM,281.66
2026-10-23,C,307.5,0.0784510577380137,28.634636074375,0.2,281.98858430639825,1.0045816300977304,1.0904696754173637,-0.08660849831082912,0.0007060138749582233,0.17130297089197385,0.022874848477919364,IWM,281.66
2026-10-23,C,308.0,0.07845105773782345,28.634636074305558,0.19,281.98858430639825,1.0045816300977304,1.0922427968408066,-0.08823319403783104,0.000670713181210312,0.17232595953830218,0.021958758819399977,IWM,281.66
2026-10-23,C,309.0,0.07845105773766488,28.63463607424768,0.16,281.98858430639825,1.0045816300977304,1.0957890396876924,-0.09147468796200206,0.0005648110999665786,0.1722939275448298,0.01939661133600794,IWM,281.66
2026-10-23,C,310.0,0.07845105773747464,28.634636074178243,0.14,281.98858430639825,1.0045816300977304,1.0993352825345781,-0.09470570854344855,0.0004942097124707563,0.17342470966488144,0.01750675958747999,IWM,281.66
2026-10-23,C,311.0,0.07845105773728438,28.634636074108798,0.12,281.98858430639825,1.0045816300977304,1.1028815253814637,-0.09792632324349057,0.0004236083249749339,0.17399243504207518,0.01557969049533267,IWM,281.66
2026-10-23,C,312.0,0.07845105773712582,28.634636074050924,0.11,281.98858430639825,1.0045816300977304,1.1064277682283494,-0.10113659887373883,0.00038830763122702275,0.1763766083960535,0.014452273824355802,IWM,281.66
2026-10-23,C,312.5,0.07845105773693556,28.63463607398148,0.1,281.98858430639825,1.0045816300977304,1.1082008896517923,-0.10273788024071266,0.00035300693747911165,0.176177891691798,0.01346223662654088,IWM,281.66
2026-10-23,C,313.0,0.0784510577367453,28.63463607391203,0.09,281.98858430639825,1.0045816300977304,1.1099740110752352,-0.1043366016044097,0.00031770624373120043,0.17574979733123797,0.01245109338486979,IWM,281.66
2026-10-23,C,314.0,0.07845105773658675,28.634636073854164,0.08,281.98858430639825,1.0045816300977304,1.113520253922121,-0.10752639697250987,0.0002824055499832893,0.17729176507197117,0.011305301510620229,IWM,281.66
2026-10-23,C,315.0,0.0784510577363965,28.634636073784723,0.07,281.98858430639825,1.0045816300977304,1.1170664967690067,-0.1107060498898896,0.00024710485623537817,0.17842480015204445,0.010151475469244687,IWM,281.66
2026-10-23,C,316.0,0.07845105773620624,28.634636073715278,0.060000000000000005,281.98858430639825,1.0045816300977304,1.1206127396158925,-0.11387562465116867,0.00021180416248746698,0.17906330627902295,0.00898158246685048,IWM,281.66
2026-10-23,C,317.0,0.0784510577360477,28.63463607365741,0.055,281.98858430639825,1.0045816300977304,1.1241589824627782,-0.1170351849415372,0.00019415381561351138,0.18127283236500286,0.008311961185519362,IWM,281.66
2026-10-23,C,318.0,0.07845105773585744,28.634636073587963,0.05,281.98858430639825,1.0045816300977304,1.127705225309664,-0.12018479384443344,0.00017650346873955582,0.18324707962532516,0.007647585652606273,IWM,281.66
2026-10-23,C,319.0,0.07845105773566717,28.634636073518518,0.045,281.98858430639825,1.0045816300977304,1.1312514681565498,-0.12332451384910119,0.00015885312186560022,0.1849546919406506,0.0069859313991339055,IWM,281.66
2026-10-23,C,320.0,0.07845105773547692,28.634636073449077,0.04,281.98858430639825,1.0045816300977304,1.1347977110034353,-0.1264544068580287,0.00014120277499164464,0.18635410130334903,0.006324177715409899,IWM,281.66
2026-10-23,C,321.0,0.07845105773528666,28.634636073379628,0.035,281.98858430639825,1.0045816300977304,1.138343953850321,-0.12957453419427234,0.00012355242811768908,0.18738852511096868,0.005659039295429298,IWM,281.66
2026-10-23,C,322.0,0.07845105773512812,28.63463607332176,0.03,281.98858430639825,1.0045816300977304,1.1418901966972068,-0.1326849566086648,0.00010590208124373348,0.18797732779997844,0.004986501686183578,IWM,281.66
2026-10-23,C,323.0,0.07845105773493785,28.634636073252317,0.03,281.98858430639825,1.0045816300977304,1.1454364395440926,-0.13578573428691307,0.00010590208124373348,0.19183664584145724,0.004906596048046406,IWM,281.66
2026-10-23,C,324.0,0.07845105773474759,28.634636073182868,0.03,281.98858430639825,1.0045816300977304,1.1489826823909783,-0.13887692685658592,0.00010590208124373348,0.1956749189007158,0.004829898009144248,IWM,281.66
2026-10-23,C,325.0,0.07845105773458905,28.634636073125,0.025,281.98858430639825,1.0045816300977304,1.152528925237864,-0.14195859339399405,8.825173436977791e-05,0.19553385491893613,0.004168126091538729,IWM,281.66
2026-10-23,C,326.0,0.07845105773439878,28.634636073055557,0.02,281.98858430639825,1.0045816300977304,1.1560751680847499,-0.14503079243096423,7.060138749582232e-05,0.1946152252447173,0.0034863396337981908,IWM,281.66
2026-10-23,C,327.0,0.07845105773424023,28.634636072997683,0.02,281.98858430639825,1.0045816300977304,1.1596214109316356,-0.14809358196150998,7.060138749582232e-05,0.19826297604586132,0.003434422189845873,IWM,281.66
2026-10-23,C,328.0,0.07845105773404996,28.634636072928238,0.02,281.98858430639825,1.0045816300977304,1.1631676537785214,-0.15114701944840037,7.060138749582232e-05,0.20189220292737087,0.003384435967070723,IWM,281.66
2026-10-23,C,329.0,0.07845105773385971,28.634636072858797,0.02,281.98858430639825,1.0045816300977304,1.166713896625407,-0.15419116182962836,7.060138749582232e-05,0.20550320488392848,0.003336270786407366,IWM,281.66
2026-10-23,C,330.0,0.07845105773370116,28.634636072800923,0.02,281.98858430639825,1.0045816300977304,1.1702601394722927,-0.1572260655247824,7.060138749582232e-05,0.20909626949256577,0.0032898248715558776,IWM,281.66
2026-10-23,C,331.0,0.07845105773351091,28.63463607273148,0.015,281.98858430639825,1.0045816300977304,1.1738063823191784,-0.1602517864413194,5.295104062186674e-05,0.20663785135873994,0.002618813832562088,IWM,281.66
2026-10-23,C,332.0,0.07845105773332064,28.634636072662037,0.015,281.98858430639825,1.0045816300977304,1.1773526251660642,-0.16326837998074506,5.295104062186674e-05,0.21011369596513577,0.0025833784679724515,IWM,281.66
2026-10-23,C,333.0,0.0784510577331621,28.634636072604167,0.015,281.98858430639825,1.0045816300977304,1.18089886801295,-0.16627590104470039,5.295104062186674e-05,0.2135730256867661,0.002549144263751406,IWM,281.66
2026-10-30,P,200.0,0.09762913992015475,35.63463607085648,0.1,282.1189648645584,1.004973252730524,0.7089207919645436,0.34401147665348786,0.29143191433387694,0.46290384897090997,0.006186783082145121,IWM,281.66
2026-10-30,P,205.0,0.0976291399199962,35.634636070798614,0.11499999999999999,282.1189648645584,1.004973252730524,0.7266438117636572,0.3193188640631163,0.2737618004795265,0.44068206799127735,0.007203084147314829,IWM,281.66
2026-10-30,P,210.0,0.09762913991980593,35.634636070729165,0.14,282.1189648645584,1.004973252730524,0.7443668315627708,0.2952213124840558,0.2561269572550179,0.42169654509767995,0.008720495878945345,IWM,281.66
2026-10-30,P,215.0,0.09762913991964739,35.6346360706713,0.16,282.1189648645584,1.004973252730524,0.7620898513618845,0.27169081507386167,0.23847447871558847,0.3991124136947727,0.010119378989648126,IWM,281.66
2026-10-30,P,220.0,0.09762913991945713,35.63463607060185,0.19,282.1189648645584,1.004973252730524,0.7798128711609981,0.24870129684916287,0.22085727080600093,0.3785809137001733,0.012052106115890802,IWM,281.66
2026-10-30,P,225.0,0.09762913991926686,35.6346360705324,0.22999999999999998,282.1189648645584,1.004973252730524,0.7975358909601116,0.2262284409971044,0.20327533352625582,0.3589456472845582,0.01453386865950432,IWM,281.66
2026-10-30,P,230.0,0.09762913991910832,35.634636070474535,0.27,282.1189648645584,1.004973252730524,0.8152589107592252,0.20424953427832912,0.18569339624651038,0.3373500599019831,0.0171953358437518,IWM,281.66
2026-10-30,P,235.0,0.09762913991891807,35.634636070405094,0.33499999999999996,282.1189648645584,1.004973252730524,0.8329819305583388,0.1827433290573655,0.16819963554137018,0.31849525286389024,0.02104953099308805,IWM,281.66
2026-10-30,P,240.0,0.0976291399187595,35.63463607034722,0.42,282.1189648645584,1.004973252730524,0.8507049503574524,0.16168991985953313,0.15077641609591397,0.29980941219828194,0.02589365884355264,IWM,281.66
2026-10-30,P,245.0,0.09762913991856927,35.63463607027778,0.54,282.1189648645584,1.004973252730524,0.8684279701565659,0.14107063265679756,0.1334766438549052,0.28206633588759517,0.032232816905429465,IWM,281.66
2026-10-30,P,250.0,0.097629139918379,35.63463607020834,0.715,282.1189648645584,1.004973252730524,0.8861509899556795,0.12086792533927808,0.11637086007802766,0.26552041499917495,0.040568215477170766,IWM,281.66
2026-10-30,P,252.0,0.09762913991822045,35.634636070150464,0.8049999999999999,282.1189648645584,1.004973252730524,0.893240197875325,0.11289975569010112,0.1095990878269606,0.2591334702620375,0.044527909368850226,IWM,281.66
2026-10-30,P,253.0,0.09762913991803018,35.634636070081015,0.855,282.1189648645584,1.004973252730524,0.8967848018351477,0.10893935447400421,0.10623083701634817,0.25596862094883754,0.046646712365505785,IWM,281.66
2026-10-30,P,254.0,0.09762913991783992,35.634636070011574,0.91,282.1189648645584,1.004973252730524,0.9003294057949704,0.10499457618298788,0.10288022152065679,0.252917187414525,0.04889336754808915,IWM,281.66
2026-10-30,P,255.0,0.09762913991764968,35.63463606994213,0.97,282.1189648645584,1.004973252730524,0.9038740097547932,0.10106529804309833,0.09954724133988646,0.24994577058852308,0.05125892122965634,IWM,281.66
2026-10-30,P,256.0,0.09762913991749111,35.63463606988426,1.03,282.1189648645584,1.004973252730524,0.9074186137146159,0.09715139872196202,0.09621426115911613,0.24669581936834117,0.05362119140138273,IWM,281.66
2026-10-30,P,257.0,0.09762913991730086,35.63463606981482,1.1,282.1189648645584,1.004973252730524,0.9109632176744386,0.09325275830630472,0.0929165516081879,0.24381263840377196,0.05620292944278285,IWM,281.66
2026-10-30,P,258.0,0.09762913991714231,35.634636069756944,1.18,282.1189648645584,1.004973252730524,0.9145078216342614,0.089369258279907,0.08965411268710144,0.24122708953276392,0.058979982974197646,IWM,281.66
2026-10-30,P,259.0,0.09762913991695206,35.6346360696875,1.26,282.1189648645584,1.004973252730524,0.9180524255940841,0.08550078150198669,0.08639167376601531,0.2383058894507029,0.061732896211198186,IWM,281.66
2026-10-30,P,260.0,0.0976291399167618,35.634636069618054,1.355,282.1189648645584,1.004973252730524,0.9215970295539068,0.08164721218599673,0.0831821407896921,0.2358888822074037,0.06474539942706148,IWM,281.66
2026-10-30,P,261.0,0.09762913991660326,35.63463606956019,1.44,282.1189648645584,1.004973252730524,0.9251416335137295,0.07780843587883106,0.0799373371835268,0.23258344813518533,0.06754465781032411,IWM,281.66
2026-10-30,P,262.0,0.09762913991641299,35.63463606949074,1.545,282.1189648645584,1.004973252730524,0.9286862374735522,0.07398433944042763,0.0767630748370457,0.22997674739001503,0.07065841855060079,IWM,281.66
2026-10-30,P,263.0,0.09762913991622273,35.6346360694213,1.6549999999999998,282.1189648645584,1.004973252730524,0.9322308414333749,0.07017481102375996,0.07360644780548564,0.22724024809491145,0.0738031783185953,IWM,281.66
2026-10-30,P,264.0,0.09762913991606417,35.634636069363424,1.775,282.1189648645584,1.004973252730524,0.9357754453931976,0.06637974005520837,0.07048509140376769,0.22459382886050702,0.07704214023511421,IWM,281.66
2026-10-30,P,265.0,0.09762913991587391,35.634636069293975,1.9049999999999998,282.1189648645584,1.004973252730524,0.9393200493530204,0.06259901721530223,0.06739900563189172,0.22200083016374048,0.08035208876782697,IWM,281.66
2026-10-30,P,266.0,0.09762913991568367,35.63463606922454,2.045,282.1189648645584,1.004973252730524,0.9428646533128431,0.058832534419825375,0.06434819048985774,0.2194285271303853,0.0837101983141554,IWM,281.66
2026-10-30,P,267.0,0.09762913991552512,35.63463606916667,2.2,282.1189648645584,1.004973252730524,0.9464092572726658,0.05508018480127494,0.061350281292586906,0.21705003913765145,0.08714764924329557,IWM,281.66
2026-10-30,P,268.0,0.09762913991533485,35.63463606909722,2.3600000000000003,282.1189648645584,1.004973252730524,0.9499538612324885,0.05134186269066781,0.058370007410237124,0.2144265277648365,0.09052998082259106,IWM,281.66
2026-10-30,P,269.0,0.09762913991514459,35.63463606902778,2.54,282.1189648645584,1.004973252730524,0.9534984651923112,0.0476174635996854,0.05546027478757154,0.21211996543118802,0.09398037130237631,IWM,281.66
2026-10-30,P,270.0,0.09762913991498605,35.63463606896991,2.74,282.1189648645584,1.004973252730524,0.9570430691521339,0.04390688420314976,0.05262108342458993,0.21006878317936542,0.09744623111682035,IWM,281.66
2026-10-30,P,271.0,0.09762913991479578,35.63463606890046,2.9400000000000004,282.1189648645584,1.004973252730524,0.9605876731119567,0.040210022321823524,0.04978189206160821,0.20751929656734347,0.10074705629621095,IWM,281.66
2026-10-30,P,272.0,0.09762913991460553,35.63463606883102,3.16,282.1189648645584,1.004973252730524,0.9641322770717794,0.03652677690552712,0.0470132419583108,0.20516875112214186,0.10400333875368246,IWM,281.66
2026-10-30,P,273.0,0.09762913991444698,35.63463606877315,3.4050000000000002,282.1189648645584,1.004973252730524,0.9676768810316021,0.03285704801656473,0.04433276842961864,0.20313506263799652,0.10719004033846638,IWM,281.66
2026-10-30,P,274.0,0.09762913991425673,35.634636068703706,3.6550000000000002,282.1189648645584,1.004973252730524,0.9712214849914248,0.029200736813454253,0.041669930215847306,0.20072342272132138,0.11017244818011729,IWM,281.66
2026-10-30,P,275.0,0.09762913991406647,35.63463606863426,3.925,282.1189648645584,1.004973252730524,0.9747660889512475,0.025557745534953203,0.03907763326176017,0.1984031957016255,0.11298822809153743,IWM,281.66
2026-10-30,P,276.0,0.09762913991390791,35.634636068576384,4.225,282.1189648645584,1.004973252730524,0.9783106929110702,0.021927977484374514,0.03659114819719933,0.19644446398008505,0.11561657587034414,IWM,281.66
2026-10-30,P,277.0,0.09762913991371766,35.63463606850694,4.54,282.1189648645584,1.004973252730524,0.9818552968708929,0.01831133701418603,0.03415756907740142,0.19434889381870923,0.1179719180781358,IWM,281.66
2026-10-30,P,277.5,0.09762913991355911,35.634636068449076,4.705,282.1189648645584,1.004973252730524,0.9836275988508043,0.016507910015035283,0.03296723248988398,0.193299689468297,0.11904068151920598,IWM,281.66
2026-10-30,P,278.0,0.09762913991336884,35.63463606837963,4.875,282.1189648645584,1.004973252730524,0.9853999008307157,0.01470772951088737,0.03179453121728759,0.19224522668697785,0.12003056641580434,IWM,281.66
2026-10-30,P,279.0,0.09762913991317858,35.63463606831018,5.24,282.1189648645584,1.004973252730524,0.9889445047905384,0.011117061380158826,0.029537305246699952,0.19039794439589888,0.12176173108824166,IWM,281.66
2026-10-30,P,280.0,0.09762913991302004,35.63463606825231,5.62,282.1189648645584,1.004973252730524,0.9924891087503611,0.007539240032274863,0.02733298522087546,0.18834404571306368,0.12311494008467905,IWM,281.66
2026-10-30,P,281.0,0.09762913991282979,35.63463606818287,6.03,282.1189648645584,1.004973252730524,0.9960337127101838,0.003974173867778724,0.025234477084577045,0.18649338563987217,0.12406304529880077,IWM,281.66
2026-10-30,P,282.0,0.09762913991263952,35.63463606811342,6.47,282.1189648645584,1.004973252730524,0.9995783166700065,0.0004217722634109187,0.023241780837804926,0.18482137289509318,0.12457060857043135,IWM,281.66
2026-10-30,C,282.5,0.0976291399125761,35.63463606809028,6.665,282.1189648645584,1.004973252730524,1.001350618649918,-0.0013497073849711742,0.02350787478973157,0.19385594297502134,0.12464816511609739,IWM,281.66
2026-10-30,C,283.0,0.09762913991238584,35.63463606802083,6.4,282.1189648645584,1.004973252730524,1.0031229206298293,-0.003118054441713212,0.022573203098917038,0.19308581923409454,0.12462330428039696,IWM,281.66
2026-10-30,C,284.0,0.09762913991219559,35.63463606795139,5.865,282.1189648645584,1.004973252730524,1.006667524589652,-0.0066453949596815,0.02068622440236694,0.19090116012011238,0.12423799293217386,IWM,281.66
2026-10-30,C,285.0,0.09762913991203703,35.63463606789352,5.375,282.1189648645584,1.004973252730524,1.0102121285494747,-0.010160337067126077,0.018957963540106107,0.1893116720794086,0.12339836717983721,IWM,281.66
2026-10-30,C,286.0,0.09762913991184678,35.634636067824076,4.904999999999999,282.1189648645584,1.004973252730524,1.0137567325092973,-0.013662967618328015,0.017300243937529384,0.18759942232620053,0.12209062688393492,IWM,281.66
2026-10-30,C,287.0,0.09762913991168823,35.6346360677662,4.470000000000001,282.1189648645584,1.004973252730524,1.0173013364691201,-0.017153372558096628,0.01576597153939987,0.18619296594757695,0.1203270422607382,IWM,281.66
2026-10-30,C,287.5,0.09762913991149798,35.63463606769676,4.265000000000001,282.1189648645584,1.004973252730524,1.0190736384490315,-0.018894017035880693,0.015042923627637685,0.1855894693836999,0.11927999086648094,IWM,281.66
2026-10-30,C,288.0,0.09762913991133941,35.63463606763889,4.0600000000000005,282.1189648645584,1.004973252730524,1.020845940428943,-0.02063163693442154,0.014319875715875497,0.18480635212864202,0.11810761985590755,IWM,281.66
2026-10-30,C,289.0,0.09762913991114916,35.634636067569446,3.675,282.1189648645584,1.004973252730524,1.0243905443887655,-0.024097844910907645,0.012961956466956267,0.18344276903961537,0.11544417095122689,IWM,281.66
2026-10-30,C,290.0,0.0976291399109589,35.6346360675,3.32,282.1189648645584,1.004973252730524,1.0279351483485883,-0.027552079778995285,0.011709849107563213,0.182266166299463,0.11237825219261086,IWM,281.66
2026-10-30,C,291.0,0.09762913991076864,35.634636067430556,2.985,282.1189648645584,1.004973252730524,1.031479752308411,-0.030994423969967964,0.010528283007854274,0.18097924338694937,0.10889827226744604,IWM,281.66
2026-10-30,C,292.0,0.09762913991061009,35.63463606737268,2.675,282.1189648645584,1.004973252730524,1.0350243562682337,-0.03442495906675729,0.00943489348275048,0.1797519920350297,0.10505714713161046,IWM,281.66
2026-10-30,C,292.5,0.09762913991041984,35.63463606730324,2.535,282.1189648645584,1.004973252730524,1.0367966582481452,-0.03613582347038677,0.00894110466496167,0.17936054442944688,0.10306114681171738,IWM,281.66
2026-10-30,C,293.0,0.09762913991022958,35.63463606723379,2.395,282.1189648645584,1.004973252730524,1.0385689602280563,-0.037843765815542725,0.00844731584717286,0.1787833868400164,0.10094637693993332,IWM,281.66
2026-10-30,C,294.0,0.09762913991007104,35.634636067175926,2.14,282.1189648645584,1.004973252730524,1.0421135641878791,-0.04125092413715712,0.0075479147862003845,0.17794760134017185,0.09659724041468436,IWM,281.66
2026-10-30,C,295.0,0.09762913990988077,35.634636067106484,1.9049999999999998,282.1189648645584,1.004973252730524,1.045658168147702,-0.04464651313829542,0.006719054984912024,0.1771006049748853,0.09201822725644655,IWM,281.66
2026-10-30,C,296.0,0.09762913990972223,35.63463606704862,1.69,282.1189648645584,1.004973252730524,1.0492027721075246,-0.04803061112253584,0.00596073644330778,0.17627330985141948,0.08726302733847077,IWM,281.66
2026-10-30,C,297.0,0.09762913990953197,35.63463606697917,1.49,282.1189648645584,1.004973252730524,1.0527473760673474,-0.05140329560117518,0.005255323846466623,0.17529187041225,0.08230666973356766,IWM,281.66
2026-10-30,C,297.5,0.09762913990937341,35.634636066921296,1.41,282.1189648645584,1.004973252730524,1.0545196780472588,-0.05308538178416006,0.00497315880773016,0.1753812283984749,0.08003603104417052,IWM,281.66
2026-10-30,C,298.0,0.09762913990918315,35.63463606685185,1.32,282.1189648645584,1.004973252730524,1.05629198002717,-0.054764643303879895,0.0046557231391516395,0.17485140225491266,0.0774887398235987,IWM,281.66
2026-10-30,C,299.0,0.09762913990902461,35.63463606679398,1.16,282.1189648645584,1.004973252730524,1.0598365839869928,-0.05811473018916196,0.004091393061678713,0.17413512720191648,0.07251550288569845,IWM,281.66
2026-10-30,C,300.0,0.09762913990883434,35.63463606672454,1.025,282.1189648645584,1.004973252730524,1.0633811879468156,-0.06145363145467668,0.0036152395588109312,0.17391507726560745,0.06779090638232846,IWM,281.66
2026-10-30,C,301.0,0.09762913990864408,35.63463606665509,0.895,282.1189648645584,1.004973252730524,1.0669257919066382,-0.06478142154735123,0.0031567213708641796,0.17323833437522765,0.06289095849268611,IWM,281.66
2026-10-30,C,302.0,0.09762913990848554,35.634636066597224,0.785,282.1189648645584,1.004973252730524,1.070470395866461,-0.06809817417334522,0.002768744442601543,0.17295948502305736,0.05828230322477624,IWM,281.66
2026-10-30,C,302.5,0.09762913990829529,35.63463606652778,0.735,282.1189648645584,1.004973252730524,1.0722426978463722,-0.06975243426937157,0.0025923912933912534,0.1728611821542829,0.05604405104298646,IWM,281.66
2026-10-30,C,303.0,0.09762913990813672,35.6346360664699,0.685,282.1189648645584,1.004973252730524,1.0740149998262836,-0.07140396230784461,0.002416038144180964,0.17258617938661205,0.053743453102618015,IWM,281.66
2026-10-30,C,304.0,0.09762913990794649,35.63463606640047,0.6,282.1189648645584,1.004973252730524,1.0775596037861064,-0.07469885820469725,0.002116237790523472,0.17251416610443093,0.04951607381486735,IWM,281.66
2026-10-30,C,305.0,0.09762913990778792,35.63463606634259,0.525,282.1189648645584,1.004973252730524,1.081104207745929,-0.07798293340588705,0.0018517080667080383,0.17250487677054557,0.04549218277409111,IWM,281.66
2026-10-30,C,306.0,0.09762913990759767,35.634636066273146,0.45999999999999996,282.1189648645584,1.004973252730524,1.0846488117057518,-0.08125625875085629,0.001622448972734662,0.172643040090547,0.04173280430267801,IWM,281.66
2026-10-30,C,307.0,0.0976291399074074,35.634636066203704,0.405,282.1189648645584,1.004973252730524,1.0881934156655746,-0.08451890438567276,0.0014284605086033438,0.17303849176709143,0.038305191799940436,IWM,281.66
2026-10-30,C,308.0,0.09762913990724886,35.63463606614584,0.355,282.1189648645584,1.004973252730524,1.0917380196253972,-0.08777093977204996,0.0012521073593930543,0.17332787444042558,0.03501485324049149,IWM,281.66
2026-10-30,C,309.0,0.0976291399070586,35.63463606607639,0.305,282.1189648645584,1.004973252730524,1.09528262358522,-0.09101243369622103,0.001075754210182765,0.1729896104359199,0.03159736848952838,IWM,281.66
2026-10-30,C,310.0,0.09762913990686833,35.63463606600694,0.27,282.1189648645584,1.004973252730524,1.0988272275450426,-0.09424345427766738,0.0009523070057355625,0.17373678402035148,0.028942002953919726,IWM,281.66
2026-10-30,C,311.0,0.0976291399067098,35.634636065949074,0.24,282.1189648645584,1.004973252730524,1.1023718315048654,-0.09746406897770968,0.0008464951162093889,0.17463411884410868,0.02654028837923915,IWM,281.66
2026-10-30,C,312.0,0.09762913990651953,35.634636065879626,0.21000000000000002,282.1189648645584,1.004973252730524,1.105916435464688,-0.10067434460795778,0.0007406832266832154,0.1750537637963504,0.02408526184188385,IWM,281.66
2026-10-30,C,313.0,0.09762913990636098,35.63463606582176,0.18,282.1189648645584,1.004973252730524,1.1094610394245108,-0.10387434733862873,0.0006348713371570416,0.17490050525107917,0.02155579708617706,IWM,281.66
2026-10-30,C,314.0,0.09762913990617073,35.63463606575232,0.16,282.1189648645584,1.004973252730524,1.1130056433843336,-0.10706414270672895,0.0005643300774729259,0.17585919914516385,0.01969674624773436,IWM,281.66
2026-10-30,C,315.0,0.09762913990601217,35.634636065694444,0.14,282.1189648645584,1.004973252730524,1.1165502473441562,-0.11024379562410855,0.0004937888177888102,0.17638032746718252,0.01780524197888543,IWM,281.66
2026-10-30,C,316.0,0.09762913990582192,35.634636065625,0.125,282.1189648645584,1.004973252730524,1.120094851303979,-0.11341337038538768,0.0004408828730257234,0.17747049415988386,0.016286014348789287,IWM,281.66
2026-10-30,C,317.0,0.09762913990563166,35.634636065555554,0.11,282.1189648645584,1.004973252730524,1.1236394552638016,-0.11657293067575607,0.00038797692826263657,0.1781701137846937,0.014747064343192484,IWM,281.66
2026-10-30,C,318.0,0.09762913990544139,35.634636065486106,0.1,282.1189648645584,1.004973252730524,1.1271840592236244,-0.11972253957865236,0.0003527062984205787,0.17971747029514806,0.013628882485847194,IWM,281.66
2026-10-30,C,319.0,0.09762913990528285,35.63463606542824,0.09,282.1189648645584,1.004973252730524,1.1307286631834472,-0.12286225958332019,0.0003174356685785208,0.18098275826823756,0.012507581815857363,IWM,281.66
2026-10-30,C,320.0,0.09762913990509259,35.6346360653588,0.08,282.1189648645584,1.004973252730524,1.1342732671432698,-0.12599215259224772,0.00028216503873646295,0.1819225285645684,0.011378075728351502,IWM,281.66
2026-10-30,C,321.0,0.09762913990490234,35.63463606528936,0.07,282.1189648645584,1.004973252730524,1.1378178711030926,-0.12911227992849145,0.0002468944088944051,0.1824775099919789,0.010234273758400652,IWM,281.66
2026-10-30,C,322.0,0.09762913990474378,35.63463606523148,0.060000000000000005,282.1189648645584,1.004973252730524,1.1413624750629152,-0.13222270234288377,0.00021162377905234724,0.18256367433244597,0.009068546752569613,IWM,281.66
2026-10-30,C,323.0,0.09762913990455353,35.63463606516204,0.060000000000000005,282.1189648645584,1.004973252730524,1.144907079022738,-0.1353234800211321,0.00021162377905234724,0.18625700547859883,0.008929472360390246,IWM,281.66
2026-10-30,C,324.0,0.09762913990436327,35.63463606509259,0.05,282.1189648645584,1.004973252730524,1.1484516829825606,-0.13841467259080484,0.00017635314921028936,0.18566366511941548,0.0077514568324643296,IWM,281.66
2026-10-30,C,325.0,0.09762913990420471,35.63463606503472,0.05,282.1189648645584,1.004973252730524,1.1519962869423834,-0.141496339128213,0.00017635314921028936,0.18925162672922533,0.007636716074443247,IWM,281.66
2026-10-30,C,326.0,0.09762913990401446,35.63463606496528,0.04,282.1189648645584,1.004973252730524,1.1555408909022062,-0.14456853816518325,0.00014108251936823148,0.18776087236187022,0.006431438579718673,IWM,281.66
2026-10-30,C,327.0,0.0976291399038242,35.63463606489583,0.04,282.1189648645584,1.004973252730524,1.1590854948620288,-0.14763132769572887,0.00014108251936823148,0.19123677164550776,0.006339209786166003,IWM,281.66
2026-10-30,C,328.0,0.09762913990363395,35.63463606482639,0.04,282.1189648645584,1.004973252730524,1.1626300988218516,-0.1506847651826193,0.00014108251936823148,0.19469431277777471,0.006250350705968441,IWM,281.66
2026-10-30,C,329.0,0.09762913990347538,35.634636064768515,0.03,282.1189648645584,1.004973252730524,1.1661747027816742,-0.15372890756384736,0.0001058118895261736,0.19181176401393749,0.005014238611013416,IWM,281.66
2026-10-30,C,330.0,0.09762913990328513,35.63463606469907,0.03,282.1189648645584,1.004973252730524,1.169719306741497,-0.15676381125900146,0.0001058118895261736,0.19514679215960137,0.004945789346983952,IWM,281.66
2026-10-30,C,331.0,0.09762913990309488,35.63463606462963,0.03,282.1189648645584,1.004973252730524,1.1732639107013196,-0.15978953217553835,0.0001058118895261736,0.1984650645171697,0.004879714343488359,IWM,281.66
2026-10-30,C,332.0,0.09762913990293633,35.63463606457176,0.03,282.1189648645584,1.004973252730524,1.1768085146611424,-0.16280612571496406,0.0001058118895261736,0.20176684124129107,0.004815886877038363,IWM,281.66
2026-10-30,C,333.0,0.09762913990274606,35.63463606450231,0.02,282.1189648645584,1.004973252730524,1.1803531186209653,-0.1658136467789194,7.054125968411574e-05,0.1965013614447866,0.0035298783333156387,IWM,281.66
2026-10-30,C,334.0,0.09762913990258752,35.63463606444444,0.02,282.1189648645584,1.004973252730524,1.1838977225807878,-0.1688121497751759,7.054125968411574e-05,0.1996609565718612,0.0034845754896355736,IWM,281.66
2026-10-30,C,335.0,0.09762913990239726,35.634636064375,0.02,282.1189648645584,1.004973252730524,1.1874423265406107,-0.171801688623542,7.054125968411574e-05,0.20280561129553284,0.003440745151723041,IWM,281.66
2026-10-30,C,336.0,0.09762913990220701,35.63463606430556,0.02,282.1189648645584,1.004973252730524,1.1909869305004332,-0.17478231676167968,7.054125968411574e-05,0.20593553456780375,0.0033983138018401637,IWM,281.66
2026-10-30,C,337.0,0.09762913990201674,35.63463606423611,0.02,282.1189648645584,1.004973252730524,1.194531534460256,-0.17775408715083726,7.054125968411574e-05,0.20905092860855598,0.0033572128379130814,IWM,281.66
2026-10-30,C,338.0,0.0976291399018582,35.634636064178245,0.02,282.1189648645584,1.004973252730524,1.1980761384200789,-0.1807170522814944,7.054125968411574e-05,0.21215198926995987,0.0033173781640907303,IWM,281.66
2026-10-30,C,340.0,0.09762913990166794,35.6346360641088,0.02,282.1189648645584,1.004973252730524,1.2051653463397243,-0.18661677440868266,7.054125968411574e-05,0.21831186402625563,0.003241271657478521,IWM,281.66
2026-11-06,P,265.0,0.11680722209126078,42.63463606331018,2.4450000000000003,282.8030563258362,1.018814685995663,0.9370478644851555,0.06502091535345476,0.07143806792222385,0.22756606385100364,0.09298886931368686,IWM,281.66
2026-11-06,P,267.5,0.11680722209107053,42.63463606324074,2.865,282.8030563258362,1.018814685995663,0.9458879386784118,0.055631175003615634,0.06405569990937621,0.22185035422253616,0.10124098131944888,IWM,281.66
2026-11-06,P,269.0,0.11680722209088026,42.6346360631713,3.1,282.8030563258362,1.018814685995663,0.9511919831943655,0.0500393617378378,0.05956727670865114,0.21679975660266515,0.10579022385544105,IWM,281.66
2026-11-06,P,270.0,0.11680722209072171,42.634636063113426,3.365,282.8030563258362,1.018814685995663,0.954728012871668,0.04632878234130213,0.056950990216606545,0.21648393270846927,0.10943274502124917,IWM,281.66
2026-11-06,P,271.0,0.11680722209053145,42.63463606304398,3.51,282.8030563258362,1.018814685995663,0.9582640425489705,0.04263192045997598,0.05391821624444526,0.21196058416546734,0.11217551126269441,IWM,281.66
2026-11-06,P,272.0,0.1168072220903412,42.634636062974536,3.8200000000000003,282.8030563258362,1.018814685995663,0.9618000722262728,0.03894867504367966,0.05145811255744459,0.2121165941946556,0.11567065743886762,IWM,281.66
2026-11-06,P,272.5,0.11680722209018266,42.63463606291667,3.9400000000000004,282.8030563258362,1.018814685995663,0.9635680870649241,0.03711212723637815,0.05010658519890998,0.21095405095550168,0.117156882835126,IWM,281.66
2026-11-06,P,273.0,0.11680722208999239,42.63463606284722,4.0649999999999995,282.8030563258362,1.018814685995663,0.9653361019035753,0.03527894615471723,0.048772411485380474,0.20983337779207775,0.1186193991208681,IWM,281.66
2026-11-06,P,274.0,0.11680722208980213,42.63463606277777,4.26,282.8030563258362,1.018814685995663,0.9688721315808778,0.03162263495160672,0.04591317396326777,0.20569911917971556,0.12122000877243327,IWM,281.66
2026-11-06,P,275.0,0.11680722208964359,42.634636062719906,4.63,282.8030563258362,1.018814685995663,0.9724081612581803,0.02797964367310564,0.04366131401632534,0.20610966376425047,0.12417696023987022,IWM,281.66
2026-11-06,P,276.0,0.11680722208945332,42.634636062650465,4.9350000000000005,282.8030563258362,1.018814685995663,0.9759441909354828,0.02434987562252692,0.041183856684319564,0.20418431419553837,0.12666445165678195,IWM,281.66
2026-11-06,P,277.0,0.11680722208926307,42.63463606258102,5.25,282.8030563258362,1.018814685995663,0.9794802206127853,0.020733235152338405,0.03874110664232355,0.20206065156436012,0.12891722466265704,IWM,281.66
2026-11-06,P,277.5,0.11680722208910452,42.63463606252315,5.425,282.8030563258362,1.018814685995663,0.9812482354514365,0.018929808153187754,0.03758046937884263,0.201288891780964,0.12996789542113277,IWM,281.66
2026-11-06,P,278.0,0.11680722208891427,42.63463606245371,5.6,282.8030563258362,1.018814685995663,0.9830162502900878,0.017129627649039823,0.036419832115361817,0.2003922912239436,0.13094439435202837,IWM,281.66
2026-11-06,P,279.0,0.116807222088724,42.63463606238426,5.96,282.8030563258362,1.018814685995663,0.9865522799673903,0.013538959518311248,0.03413326487840962,0.1984883485052126,0.13268009026756394,IWM,281.66
2026-11-06,P,280.0,0.11680722208856545,42.634636062326386,6.265000000000001,282.8030563258362,1.018814685995663,0.9900883096446926,0.009961138170427366,0.03165580754640396,0.1946584606770816,0.1340829459241823,IWM,281.66
2026-11-06,P,281.0,0.11680722208837518,42.634636062256945,6.75,282.8030563258362,1.018814685995663,0.9936243393219951,0.006396072005931196,0.029803081434573442,0.19496595199688666,0.13521168785537674,IWM,281.66
2026-11-06,P,282.0,0.11680722208818492,42.6346360621875,7.18,282.8030563258362,1.018814685995663,0.9971603689992976,0.0028436704015633585,0.02775946522768935,0.19331218885381946,0.1359528067070045,IWM,281.66
2026-11-06,P,282.5,0.11680722208802638,42.63463606212963,7.404999999999999,282.8030563258362,1.018814685995663,0.9989283838379489,0.0010721907531812498,0.02677236441425712,0.19253753404004345,0.13618189458297045,IWM,281.66
2026-11-06,C,283.0,0.11680722208793126,42.63463606209491,7.495000000000001,282.8030563258362,1.018814685995663,1.0006963986766002,-0.0006961563035608035,0.026013113862293564,0.1932973052976753,0.13631229875413878,IWM,281.66
2026-11-06,C,284.0,0.116807222087741,42.634636062025464,6.885,282.8030563258362,1.018814685995663,1.0042324283539026,-0.004223496821529122,0.023895969171699956,0.19000858300971632,0.1362744987073423,IWM,281.66
2026-11-06,C,285.0,0.11680722208758244,42.63463606196759,6.46,282.8030563258362,1.018814685995663,1.007768458031205,-0.007738438928973512,0.022420909346286377,0.1908748961653125,0.13584344523107417,IWM,281.66
2026-11-06,C,286.0,0.11680722208739218,42.63463606189814,5.985,282.8030563258362,1.018814685995663,1.0113044877085076,-0.011241069480175699,0.020772313070824146,0.18990851370834094,0.13500309932443877,IWM,281.66
2026-11-06,C,287.0,0.11680722208720193,42.6346360618287,5.52,282.8030563258362,1.018814685995663,1.01484051738581,-0.014731474419944122,0.01915842408537164,0.18863053958964787,0.13374567725773617,IWM,281.66
2026-11-06,C,287.5,0.11680722208704337,42.634636061770834,5.31,282.8030563258362,1.018814685995663,1.0166085322244611,-0.016472118897728098,0.018429570995167285,0.1883607536953807,0.13297805609685664,IWM,281.66
2026-11-06,C,288.0,0.11680722208685312,42.63463606170139,5.085,282.8030563258362,1.018814685995663,1.0183765470631125,-0.018209738796269068,0.017648656969948332,0.1875551820487889,0.1320845499704913,IWM,281.66
2026-11-06,C,289.0,0.11680722208666286,42.634636061631944,4.595000000000001,282.8030563258362,1.018814685995663,1.021912576740415,-0.0216759467727552,0.015947999759471504,0.18442112955289494,0.1298538035873057,IWM,281.66
2026-11-06,C,290.0,0.1168072220864726,42.634636061562496,4.285,282.8030563258362,1.018814685995663,1.0254486064177175,-0.025130181640842877,0.014872073769169835,0.18551033133171696,0.1275760314680792,IWM,281.66
2026-11-06,C,291.0,0.11680722208631406,42.63463606150463,3.805,282.8030563258362,1.018814685995663,1.0289846360950199,-0.028572525831815583,0.013206123848702735,0.1813488146824517,0.12430622089899913,IWM,281.66
2026-11-06,C,292.0,0.11680722208612379,42.63463606143518,3.46,282.8030563258362,1.018814685995663,1.0325206657723223,-0.03200306092860472,0.012008722343367008,0.18026956174150477,0.12100360525763423,IWM,281.66
2026-11-06,C,292.5,0.11680722208596525,42.634636061377314,3.3200000000000003,282.8030563258362,1.018814685995663,1.0342886806109737,-0.03371392533223433,0.011522820283230772,0.18044006135256263,0.11936044887225594,IWM,281.66
2026-11-06,C,293.0,0.11680722208577499,42.63463606130787,3.115,282.8030563258362,1.018814685995663,1.0360566954496249,-0.0354218676773904,0.01081132083803128,0.1785535436361665,0.1172118894446368,IWM,281.66
2026-11-06,C,294.0,0.11680722208558474,42.63463606123843,2.965,282.8030563258362,1.018814685995663,1.0395927251269272,-0.03882902599900461,0.010290711487885311,0.18209899073373106,0.11437780903442919,IWM,281.66
2026-11-06,C,295.0,0.11680722208542617,42.63463606118055,2.645,282.8030563258362,1.018814685995663,1.0431287548042298,-0.04222461500014295,0.009180078207573912,0.17996520623307577,0.10996893783234582,IWM,281.66
2026-11-06,C,296.0,0.11680722208523593,42.63463606111112,2.29,282.8030563258362,1.018814685995663,1.0466647844815322,-0.045608712984383404,0.007947969412228454,0.17592633087570833,0.10457010734627596,IWM,281.66
2026-11-06,C,297.0,0.11680722208507736,42.634636061053236,2.105,282.8030563258362,1.018814685995663,1.0502008141588348,-0.04898139746302277,0.007305884547048425,0.1768246531875671,0.10056254420093357,IWM,281.66
2026-11-06,C,297.5,0.11680722208488711,42.634636060983794,2.0949999999999998,282.8030563258362,1.018814685995663,1.051968828997486,-0.050663483646007555,0.007271177257038693,0.17998212504138908,0.09957182215774979,IWM,281.66
2026-11-06,C,300.0,0.11680722208472857,42.63463606092593,1.6099999999999999,282.8030563258362,1.018814685995663,1.0608089031907422,-0.05903173331652414,0.0055878736915667285,0.1787708427249249,0.08801502931980001,IWM,281.66
2026-11-20,P,198.0,0.15516338646458017,56.63463605957176,0.22,282.6472929390119,1.0029883570844713,0.7005197111253543,0.35593277494949044,0.3002563250360686,0.4201476806025918,0.012976279574004058,IWM,281.66
2026-11-20,P,199.0,0.1551633864644216,56.63463605951388,0.22,282.6472929390119,1.0029883570844713,0.7040576894643712,0.3508949809195333,0.29671834669705166,0.4148897459983792,0.013110311560375322,IWM,281.66
2026-11-20,P,200.0,0.15516338646423136,56.634636059444446,0.22999999999999998,282.6472929390119,1.0029883570844713,0.7075956678033881,0.34588243909598904,0.2932156427290087,0.41227744865132504,0.013637989067429693,IWM,281.66
2026-11-20,P,205.0,0.15516338646404107,56.63463605937499,0.26,282.6472929390119,1.0029883570844713,0.7252855594984728,0.3211898265056175,0.27563157414684514,0.39334044154321046,0.015563456325168545,IWM,281.66
2026-11-20,P,210.0,0.15516338646388256,56.63463605931713,0.3,282.6472929390119,1.0029883570844713,0.7429754511935576,0.297092274926557,0.25808277993565554,0.3756440731134064,0.01799812172223085,IWM,281.66
2026-11-20,P,215.0,0.15516338646369227,56.634636059247676,0.35,282.6472929390119,1.0029883570844713,0.7606653428886423,0.27356177751636285,0.24056926009543966,0.3585754262961952,0.020954335565323234,IWM,281.66
2026-11-20,P,220.0,0.15516338646353375,56.63463605918982,0.41000000000000003,282.6472929390119,1.0029883570844713,0.778355234583727,0.2505722592916641,0.22309101462619751,0.34167414287761677,0.024447611526459113,IWM,281.66
2026-11-20,P,225.0,0.1551633864633435,56.634636059120375,0.49,282.6472929390119,1.0029883570844713,0.7960451262788117,0.22809940343960547,0.20568331789890304,0.32583900290094575,0.028844553973759582,IWM,281.66
2026-11-20,P,230.0,0.15516338646315322,56.634636059050926,0.595,282.6472929390119,1.0029883570844713,0.8137350179738964,0.20612049672083033,0.18836380709904288,0.3108033758394974,0.03429424872891587,IWM,281.66
2026-11-20,P,235.0,0.15516338646299468,56.63463605899306,0.72,282.6472929390119,1.0029883570844713,0.8314249096689811,0.18461429149986672,0.17111484504113028,0.2953460520674946,0.040613959532513635,IWM,281.66
2026-11-20,P,240.0,0.15516338646280442,56.63463605892361,0.89,282.6472929390119,1.0029883570844713,0.8491148013640658,0.16356088230203436,0.15402461765259978,0.2809636655348724,0.04851266794419942,IWM,281.66
2026-11-20,P,241.0,0.15516338646264588,56.634636058865745,0.9299999999999999,282.6472929390119,1.0029883570844713,0.8526527797030827,0.15940287215337068,0.15062773679747776,0.2781558850833331,0.050284971151115465,IWM,281.66
2026-11-20,P,242.0,0.1551633864624556,56.63463605879629,0.97,282.6472929390119,1.0029883570844713,0.8561907580420997,0.1552620794873393,0.14723085594235596,0.2752150611366496,0.05206557380724943,IWM,281.66
2026-11-20,P,243.0,0.15516338646226535,56.634636058726855,1.0150000000000001,282.6472929390119,1.0029883570844713,0.8597287363811166,0.15113836230347727,0.14385161227272114,0.27247472001084483,0.053984851013663876,IWM,281.66
2026-11-20,P,244.0,0.15516338646210678,56.634636058668974,1.06,282.6472929390119,1.0029883570844713,0.8632667147201336,0.14703158035082375,0.14047236860308598,0.26959156159089875,0.05591087800378487,IWM,281.66
2026-11-20,P,245.0,0.15516338646188482,56.63463605858796,1.1099999999999999,282.6472929390119,1.0029883570844713,0.8668046930591505,0.14294159509929866,0.1371107621189379,0.2668770857117194,0.057968123062731754,IWM,281.66
2026-11-20,P,246.0,0.15516338646172628,56.63463605853009,1.165,282.6472929390119,1.0029883570844713,0.8703426713981675,0.13886826971166286,0.13376679282027681,0.2643059085657112,0.060149544303125774,IWM,281.66
2026-11-20,P,247.0,0.15516338646153602,56.63463605846065,1.22,282.6472929390119,1.0029883570844713,0.8738806497371844,0.13481146901604849,0.1304228235216155,0.2615715929989989,0.06233269244157941,IWM,281.66
2026-11-20,P,248.0,0.15516338646134575,56.6346360583912,1.2850000000000001,282.6472929390119,1.0029883570844713,0.8774186280762013,0.13077105947904352,0.12711412859392812,0.2592280302919709,0.06474393039760734,IWM,281.66
2026-11-20,P,249.0,0.1551633864611872,56.634636058333335,1.3450000000000002,282.6472929390119,1.0029883570844713,0.8809566064152182,0.1267469091793181,0.12378779648075378,0.2564361157848285,0.0670412244785247,IWM,281.66
2026-11-20,P,250.0,0.15516338646099695,56.63463605826389,1.42,282.6472929390119,1.0029883570844713,0.8844945847542353,0.12273888778177917,0.12051437592404002,0.25424761553422476,0.06965608754565145,IWM,281.66
2026-11-20,P,251.0,0.1551633864608384,56.63463605820602,1.4849999999999999,282.6472929390119,1.0029883570844713,0.8880325630932522,0.11874686651224174,0.11720568099635265,0.2513670945311986,0.07205632832528838,IWM,281.66
2026-11-20,P,252.0,0.15516338646064814,56.63463605813657,1.565,282.6472929390119,1.0029883570844713,0.8915705414322691,0.11477071813260234,0.11394989762512575,0.24903624443861502,0.07475214053844788,IWM,281.66
2026-11-20,P,253.0,0.1551633864604579,56.63463605806714,1.645,282.6472929390119,1.0029883570844713,0.895108519771286,0.11081031691650543,0.11069411425389908,0.24650518674947894,0.07743452630930645,IWM,281.66
2026-11-20,P,254.0,0.15516338646029934,56.63463605800926,1.7349999999999999,282.6472929390119,1.0029883570844713,0.898646498110303,0.1068655386254891,0.10747360525364613,0.24422351221199895,0.08028593951093331,IWM,281.66
2026-11-20,P,255.0,0.1551633864601091,56.63463605793982,1.83,282.6472929390119,1.0029883570844713,0.9021844764493199,0.10293626048559956,0.10427073343887994,0.24194258997566928,0.08320219790644233,IWM,281.66
2026-11-20,P,256.0,0.15516338645995054,56.63463605788195,1.93,282.6472929390119,1.0029883570844713,0.9057224547883369,0.09902236116446313,0.1010854988096006,0.2396509776331601,0.08617615117503834,IWM,281.66
2026-11-20,P,257.0,0.15516338645976027,56.6346360578125,2.0300000000000002,282.6472929390119,1.0029883570844713,0.9092604331273538,0.09512372074880583,0.09790026418032138,0.2371403902749394,0.08912390104487748,IWM,281.66
2026-11-20,P,258.0,0.15516338645957,56.63463605774305,2.145,282.6472929390119,1.0029883570844713,0.9127984114663708,0.09124022072240823,0.09476794110750286,0.23499462586122036,0.09226912657900846,IWM,281.66
2026-11-20,P,259.0,0.15516338645941147,56.634636057685185,2.255,282.6472929390119,1.0029883570844713,0.9163363898053877,0.08737174394448792,0.09161798084919737,0.23242635528039257,0.09530552522523487,IWM,281.66
2026-11-20,P,260.0,0.1551633864592212,56.63463605761574,2.385,282.6472929390119,1.0029883570844713,0.9198743681444046,0.08351817462849796,0.08853856933283955,0.23035905002863977,0.0985745692531678,IWM,281.66
2026-11-20,P,261.0,0.15516338645903094,56.634636057546295,2.52,282.6472929390119,1.0029883570844713,0.9234123464834215,0.07967939832133229,0.08547679500196848,0.2282129586691072,0.10185088417896444,IWM,281.66
2026-11-20,P,262.0,0.1551633864588407,56.634636057476854,2.665,282.6472929390119,1.0029883570844713,0.9269503248224386,0.07585530188292874,0.08245029504207102,0.22615042246459177,0.10518463596185561,IWM,281.66
2026-11-20,P,263.0,0.15516338645868213,56.63463605741898,2.815,282.6472929390119,1.0029883570844713,0.9304883031614555,0.07204577346626108,0.07944143226766065,0.22398829033572554,0.10850504146783334,IWM,281.66
2026-11-20,P,264.0,0.1551633864584919,56.634636057349546,2.9699999999999998,282.6472929390119,1.0029883570844713,0.9340262815004724,0.06825070249770948,0.07645020667873725,0.22172236231695386,0.11180597468713076,IWM,281.66
2026-11-20,P,265.0,0.1551633864583016,56.63463605728008,3.145,282.6472929390119,1.0029883570844713,0.9375642598394893,0.06446997965780345,0.07352952983176131,0.21980784631373085,0.11521454539624187,IWM,281.66
2026-11-20,P,266.0,0.1551633864581431,56.63463605722223,3.315,282.6472929390119,1.0029883570844713,0.9411022381785062,0.06070349686232661,0.07059121579929839,0.21745756249700746,0.11848689198115216,IWM,281.66
2026-11-20,P,267.0,0.1551633864579528,56.634636057152775,3.51,282.6472929390119,1.0029883570844713,0.9446402165175232,0.05695114724377617,0.0677410876942699,0.21556222297628566,0.12186029113592187,IWM,281.66
2026-11-20,P,268.0,0.15516338645776256,56.634636057083334,3.715,282.6472929390119,1.0029883570844713,0.9481781948565401,0.053212825133169044,0.06492623396021535,0.21364918667359073,0.12518436569834643,IWM,281.66
2026-11-20,P,269.0,0.15516338645760402,56.63463605702547,3.93,282.6472929390119,1.0029883570844713,0.9517161731955571,0.04948842604218651,0.06214665459713442,0.2117062672779036,0.1284424114886846,IWM,281.66
2026-11-20,P,270.0,0.15516338645741373,56.63463605695601,4.155,282.6472929390119,1.0029883570844713,0.955254151534574,0.045777846645650884,0.05940234960502733,0.2097220430919403,0.13161788097950675,IWM,281.66
2026-11-20,P,271.0,0.1551633864572235,56.63463605688658,4.4,282.6472929390119,1.0029883570844713,0.958792129873591,0.04208098476432476,0.056728593354867685,0.20794752403051814,0.13473884430634644,IWM,281.66
2026-11-20,P,272.0,0.15516338645706493,56.6346360568287,4.65,282.6472929390119,1.0029883570844713,0.9623301082126079,0.03839773934802836,0.054072474290195016,0.20597107329124373,0.13771228880826314,IWM,281.66
2026-11-20,P,273.0,0.1551633864568747,56.63463605675926,4.92,282.6472929390119,1.0029883570844713,0.9658680865516248,0.03472801045906596,0.0514869039674698,0.20416818469044698,0.14057962675888247,IWM,281.66
2026-11-20,P,274.0,0.15516338645671612,56.63463605670138,5.205,282.6472929390119,1.0029883570844713,0.9694060648906417,0.03107169925595549,0.04895424520120528,0.20239218437558168,0.14329406090954003,IWM,281.66
2026-11-20,P,275.0,0.1551633864565259,56.63463605663195,5.5,282.6472929390119,1.0029883570844713,0.9729440432296588,0.027428707977454326,0.0464568608059146,0.20050763276144848,0.1458214043061729,IWM,281.66
2026-11-20,P,276.0,0.15516338645633562,56.6346360565625,5.8149999999999995,282.6472929390119,1.0029883570844713,0.9764820215686757,0.023798939926875637,0.04403002515257126,0.19874491050242682,0.14816199957928355,IWM,281.66
2026-11-20,P,277.0,0.15516338645614536,56.63463605649306,6.15,282.6472929390119,1.0029883570844713,0.9800199999076926,0.020182299456687158,0.04167373824117582,0.1970857441428066,0.15028629300331373,IWM,281.66
2026-11-20,P,278.0,0.15516338645598682,56.63463605643519,6.505,282.6472929390119,1.0029883570844713,0.9835579782467095,0.016578691953388607,0.0393880000717276,0.1955139310033321,0.15216686271931715,IWM,281.66
2026-11-20,P,279.0,0.15516338645579655,56.63463605636574,6.875,282.6472929390119,1.0029883570844713,0.9870959565857265,0.012988023822660065,0.03715517345874009,0.19390047654827192,0.15377602794835346,IWM,281.66
2026-11-20,P,280.0,0.155163386455638,56.634636056307876,7.27,282.6472929390119,1.0029883570844713,0.9906339349247434,0.009410202474776103,0.03501053277318722,0.1924631793520715,0.1550971160335308,IWM,281.66
2026-11-20,P,281.0,0.15516338645544772,56.63463605623842,7.675,282.6472929390119,1.0029883570844713,0.9941719132637604,0.005845136310279852,0.032901166458607745,0.19084918333893933,0.15610467310748058,IWM,281.66
2026-11-20,P,282.0,0.15516338645525748,56.63463605616898,8.105,282.6472929390119,1.0029883570844713,0.9977098916027773,0.002292734705912048,0.030879986071463028,0.18938936827092367,0.1567832276573025,IWM,281.66
2026-11-20,C,283.0,0.1551633864551941,56.634636056145844,8.645,282.6472929390119,1.0029883570844713,1.0012478699417942,-0.00124709199921186,0.03049469370682388,0.1979243951311923,0.15710498194133357,IWM,281.66
2026-11-20,C,284.0,0.1551633864550038,56.63463605607639,8.105,282.6472929390119,1.0029883570844713,1.0047858482808112,-0.004774432517180368,0.028589877674240323,0.19636332365781015,0.15710474673181343,IWM,281.66
2026-11-20,C,285.0,0.15516338645481356,56.63463605600695,7.585,282.6472929390119,1.0029883570844713,1.0083238266198282,-0.008289374624624946,0.026755610383604297,0.1948412181730381,0.15676599432365307,IWM,281.66
2026-11-20,C,286.0,0.155163386454655,56.63463605594907,7.09,282.6472929390119,1.0029883570844713,1.011861804958845,-0.011792005175826882,0.0250095290204027,0.19346530466824083,0.15608128955787476,IWM,281.66
2026-11-20,C,287.0,0.15516338645446473,56.634636055879625,6.62,282.6472929390119,1.0029883570844713,1.015399783297862,-0.015282410115595493,0.023351633584635524,0.1922332055164115,0.15504832234314608,IWM,281.66
2026-11-20,C,288.0,0.1551633864542745,56.63463605581019,6.165,282.6472929390119,1.0029883570844713,1.0189377616368789,-0.018760674491920187,0.021746649705329003,0.19091575204399722,0.15365888215014542,IWM,281.66
2026-11-20,C,289.0,0.15516338645408423,56.63463605574074,5.73,282.6472929390119,1.0029883570844713,1.022475739975896,-0.022226882468406508,0.020212214567970024,0.18962448294368953,0.1519148919982024,IWM,281.66
2026-11-20,C,290.0,0.15516338645389396,56.634636055671294,5.32,282.6472929390119,1.0029883570844713,1.026013718314913,-0.025681117336494152,0.018765965358045467,0.18847694241319038,0.14983035786339435,IWM,281.66
2026-11-20,C,291.0,0.15516338645370373,56.63463605560186,4.925,282.6472929390119,1.0029883570844713,1.0295516966539298,-0.029123461527466827,0.017372627704581565,0.1872408609556501,0.1473928282953766,IWM,281.66
2026-11-20,C,292.0,0.15516338645354516,56.634636055543986,4.5600000000000005,282.6472929390119,1.0029883570844713,1.0330896749929468,-0.032553996624256155,0.01608511316403897,0.18627900311286583,0.14465727983479557,IWM,281.66
2026-11-20,C,293.0,0.15516338645335487,56.63463605547453,4.21,282.6472929390119,1.0029883570844713,1.0366276533319636,-0.03597280337304159,0.014850510179957033,0.1852380506573278,0.14159535880220506,IWM,281.66
2026-11-20,C,294.0,0.15516338645316463,56.63463605540509,3.88,282.6472929390119,1.0029883570844713,1.0401656316709806,-0.03937996169465598,0.013686455937822632,0.1842454349110069,0.13824117858647697,IWM,281.66
2026-11-20,C,295.0,0.1551633864530061,56.63463605534722,3.565,282.6472929390119,1.0029883570844713,1.0437036100099975,-0.04277555069579407,0.012575313252148888,0.18318038106958126,0.13458531213687466,IWM,281.66
2026-11-20,C,296.0,0.15516338645281583,56.634636055277774,3.275,282.6472929390119,1.0029883570844713,1.0472415883490145,-0.04615964868003471,0.011552356493909567,0.1823142521460246,0.13071833528825325,IWM,281.66
2026-11-20,C,297.0,0.15516338645262556,56.63463605520833,3.0,282.6472929390119,1.0029883570844713,1.0507795666880315,-0.049532333158674044,0.010582311292130902,0.18139674999797695,0.12660050895390396,IWM,281.66
2026-11-20,C,298.0,0.15516338645246702,56.634636055150466,2.745,282.6472929390119,1.0029883570844713,1.0543175450270483,-0.05289368086137875,0.009682814832299776,0.18057809547440418,0.12230480628405495,IWM,281.66
2026-11-20,C,299.0,0.15516338645227676,56.63463605508102,2.505,282.6472929390119,1.0029883570844713,1.0578555233660654,-0.05624376774666082,0.008836229928929303,0.17973251128990636,0.1178152706711713,IWM,281.66
2026-11-20,C,300.0,0.15516338645208652,56.63463605501158,2.285,282.6472929390119,1.0029883570844713,1.0613935017050822,-0.05958266901217533,0.008060193767506371,0.1790270619605658,0.11322963671333776,IWM,281.66
2026-11-20,C,301.0,0.15516338645192795,56.6346360549537,2.08,282.6472929390119,1.0029883570844713,1.0649314800440992,-0.06291045910485009,0.007337069162544093,0.17833348784826072,0.10852730543938686,IWM,281.66
2026-11-20,C,302.0,0.15516338645173772,56.63463605488427,1.8900000000000001,282.6472929390119,1.0029883570844713,1.0684694583831162,-0.06622721173084407,0.006666856114042469,0.17767140151803132,0.10374617255856647,IWM,281.66
2026-11-20,C,303.0,0.15516338645154742,56.63463605481481,1.72,282.6472929390119,1.0029883570844713,1.072007436722133,-0.06953299986534346,0.006067191807488384,0.17724312421321733,0.09902789891331489,IWM,281.66
2026-11-20,C,304.0,0.15516338645138888,56.634636054756946,1.5550000000000002,282.6472929390119,1.0029883570844713,1.07554541506115,-0.0728278957621961,0.0054851646864211845,0.17654376325175794,0.09412471099236773,IWM,281.66
2026-11-20,C,305.0,0.15516338645119862,56.6346360546875,1.4049999999999998,282.6472929390119,1.0029883570844713,1.079083393400167,-0.07611197096338591,0.004956049121814639,0.17594685802154206,0.08926640221262629,IWM,281.66
2026-11-20,C,306.0,0.15516338645100838,56.63463605461806,1.275,282.6472929390119,1.0029883570844713,1.082621371739184,-0.07938529630835514,0.004497482299155633,0.17570272455532113,0.08464424543367316,IWM,281.66
2026-11-20,C,307.0,0.15516338645084982,56.63463605456018,1.1549999999999998,282.6472929390119,1.0029883570844713,1.0861593500782007,-0.0826479419431714,0.004074189847470397,0.17545740951823102,0.08007093534123065,IWM,281.66
2026-11-20,C,308.0,0.15516338645065955,56.634636054490734,1.04,282.6472929390119,1.0029883570844713,1.0896973284172178,-0.08589997732954881,0.0036685345812720463,0.17500332554646286,0.07542619139725872,IWM,281.66
2026-11-20,C,309.0,0.15516338645046931,56.6346360544213,0.935,282.6472929390119,1.0029883570844713,1.0932353067562348,-0.08914147125371989,0.0032981536860474648,0.17457667191284817,0.07087987838845129,IWM,281.66
2026-11-20,C,310.0,0.15516338645027905,56.63463605435185,0.845,282.6472929390119,1.0029883570844713,1.0967732850952516,-0.09237249183516624,0.0029806843472835374,0.1744774279505247,0.06665743985217532,IWM,281.66
2026-11-20,C,311.0,0.1551633864501205,56.634636054293985,0.765,282.6472929390119,1.0029883570844713,1.1003112634342687,-0.09559310653520853,0.00269848937949338,0.17451920436391363,0.06264978139802037,IWM,281.66
2026-11-20,C,312.0,0.15516338644993022,56.63463605422453,0.685,282.6472929390119,1.0029883570844713,1.1038492417732855,-0.09880338216545663,0.002416294411703223,0.1741585360834131,0.05849012319651324,IWM,281.66
2026-11-20,C,313.0,0.1551633864497717,56.63463605416667,0.615,282.6472929390119,1.0029883570844713,1.1073872201123025,-0.10200338489612758,0.0021693738148868347,0.17398440785756114,0.05459688955021011,IWM,281.66
2026-11-20,C,314.0,0.15516338644958141,56.634636054097214,0.5549999999999999,282.6472929390119,1.0029883570844713,1.1109251984513193,-0.10519318026422761,0.001957727589044217,0.17407167805829998,0.051029064822042634,IWM,281.66
2026-11-20,C,315.0,0.15516338644939118,56.63463605402778,0.505,282.6472929390119,1.0029883570844713,1.1144631767903364,-0.10837283318160738,0.0017813557341753686,0.1745092914066242,0.047847655371830805,IWM,281.66
2026-11-20,C,316.0,0.1551633864492326,56.6346360539699,0.45499999999999996,282.6472929390119,1.0029883570844713,1.1180011551293534,-0.11154240794288653,0.00160498387930652,0.17461214492225308,0.04458512390709256,IWM,281.66
2026-11-20,C,317.0,0.15516338644904237,56.634636053900465,0.405,282.6472929390119,1.0029883570844713,1.1215391334683702,-0.1147019682332549,0.0014286120244376718,0.174332312113416,0.04122166756409598,IWM,281.66
2026-11-20,C,318.0,0.1551633864488521,56.63463605383102,0.365,282.6472929390119,1.0029883570844713,1.1250771118073872,-0.11785157713615121,0.0012875145405425931,0.1745323146491672,0.038330631449669944,IWM,281.66
2026-11-20,C,319.0,0.15516338644869354,56.63463605377314,0.325,282.6472929390119,1.0029883570844713,1.128615090146404,-0.12099129714081884,0.0011464170566475144,0.17437008059752887,0.035360956712831786,IWM,281.66
2026-11-20,C,320.0,0.1551633864485033,56.63463605370371,0.3,282.6472929390119,1.0029883570844713,1.132153068485421,-0.12412119014974658,0.00105823112921309,0.17539700570237543,0.03327884913756721,IWM,281.66
2026-11-20,C,325.0,0.15516338644831304,56.63463605363426,0.18,282.6472929390119,1.0029883570844713,1.1498429601805058,-0.13962537668571184,0.0006349386775278541,0.17721449814977167,0.022782873042502042,IWM,281.66
2026-11-20,C,330.0,0.1551633864481545,56.63463605357639,0.11,282.6472929390119,1.0029883570844713,1.1675328518755905,-0.1548928488165003,0.00038801808071146644,0.179809600807029,0.015530218147282133,IWM,281.66
2026-11-20,C,335.0,0.1551633864479642,56.63463605350694,0.07,282.6472929390119,1.0029883570844713,1.1852227435706753,-0.16993072618104083,0.00024692059681638773,0.1834183919303093,0.01075721151400787,IWM,281.66
2026-11-20,C,340.0,0.15516338644777397,56.6346360534375,0.05,282.6472929390119,1.0029883570844713,1.20291263526576,-0.18474581196618148,0.00017637185486884838,0.1894024768556558,0.008028123952836622,IWM,281.66
2026-11-20,C,345.0,0.1551633864476154,56.63463605337962,0.03,282.6472929390119,1.0029883570844713,1.2206025269608445,-0.199344611387334,0.00010582311292130902,0.19139879247900232,0.005262591707117377,IWM,281.66
2026-11-20,C,350.0,0.15516338644742517,56.63463605331019,0.03,282.6472929390119,1.0029883570844713,1.2382924186559292,-0.21373334883943362,0.00010582311292130902,0.2035749057422555,0.005008865627285444,IWM,281.66
2026-11-20,C,355.0,0.1551633864472349,56.63463605324074,0.02,282.6472929390119,1.0029883570844713,1.255982310351014,-0.2279179838313901,7.054874194753935e-05,0.20697790213294168,0.003535616031188965,IWM,281.66
2026-11-20,C,360.0,0.15516338644707636,56.634636053182874,0.02,282.6472929390119,1.0029883570844713,1.2736722020460987,-0.24190422580613,7.054874194753935e-05,0.21828308332276528,0.0033859903393606795,IWM,281.66
2026-11-20,C,370.0,0.15516338644672753,56.63463605305555,0.015,282.6472929390119,1.0029883570844713,1.309051985436268,-0.26930319999424446,5.291155646065451e-05,0.23398187333650627,0.002514393481338992,IWM,281.66
2026-12-18,P,200.0,0.23187571520865044,84.63463605115741,0.42,282.9281958363394,1.0027857535975948,0.7068931373516782,0.34687577394164626,0.29458721434170476,0.37083324642917,0.024383465230205653,IWM,281.66
2026-12-18,P,205.0,0.23187571520846018,84.63463605108797,0.48,282.9281958363394,1.0027857535975948,0.7245654657854702,0.3221831613512747,0.2771263647212533,0.3558322735511452,0.02781268330869429,IWM,281.66
2026-12-18,P,210.0,0.2318757152082699,84.63463605101852,0.56,282.9281958363394,1.0027857535975948,0.7422377942192622,0.2980856097722142,0.25973600803858177,0.34212714963901697,0.032095189623780426,IWM,281.66
2026-12-18,P,215.0,0.23187571520811137,84.63463605096065,0.65,282.9281958363394,1.0027857535975948,0.7599101226530541,0.2745551123620201,0.24238089782480043,0.3281159118302426,0.03688638544945628,IWM,281.66
2026-12-18,P,220.0,0.2318757152079211,84.6346360508912,0.765,282.9281958363394,1.0027857535975948,0.7775824510868461,0.2515655941373214,0.22511390378324436,0.3149421072250054,0.04267360919438608,IWM,281.66
2026-12-18,P,225.0,0.23187571520776257,84.63463605083334,0.9,282.9281958363394,1.0027857535975948,0.795254779520638,0.22909273828526275,0.20791740267946823,0.3016886415870215,0.049275688038584196,IWM,281.66
2026-12-18,P,230.0,0.2318757152075723,84.63463605076389,1.07,282.9281958363394,1.0027857535975948,0.81292710795443,0.2071138315664875,0.19084426421680756,0.28902357056804434,0.05709741744238323,IWM,281.66
2026-12-18,P,235.0,0.23187571520738204,84.63463605069444,1.29,282.9281958363394,1.0027857535975948,0.830599436388222,0.1856076263455239,0.17394735809859718,0.27718793257716234,0.06643088816118045,IWM,281.66
2026-12-18,P,240.0,0.2318757152071918,84.634636050625,1.565,282.9281958363394,1.0027857535975948,0.8482717648220139,0.16455421714769156,0.1572443075592822,0.2656860144890164,0.07721128399951657,IWM,281.66
2026-12-18,P,241.0,0.23187571520703323,84.63463605056712,1.63,282.9281958363394,1.0027857535975948,0.8518062305087724,0.16039620699902785,0.15393894392030916,0.2635197177334229,0.07959553009654917,IWM,281.66
2026-12-18,P,242.0,0.231875715206843,84.63463605049769,1.6949999999999998,282.9281958363394,1.0027857535975948,0.8553406961955308,0.15625541433299642,0.15063358028133633,0.261234905071176,0.08197858460199914,IWM,281.66
2026-12-18,P,243.0,0.23187571520668443,84.63463605043982,1.77,282.9281958363394,1.0027857535975948,0.8588751618822891,0.15213169714913446,0.14736346311125337,0.25925395931454753,0.08456446049986818,IWM,281.66
2026-12-18,P,244.0,0.23187571520649417,84.63463605037037,1.8450000000000002,282.9281958363394,1.0027857535975948,0.8624096275690475,0.14802491519648103,0.14409334594117051,0.257140260752704,0.08714225017290057,IWM,281.66
2026-12-18,P,245.0,0.23187571520633563,84.63463605031251,1.9249999999999998,282.9281958363394,1.0027857535975948,0.8659440932558059,0.14393492994495588,0.14084085200553276,0.2550961249515334,0.08980925594544516,IWM,281.66
2026-12-18,P,246.0,0.23187571520614536,84.63463605024306,2.005,282.9281958363394,1.0027857535975948,0.8694785589425643,0.13986160455732002,0.137588358069895,0.2529193810784636,0.092467490059188,IWM,281.66
2026-12-18,P,247.0,0.2318757152059551,84.63463605017361,2.09,282.9281958363394,1.0027857535975948,0.8730130246293227,0.13580480386170563,0.13435348736870212,0.2508008019548043,0.09520826460185747,IWM,281.66
2026-12-18,P,248.0,0.23187571520579656,84.63463605011574,2.1799999999999997,282.9281958363394,1.0027857535975948,0.876547490316081,0.13176439432470075,0.13113623990195444,0.2487297881086747,0.09802527096749585,IWM,281.66
2026-12-18,P,249.0,0.2318757152056063,84.6346360500463,2.275,282.9281958363394,1.0027857535975948,0.8800819560028394,0.12774024402497527,0.12793661566965175,0.2466964661017481,0.10091218359036092,IWM,281.66
2026-12-18,P,250.0,0.23187571520544775,84.63463604998843,2.375,282.9281958363394,1.0027857535975948,0.8836164216895979,0.12373222262743643,0.12475461467179394,0.24469165507998214,0.10386268735529952,IWM,281.66
2026-12-18,P,251.0,0.23187571520525746,84.63463604991897,2.48,282.9281958363394,1.0027857535975948,0.8871508873763563,0.11974020135789895,0.12159023690838122,0.24270682630632182,0.1068704977482145,IWM,281.66
2026-12-18,P,252.0,0.23187571520509895,84.63463604986111,2.59,282.9281958363394,1.0027857535975948,0.8906853530631147,0.1157640529782595,0.1184434823794136,0.24073405793786098,0.10992937435809591,IWM,281.66
2026-12-18,P,253.0,0.23187571520490866,84.63463604979167,2.705,282.9281958363394,1.0027857535975948,0.894219818749873,0.11180365176216267,0.11531435108489119,0.23876598689127435,0.11303312834319505,IWM,281.66
2026-12-18,P,254.0,0.23187571520259387,84.63463604894676,2.825,282.9281958363394,1.0027857535975948,0.8977542844366314,0.1078588734711463,0.11220284302481354,0.23679575924790314,0.11617562443733286,IWM,281.66
2026-12-18,P,255.0,0.23187571520199138,84.63463604872685,2.955,282.9281958363394,1.0027857535975948,0.9012887501233898,0.1039295953312567,0.10912658143362608,0.23496460040645767,0.11941388283787993,IWM,281.66
2026-12-18,P,256.0,0.2318757152017377,84.63463604863426,3.085,282.9281958363394,1.0027857535975948,0.9048232158101482,0.10001569601012035,0.10605031984243862,0.23296743126665784,0.1226124939787847,IWM,281.66
2026-12-18,P,257.0,0.23187571520154746,84.63463604856481,3.225,282.9281958363394,1.0027857535975948,0.9083576814969067,0.096117055594463,0.10300930472014114,0.23109029738663178,0.12588845178979646,IWM,281.66
2026-12-18,P,258.0,0.23187571520132547,84.6346360484838,3.375,282.9281958363394,1.0027857535975948,0.911892147183665,0.09223355556806548,0.10000353606673396,0.22931719598244935,0.12922620923704856,IWM,281.66
2026-12-18,P,259.0,0.23187571520116693,84.63463604842593,3.5300000000000002,282.9281958363394,1.0027857535975948,0.9154266128704234,0.08836507879014512,0.09701539064777176,0.22750036635599635,0.13256013097213942,IWM,281.66
2026-12-18,P,260.0,0.23187571520097666,84.63463604835648,3.6900000000000004,282.9281958363394,1.0027857535975948,0.9189610785571818,0.08451150947415512,0.09404486846325444,0.2256359823109745,0.13588452279756036,IWM,281.66
2026-12-18,P,261.0,0.2318757152007547,84.63463604827547,3.8600000000000003,282.9281958363394,1.0027857535975948,0.9224955442439402,0.08067273316698942,0.09110959274762709,0.22384693374373277,0.13923756224030326,IWM,281.66
2026-12-18,P,262.0,0.23187571520059613,84.63463604821759,4.04,282.9281958363394,1.0027857535975948,0.9260300099306985,0.07684863672858606,0.08820956350089004,0.2221207428978287,0.1426042256384109,IWM,281.66
2026-12-18,P,263.0,0.2318757152004059,84.63463604814815,4.23,282.9281958363394,1.0027857535975948,0.9295644756174569,0.07303910831191834,0.08534478072304308,0.22044585893293747,0.14596968374810249,IWM,281.66
2026-12-18,P,264.0,0.2318757152002156,84.63463604807869,4.42,282.9281958363394,1.0027857535975948,0.9330989413042153,0.0692440373433667,0.0824799979451959,0.2185754938828131,0.149250109409581,IWM,281.66
2026-12-18,P,265.0,0.23187571520002537,84.63463604800926,4.63,282.9281958363394,1.0027857535975948,0.9366334069909737,0.06546331450346063,0.0796857081051291,0.2169771043508716,0.15257565172934476,IWM,281.66
2026-12-18,P,266.0,0.23187571519983513,84.63463604793982,4.845000000000001,282.9281958363394,1.0027857535975948,0.9401678726777322,0.06169683170798374,0.07690904149950717,0.21528691856596946,0.1558281069111754,IWM,281.66
2026-12-18,P,267.0,0.23187571519964484,84.63463604787037,5.07,282.9281958363394,1.0027857535975948,0.9437023383644905,0.05794448208943338,0.07416762136277555,0.21361408032778395,0.15902807479349515,IWM,281.66
2026-12-18,P,268.0,0.2318757151994546,84.63463604780092,5.3100000000000005,282.9281958363394,1.0027857535975948,0.9472368040512489,0.05420615997882621,0.07147907092937866,0.21205892443805258,0.1621849420935292,IWM,281.66
2026-12-18,P,269.0,0.23187571519929603,84.63463604774306,5.555,282.9281958363394,1.0027857535975948,0.9507712697380073,0.05048176088784376,0.0688081437304271,0.2103942876852323,0.16523600641154768,IWM,281.66
2026-12-18,P,270.0,0.2318757151991058,84.63463604767361,5.8100000000000005,282.9281958363394,1.0027857535975948,0.9543057354247657,0.04677118149130808,0.0661724630003655,0.20872360790828792,0.16819374018444122,IWM,281.66
2026-12-18,P,271.0,0.23187571519891553,84.63463604760418,6.08,282.9281958363394,1.0027857535975948,0.9578402011115241,0.04307431960998191,0.06358965197363897,0.20714292071620394,0.17106046207202,IWM,281.66
2026-12-18,P,272.0,0.23187571519872527,84.63463604753473,6.365,282.9281958363394,1.0027857535975948,0.9613746667982824,0.03939107419368559,0.06105971065024762,0.20564066622230243,0.17381604350588328,IWM,281.66
2026-12-18,P,273.0,0.231875715198535,84.63463604746528,6.655,282.9281958363394,1.0027857535975948,0.9649091324850408,0.03572134530472315,0.05854739256130126,0.20400650409140964,0.17641877804754344,IWM,281.66
2026-12-18,P,274.0,0.23187571519831304,84.63463604738426,6.965,282.9281958363394,1.0027857535975948,0.9684435981717993,0.032065034101612634,0.05610556741013506,0.20253460561342504,0.17888987482530677,IWM,281.66
2026-12-18,P,275.0,0.2318757151981228,84.63463604731483,7.285,282.9281958363394,1.0027857535975948,0.9719780638585577,0.02842204282311154,0.053698988727859054,0.2010171593257674,0.18119060172018048,IWM,281.66
2026-12-18,P,276.0,0.2318757151979325,84.63463604724537,7.625,282.9281958363394,1.0027857535975948,0.9755125295453161,0.024792274772532808,0.05136290298336299,0.1996414497164868,0.1833201973876645,IWM,281.66
2026-12-18,P,277.0,0.23187571519777397,84.6346360471875,7.975,282.9281958363394,1.0027857535975948,0.9790469952320744,0.0211756343023444,0.04906206370775723,0.19820618106063648,0.18524902783151767,IWM,281.66
2026-12-18,P,278.0,0.2318757151975837,84.63463604711805,8.335,282.9281958363394,1.0027857535975948,0.9825814609188328,0.01757202679904581,0.04679647090104133,0.19670698709132084,0.18696562824226415,IWM,281.66
2026-12-18,P,279.0,0.23187571519739344,84.6346360470486,8.715,282.9281958363394,1.0027857535975948,0.9861159266055912,0.013981358668317224,0.0446013710321056,0.1953263554517233,0.1884617658255388,IWM,281.66
2026-12-18,P,280.0,0.2318757151972032,84.63463604697917,9.11,282.9281958363394,1.0027857535975948,0.9896503922923496,0.01040353732043322,0.04245914086650493,0.19396290654293669,0.1897190164090079,IWM,281.66
2026-12-18,P,281.0,0.23187571519701294,84.63463604690972,9.52,282.9281958363394,1.0027857535975948,0.993184857979108,0.0068384711559370415,0.04036978040423933,0.19261087081716666,0.19072397017558088,IWM,281.66
2026-12-18,P,282.0,0.23187571519682268,84.63463604684028,9.95,282.9281958363394,1.0027857535975948,0.9967193236658664,0.003286069551569307,0.03835091287975423,0.19135694650658716,0.1914639625067915,IWM,281.66
2026-12-18,C,283.0,0.23187571519672756,84.63463604680555,10.780000000000001,282.9281958363394,1.0027857535975948,1.0002537893526249,-0.000253757153554864,0.03799569346349642,0.1984967228995084,0.1919089813713039,IWM,281.66
2026-12-18,C,284.0,0.23187571519653727,84.6346360467361,10.235,282.9281958363394,1.0027857535975948,1.003788255039383,-0.003781097671523081,0.03607476090898755,0.1971912351912375,0.19209893959114713,IWM,281.66
2026-12-18,C,285.0,0.23187571519634703,84.63463604666667,9.68,282.9281958363394,1.0027857535975948,1.0073227207261415,-0.00729603977896759,0.03411858188558862,0.1954316848379943,0.19201538272536375,IWM,281.66
2026-12-18,C,286.0,0.2318757151961568,84.63463604659724,9.17,282.9281958363394,1.0027857535975948,1.0108571864129,-0.010798670330169676,0.032321011972195,0.19422348805369757,0.19165177117814708,IWM,281.66
2026-12-18,C,287.0,0.23187571519599823,84.63463604653936,8.675,282.9281958363394,1.0027857535975948,1.0143916520996583,-0.01428907526993822,0.030576311762136498,0.19301342355475148,0.1910024971820386,IWM,281.66
2026-12-18,C,288.0,0.23187571519580796,84.63463604646991,8.2,282.9281958363394,1.0027857535975948,1.0179261177864167,-0.017767339646263064,0.028902104489858124,0.19189173147359942,0.19006575342105722,IWM,281.66
2026-12-18,C,289.0,0.2318757151956177,84.63463604640046,7.74,282.9281958363394,1.0027857535975948,1.0214605834731751,-0.021233547622749316,0.027280766920914867,0.19076470068246387,0.1888374001879162,IWM,281.66
2026-12-18,C,290.0,0.23187571519542743,84.63463604633101,7.3,282.9281958363394,1.0027857535975948,1.0249950491599336,-0.02468778249083689,0.02572992228975175,0.18972496038576678,0.1873219736206674,IWM,281.66
2026-12-18,C,291.0,0.2318757151952372,84.63463604626158,6.875,282.9281958363394,1.0027857535975948,1.028529514846692,-0.028130126681809715,0.024231947361923734,0.18867912142468538,0.18551630144679992,IWM,281.66
2026-12-18,C,292.0,0.23187571519504693,84.63463604619213,6.470000000000001,282.9281958363394,1.0027857535975948,1.0320639805334504,-0.031560661778598974,0.022804465371875866,0.18772294682020568,0.18343291158965086,IWM,281.66
2026-12-18,C,293.0,0.2318757151948884,84.63463604613426,6.08,282.9281958363394,1.0027857535975948,1.0355984462202088,-0.03497946852738455,0.0214298530851631,0.18676293945080896,0.1810688193690578,IWM,281.66
2026-12-18,C,294.0,0.2318757151946981,84.63463604606481,5.71,282.9281958363394,1.0027857535975948,1.039132911906967,-0.03838662684899866,0.020125733736230476,0.18589890009326773,0.17844635587158142,IWM,281.66
2026-12-18,C,295.0,0.23187571519450786,84.63463604599536,5.35,282.9281958363394,1.0027857535975948,1.0426673775937254,-0.0417822158501369,0.018856860856187926,0.18493647787377077,0.17554121025685895,IWM,281.66
2026-12-18,C,296.0,0.2318757151943176,84.63463604592593,5.015000000000001,282.9281958363394,1.0027857535975948,1.0462018432804838,-0.04516631383437747,0.017676104148370553,0.1841795690308245,0.17242517134163632,IWM,281.66
2026-12-18,C,297.0,0.23187571519412734,84.63463604585648,4.695,282.9281958363394,1.0027857535975948,1.0497363089672422,-0.04853899831301674,0.016548217143888284,0.1834346921894741,0.1690761533026172,IWM,281.66
2026-12-18,C,298.0,0.2318757151939688,84.63463604579862,4.385,282.9281958363394,1.0027857535975948,1.0532707746540007,-0.05190034601572159,0.015455576608296084,0.18260027875698426,0.16547529685408283,IWM,281.66
2026-12-18,C,299.0,0.23187571519377853,84.63463604572917,4.095000000000001,282.9281958363394,1.0027857535975948,1.056805240340759,-0.05525043290100359,0.014433429010484031,0.18189274572737352,0.16170131611711688,IWM,281.66
2026-12-18,C,300.0,0.23187571519358827,84.63463604565972,3.82,282.9281958363394,1.0027857535975948,1.0603397060275175,-0.058589334166518243,0.01346415111600708,0.1812149168272287,0.15774463527008176,IWM,281.66
2026-12-18,C,301.0,0.23187571519339803,84.63463604559028,3.56,282.9281958363394,1.0027857535975948,1.063874171714276,-0.061917124259192935,0.012547742924865237,0.18057519906505892,0.1536271756469067,IWM,281.66
2026-12-18,C,302.0,0.23187571519320777,84.63463604552084,3.31,282.9281958363394,1.0027857535975948,1.0674086374010343,-0.06523387688518686,0.011666581202613465,0.17986555163119813,0.14931835576388428,IWM,281.66
2026-12-18,C,303.0,0.23187571519304923,84.63463604546297,3.08,282.9281958363394,1.0027857535975948,1.0709431030877925,-0.06853966501968618,0.010855912418141834,0.179330185849348,0.14495032677559933,IWM,281.66
2026-12-18,C,304.0,0.23187571519285893,84.6346360453935,2.86,282.9281958363394,1.0027857535975948,1.074477568774551,-0.07183456091653877,0.010080490102560274,0.17874272779194125,0.14043630929647977,IWM,281.66
2026-12-18,C,305.0,0.2318757151926687,84.63463604532407,2.65,282.9281958363394,1.0027857535975948,1.0780120344613093,-0.0751186361177287,0.009340314255868785,0.17810670607448328,0.13578942854098075,IWM,281.66
2026-12-18,C,306.0,0.23187571519247843,84.63463604525462,2.46,282.9281958363394,1.0027857535975948,1.0815465001480677,-0.07839196146269788,0.008670631346957438,0.1776950132915169,0.13119060047782566,IWM,281.66
2026-12-18,C,307.0,0.23187571519228817,84.63463604518518,2.275,282.9281958363394,1.0027857535975948,1.0850809658348262,-0.08165460709751428,0.008018571672491127,0.1771245054326543,0.1264302262033306,IWM,281.66
2026-12-18,C,308.0,0.23187571519212963,84.63463604512731,2.105,282.9281958363394,1.0027857535975948,1.0886154315215846,-0.08490664248389161,0.007419381701359922,0.17667694529267725,0.1217023319871747,IWM,281.66
2026-12-18,C,309.0,0.23187571519193936,84.63463604505787,1.9449999999999998,282.9281958363394,1.0027857535975948,1.092149897208343,-0.08814813640806263,0.006855438199118788,0.17622786427838902,0.11694611623894077,IWM,281.66
2026-12-18,C,310.0,0.2318757151917491,84.63463604498843,1.8,282.9281958363394,1.0027857535975948,1.0956843628951014,-0.09137915698950912,0.00634436440021276,0.17594593704768072,0.1123026155939445,IWM,281.66
2026-12-18,C,311.0,0.23187571519155886,84.63463604491899,1.665,282.9281958363394,1.0027857535975948,1.0992188285818598,-0.09459977168955135,0.005868537070196803,0.17570157058370178,0.10770041332490841,IWM,281.66
2026-12-18,C,312.0,0.2318757151914003,84.63463604486111,1.5350000000000001,282.9281958363394,1.0027857535975948,1.1027532942686182,-0.09781004731979959,0.005410332974625882,0.17534168926021707,0.10303524355217797,IWM,281.66
2026-12-18,C,313.0,0.23187571519121006,84.63463604479168,1.415,282.9281958363394,1.0027857535975948,1.1062877599553764,-0.10101005005047027,0.004987375347945031,0.17504243382023535,0.09845529772618562,IWM,281.66
2026-12-18,C,314.0,0.23187571519101977,84.63463604472221,1.3,282.9281958363394,1.0027857535975948,1.1098222256421348,-0.10419984541857044,0.004582040955709216,0.17463886778467108,0.09384073608902828,IWM,281.66
2026-12-18,C,315.0,0.23187571519082953,84.63463604465278,1.2,282.9281958363394,1.0027857535975948,1.1133566913288933,-0.10737949833595016,0.004229576266808506,0.17452383510235384,0.08952789000838395,IWM,281.66
2026-12-18,C,316.0,0.23187571519067096,84.6346360445949,1.105,282.9281958363394,1.0027857535975948,1.1168911570156517,-0.11054907309722924,0.003894734812352833,0.17434256338115658,0.08523698291209302,IWM,281.66
2026-12-18,C,317.0,0.23187571519048072,84.63463604452546,1.0150000000000001,282.9281958363394,1.0027857535975948,1.12042562270241,-0.11370863338759775,0.0035775165923421955,0.17409947692650418,0.08097881022139385,IWM,281.66
2026-12-18,C,318.0,0.23187571519029046,84.63463604445602,0.935,282.9281958363394,1.0027857535975948,1.1239600883891685,-0.11685824229049399,0.0032955448412216285,0.17402916642956845,0.07696229489018627,IWM,281.66
2026-12-18,C,319.0,0.2318757151901002,84.63463604438657,0.86,282.9281958363394,1.0027857535975948,1.127494554075927,-0.11999796229516176,0.0030311963245460965,0.17393429889868334,0.07302633805363501,IWM,281.66
2026-12-18,C,320.0,0.23187571518994166,84.6346360443287,0.79,282.9281958363394,1.0027857535975948,1.1310290197626853,-0.12312785530408943,0.0027844710423156004,0.1738263920793045,0.06918652033888589,IWM,281.66
2026-12-18,C,325.0,0.2318757151897514,84.63463604425925,0.515,282.9281958363394,1.0027857535975948,1.1487013481964772,-0.1386320418400546,0.0018151931478386507,0.17368209947206756,0.05207344669132213,IWM,281.66
2026-12-18,C,330.0,0.23187571518956113,84.6346360441898,0.33999999999999997,282.9281958363394,1.0027857535975948,1.1663736766302693,-0.15389951397084312,0.00119837994226241,0.1745776354822389,0.03879709908701768,IWM,281.66
2026-12-18,C,335.0,0.2318757151893709,84.63463604412037,0.225,282.9281958363394,1.0027857535975948,1.184046005064061,-0.16893739133538355,0.000793045550026595,0.17587946315060057,0.028564027915491744,IWM,281.66
2026-12-18,C,340.0,0.2318757151891806,84.63463604405092,0.15000000000000002,282.9281958363394,1.0027857535975948,1.2017183334978532,-0.18375247712052428,0.0005286970333510634,0.17757221513672153,0.02090448999040894,IWM,281.66
2026-12-18,C,345.0,0.23187571518899036,84.63463604398149,0.10500000000000001,282.9281958363394,1.0027857535975948,1.219390661931645,-0.1983512765416769,0.0003700879233457444,0.18050291375693164,0.01568051884398575,IWM,281.66
2026-12-18,C,350.0,0.2318757151888001,84.63463604391204,0.07500000000000001,282.9281958363394,1.0027857535975948,1.237062990365437,-0.21274001399377657,0.0002643485166755317,0.1837760202321531,0.011868007358438482,IWM,281.66
2026-12-18,C,355.0,0.23187571518860983,84.63463604384259,0.055,282.9281958363394,1.0027857535975948,1.254735318799229,-0.22692464898573292,0.0001938555788953899,0.18745153356857294,0.009119264084160432,IWM,281.66
2026-12-18,C,360.0,0.2318757151884196,84.63463604377316,0.04,282.9281958363394,1.0027857535975948,1.272407647233021,-0.2409108909604729,0.00014098587556028356,0.19076253960890557,0.0069473993764952655,IWM,281.66
2026-12-18,C,365.0,0.23187571518822933,84.63463604370371,0.03,282.9281958363394,1.0027857535975948,1.2900799756668129,-0.25470421309280866,0.00010573940667021267,0.1945091120022405,0.00540219124049919,IWM,281.66
2026-12-18,C,370.0,0.23187571518803907,84.63463604363426,0.03,282.9281958363394,1.0027857535975948,1.307752304100605,-0.26830986514858735,0.00010573940667021267,0.20369714451403673,0.005205574285431626,IWM,281.66
2026-12-18,C,375.0,0.23187571518788053,84.63463604357639,0.02,282.9281958363394,1.0027857535975948,1.3254246325343968,-0.28173288548072795,7.049293778014178e-05,0.20460056580902825,0.003702759993676964,IWM,281.66
2026-12-18,C,380.0,0.23187571518769023,84.63463604350693,0.02,282.9281958363394,1.0027857535975948,1.3430969609681886,-0.2949781122307485,7.049293778014178e-05,0.21318027579888596,0.003580977153417401,IWM,281.66
2026-12-18,C,385.0,0.2318757151875,84.6346360434375,0.02,282.9281958363394,1.0027857535975948,1.3607692894019807,-0.3080501937981014,7.049293778014178e-05,0.2216097795326133,0.003469672273154309,IWM,281.66
2026-12-18,C,390.0,0.23187571518730976,84.63463604336806,0.02,282.9281958363394,1.0027857535975948,1.3784416178357726,-0.3209535986340092,7.049293778014178e-05,0.22989503461736507,0.0033675043049020918,IWM,281.66
2026-12-18,C,395.0,0.23187571518711947,84.63463604329861,0.02,282.9281958363394,1.0027857535975948,1.3961139462695646,-0.33369262441143904,7.049293778014178e-05,0.23804156451021516,0.0032733552333244803,IWM,281.66
2026-12-31,P,200.0,0.2674921535416984,97.63463604271992,0.505,283.0948692891571,1.0079055418661589,0.7064769506497738,0.3474647020892937,0.2952929119279116,0.35623749967699275,0.029172450760069333,IWM,281.66
2026-12-31,P,205.0,0.2674921535415081,97.63463604265047,0.5800000000000001,283.0948692891571,1.0079055418661589,0.7241388744160182,0.3227720894989221,0.27789383903954135,0.3426177873799565,0.033289152326290816,IWM,281.66
2026-12-31,P,210.0,0.26749215354131783,97.63463604258101,0.665,283.0948692891571,1.0079055418661589,0.7418007981822625,0.29867453791986165,0.26052981293488764,0.3289348895538137,0.03791749677784052,IWM,281.66
2026-12-31,P,215.0,0.2674921535411276,97.63463604251157,0.77,283.0948692891571,1.0079055418661589,0.7594627219485068,0.27514404050966756,0.24323588039766708,0.31586674534303916,0.04339158463481501,IWM,281.66
2026-12-31,P,220.0,0.26749215354093736,97.63463604244214,0.905,283.0948692891571,1.0079055418661589,0.7771246457147511,0.2521545222849689,0.22604708821159591,0.3037200865319955,0.04999576003649719,IWM,281.66
2026-12-31,P,221.0,0.26749215354074707,97.63463604237268,0.9299999999999999,283.0948692891571,1.0079055418661589,0.7806570304680001,0.24761936711957755,0.2226023204176384,0.30096638781820195,0.05128250659256853,IWM,281.66
2026-12-31,P,222.0,0.26749215354055683,97.63463604230324,0.96,283.0948692891571,1.0079055418661589,0.784189415221249,0.24310468676505087,0.2191750760155391,0.2984959630448871,0.05272575129946882,IWM,281.66
2026-12-31,P,223.0,0.2674921535403666,97.63463604223381,0.99,283.0948692891571,1.0079055418661589,0.7877217999744978,0.23861029717721163,0.21574783161344013,0.29596077131921134,0.05417776494165329,IWM,281.66
2026-12-31,P,224.0,0.26749215354020806,97.63463604217594,1.03,283.0948692891571,1.0079055418661589,0.7912541847277467,0.2341360167822905,0.2123556339950573,0.293991823606683,0.05592226083724653,IWM,281.66
2026-12-31,P,225.0,0.26749215354001776,97.63463604210648,1.06,283.0948692891571,1.0079055418661589,0.7947865694809956,0.2296816664329102,0.208928389592958,0.2913188754043861,0.05739118475083812,IWM,281.66
2026-12-31,P,226.0,0.26749215353982747,97.63463604203703,1.1,283.0948692891571,1.0079055418661589,0.7983189542342444,0.22524706936504452,0.2055361919745753,0.2891832426002374,0.05914651148503392,IWM,281.66
2026-12-31,P,227.0,0.26749215353963723,97.6346360419676,1.13,283.0948692891571,1.0079055418661589,0.8018513389874933,0.22083205115592766,0.20210894757247622,0.28638446752882923,0.06063609854736246,IWM,281.66
2026-12-31,P,228.0,0.267492153539447,97.63463604189815,1.17,283.0948692891571,1.0079055418661589,0.8053837237407422,0.21643643968288953,0.19871674995409339,0.2840963430710715,0.06240656671502705,IWM,281.66
2026-12-31,P,229.0,0.2674921535392884,97.63463604184027,1.21,283.0948692891571,1.0079055418661589,0.808916108493991,0.21206006508309075,0.19532455233571067,0.2817287236437451,0.0641840752941994,IWM,281.66
2026-12-31,P,230.0,0.26749215353909817,97.63463604177083,1.26,283.0948692891571,1.0079055418661589,0.8124484932472399,0.20770275971413496,0.19196740150104452,0.27981524381565415,0.06622787054075469,IWM,281.66
2026-12-31,P,231.0,0.26749215353890793,97.6346360417014,1.3,283.0948692891571,1.0079055418661589,0.8159808780004888,0.20336435811553677,0.1885752038826619,0.2772845600701522,0.06801910793210286,IWM,281.66
2026-12-31,P,232.0,0.2674921535387177,97.63463604163196,1.35,283.0948692891571,1.0079055418661589,0.8195132627537376,0.19904469697102042,0.18521805304799566,0.27518540382629747,0.07007010043894706,IWM,281.66
2026-12-31,P,233.0,0.2674921535385274,97.6346360415625,1.395,283.0948692891571,1.0079055418661589,0.8230456475069865,0.19474361507162977,0.18184337882147128,0.27274908369642775,0.07200242534626561,IWM,281.66
2026-12-31,P,234.0,0.26749215353836886,97.63463604150463,1.45,283.0948692891571,1.0079055418661589,0.8265780322602354,0.19046095327962886,0.17850375137866337,0.2707093118593953,0.0741835135428473,IWM,281.66
2026-12-31,P,235.0,0.2674921535381786,97.6346360414352,1.505,283.0948692891571,1.0079055418661589,0.8301104170134842,0.18619655449317143,0.17516412393585556,0.2685700208957198,0.07636604196192401,IWM,281.66
2026-12-31,P,236.0,0.26749215353798833,97.63463604136574,1.56,283.0948692891571,1.0079055418661589,0.8336428017667331,0.18195026361172026,0.17182449649304765,0.2663356786592719,0.07855173155610533,IWM,281.66
2026-12-31,P,237.0,0.2674921535378298,97.63463604130787,1.62,283.0948692891571,1.0079055418661589,0.837175186519982,0.17772192750219912,0.16850239244209797,0.26422717016030645,0.08085422474262212,IWM,281.66
2026-12-31,P,238.0,0.2674921535376395,97.63463604123842,1.685,283.0948692891571,1.0079055418661589,0.8407075712732308,0.1735113949658557,0.16519781178300663,0.2622300445341686,0.08326752312846021,IWM,281.66
2026-12-31,P,239.0,0.26749215353744926,97.63463604116897,1.745,283.0948692891571,1.0079055418661589,0.8442399560264797,0.16931851670581965,0.16187570773205717,0.25992157267043225,0.08557259567921272,IWM,281.66
2026-12-31,P,240.0,0.2674921535371639,97.63463604106481,1.82,283.0948692891571,1.0079055418661589,0.8477723407797286,0.165143145295339,0.1586061738566822,0.25811911789485353,0.08819471347093208,IWM,281.66
2026-12-31,P,241.0,0.26749215353697364,97.63463604099537,1.895,283.0948692891571,1.0079055418661589,0.8513047255329774,0.16098513514667537,0.15533663998130753,0.2561962995085486,0.09080811576540339,IWM,281.66
2026-12-31,P,242.0,0.2674921535367834,97.63463604092594,1.96,283.0948692891571,1.0079055418661589,0.8548371102862263,0.15684434248064394,0.15203205932221608,0.2537830498470302,0.09321909133800509,IWM,281.66
2026-12-31,P,243.0,0.26749215353659306,97.63463604085646,2.04,283.0948692891571,1.0079055418661589,0.8583694950394751,0.15272062529678196,0.14878004883869966,0.2518283554009242,0.09592313233576676,IWM,281.66
2026-12-31,P,244.0,0.2674921535364028,97.63463604078703,2.125,283.0948692891571,1.0079055418661589,0.861901879792724,0.1486138433441285,0.14554556174704136,0.24993522647468758,0.09871221489873178,IWM,281.66
2026-12-31,P,245.0,0.26749215353624434,97.63463604072918,2.21,283.0948692891571,1.0079055418661589,0.8654342645459729,0.14452385809260335,0.14231107465538306,0.24792116279711,0.10149064167656795,IWM,281.66
2026-12-31,P,246.0,0.267492153536054,97.6346360406597,2.295,283.0948692891571,1.0079055418661589,0.8689666492992217,0.1404505327049676,0.13907658756372487,0.2457910935228813,0.10426092676128633,IWM,281.66
2026-12-31,P,247.0,0.26749215353586375,97.63463604059027,2.395,283.0948692891571,1.0079055418661589,0.8724990340524706,0.13639373200935317,0.1358946706476415,0.24403998995702503,0.10727687276905148,IWM,281.66
2026-12-31,P,248.0,0.2674921535356735,97.63463604052083,2.49,283.0948692891571,1.0079055418661589,0.8760314188057196,0.13235332247234816,0.13269523033969965,0.24199644068599263,0.11019176266050928,IWM,281.66
2026-12-31,P,249.0,0.267492153535515,97.63463604046296,2.5949999999999998,283.0948692891571,1.0079055418661589,0.8795638035589683,0.1283291721726228,0.12953083681547461,0.2401428124774438,0.11325039456997142,IWM,281.66
2026-12-31,P,250.0,0.2674921535353247,97.63463604039352,2.705,283.0948692891571,1.0079055418661589,0.8830961883122173,0.12432115077508393,0.1263839666831077,0.2383083702033073,0.11636299860262171,IWM,281.66
2026-12-31,P,251.0,0.26749215353513445,97.63463604032407,2.815,283.0948692891571,1.0079055418661589,0.8866285730654662,0.12032912950554643,0.12323709655074078,0.23633964110245723,0.1194519917430176,IWM,281.66
2026-12-31,P,252.0,0.2674921535349442,97.63463604025463,2.93,283.0948692891571,1.0079055418661589,0.890160957818715,0.1163529811259071,0.1201077498102322,0.23438450753787307,0.12258892151099289,IWM,281.66
2026-12-31,P,253.0,0.2674921535347539,97.63463604018519,3.06,283.0948692891571,1.0079055418661589,0.8936933425719639,0.11239257990981012,0.11703097324529843,0.2327151192136265,0.1258988227933015,IWM,281.66
2026-12-31,P,254.0,0.2674921535345637,97.63463604011574,3.19,283.0948692891571,1.0079055418661589,0.8972257273252128,0.10844780161879373,0.11395419668036466,0.23089722861919257,0.1291701502820131,IWM,281.66
2026-12-31,P,255.0,0.2674921535343734,97.63463604004629,3.32,283.0948692891571,1.0079055418661589,0.9007581120784616,0.10451852347890425,0.11087742011543078,0.22893623837040636,0.13240624046634886,IWM,281.66
2026-12-31,P,256.0,0.26749215353418315,97.63463603997685,3.465,283.0948692891571,1.0079055418661589,0.9042904968317105,0.10060462415776787,0.1078532137260717,0.22722422055470684,0.1357792128584201,IWM,281.66
2026-12-31,P,257.0,0.2674921535340246,97.63463603991899,3.615,283.0948692891571,1.0079055418661589,0.9078228815849594,0.09670598374211051,0.10484653072857109,0.22548557118814833,0.1391584993432,IWM,281.66
2026-12-31,P,258.0,0.2674921535338344,97.63463603984955,3.765,283.0948692891571,1.0079055418661589,0.9113552663382082,0.09282248371571297,0.10183984773107035,0.2235933964963657,0.14248822050696566,IWM,281.66
2026-12-31,P,259.0,0.2674921535336441,97.63463603978009,3.94,283.0948692891571,1.0079055418661589,0.9148876510914571,0.0889540069377926,0.09892078169286089,0.22215293327599375,0.14600745108485416,IWM,281.66
2026-12-31,P,260.0,0.26749215353348554,97.63463603972222,4.105,283.0948692891571,1.0079055418661589,0.918420035844706,0.08510043762180258,0.09596666887093497,0.2203060665087562,0.14936569220456974,IWM,281.66
2026-12-31,P,261.0,0.2674921535332953,97.63463603965279,4.279999999999999,283.0948692891571,1.0079055418661589,0.9219524205979548,0.08126166131463698,0.09304760283272584,0.2185327759506758,0.15274873094037525,IWM,281.66
2026-12-31,P,262.0,0.267492153533105,97.63463603958333,4.470000000000001,283.0948692891571,1.0079055418661589,0.9254848053512037,0.07743756487623349,0.09018110697009107,0.21693444900339345,0.15618042383434944,IWM,281.66
2026-12-31,P,263.0,0.2674921535329465,97.63463603952546,4.665,283.0948692891571,1.0079055418661589,0.9290171901044526,0.07362803645956575,0.08733213449931476,0.215274189665419,0.15956711573531632,IWM,281.66
2026-12-31,P,264.0,0.2674921535327245,97.63463603944443,4.865,283.0948692891571,1.0079055418661589,0.9325495748577014,0.06983296549101423,0.08450068542039701,0.21354975819987837,0.1629033699214749,IWM,281.66
2026-12-31,P,265.0,0.267492153532566,97.63463603938659,5.085,283.0948692891571,1.0079055418661589,0.9360819596109503,0.06605224265110814,0.08173932990891208,0.21207509315142953,0.16627291219866563,IWM,281.66
2026-12-31,P,266.0,0.26749215353237565,97.63463603931712,5.305,283.0948692891571,1.0079055418661589,0.9396143443641992,0.06228575985563123,0.07897797439742693,0.2104160286217585,0.16953750343802168,IWM,281.66
2026-12-31,P,267.0,0.2674921535321854,97.63463603924768,5.54,283.0948692891571,1.0079055418661589,0.943146729117448,0.05853341023708085,0.07626918906151703,0.20888116772654142,0.17277294004717444,IWM,281.66
2026-12-31,P,268.0,0.2674921535320269,97.63463603918981,5.78,283.0948692891571,1.0079055418661589,0.9466791138706969,0.054795088126473664,0.07357792711746503,0.2072584034902126,0.17591445389014115,IWM,281.66
2026-12-31,P,269.0,0.26749215353183664,97.63463603912038,6.04,283.0948692891571,1.0079055418661589,0.9502114986239458,0.051070689035491196,0.07095675874084639,0.205839893323051,0.1790145624168163,IWM,281.66
2026-12-31,P,270.0,0.26749215353164635,97.63463603905092,6.3,283.0948692891571,1.0079055418661589,0.9537438833771946,0.047360109638955615,0.06833559036422765,0.20422424746097714,0.18197796649162662,IWM,281.66
2026-12-31,P,271.0,0.2674921535314561,97.63463603898148,6.575,283.0948692891571,1.0079055418661589,0.9572762681304435,0.043663247757629434,0.06576699216318371,0.20269919929019728,0.1848501091232584,IWM,281.66
2026-12-31,P,272.0,0.2674921535312659,97.63463603891205,6.86,283.0948692891571,1.0079055418661589,0.9608086528836924,0.039980002341332976,0.06323344074585624,0.2011611879145454,0.1875990960882636,IWM,281.66
2026-12-31,P,273.0,0.26749215353107564,97.63463603884261,7.165,283.0948692891571,1.0079055418661589,0.9643410376369412,0.03631027345237064,0.06076998289596203,0.19978901408726094,0.19023369408539234,IWM,281.66
2026-12-31,P,274.0,0.26749215353091704,97.63463603878472,7.475,283.0948692891571,1.0079055418661589,0.9678734223901901,0.03265396224926011,0.058324048437925935,0.19829751504975038,0.19270403241358777,IWM,281.66
2026-12-31,P,275.0,0.2674921535307268,97.63463603871529,7.795,283.0948692891571,1.0079055418661589,0.9714058071434389,0.029010970970759112,0.05591316076360664,0.19677527225062408,0.19501070767847245,IWM,281.66
2026-12-31,P,276.0,0.2674921535305365,97.63463603864582,8.145,283.0948692891571,1.0079055418661589,0.9749381918966878,0.025381202920180368,0.053607413440436624,0.19557306357637105,0.19716333538972303,IWM,281.66
2026-12-31,P,277.0,0.2674921535303463,97.63463603857639,8.5,283.0948692891571,1.0079055418661589,0.9784705766499368,0.02176456244999183,0.05131918950912506,0.19423566535833017,0.1991127257289623,IWM,281.66
2026-12-31,P,278.0,0.2674921535301877,97.63463603851851,8.864999999999998,283.0948692891571,1.0079055418661589,0.9820029614031855,0.018160954946693335,0.049066012361530076,0.19284912170769455,0.20085502999051985,IWM,281.66
2026-12-31,P,279.0,0.26749215352999745,97.63463603844907,9.245000000000001,283.0948692891571,1.0079055418661589,0.9855353461564345,0.014570286815964735,0.046865405389509895,0.19149612346519468,0.20238093589291783,IWM,281.66
2026-12-31,P,280.0,0.2674921535298072,97.63463603837963,9.645,283.0948692891571,1.0079055418661589,0.9890677309096834,0.010992465468080718,0.04473489198492264,0.19025702708844996,0.20367750917809105,IWM,281.66
2026-12-31,P,281.0,0.26749215352961697,97.63463603831019,10.055,283.0948692891571,1.0079055418661589,0.9926001156629322,0.0074273993035846335,0.042639425364052186,0.1889541067543864,0.2047292893671912,IWM,281.66
2026-12-31,P,282.0,0.2674921535294267,97.63463603824074,10.48,283.0948692891571,1.0079055418661589,0.9961325004161811,0.003874997699216773,0.040596528918756314,0.18766916317943713,0.20552592404392414,IWM,281.66
2026-12-31,P,283.0,0.26749215352926814,97.63463603818288,10.925,283.0948692891571,1.0079055418661589,0.99966488516943,0.0003351709940926976,0.03862372604089359,0.18648284366349388,0.2060559668734768,IWM,281.66
2026-12-31,C,284.0,0.267492153529173,97.63463603814814,10.91,283.0948692891571,1.0079055418661589,1.0031972699226788,-0.003192169523875645,0.038236041034748786,0.19273443899111073,0.2062987783176644,IWM,281.66
2026-12-31,C,285.0,0.26749215352898276,97.63463603807871,10.4,283.0948692891571,1.0079055418661589,1.0067296546759277,-0.006707111631320169,0.036448655065205074,0.1919531449101536,0.20629839719066978,IWM,281.66
2026-12-31,C,286.0,0.26749215352879246,97.63463603800925,9.864999999999998,283.0948692891571,1.0079055418661589,1.0102620394291766,-0.01020974218252227,0.03457365213637,0.19050552564484954,0.20602692247140542,IWM,281.66
2026-12-31,C,287.0,0.26749215352860223,97.63463603793981,9.379999999999999,283.0948692891571,1.0079055418661589,1.0137944241824255,-0.013700147122290828,0.03287388312611765,0.1896644859716217,0.2054861255935535,IWM,281.66
2026-12-31,C,288.0,0.26749215352844363,97.63463603788193,8.88,283.0948692891571,1.0079055418661589,1.0173268089356744,-0.017178411498615685,0.03112154394029049,0.18832085243584643,0.20465673473519586,IWM,281.66
2026-12-31,C,289.0,0.2674921535282534,97.63463603781248,8.43,283.0948692891571,1.0079055418661589,1.020859193688923,-0.020644619475101735,0.029544438673046035,0.18758491561173876,0.2035659315408243,IWM,281.66
2026-12-31,C,290.0,0.26749215352806316,97.63463603774305,7.970000000000001,283.0948692891571,1.0079055418661589,1.024391578442172,-0.024098854343189324,0.027932286622085044,0.18642662316569122,0.20217566987305452,IWM,281.66
2026-12-31,C,291.0,0.2674921535278729,97.63463603767362,7.545,283.0948692891571,1.0079055418661589,1.027923963195421,-0.027541198534162162,0.02644279831413195,0.18562240015666842,0.20052788428440468,IWM,281.66
2026-12-31,C,292.0,0.2674921535276827,97.63463603760418,7.140000000000001,283.0948692891571,1.0079055418661589,1.0314563479486698,-0.030971733630951435,0.025023403573611946,0.18491682661189518,0.1986192826243412,IWM,281.66
2026-12-31,C,293.0,0.2674921535274924,97.63463603753472,6.74,283.0948692891571,1.0079055418661589,1.0349887327019187,-0.03439054037973703,0.023621532224950212,0.1840463621226127,0.19642517583828392,IWM,281.66
2026-12-31,C,294.0,0.26749215352733385,97.63463603747685,6.369999999999999,283.0948692891571,1.0079055418661589,1.0385211174551674,-0.037797698701351155,0.022324801227438105,0.18345798131032368,0.1940106924585074,IWM,281.66
2026-12-31,C,295.0,0.2674921535271436,97.63463603740742,6.005,283.0948692891571,1.0079055418661589,1.0420535022084163,-0.04119328770248941,0.021045593621784275,0.1827068533210979,0.19132001627634984,IWM,281.66
2026-12-31,C,296.0,0.2674921535269533,97.63463603733797,5.65,283.0948692891571,1.0079055418661589,1.0455858869616652,-0.04457738568672999,0.019801432799846988,0.18188114301888308,0.18836548100865155,IWM,281.66
2026-12-31,C,297.0,0.26749215352676303,97.6346360372685,5.3149999999999995,283.0948692891571,1.0079055418661589,1.0491182717149141,-0.04795007016536927,0.018627365545342785,0.18116874786280304,0.18519739165440205,IWM,281.66
2026-12-31,C,298.0,0.2674921535266045,97.63463603721064,4.995,283.0948692891571,1.0079055418661589,1.052650656468163,-0.051311417868074145,0.0175058684664134,0.18048225213428676,0.18181086550789138,IWM,281.66
2026-12-31,C,299.0,0.26749215352641426,97.6346360371412,4.6850000000000005,283.0948692891571,1.0079055418661589,1.056183041221412,-0.054661504753356155,0.016419418171200555,0.17972834745728242,0.17818766650282686,IWM,281.66
2026-12-31,C,300.0,0.26749215352622396,97.63463603707174,4.390000000000001,283.0948692891571,1.0079055418661589,1.0597154259746606,-0.05800040601887061,0.01538553805156253,0.17900706698138255,0.17436941151027505,IWM,281.66
2026-12-31,C,305.0,0.2674921535260337,97.63463603700231,3.135,283.0948692891571,1.0079055418661589,1.0773773497409052,-0.07452970797008136,0.010987166695136337,0.1760478299356788,0.1530406860215871,IWM,281.66
2026-12-31,C,310.0,0.2674921535258752,97.63463603694444,2.205,283.0948692891571,1.0079055418661589,1.0950392735071495,-0.09079022884186164,0.007727815809497807,0.17414216638593794,0.12977324291568532,IWM,281.66
2026-12-31,C,315.0,0.26749215352568495,97.63463603687501,1.505,283.0948692891571,1.0079055418661589,1.1127011972733938,-0.10679057018830274,0.005274540949339772,0.17217545087519415,0.10593226265021294,IWM,281.66
2026-12-31,C,320.0,0.26749215352549466,97.63463603680555,1.03,283.0948692891571,1.0079055418661589,1.130363121039638,-0.12253892715644188,0.003609818722803964,0.17163184691233963,0.08451657419425061,IWM,281.66
2026-12-31,C,325.0,0.2674921535253044,97.63463603673611,0.7050000000000001,283.0948692891571,1.0079055418661589,1.1480250448058824,-0.1380431136924071,0.0024707982520163056,0.17189170088114814,0.06615405214232513,IWM,281.66
2026-12-31,C,330.0,0.26749215352511413,97.63463603666666,0.47,283.0948692891571,1.0079055418661589,1.1656869685721267,-0.1533105858231955,0.0016471988346775368,0.17179600519275823,0.050227150923098346,IWM,281.66
2026-12-31,C,335.0,0.26749215352495564,97.63463603660881,0.32999999999999996,283.0948692891571,1.0079055418661589,1.183348892338371,-0.168348463187736,0.00115654386264593,0.17374568954477554,0.03877446638078452,IWM,281.66
2026-12-31,C,340.0,0.2674921535247653,97.63463603653933,0.22,283.0948692891571,1.0079055418661589,1.2010108161046156,-0.1831635489728768,0.0007710292417639535,0.1743594785588476,0.02871164044111839,IWM,281.66
2026-12-31,C,345.0,0.26749215352457506,97.6346360364699,0.15000000000000002,283.0948692891571,1.0079055418661589,1.21867273987086,-0.19776234839402945,0.0005257017557481502,0.17578439129850065,0.021359383960716908,IWM,281.66
2026-12-31,C,350.0,0.2674921535243848,97.63463603640047,0.115,283.0948692891571,1.0079055418661589,1.2363346636371042,-0.21215108584612904,0.00040303801274024846,0.18001374527820063,0.017086288382100915,IWM,281.66
2026-12-31,C,355.0,0.2674921535242263,97.6346360363426,0.08,283.0948692891571,1.0079055418661589,1.2539965874033485,-0.22633572083808545,0.0002803742697323467,0.18182364388808858,0.012744595399094238,IWM,281.66
2026-12-31,C,360.0,0.267492153524036,97.63463603627314,0.060000000000000005,283.0948692891571,1.0079055418661589,1.2716585111695928,-0.2403219628128253,0.00021028070229926006,0.18519523532494647,0.00998266077655958,IWM,281.66
2026-12-31,C,365.0,0.26749215352384575,97.6346360362037,0.05,283.0948692891571,1.0079055418661589,1.2893204349358371,-0.2541152849451611,0.0001752339185827167,0.19055276685814704,0.00842417712520695,IWM,281.66
2026-12-31,C,370.0,0.2674921535236872,97.63463603614584,0.04,283.0948692891571,1.0079055418661589,1.3069823587020815,-0.2677209370009397,0.00014018713486617336,0.19480542264091819,0.0069011982463833,IWM,281.66
2026-12-31,C,375.0,0.267492153523497,97.6346360360764,0.035,283.0948692891571,1.0079055418661589,1.324644282468326,-0.28114395733308056,0.0001226637430079017,0.2006377866001052,0.006040576191079096,IWM,281.66
2027-01-15,P,198.0,0.3085880439283359,112.6346360338426,0.575,282.7166284761054,1.003302208283516,0.7003479104404166,0.3561780524948548,0.3016792341347795,0.3468299743020685,0.03342856372857811,IWM,281.66
2027-01-15,P,199.0,0.3085880439281456,112.63463603377315,0.59,282.7166284761054,1.003302208283516,0.7038850210992065,0.3511402584648977,0.2981950055083862,0.3441759350767849,0.034270488526201105,IWM,281.66
2027-01-15,P,200.0,0.30858804392798705,112.63463603371528,0.615,282.7166284761054,1.003302208283516,0.7074221317579965,0.3461277166413534,0.2947460315702568,0.34248475924504007,0.03546046756729247,IWM,281.66
2027-01-15,P,205.0,0.3085880439277968,112.63463603364583,0.7,282.7166284761054,1.003302208283516,0.7251076850519464,0.32143510405098186,0.2773601431265531,0.3293157746747569,0.04014022955845604,IWM,281.66
2027-01-15,P,210.0,0.3085880439276065,112.63463603357638,0.8049999999999999,282.7166284761054,1.003302208283516,0.7427932383458963,0.29733755247192145,0.26004476405937826,0.31682555944384316,0.04566428204864838,IWM,281.66
2027-01-15,P,215.0,0.3085880439274163,112.63463603350695,0.925,282.7166284761054,1.003302208283516,0.7604787916398462,0.2738070550617273,0.2427822670245997,0.3043012495252298,0.05186540288943183,IWM,281.66
2027-01-15,P,220.0,0.30858804392722605,112.6346360334375,1.09,282.7166284761054,1.003302208283516,0.7781643449337962,0.2508175368370285,0.22567841608701034,0.293370333512362,0.05961336160741667,IWM,281.66
2027-01-15,P,225.0,0.30858804392703576,112.63463603336805,1.275,282.7166284761054,1.003302208283516,0.7958498982277461,0.22834468098496988,0.20864507452594971,0.2819591424708779,0.06810352821660111,IWM,281.66
2027-01-15,P,230.0,0.3085880439268772,112.63463603331019,1.5,282.7166284761054,1.003302208283516,0.8135354515216959,0.20636577426619473,0.19175275171794626,0.27088480674840965,0.07783282558518641,IWM,281.66
2027-01-15,P,235.0,0.30858804392668693,112.63463603324072,1.7850000000000001,282.7166284761054,1.003302208283516,0.8312210048156459,0.18485956904523113,0.17507195703952827,0.2605432214254575,0.08914132784534867,IWM,281.66
2027-01-15,P,240.0,0.3085880439264967,112.63463603317129,2.14,282.7166284761054,1.003302208283516,0.8489065581095958,0.16380615984739874,0.15863794517896035,0.2506971870078801,0.10198850335784265,IWM,281.66
2027-01-15,P,245.0,0.30858804392630645,112.63463603310186,2.575,282.7166284761054,1.003302208283516,0.8665921114035458,0.14318687264466304,0.14248597082450654,0.24110006948012183,0.11623626674574253,IWM,281.66
2027-01-15,P,250.0,0.3085880439261162,112.63463603303242,3.1100000000000003,282.7166284761054,1.003302208283516,0.8842776646974956,0.12298416532714368,0.1266865433526957,0.23177981675101988,0.13178824822558402,IWM,281.66
2027-01-15,P,255.0,0.3085880439259259,112.63463603296296,3.79,282.7166284761054,1.003302208283516,0.9019632179914455,0.10318153803096394,0.11139830886071678,0.22324868578367968,0.14860876206294002,IWM,281.66
2027-01-15,P,260.0,0.3085880439257357,112.63463603289352,4.619999999999999,282.7166284761054,1.003302208283516,0.9196487712853955,0.08376345217386233,0.09663889469270226,0.21485779220802523,0.1658390990161769,IWM,281.66
2027-01-15,P,265.0,0.3085880439255454,112.63463603282408,5.645,282.7166284761054,1.003302208283516,0.9373343245793454,0.06471525720316781,0.0825669469458411,0.20688290039883786,0.18279918229997813,IWM,281.66
2027-01-15,P,270.0,0.3085880439253869,112.63463603276622,6.9,282.7166284761054,1.003302208283516,0.9550198778732952,0.046023124191015355,0.06930585702905856,0.19926013350999017,0.19833590489049288,IWM,281.66
2027-01-15,P,275.0,0.30858804392519656,112.63463603269675,8.440000000000001,282.7166284761054,1.003302208283516,0.9727054311672452,0.02767398552281879,0.05704952572780786,0.19223657030279248,0.21105138888288252,IWM,281.66
2027-01-15,P,280.0,0.30858804392500633,112.63463603262731,10.31,282.7166284761054,1.003302208283516,0.9903909844611951,0.009655480020140446,0.0459565991392783,0.18585953579262823,0.21929318881503904,IWM,281.66
2027-01-15,C,285.0,0.3085880439249112,112.63463603259258,11.51,282.7166284761054,1.003302208283516,1.008076537755145,-0.008044097079260501,0.04057814619218714,0.20009406675252536,0.22158399181725502,IWM,281.66
2027-01-15,C,290.0,0.30858804392472095,112.63463603252315,9.085,282.7166284761054,1.003302208283516,1.025762091049095,-0.025435839791129712,0.03202888428809906,0.19481805500422783,0.2180177626754657,IWM,281.66
2027-01-15,C,295.0,0.3085880439245624,112.63463603246528,7.02,282.7166284761054,1.003302208283516,1.043447644343045,-0.04253027315042985,0.02474879116152508,0.19014468460456152,0.20846078141414212,IWM,281.66
2027-01-15,C,300.0,0.30858804392437217,112.63463603239585,5.3149999999999995,282.7166284761054,1.003302208283516,1.0611331976369947,-0.0593373914668109,0.018737866812465212,0.18618541207948855,0.19338867740854773,IWM,281.66
2027-01-15,C,305.0,0.3085880439241819,112.63463603232638,3.9400000000000004,282.7166284761054,1.003302208283516,1.0788187509309446,-0.07586669341802149,0.013890347176126614,0.182782641574955,0.17389410598714844,IWM,281.66
2027-01-15,C,310.0,0.30858804392399164,112.63463603225695,2.86,282.7166284761054,1.003302208283516,1.0965043042248945,-0.09212721428980182,0.010082840843584292,0.1798693960625316,0.1515167816457879,IWM,281.66
2027-01-15,C,315.0,0.30858804392380135,112.63463603218749,2.065,282.7166284761054,1.003302208283516,1.1141898575188445,-0.10812755563624299,0.007280093126573973,0.17824583479638692,0.12870664392402925,IWM,281.66
2027-01-15,C,320.0,0.3085880439236111,112.63463603211805,1.45,282.7166284761054,1.003302208283516,1.1318754108127944,-0.12387591260438217,0.005111929798320708,0.17636487557847988,0.1058819146171069,IWM,281.66
2027-01-15,C,325.0,0.3085880439234525,112.63463603206017,1.0350000000000001,282.7166284761054,1.003302208283516,1.1495609641067444,-0.13938009914034746,0.0036488602353530577,0.17623058380763276,0.08613539796657471,IWM,281.66
2027-01-15,C,330.0,0.3085880439232623,112.63463603199074,0.73,282.7166284761054,1.003302208283516,1.1672465174006943,-0.1546475712711359,0.002573592243292494,0.17619362745657396,0.06863708265841706,IWM,281.66
2027-01-15,C,335.0,0.30858804392307204,112.63463603192129,0.51,282.7166284761054,1.003302208283516,1.1849320706946442,-0.16968544863567644,0.001797989101478318,0.17629496934769953,0.05370568687045522,IWM,281.66
2027-01-15,C,340.0,0.3085880439228818,112.63463603185185,0.36,282.7166284761054,1.003302208283516,1.202617623988594,-0.18450053442081693,0.0012691687775141067,0.17708266241278944,0.04180901568849482,IWM,281.66
2027-01-15,C,345.0,0.3085880439226915,112.6346360317824,0.25,282.7166284761054,1.003302208283516,1.220303177282544,-0.19909933384196962,0.0008813672066070186,0.17762253868682668,0.03192785491412671,IWM,281.66
2027-01-15,C,350.0,0.3085880439225013,112.63463603171297,0.18,282.7166284761054,1.003302208283516,1.2379887305764938,-0.21348807129406927,0.0006345843887570533,0.1792940978335474,0.02475946662621955,IWM,281.66
2027-01-15,C,355.0,0.308588043922311,112.63463603164351,0.13,282.7166284761054,1.003302208283516,1.2556742838704438,-0.22767270628602573,0.0004583109474356497,0.18105579532436927,0.019133912625952734,IWM,281.66
2027-01-15,C,360.0,0.3085880439221525,112.63463603158566,0.1,282.7166284761054,1.003302208283516,1.2733598371643937,-0.24165894826076564,0.00035254688264280744,0.1842385155905285,0.015376316261476852,IWM,281.66
2027-01-15,C,365.0,0.30858804392196215,112.63463603151618,0.07,282.7166284761054,1.003302208283516,1.2910453904583437,-0.2554522703931015,0.00024678281784996524,0.1852128435105986,0.011531620906454787,IWM,281.66
2027-01-15,C,370.0,0.3085880439217719,112.63463603144675,0.060000000000000005,282.7166284761054,1.003302208283516,1.3087309437522936,-0.2690579224488801,0.0002115281295856845,0.1904249910379934,0.009967886691033632,IWM,281.66
2027-01-15,C,375.0,0.30858804392151823,112.63463603135415,0.04,282.7166284761054,1.003302208283516,1.3264164970462435,-0.2824809427810208,0.00014101875305712298,0.19028014353319572,0.007169592653124856,IWM,281.66
2027-01-15,C,380.0,0.308588043921328,112.63463603128471,0.04,282.7166284761054,1.003302208283516,1.3441020503401933,-0.2957261695310413,0.00014101875305712298,0.19813190358662702,0.006942559922977054,IWM,281.66
2027-01-15,C,385.0,0.30858804392113776,112.63463603121528,0.03,282.7166284761054,1.003302208283516,1.3617876036341432,-0.3087982510983941,0.00010576406479284223,0.20003517950012628,0.005433314300248881,IWM,281.66
2027-01-15,C,390.0,0.3085880439209475,112.63463603114585,0.03,282.7166284761054,1.003302208283516,1.3794731569280931,-0.321701655934302,0.00010576406479284223,0.2074406908038584,0.0052768024974295955,IWM,281.66
2027-01-15,C,400.0,0.3085880439206304,112.63463603103008,0.02,282.7166284761054,1.003302208283516,1.414844263515993,-0.34701946391859195,7.050937652856149e-05,0.21370619824913115,0.003670636924169243,IWM,281.66
2027-01-15,C,405.0,0.30858804392044015,112.63463603096065,0.02,282.7166284761054,1.003302208283516,1.432529816809943,-0.3594419839171491,7.050937652856149e-05,0.22053911664147038,0.003577764357325406,IWM,281.66
2027-02-19,P,199.0,0.40447845487677575,147.63463603002316,0.87,283.4709096623571,1.0099929252617494,0.7020120697288812,0.3538046817581452,0.30102666244094234,0.32445200654336426,0.04862167740593963,IWM,281.66
2027-02-19,P,200.0,0.4044784548766172,147.6346360299653,0.89,283.4709096623571,1.0099929252617494,0.7055397685717398,0.348792139934601,0.2975688195100338,0.3219893258489108,0.0497035306860505,IWM,281.66
2027-02-19,P,205.0,0.404478454876427,147.63463602989586,1.01,283.4709096623571,1.0099929252617494,0.7231782627860334,0.3240995273442295,0.28034946076744005,0.310524770750431,0.05585239443388761,IWM,281.66
2027-02-19,P,210.0,0.4044784548762367,147.6346360298264,1.1600000000000001,283.4709096623571,1.0099929252617494,0.7408167570003269,0.3000019757651689,0.2632348858927712,0.2998850663959569,0.06309027625745685,IWM,281.66
2027-02-19,P,215.0,0.40447845487604644,147.63463602975696,1.3399999999999999,283.4709096623571,1.0099929252617494,0.7584552512146203,0.2764714783549749,0.2462250948860274,0.2896755651917697,0.07135917308651263,IWM,281.66
2027-02-19,P,220.0,0.40447845487585615,147.6346360296875,1.545,283.4709096623571,1.0099929252617494,0.7760937454289139,0.25348196013027613,0.22930262376922106,0.2793798085326975,0.08047505613835827,IWM,281.66
2027-02-19,P,225.0,0.4044784548756976,147.63463602962963,1.795,283.4709096623571,1.0099929252617494,0.7937322396432074,0.23100910427821747,0.21253732845430218,0.26961701568417556,0.09088327886103734,IWM,281.66
2027-02-19,P,230.0,0.4044784548755073,147.63463602956017,2.0949999999999998,283.4709096623571,1.0099929252617494,0.8113707338575008,0.20903019755944233,0.19594667291925816,0.2601878639037044,0.10256075176905671,IWM,281.66
2027-02-19,P,235.0,0.4044784548753171,147.63463602949074,2.4749999999999996,283.4709096623571,1.0099929252617494,0.8290092280717943,0.1875239923384787,0.17963544103201412,0.25166417604939656,0.1159227910341928,IWM,281.66
2027-02-19,P,240.0,0.40447845487512685,147.6346360294213,2.895,283.4709096623571,1.0099929252617494,0.8466477222860879,0.1664705831406463,0.1634639209686698,0.24242368064356865,0.1299466964520038,IWM,281.66
2027-02-19,P,245.0,0.4044784548749366,147.63463602935187,3.435,283.4709096623571,1.0099929252617494,0.8642862165003814,0.14585129593791057,0.14771153637702528,0.2343220053649708,0.14570877266625382,IWM,281.66
2027-02-19,P,250.0,0.4044784548747463,147.6346360292824,4.08,283.4709096623571,1.0099929252617494,0.8819247107146748,0.12564858862039122,0.13232589532311834,0.22638868375209747,0.16239591230556089,IWM,281.66
2027-02-19,P,255.0,0.4044784548745878,147.63463602922454,4.855,283.4709096623571,1.0099929252617494,0.8995632049289684,0.10584596132421147,0.11739431769688613,0.2187213874363095,0.17972032271145794,IWM,281.66
2027-02-19,P,260.0,0.40447845487439754,147.6346360291551,5.79,283.4709096623571,1.0099929252617494,0.9172016991432619,0.08642787546710985,0.10302158736625344,0.2114183810405722,0.19719250599729476,IWM,281.66
2027-02-19,P,265.0,0.4044784548742073,147.63463602908567,6.904999999999999,283.4709096623571,1.0099929252617494,0.9348401933575553,0.06737968049641545,0.08927756024317068,0.20433614253671836,0.21401031223615455,IWM,281.66
2027-02-19,P,270.0,0.40447845487401696,147.63463602901618,8.245000000000001,283.4709096623571,1.0099929252617494,0.9524786875718488,0.048687547484262864,0.07631941212952487,0.19771750031801746,0.2292836067574797,IWM,281.66
2027-02-19,P,275.0,0.404478454873795,147.63463602893518,9.82,283.4709096623571,1.0099929252617494,0.9701171817861424,0.03033840881606629,0.06418207098129114,0.191227198021986,0.2417987850613393,IWM,281.66
2027-02-19,P,280.0,0.4044784548736365,147.6346360288773,11.725,283.4709096623571,1.0099929252617494,0.9877556760004358,0.012319903313388053,0.053197352380232044,0.1857823002048,0.2503593540064696,IWM,281.66
2027-02-19,C,285.0,0.40447845487354134,147.63463602884258,13.94,283.4709096623571,1.0099929252617494,1.0053941702147293,-0.0053796737860128995,0.04868957062912674,0.20194869000893956,0.25365852501139297,IWM,281.66
2027-02-19,C,290.0,0.4044784548733511,147.63463602877314,11.42,283.4709096623571,1.0099929252617494,1.0230326644290229,-0.02277141649788212,0.03988772572343094,0.19718734184843045,0.2519354362120314,IWM,281.66
2027-02-19,C,295.0,0.40447845487316086,147.6346360287037,9.21,283.4709096623571,1.0099929252617494,1.0406711586433164,-0.039865849857182264,0.03216864745295964,0.19285513951493768,0.24505161578015336,IWM,281.66
2027-02-19,C,300.0,0.40447845487297057,147.63463602863425,7.32,283.4709096623571,1.0099929252617494,1.05830965285761,-0.05667296817356353,0.025567263773687784,0.18911095675698433,0.23316555156860386,IWM,281.66
2027-02-19,C,305.0,0.4044784548727803,147.6346360285648,5.73,283.4709096623571,1.0099929252617494,1.0759481470719032,-0.07320227012477393,0.02001371877366544,0.1858256471722926,0.21686291149802814,IWM,281.66
2027-02-19,C,310.0,0.40447845487262174,147.63463602850695,4.435,283.4709096623571,1.0099929252617494,1.0935866412861968,-0.08946279099655426,0.015490548474905098,0.1832549429824418,0.19728737074267624,IWM,281.66
2027-02-19,C,315.0,0.4044784548724315,147.6346360284375,3.38,283.4709096623571,1.0099929252617494,1.1112251355004903,-0.10546313234299542,0.011805649119544358,0.18092955581988887,0.17544181320722846,IWM,281.66
2027-02-19,C,320.0,0.40447845487224127,147.63463602836805,2.55,283.4709096623571,1.0099929252617494,1.1288636297147838,-0.12121148931113462,0.008906628773620744,0.17913697506799442,0.15281894167778795,IWM,281.66
2027-02-19,C,325.0,0.404478454872051,147.63463602829862,1.905,283.4709096623571,1.0099929252617494,1.1465021239290774,-0.1367156758470999,0.006653775613234321,0.1777471099607621,0.13054016991076733,IWM,281.66
2027-02-19,C,330.0,0.40447845487186074,147.63463602822918,1.405,283.4709096623571,1.0099929252617494,1.1641406181433709,-0.15198314797788837,0.004907377814485156,0.1765157621044462,0.10931419623207649,IWM,281.66
2027-02-19,C,335.0,0.4044784548716705,147.63463602815975,1.05,283.4709096623571,1.0099929252617494,1.1817791123576642,-0.16702102534242874,0.003667435377373248,0.1764525973320667,0.09097922215539726,IWM,281.66
2027-02-19,C,340.0,0.4044784548714802,147.63463602809028,0.7749999999999999,283.4709096623571,1.0099929252617494,1.1994176065719577,-0.1818361111275694,0.0027069165880612063,0.176288258308507,0.07446999620773281,IWM,281.66
2027-02-19,C,345.0,0.40447845487132167,147.63463602803242,0.5700000000000001,283.4709096623571,1.0099929252617494,1.2170561007862513,-0.1964349105487221,0.001990893490574049,0.17633671042038265,0.06027272448330335,IWM,281.66
2027-02-19,C,350.0,0.4044784548711314,147.63463602796296,0.42000000000000004,283.4709096623571,1.0099929252617494,1.2346945950005448,-0.21082364800082173,0.0014669741509492993,0.17669934172333446,0.048441276023199045,IWM,281.66
2027-02-19,C,355.0,0.40447845487094114,147.63463602789352,0.315,283.4709096623571,1.0099929252617494,1.2523330892148383,-0.2250082829927782,0.0011002306132119743,0.17773816606105225,0.03909629721761735,IWM,281.66
2027-02-19,C,360.0,0.4044784548707509,147.6346360278241,0.235,283.4709096623571,1.0099929252617494,1.2699715834291319,-0.23899452496751813,0.0008208069654121078,0.17870015093306366,0.03128254531690461,IWM,281.66
2027-02-19,C,365.0,0.4044784548705923,147.6346360277662,0.18,283.4709096623571,1.0099929252617494,1.2876100776434252,-0.2527878470998538,0.0006287032075496996,0.18036981277569666,0.025353787218410348,IWM,281.66
2027-02-19,C,370.0,0.40447845487040207,147.63463602769676,0.14,283.4709096623571,1.0099929252617494,1.3052485718577187,-0.26639349915563243,0.0004889913836497664,0.18236493420687447,0.02069660923797841,IWM,281.66
2027-02-19,C,375.0,0.40447845487021183,147.63463602762732,0.105,283.4709096623571,1.0099929252617494,1.3228870660720122,-0.27981651948777314,0.00036674353773732477,0.1834711956410506,0.01643032998204235,IWM,281.66
2027-02-19,C,380.0,0.4044784548700216,147.6346360275579,0.085,283.4709096623571,1.0099929252617494,1.3405255602863058,-0.29306174623779385,0.00029688762578735815,0.18621871833666667,0.013727919961990227,IWM,281.66
2027-02-19,C,385.0,0.404478454869863,147.6346360275,0.065,283.4709096623571,1.0099929252617494,1.3581640545005993,-0.30613382780514664,0.00022703171383739153,0.1876504045074428,0.010995731267393902,IWM,281.66
2027-02-19,C,390.0,0.40447845486967277,147.63463602743056,0.05500000000000001,283.4709096623571,1.0099929252617494,1.3758025487148928,-0.31903723264105455,0.00019210375786240825,0.1910737086314182,0.009464916719901646,IWM,281.66
2027-02-19,C,395.0,0.40447845486948253,147.63463602736113,0.05,283.4709096623571,1.0099929252617494,1.3934410429291864,-0.3317762584184843,0.00017463977987491658,0.19578827141880806,0.008589036013778324,IWM,281.66
2027-02-19,C,400.0,0.40447845486929224,147.63463602729166,0.04,283.4709096623571,1.0099929252617494,1.4110795371434797,-0.3443550406253443,0.00013971182389993324,0.19777706398506162,0.0070921595406637575,IWM,281.66
2027-02-19,C,405.0,0.4044784548691337,147.6346360272338,0.04,283.4709096623571,1.0099929252617494,1.4287180313577732,-0.3567775606239015,0.00013971182389993324,0.20406867149785038,0.006917418963353066,IWM,281.66
2027-03-19,P,200.0,0.48119078363165907,175.63463602555555,1.16,283.7047653906395,1.0086936509003068,0.7049581973873984,0.34961677241381567,0.2990953202898443,0.3119776908033063,0.0626441026427914,IWM,281.66
2027-03-19,P,205.0,0.48119078363146883,175.63463602548612,1.33,283.7047653906395,1.0086936509003068,0.7225821523220833,0.3249241598234442,0.28206541535958285,0.30235423073101225,0.07046392987186793,IWM,281.66
2027-03-19,P,210.0,0.48119078363131024,175.63463602542825,1.51,283.7047653906395,1.0086936509003068,0.7402061072567683,0.3008266082443837,0.26507045454722866,0.2921728653591453,0.07872572752410803,IWM,281.66
2027-03-19,P,215.0,0.48119078363112,175.6346360253588,1.725,283.7047653906395,1.0086936509003068,0.7578300621914532,0.2772961108341896,0.24819779814754994,0.28246977582759186,0.08808037831650593,IWM,281.66
2027-03-19,P,220.0,0.48119078363092976,175.63463602528935,1.98,283.7047653906395,1.0086936509003068,0.7754540171261382,0.2543065926094909,0.23146491821950033,0.2731480411902879,0.09856807773631222,IWM,281.66
2027-03-19,P,225.0,0.48119078363073947,175.63463602521992,2.2800000000000002,283.7047653906395,1.0086936509003068,0.7930779720608232,0.23183373675743219,0.21488928682203312,0.26409989361513536,0.11019586920840646,IWM,281.66
2027-03-19,P,230.0,0.48119078363058093,175.63463602516205,2.645,283.7047653906395,1.0086936509003068,0.8107019269955081,0.20985483003865696,0.19854079219096354,0.2556404261596519,0.12322321767917466,IWM,281.66
2027-03-19,P,235.0,0.48119078363039064,175.6346360250926,3.0700000000000003,283.7047653906395,1.0086936509003068,0.8283258819301931,0.1883486248176934,0.18240196226733718,0.2472750320570703,0.1373260557806313,IWM,281.66
2027-03-19,P,240.0,0.4811907836302004,175.63463602502316,3.55,283.7047653906395,1.0086936509003068,0.845949836864878,0.1672952156198611,0.16645532499220106,0.23864722855662332,0.1522261200483835,IWM,281.66
2027-03-19,P,245.0,0.48119078363001017,175.63463602495372,4.15,283.7047653906395,1.0086936509003068,0.863573791799563,0.14667592841712543,0.15092801713195203,0.2309501469249153,0.1685797884101619,IWM,281.66
2027-03-19,P,250.0,0.4811907836298199,175.63463602488426,4.890000000000001,283.7047653906395,1.0086936509003068,0.881197746734248,0.12647322109960588,0.13588992692240454,0.22406027794338126,0.18599960211118421,IWM,281.66
2027-03-19,P,255.0,0.48119078362966133,175.6346360248264,5.705,283.7047653906395,1.0086936509003068,0.8988217016689329,0.1066705938034262,0.12111391759716172,0.2163817151206589,0.20324180980323947,IWM,281.66
2027-03-19,P,260.0,0.4811907836294711,175.63463602475696,6.705,283.7047653906395,1.0086936509003068,0.9164456566036179,0.08725250794632464,0.1069843744532033,0.209555378584034,0.2206688384677436,IWM,281.66
2027-03-19,P,265.0,0.48119078362928086,175.63463602468752,7.890000000000001,283.7047653906395,1.0086936509003068,0.9340696115383028,0.06820431297563018,0.09350129749052927,0.2030970812400027,0.2372948905554855,IWM,281.66
2027-03-19,P,270.0,0.48119078362912227,175.63463602462963,9.32,283.7047653906395,1.0086936509003068,0.9516935664729878,0.049512179963477655,0.08087435141658328,0.19746235966474188,0.2523054161183296,IWM,281.66
2027-03-19,P,275.0,0.48119078362893203,175.6346360245602,10.95,283.7047653906395,1.0086936509003068,0.9693175214076728,0.031163041295281024,0.06894628770078226,0.19163252346401935,0.26448964353322013,IWM,281.66
2027-03-19,P,280.0,0.48119078362871004,175.63463602447916,12.865,283.7047653906395,1.0086936509003068,0.9869414763423577,0.013144535792602734,0.058014131345338726,0.18643437330392312,0.27293750922887927,IWM,281.66
2027-03-19,C,285.0,0.4811907836286149,175.63463602444443,15.760000000000002,283.7047653906395,1.0086936509003068,1.0045654312770427,-0.0045550413067981625,0.055071929821849636,0.20685390233224915,0.2765166403430196,IWM,281.66
2027-03-19,C,290.0,0.48119078362845635,175.63463602438657,13.190000000000001,283.7047653906395,1.0086936509003068,1.0221893862117277,-0.021946784018667436,0.04609129151968253,0.20207541643618737,0.2757050783358201,IWM,281.66
2027-03-19,C,295.0,0.4811907836282661,175.63463602431713,10.905000000000001,283.7047653906395,1.0086936509003068,1.0398133411464126,-0.039041217377967424,0.038106560577872484,0.19776060940310458,0.27035679134830676,IWM,281.66
2027-03-19,C,300.0,0.4811907836280759,175.6346360242477,8.92,283.7047653906395,1.0086936509003068,1.0574372960810976,-0.05584833569434874,0.031170153173280375,0.19409496123064107,0.26052537229598505,IWM,281.66
2027-03-19,C,305.0,0.4811907836278856,175.63463602417823,7.21,283.7047653906395,1.0086936509003068,1.0750612510157824,-0.07237763764555918,0.025194709011138062,0.19084349112503263,0.24656247226925307,IWM,281.66
2027-03-19,C,310.0,0.48119078362769535,175.6346360241088,5.765000000000001,283.7047653906395,1.0086936509003068,1.0926852059504675,-0.08863815851733957,0.02014528397353827,0.18805519193031278,0.2291590591643759,IWM,281.66
2027-03-19,C,315.0,0.4811907836275368,175.63463602405093,4.5600000000000005,283.7047653906395,1.0086936509003068,1.1103091608851525,-0.10463849986378078,0.01593451776571284,0.18564626849858606,0.20918181144752765,IWM,281.66
2027-03-19,C,320.0,0.4811907836273465,175.63463602398147,3.5700000000000003,283.7047653906395,1.0086936509003068,1.1279331158198374,-0.12038685683191984,0.012475050092893604,0.1835821739566714,0.18761641962711562,IWM,281.66
2027-03-19,C,325.0,0.4811907836271562,175.634636023912,2.77,283.7047653906395,1.0086936509003068,1.1455570707545224,-0.13589104336788516,0.009679520660312404,0.18186902461169668,0.16548959121903628,IWM,281.66
2027-03-19,C,330.0,0.481190783626966,175.63463602384257,2.145,283.7047653906395,1.0086936509003068,1.1631810256892072,-0.15115851549867348,0.007495513291108341,0.18078705333464964,0.14406605542891412,IWM,281.66
2027-03-19,C,335.0,0.48119078362680745,175.6346360237847,1.645,283.7047653906395,1.0086936509003068,1.1808049806238923,-0.16619639286321408,0.0057483073957450915,0.17980149287013003,0.12352414245153452,IWM,281.66
2027-03-19,C,340.0,0.48119078362661716,175.63463602371527,1.26,283.7047653906395,1.0086936509003068,1.1984289355585773,-0.1810114786483548,0.0044029588563153895,0.17924811119445075,0.1047954642289227,IWM,281.66
2027-03-19,C,345.0,0.4811907836264269,175.63463602364584,0.96,283.7047653906395,1.0086936509003068,1.2160528904932622,-0.19561027806950737,0.0033546353190974394,0.17885684142331898,0.0878898415276133,IWM,281.66
2027-03-19,C,350.0,0.4811907836262367,175.63463602357638,0.735,283.7047653906395,1.0086936509003068,1.2336768454279472,-0.20999901552160705,0.002568392666183977,0.17894021859971615,0.07333516705212413,IWM,281.66
2027-03-19,C,355.0,0.48119078362607814,175.6346360235185,0.56,283.7047653906395,1.0086936509003068,1.251300800362632,-0.22418365051356337,0.00195687060280684,0.17906751045270508,0.06061770915683659,IWM,281.66
2027-03-19,C,360.0,0.48119078362588785,175.63463602344908,0.435,283.7047653906395,1.0086936509003068,1.268924755297317,-0.23816989248830334,0.0015200691289660273,0.17994895966951122,0.050399036682916454,IWM,281.66
2027-03-19,C,365.0,0.4811907836256976,175.63463602337964,0.33499999999999996,283.7047653906395,1.0086936509003068,1.286548710232002,-0.25196321462063903,0.001170627949893377,0.18064167022461358,0.04149235050800958,IWM,281.66
2027-03-19,C,370.0,0.4811907836255074,175.63463602331018,0.26,283.7047653906395,1.0086936509003068,1.304172665166687,-0.2655688666764177,0.0009085470655888899,0.1816058462119591,0.03418731681893366,IWM,281.66
2027-03-19,C,375.0,0.48119078362534884,175.6346360232523,0.20500000000000002,283.7047653906395,1.0086936509003068,1.321796620101372,-0.2789918870085585,0.0007163544170989324,0.18299075645302385,0.028366727255405753,IWM,281.66
2027-03-19,C,380.0,0.48119078362515855,175.63463602318288,0.165,283.7047653906395,1.0086936509003068,1.3394205750360568,-0.292237113758579,0.0005765779454698724,0.18484629564982238,0.02380641443495448,IWM,281.66
2027-03-19,C,385.0,0.48119078362496825,175.63463602311342,0.135,283.7047653906395,1.0086936509003068,1.3570445299707419,-0.30530919532593187,0.00047174559174807744,0.18701307009049137,0.020170148377779074,IWM,281.66
2027-03-19,C,390.0,0.481190783624778,175.63463602304398,0.11,283.7047653906395,1.0086936509003068,1.3746684849054267,-0.31821260016183966,0.00038438529697991494,0.1889920271210577,0.017017594104571137,IWM,281.66
2027-03-19,C,395.0,0.48119078362461953,175.63463602298614,0.09,283.7047653906395,1.0086936509003068,1.3922924398401118,-0.33095162593926947,0.00031449706116538494,0.19097884430654222,0.014381550916373132,IWM,281.66
2027-03-19,C,400.0,0.4811907836244292,175.63463602291665,0.07500000000000001,283.7047653906395,1.0086936509003068,1.4099163947747968,-0.3435304081461297,0.0002620808843044875,0.19327274622625373,0.01230257940389639,IWM,281.66
2027-03-19,C,405.0,0.48119078362423895,175.63463602284722,0.065,283.7047653906395,1.0086936509003068,1.4275403497094816,-0.3559529281446867,0.00022713676639722247,0.19628639538764206,0.01082255056071104,IWM,281.66
2027-03-31,P,199.0,0.5140674959487886,187.63463602130784,1.24,284.5480442757069,1.0111826776961423,0.6993546573357682,0.35759728725834633,0.3049549376668709,0.31149988883890933,0.06597500947858735,IWM,281.66
2027-03-31,P,200.0,0.5140674959485985,187.63463602123844,1.27,284.5480442757069,1.0111826776961423,0.7028690023475057,0.35258474543480206,0.3015448570503585,0.3094314806851203,0.0674126472325244,IWM,281.66
2027-03-31,P,205.0,0.5140674959484082,187.63463602116897,1.425,284.5480442757069,1.0111826776961423,0.7204407274061934,0.32789213284443053,0.28451183136700087,0.2988550298948708,0.07485924069218095,IWM,281.66
2027-03-31,P,210.0,0.5140674959482496,187.6346360211111,1.685,284.5480442757069,1.0111826776961423,0.738012452464881,0.30379458126537,0.26784373106693105,0.2919022348854295,0.08522054666368975,IWM,281.66
2027-03-31,P,215.0,0.5140674959480593,187.63463602104167,1.915,284.5480442757069,1.0111826776961423,0.7555841775235687,0.2802640838551759,0.2510713663716361,0.2823771242662683,0.0948908930453397,IWM,281.66
2027-03-31,P,218.0,0.514067495947869,187.6346360209722,2.08,284.5480442757069,1.0111826776961423,0.7661272125587812,0.2664070491937497,0.24110178551016181,0.2771079650616403,0.10139386022112196,IWM,281.66
2027-03-31,P,219.0,0.5140674959476789,187.63463602090278,2.135,284.5480442757069,1.0111826776961423,0.7696415575705188,0.26183038216633786,0.23777859188967032,0.27525391450351205,0.10357035079396566,IWM,281.66
2027-03-31,P,220.0,0.5140674959475202,187.63463602084488,2.115,284.5480442757069,1.0111826776961423,0.7731559025822563,0.2572745656304772,0.23419473728111595,0.27086967634050124,0.10409600652516002,IWM,281.66
2027-03-31,P,221.0,0.51406749594733,187.63463602077547,2.25,284.5480442757069,1.0111826776961423,0.7766702475939938,0.25273941046508586,0.2311495820478916,0.2715704071576464,0.10804882958019202,IWM,281.66
2027-03-31,P,222.0,0.5140674959471397,187.634636020706,2.2350000000000003,284.5480442757069,1.0111826776961423,0.7801845926057314,0.24822473011055926,0.2275831048385415,0.26735793595533647,0.10874502727770029,IWM,281.66
2027-03-31,P,223.0,0.5140674959469496,187.63463602063658,2.375,284.5480442757069,1.0111826776961423,0.7836989376174689,0.24373034052271994,0.2245553270045214,0.2680105826435149,0.11275849677369199,IWM,281.66
2027-03-31,P,224.0,0.5140674959467909,187.63463602057868,2.4400000000000004,284.5480442757069,1.0111826776961423,0.7872132826292064,0.23925606012779885,0.22126688818243823,0.26623116801469765,0.11517036876162304,IWM,281.66
2027-03-31,P,225.0,0.5140674959466007,187.63463602050928,2.51,284.5480442757069,1.0111826776961423,0.790727627640944,0.23480170977841855,0.2179958267595593,0.2645486155454696,0.11768595711987986,IWM,281.66
2027-03-31,P,226.0,0.5140674959464104,187.6346360204398,2.58,284.5480442757069,1.0111826776961423,0.7942419726526815,0.23036711271055282,0.2147247653366806,0.26281078582455547,0.1202025514423492,IWM,281.66
2027-03-31,P,227.0,0.5140674959462203,187.63463602037038,2.6500000000000004,284.5480442757069,1.0111826776961423,0.797756317664419,0.22595209450143602,0.2114537039138017,0.2610195574599083,0.12272119989296298,IWM,281.66
2027-03-31,P,228.0,0.5140674959460616,187.63463602031248,2.725,284.5480442757069,1.0111826776961423,0.8012706626761565,0.22155648302839792,0.20820001989012704,0.25931535572564063,0.12533756819475403,IWM,281.66
2027-03-31,P,229.0,0.5140674959458714,187.63463602024308,2.725,284.5480442757069,1.0111826776961423,0.8047850076878941,0.21718010842859903,0.2046856748783895,0.25550710979575136,0.1265463462999102,IWM,281.66
2027-03-31,P,230.0,0.5140674959456811,187.63463602017362,2.805,284.5480442757069,1.0111826776961423,0.8082993526996316,0.21282280305964332,0.2014493682539189,0.2538693432318922,0.12928520341778552,IWM,281.66
2027-03-31,P,231.0,0.5140674959454908,187.63463602010415,2.8899999999999997,284.5480442757069,1.0111826776961423,0.8118136977113691,0.20848440146104513,0.19823043902865278,0.25230381387805045,0.13211323433770303,IWM,281.66
2027-03-31,P,232.0,0.5140674959453007,187.63463602003475,2.965,284.5480442757069,1.0111826776961423,0.8153280427231067,0.20416474031652873,0.1949767550049779,0.2504177196192701,0.13475866788070992,IWM,281.66
2027-03-31,P,233.0,0.5140674959451104,187.63463601996528,3.0650000000000004,284.5480442757069,1.0111826776961423,0.8188423877348442,0.19986365841713813,0.19180995797732436,0.2491124728915327,0.13784385549983338,IWM,281.66
2027-03-31,P,234.0,0.5140674959449518,187.63463601990742,3.1550000000000002,284.5480442757069,1.0111826776961423,0.8223567327465817,0.19558099662513725,0.18860840615126206,0.24748556518172402,0.14074504642172464,IWM,281.66
2027-03-31,P,235.0,0.5140674959447615,187.63463601983796,3.25,284.5480442757069,1.0111826776961423,0.8258710777583192,0.19131659783867971,0.18542423172440425,0.24591774688332896,0.14372435576238804,IWM,281.66
2027-03-31,P,236.0,0.5140674959445712,187.6346360197685,3.35,284.5480442757069,1.0111826776961423,0.8293854227700568,0.18707030695722862,0.1822574346967505,0.2444035563984341,0.14677692246991977,IWM,281.66
2027-03-31,P,237.0,0.5140674959443811,187.6346360196991,3.45,284.5480442757069,1.0111826776961423,0.8328997677817943,0.18284197084770748,0.17909063766909672,0.2428218378394322,0.1498194867254959,IWM,281.66
2027-03-31,P,238.0,0.5140674959441908,187.63463601962962,3.555,284.5480442757069,1.0111826776961423,0.8364141127935318,0.178631438311364,0.17594121804064722,0.24128838704941843,0.15292980503511122,IWM,281.66
2027-03-31,P,239.0,0.5140674959440005,187.63463601956016,3.665,284.5480442757069,1.0111826776961423,0.8399284578052694,0.17443856005132802,0.17280917581140198,0.23979837279048666,0.1561029945039366,IWM,281.66
2027-03-31,P,240.0,0.5140674959438103,187.63463601949076,3.775,284.5480442757069,1.0111826776961423,0.8434428028170069,0.17026318864084736,0.16967713358215653,0.23823812047573267,0.15926224704412376,IWM,281.66
2027-03-31,P,241.0,0.51406749594362,187.6346360194213,3.895,284.5480442757069,1.0111826776961423,0.8469571478287444,0.16610517849218367,0.1665798461513196,0.2368236609267621,0.16254865601139987,IWM,281.66
2027-03-31,P,242.0,0.5140674959434615,187.63463601936343,4.01,284.5480442757069,1.0111826776961423,0.850471492840482,0.16196438582615227,0.1634651813212784,0.23522993176276136,0.1657481416927426,IWM,281.66
2027-03-31,P,243.0,0.5140674959432712,187.63463601929396,4.140000000000001,284.5480442757069,1.0111826776961423,0.8539858378522195,0.1578406686422902,0.1604026486888498,0.2338764267978288,0.16913039050877032,IWM,281.66
2027-03-31,P,244.0,0.514067495943081,187.63463601922456,4.265000000000001,284.5480442757069,1.0111826776961423,0.857500182863957,0.1537338866896368,0.15732273865721713,0.2323440744421567,0.1724247167104839,IWM,281.66
2027-03-31,P,245.0,0.5140674959428907,187.6346360191551,4.404999999999999,284.5480442757069,1.0111826776961423,0.8610145278756945,0.14964390143811168,0.15429496082319683,0.23103634566381537,0.17588320923860193,IWM,281.66
2027-03-31,P,246.0,0.5140674959427322,187.63463601909723,4.54,284.5480442757069,1.0111826776961423,0.8645288728874321,0.14557057605047585,0.15124980558997247,0.22955057253285802,0.1792529321723612,IWM,281.66
2027-03-31,P,247.0,0.5140674959425419,187.63463601902777,4.75,284.5480442757069,1.0111826776961423,0.8680432178991696,0.14151377535486148,0.14846531134481078,0.22941388830177506,0.18343989794280535,IWM,281.66
2027-03-31,P,248.0,0.5140674959423517,187.63463601895836,4.83,284.5480442757069,1.0111826776961423,0.8715575629109071,0.1374733658178565,0.1452290047203404,0.22672921134480953,0.18613968860740282,IWM,281.66
2027-03-31,P,249.0,0.514067495942193,187.63463601890047,4.98,284.5480442757069,1.0111826776961423,0.8750719079226447,0.13344921551813105,0.14223598168472862,0.22529221212876052,0.18959059293979308,IWM,281.66
2027-03-31,P,250.0,0.5140674959420027,187.634636018831,5.13,284.5480442757069,1.0111826776961423,0.8785862529343822,0.12944119412059224,0.13924295864911662,0.2237759905255092,0.1930096672848358,IWM,281.66
2027-03-31,P,251.0,0.5140674959418126,187.6346360187616,5.305,284.5480442757069,1.0111826776961423,0.8821005979461197,0.12544917285105478,0.13633682260952595,0.2226246112085257,0.19663772664808116,IWM,281.66
2027-03-31,P,252.0,0.5140674959415906,187.63463601868057,5.495,284.5480442757069,1.0111826776961423,0.8856149429578573,0.12147302447141535,0.13348281876754764,0.22164261055052117,0.20035185102140343,IWM,281.66
2027-03-31,P,253.0,0.514067495941432,187.63463601862267,5.645,284.5480442757069,1.0111826776961423,0.8891292879695948,0.11751262325531843,0.13048979573193564,0.2198810343800864,0.20365883636742807,IWM,281.66
2027-03-31,P,254.0,0.5140674959412418,187.63463601855327,5.895,284.5480442757069,1.0111826776961423,0.8926436329813323,0.11356784496430208,0.12784432068040763,0.219723582906891,0.20776121337442865,IWM,281.66
2027-03-31,P,255.0,0.5140674959410515,187.6346360184838,6.015000000000001,284.5480442757069,1.0111826776961423,0.8961579779930698,0.10963856682441252,0.1247470332495707,0.21729887029684963,0.21074663740892693,IWM,281.66
2027-03-31,P,256.0,0.5140674959408612,187.63463601841434,6.23,284.5480442757069,1.0111826776961423,0.8996723230048074,0.10572466750327618,0.12197991640361328,0.21636169027581625,0.21443430514547723,IWM,281.66
2027-03-31,P,257.0,0.5140674959407027,187.63463601835647,6.43,284.5480442757069,1.0111826776961423,0.9031866680165449,0.10182602708761886,0.11916066736004349,0.21508386286440218,0.21794289289356011,IWM,281.66
2027-03-31,P,258.0,0.5140674959405124,187.634636018287,6.609999999999999,284.5480442757069,1.0111826776961423,0.9067010130282824,0.09794252706122124,0.11627190871965665,0.21340077615807093,0.22125997654793655,IWM,281.66
2027-03-31,P,259.0,0.5140674959403222,187.6346360182176,6.805,284.5480442757069,1.0111826776961423,0.91021535804002,0.0940740502833009,0.1134352822768826,0.21186980770202238,0.22462622651656328,IWM,281.66
2027-03-31,P,260.0,0.5140674959401635,187.63463601815968,7.035,284.5480442757069,1.0111826776961423,0.9137297030517575,0.09022048096731092,0.11072029762853774,0.2107865839138203,0.2281412214165121,IWM,281.66
2027-03-31,P,261.0,0.5140674959399734,187.63463601809028,7.265000000000001,284.5480442757069,1.0111826776961423,0.917244048063495,0.08638170466014525,0.10800531298019311,0.20960347938355467,0.23157588442763644,IWM,281.66
2027-03-31,P,262.0,0.5140674959397831,187.6346360180208,7.5,284.5480442757069,1.0111826776961423,0.9207583930752326,0.0825576082217418,0.10530770573105253,0.2083965608778045,0.23495682281859218,IWM,281.66
2027-03-31,P,263.0,0.5140674959395929,187.6346360179514,7.74,284.5480442757069,1.0111826776961423,0.9242727380869701,0.0787480798050741,0.10262747588111598,0.20716455222049573,0.23827962959248297,IWM,281.66
2027-03-31,P,264.0,0.5140674959393708,187.63463601787035,8.005,284.5480442757069,1.0111826776961423,0.9277870830987076,0.07495300883652249,0.10003413302720054,0.2061939090752838,0.2416248259555471,IWM,281.66
2027-03-31,P,265.0,0.5140674959391806,187.63463601780091,8.245000000000001,284.5480442757069,1.0111826776961423,0.9313014281104451,0.07117228599661644,0.09735390317726422,0.2047621797755968,0.24477190098285642,IWM,281.66
2027-03-31,P,266.0,0.5140674959389904,187.63463601773148,8.530000000000001,284.5480442757069,1.0111826776961423,0.9348157731221827,0.06740580320113958,0.0948300699201654,0.20386599196199956,0.24799610879027878,IWM,281.66
2027-03-31,P,267.0,0.5140674959388001,187.63463601766202,8.785,284.5480442757069,1.0111826776961423,0.9383301181339202,0.06365345358258911,0.09220197226784166,0.2024448435214979,0.25101161749244183,IWM,281.66
2027-03-31,P,268.0,0.5140674959386099,187.6346360175926,9.079999999999998,284.5480442757069,1.0111826776961423,0.9418444631456577,0.05991513147198197,0.08971289380915137,0.20147300359734122,0.25405036176709694,IWM,281.66
2027-03-31,P,269.0,0.5140674959384512,187.63463601753472,9.375,284.5480442757069,1.0111826776961423,0.9453588081573953,0.05619073238099954,0.08722381535046086,0.20039166709307063,0.2569715898776231,IWM,281.66
2027-03-31,P,270.0,0.5140674959382611,187.63463601746528,9.64,284.5480442757069,1.0111826776961423,0.9488731531691328,0.05248015298446389,0.08463047249654543,0.1988009860947782,0.2597076263673246,IWM,281.66
2027-03-31,P,275.0,0.5140674959380708,187.63463601739582,11.285,284.5480442757069,1.0111826776961423,0.9664448782278204,0.03413101431626735,0.07277591177603637,0.19345689549403447,0.2721548697358542,IWM,281.66
2027-03-31,P,280.0,0.5140674959379122,187.63463601733795,13.185,284.5480442757069,1.0111826776961423,0.9840166032865081,0.016112508813589027,0.06180759841494088,0.18846791402345717,0.28108828051013013,IWM,281.66
2027-03-31,C,285.0,0.5140674959378171,187.63463601730325,16.175,284.5480442757069,1.0111826776961423,1.0015883283451956,-0.0015870682858117827,0.056215886425554605,0.1993100477104223,0.28551530094541294,IWM,281.66
2027-03-31,C,290.0,0.5140674959376269,187.63463601723382,13.785,284.5480442757069,1.0111826776961423,1.0191600534038834,-0.018978810997681082,0.04790948960595179,0.19747798012563667,0.28546409913182047,IWM,281.66
2027-03-31,C,295.0,0.5140674959374366,187.63463601716435,11.5,284.5480442757069,1.0111826776961423,1.036731778462571,-0.036073244356981095,0.039968018169636965,0.19394442792969746,0.2809249279985329,IWM,281.66
2027-03-31,C,300.0,0.5140674959371829,187.63463601707176,9.5,284.5480442757069,1.0111826776961423,1.0543035035212587,-0.052880362673362435,0.03301705848796097,0.190907506063365,0.27194183332884286,IWM,281.66
2027-03-31,C,305.0,0.5140674959370244,187.6346360170139,7.734999999999999,284.5480442757069,1.0111826776961423,1.0718752285799462,-0.0694096646245729,0.026882836568881907,0.18780186646583133,0.25870700742554475,IWM,281.66
2027-03-31,C,310.0,0.5140674959368341,187.63463601694446,6.245,284.5480442757069,1.0111826776961423,1.089446953638634,-0.08567018549635332,0.021704371606033293,0.18529775326459919,0.2419759217392311,IWM,281.66
2027-03-31,C,315.0,0.5140674959366438,187.634636016875,4.99,284.5480442757069,1.0111826776961423,1.1070186786973215,-0.10167052684279435,0.017342644405781607,0.1831003103168511,0.22249562528473607,IWM,281.66
2027-03-31,C,320.0,0.5140674959364853,187.63463601681713,3.955,284.5480442757069,1.0111826776961423,1.1245904037560093,-0.11741888381093363,0.013745522770514279,0.18131193510112606,0.20129979372797044,IWM,281.66
2027-03-31,C,325.0,0.514067495936295,187.63463601674766,3.105,284.5480442757069,1.0111826776961423,1.1421621288146968,-0.1329230703468988,0.010791364905801982,0.1797496853717175,0.17922122629632406,IWM,281.66
2027-03-31,C,330.0,0.5140674959361048,187.63463601667826,2.425,284.5480442757069,1.0111826776961423,1.1597338538733846,-0.14819054247768731,0.008428038614032142,0.17859825517257763,0.15735897534978355,IWM,281.66
2027-03-31,C,335.0,0.5140674959359145,187.6346360166088,1.8849999999999998,284.5480442757069,1.0111826776961423,1.177305578932072,-0.16322841984222775,0.006551279499979624,0.17777295666668808,0.13641573004757415,IWM,281.66
2027-03-31,C,340.0,0.514067495935756,187.63463601655093,1.46,284.5480442757069,1.0111826776961423,1.1948773039907599,-0.17804350562736848,0.005074200567623475,0.17723724742650399,0.116934674627925,IWM,281.66
2027-03-31,C,345.0,0.5140674959355657,187.63463601648147,1.1600000000000001,284.5480442757069,1.0111826776961423,1.2124490290494474,-0.19264230504852106,0.0040315566153720775,0.1780703831514453,0.10069193561456354,IWM,281.66
2027-03-31,C,350.0,0.5140674959353755,187.63463601641206,0.895,284.5480442757069,1.0111826776961423,1.230020754108135,-0.2070310425006206,0.0031105544575500076,0.1779285111970748,0.08484003960254706,IWM,281.66
2027-03-31,C,355.0,0.5140674959351852,187.6346360163426,0.69,284.5480442757069,1.0111826776961423,1.2475924791668227,-0.22121567749257712,0.002398081090178218,0.17799142457017247,0.07097272303985531,IWM,281.66
2027-03-31,C,360.0,0.5140674959350267,187.63463601628473,0.51,284.5480442757069,1.0111826776961423,1.2651642042255102,-0.23520191946731692,0.0017724947188273786,0.176923489454768,0.057556463739224795,IWM,281.66
2027-03-31,C,365.0,0.5140674959348364,187.63463601621527,0.395,284.5480442757069,1.0111826776961423,1.282735929284198,-0.24899524159965283,0.001372814537131009,0.17752055646476297,0.04770621775548158,IWM,281.66
2027-03-31,C,370.0,0.5140674959346462,187.63463601614586,0.31,284.5480442757069,1.0111826776961423,1.3003076543428855,-0.2626008936554314,0.0010773987506597792,0.17854956715712675,0.039704733209728095,IWM,281.66
2027-03-31,C,375.0,0.5140674959344559,187.6346360160764,0.24,284.5480442757069,1.0111826776961423,1.3178793794015733,-0.27602391398757214,0.0008341151618011192,0.17924370457446714,0.03264047960647026,IWM,281.66
2027-03-31,C,380.0,0.5140674959342973,187.63463601601853,0.19,284.5480442757069,1.0111826776961423,1.3354511044602608,-0.2892691407375927,0.0006603411697592194,0.18052053372267352,0.0271447494101728,IWM,281.66
2027-03-31,C,385.0,0.514067495934107,187.63463601594907,0.15,284.5480442757069,1.0111826776961423,1.3530228295189486,-0.3023412223049456,0.0005213219761256995,0.18170917587131322,0.022475983004515317,IWM,281.66
2027-04-16,P,200.0,0.5579031123699898,203.63463601504628,1.4300000000000002,284.27403787415994,1.0098376623376624,0.7035464845668894,0.35162132846721483,0.3014348679338764,0.30416450906427484,0.07496931026061673,IWM,281.66
2027-04-16,P,205.0,0.5579031123697995,203.63463601497682,1.585,284.27403787415994,1.0098376623376624,0.7211351466810616,0.3269287158768434,0.2843861426292278,0.2932628464484635,0.08258101850971185,IWM,281.66
2027-04-16,P,210.0,0.5579031123696093,203.63463601490741,1.805,284.27403787415994,1.0098376623376624,0.7387238087952339,0.3028311642977828,0.26756384243825027,0.2842535012800843,0.09209259846649288,IWM,281.66
2027-04-16,P,215.0,0.557903112369419,203.63463601483795,2.09,284.27403787415994,1.0098376623376624,0.7563124709094061,0.2793006668875887,0.25096796736094407,0.27649838292323176,0.10329394891455625,IWM,281.66
2027-04-16,P,220.0,0.5579031123692288,203.63463601476852,2.34,284.27403787415994,1.0098376623376624,0.7739011330235783,0.25631114866289,0.23425017106858403,0.2664528598508132,0.11382212039268395,IWM,281.66
2027-04-16,P,225.0,0.5579031123690702,203.63463601471062,2.6799999999999997,284.27403787415994,1.0098376623376624,0.7914897951377505,0.23383829281083146,0.21784588647207637,0.2580683617358586,0.12642456541226776,IWM,281.66
2027-04-16,P,230.0,0.55790311236888,203.63463601464122,3.12,284.27403787415994,1.0098376623376624,0.8090784572519228,0.2118593860920561,0.20178994820429363,0.25099458350063636,0.14091877382561344,IWM,281.66
2027-04-16,P,235.0,0.5579031123686897,203.63463601457175,3.56,284.27403787415994,1.0098376623376624,0.826667119366095,0.19035318087109257,0.1857340099365108,0.24245328500591,0.15529525101629532,IWM,281.66
2027-04-16,P,240.0,0.5579031123684995,203.63463601450232,4.125,284.27403787415994,1.0098376623376624,0.8442557814802673,0.16929977167326024,0.17011350457963414,0.2351976505003986,0.1714275442972518,IWM,281.66
2027-04-16,P,245.0,0.5579031123683409,203.63463601444442,4.785,284.27403787415994,1.0098376623376624,0.8618444435944395,0.14868048447052462,0.15482392823504632,0.22814539622454955,0.1883756336166761,IWM,281.66
2027-04-16,P,250.0,0.5579031123681507,203.63463601437502,5.545,284.27403787415994,1.0098376623376624,0.8794331057086118,0.12847777715300507,0.1398826982191832,0.22111845578700634,0.20578236858833232,IWM,281.66
2027-04-16,P,255.0,0.5579031123679604,203.63463601430556,6.46,284.27403787415994,1.0098376623376624,0.897021767822784,0.10867514985682539,0.12548140501284355,0.214744811250883,0.22362155245171939,IWM,281.66
2027-04-16,P,260.0,0.5579031123677702,203.63463601423615,7.51,284.27403787415994,1.0098376623376624,0.9146104299369562,0.08925706399972384,0.11155037935028278,0.20835898840266778,0.24102755341196883,IWM,281.66
2027-04-16,P,265.0,0.5579031123676116,203.63463601417823,8.739999999999998,284.27403787415994,1.0098376623376624,0.9321990920511285,0.07020886902902927,0.0982463770794264,0.2023314994205566,0.2575363269657585,IWM,281.66
2027-04-16,P,270.0,0.5579031123674214,203.63463601410882,10.225000000000001,284.27403787415994,1.0098376623376624,0.9497877541653007,0.05151673601687676,0.08583065794681877,0.19731509945542308,0.2724529292678707,IWM,281.66
2027-04-16,P,275.0,0.5579031123672311,203.63463601403936,11.805,284.27403787415994,1.0098376623376624,0.9673764162794729,0.03316759734868025,0.07374586782649972,0.19097588305525318,0.2845395469857232,IWM,281.66
2027-04-16,P,280.0,0.5579031123670409,203.63463601396995,13.754999999999999,284.27403787415994,1.0098376623376624,0.9849650783936451,0.015149091846001968,0.06294995912246282,0.18648715268974062,0.29327708331335334,IWM,281.66
2027-04-16,C,285.0,0.5579031123669457,203.63463601393516,17.33,284.27403787415994,1.0098376623376624,1.0025537405078173,-0.0025504852533989194,0.060368418768022555,0.2067896038858269,0.29743286799610263,IWM,281.66
2027-04-16,C,290.0,0.5579031123667871,203.6346360138773,14.879999999999999,284.27403787415994,1.0098376623376624,1.0201424026219896,-0.019942227965268185,0.05183393371426288,0.20413597288194543,0.297538543604316,IWM,281.66
2027-04-16,C,295.0,0.5579031123665968,203.63463601380784,12.565,284.27403787415994,1.0098376623376624,1.037731064736162,-0.03703666132456838,0.04376971620428179,0.20040806217467877,0.2935771628446459,IWM,281.66
2027-04-16,C,300.0,0.5579031123664067,203.63463601373843,10.5,284.27403787415994,1.0098376623376624,1.055319726850334,-0.053843779640949475,0.036576364516112916,0.1969375644286776,0.28550415053092093,IWM,281.66
2027-04-16,C,305.0,0.5579031123662164,203.63463601366897,8.69,284.27403787415994,1.0098376623376624,1.0729083889645064,-0.07037308159216012,0.030271295966192498,0.1938305882882813,0.27354411841039733,IWM,281.66
2027-04-16,C,310.0,0.5579031123660578,203.6346360136111,7.125,284.27403787415994,1.0098376623376624,1.0904970510786787,-0.0866336024639405,0.024819675921648052,0.1910788977339766,0.25815834426289364,IWM,281.66
2027-04-16,C,315.0,0.5579031123658675,203.63463601354164,5.785,284.27403787415994,1.0098376623376624,1.1080857131928508,-0.1026339438103815,0.020151835116734594,0.18859724768885755,0.23995586524196164,IWM,281.66
2027-04-16,C,320.0,0.5579031123656774,203.63463601347223,4.665,284.27403787415994,1.0098376623376624,1.125674375307023,-0.11838230077852074,0.016250356235015882,0.1865702624652087,0.21985488098210992,IWM,281.66
2027-04-16,C,325.0,0.5579031123655188,203.63463601341437,3.745,284.27403787415994,1.0098376623376624,1.1432630374211952,-0.13388648731448588,0.013045570010746941,0.1850464746025524,0.1988249427360124,IWM,281.66
2027-04-16,C,330.0,0.5579031123653285,203.6346360133449,2.9699999999999998,284.27403787415994,1.0098376623376624,1.1608516995353675,-0.14915395944527438,0.010345885963129083,0.1834454791168817,0.17711360408228377,IWM,281.66
2027-04-16,C,335.0,0.5579031123651066,203.6346360132639,2.35,284.27403787415994,1.0098376623376624,1.1784403616495398,-0.16419183680981494,0.008186138725034797,0.1823306545454943,0.1560291239286433,IWM,281.66
2027-04-16,C,340.0,0.557903112364948,203.63463601320603,1.855,284.27403787415994,1.0098376623376624,1.196029023763712,-0.1790069225949555,0.006461824397846616,0.18157346976144564,0.13607143692474416,IWM,281.66
2027-04-16,C,345.0,0.5579031123647578,203.63463601313657,1.4649999999999999,284.27403787415994,1.0098376623376624,1.2136176858778842,-0.19360572201610823,0.0051032737158195635,0.18120943093794217,0.11774487666699782,IWM,281.66
2027-04-16,C,350.0,0.5579031123645676,203.63463601306717,1.145,284.27403787415994,1.0098376623376624,1.2312063479920565,-0.2079944594682079,0.003988565463899933,0.18070750815183967,0.10062960705887489,IWM,281.66
2027-04-16,C,355.0,0.5579031123643772,203.63463601299767,0.9,284.27403787415994,1.0098376623376624,1.2487950101062286,-0.2221790944601642,0.0031351169585239645,0.18068643864789302,0.08569201858444923,IWM,281.66
2027-04-16,C,360.0,0.5579031123641869,203.6346360129282,0.7050000000000001,284.27403787415994,1.0098376623376624,1.266383672220401,-0.23616533643490417,0.002455841617510439,0.18072806542322756,0.07241989909829902,IWM,281.66
2027-04-16,C,365.0,0.5579031123640283,203.63463601287035,0.5449999999999999,284.27403787415994,1.0098376623376624,1.2839723343345733,-0.24995865856724006,0.0018984874915506226,0.18050611404731853,0.06041168753034194,IWM,281.66
2027-04-16,C,370.0,0.5579031123638382,203.63463601280094,0.43,284.27403787415994,1.0098376623376624,1.3015609964487453,-0.26356431062301855,0.0014978892135170052,0.18105685394683507,0.050774726347760535,IWM,281.66
2027-04-16,C,375.0,0.5579031123636479,203.63463601273148,0.345,284.27403787415994,1.0098376623376624,1.3191496585629177,-0.2769873309551593,0.001201794834100853,0.1821372449058155,0.04297102226178716,IWM,281.66
2027-04-16,C,380.0,0.5579031123634576,203.634636012662,0.27,284.27403787415994,1.0098376623376624,1.3367383206770898,-0.29023255770517986,0.0009405350875571894,0.18255628538370838,0.03568057613090687,IWM,281.66
2027-04-16,C,385.0,0.557903112363299,203.63463601260415,0.215,284.27403787415994,1.0098376623376624,1.354326982791262,-0.30330463927253265,0.0007489446067585026,0.1834672738286301,0.0298737319928858,IWM,281.66
2027-04-16,C,390.0,0.5579031123631089,203.63463601253474,0.18,284.27403787415994,1.0098376623376624,1.3719156449054344,-0.3162080441084406,0.0006270233917047928,0.18558749384878362,0.025816642584690255,IWM,281.66
2027-04-16,C,395.0,0.5579031123629502,203.63463601247682,0.145,284.27403787415994,1.0098376623376624,1.3895043070196065,-0.3289470698858703,0.0005051021766510831,0.1867121111077435,0.021700231439280862,IWM,281.66
2027-04-16,C,400.0,0.55790311236276,203.6346360124074,0.11499999999999999,284.27403787415994,1.0098376623376624,1.4070929691337788,-0.34152585209273045,0.00040059827803361767,0.18746487400398323,0.018007932268292746,IWM,281.66
2027-04-16,C,405.0,0.5579031123625697,203.63463601233795,0.095,284.27403787415994,1.0098376623376624,1.424681631247951,-0.35394837209128766,0.0003309290122886407,0.18909333622047184,0.015355098739147564,IWM,281.66
2027-05-21,P,200.0,0.6537935233187468,238.6346360113426,1.725,285.56522800858903,1.016676284466482,0.7003653819994657,0.35615310583497173,0.3055761861398121,0.29533389146625333,0.08814181966409823,IWM,281.66
2027-05-21,P,205.0,0.6537935233185249,238.6346360112616,1.935,285.56522800858903,1.016676284466482,0.7178745165494524,0.33146049324460014,0.28879037292851995,0.2862401987393895,0.09736025861957832,IWM,281.66
2027-05-21,P,210.0,0.6537935233183346,238.63463601119213,2.19,285.56522800858903,1.016676284466482,0.735383651099439,0.30736294166553974,0.2721595571469485,0.27786142728133567,0.10783035390471195,IWM,281.66
2027-05-21,P,215.0,0.6537935233181761,238.63463601113426,2.4850000000000003,285.56522800858903,1.016676284466482,0.7528927856494257,0.28383244425534554,0.2556665168584614,0.26976752608676813,0.11932839400536495,IWM,281.66
2027-05-21,P,220.0,0.6537935233179542,238.63463601105326,2.8049999999999997,285.56522800858903,1.016676284466482,0.7704019201994123,0.26084292603064685,0.23925958625315236,0.2613827269882346,0.13146202387399522,IWM,281.66
2027-05-21,P,225.0,0.6537935233177956,238.6346360109954,3.235,285.56522800858903,1.016676284466482,0.787911054749399,0.2383700701785882,0.22323153825382636,0.2546895253801416,0.14575798557091485,IWM,281.66
2027-05-21,P,230.0,0.6537935233176053,238.63463601092593,3.665,285.56522800858903,1.016676284466482,0.8054201892993856,0.216391163459813,0.20720349025450024,0.24674215821993867,0.15996711880018702,IWM,281.66
2027-05-21,P,235.0,0.6537935233174149,238.63463601085644,4.16,285.56522800858903,1.016676284466482,0.8229293238493723,0.19488495823884933,0.19139932743143684,0.23899640819842327,0.17516177268624775,IWM,281.66
2027-05-21,P,240.0,0.6537935233172247,238.63463601078703,4.78,285.56522800858903,1.016676284466482,0.8404384583993589,0.17383154904101705,0.17602571302426306,0.2323396687152571,0.1918881797486114,IWM,281.66
2027-05-21,P,245.0,0.6537935233170344,238.63463601071757,5.605,285.56522800858903,1.016676284466482,0.8579475929493455,0.15321226183828143,0.1613581980191484,0.22766195726340457,0.21042447602644618,IWM,281.66
2027-05-21,P,250.0,0.6537935233168759,238.6346360106597,6.35,285.56522800858903,1.016676284466482,0.8754567274993322,0.1330095545207619,0.14641513202786427,0.220018488458382,0.22732422172378505,IWM,281.66
2027-05-21,P,255.0,0.6537935233166856,238.63463601059024,7.455,285.56522800858903,1.016676284466482,0.8929658620493188,0.11320692722458225,0.13271204547434268,0.21604798659904353,0.24614929957637424,IWM,281.66
2027-05-21,P,260.0,0.6537935233164954,238.63463601052084,8.485,285.56522800858903,1.016676284466482,0.9104749965993055,0.09378884136748061,0.11875062987128704,0.2091387718533805,0.26297624783484247,IWM,281.66
2027-05-21,P,265.0,0.6537935233163051,238.63463601045137,9.795,285.56522800858903,1.016676284466482,0.9279841311492921,0.07474064639678618,0.10575364271982457,0.20401570669641417,0.2794778943693475,IWM,281.66
2027-05-21,P,270.0,0.6537935233161466,238.6346360103935,11.285,285.56522800858903,1.016676284466482,0.9454932656992788,0.056048513384633576,0.09337664528724299,0.19903611174868377,0.2942495665060583,IWM,281.66
2027-05-21,P,275.0,0.6537935233159563,238.63463601032404,13.125,285.56522800858903,1.016676284466482,0.9630024002492654,0.03769937471643709,0.08220518341915262,0.1959165768021336,0.306749312343605,IWM,281.66
2027-05-21,P,280.0,0.6537935233157978,238.63463601026618,14.82,285.56522800858903,1.016676284466482,0.9805115347992521,0.019680869213758716,0.07053428538863016,0.18892943816964725,0.31585350386713845,IWM,281.66
2027-05-21,P,285.0,0.6537935233156076,238.63463601019677,16.96,285.56522800858903,1.016676284466482,0.9980206693492387,0.0019812921143578482,0.0603961397186753,0.18450059591242934,0.3213317671956753,IWM,281.66
2027-05-21,C,290.0,0.6537935233155124,238.63463601016204,16.71,285.56522800858903,1.016676284466482,1.0155298038992253,-0.015410450597511286,0.05755571223613461,0.2002526118764975,0.32254216785185086,IWM,281.66
2027-05-21,C,295.0,0.6537935233153223,238.63463601009263,14.68,285.56522800858903,1.016676284466482,1.033038938449212,-0.03250488395681146,0.05056360596208593,0.20080518379941947,0.3202983695131651,IWM,281.66
2027-05-21,C,300.0,0.6537935233151637,238.63463601003477,12.485,285.56522800858903,1.016676284466482,1.0505480729991987,-0.049312002273192754,0.04300317577906286,0.1973372245261525,0.3142075149759092,IWM,281.66
2027-05-21,C,305.0,0.6537935233149734,238.6346360099653,10.565000000000001,285.56522800858903,1.016676284466482,1.0680572075491852,-0.06584130422440317,0.03638995211099714,0.19458373696259865,0.3044782785007685,IWM,281.66
2027-05-21,C,310.0,0.6537935233147514,238.63463600988425,8.89,285.56522800858903,1.016676284466482,1.085566342099172,-0.08210182509618352,0.030620603338075203,0.19231044429729183,0.29148079941641447,IWM,281.66
2027-05-21,C,315.0,0.6537935233145928,238.63463600982638,7.4,285.56522800858903,1.016676284466482,1.1030754766491586,-0.09810216644262472,0.025488466220670022,0.18993048692941605,0.27545007551888057,IWM,281.66
2027-05-21,C,320.0,0.6537935233144025,238.63463600975692,6.115,285.56522800858903,1.016676284466482,1.1205846111991453,-0.11385052341076393,0.021062428505323944,0.1878160037987778,0.2570727897766027,IWM,281.66
2027-05-21,C,325.0,0.6537935233142123,238.63463600968748,4.970000000000001,285.56522800858903,1.016676284466482,1.1380937457491318,-0.12935470994672904,0.01711860501577433,0.185247823602938,0.23634953892161617,IWM,281.66
2027-05-21,C,330.0,0.6537935233140221,238.63463600961805,4.09,285.56522800858903,1.016676284466482,1.1556028802991185,-0.14462218207751754,0.014087544167910863,0.1842917587042758,0.2159197290515336,IWM,281.66
2027-05-21,C,335.0,0.6537935233138635,238.63463600956018,3.33,285.56522800858903,1.016676284466482,1.1731120148491052,-0.1596600594420581,0.01146980979930151,0.18314723670151414,0.1948499019176366,IWM,281.66
2027-05-21,C,340.0,0.6537935233136732,238.63463600949072,2.675,285.56522800858903,1.016676284466482,1.190621149399092,-0.17447514522719879,0.0092137361000395,0.18172804222501232,0.173457523854738,IWM,281.66
2027-05-21,C,345.0,0.653793523313483,238.63463600942129,2.1550000000000002,285.56522800858903,1.016676284466482,1.2081302839490784,-0.18907394464835134,0.007422654689938365,0.18090740094433208,0.15336564459043775,IWM,281.66
2027-05-21,C,350.0,0.6537935233132928,238.63463600935185,1.765,285.56522800858903,1.016676284466482,1.225639418499065,-0.203462682100451,0.006079343632362511,0.18115223759949356,0.135726473780296,IWM,281.66
2027-05-21,C,355.0,0.6537935233131025,238.63463600928242,1.395,285.56522800858903,1.016676284466482,1.2431485530490518,-0.21764731709240748,0.004804920321329011,0.18007109195116533,0.11736216784060058,IWM,281.66
2027-05-21,C,360.0,0.6537935233129439,238.63463600922455,1.16,285.56522800858903,1.016676284466482,1.2606576875990383,-0.23163355906714725,0.003995489299456381,0.18124879285233245,0.10358684952547624,IWM,281.66
2027-05-21,C,365.0,0.6537935233127536,238.6346360091551,0.8999999999999999,285.56522800858903,1.016676284466482,1.278166822149025,-0.2454268811994831,0.003099948594405813,0.17994126373503025,0.08768108433610361,IWM,281.66
2027-05-21,C,370.0,0.6537935233125635,238.63463600908565,0.76,285.56522800858903,1.016676284466482,1.2956759566990117,-0.25903253325526177,0.0026177343686093536,0.18176297677198683,0.07747474132317436,IWM,281.66
2027-05-21,C,375.0,0.6537935233123732,238.63463600901622,0.625,285.56522800858903,1.016676284466482,1.3131850912489984,-0.27245555358740253,0.0021527420794484817,0.18266154532420353,0.0672459929957057,IWM,281.66
2027-05-21,C,380.0,0.6537935233122146,238.63463600895835,0.505,285.56522800858903,1.016676284466482,1.3306942257989849,-0.285700780337423,0.001739415600194373,0.18303580865908117,0.057579050340975164,IWM,281.66
2027-05-21,C,385.0,0.6537935233120243,238.6346360088889,0.415,285.56522800858903,1.016676284466482,1.3482033603489716,-0.29877286190477587,0.0014294207407537917,0.1839522214646489,0.04967547472573388,IWM,281.66
2027-06-17,P,200.0,0.7277661260474062,265.63463600730324,1.995,284.756444307932,1.0070872824879675,0.7023546051295771,0.35331686698210313,0.3046020780775224,0.28854215840619923,0.10104594915550777,IWM,281.66
2027-06-17,P,205.0,0.7277661260472159,265.6346360072338,2.25,284.756444307932,1.0070872824879675,0.7199134702578166,0.3286242543917316,0.28793241305846096,0.28042994288023276,0.11160788102528281,IWM,281.66
2027-06-17,P,210.0,0.7277661260470257,265.6346360071644,2.54,284.756444307932,1.0070872824879675,0.737472335386056,0.304526702812671,0.27138479511320857,0.27250650976228413,0.12309225378387,IWM,281.66
2027-06-17,P,215.0,0.7277661260468671,265.6346360071065,2.875,284.756444307932,1.0070872824879675,0.7550312005142954,0.28099620540247705,0.2549940948342817,0.26488966988727225,0.1356291045755724,IWM,281.66
2027-06-17,P,220.0,0.7277661260466769,265.63463600703705,3.235,284.756444307932,1.0070872824879675,0.7725900656425349,0.25800668717777825,0.23869057103664648,0.25693263767598046,0.1487296703430413,IWM,281.66
2027-06-17,P,225.0,0.7277661260464865,265.6346360069676,3.69,284.756444307932,1.0070872824879675,0.7901489307707743,0.23553383132571964,0.22271831786792107,0.2501136977498736,0.16356348443588312,IWM,281.66
2027-06-17,P,230.0,0.7277661260462963,265.6346360068982,4.215,284.756444307932,1.0070872824879675,0.8077077958990138,0.21355492460694436,0.20699015884681304,0.24354370105778536,0.17937898520615095,IWM,281.66
2027-06-17,P,235.0,0.7277661260461377,265.63463600684025,4.805,284.756444307932,1.0070872824879675,0.8252666610272532,0.19204871938598075,0.1914886586770641,0.23694291156310118,0.19586922705026857,IWM,281.66
2027-06-17,P,240.0,0.7277661260459475,265.63463600677085,5.48,284.756444307932,1.0070872824879675,0.8428255261554926,0.1709953101881485,0.17628355854370803,0.230510425056952,0.21305141043251266,IWM,281.66
2027-06-17,P,245.0,0.7277661260457572,265.6346360067014,6.26,284.756444307932,1.0070872824879675,0.860384391283732,0.1503760229854128,0.16144459963177826,0.22436877623248733,0.2307998771543756,IWM,281.66
2027-06-17,P,250.0,0.7277661260455986,265.6346360066435,7.16,284.756444307932,1.0070872824879675,0.8779432564119715,0.13017331566789334,0.14702408783004983,0.21851750358731614,0.2488099933717072,IWM,281.66
2027-06-17,P,255.0,0.7277661260453767,265.6346360065625,8.185,284.756444307932,1.0070872824879675,0.8955021215402109,0.11037068837171359,0.13303945843478127,0.21281000779436923,0.26661986217172234,IWM,281.66
2027-06-17,P,260.0,0.7277661260451864,265.63463600649305,9.32,284.756444307932,1.0070872824879675,0.9130609866684503,0.09095260251461211,0.11943840555719754,0.20687812216145293,0.2836567839101203,IWM,281.66
2027-06-17,P,265.0,0.7277661260450279,265.6346360064352,10.684999999999999,284.756444307932,1.0070872824879675,0.9306198517966897,0.0719044075439176,0.10663937630749998,0.20199343839404438,0.29982706067359793,IWM,281.66
2027-06-17,P,270.0,0.7277661260448376,265.6346360063657,12.184999999999999,284.756444307932,1.0070872824879675,0.9481787169249292,0.05321227453176502,0.0943111000567789,0.19679081346110064,0.31405448674957814,IWM,281.66
2027-06-17,P,275.0,0.7277661260446474,265.6346360062963,13.875,284.756444307932,1.0070872824879675,0.9657375820531686,0.03486313586356846,0.08264536506387699,0.19174453289311824,0.3258510168436379,IWM,281.66
2027-06-17,P,280.0,0.7277661260444571,265.63463600622686,15.78,284.756444307932,1.0070872824879675,0.9832964471814081,0.016844630360890123,0.07172934781008578,0.18694929234677796,0.33453769083741114,IWM,281.66
2027-06-17,C,285.0,0.727766126044362,265.6346360061921,21.39,284.756444307932,1.0070872824879675,1.0008553123096475,-0.0008549467385108208,0.07458819739341288,0.22064682757182452,0.3389719029014121,IWM,281.66
2027-06-17,C,290.0,0.7277661260442034,265.63463600613426,18.575,284.756444307932,1.0070872824879675,1.018414177437887,-0.01824668945038003,0.06477212559993661,0.21462799803943053,0.34032332308676905,IWM,281.66
2027-06-17,C,295.0,0.7277661260440131,265.6346360060648,16.16,284.756444307932,1.0070872824879675,1.0359730425661262,-0.03534112280967995,0.056350877507131934,0.21080838381556452,0.3384064318601755,IWM,281.66
2027-06-17,C,300.0,0.727766126043823,265.6346360059954,13.99,284.756444307932,1.0070872824879675,1.0535319076943657,-0.05214824112606121,0.0487839589309886,0.20757232070106632,0.33319255864078406,IWM,281.66
2027-06-17,C,305.0,0.7277661260436643,265.63463600593747,11.99,284.756444307932,1.0070872824879675,1.0710907728226051,-0.0686775430772718,0.04180984042763069,0.20414362855078158,0.3246410793826069,IWM,281.66
2027-06-17,C,310.0,0.7277661260434741,265.63463600586806,10.23,284.756444307932,1.0070872824879675,1.0886496379508446,-0.08493806394905212,0.03567261614467573,0.20129965122674245,0.31305907518272197,IWM,281.66
2027-06-17,C,315.0,0.7277661260432838,265.6346360057986,8.645,284.756444307932,1.0070872824879675,1.106208503079084,-0.10093840529549328,0.030145627230764575,0.19840015997134203,0.2985646584146869,IWM,281.66
2027-06-17,C,320.0,0.7277661260430937,265.6346360057292,7.285,284.756444307932,1.0070872824879675,1.1237673682073235,-0.11668676226363248,0.025403226648481197,0.19612736631655933,0.2819087697417826,IWM,281.66
2027-06-17,C,325.0,0.7277661260429034,265.63463600565973,6.09,284.756444307932,1.0070872824879675,1.141326233335563,-0.13219094879959775,0.021236190842724843,0.19391715028797674,0.26331214096035277,IWM,281.66
2027-06-17,C,330.0,0.7277661260427131,265.63463600559027,5.075,284.756444307932,1.0070872824879675,1.1588850984638024,-0.1474584209303862,0.017696825702270703,0.19213655227222814,0.24362576311291176,IWM,281.66
2027-06-17,C,335.0,0.7277661260400812,265.6346360046296,4.21,284.756444307932,1.0070872824879675,1.1764439635920418,-0.16249629829492673,0.014680519449568406,0.1905996924175556,0.22329735304149514,IWM,281.66
2027-06-17,C,340.0,0.727766126039891,265.6346360045602,3.4699999999999998,284.756444307932,1.0070872824879675,1.194002828720281,-0.17731138408006722,0.012100095603325978,0.1891452622435291,0.20266927809348792,IWM,281.66
2027-06-17,C,345.0,0.7277661260397007,265.63463600449074,2.865,284.756444307932,1.0070872824879675,1.2115616938485205,-0.1919101835012199,0.00999042475606021,0.18821081426556494,0.1827929932267872,IWM,281.66
2027-06-17,C,350.0,0.7277661260395104,265.6346360044213,2.35,284.756444307932,1.0070872824879675,1.22912055897676,-0.20629892095331953,0.008194589241445548,0.18726282298696528,0.16337934779975843,IWM,281.66
2027-06-17,C,355.0,0.7277661260393202,265.6346360043519,1.935,284.756444307932,1.0070872824879675,1.2466794241049994,-0.220483555945276,0.00674745965199878,0.1867904041475226,0.14543879875412163,IWM,281.66
2027-06-17,C,360.0,0.7277661260391617,265.634636004294,1.5899999999999999,284.756444307932,1.0070872824879675,1.2642382892332389,-0.2344697979200159,0.00554442421016954,0.18643814240593098,0.1286853020936691,IWM,281.66
2027-06-17,C,365.0,0.7277661260389714,265.63463600422455,1.295,284.756444307932,1.0070872824879675,1.2817971543614783,-0.24826312005235174,0.004515741730924248,0.18590816614357325,0.11281171505186198,IWM,281.66
2027-06-17,C,370.0,0.727766126038781,265.6346360041551,1.0699999999999998,284.756444307932,1.0070872824879675,1.2993560194897178,-0.26186877210813037,0.0037311533992964827,0.18610387688024,0.09922722873504616,IWM,281.66
2027-06-17,C,375.0,0.7277661260385908,265.6346360040856,0.87,284.756444307932,1.0070872824879675,1.3169148846179572,-0.2752917924402711,0.003033741548960692,0.18581751402654725,0.08618260254049981,IWM,281.66
2027-06-17,C,380.0,0.7277661260384005,265.6346360040162,0.71,284.756444307932,1.0070872824879675,1.3344737497461967,-0.28853701919029173,0.002475812068692059,0.1857856124763919,0.07473328381391725,IWM,281.66
2027-06-17,C,385.0,0.7277661260382102,265.63463600394675,0.585,284.756444307932,1.0070872824879675,1.352032614874436,-0.30160910075764436,0.0020399296622321894,0.18614718223662532,0.06496987048511409,IWM,281.66
2027-06-17,C,390.0,0.7277661260380517,265.6346360038889,0.49,284.756444307932,1.0070872824879675,1.3695914800026754,-0.31451250559355226,0.0017086590333226885,0.18704561390983215,0.05691231950558797,IWM,281.66
2027-06-17,C,395.0,0.7277661260378615,265.6346360038194,0.405,284.756444307932,1.0070872824879675,1.3871503451309148,-0.32725153137098206,0.0014122589969299774,0.1875526273951643,0.04933702380871456,IWM,281.66
2027-06-17,C,400.0,0.7277661260376712,265.63463600375,0.355,284.756444307932,1.0070872824879675,1.4047092102591543,-0.3398303135778422,0.0012379060343460295,0.18970348718424407,0.04433874119531138,IWM,281.66
2027-06-17,C,405.0,0.7277661260375127,265.63463600369215,0.28500000000000003,284.756444307932,1.0070872824879675,1.4222680753873937,-0.35225283357639936,0.0009938118867285027,0.18940195680690253,0.037577262801481756,IWM,281.66
2027-09-17,P,205.0,0.9798209205374493,357.634635996169,3.285,287.05947153005474,1.0095396615547325,0.7141377321825689,0.33667943302930975,0.2971977528351918,0.2713900635186365,0.15079237007131335,IWM,281.66
2027-09-17,P,210.0,0.979820920537259,357.6346359960995,3.625,287.05947153005474,1.0095396615547325,0.7315557256504365,0.31258188145024923,0.28095299069336355,0.26364700386229,0.1634508679191893,IWM,281.66
2027-09-17,P,215.0,0.9798209205370688,357.6346359960301,4.055,287.05947153005474,1.0095396615547325,0.748973719118304,0.28905138404005515,0.26501878978489846,0.2570645187186685,0.17782723859928568,IWM,281.66
2027-09-17,P,220.0,0.9798209205369102,357.6346359959722,4.505,287.05947153005474,1.0095396615547325,0.7663917125861716,0.2660618658153564,0.24915360248384733,0.2500623193184736,0.1925292593387705,IWM,281.66
2027-09-17,P,225.0,0.97982092053672,357.6346359959028,5.109999999999999,287.05947153005474,1.0095396615547325,0.7838097060540391,0.24358900996329777,0.23382327064025554,0.24489301422087173,0.20947551665317268,IWM,281.66
2027-09-17,P,230.0,0.9798209205365297,357.6346359958333,5.73,287.05947153005474,1.0095396615547325,0.8012276995219066,0.22161010324452252,0.21854469900222406,0.23893527117319646,0.22629729402949833,IWM,281.66
2027-09-17,P,235.0,0.9798209205363395,357.6346359957639,6.445,287.05947153005474,1.0095396615547325,0.8186456929897742,0.20010389802355893,0.2035939419994094,0.23340134453445352,0.24391424045095292,IWM,281.66
2027-09-17,P,240.0,0.9798209205361491,357.63463599569445,7.255,287.05947153005474,1.0095396615547325,0.8360636864576416,0.17905048882572672,0.18897099963181185,0.22811661403436753,0.261999172515037,IWM,281.66
2027-09-17,P,245.0,0.9798209205359907,357.6346359956366,8.190000000000001,287.05947153005474,1.0095396615547325,0.8534816799255092,0.158431201622991,0.17477939231055206,0.22331016409125368,0.2804641574558813,IWM,281.66
2027-09-17,P,250.0,0.9798209205358003,357.6346359955671,9.215,287.05947153005474,1.0095396615547325,0.8708996733933767,0.13822849430547154,0.16089834622265542,0.2183962841751338,0.29864208253625246,IWM,281.66
2027-09-17,P,255.0,0.9798209205356101,357.63463599549766,10.42,287.05947153005474,1.0095396615547325,0.8883176668612442,0.11842586700929184,0.14763842260148552,0.21428041683622928,0.31668936045060786,IWM,281.66
2027-09-17,P,260.0,0.9798209205354198,357.63463599542825,11.715,287.05947153005474,1.0095396615547325,0.9057356603291118,0.09900778115219024,0.134689060213679,0.20981446880205692,0.3336521242207532,IWM,281.66
2027-09-17,P,265.0,0.9798209205352613,357.6346359953704,13.04,287.05947153005474,1.0095396615547325,0.9231536537969793,0.07995958618149575,0.12184321823699351,0.20436514670060918,0.34911836005856284,IWM,281.66
2027-09-17,P,270.0,0.979820920535071,357.6346359953009,14.629999999999999,287.05947153005474,1.0095396615547325,0.9405716472648469,0.06126745316934319,0.10991180655854449,0.20018866514489395,0.3633202112557912,IWM,281.66
2027-09-17,P,275.0,0.9798209205348808,357.63463599523146,16.384999999999998,287.05947153005474,1.0095396615547325,0.9579896407327144,0.04291831450114665,0.09854975714126146,0.19613804851162592,0.3754103417916241,IWM,281.66
2027-09-17,P,280.0,0.9798209205347221,357.6346359951736,18.32,287.05947153005474,1.0095396615547325,0.975407634200582,0.024899808998468328,0.08780883019070496,0.19225582018185608,0.3849399704880162,IWM,281.66
2027-09-17,P,285.0,0.979820920534532,357.6346359951042,20.435000000000002,287.05947153005474,1.0095396615547325,0.9928256276684495,0.007200231899067401,0.07768902570687519,0.18845740953545956,0.39147790451953574,IWM,281.66
2027-09-17,C,290.0,0.9798209205344368,357.63463599506946,23.545,287.05947153005474,1.0095396615547325,1.010243621136317,-0.010191510812801792,0.08124626932821244,0.2177751176917467,0.39417444095625354,IWM,281.66
2027-09-17,C,295.0,0.9798209205342466,357.634635995,21.125,287.05947153005474,1.0095396615547325,1.0276616146041846,-0.027285944172101912,0.07289562283111012,0.21527629886125316,0.39480535960313123,IWM,281.66
2027-09-17,C,300.0,0.9798209205340563,357.6346359949306,18.785,287.05947153005474,1.0095396615547325,1.0450796080720521,-0.04409306248848315,0.06482103076366406,0.21210317517533075,0.3927241523579918,IWM,281.66
2027-09-17,C,305.0,0.9798209205338978,357.6346359948727,16.645,287.05947153005474,1.0095396615547325,1.0624976015399197,-0.060622364439693724,0.05743657477035871,0.20930147507863964,0.38790477511275245,IWM,281.66
2027-09-17,C,310.0,0.9798209205337075,357.63463599480326,14.68,287.05947153005474,1.0095396615547325,1.0799155950077872,-0.07688288531147404,0.05065598784192646,0.20666329572902717,0.38039488518394,IWM,281.66
2027-09-17,C,315.0,0.9798209205335172,357.6346359947338,12.9,287.05947153005474,1.0095396615547325,1.0973335884756548,-0.09288322665791518,0.04451377678207434,0.20430858579479583,0.3703632249770051,IWM,281.66
2027-09-17,C,320.0,0.9798209205333269,357.63463599466434,11.285,287.05947153005474,1.0095396615547325,1.1147515819435223,-0.10863158362605435,0.03894092798338829,0.2021003114928485,0.35798888627309605,IWM,281.66
2027-09-17,C,325.0,0.9798209205331684,357.63463599460647,9.84,287.05947153005474,1.0095396615547325,1.1321695754113899,-0.12413577016201961,0.033954694847721824,0.20014909236710823,0.34360411843590516,IWM,281.66
2027-09-17,C,330.0,0.9798209205329781,357.634635994537,8.555,287.05947153005474,1.0095396615547325,1.1495875688792574,-0.13940324229280807,0.029520570571367904,0.19844265910199352,0.3275620353084372,IWM,281.66
2027-09-17,C,335.0,0.9798209205327879,357.6346359944676,7.37,287.05947153005474,1.0095396615547325,1.167005562347125,-0.15444111965734858,0.025431514332084335,0.19642431353507261,0.30971379475287947,IWM,281.66
2027-09-17,C,340.0,0.9798209205326294,357.63463599440973,6.365,287.05947153005474,1.0095396615547325,1.1844235558149925,-0.16925620544248923,0.02196358055952738,0.1950654767893386,0.2913125700288196,IWM,281.66
2027-09-17,C,345.0,0.9798209205324391,357.6346359943403,5.4350000000000005,287.05947153005474,1.0095396615547325,1.2018415492828598,-0.18385500486364173,0.018754447814773183,0.1932655263092852,0.27155496469083434,IWM,281.66
2027-09-17,C,350.0,0.9798209205322488,357.6346359942708,4.654999999999999,287.05947153005474,1.0095396615547325,1.2192595427507273,-0.19824374231574135,0.0160629171256245,0.1920545922106301,0.2520207300517547,IWM,281.66
2027-09-17,C,355.0,0.9798209205320586,357.6346359942014,4.015,287.05947153005474,1.0095396615547325,1.2366775362185949,-0.21242837730769779,0.0138544816883743,0.1915488047357335,0.23339561832370537,IWM,281.66
2027-09-17,C,360.0,0.9798209205319001,357.63463599414354,3.4749999999999996,287.05947153005474,1.0095396615547325,1.2540955296864624,-0.22641461928243767,0.011991114288194443,0.19141412798269714,0.21558748285412763,IWM,281.66
2027-09-17,C,365.0,0.9798209205317098,357.6346359940741,2.9400000000000004,287.05947153005474,1.0095396615547325,1.27151352315433,-0.2402079414147735,0.010145000289868106,0.19021878588711627,0.196477116635103,IWM,281.66
2027-09-17,C,370.0,0.9798209205315195,357.6346359940046,2.52,287.05947153005474,1.0095396615547325,1.2889315166221975,-0.25381359347055216,0.008695714534172663,0.18989763747814994,0.17937775726969293,IWM,281.66
2027-09-17,C,375.0,0.9798209205313609,357.63463599394674,2.19,287.05947153005474,1.0095396615547325,1.306349510090065,-0.2672366138026928,0.007556990011840527,0.19033283477431195,0.16432217712018327,IWM,281.66
2027-09-17,C,380.0,0.9798209205311708,357.63463599387734,1.88,287.05947153005474,1.0095396615547325,1.3237675035579326,-0.28048184055271347,0.006487279096922462,0.19026887850431887,0.14923443779460455,IWM,281.66
2027-09-17,C,385.0,0.9798209205309805,357.6346359938079,1.615,287.05947153005474,1.0095396615547325,1.3411854970258001,-0.29355392212006626,0.005572848798686051,0.19031361186492135,0.13521298547749955,IWM,281.66
2027-09-17,C,390.0,0.9798209205308219,357.63463599375,1.385,287.05947153005474,1.0095396615547325,1.3586034904936677,-0.30645732695597416,0.00477919231342426,0.19035474386122286,0.12209411899816407,IWM,281.66
2027-09-17,C,395.0,0.9798209205306316,357.63463599368055,1.195,287.05947153005474,1.0095396615547325,1.3760214839615352,-0.3191963527334039,0.004123563042990608,0.19068054569253207,0.1103658625665746,IWM,281.66
2027-09-17,C,400.0,0.9798209205304415,357.63463599361114,1.025,287.05947153005474,1.0095396615547325,1.3934394774294028,-0.331775134940264,0.003536947379971023,0.19082294414342107,0.09923237814194026,IWM,281.66
2027-09-17,C,405.0,0.9798209205302828,357.6346359935532,0.8600000000000001,287.05947153005474,1.0095396615547325,1.4108574708972703,-0.3441976549388212,0.0029675851188049563,0.19025633214372795,0.08789287340951721,IWM,281.66
2027-09-17,C,410.0,0.9798209205300926,357.6346359934838,0.78,287.05947153005474,1.0095396615547325,1.4282754643651379,-0.35646774753063554,0.0026915306891486814,0.1923270141053085,0.08139568756135801,IWM,281.66
2027-10-15,P,220.0,1.056533249293062,385.6346359919676,5.0,290.2003264114815,1.0141631089217298,0.7580970108491784,0.27694391887821507,0.25889185156134464,0.25515739125018205,0.20270081881673402,IWM,281.66
2027-10-15,P,225.0,1.0565332492928716,385.63463599189816,5.5,290.2003264114815,1.0141631089217298,0.7753264883684778,0.25447106302615646,0.24336126028309746,0.2480982389038457,0.21769136326703614,IWM,281.66
2027-10-15,P,230.0,1.0565332492926813,385.6346359918287,5.365,290.2003264114815,1.0141631089217298,0.7925559658877773,0.23249215630738126,0.22567308347871384,0.23095016035875116,0.2244014325009727,IWM,281.66
2027-10-15,P,235.0,1.0565332492925228,385.63463599177084,7.0,290.2003264114815,1.0141631089217298,0.8097854434070769,0.21098595108641757,0.21399896396765528,0.2388657111698787,0.25317072685914394,IWM,281.66
2027-10-15,P,240.0,1.0565332492923325,385.6346359917014,7.75,290.2003264114815,1.0141631089217298,0.8270149209263764,0.18993254188858527,0.19931781580993424,0.2327825844326486,0.2701930941776931,IWM,281.66
2027-10-15,P,245.0,1.0565332492921422,385.6346359916319,8.75,290.2003264114815,1.0141631089217298,0.8442443984456759,0.1693132546858496,0.18548611077273935,0.2288078858885769,0.28876324270153575,IWM,281.66
2027-10-15,P,250.0,1.0565332492919837,385.63463599157404,9.75,290.2003264114815,1.0141631089217298,0.8614738759649754,0.14911054736833018,0.17165440573554447,0.2237220476119449,0.30640938123072586,IWM,281.66
2027-10-15,P,255.0,1.0565332492917934,385.6346359915046,11.0,290.2003264114815,1.0141631089217298,0.8787033534842749,0.1293079200721505,0.15867214381887573,0.2202508592363003,0.3244510563923912,IWM,281.66
2027-10-15,P,260.0,1.0565332492916033,385.63463599143523,12.0,290.2003264114815,1.0141631089217298,0.8959328310035745,0.10988983421504882,0.14484043878168074,0.21309063575028564,0.34019389605792505,IWM,281.66
2027-10-15,P,265.0,1.056533249291413,385.63463599136577,13.5,290.2003264114815,1.0141631089217298,0.9131623085228739,0.09084163924435436,0.13270761998553815,0.20981159297966723,0.35651046542208215,IWM,281.66
2027-10-15,P,270.0,1.0565332492912545,385.6346359913079,15.25,290.2003264114815,1.0141631089217298,0.9303917860421734,0.07214950623220184,0.12142424430992171,0.2075616793354305,0.37143238726272015,IWM,281.66
2027-10-15,P,275.0,1.0565332492910642,385.63463599123844,16.25,290.2003264114815,1.0141631089217298,0.9476212635614729,0.05380036756400532,0.10759253927272683,0.19732586885762754,0.383404766478584,IWM,281.66
2027-10-15,P,280.0,1.0565332492908739,385.634635991169,19.0,290.2003264114815,1.0141631089217298,0.9648507410807724,0.03578186206132703,0.09970693607921499,0.20124574968382777,0.39469475559715744,IWM,281.66
2027-10-15,P,285.0,1.0565332492907153,385.6346359911111,21.0,290.2003264114815,1.0141631089217298,0.982080218600072,0.018082284961926025,0.0892730035241246,0.19718257935462877,0.4026861533567762,IWM,281.66
2027-10-15,P,290.0,1.056533249290525,385.63463599104165,23.5,290.2003264114815,1.0141631089217298,0.9993096961193715,0.0006905422500568635,0.08053795721008661,0.19595880892199266,0.407846456656517,IWM,281.66
2027-10-15,C,295.0,1.05653324929043,385.634635991007,22.5,290.2003264114815,1.0141631089217298,1.016539173638671,-0.016403891109243337,0.07644988084735346,0.20466442962903655,0.40991224654367153,IWM,281.66
2027-10-15,C,300.0,1.0565332492902397,385.6346359909375,20.0,290.2003264114815,1.0141631089217298,1.0337686511579705,-0.03321100942562444,0.06795544964209196,0.20124282252987505,0.409395429242365,IWM,281.66
2027-10-15,C,305.0,1.0565332492900494,385.63463599086805,18.0,290.2003264114815,1.0141631089217298,1.05099812867727,-0.049740311376835086,0.06115990467788277,0.2006559547016822,0.406175642943542,IWM,281.66
2027-10-15,C,310.0,1.056533249289891,385.6346359908102,15.86,290.2003264114815,1.0141631089217298,1.0682276061965694,-0.06600083224861526,0.05388867156617893,0.19758114289888,0.39995443621923454,IWM,281.66
2027-10-15,C,315.0,1.0565332492897006,385.6346359907407,14.0,290.2003264114815,1.0141631089217298,1.085457083715869,-0.08200117359505649,0.04756881474946437,0.19554926417261811,0.3911324285723764,IWM,281.66
2027-10-15,C,320.0,1.0565332492895103,385.63463599067126,12.585,290.2003264114815,1.0141631089217298,1.1026865612351686,-0.09774953056319573,0.04276096668728637,0.19613452690554234,0.38090938867072605,IWM,281.66
2027-10-15,C,325.0,1.0565332492893518,385.6346359906134,11.0,290.2003264114815,1.0141631089217298,1.119916038754468,-0.11325371709916086,0.03737549730315058,0.19396835643212693,0.36746782333670736,IWM,281.66
2027-10-15,C,330.0,1.0565332492891615,385.6346359905439,9.5,290.2003264114815,1.0141631089217298,1.1371455162737676,-0.12852118922994937,0.03227883857999368,0.1912456622539708,0.35143318763583736,IWM,281.66
2027-10-15,C,335.0,1.0565332492889714,385.6346359904746,8.5,290.2003264114815,1.0141631089217298,1.154374993793067,-0.14355906659448978,0.028881066097889086,0.19214178236852628,0.33664681192394863,IWM,281.66
2027-10-15,C,340.0,1.0565332492887811,385.6346359904051,7.25,290.2003264114815,1.0141631089217298,1.1716044713123666,-0.15837415237963048,0.024633850495258337,0.1893066016214267,0.31720296691836325,IWM,281.66
2027-10-15,C,345.0,1.0565332492886226,385.63463599034725,6.25,290.2003264114815,1.0141631089217298,1.1888339488316662,-0.17297295180078326,0.02123607801315374,0.18781958072872523,0.29789932597741636,IWM,281.66
2027-10-15,C,350.0,1.0565332492884323,385.6346359902778,5.5,290.2003264114815,1.0141631089217298,1.2060634263509655,-0.18736168925288274,0.01868774865157529,0.1880465509897456,0.2802043007352263,IWM,281.66
2027-10-15,C,355.0,1.056533249288242,385.6346359902083,4.75,290.2003264114815,1.0141631089217298,1.2232929038702651,-0.20154632424483926,0.01613941928999684,0.1872040860543994,0.260843618773879,IWM,281.66
