window,date,expiry,tau,strike,option,price,x,forward,discount,market_call_normalized,market_iv,vega_over_DF,split,source_sha256,date_eligible,target_forward_call,single_fixed_exact,single_state_exact,double_fixed_exact,double_fixed_PINN,double_state_exact,double_state_PINN,BS_fixed,BS_state_flat,BS_state_term
final,2026-08-24,2026-09-01,0.021917808219178,22500.0,PE,3.0,0.0744763185063065,24239.696190241255,0.9954580760252948,0.0774537723636785,0.2211519351750349,0.0042803288325483,test,922d768844e8cce6a8e820606022b512e4f99f6a40a9df974c658290f31949ff,True,0.0718948729598504,0.0717812858377576,0.0717705444327067,0.0717820283328528,0.0717821715596483,0.0717705445734185,,0.0717705455265876,0.0717705449073822,0.0717705448201503
final,2026-08-24,2026-09-01,0.021917808219178,23100.0,PE,4.4,0.0481590101889332,24239.696190241255,0.9954580760252948,0.0495288426791692,0.1603770070460804,0.0073698248254328,test,922d768844e8cce6a8e820606022b512e4f99f6a40a9df974c658290f31949ff,True,0.0472001074976105,0.0472094790459581,0.0470178743128699,0.0472109744018022,0.0472144031542979,0.0470179320440001,,0.0470206810625973,0.0470198223128303,0.0470196663819565
final,2026-08-24,2026-09-01,0.021917808219178,23400.0,PE,6.45,0.0352556053530253,24239.696190241255,0.9954580760252948,0.0361613512527995,0.1316490966287747,0.0113008195559388,test,922d768844e8cce6a8e820606022b512e4f99f6a40a9df974c658290f31949ff,True,0.03490867264484,0.0352892511308564,0.0346442867573656,0.0352850714124177,0.0352912333604126,0.034644993034871,,0.0346912639637106,0.0346816300236271,0.0346797311246093
final,2026-08-24,2026-09-01,0.021917808219178,23600.0,PE,10.0,0.0267449156851166,24239.696190241255,0.9954580760252948,0.0275314329115664,0.1147867467862254,0.0168904635249751,test,922d768844e8cce6a8e820606022b512e4f99f6a40a9df974c658290f31949ff,True,0.0268048663487188,0.0277289520115018,0.0264117714783586,0.0277138923967056,0.0277165601226708,0.0264145746864309,,0.0266218097575449,0.0265902434158438,0.0265837692574488
final,2026-08-24,2026-09-01,0.021917808219178,23750.0,PE,18.1,0.0204090972360308,24239.696190241255,0.9954580760252948,0.0213843694381075,0.1077183544854149,0.0257757288570884,test,922d768844e8cce6a8e820606022b512e4f99f6a40a9df974c658290f31949ff,True,0.0209523572477579,0.0224050029120169,0.0202874851466676,0.0223767159101219,0.0223737287464951,0.0202938746837185,,0.0208167221034832,0.0207548574103961,0.0207418822016715
final,2026-08-24,2026-09-01,0.021917808219178,23900.0,PE,35.3,0.014113168779216,24239.696190241255,0.9954580760252948,0.0156969561375062,0.1033165285566581,0.0383143269179613,test,922d768844e8cce6a8e820606022b512e4f99f6a40a9df974c658290f31949ff,True,0.0154769782897458,0.0174977797251953,0.0143196231559425,0.0174523536637071,0.0174458828814559,0.0143312533527671,,0.0154352019753307,0.0153341768247523,0.0153126421017082
final,2026-08-24,2026-09-01,0.021917808219178,24050.0,PE,67.0,0.0078566311649109,24239.696190241255,0.9954580760252948,0.0106861491726292,0.0999426229583067,0.051093510944036,test,922d768844e8cce6a8e820606022b512e4f99f6a40a9df974c658290f31949ff,True,0.0106025209880806,0.0131207889593963,0.0087888336683019,0.0130563950690587,0.0130517894533201,0.0088058888255893,,0.0107193075295218,0.0105813860990267,0.0105516844433818
final,2026-08-24,2026-09-01,0.021917808219178,24200.0,PE,121.35,0.0016389945540403,24239.696190241255,0.9954580760252948,0.0066776804741937,0.0984734808813423,0.0586403589754221,test,922d768844e8cce6a8e820606022b512e4f99f6a40a9df974c658290f31949ff,True,0.0066667447565018,0.0093745564319002,0.0042406767993989,0.0092930304855496,0.0092938410081735,0.0042654460452389,,0.0068865624891227,0.006728629032066,0.0066944683203824
final,2026-08-24,2026-09-01,0.021917808219178,24350.0,CE,90.1,-0.0045402218119176,24239.696190241255,0.9954580760252948,0.0037170880702313,0.0966920804877172,0.0562910736800745,test,922d768844e8cce6a8e820606022b512e4f99f6a40a9df974c658290f31949ff,True,0.0037340028439205,0.006326254989007,0.0013301622996612,0.006233830906262,0.006243151600344,0.0013704038581194,,0.0040460901760714,0.0038939098488196,0.003861037301093
final,2026-08-24,2026-09-01,0.021917808219178,24500.0,CE,45.3,-0.0106814898340001,24239.696190241255,0.9954580760252948,0.0018574158333411,0.0961838935359416,0.0448159457811167,test,922d768844e8cce6a8e820606022b512e4f99f6a40a9df974c658290f31949ff,True,0.001877362140173,0.0039919996084484,0.0001839897635764,0.0038984347757087,0.0039139329738075,0.0002225365518527,,0.0021524741446426,0.0020286901961625,0.0020021366140491
final,2026-08-24,2026-09-01,0.021917808219178,24650.0,CE,20.9,-0.016785272772018,24239.696190241255,0.9954580760252948,0.0008517387150458,0.0970142188116699,0.0300857870807549,test,922d768844e8cce6a8e820606022b512e4f99f6a40a9df974c658290f31949ff,True,0.0008661560425964,0.0023285144531798,4.45635475606861e-06,0.002244501655244,0.0022597837079002,1.3345470641270424e-05,,0.0010283879900289,0.0009431272690557,0.0009250643510931
final,2026-08-24,2026-09-01,0.021917808219178,24800.0,CE,9.35,-0.0228520254542554,24239.696190241255,0.9954580760252948,0.0003787363206069,0.0994689473780746,0.0179202296264747,test,922d768844e8cce6a8e820606022b512e4f99f6a40a9df974c658290f31949ff,True,0.0003874908611615,0.0012388546655952,1.6400955615908714e-09,0.0011726388802802,0.001184146520073,2.4908300069503885e-07,,0.0004384454386861,0.000388562942322,0.0003781831422624
final,2026-08-24,2026-09-01,0.021917808219178,25000.0,CE,5.1,-0.0308841971515196,24239.696190241255,0.9954580760252948,0.0002049307800229,0.1125936082978831,0.0107789811569175,test,922d768844e8cce6a8e820606022b512e4f99f6a40a9df974c658290f31949ff,True,0.0002113586515426,0.0004503606889609,1.2279813138275946e-16,0.0004119907529269,0.0004184078240859,2.284712742485243e-10,,0.0001169030065781,9.78681677119321e-05,9.403355117061989e-05
final,2026-08-24,2026-09-01,0.021917808219178,25150.0,CE,3.55,-0.0368662688290671,24239.696190241255,0.9954580760252948,0.000141797113219,0.1229605260366814,0.007739146631217,test,922d768844e8cce6a8e820606022b512e4f99f6a40a9df974c658290f31949ff,True,0.0001471221986228,0.0001809720048352,1.707028139079705e-16,0.0001600483268952,0.0001641651286371,4.3567565213566763e-13,,3.759513788304317e-05,2.989633414734235e-05,2.8392143639373313e-05
final,2026-08-24,2026-09-01,0.021917808219178,25400.0,CE,2.5,-0.0467575463078097,24239.696190241255,0.9954580760252948,9.887427629638588e-05,0.1430504579243653,0.0052839521219128,test,922d768844e8cce6a8e820606022b512e4f99f6a40a9df974c658290f31949ff,True,0.0001036071821287,2.751128771359256e-05,1.216511155882599e-16,2.2707373373767083e-05,2.4063573389993475e-05,-8.295353708231712e-17,,4.297533895127655e-06,3.0845394726634673e-06,2.8620247499868507e-06
final,2026-08-24,2026-09-01,0.021917808219178,25600.0,CE,1.85,-0.0546007237688356,24239.696190241255,0.9954580760252948,7.259534754948707e-05,0.1572591771449143,0.0038798242397779,test,922d768844e8cce6a8e820606022b512e4f99f6a40a9df974c658290f31949ff,True,7.66693147752844e-05,4.01723693596763e-06,2.5942726677590443e-16,3.1488104391356325e-06,3.4406582864753443e-06,1.2348318974614003e-16,,5.889103081085575e-07,3.8356492494250483e-07,3.4813624169738485e-07
final,2026-08-24,2026-09-08,0.0410958904109589,23500.0,PE,19.3,0.0319881499041015,24263.873843734735,0.9949127260434106,0.0333307459645538,0.1118667291724904,0.0294297735620155,test,922d768844e8cce6a8e820606022b512e4f99f6a40a9df974c658290f31949ff,True,0.0322814293880474,0.0341191089391471,0.0317485489886202,0.0340460055745115,0.0340475017252762,0.0317513604418104,,0.0320569676122018,0.0319595383944657,0.0318902688609084
final,2026-08-24,2026-09-08,0.0410958904109589,23800.0,PE,45.75,0.0193029903767857,24263.873843734735,0.9949127260434106,0.0214225956554123,0.1012608416310258,0.0514737244901051,test,922d768844e8cce6a8e820606022b512e4f99f6a40a9df974c658290f31949ff,True,0.0210130410289148,0.0241658054414286,0.020162565302777,0.0240403997648089,0.0240371850263318,0.020155662847821,,0.0211357411207336,0.0209245651616373,0.0207654465699833
final,2026-08-24,2026-09-08,0.0410958904109589,24000.0,PE,88.1,0.0109347407062691,24263.873843734735,0.9949127260434106,0.0146843468453457,0.0985775853070745,0.0692464778880781,test,922d768844e8cce6a8e820606022b512e4f99f6a40a9df974c658290f31949ff,True,0.0145246520220965,0.0183378185133512,0.0132238966290036,0.0181755056036544,0.0181719719854026,0.0132034766258163,,0.0148764233599297,0.0145906096790734,0.0143703373901985
final,2026-08-24,2026-09-08,0.0410958904109589,24150.0,PE,138.35,0.0047041909556331,24263.873843734735,0.9949127260434106,0.0104733443868442,0.0973633262352681,0.0784208834032246,test,922d768844e8cce6a8e820606022b512e4f99f6a40a9df974c658290f31949ff,True,0.0104241914778829,0.0144805139392258,0.0087564605746427,0.0142941171452912,0.0142884164869237,0.0087285652582889,,0.0109157386801539,0.0105941090906575,0.0103440714418414
final,2026-08-24,2026-09-08,0.0410958904109589,24300.0,CE,168.7,-0.0014877792922879,24263.873843734735,0.9949127260434106,0.0069778852451554,0.0952621159061853,0.0806906592860032,test,922d768844e8cce6a8e820606022b512e4f99f6a40a9df974c658290f31949ff,True,0.0069882745248883,0.0111089270192824,0.0051605820895556,0.0109052345334919,0.0108985045396398,0.0051368640703883,,0.0076628901781348,0.007332593445204,0.0070753616310444
final,2026-08-24,2026-09-08,0.0410958904109589,24450.0,CE,106.0,-0.0076416448666662,24263.873843734735,0.9949127260434106,0.0043575463551958,0.0938630840739717,0.0748905546916026,test,922d768844e8cce6a8e820606022b512e4f99f6a40a9df974c658290f31949ff,True,0.0043909727305167,0.008246705390262,0.0025857371452909,0.0080355265506619,0.0080301854865048,0.0025824849708509,,0.005127296560456,0.0048172284937882,0.0045769568867902
final,2026-08-24,2026-09-08,0.0410958904109589,24600.0,CE,62.35,-0.0137578718841023,24263.873843734735,0.9949127260434106,0.0025475127407485,0.0930731816879747,0.0624199377480582,test,922d768844e8cce6a8e820606022b512e4f99f6a40a9df974c658290f31949ff,True,0.0025828032995067,0.0058971724364684,0.0010287086948956,0.0056902694402672,0.0056874749244483,0.0010522647960925,,0.0032593060366409,0.0029927842201105,0.0027886526559607
final,2026-08-24,2026-09-08,0.0410958904109589,24750.0,CE,35.05,-0.0198369179604844,24263.873843734735,0.9949127260434106,0.0014234028564429,0.093362024249018,0.0471580600271718,test,922d768844e8cce6a8e820606022b512e4f99f6a40a9df974c658290f31949ff,True,0.0014519207000434,0.0040412850799934,0.0002919815921403,0.0038506568136648,0.003851144655346,0.000327002898634,,0.0019629576045135,0.0017528511818472,0.0015948333305659
final,2026-08-24,2026-09-08,0.0410958904109589,25300.0,CE,6.5,-0.0418158246792597,24263.873843734735,0.9949127260434106,0.0002582306862925,0.1100616405096595,0.0142607431053524,test,922d768844e8cce6a8e820606022b512e4f99f6a40a9df974c658290f31949ff,True,0.0002692577617768,0.0006311005254536,1.553685781874657e-09,0.0005568373151206,0.0005589985873088,2.1439665409144393e-07,,0.0001867300729702,0.0001437338436891,0.0001150838320707
final,2026-08-24,2026-09-29,0.0986301369863013,21000.0,PE,8.6,0.1473722163015836,24334.48923170824,0.987864652621211,0.1591997560831942,0.2182189793667351,0.0115219583947784,test,922d768844e8cce6a8e820606022b512e4f99f6a40a9df974c658290f31949ff,True,0.1373850441615532,0.1371547795124501,0.1370342202314183,0.1371443390807067,0.1371434518263035,0.1370342811753808,,0.137027319192557,0.1370273017747303,0.1370273012437046
final,2026-08-24,2026-09-29,0.0986301369863013,21800.0,PE,10.65,0.1099846842299633,24334.48923170824,0.987864652621211,0.1167555073768109,0.1751804184050708,0.0160705615541378,test,922d768844e8cce6a8e820606022b512e4f99f6a40a9df974c658290f31949ff,True,0.1045951709353302,0.1047246937117444,0.1042173162220637,0.104677073566455,0.1046810389074328,0.1042147842004672,,0.104155580370037,0.1041537500770131,0.104153674477633
final,2026-08-24,2026-09-29,0.0986301369863013,22100.0,PE,13.0,0.0963170455012995,24334.48923170824,0.987864652621211,0.1017035714574123,0.161764610230266,0.0197851771194728,test,922d768844e8cce6a8e820606022b512e4f99f6a40a9df974c658290f31949ff,True,0.0923647465047299,0.092782749360405,0.0919657741319202,0.0927054581861924,0.0927119398625417,0.0919589130476409,,0.091839671751958,0.0918324754353565,0.0918321517247774
final,2026-08-24,2026-09-29,0.0986301369863013,22800.0,PE,22.7,0.0651341180646116,24334.48923170824,0.987864652621211,0.0683100038646088,0.1304647471012932,0.0342711721726282,test,922d768844e8cce6a8e820606022b512e4f99f6a40a9df974c658290f31949ff,True,0.0640024975779509,0.0659397677568002,0.0638114976537157,0.0657400342404991,0.0657437302211665,0.0637700227493306,,0.0633463999649125,0.0632628252675947,0.0632584658114762
final,2026-08-24,2026-09-29,0.0986301369863013,23100.0,PE,35.8,0.0520620364972588,24334.48923170824,0.987864652621211,0.0550099140283967,0.1218259374694862,0.048356507812586,test,922d768844e8cce6a8e820606022b512e4f99f6a40a9df974c658290f31949ff,True,0.0522192597492526,0.0551471291612514,0.0521728465814604,0.0548705085458062,0.0548698314600199,0.0520977689196487,,0.0515121065166135,0.0513353423310587,0.0513257073837474
final,2026-08-24,2026-09-29,0.0986301369863013,23350.0,PE,53.9,0.0412976699101002,24334.48923170824,0.987864652621211,0.0444989876708542,0.1152540049250119,0.0640034636288183,test,922d768844e8cce6a8e820606022b512e4f99f6a40a9df974c658290f31949ff,True,0.0426987126058329,0.046633681582844,0.0428577152128851,0.0462850495509006,0.0462845343639473,0.0427441584504577,,0.0420780613548059,0.0417887315743064,0.0417725039274757
final,2026-08-24,2026-09-29,0.0986301369863013,23600.0,PE,83.7,0.0306479419934422,24334.48923170824,0.987864652621211,0.0347126033018409,0.1098109575413548,0.0831186400241206,test,922d768844e8cce6a8e820606022b512e4f99f6a40a9df974c658290f31949ff,True,0.0336648708802973,0.038660496516285,0.0340584954827899,0.0382377905787835,0.0382445844915764,0.0338999039366805,,0.0332659656478098,0.0328441281491109,0.0328199511108328
final,2026-08-24,2026-09-29,0.0986301369863013,23750.0,PE,110.35,0.0243121235443564,24334.48923170824,0.987864652621211,0.0293134660126152,0.1073500586251803,0.0954223182067709,test,922d768844e8cce6a8e820606022b512e4f99f6a40a9df974c658290f31949ff,True,0.0286093869146206,0.0341771515497112,0.0291055749515005,0.0337119023707179,0.0337249090494034,0.0289198414506365,,0.0283791727908027,0.0278780903990314,0.0278490890165152
final,2026-08-24,2026-09-29,0.0986301369863013,23900.0,PE,143.75,0.0180161950875415,24334.48923170824,0.987864652621211,0.0242679965494494,0.1047317012850233,0.106854784484318,test,922d768844e8cce6a8e820606022b512e4f99f6a40a9df974c658290f31949ff,True,0.0238346945361846,0.0299444956230351,0.0244528225922954,0.0294403547236679,0.0294571238417236,0.0242429100370146,,0.0238551354096872,0.0232830653743716,0.0232497070012264
final,2026-08-24,2026-09-29,0.0986301369863013,24050.0,PE,188.15,0.0117596574732364,24334.48923170824,0.987864652621211,0.0197484634477506,0.1030422526880297,0.1165814526086269,test,922d768844e8cce6a8e820606022b512e4f99f6a40a9df974c658290f31949ff,True,0.0195175884480671,0.0259815315754922,0.0201462862258797,0.0254441375640852,0.025459290858166,0.0199183023301329,,0.0197371014339931,0.019108928233848,0.0190721068371116
final,2026-08-24,2026-09-29,0.0986301369863013,24200.0,PE,242.1,0.0055420208623659,24334.48923170824,0.987864652621211,0.0156844334936266,0.1011914435231088,0.1230418437935381,test,922d768844e8cce6a8e820606022b512e4f99f6a40a9df974c658290f31949ff,True,0.015597750457453,0.022304977437029,0.0162296468642609,0.0217419645978435,0.0217520588904242,0.0159930080315023,,0.0160571274740247,0.0153932185742201,0.0153541852187426
final,2026-08-24,2026-09-29,0.0986301369863013,24350.0,CE,286.2,-0.0006371955035922,24334.48923170824,0.987864652621211,0.0118979795440306,0.0975197092037105,0.1252876704075689,test,922d768844e8cce6a8e820606022b512e4f99f6a40a9df974c658290f31949ff,True,0.0119055632990085,0.0189284983663585,0.0127407738376638,0.018349354311413,0.0183539731207958,0.0125077853840303,,0.0128331031463455,0.0121572692358982,0.0121175010959694
final,2026-08-24,2026-09-29,0.0986301369863013,24500.0,CE,214.9,-0.0067784635256746,24334.48923170824,0.987864652621211,0.008879180511373,0.0957418156115962,0.1225467862818559,test,922d768844e8cce6a8e820606022b512e4f99f6a40a9df974c658290f31949ff,True,0.0089395721626727,0.015861974564066,0.0097079209303539,0.0152777272800059,0.015278163940002,0.0094926118214789,,0.0100671828027861,0.0094040931363416,0.0093651245451013
final,2026-08-24,2026-09-29,0.0986301369863013,24650.0,CE,154.75,-0.0128822464636924,24334.48923170824,0.987864652621211,0.0063550107293277,0.0936176077583571,0.1145452630302688,test,922d768844e8cce6a8e820606022b512e4f99f6a40a9df974c658290f31949ff,True,0.0064374071297049,0.0131108557460504,0.007145984758508,0.012533585401266,0.0125295301411424,0.0069621832266405,,0.0077458461858835,0.0071183679297848,0.0070816157260922
final,2026-08-24,2026-09-29,0.0986301369863013,24800.0,CE,108.05,-0.0189489991459298,24334.48923170824,0.987864652621211,0.0044103762870238,0.0920667428796857,0.1020283186539186,test,922d768844e8cce6a8e820606022b512e4f99f6a40a9df974c658290f31949ff,True,0.0044947453335354,0.0106756552820208,0.0050533963217011,0.0101178461969784,0.0101109672320919,0.0049122789676909,,0.0058415302505998,0.0052684603057227,0.005235075898642
final,2026-08-24,2026-09-29,0.0986301369863013,24950.0,CE,74.6,-0.024979168172521,24334.48923170824,0.987864652621211,0.0030267101388699,0.0916483599479339,0.0870449965534205,test,922d768844e8cce6a8e820606022b512e4f99f6a40a9df974c658290f31949ff,True,0.0031032670234312,0.0085516351984437,0.0034103032473999,0.0080254068298913,0.008017923794731,0.0033179473623707,,0.0043155196523295,0.0038100644971554,0.0037808370267165
final,2026-08-24,2026-09-29,0.0986301369863013,25100.0,CE,50.55,-0.0309731921127316,24334.48923170824,0.987864652621211,0.0020386843660857,0.091655521777668,0.0713141851052804,test,922d768844e8cce6a8e820606022b512e4f99f6a40a9df974c658290f31949ff,True,0.0021028169977808,0.0067287260808547,0.0021786648496307,0.0062450058939081,0.0062361250533473,0.0021343675535914,,0.0031216089254584,0.0026907824337551,0.0026661041328768
final,2026-08-24,2026-09-29,0.0986301369863013,25250.0,CE,34.2,-0.0369315016963621,24334.48923170824,0.987864652621211,0.0013710941493357,0.0923457585577655,0.0567227704798072,test,922d768844e8cce6a8e820606022b512e4f99f6a40a9df974c658290f31949ff,True,0.0014226773753531,0.0051917130932248,0.001304674633809,0.004759434791802,0.0047490108869379,0.0013008040427187,,0.0022099854117257,0.0018548933561411,0.0018347839796009
final,2026-08-24,2026-09-29,0.0986301369863013,25400.0,CE,23.7,-0.0428545199994842,24334.48923170824,0.987864652621211,0.000944533103463,0.0939994505588526,0.0446243538962708,test,922d768844e8cce6a8e820606022b512e4f99f6a40a9df974c658290f31949ff,True,0.0009858904618675,0.0039207010977204,0.0007235254692038,0.0035461240746242,0.0035367360179768,0.0007472935481614,,0.0015308278649981,0.0012476445393721,0.0012318204765103
final,2026-08-24,2026-09-29,0.0986301369863013,25700.0,CE,11.9,-0.0545963378761674,24334.48923170824,0.987864652621211,0.0004687231375539,0.0984846325467566,0.0271090359901945,test,922d768844e8cce6a8e820606022b512e4f99f6a40a9df974c658290f31949ff,True,0.000495025168617,0.002078340041431,0.0001656564547904,0.0018252208943997,0.0018233079981392,0.0002028970227559,,0.0006873434380549,0.0005237972482635,0.0005149513485002
final,2026-08-24,2026-09-29,0.0986301369863013,26200.0,CE,5.7,-0.0738647567420446,24334.48923170824,0.987864652621211,0.0002202298172438,0.1120731467078067,0.0143727164365314,test,922d768844e8cce6a8e820606022b512e4f99f6a40a9df974c658290f31949ff,True,0.0002371128958921,0.0005520370639367,3.6521067910800327e-06,0.0004636674034614,0.0004670915633453,1.2286957750733995e-05,,0.0001483104613063,9.854052274640632e-05,9.603418306047656e-05
final,2026-08-24,2026-09-29,0.0986301369863013,26800.0,CE,3.0,-0.0965072334918043,24334.48923170824,0.987864652621211,0.0001133154204985,0.129357156337363,0.0078228629604305,test,922d768844e8cce6a8e820606022b512e4f99f6a40a9df974c658290f31949ff,True,0.0001247962609958,6.0551595866791506e-05,4.2233566146819814e-10,5.2580047828145945e-05,5.413153060362563e-05,1.5059906192113287e-07,,1.6956256136289307e-05,9.17083587471338e-06,8.821010302897427e-06
final,2026-08-24,2026-09-29,0.0986301369863013,30000.0,CE,1.8,-0.2093027276371487,24334.48923170824,0.987864652621211,6.0737065387242405e-05,0.2420089160801867,0.0031353457700355,test,922d768844e8cce6a8e820606022b512e4f99f6a40a9df974c658290f31949ff,True,7.487775659753853e-05,-2.9593631570034114e-14,-7.232042293012899e-12,-2.347924265483749e-14,1.3258949265382668e-13,-3.2375486828893566e-14,,5.854856844619386e-13,5.323174559647368e-14,4.568465262597141e-14
final,2026-08-24,2026-10-27,0.1753424657534246,22500.0,PE,35.8,0.083129164962031,24450.3486167351,0.9820445964682386,0.0883023632445986,0.1310525460045086,0.0508566540883036,test,922d768844e8cce6a8e820606022b512e4f99f6a40a9df974c658290f31949ff,True,0.0812586848615972,0.0845512280933173,0.0821004672686792,0.0840845940763065,0.084080602331056,0.0818956218132777,,0.080287208997643,0.0801120396606733,0.0801302835772851
final,2026-08-24,2026-10-27,0.1753424657534246,23500.0,PE,119.4,0.0396440530222922,24450.3486167351,0.9820445964682386,0.0456141144628075,0.1108997770786325,0.113729023164512,test,922d768844e8cce6a8e820606022b512e4f99f6a40a9df974c658290f31949ff,True,0.0438411618042243,0.0513498753039903,0.0469067732999466,0.050534192789171,0.0505399158377671,0.0464678239806434,,0.0433508713482273,0.0426002462739533,0.0426858591529895
final,2026-08-24,2026-10-27,0.1753424657534246,23900.0,PE,204.65,0.0227660152349405,24450.3486167351,0.9820445964682386,0.0317464591985209,0.1061208409111429,0.1448129616996697,test,922d768844e8cce6a8e820606022b512e4f99f6a40a9df974c658290f31949ff,True,0.0310318837059577,0.0400104083849769,0.0348889583716536,0.0390842438106988,0.0390972363919795,0.0343787700245717,,0.0310902858752529,0.0300854954826542,0.0302021272107718
final,2026-08-24,2026-10-27,0.1753424657534246,24150.0,PE,283.5,0.0123600940738238,24450.3486167351,0.9820445964682386,0.0243905608350966,0.103955279287421,0.1594261486303364,test,922d768844e8cce6a8e820606022b512e4f99f6a40a9df974c658290f31949ff,True,0.0240909466527777,0.033621812641127,0.0282000346537197,0.0326505329663557,0.0326669960958541,0.0276702588279333,,0.0245008534200171,0.023386495557873,0.0235166321921626
final,2026-08-24,2026-10-27,0.1753424657534246,24300.0,PE,338.8,0.0061681238259027,24450.3486167351,0.9820445964682386,0.0203844910486244,0.1021340405379277,0.1647775799500047,test,922d768844e8cce6a8e820606022b512e4f99f6a40a9df974c658290f31949ff,True,0.0202591439593026,0.0300662077569178,0.0245263041181271,0.0290793631824842,0.0290964991050981,0.0239972217836987,,0.0209828030246025,0.0198299614516409,0.01996484837138
final,2026-08-24,2026-10-27,0.1753424657534246,24450.0,PE,406.7,1.4258251524572384e-05,24450.3486167351,0.9820445964682386,0.0169523351880621,0.1014431584679578,0.1670138720779091,test,922d768844e8cce6a8e820606022b512e4f99f6a40a9df974c658290f31949ff,True,0.0169520934791262,0.0267266482594948,0.021122350676239,0.0257339706245028,0.0257497702054897,0.0206044403348883,,0.0178006438708223,0.0166323559012128,0.0167691362374863
final,2026-08-24,2026-10-27,0.1753424657534246,24600.0,CE,328.9,-0.0061019687659115,24450.3486167351,0.9820445964682386,0.0136143702101408,0.0989458056703572,0.1657202375536748,test,922d768844e8cce6a8e820606022b512e4f99f6a40a9df974c658290f31949ff,True,0.0136976986471363,0.0236079130146946,0.0179974662454455,0.0226197798752461,0.0226330932536028,0.0175016127337375,,0.0149544962189355,0.0137943069056091,0.0139300553639042
final,2026-08-24,2026-10-27,0.1753424657534246,24850.0,CE,223.3,-0.0162132783702322,24450.3486167351,0.9820445964682386,0.0091502112279565,0.0960530614955716,0.1552393317317434,test,922d768844e8cce6a8e820606022b512e4f99f6a40a9df974c658290f31949ff,True,0.0092997753356811,0.0189085351310521,0.0134245243857385,0.01795189149515,0.017958148402595,0.012988864472069,,0.0109382782949847,0.0098408653963183,0.0099687894853234
final,2026-08-24,2026-10-27,0.1753424657534246,25100.0,CE,148.8,-0.0262233719653326,24450.3486167351,0.9820445964682386,0.0060366778391834,0.0952242704840695,0.1363149886308429,test,922d768844e8cce6a8e820606022b512e4f99f6a40a9df974c658290f31949ff,True,0.0061970737570504,0.014834206071371,0.0096479468867127,0.0139384306136621,0.0139380919464506,0.0092971344423812,,0.0077732142895493,0.0067893523821019,0.0069032337966593
final,2026-08-24,2026-10-27,0.1753424657534246,25700.0,CE,49.15,-0.0498465177287685,24450.3486167351,0.9820445964682386,0.0019474180385957,0.094963932186043,0.0780519216815704,test,922d768844e8cce6a8e820606022b512e4f99f6a40a9df974c658290f31949ff,True,0.0020469501018751,0.0075091311425184,0.0036167410527571,0.0068552847765078,0.0068541948562405,0.0035053302263192,,0.0030305680876747,0.002416386508428,0.002485372494423
final,2026-08-24,2026-10-27,0.1753424657534246,27000.0,CE,7.4,-0.0991923918319235,24450.3486167351,0.9820445964682386,0.0002790851607551,0.1121311937174469,0.0188437716143714,test,922d768844e8cce6a8e820606022b512e4f99f6a40a9df974c658290f31949ff,True,0.0003081878078102,0.000892725172829,9.959782223433258e-05,0.0007850962121536,0.0007919922667192,0.0001467284293201,,0.0002140072503889,0.0001264812917525,0.0001351425583253
final,2026-08-25,2026-09-15,0.0575342465753424,23800.0,PE,41.95,0.0261428638741922,24430.40454660807,0.9956181211941808,0.0282579485481161,0.1012852507288444,0.0529322176534668,test,398f2636d757c8fbdc9182ef2eb2be290afd6e9950cdbad6841e618846463837,True,0.0275287776820109,0.0312270362762838,0.0272407142810701,0.0310381892308625,0.0310405475587355,0.027208932245352,,0.0276786820472434,0.0272384265191616,0.0269714125804091
final,2026-08-25,2026-09-15,0.0575342465753424,24050.0,PE,76.65,0.0156934479998511,24430.40454660807,0.9956181211941808,0.0190183740474842,0.0931057272123917,0.0741667963478577,test,398f2636d757c8fbdc9182ef2eb2be290afd6e9950cdbad6841e618846463837,True,0.0187222399436483,0.0237427207010747,0.018599620044454,0.0234980797160068,0.0235044287041279,0.018539713737057,,0.0195572108055438,0.0189091274061099,0.0184917772133884
final,2026-08-25,2026-09-15,0.0575342465753424,24200.0,PE,115.95,0.0094758113889805,24430.40454660807,0.9956181211941808,0.0143332587435548,0.0911363502284973,0.0866938060482964,test,398f2636d757c8fbdc9182ef2eb2be290afd6e9950cdbad6841e618846463837,True,0.014198080958188,0.0197088767445516,0.0139970339127273,0.0194342443402324,0.019438236095063,0.0139218515233195,,0.0153328449985223,0.014587566362024,0.0140972248212621
final,2026-08-25,2026-09-15,0.0575342465753424,24350.0,PE,165.5,0.0032965950230224,24430.40454660807,0.9956181211941808,0.0101286628040591,0.0873704145020542,0.0943540237889897,test,398f2636d757c8fbdc9182ef2eb2be290afd6e9950cdbad6841e618846463837,True,0.0100953276810588,0.0160568488623764,0.0099741508883399,0.015758148124183,0.0157570833515992,0.0098917257770884,,0.011674452759855,0.0108735250913298,0.0103408450657468
final,2026-08-25,2026-09-15,0.0575342465753424,24500.0,CE,170.5,-0.00284467299906,24430.40454660807,0.9956181211941808,0.0069898121833321,0.0872094353065179,0.0949404965458288,test,398f2636d757c8fbdc9182ef2eb2be290afd6e9950cdbad6841e618846463837,True,0.0070097242215095,0.0128105422192542,0.0066345347235177,0.0124963904682874,0.0124920575644997,0.0065588261716542,,0.0086131961194845,0.0078078556086424,0.0072720371541767
final,2026-08-25,2026-09-15,0.0575342465753424,24650.0,CE,108.8,-0.0089484559370778,24430.40454660807,0.9956181211941808,0.0044332189315258,0.0852597919671663,0.0873410469343895,test,398f2636d757c8fbdc9182ef2eb2be290afd6e9950cdbad6841e618846463837,True,0.0044730674211157,0.0099841531801823,0.0040430344642408,0.0096654064403992,0.0096600436522712,0.003990330932561,,0.006145013736908,0.0053864288873224,0.0048866682769346
final,2026-08-25,2026-09-29,0.0958904109589041,21000.0,PE,7.5,0.1533936806200704,24481.46053748844,0.989442185996744,0.1661447888580865,0.2245882363629054,0.0100426038996217,test,398f2636d757c8fbdc9182ef2eb2be290afd6e9950cdbad6841e618846463837,True,0.1425176639554266,0.142295146144648,0.1422117151306782,0.1422885276526042,0.1422873563974503,0.1422118373002177,,0.1422080475369854,0.1422080412866152,0.142208041078223
final,2026-08-25,2026-09-29,0.0958904109589041,22200.0,PE,12.5,0.0978238294652596,24481.46053748844,0.989442185996744,0.1033375638907235,0.1649122551765838,0.0187754158622327,test,398f2636d757c8fbdc9182ef2eb2be290afd6e9950cdbad6841e618846463837,True,0.0937073960461271,0.0940307798076466,0.0933025425928124,0.0939645043170034,0.0939704903279436,0.0932978160065336,,0.0932026434705239,0.0931948892943392,0.0931941942169182
final,2026-08-25,2026-09-29,0.0958904109589041,22700.0,PE,17.5,0.0755511938561363,24481.46053748844,0.989442185996744,0.0792575890188683,0.141328647881964,0.0268005223939341,test,398f2636d757c8fbdc9182ef2eb2be290afd6e9950cdbad6841e618846463837,True,0.0734901934454963,0.0746707781512715,0.0731562084297324,0.0745327895862707,0.0745396408591132,0.0731359123903512,,0.0728734880494995,0.0728163365638574,0.072809752454413
final,2026-08-25,2026-09-29,0.0958904109589041,23200.0,PE,30.4,0.053763839671229,24481.46053748844,0.989442185996744,0.0565596948190635,0.1213984630939361,0.0432406823939391,test,398f2636d757c8fbdc9182ef2eb2be290afd6e9950cdbad6841e618846463837,True,0.0535991272985092,0.0563458985706295,0.0535598052627304,0.0560952356960211,0.0560953513086735,0.0534975490177445,,0.0529871616361449,0.0527393036478374,0.0527052423731916
final,2026-08-25,2026-09-29,0.0958904109589041,23500.0,PE,47.7,0.0409156971933801,24481.46053748844,0.989442185996744,0.0438157242105522,0.1117086219122674,0.0601242181384385,test,398f2636d757c8fbdc9182ef2eb2be290afd6e9950cdbad6841e618846463837,True,0.0420591540023212,0.0461165693445572,0.0423674091713115,0.0457821862509943,0.0457816710243842,0.042262113788874,,0.0416650842911006,0.041196417760223,0.0411270410742551
final,2026-08-25,2026-09-29,0.0958904109589041,23650.0,PE,62.75,0.0345530034055513,24481.46053748844,0.989442185996744,0.0378384824327384,0.108291749638438,0.0713980320007684,test,398f2636d757c8fbdc9182ef2eb2be290afd6e9950cdbad6841e618846463837,True,0.0365533791647738,0.0412825059330645,0.0370279339364482,0.0409043442611992,0.0409073382781038,0.0368968850035841,,0.0363118830171196,0.0357086452822746,0.0356167157650871
final,2026-08-25,2026-09-29,0.0958904109589041,23800.0,PE,82.15,0.0282305376660643,24481.46053748844,0.989442185996744,0.0321213074230568,0.1047635354836665,0.0834015743297814,test,398f2636d757c8fbdc9182ef2eb2be290afd6e9950cdbad6841e618846463837,True,0.0312271857922076,0.0366645289755201,0.0319130520851042,0.0362431308376994,0.0362519342347736,0.0317550631141951,,0.0312344074646372,0.0304907056709192,0.0303746304795528
final,2026-08-25,2026-09-29,0.0958904109589041,23950.0,PE,109.25,0.0219477944865691,24481.46053748844,0.989442185996744,0.0268006800179033,0.1020825051830547,0.0960060980554422,test,398f2636d757c8fbdc9182ef2eb2be290afd6e9950cdbad6841e618846463837,True,0.0262188722542055,0.0322840989327576,0.027067938856304,0.031821711956274,0.0318363341704033,0.0268839525704367,,0.0264862747047915,0.0256074310122264,0.0254676476695581
final,2026-08-25,2026-09-29,0.0958904109589041,24100.0,PE,143.65,0.0157042778468841,24481.46053748844,0.989442185996744,0.0218524211878015,0.099266467047561,0.107561987094231,test,398f2636d757c8fbdc9182ef2eb2be290afd6e9950cdbad6841e618846463837,True,0.0215119253126081,0.0281616250909517,0.0225399701798933,0.0276624029335811,0.027679013368349,0.0223337545393054,,0.022116700719709,0.0211205088221765,0.0209598209860552
final,2026-08-25,2026-09-29,0.0958904109589041,24250.0,PE,193.5,0.0094995009600012,24481.46053748844,0.989442185996744,0.0176092896329023,0.0986924635825443,0.1171396201709984,test,398f2636d757c8fbdc9182ef2eb2be290afd6e9950cdbad6841e618846463837,True,0.0174428021949089,0.0243157086568882,0.018376254625239,0.0237858116855524,0.023799076813356,0.0181548735356467,,0.0181661499421664,0.0170822025801737,0.0169057232823588
final,2026-08-25,2026-09-29,0.0958904109589041,24400.0,PE,243.4,0.0033329860443373,24481.46053748844,0.989442185996744,0.0134203987743151,0.0943538430201476,0.1225185526718627,test,398f2636d757c8fbdc9182ef2eb2be290afd6e9950cdbad6841e618846463837,True,0.0133757432319796,0.0207623497469665,0.0146203968476077,0.0202099120480904,0.0202175411599178,0.0143942267912126,,0.0146625512748288,0.0135295731921217,0.0133442408597758
final,2026-08-25,2026-09-29,0.0958904109589041,24550.0,CE,243.55,-0.0027957358970361,24481.46053748844,0.989442185996744,0.0100264274205895,0.0921512837715859,0.1231051429083747,test,398f2636d757c8fbdc9182ef2eb2be290afd6e9950cdbad6841e618846463837,True,0.010054497884166,0.0175141599650839,0.0113086549590635,0.0169490949020135,0.0169517032177704,0.0110907212217962,,0.0116186732583786,0.01048026998921,0.0102940137505902
final,2026-08-25,2026-09-29,0.0958904109589041,24700.0,CE,174.1,-0.008887125290438,24481.46053748844,0.989442185996744,0.0071237946953422,0.0893226264246592,0.1178335254464838,test,398f2636d757c8fbdc9182ef2eb2be290afd6e9950cdbad6841e618846463837,True,0.0071873869087797,0.0145796301883702,0.008465829639262,0.0140132583836426,0.0140118100782127,0.0082703249682025,,0.0090310660362122,0.0079306827847936,0.0077514074585937
final,2026-08-25,2026-09-29,0.0958904109589041,24850.0,CE,120.05,-0.0149416341991443,24481.46053748844,0.989442185996744,0.00488253480988,0.0872885720173383,0.1068192509816343,test,398f2636d757c8fbdc9182ef2eb2be290afd6e9950cdbad6841e618846463837,True,0.0049560356025215,0.0119625083261605,0.0061014118622599,0.011407009333815,0.0114014256929671,0.0059414592430397,,0.0068807052226123,0.0058567629064004,0.0056913685797762
final,2026-08-25,2026-09-29,0.0958904109589041,25000.0,CE,82.35,-0.0209597065247073,24481.46053748844,0.989442185996744,0.0033291485309792,0.0869832320493801,0.0922197487503846,test,398f2636d757c8fbdc9182ef2eb2be290afd6e9950cdbad6841e618846463837,True,0.0033996629060195,0.0096613429356497,0.0042066679602174,0.0091290541036706,0.0091218671666802,0.0040916900454458,,0.0051351793252242,0.0042172704086141,0.0040709030890961
final,2026-08-25,2026-09-29,0.0958904109589041,25150.0,CE,53.3,-0.0269417782022548,24481.46053748844,0.989442185996744,0.0021418980555186,0.0860160063915921,0.0750664320699074,test,398f2636d757c8fbdc9182ef2eb2be290afd6e9950cdbad6841e618846463837,True,0.0022003889847096,0.0076692445644189,0.0027533999819004,0.0071718555556894,0.0071640952754398,0.0026867788417893,,0.0037520174730437,0.0029587430690134,0.0028344013203089
final,2026-08-25,2026-09-29,0.0958904109589041,25300.0,CE,34.2,-0.0328882773899811,24481.46053748844,0.989442185996744,0.001366202770872,0.0859811238772175,0.0585564915800918,test,398f2636d757c8fbdc9182ef2eb2be290afd6e9950cdbad6841e618846463837,True,0.0014118818626091,0.005973906794573,0.0016950112291915,0.005521622494054,0.0055120591089714,0.0016729079795339,,0.0026826095679611,0.0020212275640221,0.0019197527768356
final,2026-08-25,2026-09-29,0.0958904109589041,25500.0,CE,20.7,-0.040762333820887,24481.46053748844,0.989442185996744,0.0008204266175133,0.0887651470854779,0.0419822111861059,test,398f2636d757c8fbdc9182ef2eb2be290afd6e9950cdbad6841e618846463837,True,0.000854560074737,0.0041443158451245,0.0007907217981896,0.0037640428879533,0.0037540473979711,0.0008110859695028,,0.0016571051176328,0.0011657190636081,0.0010929239035497
final,2026-08-25,2026-09-29,0.0958904109589041,25700.0,CE,12.6,-0.0485748735576806,24481.46053748844,0.989442185996744,0.0004955038106111,0.0917600803477424,0.0293568357243657,test,398f2636d757c8fbdc9182ef2eb2be290afd6e9950cdbad6841e618846463837,True,0.0005201670020138,0.002757442776694,0.0003126796492598,0.0024562786855427,0.0024505480632427,0.0003499905282201,,0.0009835763056552,0.0006400808077526,0.0005913129620401
final,2026-08-25,2026-09-29,0.0958904109589041,26200.0,CE,5.25,-0.0678432924235577,24481.46053748844,0.989442185996744,0.000202519846258,0.1043690109654665,0.0141126893209475,test,398f2636d757c8fbdc9182ef2eb2be290afd6e9950cdbad6841e618846463837,True,0.000216736250839,0.0007967013697014,1.0314230714872537e-05,0.000675303141264,0.0006782644423171,2.429195857138553e-05,,0.0002235947733296,0.0001149616931845,0.0001015410116563
final,2026-08-25,2026-09-29,0.0958904109589041,26500.0,CE,3.15,-0.0792286146486831,24481.46053748844,0.989442185996744,0.0001201363012519,0.1111127578029612,0.0090691449857015,test,398f2636d757c8fbdc9182ef2eb2be290afd6e9950cdbad6841e618846463837,True,0.0001300417505034,0.0003119662825226,3.924601356808519e-07,0.000259810614391,0.0002629138018599,3.2744677274384277e-06,,8.134773104018136e-05,3.530278140969744e-05,3.018741276503492e-05
final,2026-08-25,2026-09-29,0.0958904109589041,28500.0,CE,1.25,-0.1519879689311114,24481.46053748844,0.989442185996744,4.4327652230255066e-05,0.1778115694742885,0.0029518607115643,test,398f2636d757c8fbdc9182ef2eb2be290afd6e9950cdbad6841e618846463837,True,5.160386924741359e-05,1.1670064918886506e-10,9.0904129629735e-12,5.032585878247904e-09,5.584058949296506e-09,-5.272086036154495e-15,,9.86764397497298e-09,8.272875536305218e-10,5.160257647648597e-10
final,2026-08-25,2026-10-27,0.1726027397260274,22500.0,PE,30.15,0.0893221118296539,24602.23816311247,0.9739773719419736,0.0948086092327357,0.1347755298944303,0.0443893024434716,test,398f2636d757c8fbdc9182ef2eb2be290afd6e9950cdbad6841e618846463837,True,0.0867073025467646,0.0894677745511995,0.0872924511480575,0.0890592925229066,0.0890568939376166,0.0871234641974896,,0.0857882223517341,0.0856104887468485,0.0856358377695003
final,2026-08-25,2026-10-27,0.1726027397260274,23500.0,PE,93.0,0.045836999889915,24602.23816311247,0.9739773719419736,0.0509669330904074,0.1118400487788025,0.0995500600660232,test,398f2636d757c8fbdc9182ef2eb2be290afd6e9950cdbad6841e618846463837,True,0.0486834945537755,0.0555818033512631,0.0514273863683979,0.0548288301345558,0.0548318169298362,0.0510331708365829,,0.0481537245559134,0.0471937991693988,0.0473546105510589
final,2026-08-25,2026-10-27,0.1726027397260274,23800.0,PE,135.65,0.0331518403625993,24602.23816311247,0.9739773719419736,0.0395593464694708,0.1060638686706433,0.1228060419393742,test,398f2636d757c8fbdc9182ef2eb2be290afd6e9950cdbad6841e618846463837,True,0.0382693818233606,0.0466458240671595,0.0419157206508169,0.0457978186982631,0.0458064380238612,0.0414563366584422,,0.0383088046190278,0.0370243720884417,0.0372453081589471
final,2026-08-25,2026-10-27,0.1726027397260274,24050.0,PE,187.85,0.0227024244882582,24602.23816311247,0.9739773719419736,0.0309815850414946,0.1020399266181002,0.1419488874871829,test,398f2636d757c8fbdc9182ef2eb2be290afd6e9950cdbad6841e618846463837,True,0.0302861518252077,0.0397453818925002,0.0346082016813809,0.0388326861967838,0.0388458769448842,0.0341084860794217,,0.030906494594913,0.0293820657634871,0.0296483146454339
final,2026-08-25,2026-10-27,0.1726027397260274,24200.0,PE,229.75,0.0164847878773876,24602.23816311247,0.9739773719419736,0.0263688677757558,0.1003178535269182,0.1519806561421332,test,398f2636d757c8fbdc9182ef2eb2be290afd6e9950cdbad6841e618846463837,True,0.0259377458238766,0.0358634353383137,0.0305290888540433,0.0349207935660642,0.0349360383046861,0.0300144660357974,,0.0268638883578791,0.0252248795404924,0.0255129606822553
final,2026-08-25,2026-10-27,0.1726027397260274,24350.0,PE,279.7,0.0103055715114296,24602.23816311247,0.9739773719419736,0.0221524090011243,0.0987876023469751,0.1597398606709799,test,398f2636d757c8fbdc9182ef2eb2be290afd6e9950cdbad6841e618846463837,True,0.0219252880815594,0.0321855346631525,0.0266981015904151,0.0312210002142162,0.0312378148032844,0.0261772785172915,,0.023141549138385,0.0214181151456553,0.0217223396796989
final,2026-08-25,2026-10-27,0.1726027397260274,24500.0,PE,340.25,0.0041643034893471,24602.23816311247,0.9739773719419736,0.0184317929755119,0.0979075124155268,0.1644992373352399,test,398f2636d757c8fbdc9182ef2eb2be290afd6e9950cdbad6841e618846463837,True,0.0183551969908623,0.0287188138079587,0.0231288536572066,0.0277414417644435,0.0277580559253189,0.0226116792656503,,0.0197502301413697,0.0179771889555899,0.0182908919306556
final,2026-08-25,2026-10-27,0.1726027397260274,24650.0,CE,367.0,-0.0019394794486706,24602.23816311247,0.9739773719419736,0.0152862259050113,0.0980647854007321,0.1656810563237796,test,398f2636d757c8fbdc9182ef2eb2be290afd6e9950cdbad6841e618846463837,True,0.0153159019947825,0.0254690736858245,0.0198326311549771,0.024488732870016,0.0245034909775266,0.0193297101931901,,0.0166944368263712,0.0149090846810692,0.0152250769567869
final,2026-08-25,2026-10-27,0.1726027397260274,24850.0,CE,257.4,-0.0100203315026093,24602.23816311247,0.9739773719419736,0.0106348968587509,0.0915627347564914,0.1608659076665378,test,398f2636d757c8fbdc9182ef2eb2be290afd6e9950cdbad6841e618846463837,True,0.0107419977478392,0.0214807887536253,0.0158764663765056,0.0205127882379784,0.0205232301721028,0.0154093869768817,,0.0131378193230093,0.0113939039651178,0.0117017901995144
final,2026-08-25,2026-10-27,0.1726027397260274,25000.0,CE,207.35,-0.0160384038281723,24602.23816311247,0.9739773719419736,0.0085155982458431,0.0922157051636972,0.1530316545271826,test,398f2636d757c8fbdc9182ef2eb2be290afd6e9950cdbad6841e618846463837,True,0.0086532759635371,0.0187511160572429,0.0132442352451337,0.0178048892021142,0.0178107469621683,0.0128160520755423,,0.0108469985451082,0.0091742187254808,0.0094683465489324
final,2026-08-25,2026-10-27,0.1726027397260274,25400.0,CE,99.6,-0.0319117529844625,24602.23816311247,0.9739773719419736,0.0040260276629437,0.0900416203004338,0.1170210817217375,test,398f2636d757c8fbdc9182ef2eb2be290afd6e9950cdbad6841e618846463837,True,0.0041565772171125,0.0125643972621479,0.0076170917767592,0.0117263522511328,0.0117241632488337,0.0073309708015105,,0.0061798185341877,0.0048221055879319,0.0050561411168385
final,2026-08-25,2026-10-27,0.1726027397260274,25650.0,CE,62.65,-0.0417061505767501,24602.23816311247,0.9739773719419736,0.0025077534623167,0.0908086032599907,0.09184222321701,test,398f2636d757c8fbdc9182ef2eb2be290afd6e9950cdbad6841e618846463837,True,0.0026145538418885,0.0094811704504428,0.0050752822840426,0.0087420763264499,0.0087396821320037,0.0048906191366159,,0.0041806945197385,0.0030692612635434,0.003257244596308
final,2026-08-25,2026-10-27,0.1726027397260274,27000.0,CE,7.4,-0.0929994449643006,24602.23816311247,0.9739773719419736,0.000281396757224,0.1070502968136149,0.0194997249336926,test,398f2636d757c8fbdc9182ef2eb2be290afd6e9950cdbad6841e618846463837,True,0.0003088220020745,0.0011852859183722,0.0001631811259452,0.0010378084874068,0.0010455556435519,0.0002166870506434,,0.0002960172773283,0.0001348894398693,0.000157437718315
final,2026-08-26,2026-09-15,0.0547945205479452,23800.0,PE,38.95,0.0247958948842846,24397.519701678055,0.9967501998558502,0.0267477602560353,0.0977543764363243,0.0512727829351457,test,254e419b0101eb26f8916314286f57b285d866b5228f9c5f3be2bd0eb90c894d,True,0.0260926808084452,0.0299107545207522,0.0258884175154924,0.0297313256522521,0.0297333645318471,0.0258606090457355,,0.0264254033516231,0.025901722579624,0.025631495817599
final,2026-08-26,2026-09-15,0.0547945205479452,24000.0,PE,69.0,0.016427645213768,24397.519701678055,0.9967501998558502,0.0194476945411164,0.0933995929287972,0.0698375552393039,test,254e419b0101eb26f8916314286f57b285d866b5228f9c5f3be2bd0eb90c894d,True,0.0191308245548702,0.0238962978122034,0.0189112555859526,0.0236731410787228,0.0236779636660158,0.0188622464533946,,0.0198940884310905,0.0191686661461106,0.0187719475747886
final,2026-08-26,2026-09-15,0.0547945205479452,24150.0,PE,105.15,0.0101970954631319,24397.519701678055,0.9967501998558502,0.0146174961612504,0.090893190147776,0.0828250993429618,test,254e419b0101eb26f8916314286f57b285d866b5228f9c5f3be2bd0eb90c894d,True,0.0144691975500246,0.019794134201548,0.014192837213493,0.019540833320128,0.0195441049703515,0.0141285329521217,,0.0155720730828233,0.0147225387933285,0.0142448122648761
final,2026-08-26,2026-09-15,0.0547945205479452,24300.0,PE,155.55,0.0040051252152109,24397.519701678055,0.9967501998558502,0.0104352615737223,0.0884278160031815,0.0914652286790694,test,254e419b0101eb26f8916314286f57b285d866b5228f9c5f3be2bd0eb90c894d,True,0.0103935506290014,0.0160807127320925,0.0100584942035709,0.0158026245237308,0.0158012070870851,0.0099857707046461,,0.0118234175104002,0.0108983279908908,0.0103703771409164
final,2026-08-26,2026-09-15,0.0547945205479452,24450.0,CE,168.1,-0.0021487403591673,24397.519701678055,0.9967501998558502,0.0068976716781357,0.0849525035490775,0.0929369546205777,test,254e419b0101eb26f8916314286f57b285d866b5228f9c5f3be2bd0eb90c894d,True,0.0069125089186348,0.0127825574566996,0.0066261352549896,0.0124878536700584,0.0124832016195472,0.0065583510092024,,0.0086861865867033,0.0077482941309127,0.0072120095643295
final,2026-08-26,2026-09-15,0.0547945205479452,24600.0,CE,107.45,-0.0082649673766035,24397.519701678055,0.9967501998558502,0.0043821272165217,0.0840649026828776,0.0858511346327049,test,254e419b0101eb26f8916314286f57b285d866b5228f9c5f3be2bd0eb90c894d,True,0.0044184954390679,0.0099158929905882,0.0039735753161896,0.0096151494620808,0.0096096886326971,0.003927199249106,,0.0061606832643837,0.0052742362620264,0.0047727576644532
final,2026-08-26,2026-09-15,0.0547945205479452,25000.0,CE,28.6,-0.0243943493064871,24397.519701678055,0.9967501998558502,0.0011477298927709,0.0873122346078071,0.0463667273870014,test,254e419b0101eb26f8916314286f57b285d866b5228f9c5f3be2bd0eb90c894d,True,0.0011760723085838,0.0043662871253996,0.0004993524620205,0.004108603160179,0.0041057001504081,0.0005298985771904,,0.0020460649713931,0.0014993722857959,0.0012163298603959
final,2026-08-26,2026-09-29,0.0931506849315068,21000.0,PE,6.7,0.152230371028641,24452.997578459486,0.9880999629323138,0.1647513461393998,0.222987740770307,0.0092416039874514,test,254e419b0101eb26f8916314286f57b285d866b5228f9c5f3be2bd0eb90c894d,True,0.1414868773378972,0.1412897953909881,0.1412125975164907,0.1412840538489609,0.1412828514353391,0.1412127356060363,,0.1412095880478895,0.1412095827391056,0.1412095826472036
final,2026-08-26,2026-09-29,0.0931506849315068,22000.0,PE,10.45,0.1057103553937481,24452.997578459486,0.9880999629323138,0.111980610522851,0.1736206756058436,0.0157842314001129,test,254e419b0101eb26f8916314286f57b285d866b5228f9c5f3be2bd0eb90c894d,True,0.1007472978966338,0.1008827288542725,0.1003732159370294,0.1008385437582234,0.1008426188061782,0.1003714796948092,,0.1003185764248032,0.1003155447082215,0.1003153913808801
final,2026-08-26,2026-09-29,0.0931506849315068,22600.0,PE,14.2,0.0788029024738239,24452.997578459486,0.9880999629323138,0.0826269289415065,0.1428762813946842,0.0228637428680814,test,254e419b0101eb26f8916314286f57b285d866b5228f9c5f3be2bd0eb90c894d,True,0.0763656311700207,0.0773661252883627,0.0760622014536427,0.0772515225403276,0.077258942598894,0.076048532955073,,0.0758466961416451,0.0758028382552878,0.0757995195606033
final,2026-08-26,2026-09-29,0.0931506849315068,22950.0,PE,20.05,0.0634348722455099,24452.997578459486,0.9880999629323138,0.0663742504442507,0.1279502831194005,0.0315255289917494,test,254e419b0101eb26f8916314286f57b285d866b5228f9c5f3be2bd0eb90c894d,True,0.0622945732034673,0.0642131744370346,0.0621291732301185,0.0640310783928781,0.0640351437010366,0.0620954656248794,,0.061739442759503,0.0615957408791634,0.0615828658419906
final,2026-08-26,2026-09-29,0.0931506849315068,23150.0,PE,24.95,0.0547580282198209,24452.997578459486,0.9880999629323138,0.0573757261394086,0.1193946607142071,0.0383004733990309,test,254e419b0101eb26f8916314286f57b285d866b5228f9c5f3be2bd0eb90c894d,True,0.0543184145774158,0.0569816036997199,0.054337309514084,0.0567518255995349,0.0567526687838981,0.0542848706626438,,0.0538377758169832,0.0535863488607805,0.0535620090753512
final,2026-08-26,2026-09-29,0.0931506849315068,23300.0,PE,31.15,0.0482994481804092,24452.997578459486,0.9880999629323138,0.0508378853613095,0.1142462749220369,0.04553043107235,test,254e419b0101eb26f8916314286f57b285d866b5228f9c5f3be2bd0eb90c894d,True,0.0484407985204215,0.051728641625686,0.0486161692163644,0.0514593882216937,0.0514584677704626,0.0485455794400447,,0.0480447653626292,0.0476828926777175,0.0476460795322185
final,2026-08-26,2026-09-29,0.0931506849315068,23500.0,PE,43.7,0.0397523876019507,24452.997578459486,0.9880999629323138,0.0424350584256991,0.1083133029597751,0.0579176050316589,test,254e419b0101eb26f8916314286f57b285d866b5228f9c5f3be2bd0eb90c894d,True,0.0407812526789099,0.0449928330722543,0.0412104409477395,0.0446674438239258,0.0446672037449907,0.0411103114396622,,0.0405811291379045,0.040034231223222,0.0399754219246812
final,2026-08-26,2026-09-29,0.0931506849315068,23700.0,PE,63.75,0.0312777606109786,24452.997578459486,0.9880999629323138,0.0344943182379747,0.1034822717297235,0.0733993719705615,test,254e419b0101eb26f8916314286f57b285d866b5228f9c5f3be2bd0eb90c894d,True,0.0334321115281238,0.0386120191923231,0.0341414401427022,0.0382289943143843,0.0382344159045038,0.0340072172777232,,0.033527417957993,0.0327654742694667,0.0326798631998077
final,2026-08-26,2026-09-29,0.0931506849315068,23850.0,PE,87.75,0.0249685914177138,24452.997578459486,0.9880999629323138,0.0290064730701079,0.1014204979114759,0.0868443058129051,test,254e419b0101eb26f8916314286f57b285d866b5228f9c5f3be2bd0eb90c894d,True,0.0282911892704508,0.0340915556309019,0.0291234292700367,0.0336664733909992,0.0336781136189932,0.0289628268478108,,0.0285853775533388,0.0276581286631408,0.0275512332244451
final,2026-08-26,2026-09-29,0.0931506849315068,24000.0,PE,118.45,0.0186989784041183,24452.997578459486,0.9880999629323138,0.0238697547363358,0.099066030340821,0.0996185439213185,test,254e419b0101eb26f8916314286f57b285d866b5228f9c5f3be2bd0eb90c894d,True,0.0234275618698257,0.0298227237749151,0.024402571669568,0.0293586070238732,0.0293746852220884,0.0242176098127988,,0.0240020316841058,0.0229222576275354,0.0227952998613654
final,2026-08-26,2026-09-29,0.0931506849315068,24150.0,PE,157.05,0.0124684286534824,24452.997578459486,0.9880999629323138,0.0191279083691125,0.0963907582667053,0.1105970558402641,test,254e419b0101eb26f8916314286f57b285d866b5228f9c5f3be2bd0eb90c894d,True,0.0188908940767649,0.0258259191703154,0.0200291019326422,0.02532780009982,0.0253429336935791,0.0198249848837326,,0.0198246187407424,0.0186205428982966,0.0184769835404714
final,2026-08-26,2026-09-29,0.0931506849315068,24300.0,PE,206.5,0.0062764584055612,24452.997578459486,0.9880999629323138,0.0148964827547602,0.0939472292544722,0.118492494654027,test,254e419b0101eb26f8916314286f57b285d866b5228f9c5f3be2bd0eb90c894d,True,0.014803278402953,0.0221192357264752,0.0160515378683039,0.0215942045830469,0.0216042443900358,0.0158369818854569,,0.0160892049988835,0.0148024886645422,0.0146477965063387
final,2026-08-26,2026-09-29,0.0931506849315068,24450.0,PE,268.7,0.0001225928311831,24452.997578459486,0.9880999629323138,0.0112447291420608,0.0918449613981319,0.1217389806836568,test,254e419b0101eb26f8916314286f57b285d866b5228f9c5f3be2bd0eb90c894d,True,0.0112433507033744,0.0187176108240214,0.0125127452697199,0.018174708709558,0.0181790204293643,0.0122996913440474,,0.0128171650649903,0.0114984667504378,0.0113394827424304
final,2026-08-26,2026-09-29,0.0931506849315068,24600.0,CE,195.25,-0.0059936341862529,24452.997578459486,0.9880999629323138,0.0080325798680982,0.0886168632082918,0.119151903297627,test,254e419b0101eb26f8916314286f57b285d866b5228f9c5f3be2bd0eb90c894d,True,0.0080808687818822,0.0156320024227888,0.0094454589867517,0.0150819332091232,0.0150820493966877,0.0092479466878945,,0.0100131647796687,0.0087160778410886,0.008560100204481
final,2026-08-26,2026-09-29,0.0931506849315068,24750.0,CE,137.15,-0.0120726802626352,24452.997578459486,0.9880999629323138,0.0056081513503646,0.0870836723955849,0.1104800337868321,test,254e419b0101eb26f8916314286f57b285d866b5228f9c5f3be2bd0eb90c894d,True,0.0056762671110634,0.0128686567177343,0.006867764321821,0.0123233088780953,0.0123192340497407,0.0066999028599629,,0.0076649566018388,0.0064395438340844,0.0062933388382607
final,2026-08-26,2026-09-29,0.0931506849315068,24900.0,CE,91.8,-0.0181149947185977,24452.997578459486,0.9880999629323138,0.003731147784897,0.0855000889744285,0.0965509198896891,test,254e419b0101eb26f8916314286f57b285d866b5228f9c5f3be2bd0eb90c894d,True,0.0037993534144777,0.0104285285249066,0.0047792540542053,0.0099003195200594,0.0098934690690674,0.0046525243814696,,0.0057449708501959,0.004632176013288,0.0045011334577468
final,2026-08-26,2026-09-29,0.0931506849315068,25050.0,CE,63.1,-0.0241210187788097,24452.997578459486,0.9880999629323138,0.0025492988263788,0.0864338904750103,0.0811250804884253,test,254e419b0101eb26f8916314286f57b285d866b5228f9c5f3be2bd0eb90c894d,True,0.0026115381313022,0.0083069148677514,0.0031587162323264,0.0078079969592436,0.007800686381881,0.00307921654735,,0.0042133766058151,0.0032413064696479,0.0031289069899311
final,2026-08-26,2026-09-29,0.0931506849315068,25250.0,CE,35.25,-0.0320733469693047,24452.997578459486,0.9880999629323138,0.0014128526022989,0.0864881264316271,0.0591349758416009,test,254e419b0101eb26f8916314286f57b285d866b5228f9c5f3be2bd0eb90c894d,True,0.0014589020464089,0.0059546731509337,0.0016507457847829,0.0055116337092801,0.0055023320594156,0.0016310952653791,,0.0026916096692198,0.0019264220202345,0.0018407605651863
final,2026-08-26,2026-09-29,0.0931506849315068,25400.0,CE,23.45,-0.0379963652724267,24452.997578459486,0.9880999629323138,0.0009343471117202,0.0879766972800006,0.0455918482182821,test,254e419b0101eb26f8916314286f57b285d866b5228f9c5f3be2bd0eb90c894d,True,0.0009705319996677,0.004526040135245,0.0009289351736055,0.0041347959837381,0.0041244502283908,0.0009427044268084,,0.001872839138114,0.0012604607417828,0.0011939487289686
final,2026-08-26,2026-09-29,0.0931506849315068,25600.0,CE,14.2,-0.0458395427334527,24452.997578459486,0.9880999629323138,0.0005613677976,0.091060656379573,0.0319659406744669,test,254e419b0101eb26f8916314286f57b285d866b5228f9c5f3be2bd0eb90c894d,True,0.0005876995477732,0.0030257893967222,0.0003723533779457,0.0027113021394628,0.0027040315123435,0.0004080115127906,,0.0011138184587904,0.0006837051258333,0.0006391935058338
final,2026-08-26,2026-09-29,0.0931506849315068,26200.0,CE,5.0,-0.069006602014987,24452.997578459486,0.9880999629323138,0.0001931380445457,0.1067077652547331,0.0133516788508798,test,254e419b0101eb26f8916314286f57b285d866b5228f9c5f3be2bd0eb90c894d,True,0.0002069364604834,0.00066059123285,4.844854388352327e-06,0.0005570447740581,0.0005600653377026,1.4568320861094598e-05,,0.0001821446330227,7.908498567690651e-05,7.035796678356038e-05
final,2026-08-26,2026-09-29,0.0931506849315068,27000.0,CE,2.9,-0.0990840572522649,24452.997578459486,0.9880999629323138,0.0001087009527747,0.1355498413920751,0.0072665506525784,test,254e419b0101eb26f8916314286f57b285d866b5228f9c5f3be2bd0eb90c894d,True,0.0001200231470804,2.9118307854578487e-05,1.3634409432428039e-11,2.613907015917849e-05,2.7116724990398725e-05,2.4913965721461282e-08,,9.025452643865275e-06,2.0979279349354917e-06,1.7057721098308895e-06
final,2026-08-26,2026-10-27,0.1698630136986301,22500.0,PE,28.15,0.0880675056655898,24571.39139778038,0.9812249996534508,0.0933368900800074,0.1322475543500241,0.0426351597585847,test,254e419b0101eb26f8916314286f57b285d866b5228f9c5f3be2bd0eb90c894d,True,0.0854685024874038,0.0883266415301122,0.0861298989215504,0.0879222738437055,0.0879200616338278,0.0859644194073466,,0.0846460139309034,0.0844469959620759,0.0844717776755981
final,2026-08-26,2026-10-27,0.1698630136986301,23600.0,PE,100.45,0.0403361028443999,24571.39139778038,0.9812249996534508,0.0454984505412221,0.1064500956060969,0.105571681498388,test,254e419b0101eb26f8916314286f57b285d866b5228f9c5f3be2bd0eb90c894d,True,0.0436997407021011,0.0514366097639173,0.0470264645049743,0.0506556348770687,0.0506609083859109,0.0466140359201768,,0.0436776426114376,0.0424505829499182,0.0426384169302948
final,2026-08-26,2026-10-27,0.1698630136986301,23900.0,PE,151.55,0.0277043559384992,24571.39139778038,0.9812249996534508,0.0345540248005924,0.1015444027884662,0.1302242048979627,test,254e419b0101eb26f8916314286f57b285d866b5228f9c5f3be2bd0eb90c894d,True,0.0336098668310969,0.0427724885305171,0.0378107288492761,0.0419030874269086,0.0419144033023557,0.0373393103929785,,0.0342273804936595,0.0326369990602301,0.0328872862089502
final,2026-08-26,2026-10-27,0.1698630136986301,24150.0,PE,213.75,0.0172984347773824,24571.39139778038,0.9812249996534508,0.0264692067421972,0.0981582917058351,0.1487346215150376,test,254e419b0101eb26f8916314286f57b285d866b5228f9c5f3be2bd0eb90c894d,True,0.0260152684264272,0.0361298465531718,0.0308020726298088,0.0352043348843037,0.0352194206422616,0.0302993367189633,,0.0272257654043379,0.025390508649858,0.0256836864312434
final,2026-08-26,2026-10-27,0.1698630136986301,24300.0,PE,269.35,0.0111064645294614,24571.39139778038,0.9812249996534508,0.0224648233288712,0.0984383647639379,0.1574653423297724,test,254e419b0101eb26f8916314286f57b285d866b5228f9c5f3be2bd0eb90c894d,True,0.0222166990079724,0.0324152575055115,0.0269245663839701,0.0314662643192747,0.0314828661999367,0.0264139971735793,,0.0234486474156677,0.0215097139011231,0.0218211915230903
final,2026-08-26,2026-10-27,0.1698630136986301,24450.0,PE,312.0,0.0049525989550832,24571.39139778038,0.9812249996534508,0.0179697866043242,0.0931917010923429,0.162627299691145,test,254e419b0101eb26f8916314286f57b285d866b5228f9c5f3be2bd0eb90c894d,True,0.0178810094781777,0.0289133104162264,0.0233107625058627,0.0279497855140044,0.0279663057803932,0.0228021319951494,,0.0200052280150931,0.0180028029799578,0.0183254910532832
final,2026-08-26,2026-10-27,0.1698630136986301,24600.0,CE,356.2,-0.0011636280623529,24571.39139778038,0.9812249996534508,0.0147567324536797,0.0933030328970382,0.1644118235893991,test,254e419b0101eb26f8916314286f57b285d866b5228f9c5f3be2bd0eb90c894d,True,0.0147739137960788,0.025630152389001,0.0199727011640127,0.024661914556567,0.0246765922691831,0.0194766337058942,,0.0169010648214268,0.0148787316998053,0.0152048676200838
final,2026-08-26,2026-10-27,0.1698630136986301,24800.0,CE,265.55,-0.0092608382949722,24571.39139778038,0.9812249996534508,0.010912544313592,0.0921171818440178,0.1603141401084089,test,254e419b0101eb26f8916314286f57b285d866b5228f9c5f3be2bd0eb90c894d,True,0.0110140730167005,0.0216006745154769,0.0159661913741976,0.0206424736944196,0.0206529697342235,0.0155039062111777,,0.0132871686076766,0.0113065548286469,0.0116251082544751
final,2026-08-26,2026-10-27,0.1698630136986301,24950.0,CE,205.6,-0.0152910073215634,24571.39139778038,0.9812249996534508,0.0083981563503113,0.0904699376129451,0.1522949086499222,test,254e419b0101eb26f8916314286f57b285d866b5228f9c5f3be2bd0eb90c894d,True,0.0085275594510775,0.0188429925783452,0.0133010660554311,0.0179049281821579,0.0179108404373196,0.0128763833450684,,0.0109594947253723,0.0090577600622754,0.0093621908433716
final,2026-08-26,2026-10-27,0.1698630136986301,25200.0,CE,133.25,-0.0252611796414133,24571.39139778038,0.9812249996534508,0.0053888745339406,0.0898899457736859,0.1319509183557463,test,254e419b0101eb26f8916314286f57b285d866b5228f9c5f3be2bd0eb90c894d,True,0.0055267378251754,0.0147512952143554,0.0095066202670002,0.013870373413951,0.0138695874656682,0.0091642246738517,,0.0077631355214468,0.0060666094579283,0.0063347096524249
final,2026-08-26,2026-10-27,0.1698630136986301,26000.0,CE,29.85,-0.0565137231455178,24571.39139778038,0.9812249996534508,0.0011700445091415,0.0932388422443287,0.0573464104754245,test,254e419b0101eb26f8916314286f57b285d866b5228f9c5f3be2bd0eb90c894d,True,0.0012380722257522,0.0056787287980034,0.0023128542649923,0.0051295999525896,0.0051304349168252,0.002272143245221,,0.002091329382229,0.0012786402318913,0.0013968237269694
final,2026-08-27,2026-09-15,0.0520547945205479,23700.0,PE,48.65,0.0227907030875529,24246.341771703155,0.9960625336529414,0.0251132526023066,0.1023746024233561,0.0559012927811792,test,db31cbb3247a5a9ace5081088f7ea34d96373b7a99e5f8ddbf24d6d3282df2b7,True,0.0245473767663078,0.0281011760020081,0.0239643955895675,0.027927909554088,0.0279295519784124,0.0239390923171269,,0.0246363410973932,0.0244259088785105,0.0240451436513637
final,2026-08-27,2026-09-15,0.0520547945205479,23950.0,PE,93.25,0.0122974273717142,24246.341771703155,0.9960625336529414,0.01628227105927,0.0954031130289314,0.077114168884002,test,db31cbb3247a5a9ace5081088f7ea34d96373b7a99e5f8ddbf24d6d3282df2b7,True,0.0160832671394833,0.020772574414633,0.0154334342787033,0.0205468436513495,0.0205497685152133,0.015382859932042,,0.0167514341072072,0.0164543674044066,0.015894901079753
final,2026-08-27,2026-09-15,0.0520547945205479,24100.0,PE,141.7,0.0060539107320291,24246.341771703155,0.9960625336529414,0.0119751832462562,0.0942011504527067,0.0872111554519245,test,db31cbb3247a5a9ace5081088f7ea34d96373b7a99e5f8ddbf24d6d3282df2b7,True,0.011902905557967,0.0168864081074812,0.0110188643101701,0.0166338804673888,0.01663297384092,0.0109570395877314,,0.0127566810910637,0.0124254710718342,0.0117938602380543
final,2026-08-27,2026-09-15,0.0520547945205479,24250.0,CE,200.9,-0.0001508661548537,24246.341771703155,0.9960625336529414,0.0083172851127043,0.0922128649848286,0.0910202447962689,test,db31cbb3247a5a9ace5081088f7ea34d96373b7a99e5f8ddbf24d6d3282df2b7,True,0.008318540004186,0.0134240505929696,0.0073045012687065,0.0131518581579314,0.0131472991863262,0.0072426838592413,,0.0093872682730113,0.0090436136080856,0.0083856454766291
final,2026-08-27,2026-09-15,0.0520547945205479,24400.0,CE,133.25,-0.0063173810705176,24246.341771703155,0.9960625336529414,0.0054826533367766,0.0909474971699453,0.0871688926750665,test,db31cbb3247a5a9ace5081088f7ea34d96373b7a99e5f8ddbf24d6d3282df2b7,True,0.0055173989823683,0.0104069148138782,0.0043969947419357,0.0101249204998912,0.0101193213199142,0.0043515891928894,,0.0066578014857863,0.0063255367518779,0.0056921399516372
final,2026-08-27,2026-09-15,0.0520547945205479,24550.0,CE,83.5,-0.012446103011891,24246.341771703155,0.9960625336529414,0.0034146671328486,0.0900912373422343,0.0762438940405721,test,db31cbb3247a5a9ace5081088f7ea34d96373b7a99e5f8ddbf24d6d3282df2b7,True,0.0034574320077129,0.007843199564518,0.0023315675573902,0.0075632263542694,0.0075578621821115,0.0023165548078524,,0.0045406700956721,0.0042409240407044,0.0036766379006749
final,2026-08-27,2026-09-15,0.0520547945205479,24700.0,CE,50.1,-0.018537492405293,24246.341771703155,0.9960625336529414,0.0020363581727474,0.0900593196364256,0.0611507101762919,test,db31cbb3247a5a9ace5081088f7ea34d96373b7a99e5f8ddbf24d6d3282df2b7,True,0.0020744592046277,0.0057261126217214,0.001043757885858,0.0054606849439338,0.0054572143883304,0.0010603930776968,,0.0029720405846005,0.0027194110298497,0.0022534898772788
final,2026-08-27,2026-09-29,0.0904109589041095,21000.0,PE,6.6,0.1456708670413009,24293.12296566578,0.990742804324374,0.1571326016206373,0.2174543958763279,0.0093185071472946,test,db31cbb3247a5a9ace5081088f7ea34d96373b7a99e5f8ddbf24d6d3282df2b7,True,0.1358320475591825,0.1356515534829683,0.1355613535870083,0.1356450794792075,0.1356439534690435,0.1355615178431873,,0.1355578380211819,0.1355578307839791,0.1355578289523598
final,2026-08-27,2026-09-29,0.0904109589041095,21750.0,PE,8.7,0.1105795472300309,24293.12296566578,0.990742804324374,0.1173289313005386,0.1781477409644618,0.0134731238962836,test,db31cbb3247a5a9ace5081088f7ea34d96373b7a99e5f8ddbf24d6d3282df2b7,True,0.1050463647425404,0.1051091909623166,0.1047202634688697,0.1050772354566342,0.1050799097285639,0.1047196831641232,,0.1046865475147734,0.1046857254844149,0.1046854261570993
final,2026-08-27,2026-09-29,0.0904109589041095,21900.0,PE,9.65,0.1037066679422688,24293.12296566578,0.990742804324374,0.1097197777303274,0.171335463510362,0.0150113206716795,test,db31cbb3247a5a9ace5081088f7ea34d96373b7a99e5f8ddbf24d6d3282df2b7,True,0.0989112489032476,0.0990720828816107,0.0985648438200277,0.099029902289594,0.0990339968149219,0.0985634953480507,,0.0985141895074738,0.0985124016170356,0.098511711140846
final,2026-08-27,2026-09-29,0.0904109589041095,22500.0,PE,14.35,0.0766779955543495,24293.12296566578,0.990742804324374,0.0803380910065271,0.1421553060409773,0.0230928708838175,test,db31cbb3247a5a9ace5081088f7ea34d96373b7a99e5f8ddbf24d6d3282df2b7,True,0.0744081792284016,0.0754182736847364,0.074090897136013,0.0753060206480856,0.0753134442922963,0.0740782937110597,,0.0738858857959047,0.0738623574152593,0.0738513342356865
final,2026-08-27,2026-09-29,0.0904109589041095,23000.0,PE,26.9,0.0546990888355744,24293.12296566578,0.990742804324374,0.057403230912271,0.1232956969426327,0.0392966196011147,test,db31cbb3247a5a9ace5081088f7ea34d96373b7a99e5f8ddbf24d6d3282df2b7,True,0.0543476568594419,0.0567561092710838,0.0541839751016173,0.056540639870131,0.0565419012749048,0.0541380977285341,,0.0537407177374144,0.0536319180766444,0.0535748303058146
final,2026-08-27,2026-09-29,0.0904109589041095,23200.0,PE,36.05,0.0460410260924597,24293.12296566578,0.990742804324374,0.0486857674898532,0.1162237182577705,0.0492096257521912,test,db31cbb3247a5a9ace5081088f7ea34d96373b7a99e5f8ddbf24d6d3282df2b7,True,0.0464950433651929,0.0497165574254687,0.0465024179159869,0.0494488806183833,0.0494478743033751,0.0464329609305673,,0.0459783875956818,0.0458053756086762,0.0457114506924375
final,2026-08-27,2026-09-29,0.0904109589041095,23400.0,PE,51.8,0.0374572824010682,24293.12296566578,0.990742804324374,0.0404020072185708,0.1110308768305353,0.0627302306233357,test,db31cbb3247a5a9ace5081088f7ea34d96373b7a99e5f8ddbf24d6d3282df2b7,True,0.0389166502079921,0.0429975296832463,0.0390884685885646,0.0426737115872972,0.0426742982175012,0.0389892470396036,,0.0385337194979512,0.0382802201641271,0.0381387030899796
final,2026-08-27,2026-09-29,0.0904109589041095,23550.0,PE,70.15,0.0310674843022972,24293.12296566578,0.990742804324374,0.0345617165887,0.1083199313310483,0.0749278568480673,test,db31cbb3247a5a9ace5081088f7ea34d96373b7a99e5f8ddbf24d6d3282df2b7,True,0.0335044788936455,0.0382022678700451,0.0337618002167872,0.0378354874865192,0.0378407027405616,0.03363726321365,,0.0332368110884555,0.0329164819571972,0.0327345847566309
final,2026-08-27,2026-09-29,0.0904109589041095,23700.0,PE,92.8,0.0247182566236385,24293.12296566578,0.990742804324374,0.0289784835565011,0.1049229596520805,0.0871564988322368,test,db31cbb3247a5a9ace5081088f7ea34d96373b7a99e5f8ddbf24d6d3282df2b7,True,0.0282709662837395,0.0336426138247102,0.0286883346203736,0.0332339063634791,0.0332453471463391,0.0285377386099952,,0.0282507616776279,0.0278634446768004,0.0276404605306858
final,2026-08-27,2026-09-29,0.0904109589041095,23850.0,PE,123.8,0.0184090874303738,24293.12296566578,0.990742804324374,0.0238188559640662,0.1022038133519251,0.0993228630911024,test,db31cbb3247a5a9ace5081088f7ea34d96373b7a99e5f8ddbf24d6d3282df2b7,True,0.0233843839487357,0.02934166838787,0.0239202583063927,0.0288939649906067,0.02890979587879,0.0237454344383587,,0.0236324719415358,0.0231839965870684,0.0229230603075375
final,2026-08-27,2026-09-29,0.0904109589041095,24000.0,PE,165.8,0.0121394744167785,24293.12296566578,0.990742804324374,0.0191863395753983,0.1003678895170481,0.1099511628112707,test,db31cbb3247a5a9ace5081088f7ea34d96373b7a99e5f8ddbf24d6d3282df2b7,True,0.0189548355088128,0.025320970468135,0.0195115190379782,0.0248392866630756,0.0248539275086369,0.0193176319098704,,0.0194317536611964,0.0189340653740126,0.0186423353615584
final,2026-08-27,2026-09-29,0.0904109589041095,24150.0,PE,209.05,0.0059089246661422,24293.12296566578,0.990742804324374,0.0146636134364889,0.0952343511390017,0.1170703159820162,test,db31cbb3247a5a9ace5081088f7ea34d96373b7a99e5f8ddbf24d6d3282df2b7,True,0.0145772227387851,0.0215995735595437,0.0155143141499044,0.0210910670947055,0.0211003416885795,0.0153102441947858,,0.0156864335871633,0.0151566949380941,0.0148448205376745
final,2026-08-27,2026-09-29,0.0904109589041095,24300.0,CE,273.85,-0.0002830455817787,24293.12296566578,0.990742804324374,0.0113748465049796,0.0960173899674857,0.1199543344095291,test,db31cbb3247a5a9ace5081088f7ea34d96373b7a99e5f8ddbf24d6d3282df2b7,True,0.011378066560716,0.0181931010243089,0.0119745972077489,0.0176669605839796,0.0176704702235199,0.0117726353159978,,0.0124184955956057,0.0118772633289028,0.0115581914897383
final,2026-08-27,2026-09-29,0.0904109589041095,24450.0,CE,200.45,-0.0064369111561569,24293.12296566578,0.990742804324374,0.0082749669968794,0.0936017922156073,0.1172240945098864,test,db31cbb3247a5a9ace5081088f7ea34d96373b7a99e5f8ddbf24d6d3282df2b7,True,0.0083284040244496,0.0151128393584653,0.0089269383119258,0.0145799762141902,0.0145793976183821,0.0087415274739423,,0.0096319160142971,0.009100726148887,0.0087880764220961
final,2026-08-27,2026-09-29,0.0904109589041095,24600.0,CE,141.9,-0.012553138173593,24293.12296566578,0.990742804324374,0.0058221898334759,0.0918391820216043,0.1088509998301555,test,db31cbb3247a5a9ace5081088f7ea34d96373b7a99e5f8ddbf24d6d3282df2b7,True,0.0058957372465422,0.0123649375069277,0.006389353851384,0.0118374701939428,0.0118328215620693,0.0062348110162037,,0.007312538886204,0.0068113743827104,0.0065177231072457
final,2026-08-27,2026-09-29,0.0904109589041095,24750.0,CE,98.4,-0.0186321842499752,24293.12296566578,0.990742804324374,0.0040129058302561,0.0911414212941117,0.0960837449380252,test,db31cbb3247a5a9ace5081088f7ea34d96373b7a99e5f8ddbf24d6d3282df2b7,True,0.0040883759341773,0.0099497842717353,0.0043589950379974,0.0094403314508107,0.0094333767007877,0.0042465100207754,,0.0054299545778805,0.0049750820032077,0.0047105085102348
final,2026-08-27,2026-09-29,0.0904109589041095,24950.0,CE,57.35,-0.0266805174328036,24293.12296566578,0.990742804324374,0.0023200745787462,0.0904814371385257,0.0751517809828394,test,db31cbb3247a5a9ace5081088f7ea34d96373b7a99e5f8ddbf24d6d3282df2b7,True,0.0023828085348075,0.0072363598785189,0.0023923921083585,0.0067698111245149,0.0067622330492032,0.0023425654037356,,0.0035233825243955,0.0031465609163239,0.0029304674704582
final,2026-08-27,2026-09-29,0.0904109589041095,25100.0,CE,38.25,-0.0326745413730142,24293.12296566578,0.990742804324374,0.0015381432757508,0.0911692682619194,0.0599204269219575,test,db31cbb3247a5a9ace5081088f7ea34d96373b7a99e5f8ddbf24d6d3282df2b7,True,0.0015892314988035,0.0055645832641124,0.0014051577580105,0.005142522843206,0.0051330651292073,0.0013969951542076,,0.0024783807678054,0.0021650614047988,0.0019878519369218
final,2026-08-27,2026-09-29,0.0904109589041095,25250.0,CE,26.2,-0.0386328509566448,24293.12296566578,0.990742804324374,0.0010473189992874,0.0930008050946414,0.0470886269482135,test,db31cbb3247a5a9ace5081088f7ea34d96373b7a99e5f8ddbf24d6d3282df2b7,True,0.0010885716410105,0.0041828063371385,0.0007569927446008,0.0038131545378311,0.0038030346213947,0.000778247705875,,0.0017019644318358,0.0014507611711482,0.0013110133602371
final,2026-08-27,2026-09-29,0.0904109589041095,25500.0,CE,14.55,-0.0484851473996564,24293.12296566578,0.990742804324374,0.0005759196360585,0.0971922644651246,0.0310310962688253,test,db31cbb3247a5a9ace5081088f7ea34d96373b7a99e5f8ddbf24d6d3282df2b7,True,0.0006045311975841,0.0024553140399502,0.0002113666161152,0.0021820115084518,0.0021768635150578,0.0002481643741557,,0.0008617153333481,0.0007011194205004,0.0006147171718312
final,2026-08-27,2026-09-29,0.0904109589041095,26000.0,CE,6.8,-0.067903233256758,24293.12296566578,0.990742804324374,0.0002639821963852,0.1119658190285695,0.0162305372156591,test,db31cbb3247a5a9ace5081088f7ea34d96373b7a99e5f8ddbf24d6d3282df2b7,True,0.0002825300442316,0.0006502095713511,3.889200332390192e-06,0.0005481825788153,0.000551046338947,1.2566224069320267e-05,,0.0001796531173915,0.0001303355780798,0.0001060483179847
final,2026-08-27,2026-09-29,0.0904109589041095,26500.0,CE,3.55,-0.0869514282274525,24293.12296566578,0.990742804324374,0.000135213966295,0.1260582601025011,0.0090176366260544,test,db31cbb3247a5a9ace5081088f7ea34d96373b7a99e5f8ddbf24d6d3282df2b7,True,0.0001474973025033,0.0001067393988564,1.6493291276240614e-09,8.920801055799926e-05,9.120725081876792e-05,2.481610411444581e-07,,2.8386783242473953e-05,1.7842058539713126e-05,1.3218914298162958e-05
final,2026-08-27,2026-09-29,0.0904109589041095,30000.0,CE,1.45,-0.2110040768974313,24293.12296566578,0.990742804324374,4.878494511629959e-05,0.249290040492455,0.0025341648472541,test,db31cbb3247a5a9ace5081088f7ea34d96373b7a99e5f8ddbf24d6d3282df2b7,True,6.0245377078832795e-05,-3.0746736815943525e-14,3.4433404719789077e-11,-3.0107487736878956e-14,4.358108673632339e-14,-9.883900816062844e-15,,5.111959908132955e-14,5.684341819609771e-15,1.3541091332052606e-15
final,2026-08-27,2026-10-27,0.1671232876712328,22500.0,PE,31.65,0.0819628415419488,24421.84822608156,0.9729131179312392,0.0868613063995671,0.1294864155728282,0.0471932509885107,test,db31cbb3247a5a9ace5081088f7ea34d96373b7a99e5f8ddbf24d6d3282df2b7,True,0.0800258594639475,0.0832302538503282,0.0808105084574509,0.0827953797692109,0.0827923756923558,0.08062825870109,,0.0791662385461767,0.0790263165352224,0.0790319257639826
final,2026-08-27,2026-10-27,0.1671232876712328,23400.0,PE,99.75,0.0427421283886674,24421.84822608156,0.9729131179312392,0.0480502293438844,0.1116850290084595,0.1029754370754432,test,db31cbb3247a5a9ace5081088f7ea34d96373b7a99e5f8ddbf24d6d3282df2b7,True,0.0460397327932824,0.0529554795297958,0.0486630175828314,0.0522080770399245,0.0522121300537072,0.048274972123658,,0.0454768477130934,0.0449124862090319,0.0449369760399716
final,2026-08-27,2026-10-27,0.1671232876712328,23700.0,PE,148.85,0.0300031026112378,24421.84822608156,0.9729131179312392,0.0369131797530901,0.1066875618590203,0.1267799762776154,test,db31cbb3247a5a9ace5081088f7ea34d96373b7a99e5f8ddbf24d6d3282df2b7,True,0.0358221192781772,0.0440850095985708,0.0392097904092443,0.0432449189364145,0.0432552467822897,0.0387589677455529,,0.0357466719687045,0.0350095009177948,0.0350419659143171
final,2026-08-27,2026-10-27,0.1671232876712328,24000.0,PE,224.9,0.0174243204043776,24421.84822608156,0.9729131179312392,0.0272087362008272,0.103300323669651,0.1484499714652762,test,db31cbb3247a5a9ace5081088f7ea34d96373b7a99e5f8ddbf24d6d3282df2b7,True,0.0267387489585028,0.0359743877099604,0.0306338363118756,0.0350632794507395,0.0350784349481112,0.0301418484947869,,0.027154050703241,0.0262766059183177,0.0263156164541511
final,2026-08-27,2026-10-27,0.1671232876712328,24150.0,PE,275.5,0.0111937706537415,24421.84822608156,0.9729131179312392,0.0229821293512816,0.102171455058731,0.1564253826071947,test,db31cbb3247a5a9ace5081088f7ea34d96373b7a99e5f8ddbf24d6d3282df2b7,True,0.0227263071449569,0.0322283204191883,0.0267193708139917,0.0312929951435094,0.0313095110572485,0.0262189270740559,,0.0233403370352544,0.0224148511376248,0.0224561139884613
final,2026-08-27,2026-10-27,0.1671232876712328,24300.0,PE,330.75,0.0050018004058204,24421.84822608156,0.9729131179312392,0.0190043884582326,0.1001616495917808,0.1614400336852046,test,db31cbb3247a5a9ace5081088f7ea34d96373b7a99e5f8ddbf24d6d3282df2b7,True,0.0189095696304369,0.0286992614899106,0.0230747296470757,0.0277487552794255,0.0277650444348888,0.0225757328600596,,0.0198672990778391,0.0189123638164918,0.0189550073403939
final,2026-08-27,2026-10-27,0.1671232876712328,24450.0,CE,363.45,-0.0011520651685577,24421.84822608156,0.9729131179312392,0.0152788881153694,0.0972350406025036,0.1630836940688292,test,db31cbb3247a5a9ace5081088f7ea34d96373b7a99e5f8ddbf24d6d3282df2b7,True,0.0152965005335601,0.0253936366920489,0.0197126102822547,0.0244378987049044,0.024452209989162,0.0192258749111535,,0.0167408957680485,0.0157766083950077,0.0158196856997643
final,2026-08-27,2026-10-27,0.1671232876712328,24600.0,CE,293.65,-0.0072682921859938,24421.84822608156,0.9729131179312392,0.0122693297581401,0.0961539720868949,0.1608787909787776,test,db31cbb3247a5a9ace5081088f7ea34d96373b7a99e5f8ddbf24d6d3282df2b7,True,0.0123588317008664,0.0223162580686328,0.0166426334030755,0.0213659028204659,0.0213772344322288,0.0161793504441911,,0.0139601257194955,0.0130068061178562,0.0130493587512915
final,2026-08-27,2026-10-27,0.1671232876712328,24800.0,CE,212.35,-0.0153655024186131,24421.84822608156,0.9729131179312392,0.0088008886324885,0.0940818881157674,0.1517145366882645,test,db31cbb3247a5a9ace5081088f7ea34d96373b7a99e5f8ddbf24d6d3282df2b7,True,0.0089371629888609,0.0185730759706564,0.0130135087346158,0.0176469848199151,0.0176523055178457,0.0125983145057279,,0.0107757324363014,0.0098666727024653,0.0099071320941536
final,2026-08-27,2026-10-27,0.1671232876712328,25100.0,CE,127.8,-0.0273896953854149,24421.84822608156,0.9729131179312392,0.0052333896750843,0.0934711078559215,0.1278584897047989,test,db31cbb3247a5a9ace5081088f7ea34d96373b7a99e5f8ddbf24d6d3282df2b7,True,0.0053787117022671,0.0137307762051699,0.0085643206462039,0.0128769868492815,0.0128750036767297,0.0082509123461653,,0.0070426159289885,0.0062512759337125,0.0062862097520644
final,2026-08-27,2026-10-27,0.1671232876712328,25500.0,CE,58.35,-0.0432003014120571,24421.84822608156,0.9729131179312392,0.0023519420716448,0.0927244823523071,0.0870356115175848,test,db31cbb3247a5a9ace5081088f7ea34d96373b7a99e5f8ddbf24d6d3282df2b7,True,0.0024557733006829,0.0086735776086885,0.0043879703371805,0.0079729470527737,0.0079699381128417,0.0042347547240949,,0.0037195862369103,0.0031369353811707,0.0031622029432986
final,2026-08-27,2026-10-27,0.1671232876712328,26500.0,CE,12.85,-0.0816665822398532,24421.84822608156,0.9729131179312392,0.0004984059228314,0.106742117721266,0.029477938464883,test,db31cbb3247a5a9ace5081088f7ea34d96373b7a99e5f8ddbf24d6d3282df2b7,True,0.0005408172564485,0.001909717463537,0.0003663110178498,0.0016728822977562,0.0016813562059963,0.0004234738913478,,0.000521847688488,0.0003679146177715,0.0003740904360738
final,2026-08-27,2026-11-23,0.2410958904109589,23500.0,PE,173.3,0.0442563624700684,24563.381661969703,0.959118896592674,0.0529390779757053,0.1186998192477151,0.1435512898102517,test,db31cbb3247a5a9ace5081088f7ea34d96373b7a99e5f8ddbf24d6d3282df2b7,True,0.0506472744489902,0.059057526566039,0.0549130518488696,0.0579730191211219,0.0579775434656088,0.054246523787675,,0.04927493962194,0.0481250085033344,0.0491159832780015
final,2026-08-27,2026-11-23,0.2410958904109589,24300.0,PE,378.75,0.0107804332736791,24563.381661969703,0.959118896592674,0.0270895206475694,0.1078152152957408,0.1907686607417715,test,db31cbb3247a5a9ace5081088f7ea34d96373b7a99e5f8ddbf24d6d3282df2b7,True,0.0267990523778373,0.0379284207159806,0.0329753179624934,0.0367016759108066,0.0367215441752843,0.0322410114228813,,0.0270041130406003,0.0253445584276229,0.0267802299884595
final,2026-08-27,2026-11-23,0.2410958904109589,25000.0,CE,269.8,-0.0176190412480189,24563.381661969703,0.959118896592674,0.0112519939272797,0.0963222747319106,0.1843207197331929,test,db31cbb3247a5a9ace5081088f7ea34d96373b7a99e5f8ddbf24d6d3282df2b7,True,0.0114520000565522,0.0235127022056985,0.0185254960902864,0.0223544224092692,0.0223711894583261,0.0179249496213046,,0.0137870361531652,0.0121647608169946,0.0135676168387474
final,2026-08-28,2026-09-29,0.0876712328767123,21600.0,PE,7.75,0.11980505678597,24349.18482306674,0.9890585501724216,0.1276398406185359,0.1905322236123361,0.0116643909098776,test,33a1708ceba84a807e2b6e7bcf6b94e385ab0f65658eb99578eda92e735a88b5,True,0.1132284541513095,0.1131649388067963,0.1129220971167328,0.1131464905220958,0.113147202911522,0.1129222125384769,,0.1129070182971938,0.1129067422344818,0.1129067100234207
final,2026-08-28,2026-09-29,0.0876712328767123,21950.0,PE,9.7,0.103731231954909,24349.18482306674,0.9890585501724216,0.1097490719460093,0.1741510333969602,0.0148225084529698,test,33a1708ceba84a807e2b6e7bcf6b94e385ab0f65658eb99578eda92e735a88b5,True,0.0989352270607758,0.0990428055597629,0.0985769199405481,0.0990058557893415,0.0990095243612766,0.0985761666919545,,0.0985355511472075,0.0985335167340825,0.0985332217419052
final,2026-08-28,2026-09-29,0.0876712328767123,22500.0,PE,13.8,0.0789830622657149,24349.18482306674,0.9890585501724216,0.0828061104631937,0.146884516581937,0.0218232772878926,test,33a1708ceba84a807e2b6e7bcf6b94e385ab0f65658eb99578eda92e735a88b5,True,0.0765174480772288,0.077316414511794,0.076153883963646,0.0772219659004743,0.0772295527866368,0.0761455215719163,,0.0759954540227549,0.075970031925911,0.0759652277057848
final,2026-08-28,2026-09-29,0.0876712328767123,23100.0,PE,26.05,0.0526657539483413,24349.18482306674,0.9890585501724216,0.0552174459271968,0.120668378560185,0.0388171285162692,test,33a1708ceba84a807e2b6e7bcf6b94e385ab0f65658eb99578eda92e735a88b5,True,0.0523846284870245,0.0548993858208213,0.0522625168229855,0.0546869629380761,0.0546879304595588,0.0522184145470373,,0.0518540480734573,0.0516760697871855,0.0516351414621152
final,2026-08-28,2026-09-29,0.0876712328767123,23300.0,PE,35.85,0.0440450109044344,24349.18482306674,0.9890585501724216,0.0465850391980843,0.1140186215433924,0.0493294695614433,test,33a1708ceba84a807e2b6e7bcf6b94e385ab0f65658eb99578eda92e735a88b5,True,0.0445777310904922,0.0479153982371508,0.0446165865992698,0.0476511635683811,0.0476502016927192,0.044549119220586,,0.044147088854969,0.0438622093675348,0.0437935895657211
final,2026-08-28,2026-09-29,0.0876712328767123,23500.0,PE,52.2,0.0354979503259759,24349.18482306674,0.9890585501724216,0.0383813738305834,0.1088665415988228,0.0632754295483881,test,33a1708ceba84a807e2b6e7bcf6b94e385ab0f65658eb99578eda92e735a88b5,True,0.0370428123804889,0.0412639531061684,0.037252243683533,0.0409442313669236,0.0409456747136458,0.0371552734386534,,0.0367796434922886,0.0363611343329531,0.0362564699259673
final,2026-08-28,2026-09-29,0.0876712328767123,23650.0,PE,68.65,0.0291352565381473,24349.18482306674,0.9890585501724216,0.0324987003370406,0.1046988180101206,0.0748442779458448,test,33a1708ceba84a807e2b6e7bcf6b94e385ab0f65658eb99578eda92e735a88b5,True,0.0315655028517791,0.0365283516545942,0.0319758831384964,0.0361664276486495,0.0361730357837524,0.0318539728388843,,0.0315583989014697,0.0310298796914195,0.0308946818264737
final,2026-08-28,2026-09-29,0.0876712328767123,23800.0,PE,94.1,0.0228127907986603,24349.18482306674,0.9890585501724216,0.0270725127449085,0.1023095063676848,0.0879404279031536,test,33a1708ceba84a807e2b6e7bcf6b94e385ab0f65658eb99578eda92e735a88b5,True,0.0264619044953994,0.0320367144060125,0.0269673878973177,0.0316339390127875,0.0316466333527036,0.0268201461879765,,0.0266649307867633,0.0260276843698379,0.0258617145547753
final,2026-08-28,2026-09-29,0.0876712328767123,23950.0,PE,128.55,0.016530047619165,24349.18482306674,0.9890585501724216,0.0220942340748286,0.1004019468181853,0.1003608458703273,test,33a1708ceba84a807e2b6e7bcf6b94e385ab0f65658eb99578eda92e735a88b5,True,0.0217320173113499,0.0278125023564684,0.0222819961518283,0.0273721936677956,0.0273879608100959,0.0221118389953673,,0.0221563527162937,0.021422175514092,0.02122836068117
final,2026-08-28,2026-09-29,0.0876712328767123,24100.0,PE,170.0,0.0102865309794799,24349.18482306674,0.9890585501724216,0.0174715952814099,0.0974857474005985,0.1102763368680671,test,33a1708ceba84a807e2b6e7bcf6b94e385ab0f65658eb99578eda92e735a88b5,True,0.0172927943724461,0.023877317776849,0.0179761951151605,0.0234049315446817,0.0234178546637948,0.0177890993357491,,0.0180811494457987,0.0172722512486299,0.0170567524760701
final,2026-08-28,2026-09-29,0.0876712328767123,24250.0,PE,223.6,0.0040817540925971,24349.18482306674,0.9890585501724216,0.0134127173492477,0.0950437996884106,0.1166382800949818,test,33a1708ceba84a807e2b6e7bcf6b94e385ab0f65658eb99578eda92e735a88b5,True,0.0133580815161881,0.0202499147226516,0.0141036173528179,0.0197530692354095,0.0197600769811981,0.0139093984395047,,0.0144742120528468,0.0136212387260431,0.013392891847176
final,2026-08-28,2026-09-29,0.0876712328767123,24400.0,CE,239.35,-0.0020847608230668,24349.18482306674,0.9890585501724216,0.0099179429041871,0.0926094100224132,0.1178949880765825,test,33a1708ceba84a807e2b6e7bcf6b94e385ab0f65658eb99578eda92e735a88b5,True,0.0099386410108034,0.0169452022236824,0.0107098846750152,0.0164335186582313,0.0164352118122362,0.0105216516724104,,0.0113531777255566,0.0104916460556535,0.0102608533845235
final,2026-08-28,2026-09-29,0.0876712328767123,24550.0,CE,172.1,-0.0082134827644403,24349.18482306674,0.9890585501724216,0.0070877333785415,0.0908141704293587,0.1131938059545623,test,33a1708ceba84a807e2b6e7bcf6b94e385ab0f65658eb99578eda92e735a88b5,True,0.007146188084225,0.0139733078483486,0.007826860239372,0.0134580403580586,0.0134559516850717,0.0076593866813999,,0.0087167108234539,0.0078825624825532,0.007659872053072
final,2026-08-28,2026-09-29,0.0876712328767123,24700.0,CE,118.65,-0.0143048721578422,24349.18482306674,0.9890585501724216,0.0048567839829694,0.0891890534535418,0.1027287427587736,test,33a1708ceba84a807e2b6e7bcf6b94e385ab0f65658eb99578eda92e735a88b5,True,0.0049267589552197,0.0113387778228803,0.0054671058273917,0.010832229009571,0.010826433207336,0.0053341332364452,,0.006544992862727,0.0057701921538074,0.0055648861507563
final,2026-08-28,2026-09-29,0.0876712328767123,24900.0,CE,69.6,-0.0223694319945726,24349.18482306674,0.9890585501724216,0.0028261023802931,0.0884414847222083,0.0829292668851272,test,33a1708ceba84a807e2b6e7bcf6b94e385ab0f65658eb99578eda92e735a88b5,True,0.0028900330660201,0.008347130572747,0.0031121241017595,0.0078716875475213,0.007864679924997,0.0030386258873924,,0.0043087057660793,0.0036495454970895,0.003477680085922
final,2026-08-28,2026-09-29,0.0876712328767123,25100.0,CE,39.45,-0.0303694746616488,24349.18482306674,0.9890585501724216,0.0015891002076028,0.0887522787102613,0.0615015327286818,test,33a1708ceba84a807e2b6e7bcf6b94e385ab0f65658eb99578eda92e735a88b5,True,0.0016381006387139,0.0059299164134328,0.0015699162230583,0.0055059465447852,0.0054973587823377,0.0015548958376646,,0.0027183547989956,0.0021958080396849,0.0020626755467875
final,2026-08-28,2026-09-29,0.0876712328767123,25400.0,CE,18.2,-0.0422508025484015,24349.18482306674,0.9890585501724216,0.0007244620987766,0.0928372137192157,0.0370224940801444,test,33a1708ceba84a807e2b6e7bcf6b94e385ab0f65658eb99578eda92e735a88b5,True,0.0007557270373788,0.0032855891167655,0.0004146123325503,0.0029658300879777,0.0029571755484085,0.0004483140343945,,0.0012545541349908,0.0009302065160835,0.0008514074190898
final,2026-08-28,2026-09-29,0.0876712328767123,25800.0,CE,7.8,-0.0578761204514824,24349.18482306674,0.9890585501724216,0.0003056700549655,0.1017180422180555,0.0191864341482201,test,33a1708ceba84a807e2b6e7bcf6b94e385ab0f65658eb99578eda92e735a88b5,True,0.0003238830160194,0.001252182256139,2.935369736690053e-05,0.0010815925361985,0.0010821692923013,5.0724575189130955e-05,,0.0003821693440823,0.0002458284318911,0.0002154693382918
final,2026-08-28,2026-09-29,0.0876712328767123,26500.0,CE,2.9,-0.0846463615160872,24349.18482306674,0.9890585501724216,0.0001106445743227,0.1218685286708042,0.0078659494533217,test,33a1708ceba84a807e2b6e7bcf6b94e385ab0f65658eb99578eda92e735a88b5,True,0.0001204180444174,0.0001163078500137,1.565714690077898e-09,9.665912409247482e-05,9.869981146723404e-05,2.40454505384044e-07,,3.0736562052003855e-05,1.426652032848817e-05,1.1316153032101678e-05
final,2026-08-28,2026-09-29,0.0876712328767123,30000.0,CE,1.25,-0.2086990101860661,24349.18482306674,0.9890585501724216,4.2127603729226095e-05,0.247174574406897,0.0022470435102001,test,33a1708ceba84a807e2b6e7bcf6b94e385ab0f65658eb99578eda92e735a88b5,True,5.190432949030471e-05,-3.102582363150231e-14,5.2015003678013255e-11,-3.0085686935439095e-14,4.2103677938339116e-14,-2.307305575101043e-14,,3.927310531480776e-14,9.275400111488545e-16,2.945076243449423e-16
final,2026-08-28,2026-10-27,0.1643835616438356,22500.0,PE,28.8,0.0838584848010884,24468.187245295303,0.9785469318689703,0.0887830506217516,0.1300757362775335,0.0437972658860438,test,33a1708ceba84a807e2b6e7bcf6b94e385ab0f65658eb99578eda92e735a88b5,True,0.0816414644437343,0.0846492824434961,0.0823386882678544,0.0842415121080122,0.0842392999449543,0.0821734533403185,,0.0808354712455505,0.0806664329070032,0.0806579611920162
final,2026-08-28,2026-10-27,0.1643835616438356,23500.0,PE,102.7,0.0403733728613496,24468.187245295303,0.9785469318689703,0.045665479900842,0.1094526637339545,0.1047683511253119,test,33a1708ceba84a807e2b6e7bcf6b94e385ab0f65658eb99578eda92e735a88b5,True,0.0438585321794171,0.0510584708425294,0.0466554863860052,0.0503078976508704,0.0503129424693094,0.0462663828304029,,0.0434952671758965,0.0426487691836052,0.0425991880156397
final,2026-08-28,2026-10-27,0.1643835616438356,23900.0,PE,175.9,0.023495335073998,24468.187245295303,0.9785469318689703,0.0312947100408223,0.1026552289590648,0.1362839492272356,test,33a1708ceba84a807e2b6e7bcf6b94e385ab0f65658eb99578eda92e735a88b5,True,0.0305680009098126,0.0395738692414119,0.0344281926343581,0.0387082179630476,0.0387216542071241,0.0339635688732655,,0.0310175405871968,0.0298444483469947,0.0297736182987364
final,2026-08-28,2026-10-27,0.1643835616438356,24150.0,PE,250.5,0.0130894139128812,24468.187245295303,0.9785469318689703,0.0237755302290077,0.1004306081904337,0.152569557415125,test,33a1708ceba84a807e2b6e7bcf6b94e385ab0f65658eb99578eda92e735a88b5,True,0.0234663503787326,0.0331096233665634,0.0276277420682068,0.0321945055979642,0.0322106932605655,0.0271391748954203,,0.024308792427003,0.022989419367965,0.0229089023685724
final,2026-08-28,2026-10-27,0.1643835616438356,24300.0,PE,300.45,0.0068974436649601,24468.187245295303,0.9785469318689703,0.0195565484966568,0.0976982300725233,0.1587348124305123,test,33a1708ceba84a807e2b6e7bcf6b94e385ab0f65658eb99578eda92e735a88b5,True,0.0194221224361496,0.0295163381228177,0.0238993002528381,0.0285827512881616,0.0285991562426905,0.0234086358062309,,0.0207315098762068,0.0193588239908568,0.019274762918236
final,2026-08-28,2026-10-27,0.1643835616438356,24450.0,PE,369.45,0.0007435780905818,24468.187245295303,0.9785469318689703,0.0161855559315978,0.0977198333680308,0.1616278110072265,test,33a1708ceba84a807e2b6e7bcf6b94e385ab0f65658eb99578eda92e735a88b5,True,0.016173525180279,0.0261458439194283,0.0204521875684237,0.0252034506451407,0.0252181351050865,0.019970025206344,,0.0175017318355677,0.0161055774458839,0.0160199667149476
final,2026-08-28,2026-10-27,0.1643835616438356,24600.0,CE,303.8,-0.0053726489268541,24468.187245295303,0.9785469318689703,0.0126203384771212,0.0939147811363486,0.1605476710985254,test,33a1708ceba84a807e2b6e7bcf6b94e385ab0f65658eb99578eda92e735a88b5,True,0.0126883255970209,0.0230035644074885,0.0172973268978302,0.0220627953764667,0.0220747729894781,0.0168348493336408,,0.0146206881026869,0.0132319088457096,0.0131468177339776
final,2026-08-28,2026-10-27,0.1643835616438356,24800.0,CE,223.4,-0.0134698591594735,24468.187245295303,0.9785469318689703,0.0092055518470883,0.0930733464540179,0.1527633959181577,test,33a1708ceba84a807e2b6e7bcf6b94e385ab0f65658eb99578eda92e735a88b5,True,0.0093303882105809,0.0191748865724084,0.0135575532062928,0.0182532874888498,0.0182596023081793,0.0131385182305993,,0.0113107951094563,0.009977764495795,0.0098964370274048
final,2026-08-28,2026-10-27,0.1643835616438356,24950.0,CE,174.05,-0.0195000281860646,24468.187245295303,0.9785469318689703,0.0071288884330605,0.092567967367346,0.1426846601996695,test,33a1708ceba84a807e2b6e7bcf6b94e385ab0f65658eb99578eda92e735a88b5,True,0.0072692661953966,0.0165759208867749,0.0111059418184297,0.0156815499544055,0.0156831735726038,0.0107311916264752,,0.0092097039349752,0.0079488185124465,0.0078723198462206
final,2026-08-28,2026-10-27,0.1643835616438356,25200.0,CE,107.4,-0.0294702005059146,24468.187245295303,0.9785469318689703,0.0043553401713342,0.0907923206861915,0.1191212444070987,test,33a1708ceba84a807e2b6e7bcf6b94e385ab0f65658eb99578eda92e735a88b5,True,0.0044856029266624,0.012759740364848,0.0076828409380796,0.0119340171562491,0.0119312053293851,0.0073986288671596,,0.0063748074343626,0.0052775771938634,0.0052119142202196
final,2026-08-28,2026-10-27,0.1643835616438356,26000.0,CE,24.45,-0.060722744010019,24468.187245295303,0.9785469318689703,0.0009610010360857,0.0959478088679988,0.049300810879607,test,33a1708ceba84a807e2b6e7bcf6b94e385ab0f65658eb99578eda92e735a88b5,True,0.0010211637947569,0.0045692681184238,0.0015944255647031,0.0040948918606712,0.0040975021051278,0.0015931371564064,,0.0015747103848036,0.0010889404899283,0.0010621087619206
final,2026-08-28,2026-11-23,0.2383561643835616,23500.0,PE,145.95,0.0448931631329213,24579.028621162182,0.9895858375405372,0.0521921090948323,0.1105913774424351,0.134739232802888,test,33a1708ceba84a807e2b6e7bcf6b94e385ab0f65658eb99578eda92e735a88b5,True,0.0499008558325428,0.059319930165852,0.0551879824710791,0.0582504540373642,0.0582549797993291,0.0545337830411162,,0.0496632733332459,0.0481917239020243,0.0486250860525432
final,2026-08-28,2026-11-23,0.2383561643835616,24150.0,PE,299.8,0.0176092041844529,24579.028621162182,0.9895858375405372,0.0303098817386254,0.1027936939484217,0.1814797184638474,test,33a1708ceba84a807e2b6e7bcf6b94e385ab0f65658eb99578eda92e735a88b5,True,0.029780820685386,0.0417077185050756,0.0368475797003473,0.0405019781727203,0.0405166483487622,0.0361173345011407,,0.0308778530287645,0.0287871659431426,0.0294198081216625
final,2026-08-28,2026-11-23,0.2383561643835616,24800.0,CE,355.8,-0.0089500688879019,24579.028621162182,0.9895858375405372,0.0144977561817225,0.0960083140757413,0.1920571269552486,test,33a1708ceba84a807e2b6e7bcf6b94e385ab0f65658eb99578eda92e735a88b5,True,0.01462809449667,0.0273219697348698,0.0222426912625481,0.0261281433017396,0.0261488049190777,0.0215869561309355,,0.0170935093002913,0.0148761229481675,0.0155495443413355
final,2026-08-31,2026-09-08,0.021917808219178,23000.0,PE,5.85,0.0499006702484943,24176.833618499935,0.9957134779961864,0.0514221218524296,0.1729637947079987,0.0086259404937526,test,1e435806057655142a50ce380d74dca174e26be98bfec625f8ded211e62c78b1,True,0.0489190942564489,0.0488370705894471,0.0486761588727993,0.0488387521877353,0.0488416900057193,0.0486761988891558,,0.0486779828442902,0.0486776231208949,0.0486778904961087
final,2026-08-31,2026-09-08,0.021917808219178,23300.0,PE,8.0,0.0369415256059892,24176.833618499935,0.9957134779961864,0.0379771698842463,0.1423595846341039,0.012477518678169,test,1e435806057655142a50ce380d74dca174e26be98bfec625f8ded211e62c78b1,True,0.0365998323959943,0.0368244795962533,0.0362694534526875,0.0368216426485583,0.036827787755922,0.0362699753451515,,0.036303200937012,0.0362988158827638,0.0363021064758746
final,2026-08-31,2026-09-08,0.021917808219178,23450.0,PE,10.9,0.0305243912853557,24176.833618499935,0.9957134779961864,0.031461856832901,0.1298496978601668,0.0164884156445484,test,1e435806057655142a50ce380d74dca174e26be98bfec625f8ded211e62c78b1,True,0.0305160119134452,0.0310406735998455,0.0300721932639245,0.0310313627715345,0.0310363776660438,0.0300737646459727,,0.0301841196232345,0.030172634770997,0.0301812843759815
final,2026-08-31,2026-09-08,0.021917808219178,23600.0,PE,16.65,0.0241481741460797,24176.833618499935,0.9957134779961864,0.0251506481499973,0.1194836281735096,0.0229810832807814,test,1e435806057655142a50ce380d74dca174e26be98bfec625f8ded211e62c78b1,True,0.0245505803491881,0.0255078943124485,0.023896992343479,0.0254879591467526,0.0254884131478457,0.0239010173482981,,0.0242100016674902,0.024185049513226,0.0242038961939432
final,2026-08-31,2026-09-08,0.021917808219178,23750.0,PE,29.3,0.0178123556969938,24176.833618499935,0.9957134779961864,0.01921093702225,0.1129333278857624,0.0331864133665996,test,1e435806057655142a50ce380d74dca174e26be98bfec625f8ded211e62c78b1,True,0.0188717745871118,0.020327772857836,0.0178009022884302,0.0202928243167413,0.0202878201988374,0.0178093194405358,,0.0185365836564391,0.018491457008175,0.0185256165482001
final,2026-08-31,2026-09-08,0.021917808219178,23900.0,PE,52.35,0.011516427240179,24176.833618499935,0.9957134779961864,0.0137828026761858,0.1075630728871766,0.0452088431261673,test,1e435806057655142a50ce380d74dca174e26be98bfec625f8ded211e62c78b1,True,0.0136249845268728,0.0156138626106087,0.0119504074269236,0.0155606216448015,0.0155543697533735,0.0119643220641718,,0.0133867538805259,0.0133185860544434,0.0133702653713619
final,2026-08-31,2026-09-08,0.021917808219178,24050.0,PE,91.85,0.0052598896258739,24176.833618499935,0.9957134779961864,0.0091093151970135,0.1032467949700489,0.0555188553667427,test,1e435806057655142a50ce380d74dca174e26be98bfec625f8ded211e62c78b1,True,0.0090615269950212,0.0114775370205253,0.0067334428554695,0.0114055271200059,0.0114027144137658,0.006752998285523,,0.0090046203977173,0.0089183234180364,0.0089838030299607
final,2026-08-31,2026-09-08,0.021917808219178,24200.0,CE,129.2,-0.0009577469849967,24176.833618499935,0.9957134779961864,0.0053618265627484,0.0987233608359552,0.0589620489297407,test,1e435806057655142a50ce380d74dca174e26be98bfec625f8ded211e62c78b1,True,0.0053669642959044,0.0080086177971095,0.0027918070058784,0.0079215176882628,0.0079257506574644,0.0028224106661572,,0.0055732184486405,0.0054813639889452,0.0055510756976975
final,2026-08-31,2026-09-08,0.021917808219178,24350.0,CE,69.0,-0.0071369633509547,24176.833618499935,0.9957134779961864,0.0028458744682097,0.0970429284943563,0.0523914691504884,test,1e435806057655142a50ce380d74dca174e26be98bfec625f8ded211e62c78b1,True,0.0028662580218064,0.0052550496023361,0.0006602264870137,0.0051608252999065,0.0051734307009096,0.0007046135620098,,0.0031392571269794,0.0030567895750044,0.0031193516200768
final,2026-08-31,2026-09-08,0.021917808219178,24500.0,CE,32.4,-0.0132782313730372,24176.833618499935,0.9957134779961864,0.0013281420898843,0.0959233516536746,0.0384008172761608,test,1e435806057655142a50ce380d74dca174e26be98bfec625f8ded211e62c78b1,True,0.0013458950711091,0.0032081545798069,5.132195820107405e-05,0.003117405725579,0.0031334888834997,7.725954180896888e-05,,0.0015943665634737,0.0015317188002361,0.0015791962465057
final,2026-08-31,2026-09-08,0.021917808219178,24650.0,CE,14.7,-0.0193820143110551,24176.833618499935,0.9957134779961864,0.0005989161516437,0.097712323594896,0.0243048534276801,test,1e435806057655142a50ce380d74dca174e26be98bfec625f8ded211e62c78b1,True,0.0006106375785586,0.0017998441325341,3.184245189347818e-07,0.0017226793271988,0.0017366023027131,2.812093719793034e-06,,0.0007246789718678,0.0006842864062009,0.0007148476984324
final,2026-08-31,2026-09-08,0.021917808219178,24800.0,CE,6.9,-0.0254487669932923,24176.833618499935,0.9957134779961864,0.0002794235616972,0.1017734457922343,0.0143664798565424,test,1e435806057655142a50ce380d74dca174e26be98bfec625f8ded211e62c78b1,True,0.0002866258021806,0.0009147055988315,6.083067393364331e-12,0.0008574742625828,0.000867082632101,3.1728952689700856e-08,,0.0002930986719693,0.0002709280662466,0.0002876648738653
final,2026-08-31,2026-09-08,0.021917808219178,24950.0,CE,4.2,-0.0314789360198836,24176.833618499935,0.9957134779961864,0.0001690613585802,0.1107132513098713,0.0094884031648738,test,1e435806057655142a50ce380d74dca174e26be98bfec625f8ded211e62c78b1,True,0.0001744678795881,0.0004140378840751,4.130933916351615e-17,0.0003776149451091,0.0003837611028963,1.2711508910961836e-10,,0.0001050449139803,9.465493970552476e-05,0.0001024761012427
final,2026-08-31,2026-09-08,0.021917808219178,25200.0,CE,2.75,-0.0414491083397335,24176.833618499935,0.9957134779961864,0.0001095967731064,0.1307936301206799,0.006099703730714,test,1e435806057655142a50ce380d74dca174e26be98bfec625f8ded211e62c78b1,True,0.0001142349211589,8.067113884735466e-05,9.396953237867873e-18,6.91998953307911e-05,7.189348540807021e-05,2.2957385501571466e-15,,1.4412786005970051e-05,1.232889646971165e-05,1.3888023316456931e-05
final,2026-08-31,2026-09-08,0.021917808219178,25400.0,CE,2.0,-0.0493542878468468,24176.833618499935,0.9957134779961864,7.907913191932966e-05,0.1455301414253515,0.00439071618492,test,1e435806057655142a50ce380d74dca174e26be98bfec625f8ded211e62c78b1,True,8.307994266106045e-05,1.526860664476928e-05,1.1663919796304841e-16,1.2367499261038434e-05,1.3246980903460313e-05,1.0259695921171655e-16,,2.2855236346039755e-06,1.8592249690249057e-06,2.176231557533565e-06
final,2026-08-31,2026-09-08,0.021917808219178,25550.0,CE,1.5,-0.0552424304720693,24176.833618499935,0.9957134779961864,5.896115315315969e-05,0.1548649532404839,0.003331349766963,test,1e435806057655142a50ce380d74dca174e26be98bfec625f8ded211e62c78b1,True,6.230995699579534e-05,3.3619027377879617e-06,1.236337217859793e-16,2.627061000482606e-06,2.8763776058636188e-06,-6.812257055472151e-17,,4.952068189576452e-07,3.859886074127338e-07,4.667762484250409e-07
final,2026-08-31,2026-09-15,0.0410958904109589,23600.0,PE,34.9,0.0254533291322194,24208.408734173856,0.9972653437791098,0.0272628998044864,0.1113009012171552,0.0422582945049398,test,1e435806057655142a50ce380d74dca174e26be98bfec625f8ded211e62c78b1,True,0.0265777252214688,0.0288477667437598,0.0256812029461213,0.0287490905409498,0.0287473325169805,0.0256808577514596,,0.0262679983516614,0.0261570866679174,0.0260709516353528
final,2026-08-31,2026-09-15,0.0410958904109589,23750.0,PE,53.7,0.0191175106831335,24208.408734173856,0.9972653437791098,0.0215686731747889,0.1068508771742844,0.0542608020631415,test,1e435806057655142a50ce380d74dca174e26be98bfec625f8ded211e62c78b1,True,0.021160250288492,0.0240294507744842,0.0200004409305567,0.0239032172331009,0.0238999895291565,0.0199932827465044,,0.0209870869874495,0.0208324260905371,0.0207101400827731
final,2026-08-31,2026-09-15,0.0410958904109589,23900.0,PE,83.2,0.0128215822263189,24208.408734173856,0.9972653437791098,0.0163948485973169,0.1033933276823563,0.0666416108032086,test,1e435806057655142a50ce380d74dca174e26be98bfec625f8ded211e62c78b1,True,0.0161859825558355,0.019590893491869,0.014710177182461,0.0194366688060957,0.0194333961441039,0.0146929357357651,,0.0162011390466677,0.0160049825639235,0.0158478931944371
final,2026-08-31,2026-09-15,0.0410958904109589,24050.0,PE,125.35,0.0065650446120136,24208.408734173856,0.9972653437791098,0.0118129922375123,0.0997920067019938,0.0764703106798891,test,1e435806057655142a50ce380d74dca174e26be98bfec625f8ded211e62c78b1,True,0.0117356934291644,0.0155856854238787,0.0100115526310696,0.0154059377427541,0.0154009342200954,0.0099850832466001,,0.0120290420702281,0.0118023677231541,0.0116194346694231
final,2026-08-31,2026-09-15,0.0410958904109589,24200.0,PE,184.75,0.0003474080011431,24208.408734173856,0.9972653437791098,0.0080027003026226,0.0967739758313787,0.0808434493879659,test,1e435806057655142a50ce380d74dca174e26be98bfec625f8ded211e62c78b1,True,0.007999920583383,0.0120579098331566,0.0061265944059628,0.0118584529573012,0.0118517709549182,0.0060999465891591,,0.0085534345370203,0.0083143650248337,0.0081209013728084
final,2026-08-31,2026-09-15,0.0410958904109589,24350.0,CE,123.3,-0.005831808364815,24208.408734173856,0.9972653437791098,0.0050775403581279,0.0946860067422025,0.0774481996429609,test,1e435806057655142a50ce380d74dca174e26be98bfec625f8ded211e62c78b1,True,0.0051072381120978,0.0090367506667347,0.0032350616713101,0.0088266154628222,0.0088206767324996,0.0032242839568664,,0.0058019692926911,0.0055714544640461,0.0053853146033916
final,2026-08-31,2026-09-15,0.0410958904109589,24500.0,CE,73.7,-0.0119730763868975,24208.408734173856,0.9972653437791098,0.0030164121154624,0.0934852070606635,0.0666372587451777,test,1e435806057655142a50ce380d74dca174e26be98bfec625f8ded211e62c78b1,True,0.0030527449218297,0.006531930773178,0.0013868616949317,0.0063225087279921,0.0063188622695392,0.0014031803210022,,0.0037414939146857,0.0035379568050861,0.0033747387924404
final,2026-08-31,2026-09-15,0.0410958904109589,24700.0,CE,34.95,-0.0201032024701477,24208.408734173856,0.9972653437791098,0.0014188598510031,0.094106328493432,0.0468841713042884,test,1e435806057655142a50ce380d74dca174e26be98bfec625f8ded211e62c78b1,True,0.0014476721169328,0.0039704934320869,0.0002734742298012,0.0037808349999492,0.0037814329636862,0.0003084119918415,,0.0019172564462436,0.0017664860837528,0.0016475686734496
final,2026-08-31,2026-09-15,0.0410958904109589,25500.0,CE,3.55,-0.0519784110005966,24208.408734173856,0.9972653437791098,0.0001395974372747,0.1201420013739138,0.0085119255245518,test,1e435806057655142a50ce380d74dca174e26be98bfec625f8ded211e62c78b1,True,0.0001470453795453,0.000186881180198,7.097652874419204e-16,0.0001567261678295,0.0001592108907027,1.3032167373911076e-09,,4.6753005582084346e-05,3.623513042798343e-05,2.906785847809224e-05
final,2026-08-31,2026-09-22,0.0602739726027397,23600.0,PE,54.1,0.0266318386264421,24236.955391656546,0.9971722821865042,0.0292885086864361,0.109310913201479,0.0590619148873668,test,1e435806057655142a50ce380d74dca174e26be98bfec625f8ded211e62c78b1,True,0.0285187967642931,0.0318919522865952,0.0278480747426438,0.0316890767268546,0.0316919430841208,0.0278100964474661,,0.0282198887482643,0.028029055538672,0.0278867638836071
final,2026-08-31,2026-09-22,0.0602739726027397,23950.0,PE,126.5,0.0119102268010824,24236.955391656546,0.9971722821865042,0.0172782510363575,0.1033853384950572,0.0872048530663775,test,1e435806057655142a50ce380d74dca174e26be98bfec625f8ded211e62c78b1,True,0.0170736837871647,0.0216015205226782,0.0160407864926783,0.0213199715460896,0.021326742399465,0.0159614551258757,,0.0171382279489584,0.0168370315712883,0.0166060423003902
final,2026-08-31,2026-09-22,0.0602739726027397,24100.0,PE,172.4,0.0056667101613972,24236.955391656546,0.9971722821865042,0.0128566088226145,0.0992974374298671,0.0950559188927171,test,1e435806057655142a50ce380d74dca174e26be98bfec625f8ded211e62c78b1,True,0.0127839601805626,0.0177803702016947,0.0117813171183613,0.0174717506371027,0.0174735369129422,0.0116906654075491,,0.0132434130463878,0.0129138607077436,0.0126597469407395
final,2026-08-31,2026-09-22,0.0602739726027397,24250.0,CE,220.0,-0.0005380667254855,24236.955391656546,0.9971722821865042,0.0090978912175146,0.0956382202494651,0.09793723782171,test,1e435806057655142a50ce380d74dca174e26be98bfec625f8ded211e62c78b1,True,0.0091027878072787,0.0143533058450057,0.0081557528533888,0.0140255361537797,0.0140227110255763,0.0080659800797403,,0.0099339627718278,0.0095949551929542,0.009333138113526
final,2026-08-31,2026-09-22,0.0602739726027397,24400.0,CE,153.0,-0.0067045816411495,24236.955391656546,0.9971722821865042,0.0062882732656079,0.0947385266497062,0.09426668688755,test,1e435806057655142a50ce380d74dca174e26be98bfec625f8ded211e62c78b1,True,0.0063305751568801,0.0113379857692005,0.0052411247884499,0.0110014238567907,0.0109966485019252,0.0051684589509753,,0.007218713670947,0.0068904690544124,0.0066375246340883
final,2026-08-31,2026-09-22,0.0602739726027397,24600.0,CE,84.65,-0.0148678922803104,24236.955391656546,0.9971722821865042,0.0034508148411665,0.0921924925945159,0.0795201663914759,test,1e435806057655142a50ce380d74dca174e26be98bfec625f8ded211e62c78b1,True,0.0035025044903915,0.0079688571012914,0.0024989325117741,0.0076394982493054,0.0076339051280476,0.0024703138257325,,0.0044752034447281,0.0041884929471912,0.003969474359061
final,2026-08-31,2026-09-29,0.0794520547945205,21600.0,PE,7.65,0.116259859221119,24263.01498712375,0.9900263025682036,0.1236454654887203,0.1947251924969951,0.0112542583670786,test,1e435806057655142a50ce380d74dca174e26be98bfec625f8ded211e62c78b1,True,0.1100746158700271,0.1099658206229321,0.1097650587771046,0.1099531190384424,0.1099533361247571,0.1097654053759136,,0.1097563907004945,0.1097562685263436,0.1097562388090167
final,2026-08-31,2026-09-29,0.0794520547945205,22000.0,PE,10.15,0.0979107205529226,24263.01498712375,0.9900263025682036,0.1033303290905388,0.1754933433123063,0.0150954251675389,test,1e435806057655142a50ce380d74dca174e26be98bfec625f8ded211e62c78b1,True,0.0936926940529964,0.0937513397052676,0.0933038031650934,0.0937206619000701,0.0937242521388157,0.0933038598789396,,0.0932733560964191,0.0932720677538329,0.0932717119037888
final,2026-08-31,2026-09-29,0.0794520547945205,22200.0,PE,11.5,0.0888608850330047,24263.01498712375,0.9900263025682036,0.0934518396453612,0.1650269448696806,0.0173428151297162,test,1e435806057655142a50ce380d74dca174e26be98bfec625f8ded211e62c78b1,True,0.0855058961645126,0.0857402758450456,0.0850906080010848,0.0856947380631563,0.0857003946577569,0.0850898365061645,,0.085037164610686,0.0850336113726961,0.0850325754281662
final,2026-08-31,2026-09-29,0.0794520547945205,23000.0,PE,26.1,0.0534589579820886,24263.01498712375,0.9900263025682036,0.0560599096987085,0.1283670809951197,0.0367517645818707,test,1e435806057655142a50ce380d74dca174e26be98bfec625f8ded211e62c78b1,True,0.0531417024534898,0.0550187725071131,0.0527000196759422,0.0548532782996298,0.0548560321731865,0.0526748645167666,,0.052447001736966,0.0523733897611889,0.0523482316708422
final,2026-08-31,2026-09-29,0.0794520547945205,23200.0,PE,35.0,0.0448008952389741,24263.01498712375,0.9900263025682036,0.0473434303112349,0.120611924532378,0.0461406865238383,test,1e435806057655142a50ce380d74dca174e26be98bfec625f8ded211e62c78b1,True,0.0452692125773959,0.047886354917766,0.044897313506759,0.0476740396922984,0.0476738637276942,0.044854567532819,,0.0446127190774982,0.0444897022965322,0.0444465300959587
final,2026-08-31,2026-09-29,0.0794520547945205,23400.0,PE,50.2,0.0362171515475826,24263.01498712375,0.9900263025682036,0.0390478936183097,0.1146482093291016,0.058925736176185,test,1e435806057655142a50ce380d74dca174e26be98bfec625f8ded211e62c78b1,True,0.0376589929632963,0.0410846899637016,0.0373485267884957,0.0408206363833505,0.0408211170484675,0.0372815263008508,,0.037090022796886,0.0369026818556114,0.0368355001347098
final,2026-08-31,2026-09-29,0.0794520547945205,23600.0,PE,73.25,0.027706461879674,24263.01498712375,0.9900263025682036,0.0312289373043937,0.1092213532289662,0.0739644435624471,test,1e435806057655142a50ce380d74dca174e26be98bfec625f8ded211e62c78b1,True,0.0303755704216815,0.0346783904449006,0.0301656218392097,0.0343604899547781,0.0343669635323127,0.0300688103318375,,0.0300244610195947,0.0297638785299908,0.029668844067341
final,2026-08-31,2026-09-29,0.0794520547945205,23800.0,PE,110.95,0.0192675932338093,24263.01498712375,0.9900263025682036,0.0241631393592823,0.1058016928874668,0.0903838125376463,test,1e435806057655142a50ce380d74dca174e26be98bfec625f8ded211e62c78b1,True,0.0237020303147037,0.0287327660784501,0.0234868994964813,0.0283629464809468,0.028376392576279,0.0233587598851324,,0.0235743245551958,0.0232425310520674,0.0231200341995621
final,2026-08-31,2026-09-29,0.0794520547945205,23950.0,PE,148.25,0.0129848500543141,24263.01498712375,0.9900263025682036,0.0193218573464915,0.1028299929633923,0.1010456866599747,test,1e435806057655142a50ce380d74dca174e26be98bfec625f8ded211e62c78b1,True,0.0190725877923273,0.0246132874363776,0.0189026373610905,0.0242087976575889,0.0242222195290281,0.0187544390004925,,0.0192299251926479,0.018854145389935,0.0187145384363784
final,2026-08-31,2026-09-29,0.0794520547945205,24100.0,PE,197.75,0.006741333414629,24263.01498712375,0.9900263025682036,0.0150521641108394,0.1006040931147345,0.1089389741338783,test,1e435806057655142a50ce380d74dca174e26be98bfec625f8ded211e62c78b1,True,0.0149510337138126,0.0208109885568398,0.0147573507559553,0.0203780641748725,0.0203861932314761,0.0145966714319036,,0.015363316020994,0.0149575063581323,0.0148061690598684
final,2026-08-31,2026-09-29,0.0794520547945205,24250.0,PE,257.85,0.0005365565277462,24263.01498712375,0.9900263025682036,0.0112768087810506,0.0978540852432362,0.1123887001615532,test,1e435806057655142a50ce380d74dca174e26be98bfec625f8ded211e62c78b1,True,0.0112707597586533,0.0173450350303174,0.011112368485985,0.0168922018112591,0.0168943329360038,0.0109510578406641,,0.0120047378527767,0.0115865078656964,0.0114303213567868
final,2026-08-31,2026-09-29,0.0794520547945205,24400.0,CE,198.5,-0.0056299583879177,24263.01498712375,0.9900263025682036,0.0082172017859888,0.0962505121290121,0.1103555814665052,test,1e435806057655142a50ce380d74dca174e26be98bfec625f8ded211e62c78b1,True,0.0082635947628326,0.0142293824770919,0.008015105813109,0.0137671792789952,0.0137654173246258,0.0078680191851301,,0.0091627551215074,0.0087510513082291,0.0085974508099662
final,2026-08-31,2026-09-29,0.0794520547945205,24550.0,CE,139.8,-0.0117586803292911,24263.01498712375,0.9900263025682036,0.0057518684135542,0.0946946201625577,0.1026444006320766,test,1e435806057655142a50ce380d74dca174e26be98bfec625f8ded211e62c78b1,True,0.0058199020042519,0.0114716752279077,0.0054907567266193,0.0110121171039583,0.0110070937799485,0.0053729304228563,,0.0068235436341471,0.0064361098638775,0.0062920385125876
final,2026-08-31,2026-09-29,0.0794520547945205,24700.0,CE,93.95,-0.0178500697226931,24263.01498712375,0.9900263025682036,0.0038419622941627,0.0930975225651972,0.0900176263017274,test,1e435806057655142a50ce380d74dca174e26be98bfec625f8ded211e62c78b1,True,0.0039111573197386,0.0090723931015006,0.0035351992404713,0.0086281861855657,0.0086215617915834,0.0034578535531487,,0.0049530313731321,0.0046042029799681,0.0044752075041313
final,2026-08-31,2026-09-29,0.0794520547945205,24850.0,CE,62.55,-0.0239045786313992,24263.01498712375,0.9900263025682036,0.0025424603459166,0.0929644196250734,0.0750598991567939,test,1e435806057655142a50ce380d74dca174e26be98bfec625f8ded211e62c78b1,True,0.0026039690297993,0.0070243544174937,0.0021112184312049,0.0066079165680741,0.0066014746020011,0.0020778383585291,,0.0035013694739599,0.0032006372263269,0.0030902926589285
final,2026-08-31,2026-09-29,0.0794520547945205,25000.0,CE,41.9,-0.0299226509569623,24263.01498712375,0.9900263025682036,0.0016928843159543,0.0940558778471586,0.060367891894928,test,1e435806057655142a50ce380d74dca174e26be98bfec625f8ded211e62c78b1,True,0.0017443053932628,0.0053126655637373,0.0011500223281563,0.0049350517144758,0.0049271414556763,0.0011544532407039,,0.0024087898765909,0.0021603351136806,0.0020700810217127
final,2026-08-31,2026-09-29,0.0794520547945205,25200.0,CE,23.35,-0.0378908206061392,24263.01498712375,0.9900263025682036,0.0009359219034723,0.0950963917874505,0.0421941300883033,test,1e435806057655142a50ce380d74dca174e26be98bfec625f8ded211e62c78b1,True,0.0009720651773911,0.0035144056173755,0.0004266729245998,0.0032014875794622,0.0031924570856405,0.0004590412523556,,0.0014009265612179,0.0012204270887302,0.0011559472847425
final,2026-08-31,2026-09-29,0.0794520547945205,25700.0,CE,8.1,-0.0575378179899357,24263.01498712375,0.9900263025682036,0.0003183502261088,0.1070495779443991,0.0187864942917522,test,1e435806057655142a50ce380d74dca174e26be98bfec625f8ded211e62c78b1,True,0.0003372046225639,0.0009737673976143,8.393151537802908e-06,0.0008361765255593,0.0008371476528893,2.0474420877142525e-05,,0.0002893947474366,0.000230049096068,0.00021005160179
final,2026-08-31,2026-09-29,0.0794520547945205,26300.0,CE,3.95,-0.0806157652724804,24263.01498712375,0.9900263025682036,0.0001517031554402,0.1277997063552207,0.0095696765608098,test,1e435806057655142a50ce380d74dca174e26be98bfec625f8ded211e62c78b1,True,0.0001644392912502,0.0001076922653047,8.796820553504299e-11,8.869201809377086e-05,9.053264591443646e-05,9.936016157786881e-08,,2.848223337888634e-05,1.9565791187498363e-05,1.684816378674618e-05
final,2026-08-31,2026-09-29,0.0794520547945205,28500.0,CE,0.95,-0.1609509133633664,24263.01498712375,0.9900263025682036,3.366913913990379e-05,0.2004576433473567,0.0021076597744284,test,1e435806057655142a50ce380d74dca174e26be98bfec625f8ded211e62c78b1,True,3.954869030071064e-05,-2.424205702149196e-14,8.0490394909408e-11,7.335013366244175e-12,1.6761458727519576e-11,-1.741358998835862e-13,,1.2343806408757936e-10,3.6090294506347914e-11,2.2040345291910223e-11
final,2026-08-31,2026-10-27,0.1561643835616438,23000.0,PE,59.2,0.0584322773405758,24383.98326686344,0.9847354880884938,0.0627869971176103,0.1206690967929091,0.0722500235094512,test,1e435806057655142a50ce380d74dca174e26be98bfec625f8ded211e62c78b1,True,0.0592233400876506,0.0639405126834216,0.0605018741908583,0.0633807949697955,0.0633783387020886,0.0602455953738579,,0.0582578843166143,0.0579727134732682,0.0579143287912924
final,2026-08-31,2026-10-27,0.1561643835616438,23500.0,PE,117.25,0.0369260721196121,24383.98326686344,0.9847354880884938,0.0426830116701357,0.1117174447350402,0.1090594468980628,test,1e435806057655142a50ce380d74dca174e26be98bfec625f8ded211e62c78b1,True,0.0411356406896523,0.0479908522828885,0.0434287875626727,0.0472603867335461,0.0472669293940557,0.0430567470061488,,0.0405087965129632,0.0399751893182301,0.0398615345011943
final,2026-08-31,2026-10-27,0.1561643835616438,23800.0,PE,177.05,0.0242409125922963,24383.98326686344,0.9847354880884938,0.0320915017549257,0.1071295567350235,0.132173553577453,test,1e435806057655142a50ce380d74dca174e26be98bfec625f8ded211e62c78b1,True,0.0313229275712785,0.0393673025754213,0.0342203767240968,0.0385504754416385,0.0385641240409999,0.0337917559200223,,0.0311551651696273,0.0304772113356321,0.0303306466828172
final,2026-08-31,2026-10-27,0.1561643835616438,24050.0,PE,244.25,0.0137914967179551,24383.98326686344,0.9847354880884938,0.024200391585924,0.1028500188632772,0.1477794102287288,test,1e435806057655142a50ce380d74dca174e26be98bfec625f8ded211e62c78b1,True,0.0238689229430536,0.0328063699887445,0.0272890541420841,0.0319364379137284,0.0319525712925683,0.0268328634554866,,0.0243141362592688,0.0235462038929125,0.0233789196254949
final,2026-08-31,2026-10-27,0.1561643835616438,24200.0,PE,299.6,0.0075738601070846,24383.98326686344,0.9847354880884938,0.0201746861626491,0.1016701344110409,0.1542596321410641,test,1e435806057655142a50ce380d74dca174e26be98bfec625f8ded211e62c78b1,True,0.0200224630977164,0.0291633127881716,0.0234941792932907,0.0282724940615662,0.0282884677777554,0.0230335511075585,,0.0206688997077254,0.0198672084707202,0.0196921261719786
final,2026-08-31,2026-10-27,0.1561643835616438,24350.0,PE,361.15,0.0013946437411265,24383.98326686344,0.9847354880884938,0.0164571457754022,0.0998368606790053,0.1574136452623162,test,1e435806057655142a50ce380d74dca174e26be98bfec625f8ded211e62c78b1,True,0.0164342099174426,0.0257502129092903,0.0199921569411467,0.0248481361133152,0.0248620729602976,0.0195378131099156,,0.0173820102986341,0.0165643358564672,0.0163855737357199
final,2026-08-31,2026-10-27,0.1561643835616438,24500.0,CE,316.45,-0.0047466242809559,24383.98326686344,0.9847354880884938,0.0131165441754156,0.0977194778944289,0.1568086528184992,test,1e435806057655142a50ce380d74dca174e26be98bfec625f8ded211e62c78b1,True,0.0131789514773161,0.0225731541410493,0.0167955987377222,0.0216703308246301,0.0216813474014906,0.0163590195261631,,0.0144558319068263,0.0136407001761137,0.0134625640404905
final,2026-08-31,2026-10-27,0.1561643835616438,24650.0,CE,249.25,-0.0108504072189736,24383.98326686344,0.9847354880884938,0.0102683024918231,0.0960046051844535,0.1521309348665239,test,1e435806057655142a50ce380d74dca174e26be98bfec625f8ded211e62c78b1,True,0.0103803243979176,0.019636280705181,0.0139130964933355,0.0187438042828408,0.0187506964776867,0.0135058235450281,,0.0118849917448453,0.011090424481209,0.0109170981241803
final,2026-08-31,2026-10-27,0.1561643835616438,24800.0,CE,194.25,-0.016917159901211,24383.98326686344,0.9847354880884938,0.0079540763840316,0.0950598664312202,0.143634721492617,test,1e435806057655142a50ce380d74dca174e26be98bfec625f8ded211e62c78b1,True,0.0080897814013861,0.0169416044600148,0.0113485518686163,0.0160707881304473,0.0160727523549233,0.0109813624912674,,0.0096568575535891,0.0088992104802282,0.0087344694496245
final,2026-08-31,2026-10-27,0.1561643835616438,24950.0,CE,149.0,-0.0229473289278022,24383.98326686344,0.9847354880884938,0.0060645157608444,0.0943709293967698,0.1319446515400417,test,1e435806057655142a50ce380d74dca174e26be98bfec625f8ded211e62c78b1,True,0.0062052892087852,0.014488856774131,0.009100653900482,0.0136508243930114,0.0136489026111053,0.0087826778944662,,0.0077524400022111,0.0070454534395359,0.0068924335326944
final,2026-08-31,2026-10-27,0.1561643835616438,25100.0,CE,110.9,-0.0289413528680128,24383.98326686344,0.9847354880884938,0.0044868157456208,0.0933165898007949,0.11753365547833,test,1e435806057655142a50ce380d74dca174e26be98bfec625f8ded211e62c78b1,True,0.0046185676057334,0.0122753949619769,0.0071625635957615,0.011480644588186,0.0114769399811579,0.0069004411794135,,0.0061476175916479,0.0055017634034125,0.0053628054376401
final,2026-08-31,2026-10-27,0.1561643835616438,26000.0,CE,22.8,-0.0641700447517567,24383.98326686344,0.9847354880884938,0.0008905163747325,0.1012042455626069,0.0449275644222295,test,1e435806057655142a50ce380d74dca174e26be98bfec625f8ded211e62c78b1,True,0.0009495341876529,0.0035797181967725,0.0010104360091016,0.003180575829296,0.0031844586469334,0.001038163976652,,0.0011708897670388,0.0009254073276812,0.0008758288018124
final,2026-08-31,2026-11-23,0.2301369863013698,23500.0,PE,164.1,0.0413207606766218,24491.379091855073,0.9771244187365248,0.0493328024408255,0.1132837925593488,0.1403569961817452,test,1e435806057655142a50ce380d74dca174e26be98bfec625f8ded211e62c78b1,True,0.0473358749220025,0.0563322447754902,0.0520597402827534,0.055271271512593,0.0552762079549894,0.0514175122299946,,0.0466855402248992,0.045627085720906,0.0461305012336897
final,2026-08-31,2026-11-23,0.2301369863013698,24100.0,PE,313.3,0.0161093413301258,24491.379091855073,0.9771244187365248,0.0295441409589646,0.1057695914601588,0.1804586178142851,test,1e435806057655142a50ce380d74dca174e26be98bfec625f8ded211e62c78b1,True,0.0290720173184464,0.0402065091053047,0.0352608344618899,0.0390239806287252,0.0390396202089107,0.0345534717386829,,0.0295820687110567,0.0281529179441072,0.0288404284240401
final,2026-08-31,2026-11-23,0.2301369863013698,24400.0,PE,421.85,0.0037380495275787,24491.379091855073,0.9771244187365248,0.0214387325679605,0.1017568202914174,0.1904096288797829,test,1e435806057655142a50ce380d74dca174e26be98bfec625f8ded211e62c78b1,True,0.0213587431192146,0.0331901833000228,0.0280732525232846,0.031993558302853,0.0320152093367502,0.0273813345886488,,0.0226605040222001,0.0211505717919547,0.0218783391713708
final,2026-08-31,2026-11-23,0.2301369863013698,24600.0,CE,425.3,-0.004425261111582,24491.379091855073,0.9771244187365248,0.0176933638691928,0.103817163695656,0.190991999241561,test,1e435806057655142a50ce380d74dca174e26be98bfec625f8ded211e62c78b1,True,0.0177718351240944,0.0289258476631546,0.0237727565641592,0.0277402531291345,0.0277614610565575,0.0231117384797833,,0.0186839992432817,0.0171695808815132,0.017899478524956
final,2026-08-31,2026-11-23,0.2301369863013698,25000.0,CE,251.65,-0.0205546430414656,24491.379091855073,0.9771244187365248,0.0103016563776145,0.0989576850916729,0.1760092443359872,test,1e435806057655142a50ce380d74dca174e26be98bfec625f8ded211e62c78b1,True,0.0105155944250608,0.0214145120417759,0.0163945348030687,0.0203015547114117,0.0203148341131225,0.0158426169499472,,0.0122255126417091,0.0108163108720901,0.0114933599536649
final,2026-09-01,2026-09-08,0.0191780821917808,22500.0,PE,2.35,0.0648232284741033,24006.8339488683,0.997466511838196,0.0670751074527739,0.2030501025124256,0.0037514423447329,test,328cfdef6953b86b56c40b28f4b9677e8e4701f5027d00daa6b1d1708b64fa63,True,0.0628650125585826,0.0627835842011402,0.0627668752406834,0.0627845629831631,0.0627851055603783,0.0627668754038761,,0.0627668809555199,0.062766882075091,0.0627668804749839
final,2026-09-01,2026-09-08,0.0191780821917808,23000.0,PE,4.25,0.0428443217553281,24006.8339488683,0.997466511838196,0.0439606410235288,0.1546150977391265,0.007303982358786,test,328cfdef6953b86b56c40b28f4b9677e8e4701f5027d00daa6b1d1708b64fa63,True,0.0421169549343605,0.0421554059949914,0.0419395629752936,0.0421571679037778,0.0421616833401438,0.0419396123888281,,0.0419440565754986,0.041944473890486,0.0419438652487385
final,2026-09-01,2026-09-08,0.0191780821917808,23300.0,PE,7.25,0.0298851771128229,24006.8339488683,0.997466511838196,0.0306481700991521,0.1258407667891851,0.0125089999188634,test,328cfdef6953b86b56c40b28f4b9677e8e4701f5027d00daa6b1d1708b64fa63,True,0.029745795086149,0.0302314629735082,0.0294465917641452,0.0302268318084852,0.0302328794307324,0.0294474542644792,,0.0295279949013173,0.0295324168534045,0.0295259138961319
final,2026-09-01,2026-09-08,0.0191780821917808,23450.0,PE,11.95,0.0234680427921895,24006.8339488683,0.997466511838196,0.0242564733879945,0.1155004111120132,0.0186102426174778,test,328cfdef6953b86b56c40b28f4b9677e8e4701f5027d00daa6b1d1708b64fa63,True,0.0236938490998012,0.024599489225672,0.0232141385044803,0.0245863363966659,0.0245886970621822,0.0232169634402776,,0.023472239596299,0.0234826721302072,0.0234672832379334
final,2026-09-01,2026-09-08,0.0191780821917808,23600.0,PE,22.5,0.0170918256529135,24006.8339488683,0.997466511838196,0.0181945380142544,0.1081828078358754,0.0285735824079516,test,328cfdef6953b86b56c40b28f4b9677e8e4701f5027d00daa6b1d1708b64fa63,True,0.0178862026559168,0.0193334725275974,0.0170396663128398,0.0193072872856115,0.0193047022437612,0.0170470934735434,,0.0177107722100687,0.0177307389922529,0.0177012182052205
final,2026-09-01,2026-09-08,0.0191780821917808,23750.0,PE,45.15,0.0107560072038276,24006.8339488683,0.997466511838196,0.012719942163914,0.1039080759042038,0.0415566091976432,test,328cfdef6953b86b56c40b28f4b9677e8e4701f5027d00daa6b1d1708b64fa63,True,0.0125838595391792,0.0145661618037972,0.0110862384317061,0.0145233298905728,0.014520466932227,0.0111013071333494,,0.0124963052788122,0.0125274278816089,0.0124813405161423
final,2026-09-01,2026-09-08,0.0191780821917808,23900.0,PE,86.4,0.0044600787470129,24006.8339488683,0.997466511838196,0.0080942844442599,0.1007132340983493,0.0523754866604647,test,328cfdef6953b86b56c40b28f4b9677e8e4701f5027d00daa6b1d1708b64fa63,True,0.008058263685659,0.0104285858995315,0.0058043321417248,0.0103683630063349,0.0103710860911756,0.0058291562130027,,0.0081146343559708,0.0081542952132342,0.0080955136143494
final,2026-09-01,2026-09-08,0.0191780821917808,24050.0,CE,110.9,-0.0017964588672923,24006.8339488683,0.997466511838196,0.0046229387718779,0.0991638382682339,0.0548247298660126,test,328cfdef6953b86b56c40b28f4b9677e8e4701f5027d00daa6b1d1708b64fa63,True,0.0046312511554196,0.0070236166676632,0.0020123517170073,0.0069497309381382,0.0069609144930042,0.0020522041467301,,0.0047752029140571,0.0048166790460243,0.0047551978164158
final,2026-09-01,2026-09-08,0.0191780821917808,24200.0,CE,56.15,-0.0080140954781628,24006.8339488683,0.997466511838196,0.0023261411850392,0.0982332718384337,0.046631870476028,test,328cfdef6953b86b56c40b28f4b9677e8e4701f5027d00daa6b1d1708b64fa63,True,0.0023448580015942,0.0043986216462403,0.0003034683564674,0.004319323511063,0.0043373457769715,0.0003478836360679,,0.002511674039974,0.0025473996610594,0.0024944715674576
final,2026-09-01,2026-09-08,0.0191780821917808,24350.0,CE,26.75,-0.0141933118441209,24006.8339488683,0.997466511838196,0.0011013528928527,0.100277991556366,0.0330028672563969,test,328cfdef6953b86b56c40b28f4b9677e8e4701f5027d00daa6b1d1708b64fa63,True,0.0011170961984442,0.0025276531746487,6.856906752893653e-06,0.0024535401454894,0.0024715452254029,1.8068778506232994e-05,,0.0011673501691903,0.0011927872311337,0.0011551481342036
final,2026-09-01,2026-09-08,0.0191780821917808,24500.0,CE,12.8,-0.0203345798662034,24006.8339488683,0.997466511838196,0.0005237759597853,0.1047159674082068,0.0208809573421116,test,328cfdef6953b86b56c40b28f4b9677e8e4701f5027d00daa6b1d1708b64fa63,True,0.0005345357510312,0.0013124957976686,9.618997522538083e-10,0.001252766714063,0.0012659626188096,2.130645149506932e-07,,0.0004751119677121,0.0004901359724929,0.0004679471271541
final,2026-09-01,2026-09-08,0.0191780821917808,24650.0,CE,6.4,-0.0264383628042212,24006.8339488683,0.997466511838196,0.0002602943410698,0.1106818189554482,0.0126471184741339,test,328cfdef6953b86b56c40b28f4b9677e8e4701f5027d00daa6b1d1708b64fa63,True,0.0002672678755156,0.000604890224536,1.0474757513319641e-16,0.0005639919053171,0.0005720764122074,6.093505927719484e-10,,0.000168203352474,0.0001755896831517,0.0001647085627859
final,2026-09-01,2026-09-08,0.0191780821917808,24800.0,CE,4.2,-0.0325051154864586,24006.8339488683,0.997466511838196,0.0001697849869642,0.1216646962650963,0.0087326717833479,test,328cfdef6953b86b56c40b28f4b9677e8e4701f5027d00daa6b1d1708b64fa63,True,0.0001753945433071,0.0002422277469075,3.668085571770864e-18,0.0002189141258986,0.0002236398056065,5.521514750707848e-13,,5.155325305276383e-05,5.458614039016707e-05,5.013239780810724e-05
final,2026-09-01,2026-09-08,0.0191780821917808,24950.0,CE,3.05,-0.0385352845130498,24006.8339488683,0.997466511838196,0.0001225549805704,0.1335152864070349,0.0064189032537699,test,328cfdef6953b86b56c40b28f4b9677e8e4701f5027d00daa6b1d1708b64fa63,True,0.0001273698469254,8.214463434185956e-05,1.7447109739525865e-17,7.137917585632418e-05,7.396371029164674e-05,3.94066643617576e-16,,1.3636138308084632e-05,1.4679649152244626e-05,1.3153041162243442e-05
final,2026-09-01,2026-09-08,0.0191780821917808,25100.0,CE,2.5,-0.0445293084532603,24006.8339488683,0.997466511838196,9.985457400664584e-05,0.1468000472456935,0.0051303775337409,test,328cfdef6953b86b56c40b28f4b9677e8e4701f5027d00daa6b1d1708b64fa63,True,0.0001044015138733,2.285333256885156e-05,-4.163831397577611e-16,1.8972223961499432e-05,2.0082706089990305e-05,2.325515877076348e-16,,3.106825823388955e-06,3.40864632548607e-06,2.9690144819818215e-06
final,2026-09-01,2026-09-08,0.0191780821917808,25300.0,CE,1.6,-0.0524658580489967,24006.8339488683,0.997466511838196,6.340173426255963e-05,0.1596117881233168,0.0033905241327847,test,328cfdef6953b86b56c40b28f4b9677e8e4701f5027d00daa6b1d1708b64fa63,True,6.681696887891272e-05,2.841119598480379e-06,8.295537596408517e-17,2.223240290079591e-06,2.41882059127714e-06,7.038511978801986e-16,,3.4225898852752786e-07,3.865694569893277e-07,3.224553291481121e-07
final,2026-09-01,2026-09-08,0.0191780821917808,25450.0,CE,1.3,-0.0583772053120538,24006.8339488683,0.997466511838196,5.121029076364407e-05,0.1709573602770898,0.002720800152934,test,328cfdef6953b86b56c40b28f4b9677e8e4701f5027d00daa6b1d1708b64fa63,True,5.428878721411659e-05,4.169966087845024e-07,-4.5821330498982594e-15,3.195567882320106e-07,3.491103677945426e-07,9.586309254092825e-16,,5.4920951422961224e-08,6.357302813443991e-08,5.1124056557063334e-08
final,2026-09-01,2026-09-08,0.0191780821917808,25600.0,CE,1.05,-0.0642538138010389,24006.8339488683,0.997466511838196,4.1119801530392985e-05,0.181603421099499,0.0021817737049896,test,328cfdef6953b86b56c40b28f4b9677e8e4701f5027d00daa6b1d1708b64fa63,True,4.384863582678648e-05,4.154525244180453e-08,-4.8823461267563465e-14,3.3124566066726835e-08,3.563824245085054e-08,1.1562350849755328e-15,,7.587385267770005e-09,9.02219203974392e-09,6.970278575110031e-09
final,2026-09-01,2026-09-15,0.0383561643835616,23500.0,PE,39.4,0.0226374737844855,24038.04767711267,0.9930587623915162,0.0245839605730201,0.1109182274869051,0.0448820376070861,test,328cfdef6953b86b56c40b28f4b9677e8e4701f5027d00daa6b1d1708b64fa63,True,0.024033693635446,0.0263278334028557,0.0229763456808621,0.02623184101267,0.0262283338486129,0.0229772692193841,,0.0237136645332671,0.0236740586792904,0.0235512420859974
final,2026-09-01,2026-09-15,0.0383561643835616,23650.0,PE,59.9,0.0162747799966568,24038.04767711267,0.9930587623915162,0.0189584086023996,0.1053559553518527,0.0567777295380641,test,328cfdef6953b86b56c40b28f4b9677e8e4701f5027d00daa6b1d1708b64fa63,True,0.0186523618502368,0.0215962440540324,0.0173352603722735,0.0214732838223076,0.0214684926374064,0.017329689640674,,0.0185479709175421,0.0184941196171855,0.0183250701919768
final,2026-09-01,2026-09-15,0.0383561643835616,23800.0,PE,93.7,0.0099523142571697,24038.04767711267,0.9930587623915162,0.0139664965197963,0.1017472004612988,0.0686245525641768,test,328cfdef6953b86b56c40b28f4b9677e8e4701f5027d00daa6b1d1708b64fa63,True,0.0138281869491274,0.017285751933465,0.0121725138055829,0.0171361846795639,0.0171310728734107,0.0121579593336924,,0.0139492179385936,0.0138829943062596,0.0136733899922451
final,2026-09-01,2026-09-15,0.0383561643835616,23950.0,PE,143.15,0.0036695710776745,24038.04767711267,0.9930587623915162,0.0096951257020379,0.0986027157625315,0.0765895574054749,test,328cfdef6953b86b56c40b28f4b9677e8e4701f5027d00daa6b1d1708b64fa63,True,0.009659613945474,0.0134519497924596,0.0077337069219197,0.0132794128307751,0.0132726776071323,0.0077136908000441,,0.0100355617598499,0.0099617670786609,0.0097272055373878
final,2026-09-01,2026-09-15,0.0383561643835616,24100.0,CE,152.8,-0.0025739455620105,24038.04767711267,0.9930587623915162,0.0063845657505572,0.0974085866228211,0.0775200154809682,test,328cfdef6953b86b56c40b28f4b9677e8e4701f5027d00daa6b1d1708b64fa63,True,0.0064010204428927,0.0101368437854327,0.004267079531828,0.00994853312107,0.0099419078368682,0.004254473831355,,0.0068740321363394,0.0067993822045707,0.006562021591597
final,2026-09-01,2026-09-15,0.0383561643835616,24250.0,CE,95.15,-0.0087787224488934,24038.04767711267,0.9930587623915162,0.0039511371217922,0.0967733615453018,0.0704898926401334,test,328cfdef6953b86b56c40b28f4b9677e8e4701f5027d00daa6b1d1708b64fa63,True,0.0039859757535421,0.0073626933110355,0.0019230200194348,0.0071688975468531,0.0071647561214026,0.0019332891835562,,0.0044639648199971,0.004395288762477,0.0041776850918011
final,2026-09-01,2026-09-15,0.0383561643835616,24400.0,CE,56.8,-0.0149452373645573,24038.04767711267,0.9930587623915162,0.002344140085782,0.09742153745772,0.057918763513182,test,328cfdef6953b86b56c40b28f4b9677e8e4701f5027d00daa6b1d1708b64fa63,True,0.0023794369185622,0.005127479329628,0.0006433936293585,0.0049402608566353,0.0049394921936176,0.0006758840569145,,0.0027383395512624,0.0026807803278884,0.0024997190853417
final,2026-09-01,2026-09-15,0.0383561643835616,24550.0,CE,32.9,-0.0210739593059308,24038.04767711267,0.9930587623915162,0.0013494893256521,0.09896702172468,0.0437200571489174,test,328cfdef6953b86b56c40b28f4b9677e8e4701f5027d00daa6b1d1708b64fa63,True,0.001378230186984,0.0034031990524724,0.000136498332495,0.0032343834609882,0.0032368009431414,0.0001684434026248,,0.0015819590258742,0.0015379336184038,0.001400950099884
final,2026-09-01,2026-09-15,0.0383561643835616,24700.0,CE,19.35,-0.0271653486993327,24038.04767711267,0.9930587623915162,0.0007888765895685,0.1020000764004749,0.0314156800507666,test,328cfdef6953b86b56c40b28f4b9677e8e4701f5027d00daa6b1d1708b64fa63,True,0.0008106004291228,0.0021377811290407,1.3890898350860624e-05,0.0019967147710923,0.0019991973705115,2.800225995407829e-05,,0.0008585887365328,0.0008278065361076,0.000733408579926
final,2026-09-01,2026-09-15,0.0383561643835616,25000.0,CE,7.8,-0.039237929933602,24038.04767711267,0.9930587623915162,0.0003141808036098,0.1118971106851144,0.0160393520971565,test,328cfdef6953b86b56c40b28f4b9677e8e4701f5027d00daa6b1d1708b64fa63,True,0.0003267536613517,0.0006912664332916,1.4191427650832306e-09,0.0006158163777269,0.0006183806539945,2.0735309944789425e-07,,0.0002082204205666,0.0001966499143131,0.0001625377604705
final,2026-09-01,2026-09-29,0.0767123287671232,21000.0,PE,6.3,0.1373703663920456,24092.31244958385,0.991244377129838,0.1475556236779905,0.2230967669306606,0.0087113587461343,test,328cfdef6953b86b56c40b28f4b9677e8e4701f5027d00daa6b1d1708b64fa63,True,0.1286164665065733,0.1284176659334405,0.1283539271812733,0.1284146873355733,0.1284134563561358,0.1283540797823977,,0.1283526678146489,0.1283526658979858,0.1283526655826614
final,2026-09-01,2026-09-29,0.0767123287671232,21950.0,PE,11.4,0.0931256645942881,24092.31244958385,0.991244377129838,0.0981236057101875,0.1746191217347833,0.0165159627347949,test,328cfdef6953b86b56c40b28f4b9677e8e4701f5027d00daa6b1d1708b64fa63,True,0.0893983568346017,0.0894550318261256,0.0889582280590047,0.0894224550572694,0.0894266685853902,0.0889583609110848,,0.0889257065958417,0.0889247350048973,0.0889245514227576
final,2026-09-01,2026-09-29,0.0767123287671232,22150.0,PE,12.25,0.0840553076243238,24092.31244958385,0.991244377129838,0.0882469820927955,0.1621913917378006,0.0183957611146874,test,328cfdef6953b86b56c40b28f4b9677e8e4701f5027d00daa6b1d1708b64fa63,True,0.0811325462197043,0.0814156549698256,0.0806910598145961,0.0813670470105877,0.0813733073804533,0.0806902982220726,,0.0806341886334549,0.0806315923396842,0.0806310911185738
final,2026-09-01,2026-09-29,0.0767123287671232,22500.0,PE,16.25,0.068377494905094,24092.31244958385,0.991244377129838,0.0714980437866311,0.1440032928221023,0.0245577128652272,test,328cfdef6953b86b56c40b28f4b9677e8e4701f5027d00daa6b1d1708b64fa63,True,0.0667725851790116,0.0676337815333586,0.0663039359716947,0.0675429340895615,0.0675503945360779,0.0662980201348383,,0.0661763434419945,0.0661651315011953,0.0661628971389695
final,2026-09-01,2026-09-29,0.0767123287671232,22900.0,PE,27.0,0.0507558935552745,24092.31244958385,0.991244377129838,0.0532554995427668,0.1266710531405788,0.03782527599221,test,328cfdef6953b86b56c40b28f4b9677e8e4701f5027d00daa6b1d1708b64fa63,True,0.0506199204448066,0.0525807877464211,0.0501584552896936,0.0524154856907556,0.0524176775090368,0.0501338813718251,,0.0499382689833042,0.0498976532378211,0.0498893315075658
final,2026-09-01,2026-09-29,0.0767123287671232,23200.0,PE,45.2,0.0377405254432042,24092.31244958385,0.991244377129838,0.0404272284232138,0.1165533702142105,0.0547389746551903,test,328cfdef6953b86b56c40b28f4b9677e8e4701f5027d00daa6b1d1708b64fa63,True,0.0389299159796826,0.0420310350195045,0.0385166728520769,0.041792918331739,0.0417928639826382,0.0384625629310487,,0.0383127452477726,0.0382303009847889,0.0382131511586149
final,2026-09-01,2026-09-29,0.0767123287671232,23500.0,PE,84.0,0.0248923829653552,24092.31244958385,0.991244377129838,0.0288108263107756,0.1101017133676464,0.0781984919533012,test,328cfdef6953b86b56c40b28f4b9677e8e4701f5027d00daa6b1d1708b64fa63,True,0.0281025086205422,0.0323615193262191,0.0276517710166196,0.0320438208759225,0.0320522869152438,0.0275545473182815,,0.0276613122082706,0.027525855525158,0.0274973791586252
final,2026-09-01,2026-09-29,0.0767123287671232,23650.0,PE,112.7,0.0185296891775264,24092.31244958385,0.991244377129838,0.0235098488068646,0.1066332298166255,0.0899075976435886,test,328cfdef6953b86b56c40b28f4b9677e8e4701f5027d00daa6b1d1708b64fa63,True,0.0230782298480423,0.0279298190946696,0.022661830072989,0.0275739404435598,0.0275870305910588,0.0225416790952631,,0.0228743325541921,0.0227135415223825,0.022679616688668
final,2026-09-01,2026-09-29,0.0767123287671232,23800.0,PE,153.55,0.0122072234380395,24092.31244958385,0.991244377129838,0.0187907038124771,0.1046409096072847,0.1004901050624268,test,328cfdef6953b86b56c40b28f4b9677e8e4701f5027d00daa6b1d1708b64fa63,True,0.0185627158734893,0.0238038335425124,0.018062057322613,0.0234137775598889,0.0234261448791481,0.0179224529493264,,0.0185340546094835,0.018352486772686,0.0183140807201172
final,2026-09-01,2026-09-29,0.0767123287671232,23950.0,PE,205.15,0.0059244802585442,24092.31244958385,0.991244377129838,0.0145834877462094,0.1025647331768419,0.1077872866253353,test,328cfdef6953b86b56c40b28f4b9677e8e4701f5027d00daa6b1d1708b64fa63,True,0.0144973435925926,0.0200078622849263,0.0139255311857393,0.019590066437869,0.0195967604776987,0.0137744767336718,,0.0146904507619312,0.0144952253692961,0.0144538688064703
final,2026-09-01,2026-09-29,0.0767123287671232,24100.0,CE,261.25,-0.0003190363811407,24092.31244958385,0.991244377129838,0.010936000458377,0.1004288922837947,0.1104946774017432,test,328cfdef6953b86b56c40b28f4b9677e8e4701f5027d00daa6b1d1708b64fa63,True,0.0109394899970026,0.0165617415158647,0.01031804288162,0.0161250230340288,0.0161259264900284,0.0101680491986616,,0.0113733725544915,0.0111733174473536,0.0111309183488273
final,2026-09-01,2026-09-29,0.0767123287671232,24250.0,CE,192.7,-0.0065238132680236,24092.31244958385,0.991244377129838,0.0080165819205816,0.0995384210665894,0.1077850820707587,test,328cfdef6953b86b56c40b28f4b9677e8e4701f5027d00daa6b1d1708b64fa63,True,0.0080690515690809,0.0134794687631064,0.0072887762419046,0.0130347057995521,0.0130320994567513,0.0071552922061126,,0.0085889435682247,0.008393389918741,0.0083519678614247
final,2026-09-01,2026-09-29,0.0767123287671232,24400.0,CE,135.75,-0.0126903281836876,24092.31244958385,0.991244377129838,0.0056126669855855,0.0980293423289725,0.0996829089051426,test,328cfdef6953b86b56c40b28f4b9677e8e4701f5027d00daa6b1d1708b64fa63,True,0.0056843474338492,0.0107680006061228,0.0048606138017308,0.0103275272866785,0.01032195243881,0.0047586687997202,,0.0063191599228443,0.0061366595712583,0.0060980623453858
final,2026-09-01,2026-09-29,0.0767123287671232,24550.0,CE,93.1,-0.018819050125061,24092.31244958385,0.991244377129838,0.0038257575830542,0.0973075450913172,0.0874007555735933,test,328cfdef6953b86b56c40b28f4b9677e8e4701f5027d00daa6b1d1708b64fa63,True,0.0038984364352954,0.0084263556001598,0.0030222542107616,0.0080030893082757,0.0079966644529895,0.0029619011897802,,0.0045246926811792,0.0043619455573951,0.0043276128725198
final,2026-09-01,2026-09-29,0.0767123287671232,24700.0,CE,62.55,-0.0249104395184629,24092.31244958385,0.991244377129838,0.002554757154134,0.0972868579613653,0.0729671134965208,test,328cfdef6953b86b56c40b28f4b9677e8e4701f5027d00daa6b1d1708b64fa63,True,0.0026191965523923,0.006445147580083,0.0017248188394244,0.006051516691454,0.0060452501928209,0.0017070721772032,,0.0031501977258673,0.0030114016724237,0.0029822236309723
final,2026-09-01,2026-09-29,0.0767123287671232,24850.0,CE,42.7,-0.0309649484271691,24092.31244958385,0.991244377129838,0.0017334876230322,0.0987511761235735,0.0591160507915206,test,328cfdef6953b86b56c40b28f4b9677e8e4701f5027d00daa6b1d1708b64fa63,True,0.0017880046808497,0.0048066494360611,0.0008853259351312,0.004453441160918,0.0044454421248173,0.0009009661741189,,0.0021309812087131,0.0020176864944143,0.0019939748074318
final,2026-09-01,2026-09-29,0.0767123287671232,25000.0,CE,29.15,-0.0369830207527322,24092.31244958385,0.991244377129838,0.0011762992324618,0.1006365971690078,0.0466714012617928,test,328cfdef6953b86b56c40b28f4b9677e8e4701f5027d00daa6b1d1708b64fa63,True,0.0012206167786128,0.0034854436227515,0.0003979204712773,0.0031807331202656,0.0031719744243236,0.0004307726818312,,0.0013997479442129,0.0013111634130561,0.0012927226026855
final,2026-09-01,2026-09-29,0.0767123287671232,25250.0,CE,16.2,-0.0469333516059002,24092.31244958385,0.991244377129838,0.00064725124623,0.1052818345655974,0.0309712199187724,test,328cfdef6953b86b56c40b28f4b9677e8e4701f5027d00daa6b1d1708b64fa63,True,0.0006783530639288,0.0018997584898152,7.04660381747272e-05,0.0016840640055166,0.0016800368709642,9.861032172845882e-05,,0.0006499944793847,0.0005964555016487,0.0005854318663816
final,2026-09-01,2026-09-29,0.0767123287671232,25500.0,CE,10.2,-0.0567856480489119,24092.31244958385,0.991244377129838,0.000403533184378,0.1122558142512052,0.0214422688652937,test,328cfdef6953b86b56c40b28f4b9677e8e4701f5027d00daa6b1d1708b64fa63,True,0.0004271111883997,0.0009326341221618,5.9968914346382116e-06,0.0008008180856594,0.0008017260056985,1.6240620287097125e-05,,0.0002773796221412,0.0002485027612109,0.0002426365784489
final,2026-09-01,2026-09-29,0.0767123287671232,25800.0,CE,6.65,-0.0684816878121031,24092.31244958385,0.991244377129838,0.0002600286507862,0.122146023080221,0.0147359374818209,test,328cfdef6953b86b56c40b28f4b9677e8e4701f5027d00daa6b1d1708b64fa63,True,0.0002784597453782,0.0003350074984334,6.261623619535975e-08,0.0002779855692387,0.0002804638493763,1.2003847990617845e-06,,8.920352296055978e-05,7.730128859256315e-05,7.492980993494512e-05
final,2026-09-01,2026-09-29,0.0767123287671232,26500.0,CE,2.85,-0.095251928876708,24092.31244958385,0.991244377129838,0.000108497129762,0.1442186460097398,0.0067475719092665,test,328cfdef6953b86b56c40b28f4b9677e8e4701f5027d00daa6b1d1708b64fa63,True,0.0001193398908763,1.0811153198678246e-05,5.37160491801516e-11,9.891246866361055e-06,1.0354173531114155e-05,5.312205680972923e-10,,3.923602389151984e-06,3.087043412945364e-06,2.9298217918941223e-06
final,2026-09-01,2026-10-27,0.1534246575342465,23000.0,PE,75.0,0.0510687004928988,24205.08938996567,0.9829854422970316,0.0557125030325309,0.1190932026422763,0.0836368454422296,test,328cfdef6953b86b56c40b28f4b9677e8e4701f5027d00daa6b1d1708b64fa63,True,0.0529387662695191,0.0581327946721599,0.0543234367057028,0.057529098538965,0.0575286027586929,0.0540388262604778,,0.0519085664532575,0.051679994879766,0.0516133617519088
final,2026-09-01,2026-10-27,0.1534246575342465,23400.0,PE,129.95,0.0338268940583927,24205.08938996567,0.9829854422970316,0.0400550727693256,0.1120681934303378,0.1141454023681838,test,328cfdef6953b86b56c40b28f4b9677e8e4701f5027d00daa6b1d1708b64fa63,True,0.0387227945206753,0.0456051375672875,0.0408913947681599,0.044867532156963,0.044875847945768,0.0405155973747913,,0.0380229638706987,0.0376651717453271,0.0375589130585825
final,2026-09-01,2026-10-27,0.1534246575342465,23800.0,PE,225.0,0.0168773357446194,24205.08938996567,0.9829854422970316,0.0266379802232476,0.1064335681675017,0.1427282459895665,test,328cfdef6953b86b56c40b28f4b9677e8e4701f5027d00daa6b1d1708b64fa63,True,0.0261921746744762,0.0344471174994833,0.0290105003529299,0.033605493689593,0.0336213483149876,0.0285709392175922,,0.0261059694521714,0.0256388943911362,0.0254986632926551
final,2026-09-01,2026-10-27,0.1534246575342465,24050.0,PE,309.9,0.0064279198702782,24205.08938996567,0.9829854422970316,0.0195573167911488,0.1028875105905142,0.1537621366399923,test,328cfdef6953b86b56c40b28f4b9677e8e4701f5027d00daa6b1d1708b64fa63,True,0.0194320070977352,0.028264922713172,0.0225528752348572,0.0273853159979324,0.027400843869753,0.0221027603016862,,0.0198845009798342,0.0193793566255725,0.0192272282592115
final,2026-09-01,2026-10-27,0.1534246575342465,24200.0,PE,373.95,0.0002102832594078,24205.08938996567,0.9829854422970316,0.0159302526595629,0.1012664343234582,0.1562141857431199,test,328cfdef6953b86b56c40b28f4b9677e8e4701f5027d00daa6b1d1708b64fa63,True,0.015926903146296,0.0248692298355562,0.0190787419865022,0.0239797794317279,0.0239928376265164,0.0186367601664902,,0.0166396822558709,0.0161266454655737,0.0159720596123576
final,2026-09-01,2026-10-27,0.1534246575342465,24350.0,CE,305.85,-0.0059689331065503,24205.08938996567,0.9829854422970316,0.0127779867414046,0.0999622723358562,0.1548902830627483,test,328cfdef6953b86b56c40b28f4b9677e8e4701f5027d00daa6b1d1708b64fa63,True,0.0128544857711696,0.0217164783127711,0.0159211015776888,0.0208280190104426,0.0208378908724848,0.0154990676353179,,0.0137638072990902,0.0132546528748928,0.0131013058157193
final,2026-09-01,2026-10-27,0.1534246575342465,24500.0,CE,242.5,-0.0121102011286328,24205.08938996567,0.9829854422970316,0.010069283590349,0.098784823787285,0.1496702158050125,test,328cfdef6953b86b56c40b28f4b9677e8e4701f5027d00daa6b1d1708b64fa63,True,0.0101919659947969,0.018810574012242,0.0130880974806651,0.0179344894797263,0.0179398587225269,0.0126977417306531,,0.0112497452278857,0.0107557724362881,0.0106072064242821
final,2026-09-01,2026-10-27,0.1534246575342465,24650.0,CE,187.8,-0.0182139840666505,24205.08938996567,0.9829854422970316,0.0077505331511352,0.097448431666392,0.1406983535663644,test,328cfdef6953b86b56c40b28f4b9677e8e4701f5027d00daa6b1d1708b64fa63,True,0.0078929946961767,0.0161531225296255,0.0105826975277658,0.0153009531871731,0.0153014243506937,0.010234762554389,,0.0090828449792996,0.0086141507421249,0.0084735169561966
final,2026-09-01,2026-10-27,0.1534246575342465,24900.0,CE,119.45,-0.0283048870486134,24205.08938996567,0.9829854422970316,0.0048802236010841,0.0963507949884774,0.1196142333853745,test,328cfdef6953b86b56c40b28f4b9677e8e4701f5027d00daa6b1d1708b64fa63,True,0.0050203312910453,0.0122727168107634,0.0071248846347202,0.0114850734617584,0.0114811461421525,0.006865867632633,,0.0061831084728395,0.0057739762624558,0.0056519413024634
final,2026-09-01,2026-10-27,0.1534246575342465,25100.0,CE,81.65,-0.0363049297156897,24205.08938996567,0.9829854422970316,0.0033092942253622,0.0962651287035865,0.10008292698372,test,328cfdef6953b86b56c40b28f4b9677e8e4701f5027d00daa6b1d1708b64fa63,True,0.0034316454576294,0.0096503594772897,0.0049747639231277,0.0089340330094834,0.0089294244120256,0.0047950332442529,,0.0044300522782906,0.0040783321638778,0.0039741065287465
final,2026-09-01,2026-10-27,0.1534246575342465,25600.0,CE,31.75,-0.0560294350634682,24205.08938996567,0.9829854422970316,0.0012617016708831,0.0991931510283355,0.0568027055128341,test,328cfdef6953b86b56c40b28f4b9677e8e4701f5027d00daa6b1d1708b64fa63,True,0.0013344120426176,0.004821887234556,0.0016463904999283,0.0043326096408172,0.0043319450822298,0.0016367137724715,,0.0017370218257837,0.0015314286169201,0.0014718976342031
final,2026-09-01,2026-10-27,0.1534246575342465,27000.0,CE,6.95,-0.1092739495822806,24205.08938996567,0.9829854422970316,0.0002618628886363,0.1291425678860906,0.0159996683203153,test,328cfdef6953b86b56c40b28f4b9677e8e4701f5027d00daa6b1d1708b64fa63,True,0.0002920996439745,0.0002510871553912,4.31233941690964e-06,0.0002243716631736,0.0002279329014522,1.5474579028408033e-05,,5.7086596948727024e-05,4.2035970239130086e-05,3.814362991727202e-05
final,2026-09-01,2026-11-23,0.2273972602739726,23500.0,PE,197.75,0.034610141506257,24327.576995257183,0.975896194213236,0.0438387766820484,0.1129778532505855,0.1520592567593788,test,328cfdef6953b86b56c40b28f4b9677e8e4701f5027d00daa6b1d1708b64fa63,True,0.0423474665080284,0.0516339813234214,0.0471386697588586,0.0505416057969744,0.050547686861714,0.0464782294208654,,0.0416743137327456,0.0407938484905279,0.0410242834564038
final,2026-09-01,2026-11-23,0.2273972602739726,24000.0,PE,339.7,0.0135567323084246,24327.576995257183,0.975896194213236,0.0281528040112095,0.1076326643933144,0.1824175501163961,test,328cfdef6953b86b56c40b28f4b9677e8e4701f5027d00daa6b1d1708b64fa63,True,0.0277737193638624,0.0384993163560593,0.0334877985207338,0.0373201824025134,0.0373376072150503,0.0327884482047867,,0.0279344110113476,0.0268472449771346,0.0271341996133817
final,2026-09-01,2026-11-23,0.2273972602739726,24200.0,PE,417.4,0.0052579294937297,24327.576995257183,0.975896194213236,0.0229457198416701,0.1059161632377486,0.188655367800404,test,328cfdef6953b86b56c40b28f4b9677e8e4701f5027d00daa6b1d1708b64fa63,True,0.0228253894860418,0.0338062934227474,0.028681390524178,0.0326179905833481,0.0326392073583899,0.0279928341344244,,0.0233154162780314,0.0221895236559448,0.0224870871321337
final,2026-09-01,2026-11-23,0.2273972602739726,24400.0,CE,431.25,-0.0029725696427858,24327.576995257183,0.975896194213236,0.0181107175462629,0.1029750682129114,0.1901172518288379,test,328cfdef6953b86b56c40b28f4b9677e8e4701f5027d00daa6b1d1708b64fa63,True,0.0181646330094841,0.0294505116443085,0.0242767014166979,0.0282696824013629,0.0282908920189466,0.0236157893323101,,0.019217630848994,0.0180828855876583,0.0183828357480071
final,2026-09-01,2026-11-23,0.2273972602739726,24550.0,CE,362.85,-0.0091012915841592,24327.576995257183,0.975896194213236,0.0151450951656934,0.1021252986488915,0.18774400294267,test,328cfdef6953b86b56c40b28f4b9677e8e4701f5027d00daa6b1d1708b64fa63,True,0.0152835642608493,0.0264093277053564,0.0212442601982775,0.0252454073572525,0.0252647031636553,0.0206151133693768,,0.0164840875364706,0.0153623814575944,0.0156587021439554
final,2026-09-01,2026-11-23,0.2273972602739726,24800.0,CE,258.65,-0.0192330905145661,24327.576995257183,0.975896194213236,0.0106870336678371,0.0991872938522652,0.1767879359748899,test,328cfdef6953b86b56c40b28f4b9677e8e4701f5027d00daa6b1d1708b64fa63,True,0.0108945677168766,0.021775153905616,0.0167145774381694,0.0206608758421028,0.0206745692048276,0.0161578892562208,,0.0125550203184221,0.0114897881870771,0.0117705171697061
final,2026-09-01,2026-11-23,0.2273972602739726,25500.0,CE,91.85,-0.0470678895080101,24327.576995257183,0.975896194213236,0.0036909261514413,0.0974647910389291,0.1166016335546164,test,328cfdef6953b86b56c40b28f4b9677e8e4701f5027d00daa6b1d1708b64fa63,True,0.0038688035754691,0.0116509264836618,0.0074496085958508,0.010798943919508,0.0108014475219508,0.0071791890460612,,0.0052266380679343,0.0044764687540266,0.0046711322517099
final,2026-09-02,2026-09-15,0.0356164383561643,23200.0,PE,23.3,0.031786176032989,23949.284644501065,0.997612372326685,0.0333034659211897,0.1256782098419619,0.0301860471321593,test,cd5ce2d2aec05a9c97aafa726a72fd91a7bc16412fc7277c1ac183b92b3cc73c,True,0.0322615235002021,0.033416880996467,0.0314283119832801,0.0333666643337329,0.0333688355374184,0.0314477219362331,,0.0317026771389203,0.0317462627996179,0.0317057094333774
final,2026-09-02,2026-09-15,0.0356164383561643,23500.0,PE,52.95,0.0189380335551399,23949.284644501065,0.997612372326685,0.021377079658058,0.1139474520119848,0.0506045105680935,test,cd5ce2d2aec05a9c97aafa726a72fd91a7bc16412fc7277c1ac183b92b3cc73c,True,0.0209760491564289,0.0231617939380317,0.0194800705034617,0.0230652643635353,0.0230595875317747,0.0195266533865594,,0.0204617326263731,0.0205631922415684,0.0204689075495092
final,2026-09-02,2026-09-15,0.0356164383561643,23650.0,PE,79.7,0.0125753397673113,23949.284644501065,0.997612372326685,0.0160327862099403,0.1082087590618882,0.0618928571118751,test,cd5ce2d2aec05a9c97aafa726a72fd91a7bc16412fc7277c1ac183b92b3cc73c,True,0.0158324308844084,0.0186100728581364,0.0139863022175187,0.0184874787825249,0.0184812835767938,0.0140488519494849,,0.0155359510461989,0.0156676927681393,0.0155453141961178
final,2026-09-02,2026-09-15,0.0356164383561643,23800.0,PE,122.45,0.0062528740278242,23949.284644501065,0.997612372326685,0.0114297356823167,0.1046086305287676,0.0713793900334341,test,cd5ce2d2aec05a9c97aafa726a72fd91a7bc16412fc7277c1ac183b92b3cc73c,True,0.0113584899623128,0.0145312221674648,0.0091206826183664,0.0143843286061253,0.0143773956227275,0.0091972565933547,,0.011270556533857,0.0114245918291003,0.0112815366766674
final,2026-09-02,2026-09-15,0.0356164383561643,23950.0,CE,183.5,-2.9869151670964692e-05,23949.284644501065,0.997612372326685,0.007680132704478,0.1022091548475894,0.0752871879854662,test,cd5ce2d2aec05a9c97aafa726a72fd91a7bc16412fc7277c1ac183b92b3cc73c,True,0.0076803621069526,0.0109789034467184,0.0051793589357791,0.0108131320957203,0.010806104676141,0.0052662210770436,,0.0077682089007752,0.0079307016083056,0.0077798032050682
final,2026-09-02,2026-09-15,0.0356164383561643,24100.0,CE,114.8,-0.0062733857913559,23949.284644501065,0.997612372326685,0.0047748861274332,0.0997969107460054,0.0714473719713726,test,cd5ce2d2aec05a9c97aafa726a72fd91a7bc16412fc7277c1ac183b92b3cc73c,True,0.004804934985712,0.0079870804394706,0.0024024891513134,0.0078114170368844,0.0078069816214976,0.0024941038348796,,0.0050611412808319,0.0052160931081489,0.0050721866863401
final,2026-09-02,2026-09-15,0.0356164383561643,24250.0,CE,68.4,-0.0124781626782388,23949.284644501065,0.997612372326685,0.0028273692617931,0.0994533287274716,0.0607363850465555,test,cd5ce2d2aec05a9c97aafa726a72fd91a7bc16412fc7277c1ac183b92b3cc73c,True,0.0028628706709294,0.0055636735919784,0.0008226654795585,0.0053896288809935,0.0053891312479865,0.0009064817801437,,0.0031031267819167,0.0032369477514159,0.0031126382858687
final,2026-09-02,2026-09-15,0.0356164383561643,24400.0,CE,38.95,-0.0186446775939028,23949.284644501065,0.997612372326685,0.0016001319948416,0.1001374861640841,0.0467095647483534,test,cd5ce2d2aec05a9c97aafa726a72fd91a7bc16412fc7277c1ac183b92b3cc73c,True,0.0016302457987236,0.0036872122402474,0.0001753959114478,0.0035268883686408,0.0035301862918215,0.0002310995547349,,0.0017838438118256,0.0018887050816811,0.0017912613336395
final,2026-09-02,2026-09-15,0.0356164383561643,24550.0,CE,20.3,-0.0247733995352762,23949.284644501065,0.997612372326685,0.0008288629264475,0.1000915783102916,0.0322555584172358,test,cd5ce2d2aec05a9c97aafa726a72fd91a7bc16412fc7277c1ac183b92b3cc73c,True,0.0008496531377173,0.0023077362058157,1.7082795040630414e-05,0.0021714165508991,0.0021757499148668,3.791411623608673e-05,,0.0009585407731753,0.001033228998006,0.0009637888951405
final,2026-09-02,2026-09-15,0.0356164383561643,24700.0,CE,11.3,-0.0308647889286782,23949.284644501065,0.997612372326685,0.0004585848083214,0.1030378041847108,0.0216947220023939,test,cd5ce2d2aec05a9c97aafa726a72fd91a7bc16412fc7277c1ac183b92b3cc73c,True,0.0004729596283845,0.0013523280579143,4.173939859238615e-07,0.0012463116983098,0.0012496093609196,3.7935981274724462e-06,,0.000480326530917,0.000528766296638,0.0004837014244487
final,2026-09-02,2026-09-15,0.0356164383561643,24900.0,CE,6.25,-0.0389293487654085,23949.284644501065,0.997612372326685,0.0002516047545389,0.1109039859322822,0.0136129020127609,test,cd5ce2d2aec05a9c97aafa726a72fd91a7bc16412fc7277c1ac183b92b3cc73c,True,0.0002615927148144,0.0005880084726633,5.683155497398279e-11,0.0005233482435791,0.0005266841713404,8.154535381280992e-08,,0.0001709867524586,0.0001945629581043,0.0001726062178405
final,2026-09-02,2026-09-15,0.0356164383561643,25300.0,CE,2.75,-0.0548659410282212,23949.284644501065,0.997612372326685,0.0001089557980525,0.1306279445072299,0.0065020410567045,test,cd5ce2d2aec05a9c97aafa726a72fd91a7bc16412fc7277c1ac183b92b3cc73c,True,0.0001151007945183,6.514824853256877e-05,-2.157830597070868e-16,5.324021525245602e-05,5.508412770005232e-05,4.071183341006329e-12,,1.4643605632106043e-05,1.811843197389298e-05,1.487338693990101e-05
final,2026-09-02,2026-09-22,0.0547945205479452,23300.0,PE,50.25,0.028746864947258,23979.52222531031,0.9953257304656808,0.031330824481218,0.1181419235570258,0.0536242553291179,test,cd5ce2d2aec05a9c97aafa726a72fd91a7bc16412fc7277c1ac183b92b3cc73c,True,0.0304429839574475,0.0329239276586952,0.029360600566556,0.0327649428636254,0.0327659415347874,0.0293816269427512,,0.0297384045321301,0.0298086679951143,0.0297359878937213
final,2026-09-02,2026-09-22,0.0547945205479452,23600.0,PE,100.25,0.0159535134873484,23979.52222531031,0.9953257304656808,0.0203492805703059,0.1103573397305378,0.0765525444377643,test,cd5ce2d2aec05a9c97aafa726a72fd91a7bc16412fc7277c1ac183b92b3cc73c,True,0.0200272139264027,0.0235721320036518,0.0185356733015478,0.0233465645120204,0.0233514410993866,0.0185547659433592,,0.0195474447312185,0.0196611946132376,0.0195435041785828
final,2026-09-02,2026-09-22,0.0547945205479452,23800.0,PE,157.75,0.0075146448414838,23979.52222531031,0.9953257304656808,0.0142022291665161,0.1064762045669484,0.088894307080555,test,cd5ce2d2aec05a9c97aafa726a72fd91a7bc16412fc7277c1ac183b92b3cc73c,True,0.0140959044549399,0.0181387821394636,0.0123257823209124,0.0178739354970279,0.0178752442287073,0.0123423185118615,,0.0138775347908642,0.0140122072753881,0.0138728578126023
final,2026-09-02,2026-09-22,0.0547945205479452,23950.0,PE,216.8,0.0012319016619887,23979.52222531031,0.9953257304656808,0.0103273639252359,0.1037939831663108,0.0932010566560076,test,cd5ce2d2aec05a9c97aafa726a72fd91a7bc16412fc7277c1ac183b92b3cc73c,True,0.0103146494615448,0.0145442962000261,0.0084215181480925,0.0142575630981439,0.0142543467544881,0.0084402003046102,,0.0103354404557782,0.0104768508854746,0.0103305260894007
final,2026-09-02,2026-09-22,0.0547945205479452,24100.0,CE,171.15,-0.0050116149776963,23979.52222531031,0.9953257304656808,0.0071350107142459,0.101174048393259,0.0915403732543308,test,cd5ce2d2aec05a9c97aafa726a72fd91a7bc16412fc7277c1ac183b92b3cc73c,True,0.0071708583931597,0.0113886697466069,0.0052870736594513,0.0110897084176596,0.0110845053661101,0.0053147402059708,,0.0074312674911292,0.0075703645179427,0.0074264349531099
final,2026-09-02,2026-09-22,0.0547945205479452,24250.0,CE,115.4,-0.0112163918645793,23979.52222531031,0.9953257304656808,0.0047811110884991,0.1003100564669827,0.0837790332496276,test,cd5ce2d2aec05a9c97aafa726a72fd91a7bc16412fc7277c1ac183b92b3cc73c,True,0.0048350397813066,0.0086832070991795,0.0029740883509437,0.0083838428670882,0.0083782807891522,0.0030168807245899,,0.0051468742747809,0.0052752003338022,0.0051424215771488
final,2026-09-02,2026-09-22,0.0547945205479452,24400.0,CE,72.4,-0.0173829067802433,23979.52222531031,0.9953257304656808,0.0029811478031074,0.0985472090503256,0.0709122854962741,test,cd5ce2d2aec05a9c97aafa726a72fd91a7bc16412fc7277c1ac183b92b3cc73c,True,0.003033421838532,0.0064251205164723,0.0014480895162475,0.0061381902976838,0.0061338268202212,0.0015053649418711,,0.0034271482850622,0.0035383183136398,0.003423299409721
final,2026-09-02,2026-09-22,0.0547945205479452,24600.0,CE,39.2,-0.0255462174194041,23979.52222531031,0.9953257304656808,0.0016009793439317,0.099759982192368,0.0519906693559892,test,cd5ce2d2aec05a9c97aafa726a72fd91a7bc16412fc7277c1ac183b92b3cc73c,True,0.0016424051943432,0.0040776176463727,0.0004060090910456,0.0038261061085742,0.0038230796043206,0.0004644285426927,,0.0018692416915799,0.0019526578561242,0.0018663663968432
final,2026-09-02,2026-09-29,0.073972602739726,19500.0,PE,3.35,0.2078491285204387,24005.03485785951,0.9929402463914808,0.2312004449325956,0.3034137197962124,0.0040962411933408,test,cd5ce2d2aec05a9c97aafa726a72fd91a7bc16412fc7277c1ac183b92b3cc73c,True,0.1878109614454282,0.1876714920919121,0.187670417050363,0.1876715460105139,0.1876713898444089,0.1876704186645139,,0.1876704151664467,0.1876704151664471,0.187670415166447
final,2026-09-02,2026-09-29,0.073972602739726,21650.0,PE,9.45,0.1032581396416408,24005.03485785951,0.9929402463914808,0.1092171846128851,0.188390160523841,0.0135203651816899,test,cd5ce2d2aec05a9c97aafa726a72fd91a7bc16412fc7277c1ac183b92b3cc73c,True,0.0985023375666868,0.0984033595999342,0.098119144814022,0.0983867017788809,0.0983882041216663,0.0981207430185118,,0.0981067691205728,0.0981069483135606,0.098106900217851
final,2026-09-02,2026-09-29,0.073972602739726,22050.0,PE,12.5,0.0849509921972848,24005.03485785951,0.9929402463914808,0.0892346363814348,0.1672721249083518,0.0181866007080635,test,cd5ce2d2aec05a9c97aafa726a72fd91a7bc16412fc7277c1ac183b92b3cc73c,True,0.0819671266407853,0.0821347792182844,0.0814959613355168,0.082094359002581,0.0821000055168102,0.0814993977084486,,0.0814533151967316,0.0814548140388349,0.0814544187907256
final,2026-09-02,2026-09-29,0.073972602739726,22500.0,PE,19.65,0.0647482848797653,24005.03485785951,0.9929402463914808,0.0677699808150881,0.1457638839226144,0.0276748257271656,test,cd5ce2d2aec05a9c97aafa726a72fd91a7bc16412fc7277c1ac183b92b3cc73c,True,0.0635210312073443,0.0643512132695671,0.0629237426627399,0.0642581390949856,0.0642653307195465,0.0629287355081749,,0.0628026526180717,0.0628123440102822,0.0628098280713472
final,2026-09-02,2026-09-29,0.073972602739726,22700.0,PE,25.15,0.0558986696027827,24005.03485785951,0.9929402463914808,0.0586063292094263,0.1368194202772428,0.0341379927662484,test,cd5ce2d2aec05a9c97aafa726a72fd91a7bc16412fc7277c1ac183b92b3cc73c,True,0.0554201933440809,0.0567374494612296,0.0547801905355986,0.0566096476351327,0.0566144338852116,0.0547840353293986,,0.0546187747615564,0.0546375226203652,0.0546326825669493
final,2026-09-02,2026-09-29,0.073972602739726,23000.0,PE,41.05,0.04276937816099,24005.03485785951,0.9929402463914808,0.045494640053418,0.1263789406699184,0.0489657550045122,test,cd5ce2d2aec05a9c97aafa726a72fd91a7bc16412fc7277c1ac183b92b3cc73c,True,0.0435898855146223,0.0458141223292325,0.0428421640428621,0.0456210173901036,0.0456211217498596,0.0428388045685773,,0.042668041936882,0.0427098422164837,0.0426991236540439
final,2026-09-02,2026-09-29,0.073972602739726,23250.0,PE,63.45,0.0319584620567743,24005.03485785951,0.9929402463914808,0.0352230530781003,0.1181467258884336,0.0651119793228481,test,cd5ce2d2aec05a9c97aafa726a72fd91a7bc16412fc7277c1ac183b92b3cc73c,True,0.0341151757918694,0.0373102264257425,0.0333399764390927,0.0370536765980858,0.0370558852191703,0.033323317247666,,0.0332715622118072,0.0333405734983548,0.0333229522152351
final,2026-09-02,2026-09-29,0.073972602739726,23450.0,PE,94.0,0.0233930991978514,24005.03485785951,0.9929402463914808,0.0277058930908312,0.1134458954870436,0.0804442291904324,test,cd5ce2d2aec05a9c97aafa726a72fd91a7bc16412fc7277c1ac183b92b3cc73c,True,0.0270652884624856,0.0310005821236373,0.0262116816485687,0.0306916299951756,0.0307006961291697,0.0261800243704393,,0.0263496317388192,0.0264423546216343,0.0264187377439204
final,2026-09-02,2026-09-29,0.073972602739726,23600.0,PE,125.9,0.0170168820585754,24005.03485785951,0.9929402463914808,0.0225351695052572,0.1102188781893003,0.0915647709631983,test,cd5ce2d2aec05a9c97aafa726a72fd91a7bc16412fc7277c1ac183b92b3cc73c,True,0.0221549355571938,0.0266038115283233,0.0212504694499107,0.0262576040049697,0.0262703822408816,0.0212070072851761,,0.0216200822396396,0.0217290431206417,0.0217013279493835
final,2026-09-02,2026-09-29,0.073972602739726,23750.0,PE,168.85,0.0106810636094895,24005.03485785951,0.9929402463914808,0.0178983314776649,0.1077838010393468,0.1009838915955997,test,cd5ce2d2aec05a9c97aafa726a72fd91a7bc16412fc7277c1ac183b92b3cc73c,True,0.0177081756019764,0.0225262623934094,0.0167064001086885,0.0221471760305702,0.0221577660420872,0.0166534895979325,,0.0173595907067423,0.0174813315529096,0.0174503942722223
final,2026-09-02,2026-09-29,0.073972602739726,23900.0,PE,222.5,0.0043851351526747,24005.03485785951,0.9929402463914808,0.013770578297472,0.1051982572739073,0.1069912164569902,test,cd5ce2d2aec05a9c97aafa726a72fd91a7bc16412fc7277c1ac183b92b3cc73c,True,0.0137103246572384,0.0187926912311917,0.0126575897711731,0.0183876268277347,0.0183921185051402,0.0126009468508971,,0.0136168305026286,0.0137462782551871,0.0137133988899296
final,2026-09-02,2026-09-29,0.073972602739726,24050.0,CE,247.8,-0.0018714024616304,24005.03485785951,0.9929402463914808,0.010376791897578,0.1041245477921249,0.1083577857782018,test,cd5ce2d2aec05a9c97aafa726a72fd91a7bc16412fc7277c1ac183b92b3cc73c,True,0.0103962292333452,0.0154227117823005,0.0091722300695465,0.015000990393272,0.0150002984715485,0.0091207735366937,,0.0104178765358212,0.0105489897359739,0.0105156901098514
final,2026-09-02,2026-09-29,0.073972602739726,24200.0,CE,178.0,-0.0080890390725009,24005.03485785951,0.9929402463914808,0.0074076682132254,0.1014993553717083,0.1043556959510079,test,cd5ce2d2aec05a9c97aafa726a72fd91a7bc16412fc7277c1ac183b92b3cc73c,True,0.0074678321369469,0.0124293084035504,0.0062975573879204,0.0120022740412381,0.0119985882767375,0.0062618072448902,,0.00776297579784,0.0078895905333924,0.0078574229211421
final,2026-09-02,2026-09-29,0.073972602739726,24350.0,CE,124.15,-0.0142682554384589,24005.03485785951,0.9929402463914808,0.0051348131439588,0.0999554671617888,0.0952112873474688,test,cd5ce2d2aec05a9c97aafa726a72fd91a7bc16412fc7277c1ac183b92b3cc73c,True,0.0052086031449548,0.0098175818494125,0.0040488522052321,0.0093978947548719,0.0093918002646212,0.0040377855269838,,0.0056269741839382,0.0057436528636241,0.0057139880290194
final,2026-09-02,2026-09-29,0.073972602739726,24500.0,CE,83.8,-0.0204095234605415,24005.03485785951,0.9929402463914808,0.0034447270877534,0.0989623643293298,0.0822208899699313,test,cd5ce2d2aec05a9c97aafa726a72fd91a7bc16412fc7277c1ac183b92b3cc73c,True,0.0035157546802031,0.0075838801251454,0.0024014195483398,0.0071845332892083,0.0071785203430484,0.0024185855283458,,0.0039631955774659,0.0040658891270524,0.0040397506525546
final,2026-09-02,2026-09-29,0.073972602739726,24650.0,CE,55.35,-0.0265133063985593,24005.03485785951,0.9929402463914808,0.0022614010396264,0.0987322181442689,0.0675269355062871,test,cd5ce2d2aec05a9c97aafa726a72fd91a7bc16412fc7277c1ac183b92b3cc73c,True,0.0023221601616854,0.0057154529641864,0.0012888752256154,0.0053486024275324,0.0053423286125544,0.0013296952590543,,0.0027098138183257,0.0027962122675226,0.0027741882268539
final,2026-09-02,2026-09-29,0.073972602739726,24800.0,CE,36.25,-0.0325800590807967,24005.03485785951,0.9929402463914808,0.0014720861136399,0.0993141744136996,0.0532806640138702,test,cd5ce2d2aec05a9c97aafa726a72fd91a7bc16412fc7277c1ac183b92b3cc73c,True,0.0015208366009231,0.0041907319288818,0.000610320028726,0.0038664877949262,0.0038583678898973,0.0006628013470769,,0.0017973230141681,0.0018668636284561,0.0018491034469643
final,2026-09-02,2026-09-29,0.073972602739726,24950.0,CE,25.35,-0.0386102281073878,24005.03485785951,0.9929402463914808,0.0010232559993621,0.1021804483665901,0.0421360702737044,test,cd5ce2d2aec05a9c97aafa726a72fd91a7bc16412fc7277c1ac183b92b3cc73c,True,0.0010635367678179,0.0029802793930781,0.0002464580623311,0.0027056449060518,0.0026977388266437,0.000296078695117,,0.0011556864146385,0.0012092773990088,0.0011955597792769
final,2026-09-02,2026-09-29,0.073972602739726,25200.0,CE,14.05,-0.0485804004272378,24005.03485785951,0.9929402463914808,0.0005615037607407,0.1070763988240635,0.0276500927564191,test,cd5ce2d2aec05a9c97aafa726a72fd91a7bc16412fc7277c1ac183b92b3cc73c,True,0.0005894552894611,0.0015622446958917,3.336368638593226e-05,0.0013753561084244,0.0013728154283427,5.906018914926363e-05,,0.0005160853749556,0.000547670926108,0.0005395491243435
final,2026-09-02,2026-09-29,0.073972602739726,25400.0,CE,9.6,-0.056485579934351,24005.03485785951,0.9929402463914808,0.0003806399803805,0.1126486133459495,0.0203973787697289,test,cd5ce2d2aec05a9c97aafa726a72fd91a7bc16412fc7277c1ac183b92b3cc73c,True,0.0004027594860375,0.0008588228368826,3.5476255316104627e-06,0.0007363135131507,0.0007373185145309,1.258239505868078e-05,,0.0002540068572996,0.0002730513992596,0.0002681330602623
final,2026-09-02,2026-09-29,0.073972602739726,26000.0,CE,4.75,-0.0798329439313423,24005.03485785951,0.9929402463914808,0.0001839912405164,0.1348523578235606,0.0105659559327244,test,cd5ce2d2aec05a9c97aafa726a72fd91a7bc16412fc7277c1ac183b92b3cc73c,True,0.0001992820373622,7.957019688066211e-05,3.6537463094890696e-11,6.532778793938085e-05,6.684351038601567e-05,3.2113326626095774e-08,,2.146846426318797e-05,2.4199721141864895e-05,2.348261002964834e-05
final,2026-09-02,2026-09-29,0.073972602739726,26500.0,CE,2.65,-0.0988811389020367,24005.03485785951,0.9929402463914808,0.000100710994809,0.1504371756536585,0.0061459729544691,test,cd5ce2d2aec05a9c97aafa726a72fd91a7bc16412fc7277c1ac183b92b3cc73c,True,0.0001111783997916,4.0243412793278645e-06,-5.413659133406437e-11,4.031811222118494e-06,4.262964096817984e-06,6.066745740102686e-11,,1.8508894824310871e-06,2.192122788804605e-06,2.1009480462990684e-06
final,2026-09-02,2026-10-27,0.1506849315068493,23000.0,PE,89.9,0.0473470741373188,24115.17450992696,0.9820121480100537,0.0524661408234167,0.1213643116292074,0.0912468485918989,test,cd5ce2d2aec05a9c97aafa726a72fd91a7bc16412fc7277c1ac183b92b3cc73c,True,0.0500399131858589,0.0551498916659294,0.0511558663662039,0.0545320772347679,0.0545328660166961,0.050907204811429,,0.0487199545997685,0.0486993354320629,0.0486791464802276
final,2026-09-02,2026-10-27,0.1506849315068493,23300.0,PE,132.05,0.0343879294948136,24115.17450992696,0.9820121480100537,0.0407572238149296,0.1151830587001909,0.1132201111454202,test,cd5ce2d2aec05a9c97aafa726a72fd91a7bc16412fc7277c1ac183b92b3cc73c,True,0.0393794917178368,0.0457776125124471,0.0410941853115109,0.045059831012061,0.0450677310477286,0.0407870836446494,,0.0383444690346852,0.0383160380443104,0.0382881564208716
final,2026-09-02,2026-10-27,0.1506849315068493,23700.0,PE,226.9,0.0173662419253831,24115.17450992696,0.9820121480100537,0.0272671187654222,0.1094703844606497,0.1411918558121143,test,cd5ce2d2aec05a9c97aafa726a72fd91a7bc16412fc7277c1ac183b92b3cc73c,True,0.0267976793812745,0.0345075724921378,0.0290734507861628,0.033683293156736,0.0336992097230747,0.0287107200885079,,0.0262809125073555,0.0262436573413467,0.0262070742017921
final,2026-09-02,2026-10-27,0.1506849315068493,23850.0,PE,277.0,0.0110570727321183,24115.17450992696,0.9820121480100537,0.0229454261448914,0.107919725512758,0.1487035487134006,test,cd5ce2d2aec05a9c97aafa726a72fd91a7bc16412fc7277c1ac183b92b3cc73c,True,0.0226931143844879,0.0306840367750402,0.025054813424068,0.029832769368199,0.0298489344992382,0.0246837276946984,,0.0223780873010851,0.0223386686915267,0.0222999508197471
final,2026-09-02,2026-10-27,0.1506849315068493,24000.0,PE,333.45,0.0047874597185228,24115.17450992696,0.9820121480100537,0.0189471844787541,0.1058889756647254,0.1534150415884239,test,cd5ce2d2aec05a9c97aafa726a72fd91a7bc16412fc7277c1ac183b92b3cc73c,True,0.0188566923827529,0.0270957243803469,0.0213343000875608,0.026226651850351,0.0262414103738342,0.0209641174544445,,0.0188430061952643,0.0188022790601357,0.0187622700199155
final,2026-09-02,2026-10-27,0.1506849315068493,24150.0,CE,366.5,-0.0014430900321131,24115.17450992696,0.9820121480100537,0.015453967109883,0.1044641430387234,0.1548438889230154,test,cd5ce2d2aec05a9c97aafa726a72fd91a7bc16412fc7277c1ac183b92b3cc73c,True,0.0154762846750307,0.0237503160287012,0.0179280329523282,0.02287373709842,0.0228856207998754,0.0175690696331765,,0.0156830986754949,0.0156419906937219,0.0156016062717172
final,2026-09-02,2026-10-27,0.1506849315068493,24300.0,CE,296.5,-0.0076350602800342,24115.17450992696,0.9820121480100537,0.0124251478102998,0.1033320097263236,0.1526328499525729,test,cd5ce2d2aec05a9c97aafa726a72fd91a7bc16412fc7277c1ac183b92b3cc73c,True,0.0125203776429648,0.0206534790741118,0.0148480553785221,0.01978052590696,0.0197888597476232,0.014511066564468,,0.0128971955338881,0.0128566432043062,0.0128168079810676
final,2026-09-02,2026-10-27,0.1506849315068493,24450.0,CE,232.85,-0.0137889258544124,24115.17450992696,0.9820121480100537,0.0096979629037293,0.1014245984277138,0.1466289362912762,test,cd5ce2d2aec05a9c97aafa726a72fd91a7bc16412fc7277c1ac183b92b3cc73c,True,0.0098326136059506,0.0178086224020898,0.0121014638968873,0.0169509022813164,0.0169543595641284,0.0117968554464929,,0.0104757639312186,0.0104366495718878,0.0103982344157422
final,2026-09-02,2026-10-27,0.1506849315068493,24600.0,CE,181.55,-0.0199051528718485,24115.17450992696,0.9820121480100537,0.0075152647711822,0.1004785584862157,0.1372871965024506,test,cd5ce2d2aec05a9c97aafa726a72fd91a7bc16412fc7277c1ac183b92b3cc73c,True,0.0076663560238794,0.0152166973144384,0.0096896811905233,0.0143858703611716,0.0143847025756382,0.0094266137123972,,0.0084016873341123,0.0083647839077917,0.0083285512572814
final,2026-09-02,2026-10-27,0.1506849315068493,24900.0,CE,102.05,-0.0320265134041934,24115.17450992696,0.9820121480100537,0.0041734652494902,0.0979663344169111,0.1103597026784533,test,cd5ce2d2aec05a9c97aafa726a72fd91a7bc16412fc7277c1ac183b92b3cc73c,True,0.0043092901803189,0.0107823866008955,0.0058451059209213,0.0100381833244583,0.0100335683471362,0.0056832027550872,,0.0051968653823893,0.0051660721612742,0.0051358669150117
final,2026-09-02,2026-10-27,0.1506849315068493,25500.0,CE,32.15,-0.0558371620979119,24115.17450992696,0.9820121480100537,0.0012838785307089,0.1002404983052871,0.0568651806739311,test,cd5ce2d2aec05a9c97aafa726a72fd91a7bc16412fc7277c1ac183b92b3cc73c,True,0.0013576058725845,0.0047006089463943,0.0015541981490189,0.0042204815383715,0.0042195202481352,0.0015740117600711,,0.00169145857724,0.0016747241225449,0.0016583601416701
final,2026-09-02,2026-10-27,0.1506849315068493,26500.0,CE,10.05,-0.0943034429257079,24115.17450992696,0.9820121480100537,0.0003861920484256,0.1216857381217781,0.022121533309066,test,cd5ce2d2aec05a9c97aafa726a72fd91a7bc16412fc7277c1ac183b92b3cc73c,True,0.0004243837953179,0.0006624006626236,3.62718489640779e-05,0.0005731592478082,0.000578654320054,6.793887192212654e-05,,0.0001593802829544,0.00015631425939,0.0001533417278688
final,2026-09-02,2026-11-23,0.2246575342465753,23500.0,PE,227.65,0.0304289101131272,24226.07012634373,0.9773881692950244,0.0408079488811738,0.1145642041296301,0.1591163800799501,test,cd5ce2d2aec05a9c97aafa726a72fd91a7bc16412fc7277c1ac183b92b3cc73c,True,0.0395849097152893,0.0487008568473487,0.0440683748964324,0.0475957316655947,0.047603106000984,0.0434542496625947,,0.0386178184207591,0.0381671892269385,0.0383362801575033
final,2026-09-02,2026-11-23,0.2246575342465753,24000.0,PE,385.8,0.0093755009152949,24226.07012634373,0.9773881692950244,0.0258664829892609,0.1095945896394765,0.1851034666996892,test,cd5ce2d2aec05a9c97aafa726a72fd91a7bc16412fc7277c1ac183b92b3cc73c,True,0.0256251050419936,0.0358877514932434,0.0307903990367397,0.0347110198836292,0.0347307513166456,0.0301588624261556,,0.0254100009443692,0.02487399051771,0.025075676376144
final,2026-09-02,2026-11-23,0.2246575342465753,24150.0,PE,439.95,0.0031449511646588,24226.07012634373,0.9773881692950244,0.0217887515329921,0.1065366603199592,0.1883679125530158,test,cd5ce2d2aec05a9c97aafa726a72fd91a7bc16412fc7277c1ac183b92b3cc73c,True,0.0217203346138078,0.0324465885020377,0.0272806220304959,0.0312671534382663,0.0312884273248676,0.0266622035311738,,0.0220774253801095,0.0215315226210363,0.0217369835257509
final,2026-09-02,2026-11-23,0.2246575342465753,24350.0,CE,415.9,-0.0051025182653583,24226.07012634373,0.9773881692950244,0.0174752290564794,0.1056080745805354,0.1885324782502144,test,cd5ce2d2aec05a9c97aafa726a72fd91a7bc16412fc7277c1ac183b92b3cc73c,True,0.0175646246091955,0.0281604537080456,0.0229628426782235,0.0269924199192209,0.0270128559248074,0.0223761018528104,,0.0180971533953941,0.017550713364745,0.0177563655357438
final,2026-09-02,2026-11-23,0.2246575342465753,24550.0,CE,327.7,-0.0132825229772891,24226.07012634373,0.9773881692950244,0.0136570804297045,0.1040882307042403,0.1835199055788468,test,cd5ce2d2aec05a9c97aafa726a72fd91a7bc16412fc7277c1ac183b92b3cc73c,True,0.013839690994069,0.0242251471267427,0.0190683814165182,0.0230860431590924,0.0231028564869545,0.0185290655863724,,0.0146380654553281,0.014105201871895,0.014305645138542
final,2026-09-02,2026-11-23,0.2246575342465753,24800.0,CE,235.3,-0.0234143219076961,24226.07012634373,0.9773881692950244,0.0097074054340661,0.1021445602841245,0.1701527982375504,test,cd5ce2d2aec05a9c97aafa726a72fd91a7bc16412fc7277c1ac183b92b3cc73c,True,0.0099373795877463,0.0198029530392775,0.0148017771978991,0.0187241548893337,0.0187344535592079,0.0143413139292931,,0.011014526639941,0.0105163173141152,0.0107034951924609
final,2026-09-02,2026-11-23,0.2246575342465753,26000.0,CE,40.35,-0.0706672067582416,24226.07012634373,0.9773881692950244,0.0015878267465038,0.1035155486387081,0.0694101891830609,test,cd5ce2d2aec05a9c97aafa726a72fd91a7bc16412fc7277c1ac183b92b3cc73c,True,0.0017040937797091,0.0058506513494802,0.0028812854023471,0.0053128063788215,0.0053221356412475,0.0028737850246584,,0.0020619223804284,0.001847031045842,0.0019265837185114
final,2026-09-03,2026-09-29,0.0712328767123287,21000.0,PE,6.45,0.1335656186137915,24000.821437799634,0.9902590334470848,0.1432064230986502,0.2267862474168366,0.0087231080280264,test,6157cbff5800f56c4c8ae0c1d1a88ca260ab1ab5c768288701f007dc50eae8b0,True,0.125301331575898,0.1250853516970876,0.1250307254569691,0.1250833865096536,0.1250821568674029,0.1250308495429712,,0.1250299512500055,0.1250299513313758,0.1250299497592977
final,2026-09-03,2026-09-29,0.0712328767123287,22350.0,PE,14.5,0.0712617352776365,24000.821437799634,0.9902590334470848,0.0745174081074652,0.1514177771818532,0.0217013451546378,test,6157cbff5800f56c4c8ae0c1d1a88ca260ab1ab5c768288701f007dc50eae8b0,True,0.0693919612509118,0.0699325281670029,0.0688988586104691,0.0698689387986878,0.0698764652313852,0.0688973903974313,,0.0688264736511775,0.0688267883879899,0.0688197978090334
final,2026-09-03,2026-09-29,0.0712328767123287,22600.0,PE,18.9,0.0601381500589743,24000.821437799634,0.9902590334470848,0.062827758985037,0.1389734720110616,0.0277512389668649,test,6157cbff5800f56c4c8ae0c1d1a88ca260ab1ab5c768288701f007dc50eae8b0,True,0.0591607815066521,0.0602191147780273,0.058627670464123,0.0601201948237815,0.0601267536888436,0.0586212754224469,,0.0585131311721379,0.0585139434499847,0.058495602365627
final,2026-09-03,2026-09-29,0.0712328767123287,23100.0,PE,41.45,0.0382554388094666,24000.821437799634,0.9902590334470848,0.0408086221902271,0.1192397854804034,0.0507123371382063,test,6157cbff5800f56c4c8ae0c1d1a88ca260ab1ab5c768288701f007dc50eae8b0,True,0.0392769545424637,0.0419627678095658,0.0386843991673528,0.0417599115028237,0.0417599375938348,0.0386464706547936,,0.0385920262328559,0.0385953181734955,0.0385191463735172
final,2026-09-03,2026-09-29,0.0712328767123287,23300.0,PE,60.55,0.0296346957655597,24000.821437799634,0.9902590334470848,0.032702448721619,0.1128298463679927,0.0646356369624878,test,6157cbff5800f56c4c8ae0c1d1a88ca260ab1ab5c768288701f007dc50eae8b0,True,0.0317475406909897,0.0352843376652421,0.0311713814765188,0.0350308035081551,0.0350341377109261,0.0311093302321321,,0.0312169014894846,0.0312217235319399,0.0311093982746246
final,2026-09-03,2026-09-29,0.0712328767123287,23450.0,PE,83.05,0.0232175614449261,24000.821437799634,0.9902590334470848,0.0270656026825934,0.1093423409486157,0.0766861642308166,test,6157cbff5800f56c4c8ae0c1d1a88ca260ab1ab5c768288701f007dc50eae8b0,True,0.0264444441850321,0.0305793342642387,0.0258367149160123,0.0302872158444642,0.0302956389863631,0.0257532605903123,,0.0260629217369681,0.026068941904972,0.0259281618007497
final,2026-09-03,2026-09-29,0.0712328767123287,23600.0,PE,113.3,0.0168413443056502,24000.821437799634,0.9902590334470848,0.021832031597212,0.1059905261252169,0.0884269853265522,test,6157cbff5800f56c4c8ae0c1d1a88ca260ab1ab5c768288701f007dc50eae8b0,True,0.0214674296473345,0.0261701235782872,0.0208439918422627,0.0258412008422943,0.025853162419443,0.0207389544520724,,0.0213175436381606,0.0213246644011783,0.0211576589067912
final,2026-09-03,2026-09-29,0.0712328767123287,23750.0,PE,159.1,0.0105055258565642,24000.821437799634,0.9902590334470848,0.017325746126715,0.1052622662855009,0.0987556301236942,test,6157cbff5800f56c4c8ae0c1d1a88ca260ab1ab5c768288701f007dc50eae8b0,True,0.0171446828007902,0.0220863661849011,0.0162772576565845,0.0217248422796516,0.0217345487379809,0.0161544787665939,,0.0170487878927472,0.0170567756774507,0.0168690628673244
final,2026-09-03,2026-09-29,0.0712328767123287,23900.0,PE,209.25,0.0042095973997494,24000.821437799634,0.9902590334470848,0.0130598236546204,0.1014085666442292,0.1049647459453269,test,6157cbff5800f56c4c8ae0c1d1a88ca260ab1ab5c768288701f007dc50eae8b0,True,0.0130049626073982,0.0183539484802556,0.012220328708063,0.0179666086761582,0.0179702496490702,0.0120887171949216,,0.0133075750783951,0.0133160813544456,0.0131159712948428
final,2026-09-03,2026-09-29,0.0712328767123287,24050.0,CE,226.65,-0.0020469402145557,24000.821437799634,0.9902590334470848,0.0095168194440106,0.0987892905691706,0.1062547325224616,test,6157cbff5800f56c4c8ae0c1d1a88ca260ab1ab5c768288701f007dc50eae8b0,True,0.0095363197556224,0.0149932717497833,0.008746433443573,0.014589385788114,0.0145880569766842,0.0086197109714007,,0.0101209501989144,0.0101295579052503,0.0099270302362678
final,2026-09-03,2026-09-29,0.0712328767123287,24200.0,CE,162.25,-0.0082645768254262,24000.821437799634,0.9902590334470848,0.0067704966358216,0.0978011345830464,0.1016809301630768,test,6157cbff5800f56c4c8ae0c1d1a88ca260ab1ab5c768288701f007dc50eae8b0,True,0.0068266837871155,0.0120176372355533,0.0059055992047039,0.0116085497008626,0.0116044933292213,0.0057999568232572,,0.0074885973284952,0.0074968821321159,0.0073020953589752
final,2026-09-03,2026-09-29,0.0712328767123287,24350.0,CE,111.4,-0.0144437931913842,24000.821437799634,0.9902590334470848,0.0046199514579254,0.096784935924806,0.0917187584049689,test,6157cbff5800f56c4c8ae0c1d1a88ca260ab1ab5c768288701f007dc50eae8b0,True,0.0046871653244047,0.0094318948347482,0.0037120979772551,0.0090302858165141,0.009024197749533,0.0036416302013778,,0.0053833735564324,0.0053909650363224,0.0052127664152937
final,2026-09-03,2026-09-29,0.0712328767123287,24500.0,CE,75.35,-0.0205850612134667,24000.821437799634,0.9902590334470848,0.0031057633409066,0.0969903260124939,0.07840935185985,test,6157cbff5800f56c4c8ae0c1d1a88ca260ab1ab5c768288701f007dc50eae8b0,True,0.0031703582333383,0.0072315283648814,0.0021355393063495,0.0068503809448199,0.0068446921861889,0.0021067147908514,,0.0037556188864517,0.0037622473628103,0.0036070371653046
final,2026-09-03,2026-09-29,0.0712328767123287,24650.0,CE,49.6,-0.0266888441514845,24000.821437799634,0.9902590334470848,0.0020319636755962,0.0974209285969232,0.0637123079597034,test,6157cbff5800f56c4c8ae0c1d1a88ca260ab1ab5c768288701f007dc50eae8b0,True,0.0020869245968623,0.0054023324064961,0.0010997139116505,0.0050537077206537,0.0050477240138962,0.0011077047615395,,0.0025401438622698,0.0025456637316156,0.0024168388260418
final,2026-09-03,2026-09-29,0.0712328767123287,24800.0,CE,32.3,-0.032755596833722,24000.821437799634,0.9902590334470848,0.0013152309757831,0.0984167017205044,0.0497329420105638,test,6157cbff5800f56c4c8ae0c1d1a88ca260ab1ab5c768288701f007dc50eae8b0,True,0.0013590254935212,0.0039207911965892,0.0004921267724886,0.0036145736415075,0.0036068166207992,0.0005221052300899,,0.0016643195786076,0.0016687073897385,0.0015667245001701
final,2026-09-03,2026-09-29,0.0712328767123287,25000.0,CE,20.45,-0.0407877685309862,24000.821437799634,0.9902590334470848,0.0008260464912423,0.1032001337513527,0.0362980941774867,test,6157cbff5800f56c4c8ae0c1d1a88ca260ab1ab5c768288701f007dc50eae8b0,True,0.0008604356452789,0.002430438772601,0.0001260111756563,0.0021904017103122,0.0021839351145315,0.000158108323564,,0.0009004747985217,0.0009034847455366,0.0008339967967382
final,2026-09-03,2026-09-29,0.0712328767123287,25250.0,CE,11.75,-0.0507380993841542,24000.821437799634,0.9902590334470848,0.0004699240490981,0.1091962270240608,0.0239921240685815,test,6157cbff5800f56c4c8ae0c1d1a88ca260ab1ab5c768288701f007dc50eae8b0,True,0.0004943823389744,0.0012155196257255,1.1635370842295096e-05,0.0010603467020995,0.001059393136347,2.533454115586156e-05,,0.0003846861419363,0.0003863675308856,0.0003479510148219
final,2026-09-03,2026-09-29,0.0712328767123287,25500.0,CE,8.4,-0.0605903958271659,24000.821437799634,0.9902590334470848,0.0003326521178597,0.1189311385938944,0.0177478356125081,test,6157cbff5800f56c4c8ae0c1d1a88ca260ab1ab5c768288701f007dc50eae8b0,True,0.0003534307785008,0.0005353359646888,3.199834502293285e-07,0.0004514509860527,0.0004534282478277,2.750482226748482e-06,,0.0001497338978454,0.0001505668684283,0.0001317701520837
final,2026-09-03,2026-09-29,0.0712328767123287,26000.0,CE,4.75,-0.0800084816842675,24000.821437799634,0.9902590334470848,0.0001844894128926,0.1377348480197008,0.0103734412825591,test,6157cbff5800f56c4c8ae0c1d1a88ca260ab1ab5c768288701f007dc50eae8b0,True,0.0001998566902236,6.241424657015861e-05,3.246206130046398e-10,5.1233125897444734e-05,5.253697767281773e-05,1.092565010795758e-08,,1.7131636082922536e-05,1.727626200556361e-05,1.4111260816048474e-05
final,2026-09-03,2026-10-27,0.147945205479452,23000.0,PE,80.35,0.0471435976255162,24110.26813751887,0.9800771218408526,0.0518370209433038,0.1176769488959062,0.0871052472471801,test,6157cbff5800f56c4c8ae0c1d1a88ca260ab1ab5c768288701f007dc50eae8b0,True,0.0494499470058021,0.0548034456863155,0.0508150124524657,0.0541999110773911,0.0542005810487197,0.0505321759729016,,0.04847346029538,0.0483674121459665,0.0482117831396183
final,2026-09-03,2026-10-27,0.147945205479452,23500.0,PE,165.25,0.0256373924045527,24110.26813751887,0.9800771218408526,0.0331437156455985,0.1101290210970526,0.126111247541094,test,6157cbff5800f56c4c8ae0c1d1a88ca260ab1ab5c768288701f007dc50eae8b0,True,0.0323047969947511,0.0395867026596689,0.0344786553193861,0.0388247318613727,0.0388381154543561,0.0340895149765358,,0.0317590900117825,0.0315859975356631,0.0313277876834581
final,2026-09-03,2026-10-27,0.147945205479452,23750.0,PE,233.8,0.0150552830740156,24110.26813751887,0.9800771218408526,0.0252135070740519,0.106945965302754,0.1424007262861758,test,6157cbff5800f56c4c8ae0c1d1a88ca260ab1ab5c768288701f007dc50eae8b0,True,0.0248367537678639,0.0328363625365556,0.0273086299898125,0.0320162656130339,0.0320324926984469,0.026886972560934,,0.0246692949170301,0.0244707636401144,0.0241732681738917
final,2026-09-03,2026-10-27,0.147945205479452,23900.0,PE,282.0,0.0087593546172009,24110.26813751887,0.9800771218408526,0.0208368450308087,0.1041831972293379,0.1491406153238022,test,6157cbff5800f56c4c8ae0c1d1a88ca260ab1ab5c768288701f007dc50eae8b0,True,0.0206551247541445,0.0290919144523044,0.0233866652045027,0.0282476143922452,0.0282633791262159,0.0229573086166891,,0.0208917346292629,0.0206832226486214,0.0203702806000983
final,2026-09-03,2026-10-27,0.147945205479452,24050.0,PE,352.8,0.0025028170028957,24110.26813751887,0.9800771218408526,0.0174735887432861,0.1053818740536734,0.1529325527551192,test,6157cbff5800f56c4c8ae0c1d1a88ca260ab1ab5c768288701f007dc50eae8b0,True,0.0174299102307402,0.0255881762871125,0.0197734050028473,0.0247292800366505,0.0247427551700924,0.0193472144053411,,0.0174891334766357,0.0172754071303551,0.0169544025240199
final,2026-09-03,2026-10-27,0.147945205479452,24200.0,CE,324.8,-0.0037148196079747,24110.26813751887,0.9800771218408526,0.0136943178288832,0.1010597426455186,0.153003696383578,test,6157cbff5800f56c4c8ae0c1d1a88ca260ab1ab5c768288701f007dc50eae8b0,True,0.0137452843563886,0.0223323069465206,0.0164841452732962,0.0214694745455833,0.0214797641726151,0.0160730221245335,,0.0144659769502704,0.0142520791759551,0.0139308424338018
final,2026-09-03,2026-10-27,0.147945205479452,24350.0,CE,265.75,-0.0098940359739328,24110.26813751887,0.9800771218408526,0.0111356111238535,0.1019463124027879,0.1493484613374179,test,6157cbff5800f56c4c8ae0c1d1a88ca260ab1ab5c768288701f007dc50eae8b0,True,0.0112463341062508,0.0193292911738127,0.0135295815647522,0.0184739198399602,0.0184800966674418,0.0131456927241213,,0.0118179180947971,0.0116088116483023,0.0112950469197183
final,2026-09-03,2026-10-27,0.147945205479452,24500.0,CE,203.6,-0.0160353039960153,24110.26813751887,0.9800771218408526,0.008479132811532,0.0993352072760428,0.141617175967632,test,6157cbff5800f56c4c8ae0c1d1a88ca260ab1ab5c768288701f007dc50eae8b0,True,0.008616194257884,0.0165816991790244,0.0109149284466502,0.0157455316606606,0.0157466322128041,0.0105697578005642,,0.0095322344596684,0.0093324650180223,0.0090332096218105
final,2026-09-03,2026-10-27,0.147945205479452,24650.0,CE,152.5,-0.0221390869340331,24110.26813751887,0.9800771218408526,0.006312373218594,0.0971721102893961,0.1301678088019866,test,6157cbff5800f56c4c8ae0c1d1a88ca260ab1ab5c768288701f007dc50eae8b0,True,0.0064536818483659,0.0140894997753349,0.0086392211905421,0.0132841720380204,0.0132813350789909,0.0083425294425902,,0.007588824349815,0.0074022402891769,0.0071234172977537
final,2026-09-03,2026-10-27,0.147945205479452,24900.0,CE,94.65,-0.0322299899159959,24110.26813751887,0.9800771218408526,0.0038784752082952,0.0964311092335748,0.1068867585369998,test,6157cbff5800f56c4c8ae0c1d1a88ca260ab1ab5c768288701f007dc50eae8b0,True,0.0040055146685103,0.0104946446313847,0.0055759765194754,0.0097647258996205,0.0097597972166747,0.0053739797027828,,0.0050376096350933,0.0048790757955013,0.0046435255521078
final,2026-09-03,2026-10-27,0.147945205479452,25500.0,CE,29.6,-0.0560406386097144,24110.26813751887,0.9800771218408526,0.0011843805837904,0.0995397527369764,0.054053192772835,test,6157cbff5800f56c4c8ae0c1d1a88ca260ab1ab5c768288701f007dc50eae8b0,True,0.0012526490669615,0.0045061136400557,0.0014239159272194,0.0040401792940126,0.0040391543185603,0.0014247402523721,,0.0016115141857406,0.0015272087087037,0.0014046684228242
final,2026-09-03,2026-10-27,0.147945205479452,27000.0,CE,5.55,-0.113199052449663,24110.26813751887,0.9800771218408526,0.0002097340617128,0.1315243609907549,0.0132788200729724,test,6157cbff5800f56c4c8ae0c1d1a88ca260ab1ab5c768288701f007dc50eae8b0,True,0.0002348717000551,0.0001484481545821,9.462222999222996e-07,0.0001355872071812,0.0001382848700106,6.159003979668855e-06,,3.473931796483349e-05,3.0248826425135003e-05,2.4346540359501245e-05
final,2026-09-03,2026-11-23,0.2219178082191781,23500.0,PE,214.75,0.0307850963659863,24234.700656430377,0.9547398497908636,0.0408353633765027,0.1138012305423524,0.1568769894556955,test,6157cbff5800f56c4c8ae0c1d1a88ca260ab1ab5c768288701f007dc50eae8b0,True,0.039597396021196,0.0487365556283355,0.044101164482896,0.0476442152936867,0.0476515907584691,0.0434460293170839,,0.0387491479485545,0.0381398740026681,0.0385303000369582
final,2026-09-03,2026-11-23,0.2219178082191781,23950.0,PE,356.4,0.0118171936591753,24234.700656430377,0.9547398497908636,0.0274737395651492,0.1110779914502743,0.1820608880421592,test,6157cbff5800f56c4c8ae0c1d1a88ca260ab1ab5c768288701f007dc50eae8b0,True,0.0271509878299541,0.0370719168006674,0.0319904771329263,0.0359081748227594,0.0359264868290552,0.0313077374818837,,0.0266545057883478,0.025931987765791,0.0263959759745284
final,2026-09-03,2026-11-23,0.2219178082191781,24100.0,PE,409.8,0.0055736770194903,24234.700656430377,0.9547398497908636,0.0233994825379294,0.1087018977762627,0.1862433984945263,test,6157cbff5800f56c4c8ae0c1d1a88ca260ab1ab5c768288701f007dc50eae8b0,True,0.0232694241682109,0.033554716385155,0.0283891780473111,0.0323841570497679,0.0324049181871194,0.0277148344073044,,0.0232037473224199,0.0224631203197985,0.0229388747244915
final,2026-09-03,2026-11-23,0.2219178082191781,24250.0,CE,470.6,-0.0006310998673925,24234.700656430377,0.9547398497908636,0.020326150177204,0.1098728647476858,0.1879167388048998,test,6157cbff5800f56c4c8ae0c1d1a88ca260ab1ab5c768288701f007dc50eae8b0,True,0.0203389820565582,0.0302311256346912,0.0250194164581325,0.0290632481628143,0.0290842104037932,0.0243631508689098,,0.0200526685983997,0.0193051870488458,0.0197853836183082
final,2026-09-03,2026-11-23,0.2219178082191781,24400.0,CE,379.15,-0.0067976147830565,24234.700656430377,0.9547398497908636,0.0162755691297826,0.1039929596854631,0.1867114984639107,test,6157cbff5800f56c4c8ae0c1d1a88ca260ab1ab5c768288701f007dc50eae8b0,True,0.0163865810598045,0.0271044925782173,0.0218869967856012,0.0259491245552465,0.025968687228695,0.0212585469287397,,0.0172002553618577,0.0164572776833598,0.0169345229301204
final,2026-09-03,2026-11-23,0.2219178082191781,24600.0,CE,293.75,-0.0149609254222174,24234.700656430377,0.9547398497908636,0.0125071315638336,0.1019558246677112,0.1803267265246375,test,6157cbff5800f56c4c8ae0c1d1a88ca260ab1ab5c768288701f007dc50eae8b0,True,0.012695656564203,0.0232456623356414,0.0180859843984054,0.0221224079152071,0.0221378544479121,0.017509146905176,,0.0138518475893056,0.013131769757922,0.0135940876874931
final,2026-09-03,2026-11-23,0.2219178082191781,25000.0,CE,169.1,-0.031090307352101,24234.700656430377,0.9547398497908636,0.0070846524333111,0.0999859730035144,0.1534714278980419,test,6157cbff5800f56c4c8ae0c1d1a88ca260ab1ab5c768288701f007dc50eae8b0,True,0.007308376255342,0.0165929886536836,0.0117746858920103,0.0155843281435425,0.0155888759711769,0.0113422686961322,,0.0086136911176548,0.0079876328580356,0.0083887942160351
final,2026-09-04,2026-09-15,0.0301369863013698,23200.0,PE,8.6,0.0337401326979449,23996.12625719054,0.997842745917386,0.0346872780036372,0.1144692154284321,0.0161108058338016,test,9e92b9e9f91b5951213b854e123edbdbb461a111adcf442d7fee1b341f2f3312,True,0.0335364483858405,0.0345852315247466,0.0332197914696754,0.0345595619727899,0.0345640242626983,0.0332232103987926,,0.0333787951338129,0.0333412872775161,0.0332745859987971
final,2026-09-04,2026-09-15,0.0301369863013698,23400.0,PE,16.55,0.0251563890065534,23996.12625719054,0.997842745917386,0.0261842750825469,0.1050643964936422,0.026417624885776,test,9e92b9e9f91b5951213b854e123edbdbb461a111adcf442d7fee1b341f2f3312,True,0.0255337895110464,0.0273259447664684,0.0250089994300969,0.0272781905978012,0.0272759519795216,0.0250152026019595,,0.0254813316876447,0.0253960567975631,0.025229044370556
final,2026-09-04,2026-09-15,0.0301369863013698,23550.0,PE,29.75,0.0187665909077824,23996.12625719054,0.997842745917386,0.0202097908385448,0.1004545449447694,0.038450182711436,test,9e92b9e9f91b5951213b854e123edbdbb461a111adcf442d7fee1b341f2f3312,True,0.0198340585953998,0.0222714309757001,0.0190207302095383,0.0222024869638979,0.0221954927315492,0.0190279866330761,,0.0199349824486014,0.0198003203869854,0.0195218814856528
final,2026-09-04,2026-09-15,0.0301369863013698,23700.0,PE,53.05,0.0124173632291237,23996.12625719054,0.997842745917386,0.0147380146385882,0.096472236722667,0.0522847068116424,test,9e92b9e9f91b5951213b854e123edbdbb461a111adcf442d7fee1b341f2f3312,True,0.0145561389030395,0.017643589833952,0.0133677148086449,0.0175513098125179,0.0175431805426324,0.0133733211318581,,0.0149056920037246,0.0147196347282256,0.0143198061125516
final,2026-09-04,2026-09-15,0.0301369863013698,23850.0,PE,92.0,0.006108194035859,23996.12625719054,0.997842745917386,0.0099926689155686,0.0931822902739518,0.0642922325396038,test,9e92b9e9f91b5951213b854e123edbdbb461a111adcf442d7fee1b341f2f3312,True,0.0099318177893357,0.0135219804014999,0.0083486064077045,0.0134071956263116,0.0133994724011358,0.0083512649444845,,0.0105700209342106,0.0103445485051129,0.0098488102064729
final,2026-09-04,2026-09-15,0.0301369863013698,24000.0,CE,146.2,-0.0001614189777363,23996.12625719054,0.997842745917386,0.0061048363498059,0.0893168635850556,0.0692561654918484,test,9e92b9e9f91b5951213b854e123edbdbb461a111adcf442d7fee1b341f2f3312,True,0.006105821865787,0.0099716932156643,0.0043552436020536,0.0098390788343246,0.0098333595077057,0.0043619488117774,,0.0070563311227778,0.0068160952154476,0.006284020459215
final,2026-09-04,2026-09-15,0.0301369863013698,24150.0,CE,83.15,-0.0063919687283725,23996.12625719054,0.997842745917386,0.0034505078042424,0.0885858283398309,0.0637266327500961,test,9e92b9e9f91b5951213b854e123edbdbb461a111adcf442d7fee1b341f2f3312,True,0.0034726339818071,0.0070324419071252,0.001715669368432,0.0068905226502931,0.0068899746805494,0.0017402613496103,,0.0044050832536439,0.0041794948484787,0.0036838462836565
final,2026-09-04,2026-09-15,0.0301369863013698,24300.0,CE,42.0,-0.0125839389762935,23996.12625719054,0.997842745917386,0.0017321317099312,0.0876400950282081,0.0495024591350551,test,9e92b9e9f91b5951213b854e123edbdbb461a111adcf442d7fee1b341f2f3312,True,0.0017540664730714,0.0047098213772235,0.0004289208466397,0.004569791467527,0.0045747376552619,0.0004675419552832,,0.0025567524231323,0.0023696190543951,0.0019678049007107
final,2026-09-04,2026-09-15,0.0301369863013698,24450.0,CE,18.95,-0.0187378045506718,23996.12625719054,0.997842745917386,0.0007767267216357,0.0871553444931132,0.0324691329574177,test,9e92b9e9f91b5951213b854e123edbdbb461a111adcf442d7fee1b341f2f3312,True,0.0007914180872549,0.0029714021686753,4.905880111265651e-05,0.0028448462858724,0.0028529191187843,7.315734906392438e-05,,0.0013730952794404,0.001235644487669,0.0009513798002365
final,2026-09-04,2026-09-15,0.0301369863013698,24600.0,CE,8.9,-0.0248540315681079,23996.12625719054,0.997842745917386,0.0003625707751711,0.0897944026121749,0.0196711760298911,test,9e92b9e9f91b5951213b854e123edbdbb461a111adcf442d7fee1b341f2f3312,True,0.0003716950383412,0.0017495180443447,1.295956118019725e-06,0.0016456560737147,0.0016532389871995,5.953792310558689e-06,,0.0006797210768773,0.0005901236344435,0.0004141339682983
final,2026-09-04,2026-09-15,0.0301369863013698,24800.0,CE,4.6,-0.0329512418007272,23996.12625719054,0.997842745917386,0.0001858848718664,0.0996595178486263,0.0114788827087311,test,9e92b9e9f91b5951213b854e123edbdbb461a111adcf442d7fee1b341f2f3312,True,0.0001921120422887,0.0007606504291602,8.808813413875351e-11,0.0006933144339084,0.0006985077983942,7.294854083750475e-08,,0.0002333364860866,0.0001911157272318,0.0001152808226586
final,2026-09-04,2026-09-15,0.0301369863013698,25100.0,CE,2.75,-0.044975434767529,23996.12625719054,0.997842745917386,0.0001097986165017,0.1196961377877687,0.0068063204696275,test,9e92b9e9f91b5951213b854e123edbdbb461a111adcf442d7fee1b341f2f3312,True,0.0001148495904986,0.0001553000303199,1.2634410106130787e-16,0.0001327143422,0.000136062728411,1.4066272109554852e-11,,3.5074060204376596e-05,2.5725312695106667e-05,1.163161547691272e-05
final,2026-09-04,2026-09-15,0.0301369863013698,26000.0,CE,0.95,-0.0802041266512728,23996.12625719054,0.997842745917386,3.661745469209099e-05,0.1745224987048991,0.002168053799677,test,9e92b9e9f91b5951213b854e123edbdbb461a111adcf442d7fee1b341f2f3312,True,3.967531308138032e-05,1.6135175197002028e-08,-1.9130396330821803e-14,1.8448173640864122e-08,2.09962988166638e-08,-2.220446049250313e-16,,1.399835852446032e-08,6.24163142544196e-09,7.644374546711557e-10
final,2026-09-04,2026-09-22,0.0493150684931506,23500.0,PE,48.95,0.0220847270930557,24024.764397273415,0.9963594412520947,0.0244209895217734,0.1036028803006116,0.0552701007216217,test,9e92b9e9f91b5951213b854e123edbdbb461a111adcf442d7fee1b341f2f3312,True,0.0238875705198094,0.0272523549440686,0.0231601204464753,0.0270919834131739,0.0270926052526162,0.0231400857179675,,0.0239031881856324,0.0236689173497078,0.0233880479133443
final,2026-09-04,2026-09-22,0.0493150684931506,23700.0,PE,85.75,0.0136101001020835,24024.764397273415,0.9963594412520947,0.0173345027780885,0.0991670473635108,0.072690632218102,test,9e92b9e9f91b5951213b854e123edbdbb461a111adcf442d7fee1b341f2f3312,True,0.0171001766779999,0.0212701080415216,0.0161542716117121,0.0210681716219394,0.0210698533824432,0.0161153286260019,,0.0174461253283244,0.0171296783885402,0.0167384887268912
final,2026-09-04,2026-09-22,0.0493150684931506,23850.0,PE,129.2,0.0073009309088189,24024.764397273415,0.9963594412520947,0.0127646321213554,0.096824529140578,0.0833208467314928,test,9e92b9e9f91b5951213b854e123edbdbb461a111adcf442d7fee1b341f2f3312,True,0.0126717777981155,0.0172453365107769,0.0115197334605503,0.0170156437800717,0.0170144770763358,0.011468536238641,,0.0132623785633562,0.0129011124167385,0.0124485040886545
final,2026-09-04,2026-09-22,0.0493150684931506,24000.0,PE,185.95,0.0010313178952235,24024.764397273415,0.9963594412520947,0.0088080763623818,0.0934361926105526,0.0884333578229376,test,9e92b9e9f91b5951213b854e123edbdbb461a111adcf442d7fee1b341f2f3312,True,0.008798997118205,0.0136584095232829,0.0075968801951525,0.0134073599217383,0.0134026058664404,0.0075430618786653,,0.0097231378362352,0.0093416982412924,0.008861276686979
final,2026-09-04,2026-09-22,0.0493150684931506,24150.0,CE,138.25,-0.0051992318554125,24024.764397273415,0.9963594412520947,0.0057455547106227,0.0913840267821497,0.0859514732700811,test,9e92b9e9f91b5951213b854e123edbdbb461a111adcf442d7fee1b341f2f3312,True,0.0057755049734134,0.0105352341576956,0.0045189669755038,0.0102722263875924,0.0102663673352952,0.0044786725113536,,0.0068542367403652,0.0064812231765455,0.0060126502427064
final,2026-09-04,2026-09-22,0.0493150684931506,24300.0,CE,86.05,-0.0113912021033336,24024.764397273415,0.9963594412520947,0.0035540911409685,0.0904724249992086,0.0758660333373755,test,9e92b9e9f91b5951213b854e123edbdbb461a111adcf442d7fee1b341f2f3312,True,0.0035948079780268,0.007887234085835,0.002342389308753,0.0076239475973146,0.007618618678025,0.0023307068874245,,0.0046337679917568,0.0042954365684425,0.0038748351527558
final,2026-09-04,2026-09-22,0.0493150684931506,24450.0,CE,49.45,-0.0175450676777118,24024.764397273415,0.9963594412520947,0.0020298848024001,0.0892977550075336,0.0604235317272915,test,9e92b9e9f91b5951213b854e123edbdbb461a111adcf442d7fee1b341f2f3312,True,0.0020658135329857,0.0057090670187623,0.0010072072978209,0.0054581734224289,0.0054548393532576,0.0010262218583444,,0.0029974247958054,0.0027123965848648,0.0023643951711676
final,2026-09-04,2026-09-22,0.0493150684931506,25500.0,CE,3.15,-0.0595933039212113,24024.764397273415,0.9963594412520947,0.0001239807710453,0.1213831206969797,0.0079243690821143,test,9e92b9e9f91b5951213b854e123edbdbb461a111adcf442d7fee1b341f2f3312,True,0.0001315937842043,0.0001438826552025,9.610292788907371e-15,0.0001182111698904,0.00012008671293,3.226988655160598e-09,,3.670066594109976e-05,2.4542207536271815e-05,1.3816790880557489e-05
final,2026-09-04,2026-09-29,0.0684931506849315,21000.0,PE,5.6,0.1356692703792536,24051.363951474836,0.994996771026885,0.1455710528782309,0.2298131376554693,0.0076592013033595,test,9e92b9e9f91b5951213b854e123edbdbb461a111adcf442d7fee1b341f2f3312,True,0.1271026506692313,0.1269093048282537,0.1268690584483415,0.1269082300752527,0.1269070318500444,0.1268691418811083,,0.1268686464363868,0.1268686452789472,0.1268686450019304
final,2026-09-04,2026-09-29,0.0684931506849315,22100.0,PE,9.6,0.0846140995789694,24051.363951474836,0.994996771026885,0.0887335847959923,0.165655615678998,0.0148975692971618,test,9e92b9e9f91b5951213b854e123edbdbb461a111adcf442d7fee1b341f2f3312,True,0.0815343457422164,0.0816964659794784,0.0811658104951513,0.0816669248803504,0.0816716453250366,0.0811664677505944,,0.0811401524943287,0.0811370762355228,0.0811356243170883
final,2026-09-04,2026-09-29,0.0684931506849315,22600.0,PE,13.2,0.0622418018244364,24051.363951474836,0.994996771026885,0.064806651601113,0.1356266643281876,0.0217495205602992,test,9e92b9e9f91b5951213b854e123edbdbb461a111adcf442d7fee1b341f2f3312,True,0.0608959362612506,0.0619054997084016,0.0605301695045735,0.0618244958319472,0.0618317359456484,0.0605270643673264,,0.0604466507905052,0.0604154935580303,0.0603976090109836
final,2026-09-04,2026-09-29,0.0684931506849315,23000.0,PE,23.75,0.0446974921735268,24051.363951474836,0.994996771026885,0.0467492772030233,0.1178801164742091,0.0357402088836171,test,9e92b9e9f91b5951213b854e123edbdbb461a111adcf442d7fee1b341f2f3312,True,0.0447057130663727,0.0469658042556014,0.0443709001677072,0.0468124044967597,0.0468139014104792,0.04435159217854,,0.0442796366663519,0.0441622744287407,0.0440869833994026
final,2026-09-04,2026-09-29,0.0684931506849315,23300.0,PE,43.1,0.0317383475310217,24051.363951474836,0.994996771026885,0.034106466736515,0.1075777091143024,0.0544312359441855,test,9e92b9e9f91b5951213b854e123edbdbb461a111adcf442d7fee1b341f2f3312,True,0.0330409816492785,0.0366135454914928,0.0328011716496327,0.0363894239440927,0.036391132200805,0.0327536940790327,,0.0328636918721955,0.0326267548295627,0.032465588565396
final,2026-09-04,2026-09-29,0.0684931506849315,23500.0,PE,69.75,0.0231912869525632,24051.363951474836,0.994996771026885,0.026445305594818,0.1035395081086042,0.0715490419811462,test,9e92b9e9f91b5951213b854e123edbdbb461a111adcf442d7fee1b341f2f3312,True,0.0258390618815659,0.0302610213349087,0.025584929126485,0.0299865441974054,0.0299941423388368,0.0255109389662644,,0.0258903239018793,0.0255593322283219,0.0253278635993703
final,2026-09-04,2026-09-29,0.0684931506849315,23650.0,PE,99.3,0.0168285931647345,24051.363951474836,0.994996771026885,0.0211908359542651,0.1008358751332509,0.0844771238677341,test,9e92b9e9f91b5951213b854e123edbdbb461a111adcf442d7fee1b341f2f3312,True,0.0208372078743433,0.0258409442373817,0.0205608018899831,0.0255301707044339,0.0255411898205018,0.0204658600660326,,0.0211279084460155,0.0207307634482241,0.0204488302165988
final,2026-09-04,2026-09-29,0.0684931506849315,23800.0,PE,140.2,0.0105061274252476,24051.363951474836,0.994996771026885,0.0164818878719587,0.0986665829497876,0.0956026473235531,test,9e92b9e9f91b5951213b854e123edbdbb461a111adcf442d7fee1b341f2f3312,True,0.0163096335053614,0.0217506261187663,0.0159674864638729,0.0214074919057443,0.0214163772182655,0.01585497798286,,0.0168461957864672,0.016396314884335,0.0160736739489448
final,2026-09-04,2026-09-29,0.0684931506849315,23950.0,PE,193.25,0.0042233842457523,24051.363951474836,0.994996771026885,0.0123417823503414,0.0963872137198678,0.1027295037933072,test,9e92b9e9f91b5951213b854e123edbdbb461a111adcf442d7fee1b341f2f3312,True,0.0122897681764343,0.0180171268895085,0.0118946732532585,0.0176481900652228,0.0176511260337783,0.0117732072256977,,0.013098786730936,0.0126171456639054,0.0122698381989486
final,2026-09-04,2026-09-29,0.0684931506849315,24100.0,CE,211.45,-0.0020201323939327,24051.363951474836,0.994996771026885,0.0088179772805762,0.0939017785602732,0.1041531039170964,test,9e92b9e9f91b5951213b854e123edbdbb461a111adcf442d7fee1b341f2f3312,True,0.0088358087670472,0.0146617462512601,0.0084212185123372,0.0142761061180216,0.0142742512333494,0.0083044711721249,,0.0099143951115872,0.0094265517587852,0.0090744865887484
final,2026-09-04,2026-09-29,0.0684931506849315,24250.0,CE,147.2,-0.0082249092808155,24051.363951474836,0.994996771026885,0.0061006259211463,0.0927899376331627,0.0989869605678571,test,9e92b9e9f91b5951213b854e123edbdbb461a111adcf442d7fee1b341f2f3312,True,0.0061510099338347,0.011698278355223,0.0056008654164205,0.0113071668717788,0.0113028480933309,0.0055051222762746,,0.0072929955274073,0.0068250297026769,0.0064885725163256
final,2026-09-04,2026-09-29,0.0684931506849315,24400.0,CE,98.15,-0.0143914241964795,24051.363951474836,0.994996771026885,0.0040427678769802,0.0919516537964501,0.0879361750882639,test,9e92b9e9f91b5951213b854e123edbdbb461a111adcf442d7fee1b341f2f3312,True,0.0041013697350942,0.0091315569939922,0.0034479343152832,0.0087475819586268,0.0087415693862083,0.0033871399787002,,0.0052063379490331,0.0047807755016762,0.0044773104167833
final,2026-09-04,2026-09-29,0.0684931506849315,24550.0,CE,62.4,-0.020520146137853,24051.363951474836,0.994996771026885,0.0025545324382024,0.091224384921735,0.0729026209697265,test,9e92b9e9f91b5951213b854e123edbdbb461a111adcf442d7fee1b341f2f3312,True,0.0026074933415168,0.0069564851514817,0.0019273098242105,0.0065925635094179,0.0065871959017572,0.0019071071847736,,0.003602576621746,0.0032353288654758,0.0029767308067222
final,2026-09-04,2026-09-29,0.0684931506849315,24700.0,CE,39.45,-0.0266115355312548,24051.363951474836,0.994996771026885,0.0016051971608455,0.0918525467026361,0.0573282625413093,test,9e92b9e9f91b5951213b854e123edbdbb461a111adcf442d7fee1b341f2f3312,True,0.0016484873769685,0.0051577212906603,0.0009537267618152,0.0048258111458734,0.004820214676675,0.0009677956289676,,0.0024137958996271,0.002112754779202,0.0019043363683946
final,2026-09-04,2026-09-29,0.0684931506849315,24900.0,CE,21.45,-0.0346760953679852,24051.363951474836,0.994996771026885,0.0008657774660348,0.0939402418333346,0.039287110238274,test,9e92b9e9f91b5951213b854e123edbdbb461a111adcf442d7fee1b341f2f3312,True,0.0008963258361463,0.003300054445243,0.0002905750920866,0.0030253697386283,0.0030179066917587,0.0003246479459537,,0.0013440769131042,0.0011305265529818,0.0009869322675215
final,2026-09-04,2026-09-29,0.0684931506849315,25200.0,CE,10.2,-0.0466522864147009,24051.363951474836,0.994996771026885,0.0004067972043207,0.1012023349704733,0.0226525738745759,test,9e92b9e9f91b5951213b854e123edbdbb461a111adcf442d7fee1b341f2f3312,True,0.0004262248731325,0.001497466313417,2.184672633428076e-05,0.0013223374663816,0.0013197145810931,3.972168781485666e-05,,0.000498592436222,0.0003902284203818,0.0003214406985582
final,2026-09-04,2026-09-29,0.0684931506849315,25500.0,CE,6.7,-0.0584867440617039,24051.363951474836,0.994996771026885,0.0002640662821127,0.1133635518569018,0.0153998616074759,test,9e92b9e9f91b5951213b854e123edbdbb461a111adcf442d7fee1b341f2f3312,True,0.0002799712401949,0.0005685453569135,3.0756913037963325e-07,0.0004814135421252,0.0004831616379079,2.6736529759436266e-06,,0.0001609746826121,0.0001154781931374,8.865052025890628e-05
final,2026-09-04,2026-09-29,0.0684931506849315,26200.0,CE,3.45,-0.0855677026643746,24051.363951474836,0.994996771026885,0.0001323415242615,0.1424119205908604,0.007810708735239,test,9e92b9e9f91b5951213b854e123edbdbb461a111adcf442d7fee1b341f2f3312,True,0.0001441642953242,2.1407490820627827e-05,-4.1371936481656366e-10,1.8085708844969416e-05,1.875865175183216e-05,5.888988767915771e-10,,6.673142062326538e-06,3.683693417229328e-06,2.2863665444984734e-06
final,2026-09-04,2026-09-29,0.0684931506849315,26900.0,CE,2.55,-0.1119345785051167,24051.363951474836,0.994996771026885,9.527220770337138e-05,0.173389471751793,0.0052681985257971,test,9e92b9e9f91b5951213b854e123edbdbb461a111adcf442d7fee1b341f2f3312,True,0.0001065562182831,6.226517349752345e-08,-1.6707836769630012e-10,1.3380376178685706e-07,1.476906118018829e-07,4.411535782178402e-12,,1.3026329918341758e-07,5.107817138124692e-08,2.4007572536693676e-08
final,2026-09-04,2026-10-27,0.1452054794520547,22800.0,PE,50.0,0.0580256414029206,24162.12144494294,0.9840307808936593,0.061970739632496,0.1191436191180558,0.0652353002812032,test,9e92b9e9f91b5951213b854e123edbdbb461a111adcf442d7fee1b341f2f3312,True,0.0584771857405191,0.0629381655473437,0.059578500946921,0.0624369405385448,0.0624344896779006,0.0593636248037238,,0.0576870484686985,0.0573842094666796,0.0573640179856063
final,2026-09-04,2026-10-27,0.1452054794520547,23500.0,PE,141.65,0.0277857562132025,24162.12144494294,0.9840307808936593,0.0343008593216015,0.1072571973437972,0.1189643328221952,test,9e92b9e9f91b5951213b854e123edbdbb461a111adcf442d7fee1b341f2f3312,True,0.0333609031762541,0.0407902407674111,0.0357794241032506,0.0400580745483112,0.0400702665766289,0.0354107802351647,,0.033180690021926,0.0324628037491762,0.0324121190421048
final,2026-09-04,2026-10-27,0.1452054794520547,23700.0,PE,187.55,0.0193111292222302,24162.12144494294,0.9840307808936593,0.027540720523376,0.1037787828002353,0.133611064225861,test,9e92b9e9f91b5951213b854e123edbdbb461a111adcf442d7fee1b341f2f3312,True,0.0270139804524748,0.0352412338576717,0.0298549242442679,0.0344576504320301,0.0344735561238623,0.0294549773905122,,0.0272762396891095,0.0264548024534795,0.0263962982550997
final,2026-09-04,2026-10-27,0.1452054794520547,23850.0,PE,233.8,0.0130019600289655,24162.12144494294,0.9840307808936593,0.023048873739251,0.1022341653771526,0.1428262431114178,test,9e92b9e9f91b5951213b854e123edbdbb461a111adcf442d7fee1b341f2f3312,True,0.022751133005177,0.0313412816026204,0.0257321574664582,0.0305274168300139,0.0305436751620054,0.0253177042495986,,0.0232523956366466,0.022371552963714,0.0223085379337358
final,2026-09-04,2026-10-27,0.1452054794520547,24000.0,PE,287.75,0.0067323470153702,24162.12144494294,0.9840307808936593,0.0189392149764446,0.1004784054855602,0.1491579556524879,test,9e92b9e9f91b5951213b854e123edbdbb461a111adcf442d7fee1b341f2f3312,True,0.0188121378526472,0.0276773791214434,0.0219081970169578,0.0268419151658747,0.0268569517699138,0.021489031078182,,0.0195971416479774,0.0186770462768194,0.0186110452429907
final,2026-09-04,2026-10-27,0.1452054794520547,24150.0,PE,352.75,0.0005017972647341,24162.12144494294,0.9840307808936593,0.0153455902159849,0.0992657822860972,0.1519416071505742,test,9e92b9e9f91b5951213b854e123edbdbb461a111adcf442d7fee1b341f2f3312,True,0.0153378917724792,0.0242581677980842,0.0184014582403575,0.0234110310111381,0.023423153533107,0.0179888565798295,,0.0163211802999605,0.0153845078361108,0.0153172516216811
final,2026-09-04,2026-10-27,0.1452054794520547,24300.0,CE,290.85,-0.0056901729831869,24162.12144494294,0.9840307808936593,0.0121633754094554,0.0978226397621754,0.150661339213584,test,9e92b9e9f91b5951213b854e123edbdbb461a111adcf442d7fee1b341f2f3312,True,0.0122327844069183,0.0210902587044258,0.0152262908092486,0.0202423596829811,0.0202510568249974,0.0148323788781702,,0.0134262431260014,0.0124964866471985,0.0124297737653896
final,2026-09-04,2026-10-27,0.1452054794520547,24450.0,CE,227.35,-0.0118440385575651,24162.12144494294,0.9840307808936593,0.0094494691504597,0.0965272873984384,0.1451727435134113,test,9e92b9e9f91b5951213b854e123edbdbb461a111adcf442d7fee1b341f2f3312,True,0.0095620544435718,0.0181779544582429,0.0123919690492497,0.0173408438234927,0.0173449259704022,0.0120288627581995,,0.0109051323234109,0.0100048479353736,0.0099404016131182
final,2026-09-04,2026-10-27,0.1452054794520547,24600.0,CE,172.05,-0.0179602655750013,24162.12144494294,0.9840307808936593,0.0071074021004432,0.0947653903722146,0.1355238048740717,test,9e92b9e9f91b5951213b854e123edbdbb461a111adcf442d7fee1b341f2f3312,True,0.0072362061447835,0.0155230168317619,0.0099018140393195,0.0147084667386806,0.0147076210938413,0.0095805979236696,,0.0087423772336766,0.0078915954581265,0.0078309346121007
final,2026-09-04,2026-10-27,0.1452054794520547,24800.0,CE,115.1,-0.0260574758076207,24162.12144494294,0.9840307808936593,0.0047164470079311,0.0930953973580676,0.1175794709804179,test,9e92b9e9f91b5951213b854e123edbdbb461a111adcf442d7fee1b341f2f3312,True,0.0048409609256877,0.0123813998292497,0.0071102981698141,0.0116147320708607,0.0116102459483366,0.0068583803724154,,0.006376314806347,0.0056160563381906,0.0055622705796913
final,2026-09-04,2026-10-27,0.1452054794520547,25100.0,CE,61.55,-0.0380816687744224,24162.12144494294,0.9840307808936593,0.0024919863104615,0.0928085809427049,0.0867600235566791,test,9e92b9e9f91b5951213b854e123edbdbb461a111adcf442d7fee1b341f2f3312,True,0.0025887154211649,0.0084986962841366,0.0039928685403436,0.0078373355428031,0.0078315054556166,0.0038573031585337,,0.0037936688624702,0.0031992730971469,0.0031579269759063
final,2026-09-04,2026-10-27,0.1452054794520547,25750.0,CE,18.5,-0.0636484497464293,24162.12144494294,0.9840307808936593,0.0007301058217805,0.100130191255114,0.0390295293371608,test,9e92b9e9f91b5951213b854e123edbdbb461a111adcf442d7fee1b341f2f3312,True,0.0007780866822347,0.0031273078925563,0.0007336899941376,0.0027657156928265,0.0027687546200503,0.0007705232339386,,0.0010138869046691,0.0007564922339633,0.0007395902314082
final,2026-09-04,2026-10-27,0.1452054794520547,27000.0,CE,4.65,-0.1110506886410132,24162.12144494294,0.9840307808936593,0.0001750171087796,0.1274609123301161,0.0117684916183685,test,9e92b9e9f91b5951213b854e123edbdbb461a111adcf442d7fee1b341f2f3312,True,0.0001955731390481,0.0001594565064653,1.0117759985658686e-06,0.0001441973445045,0.0001470036447635,6.352707989071716e-06,,3.752120137002352e-05,1.980247698679465e-05,1.8839483590408915e-05
final,2026-09-04,2026-11-23,0.2191780821917808,23000.0,PE,108.45,0.0537717623614915,24270.605751619532,0.97428820081388,0.0600833819238919,0.1168899282093727,0.1121531849361756,test,9e92b9e9f91b5951213b854e123edbdbb461a111adcf442d7fee1b341f2f3312,True,0.0569379189951738,0.0643838176692341,0.0605330148652126,0.0634623008477915,0.0634648292277323,0.0599956708655696,,0.0560067298435686,0.0551495830146959,0.0554969197882529
final,2026-09-04,2026-11-23,0.2191780821917808,23900.0,PE,307.75,0.0153875193531762,24270.605751619532,0.97428820081388,0.0287229029072707,0.1063865328184157,0.1766470274687114,test,9e92b9e9f91b5951213b854e123edbdbb461a111adcf442d7fee1b341f2f3312,True,0.0282843117517972,0.0389487430007808,0.0339112987688228,0.0378028173399593,0.0378186947844316,0.0332362546097276,,0.0286162413809845,0.0270845470978101,0.0277227841344124
final,2026-09-04,2026-11-23,0.2191780821917808,24050.0,PE,361.25,0.0091309817388709,24270.605751619532,0.97428820081388,0.0245899901372366,0.1048151483428159,0.1826738652407572,test,9e92b9e9f91b5951213b854e123edbdbb461a111adcf442d7fee1b341f2f3312,True,0.0243664813665014,0.0353251253397189,0.0301817388806308,0.0341667280497675,0.0341862518452243,0.029509307866774,,0.0249968457967069,0.0234096602734662,0.0240720747959299
final,2026-09-04,2026-11-23,0.2191780821917808,24200.0,PE,423.6,0.0029133451280004,24270.605751619532,0.97428820081388,0.0208836653160035,0.1036758920571687,0.1861083193447507,test,9e92b9e9f91b5951213b854e123edbdbb461a111adcf442d7fee1b341f2f3312,True,0.0208229125312853,0.0318934413203279,0.0266809328049157,0.0307317931260894,0.0307526202316844,0.0260206309218853,,0.0216768597255485,0.0200593008291813,0.0207349167605679
final,2026-09-04,2026-11-23,0.2191780821917808,24350.0,CE,422.3,-0.0032658712379576,24270.605751619532,0.97428820081388,0.0178006012970297,0.1039823215843426,0.1866000831498858,test,9e92b9e9f91b5951213b854e123edbdbb461a111adcf442d7fee1b341f2f3312,True,0.017858830802101,0.0286577112745536,0.0234158415529511,0.027502491527706,0.0275227622260879,0.022777457007761,,0.0186578618431258,0.0170360453748222,0.0177134242791784
final,2026-09-04,2026-11-23,0.2191780821917808,24550.0,CE,319.45,-0.0114458759498884,24270.605751619532,0.97428820081388,0.0133556168989801,0.0995822336418952,0.1822164262771499,test,9e92b9e9f91b5951213b854e123edbdbb461a111adcf442d7fee1b341f2f3312,True,0.0135093618274476,0.0246530842103084,0.0194375651558102,0.0235218880129066,0.0235389246840783,0.0188434109702567,,0.0150951209308436,0.013507603666738,0.0141698289365325
final,2026-09-04,2026-11-23,0.2191780821917808,25000.0,CE,167.95,-0.0296098465775596,24270.605751619532,0.97428820081388,0.0068952903200388,0.096781831359777,0.1530707699952126,test,9e92b9e9f91b5951213b854e123edbdbb461a111adcf442d7fee1b341f2f3312,True,0.007102511563374,0.0169466626772031,0.0120711986809386,0.0159322779806639,0.0159372519434534,0.0116303308907484,,0.0089004399350101,0.0075322578350225,0.0080985710279833
final,2026-09-07,2026-09-15,0.021917808219178,22500.0,PE,4.0,0.0570629647506865,23821.255586098367,0.9952383152473644,0.0589010988429275,0.1832115711090764,0.0062776409581752,test,d798b16fe2a330622d4b987cae07d99ab26a1937fc224a1de4bd56e919756c0c,True,0.0556341255470712,0.0555419617250002,0.055465415942539,0.0555437456668317,0.0555451085631879,0.0554654243289121,,0.0554656884403275,0.055465792870543,0.0554656471028243
final,2026-09-07,2026-09-15,0.021917808219178,23000.0,PE,7.65,0.0350840580319113,23821.255586098367,0.9952383152473644,0.0360409646639115,0.135740600457923,0.0126421738295147,test,d798b16fe2a330622d4b987cae07d99ab26a1937fc224a1de4bd56e919756c0c,True,0.0347984254765193,0.0351335878221462,0.0344787911109478,0.0351292582115079,0.0351354108775918,0.034479519114834,,0.0345273457173307,0.0345354178082164,0.0345237238061303
final,2026-09-07,2026-09-15,0.021917808219178,23300.0,PE,17.35,0.022124913389406,23821.255586098367,0.9952383152473644,0.023119682257453,0.1135697217570735,0.024574377433097,test,d798b16fe2a330622d4b987cae07d99ab26a1937fc224a1de4bd56e919756c0c,True,0.0226137784656919,0.0238136899528778,0.0219410685752556,0.0237894265229581,0.0237879999935476,0.0219462844890134,,0.0223600198657966,0.0223997825086038,0.0223413486169534
final,2026-09-07,2026-09-15,0.021917808219178,23450.0,PE,31.9,0.0157077790687726,23821.255586098367,0.9952383152473644,0.0171986443749124,0.107417576847593,0.0359774430375416,test,d798b16fe2a330622d4b987cae07d99ab26a1937fc224a1de4bd56e919756c0c,True,0.0169306025509024,0.0186977902940653,0.0158085552957971,0.0186570010893353,0.0186509140002264,0.0158187752078042,,0.0167482089412153,0.0168153120862202,0.0167162283618204
final,2026-09-07,2026-09-15,0.021917808219178,23600.0,PE,59.95,0.0093315619294966,23821.255586098367,0.9952383152473644,0.0119276446986254,0.1033700930619712,0.0488126007633837,test,d798b16fe2a330622d4b987cae07d99ab26a1937fc224a1de4bd56e919756c0c,True,0.0118168588498682,0.0141015262786773,0.0100318814542376,0.0140416065631514,0.0140362001161992,0.0100476666143535,,0.0117608949199264,0.0118556658800775,0.011715285799685
final,2026-09-07,2026-09-15,0.021917808219178,23750.0,PE,107.5,0.0029957434804108,23821.255586098367,0.9952383152473644,0.0075482070015787,0.1002138380326506,0.0577820227092689,test,d798b16fe2a330622d4b987cae07d99ab26a1937fc224a1de4bd56e919756c0c,True,0.0075256283464803,0.0101360167168248,0.0051159444611758,0.0100578574541628,0.0100571350103608,0.0051384115905053,,0.0076416636071667,0.0077540522971287,0.0075873175362523
final,2026-09-07,2026-09-15,0.021917808219178,23900.0,CE,102.55,-0.0033001849764039,23821.255586098367,0.9952383152473644,0.0043113241455269,0.0985456186702277,0.0576637053087941,test,d798b16fe2a330622d4b987cae07d99ab26a1937fc224a1de4bd56e919756c0c,True,0.0043255758163404,0.0068817952552033,0.0017637318755083,0.0067908651255134,0.0067984450720535,0.0018007322896462,,0.0045377177848044,0.0046499987924262,0.0044834301303656
final,2026-09-07,2026-09-15,0.021917808219178,24050.0,CE,52.95,-0.0095567225907091,23821.255586098367,0.9952383152473644,0.0022121969863228,0.0980198747927617,0.0477743706284655,test,d798b16fe2a330622d4b987cae07d99ab26a1937fc224a1de4bd56e919756c0c,True,0.0022334396828398,0.0043682403842914,0.0002898248815671,0.0042740664287513,0.0042889044667519,0.0003319166171794,,0.0024359541302884,0.0025307566211174,0.0023903416736309
final,2026-09-07,2026-09-15,0.021917808219178,24200.0,CE,25.4,-0.0157743592015796,23821.255586098367,0.9952383152473644,0.0010546084900264,0.0992757081748316,0.0334647163024709,test,d798b16fe2a330622d4b987cae07d99ab26a1937fc224a1de4bd56e919756c0c,True,0.0010713761651393,0.0025618307409921,1.0043482266049522e-05,0.0024755549075352,0.0024912106927739,2.305042148320613e-05,,0.0011715998002964,0.0012394621557419,0.0011392615305941
final,2026-09-07,2026-09-15,0.021917808219178,24350.0,CE,12.4,-0.0219535755675377,23821.255586098367,0.9952383152473644,0.0005116766894972,0.1032524241293497,0.0212900847199508,test,d798b16fe2a330622d4b987cae07d99ab26a1937fc224a1de4bd56e919756c0c,True,0.0005230340333751,0.0013692698065707,8.086337455628196e-09,0.0013000687019517,0.0013122383682969,4.841341141823561e-07,,0.0005013058131858,0.0005426175106429,0.0004818982136509
final,2026-09-07,2026-09-15,0.021917808219178,24500.0,CE,7.15,-0.0280948435896203,23821.255586098367,0.9952383152473644,0.0002932330178841,0.1112801983464155,0.0139924166976258,test,d798b16fe2a330622d4b987cae07d99ab26a1937fc224a1de4bd56e919756c0c,True,0.0003015881724703,0.0006563766780639,5.264754340979469e-15,0.0006084765069075,0.0006163631751677,3.173509535131452e-09,,0.0001898209423817,0.0002112728092776,0.0001799310960819
final,2026-09-07,2026-09-15,0.021917808219178,24650.0,CE,4.95,-0.034198626527638,23821.255586098367,0.9952383152473644,0.0002017721343218,0.122219625656151,0.0100697590049538,test,d798b16fe2a330622d4b987cae07d99ab26a1937fc224a1de4bd56e919756c0c,True,0.0002087918117101,0.0002768494302814,1.18747261598423e-16,0.0002487845142146,0.0002538322586232,7.834668145326942e-12,,6.336773480454354e-05,7.289772627288443e-05,5.907551623088314e-05
final,2026-09-07,2026-09-15,0.021917808219178,24800.0,CE,3.95,-0.0402653792098754,23821.255586098367,0.9952383152473644,0.0001600362356515,0.1350187829458113,0.0079234777459861,test,d798b16fe2a330622d4b987cae07d99ab26a1937fc224a1de4bd56e919756c0c,True,0.0001666116477283,0.0001003906278303,2.3116775613433177e-16,8.682535893375296e-05,8.986797051789912e-05,9.092382484128713e-15,,1.860292450847189e-05,2.2235525468928576e-05,1.7011696971818736e-05
final,2026-09-07,2026-09-15,0.021917808219178,25050.0,CE,2.85,-0.0502955535698128,23821.255586098367,0.9952383152473644,0.0001143167956325,0.155453972603041,0.0055605825578844,test,d798b16fe2a330622d4b987cae07d99ab26a1937fc224a1de4bd56e919756c0c,True,0.0001202134673482,1.219686957715932e-05,-1.6939682152667911e-16,9.814602695210927e-06,1.0553131187962774e-05,3.3306690738754696e-16,,1.8062207511056305e-06,2.328210120212471e-06,1.5900537323891876e-06
final,2026-09-07,2026-09-15,0.021917808219178,25300.0,CE,2.05,-0.0602261217724135,23821.255586098367,0.9952383152473644,8.141534217766773e-05,0.173886020118784,0.0039432542451252,test,d798b16fe2a330622d4b987cae07d99ab26a1937fc224a1de4bd56e919756c0c,True,8.64693361628284e-05,7.438065600982402e-07,2.5424817106700697e-16,5.753579976542267e-07,6.366501469173354e-07,-2.151527091980592e-16,,1.2192878311065677e-07,1.719772034519554e-07,1.025708360508628e-07
final,2026-09-07,2026-09-15,0.021917808219178,25550.0,CE,1.7,-0.0700590426886523,23821.255586098367,0.9952383152473644,6.685454378428695e-05,0.1939600872863052,0.003118076906416,test,d798b16fe2a330622d4b987cae07d99ab26a1937fc224a1de4bd56e919756c0c,True,7.170627876917477e-05,1.6946531446232328e-08,6.192770867697812e-15,1.5074900613849094e-08,1.663737241355574e-08,-1.4325052561504794e-16,,5.7306186281932015e-09,8.972594552810276e-09,4.573455437561001e-09
final,2026-09-07,2026-09-15,0.021917808219178,25800.0,CE,1.45,-0.0797962179665107,23821.255586098367,0.9952383152473644,5.64704448437841e-05,0.2135350145256581,0.0025413690288286,test,d798b16fe2a330622d4b987cae07d99ab26a1937fc224a1de4bd56e919756c0c,True,6.11612377737079e-05,8.842447207933089e-11,1.0886101233951436e-14,1.5691115174036814e-10,1.922163748055733e-10,-2.1282238907573727e-16,,1.8827483343834912e-10,3.3187445259287676e-10,1.4153810448952828e-10
final,2026-09-07,2026-09-22,0.0410958904109589,23200.0,PE,30.6,0.0275146932340908,23847.203860462807,0.9939561263694708,0.0292237037742213,0.1136762774075594,0.0391061590032422,test,d798b16fe2a330622d4b987cae07d99ab26a1937fc224a1de4bd56e919756c0c,True,0.0284305837920897,0.0304807172792908,0.0275786000922676,0.0303904984528158,0.0303896388044089,0.0275796258768716,,0.0280633058645198,0.0280817668429494,0.0279919058019376
final,2026-09-07,2026-09-22,0.0410958904109589,23450.0,PE,64.5,0.0167964770140667,23847.203860462807,0.9939561263694708,0.0197055889433165,0.1072801946810843,0.0595129383461775,test,d798b16fe2a330622d4b987cae07d99ab26a1937fc224a1de4bd56e919756c0c,True,0.0193773686602687,0.0223492580593455,0.0179988693594018,0.0222126370224922,0.0222093638910934,0.0179882621370904,,0.0191618567850904,0.0191935585490697,0.0190374977521563
final,2026-09-07,2026-09-22,0.0410958904109589,23600.0,PE,99.2,0.0104202598747907,23847.203860462807,0.9939561263694708,0.0147036889143617,0.1039918238341193,0.0711981704514414,test,d798b16fe2a330622d4b987cae07d99ab26a1937fc224a1de4bd56e919756c0c,True,0.0145512681658352,0.0180027415183205,0.0128282336134537,0.0178382705947375,0.0178346188909729,0.0128069786594844,,0.0145248540471966,0.0145635284178953,0.0143723543903626
final,2026-09-07,2026-09-22,0.0410958904109589,23750.0,PE,150.5,0.0040844414257048,23847.203860462807,0.9939561263694708,0.0104681681851814,0.1019389869891868,0.0791436958687787,test,d798b16fe2a330622d4b987cae07d99ab26a1937fc224a1de4bd56e919756c0c,True,0.010425498765088,0.0141216409392214,0.0083551268431092,0.0139331581832736,0.0139272532827989,0.0083269807071235,,0.0105586352339641,0.0106016668576166,0.0103884872823146
final,2026-09-07,2026-09-22,0.0410958904109589,23900.0,CE,166.4,-0.0022114870311099,23847.203860462807,0.9939561263694708,0.0070046784878372,0.0997863712656146,0.080477040811243,test,d798b16fe2a330622d4b987cae07d99ab26a1937fc224a1de4bd56e919756c0c,True,0.0070201863849064,0.010746609287096,0.0048041167268209,0.0105414808236105,0.0105347976349391,0.0047819825932134,,0.007328826804287,0.0073725717190891,0.0071557974670872
final,2026-09-07,2026-09-22,0.0410958904109589,24050.0,CE,104.9,-0.008468024645415,23847.203860462807,0.9939561263694708,0.0043882685020294,0.0980822707925067,0.0741721484413025,test,d798b16fe2a330622d4b987cae07d99ab26a1937fc224a1de4bd56e919756c0c,True,0.0044255862486579,0.0079003906510955,0.0023189615841525,0.0076890771049908,0.0076840337918821,0.002319383213015,,0.0048383774091159,0.004879075722832,0.0046777199896961
final,2026-09-07,2026-09-22,0.0410958904109589,24200.0,CE,63.15,-0.0146856612562857,23847.203860462807,0.9939561263694708,0.0026253715460891,0.0978377161792452,0.0619336401067253,test,d798b16fe2a330622d4b987cae07d99ab26a1937fc224a1de4bd56e919756c0c,True,0.002664211359416,0.0055835727608787,0.0008708857829498,0.0053783938961463,0.0053760922523595,0.0008976852964568,,0.0030279043055204,0.0030626140394252,0.0028914751648527
final,2026-09-07,2026-09-22,0.0410958904109589,24350.0,CE,36.6,-0.0208648776222437,23847.203860462807,0.9939561263694708,0.0015122197471891,0.0985420092621775,0.0473619323799906,test,d798b16fe2a330622d4b987cae07d99ab26a1937fc224a1de4bd56e919756c0c,True,0.0015441034957185,0.0037727082852098,0.0002254832065743,0.0035859336826681,0.003586810159832,0.000259913835916,,0.0017911830551091,0.0018183632817195,0.0016850474947104
final,2026-09-07,2026-09-22,0.0410958904109589,24600.0,CE,15.25,-0.031079471031962,23847.203860462807,0.9939561263694708,0.0006236881918031,0.1031967893291353,0.027244244136135,test,d798b16fe2a330622d4b987cae07d99ab26a1937fc224a1de4bd56e919756c0c,True,0.0006433764565494,0.0017448288907124,5.5612278271029505e-06,0.0016090509098798,0.0016097693639758,1.481775175701458e-05,,0.0006549769743846,0.0006699988978048,0.0005972378245491
final,2026-09-07,2026-09-29,0.0602739726027397,21000.0,PE,5.75,0.1283255360893959,23875.384090863357,0.995346974353926,0.1371981414682864,0.234387382981462,0.0076389378887964,test,d798b16fe2a330622d4b987cae07d99ab26a1937fc224a1de4bd56e919756c0c,True,0.1206749579344601,0.1204649693117718,0.1204331732693196,0.1204646801073708,0.1204635728347651,0.1204332229067948,,0.1204329994198414,0.1204329994320084,0.1204329989434108
final,2026-09-07,2026-09-29,0.0602739726027397,21700.0,PE,7.95,0.095535713266405,23875.384090863357,0.995346974353926,0.1006161868822363,0.1902589694106433,0.0115274983595324,test,d798b16fe2a330622d4b987cae07d99ab26a1937fc224a1de4bd56e919756c0c,True,0.0914486337491031,0.0913255747955202,0.091118585624121,0.0913177942053662,0.091318437396692,0.0911190626333585,,0.0911146390139601,0.0911146424063537,0.0911144919585869
final,2026-09-07,2026-09-29,0.0602739726027397,22000.0,PE,9.45,0.081805520454503,23875.384090863357,0.995346974353926,0.0856762848868539,0.1713854144084987,0.0142005844014978,test,d798b16fe2a330622d4b987cae07d99ab26a1937fc224a1de4bd56e919756c0c,True,0.0789465107802011,0.0789894397115528,0.0785651359392599,0.0789707124393493,0.078974389956695,0.0785660502121543,,0.0785533991334106,0.0785534211263281,0.0785524122405709
final,2026-09-07,2026-09-29,0.0602739726027397,22350.0,PE,11.85,0.0660216527532411,23875.384090863357,0.995346974353926,0.0687825273815123,0.1489764527022781,0.0185783853586106,test,d798b16fe2a330622d4b987cae07d99ab26a1937fc224a1de4bd56e919756c0c,True,0.0643880526121081,0.064867441308083,0.0639566370382583,0.0648233094876353,0.0648304886384918,0.0639575946870347,,0.0639276599709345,0.0639277920222547,0.0639215324197347
final,2026-09-07,2026-09-29,0.0602739726027397,22500.0,PE,13.95,0.0593326646024445,23875.384090863357,0.995346974353926,0.0617510801782028,0.1406873114564805,0.0217398242756348,test,d798b16fe2a330622d4b987cae07d99ab26a1937fc224a1de4bd56e919756c0c,True,0.0581937990493421,0.0589564184357976,0.0577265727873962,0.0588956249181397,0.0589029646813438,0.0577267289529949,,0.0576922096970198,0.0576924612980384,0.0576803921094877
final,2026-09-07,2026-09-29,0.0602739726027397,22900.0,PE,25.35,0.0417110632526249,23875.384090863357,0.995346974353926,0.0437053535577785,0.1212685048442053,0.0359461357259455,test,d798b16fe2a330622d4b987cae07d99ab26a1937fc224a1de4bd56e919756c0c,True,0.0419198532121681,0.0438565501599182,0.0413603461375928,0.0437309472220679,0.0437330315452185,0.0413502931604534,,0.0413928986878817,0.0413938894600868,0.0413451394019326
final,2026-09-07,2026-09-29,0.0602739726027397,23050.0,PE,35.4,0.0351822043701613,23875.384090863357,0.995346974353926,0.0373513916697206,0.116675069312884,0.0452598296524009,test,d798b16fe2a330622d4b987cae07d99ab26a1937fc224a1de4bd56e919756c0c,True,0.0360601351882137,0.0385349799613709,0.0354083694098085,0.0383777920495972,0.0383784980948316,0.0353889673496392,,0.0355406746213866,0.0355421339266615,0.0354698107739472
final,2026-09-07,2026-09-29,0.0602739726027397,23250.0,PE,56.8,0.0265428417794534,23875.384090863357,0.995346974353926,0.0293526717516421,0.1116071621117515,0.0604509146610406,test,d798b16fe2a330622d4b987cae07d99ab26a1937fc224a1de4bd56e919756c0c,True,0.028583817358852,0.0318250692115641,0.0277713609711912,0.0316217028057741,0.0316246137810787,0.0277331528551532,,0.0281464122123835,0.0281486159176032,0.028038558784765
final,2026-09-07,2026-09-29,0.0602739726027397,23400.0,PE,79.75,0.0201119514491631,23875.384090863357,0.995346974353926,0.0237396112978392,0.1074954738281584,0.0725202055624583,test,d798b16fe2a330622d4b987cae07d99ab26a1937fc224a1de4bd56e919756c0c,True,0.0232669305865541,0.0271330641640185,0.0223747100009689,0.026894176447415,0.0269005769930914,0.0223184919001449,,0.0230247787304661,0.0230275597860369,0.0228880663073407
final,2026-09-07,2026-09-29,0.0602739726027397,23550.0,PE,115.9,0.013722153350392,23875.384090863357,0.995346974353926,0.0187611846104571,0.105755652600965,0.084587134684151,test,d798b16fe2a330622d4b987cae07d99ab26a1937fc224a1de4bd56e919756c0c,True,0.0185054990485092,0.0227758719427109,0.0173755527712687,0.0225032339358081,0.0225107256082523,0.0173009003865647,,0.0183678598347195,0.0183711514472867,0.0182055328591044
final,2026-09-07,2026-09-29,0.0602739726027397,23700.0,PE,161.45,0.0073729256717332,23875.384090863357,0.995346974353926,0.0142442545861455,0.1029109993738937,0.0935077159757976,test,d798b16fe2a330622d4b987cae07d99ab26a1937fc224a1de4bd56e919756c0c,True,0.0141396189651598,0.0187887563823877,0.0128890351017169,0.0184868774564588,0.0184901933585732,0.0128005191720793,,0.0142531847138348,0.0142568429909709,0.0140724188029269
final,2026-09-07,2026-09-29,0.0602739726027397,23850.0,PE,223.5,0.0010637564784686,23875.384090863357,0.995346974353926,0.0104791993138734,0.1014151553608424,0.0977943932503597,test,d798b16fe2a330622d4b987cae07d99ab26a1937fc224a1de4bd56e919756c0c,True,0.0104680579246272,0.0152011279932918,0.0090281076109309,0.0148774089041885,0.0148755344055487,0.0089366420095717,,0.0107330619342744,0.0107368842555404,0.0105440417290594
final,2026-09-07,2026-09-29,0.0602739726027397,24000.0,CE,172.4,-0.0052058565351267,23875.384090863357,0.995346974353926,0.0072169138184159,0.098173596640494,0.095927613610784,test,d798b16fe2a330622d4b987cae07d99ab26a1937fc224a1de4bd56e919756c0c,True,0.0072545819988824,0.0120340334079884,0.0058831515388046,0.0116985505798682,0.0116940834047801,0.0058047868620213,,0.007826235967518,0.0078299948827625,0.0076404225194226
final,2026-09-07,2026-09-29,0.0602739726027397,24150.0,CE,116.1,-0.0114364062857627,23875.384090863357,0.995346974353926,0.0048299271912385,0.097006294022641,0.0877717065883663,test,d798b16fe2a330622d4b987cae07d99ab26a1937fc224a1de4bd56e919756c0c,True,0.0048854812649085,0.0092979280506729,0.003497909043821,0.0089627819592746,0.0089571962329392,0.0034487624864031,,0.0055152410644236,0.0055187242231753,0.0053433221953055
final,2026-09-07,2026-09-29,0.0602739726027397,24300.0,CE,76.2,-0.0176283765336839,23875.384090863357,0.995346974353926,0.0031504616479808,0.0970249129648927,0.075135388470632,test,d798b16fe2a330622d4b987cae07d99ab26a1937fc224a1de4bd56e919756c0c,True,0.0032064915795524,0.0069910426895061,0.0018489046668192,0.006669275825008,0.0066642698308248,0.0018371908065137,,0.0037500333157683,0.0037530779764305,0.0036001556480843
final,2026-09-07,2026-09-29,0.0602739726027397,24450.0,CE,48.6,-0.0237822421080621,23875.384090863357,0.995346974353926,0.0019970222571278,0.0975335840465672,0.0605211235560503,test,d798b16fe2a330622d4b987cae07d99ab26a1937fc224a1de4bd56e919756c0c,True,0.0020450851806593,0.0050986375264994,0.0008385172884944,0.0048028247457029,0.004798934844456,0.0008583855354621,,0.0024567110553688,0.00245922426148,0.0023334584057551
final,2026-09-07,2026-09-29,0.0602739726027397,24600.0,CE,31.3,-0.0298984691254982,23875.384090863357,0.995346974353926,0.0012783057128426,0.0993509901056481,0.0468990882305188,test,d798b16fe2a330622d4b987cae07d99ab26a1937fc224a1de4bd56e919756c0c,True,0.0013171021842518,0.003593364417215,0.000310399471073,0.0033340814626413,0.0033289251761601,0.0003439671730139,,0.0015488833694578,0.0015508444664889,0.0014531705062809
final,2026-09-07,2026-09-29,0.0602739726027397,24750.0,CE,21.15,-0.0359775152018803,23875.384090863357,0.995346974353926,0.0008585402644139,0.1027868284524573,0.0360888951526538,test,d798b16fe2a330622d4b987cae07d99ab26a1937fc224a1de4bd56e919756c0c,True,0.0008899907730646,0.0024368280366757,8.723638951036936e-05,0.0022212829676254,0.0022158278466224,0.0001158742302074,,0.0009389165946708,0.0009403646987625,0.0008686550264352
final,2026-09-07,2026-09-29,0.0602739726027397,24950.0,CE,13.85,-0.0440258483847087,23875.384090863357,0.995346974353926,0.0005577052372125,0.1094520955872656,0.0261576598404236,test,d798b16fe2a330622d4b987cae07d99ab26a1937fc224a1de4bd56e919756c0c,True,0.0005828071965458,0.0013556567892917,8.615592339859465e-06,0.0012022224034829,0.0012000243617514,2.0246569561251267e-05,,0.0004525998350584,0.0004534883593131,0.0004098934751366
final,2026-09-07,2026-09-29,0.0602739726027397,25200.0,CE,9.05,-0.0539960207045587,23875.384090863357,0.995346974353926,0.000360805822874,0.1190922765861131,0.0182834684275537,test,d798b16fe2a330622d4b987cae07d99ab26a1937fc224a1de4bd56e919756c0c,True,0.0003808234749992,0.0005716675341583,9.35272675711441e-08,0.0004877604383834,0.0004891849130075,1.407429772324752e-06,,0.0001642120970619,0.0001646349723697,0.0001441745288189
final,2026-09-07,2026-09-29,0.0602739726027397,25400.0,CE,7.4,-0.0619012002116719,23875.384090863357,0.995346974353926,0.00029270052573,0.1288929714987073,0.0149084608687221,test,d798b16fe2a330622d4b987cae07d99ab26a1937fc224a1de4bd56e919756c0c,True,0.0003113915707176,0.0002525015813725,3.06246125955568e-10,0.0002091284034419,0.0002111459524477,1.1505544690723277e-07,,6.721813423013652e-05,6.742880503951554e-05,5.7367588222492424e-05
final,2026-09-07,2026-09-29,0.0602739726027397,25600.0,CE,6.35,-0.0697443776726979,23875.384090863357,0.995346974353926,0.0002492064389516,0.1390484831092778,0.0125798753999746,test,d798b16fe2a330622d4b987cae07d99ab26a1937fc224a1de4bd56e919756c0c,True,0.0002672076316293,9.720337452804284e-05,9.282464595361043e-14,7.891679754531804e-05,8.0426071086416e-05,7.015495318682259e-09,,2.5571704458667455e-05,2.56677200830978e-05,2.1148687197409567e-05
final,2026-09-07,2026-09-29,0.0602739726027397,26000.0,CE,4.55,-0.0852485642086632,23875.384090863357,0.995346974353926,0.0001758180860634,0.1571529185184848,0.0088979259632714,test,d798b16fe2a330622d4b987cae07d99ab26a1937fc224a1de4bd56e919756c0c,True,0.0001914637360492,8.36426391977456e-06,-2.418038472629259e-16,7.225861012330687e-06,7.560397830722791e-06,1.2261724187753976e-11,,2.9730991539948836e-06,2.988498634812035e-06,2.287720532951514e-06
final,2026-09-07,2026-09-29,0.0602739726027397,27000.0,CE,2.15,-0.1229888921915101,23875.384090863357,0.995346974353926,8.000188043100925e-05,0.1970792730998106,0.0041162393520312,test,d798b16fe2a330622d4b987cae07d99ab26a1937fc224a1de4bd56e919756c0c,True,9.04718752760865e-05,3.9289981906738666e-11,-9.493106194842284e-15,9.448686057617371e-10,1.224998767683171e-09,1.0283532931308576e-10,,3.934464399878593e-09,3.972945171247289e-09,2.399823786196038e-09
final,2026-09-07,2026-10-27,0.136986301369863,23000.0,PE,87.1,0.0417624468158722,23980.87560121816,0.9846105645640344,0.0464929118160357,0.1160053083430283,0.0900815866298878,test,d798b16fe2a330622d4b987cae07d99ab26a1937fc224a1de4bd56e919756c0c,True,0.0445912396841132,0.0500012037568954,0.0457762252289504,0.0494202302484487,0.0494226461428078,0.0455113171704678,,0.0436990214884417,0.0435798375522731,0.043504776331616
final,2026-09-07,2026-10-27,0.136986301369863,23300.0,PE,135.9,0.028803302173367,23980.87560121816,0.9846105645640344,0.035145910489121,0.1108337600154934,0.1137221605462383,test,d798b16fe2a330622d4b987cae07d99ab26a1937fc224a1de4bd56e919756c0c,True,0.0341480322909861,0.0407800108992586,0.0358214906385813,0.040103331228286,0.0401148301369459,0.0354924151003618,,0.0335638366378285,0.0334013676691546,0.0332983184912069
final,2026-09-07,2026-10-27,0.136986301369863,23600.0,PE,214.95,0.0160099507134575,23980.87560121816,0.9846105645640344,0.0253892060878627,0.1078054985071323,0.1351217857035677,test,d798b16fe2a330622d4b987cae07d99ab26a1937fc224a1de4bd56e919756c0c,True,0.0249859627161871,0.0324208640720014,0.0268717363289094,0.0316673915071467,0.0316840067574434,0.0264964488036996,,0.0246930553227595,0.0244952941667772,0.0243693021804514
final,2026-09-07,2026-10-27,0.136986301369863,23750.0,PE,261.5,0.0096741322643717,23980.87560121816,0.9846105645640344,0.0209036984785066,0.1048947129722644,0.1424238982743524,test,d798b16fe2a330622d4b987cae07d99ab26a1937fc224a1de4bd56e919756c0c,True,0.0207024483642837,0.0285976700386567,0.0228405160460537,0.0278169275824877,0.0278324967333688,0.0224544023633567,,0.0208077902448651,0.0205983982005922,0.0204648281168005
final,2026-09-07,2026-10-27,0.136986301369863,23900.0,PE,323.0,0.003378203807557,23980.87560121816,0.9846105645640344,0.017109794231594,0.1038470956711711,0.146810588611085,test,d798b16fe2a330622d4b987cae07d99ab26a1937fc224a1de4bd56e919756c0c,True,0.0170520913804466,0.0250266994595387,0.0191365767111864,0.024228108665845,0.0242408320743124,0.0187505118388732,,0.017314471982129,0.0170986150590257,0.0169608334474149
final,2026-09-07,2026-10-27,0.136986301369863,24050.0,CE,321.75,-0.0028783338067481,23980.87560121816,0.9846105645640344,0.0135874820562199,0.101609538887941,0.1474092950695337,test,d798b16fe2a330622d4b987cae07d99ab26a1937fc224a1de4bd56e919756c0c,True,0.013626647704035,0.0217163681804627,0.0157787428673281,0.0209105944146755,0.0209196579344511,0.015404978643804,,0.0142199806107137,0.0140032226156366,0.0138648624998074
final,2026-09-07,2026-10-27,0.136986301369863,24200.0,CE,254.8,-0.0090959704176187,23980.87560121816,0.9846105645640344,0.0106934924311894,0.1005710877109284,0.1439401325768819,test,d798b16fe2a330622d4b987cae07d99ab26a1937fc224a1de4bd56e919756c0c,True,0.0107912038383468,0.0186726146596271,0.0127804067974732,0.0178712386361523,0.0178761302422303,0.0124317061931036,,0.0115210248202692,0.0113088961089281,0.0111735689519418
final,2026-09-07,2026-10-27,0.136986301369863,24350.0,CE,197.6,-0.0152751867835767,23980.87560121816,0.9846105645640344,0.0082418267943861,0.0995411625245972,0.136509554082834,test,d798b16fe2a330622d4b987cae07d99ab26a1937fc224a1de4bd56e919756c0c,True,0.0083686886909628,0.0158985955917866,0.0101483203276065,0.0151136903030721,0.0151134067774788,0.0098368412776404,,0.009204573360743,0.0090021567823623,0.0088731759144387
final,2026-09-07,2026-10-27,0.136986301369863,24500.0,CE,152.05,-0.0214164548056592,23980.87560121816,0.9846105645640344,0.0063031239683351,0.0992710015551191,0.1259063876120907,test,d798b16fe2a330622d4b987cae07d99ab26a1937fc224a1de4bd56e919756c0c,True,0.0064395704223729,0.0133944478937776,0.0078816256142426,0.0126380771048001,0.0126339555249677,0.0076176622873754,,0.007248981353003,0.0070605654703819,0.0069407151786141
final,2026-09-07,2026-10-27,0.136986301369863,24650.0,CE,112.25,-0.0275202377436771,23980.87560121816,0.9846105645640344,0.0046249275595709,0.0980288366398935,0.1122589753948199,test,d798b16fe2a330622d4b987cae07d99ab26a1937fc224a1de4bd56e919756c0c,True,0.0047539742184239,0.0111571350942084,0.0059712563382884,0.0104407995969046,0.0104352031860158,0.0057620081166341,,0.0056256565877048,0.005454492846534,0.0053458680652418
final,2026-09-07,2026-10-27,0.136986301369863,25000.0,CE,55.65,-0.0416191621231788,23980.87560121816,0.9846105645640344,0.0022607923174027,0.0985778939933713,0.0786425709854625,test,d798b16fe2a330622d4b987cae07d99ab26a1937fc224a1de4bd56e919756c0c,True,0.0023568700690894,0.0069333343893649,0.0027872385923995,0.00634776405506,0.0063405544108771,0.0027098284484717,,0.002936607259009,0.0028118560046366,0.0027332812526663
final,2026-09-07,2026-10-27,0.136986301369863,25500.0,CE,22.05,-0.0614217894193584,23980.87560121816,0.9846105645640344,0.0008782212109777,0.1040480254780435,0.0426682417253702,test,d798b16fe2a330622d4b987cae07d99ab26a1937fc224a1de4bd56e919756c0c,True,0.0009338541783183,0.0030479264624681,0.0006509726885621,0.002694241944451,0.0026958027869404,0.0006883698512395,,0.0010028419712092,0.0009388091097578,0.0008991108270144
final,2026-09-07,2026-10-27,0.136986301369863,26000.0,CE,13.0,-0.08083987527646,23980.87560121816,0.9846105645640344,0.0005078149859395,0.1172811545176151,0.0271373213688734,test,d798b16fe2a330622d4b987cae07d99ab26a1937fc224a1de4bd56e919756c0c,True,0.0005505716244054,0.0010830019240022,7.99968489072038e-05,0.0009307043857471,0.0009363964790194,0.0001171583558597,,0.0002877433980837,0.0002618794444576,0.0002461847725556
final,2026-09-07,2026-11-23,0.210958904109589,23000.0,PE,134.35,0.0465795194440865,24096.67189634608,0.9729193730907616,0.0536852803466859,0.1180567972257363,0.1237363079480439,test,d798b16fe2a330622d4b987cae07d99ab26a1937fc224a1de4bd56e919756c0c,True,0.0512419911465454,0.0587158208503411,0.054586184678515,0.0577757689644518,0.0577799857521352,0.0540406623410477,,0.0500387231220215,0.0496046779983897,0.0498296639545881
final,2026-09-07,2026-11-23,0.210958904109589,23700.0,PE,305.75,0.0165986872321508,24096.67189634608,0.9729193730907616,0.0299971419459104,0.1112530372761468,0.1723256727893478,test,d798b16fe2a330622d4b987cae07d99ab26a1937fc224a1de4bd56e919756c0c,True,0.0295033383521265,0.03903649115322,0.0339658146580222,0.0379251259038937,0.0379400362559676,0.0333171762732774,,0.028942731186265,0.0282860641295139,0.0286288050945926
final,2026-09-07,2026-11-23,0.210958904109589,23950.0,PE,381.6,0.006105411516312,24096.67189634608,0.9729193730907616,0.0225007725825105,0.1049319046544922,0.1811641991009911,test,d798b16fe2a330622d4b987cae07d99ab26a1937fc224a1de4bd56e919756c0c,True,0.0223638146242445,0.032984414763855,0.0277362366205045,0.0318519853282828,0.0318718469206712,0.0270922694722979,,0.0229188055190072,0.0222247035636684,0.0225872969701588
final,2026-09-07,2026-11-23,0.210958904109589,24100.0,CE,449.8,-0.0001381051233731,24096.67189634608,0.9729193730907616,0.0191833988829377,0.105086589755729,0.1831937858276035,test,d798b16fe2a330622d4b987cae07d99ab26a1937fc224a1de4bd56e919756c0c,True,0.0191860483915582,0.0296197305724119,0.0243191095167223,0.0284874217716499,0.0285073186251807,0.023691145136377,,0.0197187923396903,0.0190170330693881,0.0193836761886996
final,2026-09-07,2026-11-23,0.210958904109589,24250.0,CE,380.85,-0.0063428820102559,24096.67189634608,0.9729193730907616,0.0161422981940253,0.1047850834075703,0.1821750701903592,test,d798b16fe2a330622d4b987cae07d99ab26a1937fc224a1de4bd56e919756c0c,True,0.0162450122941862,0.0264598259389112,0.0211510337246177,0.0253377573650617,0.025356107022895,0.0205492288532329,,0.016829870619499,0.0161318698708047,0.0164964960625841
final,2026-09-07,2026-11-23,0.210958904109589,24400.0,CE,314.35,-0.01250939692592,24096.67189634608,0.9729193730907616,0.013241792770951,0.1032937610846648,0.178035464036797,test,d798b16fe2a330622d4b987cae07d99ab26a1937fc224a1de4bd56e919756c0c,True,0.0134084800175329,0.0235072175572193,0.0182364940726554,0.0224056830023544,0.0224208895081404,0.0176707243014764,,0.0142466711040853,0.0135634559147783,0.0139202076758427
final,2026-09-07,2026-11-23,0.210958904109589,24700.0,CE,207.0,-0.0247295082606953,24096.67189634608,0.9729193730907616,0.0086138348494347,0.1010702015393389,0.1609308082497946,test,d798b16fe2a330622d4b987cae07d99ab26a1937fc224a1de4bd56e919756c0c,True,0.0088295064852212,0.0182271067962996,0.0131734986758628,0.0171968716670131,0.0172036930121816,0.012705981526413,,0.0099540499686636,0.0093294920027633,0.0096550758389081
final,2026-09-07,2026-11-23,0.210958904109589,25100.0,CE,109.9,-0.040794110764502,24096.67189634608,0.9729193730907616,0.0045003585876467,0.0990260380841641,0.125046413111724,test,d798b16fe2a330622d4b987cae07d99ab26a1937fc224a1de4bd56e919756c0c,True,0.0046877428151005,0.0124644791005174,0.0079747260427157,0.0115845590202161,0.0115856499196006,0.0076737851543314,,0.00584750636649,0.005343130995725,0.0056050561338111
final,2026-09-08,2026-09-22,0.0383561643835616,22100.0,PE,5.85,0.0709448966785936,23724.837738312064,0.9940496793000322,0.0737883600024869,0.1767374972979138,0.0092284279135018,test,d38a5676585ad9ef44ffd21cdd599404bdb0768b7d3c5ed967fe1f3256ef0feb,True,0.0687348328381435,0.0686779784634235,0.0684877238513781,0.06867628860504,0.0686775791964992,0.0684879623611773,,0.0684879252229185,0.06848796336683,0.0684875910341716
final,2026-09-08,2026-09-22,0.0383561643835616,23250.0,PE,46.75,0.0202173731689353,23724.837738312064,0.9940496793000322,0.022445917460571,0.1097454748125368,0.0496915278062278,test,d38a5676585ad9ef44ffd21cdd599404bdb0768b7d3c5ed967fe1f3256ef0feb,True,0.0219966765090046,0.0244859995966921,0.0207922370857589,0.0243799073147369,0.0243756101637203,0.0207911480447824,,0.0216948010608654,0.0217055335194358,0.0215868408171598
final,2026-09-08,2026-09-22,0.0383561643835616,23450.0,PE,84.2,0.0116520103100124,23724.837738312064,0.9940496793000322,0.0153322709753602,0.1039548844922749,0.065939934115076,test,d38a5676585ad9ef44ffd21cdd599404bdb0768b7d3c5ed967fe1f3256ef0feb,True,0.0151546559912437,0.0184024466801887,0.013503284491607,0.0182598375044045,0.0182549657422834,0.0134911530155314,,0.0151251522189751,0.0151401658672883,0.0149728631269769
final,2026-09-08,2026-09-22,0.0383561643835616,23600.0,PE,130.5,0.0052757931707363,23724.837738312064,0.9940496793000322,0.0108524959044864,0.1012092897560589,0.0752102864128942,test,d38a5676585ad9ef44ffd21cdd599404bdb0768b7d3c5ed967fe1f3256ef0feb,True,0.0107953911496003,0.0143863267320564,0.0087876711835013,0.0142191306292748,0.0142127570555661,0.008768197098783,,0.010968348409553,0.0109855188169665,0.01079360690865
final,2026-09-08,2026-09-22,0.0383561643835616,23750.0,CE,170.9,-0.0010600252783493,23724.837738312064,0.9940496793000322,0.0072388630302171,0.0993362544649925,0.0780535424568951,test,d38a5676585ad9ef44ffd21cdd599404bdb0768b7d3c5ed967fe1f3256ef0feb,True,0.0072465404764402,0.0108932946227476,0.0050093509162038,0.0107079734920774,0.0107010752668513,0.0049933664701469,,0.0075721111759362,0.0075899037855263,0.0073908895963234
final,2026-09-08,2026-09-22,0.0383561643835616,23900.0,CE,106.65,-0.0073559537351642,23724.837738312064,0.9940496793000322,0.0044890544096111,0.097602916000148,0.0728196246112537,test,d38a5676585ad9ef44ffd21cdd599404bdb0768b7d3c5ed967fe1f3256ef0feb,True,0.0045221974359997,0.00795214324044,0.0023614216760168,0.0077585765384865,0.0077537421574633,0.0023655576662463,,0.0049539600600836,0.0049706967389261,0.0047837693728773
final,2026-09-08,2026-09-22,0.0383561643835616,24050.0,CE,66.15,-0.0136124913494694,23724.837738312064,0.9940496793000322,0.0027669841938448,0.0994157827685621,0.0616058362319848,test,d38a5676585ad9ef44ffd21cdd599404bdb0768b7d3c5ed967fe1f3256ef0feb,True,0.0028049072704301,0.0055670221562263,0.0008420810667894,0.0053773323525805,0.00537576340028,0.0008711383530103,,0.0030594083662235,0.0030737255290366,0.0029144035517343
final,2026-09-08,2026-09-22,0.0383561643835616,24200.0,CE,39.05,-0.0198301279603399,23724.837738312064,0.9940496793000322,0.0016232954924069,0.1009860358209085,0.0477326552637911,test,d38a5676585ad9ef44ffd21cdd599404bdb0768b7d3c5ed967fe1f3256ef0feb,True,0.0016558069374194,0.0037148097068449,0.0001963080854932,0.0035413808457072,0.0035433592475735,0.0002305015045925,,0.0017776307851886,0.0017887884226222,0.0016653404974804
final,2026-09-08,2026-09-22,0.0383561643835616,24350.0,CE,22.55,-0.026009344326298,23724.837738312064,0.9940496793000322,0.0009316214752964,0.1031314009265658,0.0345442486599431,test,d38a5676585ad9ef44ffd21cdd599404bdb0768b7d3c5ed967fe1f3256ef0feb,True,0.0009561702032985,0.0023462588899889,2.3151407555795436e-05,0.0021993745932979,0.0022020256215772,4.0732505337395114e-05,,0.0009691887416325,0.0009771241132191,0.000890013105314
final,2026-09-08,2026-09-22,0.0383561643835616,24600.0,CE,10.45,-0.0362239377360163,23724.837738312064,0.9940496793000322,0.0004273395553697,0.1111937123860539,0.0199452763928904,test,d38a5676585ad9ef44ffd21cdd599404bdb0768b7d3c5ed967fe1f3256ef0feb,True,0.0004431032649432,0.0009435711320783,3.3485317062014435e-08,0.0008519689844239,0.0008541441652854,8.347185625814111e-07,,0.0003044992793775,0.0003081857815042,0.0002684193235499
final,2026-09-08,2026-09-29,0.0575342465753424,19500.0,PE,3.2,0.1971011996938987,23748.412004186488,0.994548631962948,0.2180322843169831,0.3266538171204272,0.0036610034919169,test,d38a5676585ad9ef44ffd21cdd599404bdb0768b7d3c5ed967fe1f3256ef0feb,True,0.1790279511502357,0.1788927011054684,0.1788924667649029,0.1788927356080341,0.178892690486233,0.1788924668159001,,0.1788924667231456,0.1788924667231457,0.1788924667231458
final,2026-09-08,2026-09-29,0.0575342465753424,21750.0,PE,9.1,0.0879019077289067,23748.412004186488,0.994548631962948,0.0923016957952354,0.1854572179976408,0.0129955030384567,test,d38a5676585ad9ef44ffd21cdd599404bdb0768b7d3c5ed967fe1f3256ef0feb,True,0.0845345736461228,0.0844219812228852,0.0841554998132101,0.0844122112611375,0.0844138137049186,0.0841561132504338,,0.0841505734129767,0.0841505117346148,0.0841504002692096
final,2026-09-08,2026-09-29,0.0575342465753424,22150.0,PE,11.95,0.0696781687724552,23748.412004186488,0.994548631962948,0.0727055307044758,0.1598477122910043,0.0177221149088504,test,d38a5676585ad9ef44ffd21cdd599404bdb0768b7d3c5ed967fe1f3256ef0feb,True,0.067812008012167,0.0680287664265233,0.0673418487534946,0.0679985569385909,0.0680047115250357,0.0673431270094301,,0.0673249545549558,0.0673243265027692,0.0673231661989778
final,2026-09-08,2026-09-29,0.0575342465753424,22300.0,PE,12.95,0.0629289867975267,23748.412004186488,0.994548631962948,0.0655351114956268,0.1491510528121825,0.0197370454987449,test,d38a5676585ad9ef44ffd21cdd599404bdb0768b7d3c5ed967fe1f3256ef0feb,True,0.0615381351011953,0.0620078177087691,0.0610565449266369,0.0619645168000814,0.0619717563091991,0.0610577808034102,,0.0610352825789353,0.0610339873726376,0.0610315780122244
final,2026-09-08,2026-09-29,0.0575342465753424,22700.0,PE,22.15,0.0451507407762429,23748.412004186488,0.994548631962948,0.0471666702130924,0.1279210689794638,0.0316831028383857,test,d38a5676585ad9ef44ffd21cdd599404bdb0768b7d3c5ed967fe1f3256ef0feb,True,0.0450844213772462,0.0465309491584901,0.0444637515459861,0.0464330909900979,0.0464370933926053,0.0444600206835718,,0.0444874691739429,0.0444813326253985,0.0444697473329813
final,2026-09-08,2026-09-29,0.0575342465753424,22900.0,PE,32.15,0.0363787547034058,23748.412004186488,0.994548631962948,0.0384601845554841,0.1193442741752003,0.041902668692371,test,d38a5676585ad9ef44ffd21cdd599404bdb0768b7d3c5ed967fe1f3256ef0feb,True,0.037086194485986,0.0392502244629409,0.036376312874622,0.039113858590269,0.0391149361789441,0.0363638281199295,,0.0365162791656976,0.0365053182284204,0.0364845105956438
final,2026-09-08,2026-09-29,0.0575342465753424,23050.0,PE,44.9,0.0298498958209422,23748.412004186488,0.994548631962948,0.0322584864311024,0.1144180723053712,0.0521764023373049,test,d38a5676585ad9ef44ffd21cdd599404bdb0768b7d3c5ed967fe1f3256ef0feb,True,0.0313098034557355,0.0340636509948669,0.0304945507542129,0.0338944760386313,0.0338956345891642,0.0304709740308501,,0.0308005550462779,0.030784980055686,0.0307553146857598
final,2026-09-08,2026-09-29,0.0575342465753424,23200.0,PE,64.0,0.0233633865913355,23748.412004186488,0.994548631962948,0.0264121898310425,0.110317612829864,0.06404428348002,test,d38a5676585ad9ef44ffd21cdd599404bdb0768b7d3c5ed967fe1f3256ef0feb,True,0.0258022643354917,0.0291584607559133,0.024855757123942,0.0289546241854998,0.0289582412582744,0.024817013840763,,0.0254115724167627,0.02539094217512,0.0253515434881411
final,2026-09-08,2026-09-29,0.0575342465753424,23350.0,PE,91.5,0.0169186811486934,23748.412004186488,0.994548631962948,0.0210027211310282,0.1067397054435732,0.0762679191264813,test,d38a5676585ad9ef44ffd21cdd599404bdb0768b7d3c5ed967fe1f3256ef0feb,True,0.0206503718363592,0.0245769155243155,0.0195611920594386,0.0243386189458044,0.0243448131846722,0.0195046932725794,,0.0204481634262855,0.020422656393244,0.0203738466377056
final,2026-09-08,2026-09-29,0.0575342465753424,23500.0,PE,131.75,0.0105152441134865,23748.412004186488,0.994548631962948,0.0162078365385173,0.1044817138669361,0.0871620502108075,test,d38a5676585ad9ef44ffd21cdd599404bdb0768b7d3c5ed967fe1f3256ef0feb,True,0.0160383001014136,0.0203591176700992,0.0147311656793687,0.0200891748109742,0.0200939035014982,0.014658158929375,,0.0160027371548825,0.015973261478681,0.0159167809463065
final,2026-09-08,2026-09-29,0.0575342465753424,23650.0,PE,184.25,0.0041525503256578,23748.412004186488,0.994548631962948,0.0119945845324717,0.1019245127395093,0.0941183742952335,test,d38a5676585ad9ef44ffd21cdd599404bdb0768b7d3c5ed967fe1f3256ef0feb,True,0.0119448796889218,0.0165402691185925,0.0104940928354096,0.0162444542197095,0.0162440500214233,0.0104119547211146,,0.012147204801633,0.0121153282227232,0.0120542031635803
final,2026-09-08,2026-09-29,0.0575342465753424,23800.0,CE,200.45,-0.0021699154138291,23748.412004186488,0.994548631962948,0.0084684334550236,0.0995228659213107,0.0953936241831849,test,d38a5676585ad9ef44ffd21cdd599404bdb0768b7d3c5ed967fe1f3256ef0feb,True,0.0084868291906857,0.0131477789765804,0.0069665150979021,0.0128348319416419,0.0128307119510781,0.0068892584807564,,0.008921013727201,0.0088887119214962,0.0088267654785447
final,2026-09-08,2026-09-29,0.0575342465753424,23950.0,CE,138.5,-0.0084526585933244,23748.412004186488,0.994548631962948,0.0058145784089753,0.0989817903093598,0.0901892207379358,test,d38a5676585ad9ef44ffd21cdd599404bdb0768b7d3c5ed967fe1f3256ef0feb,True,0.0058639353599899,0.0101985266733624,0.0042256133217664,0.009879708390543,0.0098744052873796,0.0041704905761899,,0.0063245835125892,0.0062938749368459,0.0062350141976474
final,2026-09-08,2026-09-29,0.0575342465753424,24100.0,CE,92.55,-0.0146961752330094,23748.412004186488,0.994548631962948,0.0038612983209036,0.0990771406843477,0.079614729377704,test,d38a5676585ad9ef44ffd21cdd599404bdb0768b7d3c5ed967fe1f3256ef0feb,True,0.003918463664744,0.0076966446339087,0.0022808043755249,0.0073848016087921,0.0073793860408716,0.0022604566429223,,0.0043199247891122,0.0042925034390418,0.0042400020464943
final,2026-09-08,2026-09-29,0.0575342465753424,24250.0,CE,60.15,-0.0209009521198923,23748.412004186488,0.994548631962948,0.0024940081273234,0.0997295181668737,0.0660097766200448,test,d38a5676585ad9ef44ffd21cdd599404bdb0768b7d3c5ed967fe1f3256ef0feb,True,0.0025466838404576,0.0056321920737832,0.0010564162647033,0.0053403911062587,0.0053366870877002,0.0010702178043191,,0.0028380494005293,0.002815023267101,0.0027710120486396
final,2026-09-08,2026-09-29,0.0575342465753424,24400.0,CE,38.9,-0.0270674670355562,23748.412004186488,0.994548631962948,0.0016030008426388,0.101361123044367,0.0521888288550379,test,d38a5676585ad9ef44ffd21cdd599404bdb0768b7d3c5ed967fe1f3256ef0feb,True,0.0016469825668129,0.0039810320343071,0.0003988384693848,0.003720946511966,0.0037170604723114,0.0004312042612297,,0.0017908524375751,0.0017726490787909,0.0017379351630402
final,2026-09-08,2026-09-29,0.0575342465753424,24550.0,CE,25.8,-0.0331961889769297,23748.412004186488,0.994548631962948,0.0010566768312483,0.1042759065918918,0.0403221255257562,test,d38a5676585ad9ef44ffd21cdd599404bdb0768b7d3c5ed967fe1f3256ef0feb,True,0.0010923431934132,0.0027060902580469,0.0001138366865148,0.0024864284201231,0.0024814372171613,0.0001442984902651,,0.0010841982480212,0.0010706349734454,0.0010448432440762
final,2026-09-08,2026-09-29,0.0575342465753424,24700.0,CE,18.4,-0.0392875783703316,23748.412004186488,0.994548631962948,0.0007490224683983,0.1090763422350421,0.0316028955362265,test,d38a5676585ad9ef44ffd21cdd599404bdb0768b7d3c5ed967fe1f3256ef0feb,True,0.0007790354557675,0.0017599765625686,2.191964236444681e-05,0.0015852978269692,0.001581638581102,3.936579004597783e-05,,0.0006291961853525,0.0006196609050658,0.0006015903250407
final,2026-09-08,2026-09-29,0.0575342465753424,24850.0,CE,13.3,-0.0453420872790378,23748.412004186488,0.994548631962948,0.0005381448934772,0.1138840634166315,0.0246830021494183,test,d38a5676585ad9ef44ffd21cdd599404bdb0768b7d3c5ed967fe1f3256ef0feb,True,0.0005631071500928,0.0010887164616463,2.3885760452382887e-06,0.0009589465155629,0.000958006252737,8.670334297513835e-06,,0.0003497894058656,0.0003434576943959,0.0003315055442016
final,2026-09-08,2026-09-29,0.0575342465753424,25000.0,CE,10.4,-0.0513601596046008,23748.412004186488,0.994548631962948,0.000418280199309,0.1200940813132257,0.0200300343370894,test,d38a5676585ad9ef44ffd21cdd599404bdb0768b7d3c5ed967fe1f3256ef0feb,True,0.0004403243880425,0.00063612045368,1.1306433108611629e-07,0.0005469324313134,0.0005480627768611,1.5418964775824667e-06,,0.0001861953957517,0.0001822200020771,0.0001747493318017
final,2026-09-08,2026-09-29,0.0575342465753424,25300.0,CE,6.9,-0.0632887304698746,23748.412004186488,0.994548631962948,0.0002742221586379,0.1330193853265551,0.0138096148414817,test,d38a5676585ad9ef44ffd21cdd599404bdb0768b7d3c5ed967fe1f3256ef0feb,True,0.0002921382959128,0.0001767478987206,5.625587872781092e-12,0.0001451587186183,0.0001470381323909,2.6735557391296415e-08,,4.626646163211415e-05,4.4936395121772735e-05,4.2463050716005576e-05
final,2026-09-08,2026-09-29,0.0575342465753424,25550.0,CE,5.6,-0.0731216513861136,23748.412004186488,0.994548631962948,0.0002203794516907,0.1454850995396008,0.0110476131483277,test,d38a5676585ad9ef44ffd21cdd599404bdb0768b7d3c5ed967fe1f3256ef0feb,True,0.0002370977474074,4.670046298556763e-05,-1.0985448859084039e-16,3.7769691711806753e-05,3.878801825504218e-05,5.340548338082555e-10,,1.26798662630431e-05,1.2225817773043332e-05,1.139014141263205e-05
final,2026-09-08,2026-09-29,0.0575342465753424,25800.0,CE,4.8,-0.0828588266639719,23748.412004186488,0.994548631962948,0.0001870662787607,0.1582811520777768,0.0092148097798769,test,d38a5676585ad9ef44ffd21cdd599404bdb0768b7d3c5ed967fe1f3256ef0feb,True,0.0002032266406349,8.985534008490838e-06,1.7146982214900686e-17,7.633593719259032e-06,7.978726054620337e-06,7.178759412556003e-12,,3.0776806348781953e-06,2.943323168459104e-06,2.6989035143369492e-06
final,2026-09-08,2026-09-29,0.0575342465753424,26300.0,CE,3.35,-0.102053273920119,23748.412004186488,0.994548631962948,0.0001280746076781,0.1806496417569121,0.0062868029091556,test,d38a5676585ad9ef44ffd21cdd599404bdb0768b7d3c5ed967fe1f3256ef0feb,True,0.0001418352596097,8.057220755215981e-08,2.7508289628585226e-15,1.3337946230783517e-07,1.4704232489690157e-07,1.9018566757762592e-16,,1.265547890043639e-07,1.187626381257139e-07,1.0496742876796228e-07
final,2026-09-08,2026-10-27,0.1342465753424657,23000.0,PE,101.05,0.0364651391849142,23854.177401845936,0.983143091242046,0.0416069564653505,0.1138213436438107,0.0979105129662112,test,d38a5676585ad9ef44ffd21cdd599404bdb0768b7d3c5ed967fe1f3256ef0feb,True,0.0401170823282721,0.0459286062169089,0.0414074272365581,0.0453237754836297,0.0453293550257232,0.0411270700438447,,0.039335316282947,0.0391653039570605,0.0390568951572498
final,2026-09-08,2026-10-27,0.1342465753424657,23300.0,PE,157.9,0.0235059945424089,23854.177401845936,0.983143091242046,0.0306774568746071,0.1085999138701591,0.1213088168769314,test,d38a5676585ad9ef44ffd21cdd599404bdb0768b7d3c5ed967fe1f3256ef0feb,True,0.0299647618585679,0.0369760752415094,0.0317472116387436,0.0362810346794356,0.0362960140425027,0.0314074809903087,,0.0296022795707034,0.0293794098193146,0.0292361685031935
final,2026-09-08,2026-10-27,0.1342465753424657,23600.0,PE,247.75,0.0107126430824996,23854.177401845936,0.983143091242046,0.0214481062521008,0.105276245082671,0.1398639808111684,test,d38a5676585ad9ef44ffd21cdd599404bdb0768b7d3c5ed967fe1f3256ef0feb,True,0.0212195666621649,0.0289483782414486,0.0232040460876622,0.0281871908719748,0.0282029966110074,0.0228299035707116,,0.0212644316856762,0.0210041333854493,0.0208360899601587
final,2026-09-08,2026-10-27,0.1342465753424657,23750.0,PE,306.0,0.0043768246334137,23854.177401845936,0.983143091242046,0.017491539298341,0.1037507958504646,0.1448618996479909,test,d38a5676585ad9ef44ffd21cdd599404bdb0768b7d3c5ed967fe1f3256ef0feb,True,0.0174151491932583,0.0253128588973977,0.0194179812246411,0.0245316899239718,0.024544705395984,0.0190416296487354,,0.0176826216167054,0.0174128698037588,0.0172385540488917
final,2026-09-08,2026-10-27,0.1342465753424657,23900.0,CE,327.95,-0.001919103823401,23854.177401845936,0.983143091242046,0.0139570296983325,0.1020118818184597,0.1460932329225366,test,d38a5676585ad9ef44ffd21cdd599404bdb0768b7d3c5ed967fe1f3256ef0feb,True,0.0139838404054265,0.0219425177073036,0.0159845919717916,0.0211519594509467,0.021161169683809,0.0156183180498713,,0.01450761973194,0.0142355899769777,0.0140597745458285
final,2026-09-08,2026-10-27,0.1342465753424657,24050.0,CE,261.2,-0.0081756414377062,23854.177401845936,0.983143091242046,0.0110469238480698,0.1014113189558063,0.1432350014819388,test,d38a5676585ad9ef44ffd21cdd599404bdb0768b7d3c5ed967fe1f3256ef0feb,True,0.0111376097389767,0.0188439715703945,0.0129190111804095,0.0180556379154542,0.0180607767584937,0.012575817437453,,0.0117377147387909,0.0114706301438171,0.0112981216066262
final,2026-09-08,2026-10-27,0.1342465753424657,24200.0,CE,199.85,-0.0143932780485767,23854.177401845936,0.983143091242046,0.0083998601387483,0.0994615253144906,0.1361574850651464,test,d38a5676585ad9ef44ffd21cdd599404bdb0768b7d3c5ed967fe1f3256ef0feb,True,0.0085216359354306,0.0160209414303463,0.0102294278704213,0.0152470414061745,0.0152469942169207,0.009921878973362,,0.0093608128666467,0.0091053792153885,0.0089406311496467
final,2026-09-08,2026-10-27,0.1342465753424657,24350.0,CE,152.75,-0.0205724944145348,23854.177401845936,0.983143091242046,0.0063806587992103,0.098964246654526,0.1257068594640758,test,d38a5676585ad9ef44ffd21cdd599404bdb0768b7d3c5ed967fe1f3256ef0feb,True,0.0065132844089919,0.013473984467951,0.0079159722063059,0.012726808048953,0.0127226754218079,0.007654861819315,,0.0073555406628469,0.007117464522292,0.0069642485434246
final,2026-09-08,2026-10-27,0.1342465753424657,24500.0,CE,115.65,-0.0267137624366173,23854.177401845936,0.983143091242046,0.0048013439806628,0.0989657866718702,0.1129107490895213,test,d38a5676585ad9ef44ffd21cdd599404bdb0768b7d3c5ed967fe1f3256ef0feb,True,0.0049313344805231,0.0112003160010815,0.0059699964333985,0.0104916586875629,0.0104858973164878,0.0057630155659925,,0.0056929626968316,0.0054766066195647,0.0053377793406854
final,2026-09-08,2026-10-27,0.1342465753424657,24700.0,CE,76.8,-0.0348438885198675,23854.177401845936,0.983143091242046,0.0031626238017525,0.0985947291503586,0.0933976371131527,test,d38a5676585ad9ef44ffd21cdd599404bdb0768b7d3c5ed967fe1f3256ef0feb,True,0.0032747642724096,0.0085826756120278,0.0039153238619554,0.0079417506506793,0.0079349237786695,0.0037851284605628,,0.0039493375217418,0.003766091070901,0.0036491059851676
final,2026-09-08,2026-10-27,0.1342465753424657,24900.0,CE,51.85,-0.0429084483565979,23854.177401845936,0.983143091242046,0.0021180328029751,0.0997789149275047,0.0749854708088288,test,d38a5676585ad9ef44ffd21cdd599404bdb0768b7d3c5ed967fe1f3256ef0feb,True,0.0022108922854744,0.0064155705299049,0.002416957846617,0.0058571783047844,0.0058496663403035,0.0023583980814932,,0.0026641353610463,0.0025154730172846,0.0024211701279922
final,2026-09-08,2026-10-27,0.1342465753424657,25200.0,CE,30.4,-0.0548846394033136,23854.177401845936,0.983143091242046,0.0012270331929253,0.1036838684786213,0.0529004258600899,test,d38a5676585ad9ef44ffd21cdd599404bdb0768b7d3c5ed967fe1f3256ef0feb,True,0.0012962608578288,0.0039338277121251,0.0010208611203551,0.0035144436677006,0.0035120169201359,0.0010389053541334,,0.0013994028967554,0.001298970354819,0.0012360168480199
final,2026-09-08,2026-10-27,0.1342465753424657,26500.0,CE,8.05,-0.1051853778781125,23854.177401845936,0.983143091242046,0.000308982067424,0.136814167520658,0.0170401707576649,test,d38a5676585ad9ef44ffd21cdd599404bdb0768b7d3c5ed967fe1f3256ef0feb,True,0.0003432532863657,0.0001676563101827,6.828361959179598e-07,0.0001482059500906,0.0001510752210432,4.939773341580472e-06,,4.0661095808627954e-05,3.3990549477734815e-05,3.013932561518086e-05
final,2026-09-08,2026-11-23,0.2082191780821917,23000.0,PE,147.75,0.0410949596853796,23964.87401639648,0.9754469642049162,0.0485366539466897,0.1146654134096391,0.1309625714998883,test,d38a5676585ad9ef44ffd21cdd599404bdb0768b7d3c5ed967fe1f3256ef0feb,True,0.0465824706614386,0.0546954519349722,0.0503551839180685,0.0537275597956071,0.053732914730762,0.0497921011844322,,0.045713354863883,0.0451964642840619,0.0453991003637861
final,2026-09-08,2026-11-23,0.2082191780821917,23650.0,PE,319.0,0.0132260606765873,23964.87401639648,0.9754469642049162,0.0271418006386037,0.1079276133709122,0.1743835038221214,test,d38a5676585ad9ef44ffd21cdd599404bdb0768b7d3c5ed967fe1f3256ef0feb,True,0.0267851850447365,0.0368233228160117,0.0316639322569957,0.0357129694210677,0.0357299120149477,0.0310225332531549,,0.0267803763225138,0.0260551291011259,0.0263416699411933
final,2026-09-08,2026-11-23,0.2082191780821917,23850.0,PE,403.0,0.004804958280179,23964.87401639648,0.9754469642049162,0.0221391175803837,0.1076224273320087,0.1806830229321037,test,d38a5676585ad9ef44ffd21cdd599404bdb0768b7d3c5ed967fe1f3256ef0feb,True,0.0220329952050191,0.0320492792533778,0.026764172103299,0.0309259395722278,0.0309457457458077,0.0261307869217403,,0.0220831552392644,0.0213307325080688,0.0216282417916217
final,2026-09-08,2026-11-23,0.2082191780821917,24000.0,CE,431.3,-0.0014646547334162,23964.87401639648,0.9754469642049162,0.0184231782893304,0.1052613414595823,0.182037691211543,test,d38a5676585ad9ef44ffd21cdd599404bdb0768b7d3c5ed967fe1f3256ef0feb,True,0.0184501816550928,0.0287079925833229,0.0233787635196387,0.0275864495344131,0.0276058422978193,0.0227632905704757,,0.018930525761262,0.0181723418141638,0.0184721612785739
final,2026-09-08,2026-11-23,0.2082191780821917,24200.0,CE,338.4,-0.0097634575481113,23964.87401639648,0.9754469642049162,0.0143354498886344,0.103761056702811,0.1790338773472175,test,d38a5676585ad9ef44ffd21cdd599404bdb0768b7d3c5ed967fe1f3256ef0feb,True,0.0144760989382875,0.024578872165002,0.01926314146581,0.0234758430112378,0.0234922069818334,0.018687560248914,,0.0152177130028024,0.0144714448372004,0.0147664113258991
final,2026-09-08,2026-11-23,0.2082191780821917,24400.0,CE,257.95,-0.0179939566846268,23964.87401639648,0.9754469642049162,0.0108378227616838,0.1019723071984612,0.1704069202474391,test,d38a5676585ad9ef44ffd21cdd599404bdb0768b7d3c5ed967fe1f3256ef0feb,True,0.0110346031948324,0.0208264860094692,0.0156102355085648,0.0197605283508693,0.019771722860527,0.0150917441165319,,0.0120488737668979,0.0113353691998308,0.011617055363793
final,2026-09-08,2026-11-23,0.2082191780821917,24800.0,CE,145.05,-0.0342544775564071,23964.87401639648,0.9754469642049162,0.0059960105851044,0.1008883140804535,0.1403689078661086,test,d38a5676585ad9ef44ffd21cdd599404bdb0768b7d3c5ed967fe1f3256ef0feb,True,0.006204959075055,0.0144482567201562,0.0096843108197822,0.0135083562806109,0.0135098395303308,0.0093195216248942,,0.0072070839967617,0.006607601705431,0.0068432413170255
final,2026-09-08,2026-11-23,0.2082191780821917,26000.0,CE,29.25,-0.0815073624069526,23964.87401639648,0.9754469642049162,0.0011533174444978,0.1119851919582694,0.0531203736222075,test,d38a5676585ad9ef44ffd21cdd599404bdb0768b7d3c5ed967fe1f3256ef0feb,True,0.0012512585518466,0.0034139840857606,0.0012378692439803,0.0030569764622893,0.0030688687227206,0.0012854124338275,,0.0010443720715946,0.0008544400452778,0.0009270020092555
final,2026-09-09,2026-09-22,0.0356164383561643,22500.0,PE,14.85,0.0449032743383125,23533.350458960424,0.9928988077630624,0.0465914073715893,0.148599138514309,0.0204283948716599,test,50826bed50da889b90b208c9b6368d3768c0eabb416178b176f064d3f93de3f5,True,0.0445455766142985,0.0448455343773063,0.0439328048651669,0.0448255830533472,0.0448323973392883,0.0439450028093001,,0.0439795608344995,0.044012985785242,0.0440132781367338
final,2026-09-09,2026-09-22,0.0356164383561643,22900.0,PE,36.5,0.0272816729884929,23533.350458960424,0.9928988077630624,0.0292625111888153,0.1285015244133615,0.03944312437644,test,50826bed50da889b90b208c9b6368d3768c0eabb416178b176f064d3f93de3f5,True,0.0284749724605712,0.0296864383383959,0.0271692457500044,0.0296216114754542,0.0296205377215497,0.0272347753676127,,0.0276210655133026,0.0277852357506216,0.0277865621071555
final,2026-09-09,2026-09-22,0.0356164383561643,23100.0,PE,60.0,0.018585966020939,23533.350458960424,0.9928988077630624,0.0213757392965218,0.1193933215593668,0.0530794523907481,test,50826bed50da889b90b208c9b6368d3768c0eabb416178b176f064d3f93de3f5,True,0.0209821197627915,0.0228994417754594,0.0191651983265603,0.0228014835716686,0.0227957142326255,0.019288175151274,,0.0201751445476545,0.0204461195431229,0.0204482539643977
final,2026-09-09,2026-09-22,0.0356164383561643,23250.0,PE,88.0,0.0121134515153215,23533.350458960424,0.9928988077630624,0.0159991326100914,0.1130211074257655,0.0636860538959106,test,50826bed50da889b90b208c9b6368d3768c0eabb416178b176f064d3f93de3f5,True,0.0158064969895942,0.0182962598890958,0.0136072075366631,0.0181717943557233,0.0181655970642749,0.0137824725480223,,0.0152013820223493,0.015549601981823,0.0155523101781221
final,2026-09-09,2026-09-22,0.0356164383561643,23400.0,PE,133.2,0.0056825611850312,23533.350458960424,0.9928988077630624,0.0114317565244666,0.109558002241709,0.0722896102350872,test,50826bed50da889b90b208c9b6368d3768c0eabb416178b176f064d3f93de3f5,True,0.0113669790937339,0.0141873388909667,0.0087214746327861,0.0140384568149888,0.014031425466799,0.0089429354992444,,0.0109210894564728,0.0113239805338228,0.0113270909687636
final,2026-09-09,2026-09-22,0.0356164383561643,23550.0,CE,181.0,-0.0007072369137397,23533.350458960424,0.9928988077630624,0.0077407434542468,0.1074824946358962,0.0752666480282885,test,50826bed50da889b90b208c9b6368d3768c0eabb416178b176f064d3f93de3f5,True,0.0077462199301121,0.0106278005592954,0.0048198747505442,0.0104604682103506,0.0104535906579729,0.0050624293096922,,0.0074371430563939,0.007857658721299,0.0078608985885901
final,2026-09-09,2026-09-22,0.0356164383561643,23700.0,CE,111.85,-0.0070564645923985,23533.350458960424,0.9928988077630624,0.004753162402655,0.1035394558512191,0.0707829443613941,test,50826bed50da889b90b208c9b6368d3768c0eabb416178b176f064d3f93de3f5,True,0.0047868215424477,0.0076509452235535,0.0021403632152527,0.0074748183102477,0.0074708601224065,0.0023630748760949,,0.0047752512961415,0.0051719685858336,0.0051750348067546
final,2026-09-09,2026-09-22,0.0356164383561643,23850.0,CE,66.8,-0.0133656337856632,23533.350458960424,0.9928988077630624,0.0028208701153882,0.1030613045517448,0.0598518351159681,test,50826bed50da889b90b208c9b6368d3768c0eabb416178b176f064d3f93de3f5,True,0.0028588259189584,0.0052615868647589,0.0006820473443927,0.0050887834614856,0.0050888589842739,0.000843368577308,,0.0028776732462276,0.0032166118544006,0.0032192532667583
final,2026-09-09,2026-09-22,0.0356164383561643,24000.0,CE,38.4,-0.0196352467992586,23533.350458960424,0.9928988077630624,0.0016114431677128,0.1038556518020537,0.0460308042411847,test,50826bed50da889b90b208c9b6368d3768c0eabb416178b176f064d3f93de3f5,True,0.0016433969354491,0.0034328946067078,0.0001284685454206,0.003275826993211,0.0032795603777085,0.0002102043385101,,0.0016213684938237,0.0018841113493493,0.0018861862336011
final,2026-09-09,2026-09-22,0.0356164383561643,24150.0,CE,22.65,-0.0258657965498947,23533.350458960424,0.9928988077630624,0.0009445959562291,0.1069879194345731,0.0335716152646799,test,50826bed50da889b90b208c9b6368d3768c0eabb416178b176f064d3f93de3f5,True,0.0009693474111437,0.0021080620771917,9.971260161858314e-06,0.0019768415237391,0.001981013067901,3.3544903572794646e-05,,0.0008514988900259,0.0010366524204962,0.0010381411893351
final,2026-09-09,2026-09-22,0.0356164383561643,24300.0,CE,13.75,-0.0320577667978158,23533.350458960424,0.9928988077630624,0.0005698905235609,0.1112738989116979,0.0238579929675198,test,50826bed50da889b90b208c9b6368d3768c0eabb416178b176f064d3f93de3f5,True,0.0005884559339172,0.0012070643934,1.5729437982981724e-07,0.0011073073728395,0.0011104970186713,3.246966762879321e-06,,0.0004158310598991,0.0005346642035723,0.0005356415986821
final,2026-09-09,2026-09-22,0.0356164383561643,24450.0,CE,9.3,-0.0382116323721941,23533.350458960424,0.9928988077630624,0.0003830884831219,0.1179271680722608,0.0175742707745598,test,50826bed50da889b90b208c9b6368d3768c0eabb416178b176f064d3f93de3f5,True,0.000398010195304,0.000637374470115,1.5941798125069e-10,0.0005692402495713,0.0005725388896188,1.8979654876108117e-07,,0.0001885013968987,0.0002580923564335,0.0002586804409495
final,2026-09-09,2026-09-22,0.0356164383561643,24800.0,CE,5.05,-0.0524250696222495,23533.350458960424,0.9928988077630624,0.0002050853829876,0.1376940922835949,0.0100992288087714,test,50826bed50da889b90b208c9b6368d3768c0eabb416178b176f064d3f93de3f5,True,0.0002161238157296,9.67319190502188e-05,-1.695212634555951e-16,8.007593074464171e-05,8.235841362582254e-05,4.5246811510162634e-11,,2.213915293808235e-05,3.626585808963901e-05,3.639505711659427e-05
final,2026-09-09,2026-09-29,0.0547945205479452,19500.0,PE,3.65,0.1892201742750551,23561.98574548508,0.9935895731383064,0.2084953484360192,0.327955291752759,0.0040703635936114,test,50826bed50da889b90b208c9b6368d3768c0eabb416178b176f064d3f93de3f5,True,0.1725516405289155,0.1723959938038552,0.1723957305751018,0.172396033124368,0.1723959844201215,0.1723957307005235,,0.1723957305365669,0.1723957305365672,0.1723957305365674
final,2026-09-09,2026-09-29,0.0547945205479452,22000.0,PE,14.85,0.0685921864864405,23561.98574548508,0.9935895731383064,0.0716787070227574,0.1685515378531936,0.0199068058979316,test,50826bed50da889b90b208c9b6368d3768c0eabb416178b176f064d3f93de3f5,True,0.0669269378028901,0.0669636035772039,0.0663209604604447,0.0669376266765183,0.0669434946311958,0.0663300872504044,,0.0663095236658875,0.0663196809528402,0.0663241292456813
final,2026-09-09,2026-09-29,0.0547945205479452,22250.0,PE,18.6,0.0572926312325071,23561.98574548508,0.9935895731383064,0.0598069999414164,0.1524079311545725,0.0249892772693733,test,50826bed50da889b90b208c9b6368d3768c0eabb416178b176f064d3f93de3f5,True,0.0564768081549112,0.0568889611670184,0.0557663585054445,0.0568405835090861,0.0568478880843998,0.0557860197382173,,0.0557563912550175,0.0557884127632313,0.0558015312588263
final,2026-09-09,2026-09-29,0.0547945205479452,22500.0,PE,27.45,0.0461193306343819,23561.98574548508,0.9935895731383064,0.0484272376443881,0.1405029998369249,0.0341366461158594,test,50826bed50da889b90b208c9b6368d3768c0eabb416178b176f064d3f93de3f5,True,0.0462445253455567,0.0471607483564427,0.0453061806603565,0.0470785512734064,0.0470835242155765,0.0453446267444189,,0.0453390407724325,0.0454205563027324,0.0454521702346125
final,2026-09-09,2026-09-29,0.0547945205479452,22700.0,PE,38.5,0.0372697153573992,23561.98574548508,0.9935895731383064,0.0396799180277172,0.1311978286963958,0.043887030315281,test,50826bed50da889b90b208c9b6368d3768c0eabb416178b176f064d3f93de3f5,True,0.0382282779116687,0.0397346200627423,0.0370899493690015,0.0396166303920496,0.0396183047620673,0.0371507012596403,,0.0372365741913044,0.0373848012603033,0.0374402939767891
final,2026-09-09,2026-09-29,0.0547945205479452,22900.0,PE,58.55,0.0284977292845623,23561.98574548508,0.9935895731383064,0.0314809387567547,0.1245826686686459,0.0571064910033131,test,50826bed50da889b90b208c9b6368d3768c0eabb416178b176f064d3f93de3f5,True,0.0305964660753528,0.0327309842903743,0.0291391027569878,0.0325707292883258,0.032571770928629,0.0292278809734916,,0.0295259190618444,0.0297627403262767,0.0298489738473425
final,2026-09-09,2026-09-29,0.0547945205479452,23100.0,PE,90.2,0.0198020223170084,23561.98574548508,0.9935895731383064,0.0239293375126708,0.1187824206373718,0.071746387594101,test,50826bed50da889b90b208c9b6368d3768c0eabb416178b176f064d3f93de3f5,True,0.0234601490092411,0.0262567904583064,0.0216510695306433,0.0260511089783003,0.0260550318026441,0.0217702623475986,,0.0224379816511972,0.0227714931703841,0.022890494939123
final,2026-09-09,2026-09-29,0.0547945205479452,23250.0,PE,124.5,0.0133295078113909,23561.98574548508,0.9935895731383064,0.0188081287220405,0.1148664187761857,0.0820312976054175,test,50826bed50da889b90b208c9b6368d3768c0eabb416178b176f064d3f93de3f5,True,0.0185590890984744,0.0218130979774346,0.0165038190432292,0.0215744861727525,0.0215791758216963,0.0166441017144219,,0.0176804021447281,0.0180780369298237,0.0182184523829461
final,2026-09-09,2026-09-29,0.0547945205479452,23400.0,PE,171.4,0.0068986174811006,23561.98574548508,0.9935895731383064,0.0142945120312078,0.1117457750507904,0.0898752102665838,test,50826bed50da889b90b208c9b6368d3768c0eabb416178b176f064d3f93de3f5,True,0.0141962390243087,0.0177685553418768,0.0119128647395854,0.0175012191633978,0.0175020383883444,0.0120699409066019,,0.0135034068526375,0.013946364290246,0.0141018002118308
final,2026-09-09,2026-09-29,0.0547945205479452,23550.0,PE,231.75,0.0005088193823295,23561.98574548508,0.9935895731383064,0.0104132036853026,0.1087364666542176,0.0933353578787299,test,50826bed50da889b90b208c9b6368d3768c0eabb416178b176f064d3f93de3f5,True,0.0104079065931812,0.0141570922740786,0.0080185615681813,0.0138684045183665,0.0138648038863898,0.0081860426409683,,0.0099674214950358,0.0104290567093783,0.0105906748783989
final,2026-09-09,2026-09-29,0.0547945205479452,23700.0,CE,169.3,-0.0058404082963292,23561.98574548508,0.9935895731383064,0.007189547987152,0.1055508908152139,0.0910710608873083,test,50826bed50da889b90b208c9b6368d3768c0eabb416178b176f064d3f93de3f5,True,0.0072316607409947,0.0110021838210035,0.0049313076126286,0.0107024502901018,0.0106971621500147,0.0051011451693049,,0.0070920304639149,0.0075426827767339,0.0077007154042325
final,2026-09-09,2026-09-29,0.0547945205479452,23850.0,CE,112.5,-0.0121495774895939,23561.98574548508,0.9935895731383064,0.0047474140828356,0.1034446561355849,0.0828358394750973,test,50826bed50da889b90b208c9b6368d3768c0eabb416178b176f064d3f93de3f5,True,0.0048054449696509,0.0083139802245413,0.0026954597248761,0.0080156641783374,0.008010130638223,0.0028576527652749,,0.0048528933140948,0.005265491966768,0.005410979277973
final,2026-09-09,2026-09-29,0.0547945205479452,24000.0,CE,74.6,-0.0184191905031892,23561.98574548508,0.9935895731383064,0.0031283876334526,0.1040077320808877,0.0707878555480859,test,50826bed50da889b90b208c9b6368d3768c0eabb416178b176f064d3f93de3f5,True,0.0031865439532085,0.0060873291066043,0.0012604051983096,0.0058037490566456,0.0057997566103734,0.0014023932718508,,0.0031872042307046,0.0035419251290361,0.0036681712547892
final,2026-09-09,2026-09-29,0.0547945205479452,24150.0,CE,50.15,-0.0246497402538253,23561.98574548508,0.9935895731383064,0.0020900023621487,0.1063983457145944,0.057928903560536,test,50826bed50da889b90b208c9b6368d3768c0eabb416178b176f064d3f93de3f5,True,0.0021421605798043,0.0043011136111465,0.000477381833165,0.0040447681035419,0.0040418461945822,0.0005858440702413,,0.0020057501628364,0.00229245784111,0.0023958309346964
final,2026-09-09,2026-09-29,0.0547945205479452,24300.0,CE,32.5,-0.0308417105017463,23561.98574548508,0.9935895731383064,0.0013460774909768,0.1081317123523785,0.0451384156702459,test,50826bed50da889b90b208c9b6368d3768c0eabb416178b176f064d3f93de3f5,True,0.0013882396578991,0.0029191924501255,0.0001350579786836,0.0027000057675519,0.002695919615903,0.0002024410863483,,0.0012078579223837,0.0014259791509363,0.00150593768454
final,2026-09-09,2026-09-29,0.0547945205479452,24450.0,CE,22.4,-0.0369955760761247,23561.98574548508,0.9935895731383064,0.0009220662575284,0.1120376283530316,0.0351698171870621,test,50826bed50da889b90b208c9b6368d3768c0eabb416178b176f064d3f93de3f5,True,0.0009568174872904,0.0018929983943146,2.5196253718258108e-05,0.0017168741594614,0.0017132361452067,5.6481842175919866e-05,,0.0006952900503297,0.0008516648895843,0.0009101507684703
final,2026-09-09,2026-09-29,0.0547945205479452,24600.0,CE,16.05,-0.0431118030935607,23561.98574548508,0.9935895731383064,0.0006566484210673,0.116800340369259,0.0275226151009807,test,50826bed50da889b90b208c9b6368d3768c0eabb416178b176f064d3f93de3f5,True,0.0006855768156701,0.0011655625694785,2.546080100730057e-06,0.0010336266479187,0.0010323949550946,1.2530609369038048e-05,,0.0003822772348984,0.0004880423139345,0.0005285387798095
final,2026-09-09,2026-09-29,0.0547945205479452,24750.0,CE,12.4,-0.049190849169943,23561.98574548508,0.9935895731383064,0.0005042425107457,0.1230498391235847,0.0222635538455095,test,50826bed50da889b90b208c9b6368d3768c0eabb416178b176f064d3f93de3f5,True,0.0005296668233214,0.0006764418286868,1.0286321904697645e-07,0.0005852205075033,0.0005861779355816,2.2016220175922335e-06,,0.0002006332330256,0.0002681967632944,0.000294767548016
final,2026-09-09,2026-09-29,0.0547945205479452,24900.0,CE,9.65,-0.0552331636259056,23561.98574548508,0.9935895731383064,0.0003900505915929,0.1290303415861252,0.0180327164365797,test,50826bed50da889b90b208c9b6368d3768c0eabb416178b176f064d3f93de3f5,True,0.0004122003907299,0.0003668109720842,1.1154781130237424e-09,0.00030933937803,0.0003112748782611,3.0839284824289324e-07,,0.0001004788440049,0.0001412879601065,0.0001578244959324
final,2026-09-09,2026-09-29,0.0547945205479452,25100.0,CE,7.75,-0.0632332062929819,23561.98574548508,0.9935895731383064,0.0003107570254222,0.138977749351547,0.0145736506704579,test,50826bed50da889b90b208c9b6368d3768c0eabb416178b176f064d3f93de3f5,True,0.0003310417645758,0.0001432777350255,2.1847842648619478e-13,0.0001172187846904,0.0001189914294173,1.6181506256026283e-08,,3.713885730996687e-05,5.627230044294874e-05,6.43793876776693e-05
final,2026-09-09,2026-09-29,0.0547945205479452,25400.0,CE,6.05,-0.0751145341797345,23561.98574548508,0.9935895731383064,0.0002397257205765,0.1544706313703798,0.0112058767413913,test,50826bed50da889b90b208c9b6368d3768c0eabb416178b176f064d3f93de3f5,True,0.0002584261517011,2.5065834203461847e-05,-4.763321614089764e-17,2.033351171352657e-05,2.1023753037444e-05,1.0611715213734988e-10,,7.132854124583098e-06,1.2276033275667245e-05,1.4628590392863974e-05
final,2026-09-09,2026-09-29,0.0547945205479452,26000.0,CE,4.0,-0.0984618981767257,23561.98574548508,0.9935895731383064,0.0001548387362401,0.183765679157276,0.0071427705366462,test,50826bed50da889b90b208c9b6368d3768c0eabb416178b176f064d3f93de3f5,True,0.0001708602655875,1.1952690323319257e-07,-1.1722030457023574e-14,1.7300943029018714e-07,1.897985496801286e-07,9.597808375739293e-16,,1.5033064487867794e-07,3.524274397542722e-07,4.63537534611019e-07
final,2026-09-09,2026-09-29,0.0547945205479452,27000.0,CE,2.2,-0.1362022261595728,23561.98574548508,0.9935895731383064,8.200718252720569e-05,0.2271197387929086,0.0037540586550767,test,50826bed50da889b90b208c9b6368d3768c0eabb416178b176f064d3f93de3f5,True,9.397314607317572e-05,2.8812615439363536e-14,-9.899827773762865e-14,1.1551478897443106e-12,4.413775573402078e-12,1.8273311795629583e-16,,4.8861201816514825e-11,2.2336253449249798e-10,3.6355169793906976e-10
final,2026-09-09,2026-10-27,0.1315068493150684,22250.0,PE,50.95,0.0616116122638761,23663.96958959491,0.9837496654947532,0.0658769088057824,0.1322807208925095,0.0614710045105319,test,50826bed50da889b90b208c9b6368d3768c0eabb416178b176f064d3f93de3f5,True,0.0619406315317932,0.0649315304095418,0.0619438884371252,0.0645347929660331,0.0645329368693735,0.0618792513946296,,0.0605954118472101,0.0607316137069054,0.0606550212984673
final,2026-09-09,2026-10-27,0.1315068493150684,23100.0,PE,167.55,0.0241210033483774,23663.96958959491,0.9837496654947532,0.0317873294162682,0.1150073693018507,0.1208974432955865,test,50826bed50da889b90b208c9b6368d3768c0eabb416178b176f064d3f93de3f5,True,0.0310297605283714,0.0371378527743859,0.0319380170655707,0.0364632052128405,0.036477898546325,0.031777649624636,,0.0299042921557483,0.0303057491824376,0.0300833386355836
final,2026-09-09,2026-10-27,0.1315068493150684,23400.0,PE,255.55,0.0112175985124696,23663.96958959491,0.9837496654947532,0.0223820923623793,0.1107907506805247,0.138335302016165,test,50826bed50da889b90b208c9b6368d3768c0eabb416178b176f064d3f93de3f5,True,0.0221324220053919,0.0289859951288149,0.0232415169498106,0.0282427055433254,0.0282586165612581,0.0230647066468809,,0.02140996741618,0.0218797536461247,0.0216200446754865
final,2026-09-09,2026-10-27,0.1315068493150684,23550.0,PE,319.25,0.0048278004136986,23663.96958959491,0.9837496654947532,0.0186196690841395,0.110916370204472,0.1432582842544606,test,50826bed50da889b90b208c9b6368d3768c0eabb416178b176f064d3f93de3f5,True,0.0185299936796864,0.0252971528198263,0.0193904152001335,0.024532558593906,0.0245455744399915,0.019215279655785,,0.0177626666254943,0.018250202393488,0.0179808109474141
final,2026-09-09,2026-10-27,0.1315068493150684,23700.0,CE,339.2,-0.0015214272649601,23663.96958959491,0.9837496654947532,0.0145486568269599,0.1058211475599837,0.1446416476716862,test,50826bed50da889b90b208c9b6368d3768c0eabb416178b176f064d3f93de3f5,True,0.0145708083968532,0.021880267795716,0.0159021804320749,0.0211050321777628,0.0211140727714565,0.0157369198337516,,0.0145327773004287,0.0150252690361238,0.0147531660013551
final,2026-09-09,2026-10-27,0.1315068493150684,23850.0,CE,266.35,-0.0078305964582248,23663.96958959491,0.9837496654947532,0.0113521917987941,0.1036032253586471,0.1420937686271678,test,50826bed50da889b90b208c9b6368d3768c0eabb416178b176f064d3f93de3f5,True,0.0114414351901588,0.0187424910446865,0.0127933928343969,0.0179683842201441,0.0179733216742628,0.0126466405588941,,0.0117193377295673,0.0122038429164704,0.0119360781829527
final,2026-09-09,2026-10-27,0.1315068493150684,24000.0,CE,213.2,-0.0141002094718202,23663.96958959491,0.9837496654947532,0.0090300750738915,0.1044409130680865,0.1359163546830946,test,50826bed50da889b90b208c9b6368d3768c0eabb416178b176f064d3f93de3f5,True,0.0091583029192485,0.0158878970173677,0.0100731758057523,0.0151273536642345,0.0151270752092197,0.0099530908306881,,0.0093102735325129,0.0097747042406626,0.0095178678583166
final,2026-09-09,2026-10-27,0.1315068493150684,24150.0,CE,160.9,-0.0203307592224563,23663.96958959491,0.9837496654947532,0.0067725826128402,0.1026160080965226,0.1258658010982643,test,50826bed50da889b90b208c9b6368d3768c0eabb416178b176f064d3f93de3f5,True,0.0069116835821158,0.0133171865897701,0.0077419300749725,0.012582766286729,0.0125783682111856,0.0076551419485653,,0.0072835495571041,0.007717537629117,0.007477294549768
final,2026-09-09,2026-10-27,0.1315068493150684,24300.0,CE,123.95,-0.0265227294703774,23663.96958959491,0.9837496654947532,0.0051850823681877,0.1030758066984364,0.1139568333929217,test,50826bed50da889b90b208c9b6368d3768c0eabb416178b176f064d3f93de3f5,True,0.0053244448726118,0.0110274888896944,0.0057905129891774,0.0103312677331566,0.0103252743117738,0.0057410777322911,,0.0056090122285518,0.006004538983697,0.005785288902784
final,2026-09-09,2026-10-27,0.1315068493150684,24450.0,CE,94.4,-0.0326765950447556,23663.96958959491,0.9837496654947532,0.0039247186867959,0.1036301435367329,0.1007460666355359,test,50826bed50da889b90b208c9b6368d3768c0eabb416178b176f064d3f93de3f5,True,0.0040550834689355,0.0090122824327995,0.0042000307848795,0.0083652162981457,0.0083584360299454,0.0041886084126004,,0.004250675731261,0.0046024123504418,0.0044071034559319
final,2026-09-09,2026-10-27,0.1315068493150684,24600.0,CE,70.4,-0.0387928220621917,23663.96958959491,0.9837496654947532,0.0029090618459798,0.10390114433712,0.086806191282422,test,50826bed50da889b90b208c9b6368d3768c0eabb416178b176f064d3f93de3f5,True,0.0030241300446299,0.0072614513166118,0.0029423725234099,0.0066727612139116,0.0066649559349034,0.0029658501811713,,0.0031691769769915,0.0034745292094776,0.0033046297004427
final,2026-09-09,2026-10-27,0.1315068493150684,24800.0,CE,48.95,-0.0468900322948111,23663.96958959491,0.9837496654947532,0.0020063949110345,0.1057662472535932,0.0701363250531749,test,50826bed50da889b90b208c9b6368d3768c0eabb416178b176f064d3f93de3f5,True,0.0021027154216566,0.0053144621515494,0.0017201233233075,0.0048139643657132,0.0048070796848327,0.0017793130871879,,0.002088146190942,0.0023319153778995,0.0021958421832541
final,2026-09-09,2026-10-27,0.1315068493150684,25000.0,CE,35.7,-0.0549222039920754,23663.96958959491,0.9837496654947532,0.0014515888036229,0.1091602543088149,0.0567843631817767,test,50826bed50da889b90b208c9b6368d3768c0eabb416178b176f064d3f93de3f5,True,0.0015335432186546,0.0037728678241212,0.0009247754814616,0.0033664635607117,0.0033639685016389,0.0010024151190283,,0.0013355742153066,0.0015223657128228,0.0014177017127805
final,2026-09-09,2026-10-27,0.1315068493150684,26000.0,CE,11.75,-0.0941429171453566,23663.96958959491,0.9837496654947532,0.0004593882903083,0.1337471843634861,0.0230456495455202,test,50826bed50da889b90b208c9b6368d3768c0eabb416178b176f064d3f93de3f5,True,0.0005047376139828,0.0003730676187561,5.386727657146146e-06,0.0003197006313823,0.0003237791149758,1.929688896267238e-05,,9.112886486609129e-05,0.0001187416166498,0.0001028524396911
final,2026-09-09,2026-11-23,0.2054794520547945,22500.0,PE,111.8,0.0554605644364855,23783.114965095177,0.9694553229549624,0.0621527757000868,0.1256405565842278,0.1094351525761673,test,50826bed50da889b90b208c9b6368d3768c0eabb416178b176f064d3f93de3f5,True,0.0587995918660925,0.0647696561618244,0.0609898368012867,0.0639259998163828,0.063927097484349,0.0606238105549006,,0.0569925579577512,0.0571004461632566,0.0571762965062956
final,2026-09-09,2026-11-23,0.2054794520547945,23300.0,PE,275.15,0.020522513075205,23783.114965095177,0.9694553229549624,0.0329156278893096,0.1145949222439448,0.1654999573584272,test,50826bed50da889b90b208c9b6368d3768c0eabb416178b176f064d3f93de3f5,True,0.0322470009057472,0.0409989581187966,0.0359849249068883,0.0399240294967775,0.0399366044529692,0.0355090992886319,,0.0311283856891999,0.0313186639736962,0.031451127193302
final,2026-09-09,2026-11-23,0.2054794520547945,23450.0,PE,319.8,0.0141053787545715,23783.114965095177,0.9694553229549624,0.0282725338844412,0.1119552485270828,0.1727095502881432,test,50826bed50da889b90b208c9b6368d3768c0eabb416178b176f064d3f93de3f5,True,0.0278765384838433,0.03712381672795,0.0319614768364331,0.0360265588962077,0.0360429150069049,0.0314833129773989,,0.0271604218632848,0.0273603040409942,0.0274993383491113
final,2026-09-09,2026-11-23,0.2054794520547945,23600.0,PE,378.15,0.0077291616152954,23783.114965095177,0.9694553229549624,0.0242872608449281,0.1111199915043198,0.1779775709117707,test,50826bed50da889b90b208c9b6368d3768c0eabb416178b176f064d3f93de3f5,True,0.0241002642749496,0.0334511004821176,0.0281794346040055,0.0323406408492962,0.032359783555304,0.0277069791930977,,0.0235100800366028,0.0237164677379655,0.0238599530041148
final,2026-09-09,2026-11-23,0.2054794520547945,23750.0,PE,436.15,0.0013933431662096,23783.114965095177,0.9694553229549624,0.0203371269399188,0.1084959287848196,0.1805868431101711,test,50826bed50da889b90b208c9b6368d3768c0eabb416178b176f064d3f93de3f5,True,0.0203088100752129,0.0299864632415879,0.0246487668242901,0.0288726703644341,0.0288921702376717,0.0241905756909847,,0.0201836332695353,0.0203931696804957,0.0205388127507666
final,2026-09-09,2026-11-23,0.2054794520547945,23900.0,CE,392.6,-0.004902585290605,23783.114965095177,0.9694553229549624,0.0169443375612276,0.1069469283155044,0.1803061389625856,test,50826bed50da889b90b208c9b6368d3768c0eabb416178b176f064d3f93de3f5,True,0.0170276125859747,0.0267343254119991,0.0213773807850577,0.0256275945781855,0.0256457574699237,0.0209421770813597,,0.0171819304680968,0.0173911676919393,0.0175366147323613
final,2026-09-09,2026-11-23,0.2054794520547945,24050.0,CE,331.3,-0.0111591229049102,23783.114965095177,0.9694553229549624,0.0142094921233494,0.1070601346184373,0.1770550419851571,test,50826bed50da889b90b208c9b6368d3768c0eabb416178b176f064d3f93de3f5,True,0.0143689456182715,0.0236977444641496,0.0183707859285832,0.0226087443542711,0.0226239034334057,0.0179670587234645,,0.0145004551355064,0.0147060237625245,0.0148489739599733
final,2026-09-09,2026-11-23,0.2054794520547945,24200.0,CE,268.05,-0.0173767595157808,23783.114965095177,0.9694553229549624,0.0114254324244979,0.1048538156926677,0.1705772431153798,test,50826bed50da889b90b208c9b6368d3768c0eabb416178b176f064d3f93de3f5,True,0.0116257044158699,0.0208783050456085,0.0156317999310935,0.0198176927429247,0.019828819586707,0.0152673640370924,,0.0121296441303686,0.0123284113591442,0.0124667229883899
final,2026-09-09,2026-11-23,0.2054794520547945,24400.0,CE,205.9,-0.0256072586522962,23783.114965095177,0.9694553229549624,0.0087043976038449,0.1046778301951274,0.1583036791987005,test,50826bed50da889b90b208c9b6368d3768c0eabb416178b176f064d3f93de3f5,True,0.0089301717561186,0.0174566415973529,0.0123954719512008,0.0164498618670537,0.0164550629687279,0.0120935751604243,,0.0094269496512436,0.0096124326437588,0.0097416700475118
final,2026-09-09,2026-11-23,0.2054794520547945,24700.0,CE,131.2,-0.0378273699870715,23783.114965095177,0.9694553229549624,0.0054790981749398,0.1035536343945851,0.1331597712037777,test,50826bed50da889b90b208c9b6368d3768c0eabb416178b176f064d3f93de3f5,True,0.005690327996128,0.0130366127551032,0.0084100283268621,0.0121411562465008,0.0121418546410771,0.0082155183307978,,0.0062634372185811,0.0064223719540174,0.0065334305565697
final,2026-09-09,2026-11-23,0.2054794520547945,25500.0,CE,44.0,-0.0697025785175205,23783.114965095177,0.9694553229549624,0.001779855301448,0.1100951298727715,0.0705834906706099,test,50826bed50da889b90b208c9b6368d3768c0eabb416178b176f064d3f93de3f5,True,0.0019083417060185,0.0050855861413822,0.002225475760622,0.0045876470042837,0.0045963371818017,0.0022772931195789,,0.0017498470380744,0.0018292409683717,0.0018854287136568
final,2026-09-10,2026-09-29,0.0520547945205479,21000.0,PE,7.4,0.112054416532944,23490.048285754092,0.9981955171950552,0.1189267458602847,0.2327376864619437,0.0092826864128926,test,ef39a7fefc5e6de6ad76334bdd96020c7c96d507cd0be0ec479c5590d7d057b1,True,0.1063199884770183,0.1060462079086317,0.1060045504426935,0.1060461462686959,0.1060450817605965,0.1060046182624392,,0.1060043970328316,0.1060044055940355,0.1060044048036739
final,2026-09-10,2026-09-29,0.0520547945205479,22000.0,PE,14.2,0.0655344008980511,23490.048285754092,0.9981955171950552,0.0683760888968616,0.1651504748035465,0.0194076558211502,test,ef39a7fefc5e6de6ad76334bdd96020c7c96d507cd0be0ec479c5590d7d057b1,True,0.0640387766526323,0.0641228669994066,0.0634600197525101,0.064098028864078,0.0641040549162467,0.0634627255344553,,0.0634529334216561,0.0634627494105241,0.0634620344743039
final,2026-09-10,2026-09-29,0.0520547945205479,22250.0,PE,18.5,0.0542348456441177,23490.048285754092,0.9981955171950552,0.0565654709678116,0.1494683847835343,0.0250076892402551,test,ef39a7fefc5e6de6ad76334bdd96020c7c96d507cd0be0ec479c5590d7d057b1,True,0.0535793589576014,0.0540496952625271,0.0528741588313286,0.0540023528751928,0.0540095478201637,0.0528789920109926,,0.0528782411426234,0.052909504129731,0.0529073195042327
final,2026-09-10,2026-09-29,0.0520547945205479,22700.0,PE,39.05,0.03421192976901,23490.048285754092,0.9981955171950552,0.0365272633564081,0.1270724534474973,0.0445954724604922,test,ef39a7fefc5e6de6ad76334bdd96020c7c96d507cd0be0ec479c5590d7d057b1,True,0.0352987302581802,0.0369900060323583,0.0341780507518008,0.0368723606366427,0.0368735654451088,0.0341836744258786,,0.0344113550554324,0.0345542436464378,0.0345447959882733
final,2026-09-10,2026-09-29,0.0520547945205479,22950.0,PE,66.75,0.0232589177498127,23490.048285754092,0.9981955171950552,0.0264452702711455,0.1178870002933752,0.0618966979098095,test,ef39a7fefc5e6de6ad76334bdd96020c7c96d507cd0be0ec479c5590d7d057b1,True,0.0258372799127392,0.0284487211367084,0.0243686814223287,0.0282778460691351,0.0282793603033935,0.0243665867802053,,0.0250166614973579,0.0252624405393476,0.0252465110604238
final,2026-09-10,2026-09-29,0.0520547945205479,23100.0,PE,95.55,0.0167442367286191,23490.048285754092,0.9981955171950552,0.0210290483019245,0.1143558773741212,0.0734568931475369,test,ef39a7fefc5e6de6ad76334bdd96020c7c96d507cd0be0ec479c5590d7d057b1,True,0.0206798645053896,0.0237650067031542,0.0189082297332122,0.0235609395013779,0.0235641759942138,0.0188977054322241,,0.0199313350112319,0.020239308336899,0.0202195131262691
final,2026-09-10,2026-09-29,0.0520547945205479,23250.0,PE,135.15,0.0102717222230017,23490.048285754092,0.9981955171950552,0.0161480689234622,0.111078068811661,0.083407176322532,test,ef39a7fefc5e6de6ad76334bdd96020c7c96d507cd0be0ec479c5590d7d057b1,True,0.0159830494132355,0.019469746991968,0.0139357918736999,0.0192347423743113,0.019236740046097,0.0139164630653605,,0.0153922270790892,0.0157509096703049,0.0157279836519019
final,2026-09-10,2026-09-29,0.0520547945205479,23400.0,PE,187.55,0.003840831892711,23490.048285754092,0.9981955171950552,0.0118776636025898,0.1078362607311333,0.0897390796748125,test,ef39a7fefc5e6de6ad76334bdd96020c7c96d507cd0be0ec479c5590d7d057b1,True,0.0118321309909422,0.0156039981492662,0.0096098111145848,0.0153435011123341,0.0153410574917155,0.0095862120242058,,0.011483949292011,0.0118727589096595,0.0118479794010043
final,2026-09-10,2026-09-29,0.0520547945205479,23550.0,CE,193.6,-0.0025489662060597,23490.048285754092,0.9981955171950552,0.0082356679151954,0.1040016280212609,0.0906061334941472,test,ef39a7fefc5e6de6ad76334bdd96020c7c96d507cd0be0ec479c5590d7d057b1,True,0.0082566871316512,0.01219928972272,0.0060762147723467,0.0119219911168053,0.0119167319770149,0.0060587050462346,,0.0082524235460337,0.0086452343696312,0.0086202064805585
final,2026-09-10,2026-09-29,0.0520547945205479,23700.0,CE,130.5,-0.0088981938847185,23490.048285754092,0.9981955171950552,0.005516283152019,0.1024197875326848,0.0850268585681834,test,ef39a7fefc5e6de6ad76334bdd96020c7c96d507cd0be0ec479c5590d7d057b1,True,0.0055655871419445,0.0092740445736859,0.0034274713064628,0.0089913856208763,0.0089857925445355,0.0034286916051474,,0.0056962246641769,0.0060665894858465,0.0060429367220816
final,2026-09-10,2026-09-29,0.0520547945205479,23850.0,CE,84.6,-0.0152073630779832,23490.048285754092,0.9981955171950552,0.0035535821892772,0.1018067194911308,0.0740176111870973,test,ef39a7fefc5e6de6ad76334bdd96020c7c96d507cd0be0ec479c5590d7d057b1,True,0.003608035802364,0.0068307647592564,0.0016602069607491,0.0065558369086261,0.0065511081816818,0.0016863958461275,,0.0037677205173479,0.0040940422205686,0.0040731005421521
final,2026-09-10,2026-09-29,0.0520547945205479,24000.0,CE,54.1,-0.0214769760915787,23490.048285754092,0.9981955171950552,0.0022582416248481,0.10270223997151,0.0604437104457578,test,ef39a7fefc5e6de6ad76334bdd96020c7c96d507cd0be0ec479c5590d7d057b1,True,0.0023072663937103,0.004854531608465,0.0006537324831941,0.00460046181104,0.0045979270794719,0.0006967289264757,,0.0023833462321425,0.0026523711021221,0.0026349792332203
final,2026-09-10,2026-09-29,0.0520547945205479,24150.0,CE,34.75,-0.0277075258422148,23490.048285754092,0.9981955171950552,0.0014415246018019,0.1048617853603036,0.0471936523674176,test,ef39a7fefc5e6de6ad76334bdd96020c7c96d507cd0be0ec479c5590d7d057b1,True,0.0014820241623185,0.0033132540118638,0.0001928320473904,0.0030913335037328,0.0030885513466303,0.0002334639336482,,0.0014394590005753,0.0016472466772594,0.0016336820681611
final,2026-09-10,2026-09-29,0.0520547945205479,24300.0,CE,23.85,-0.0338994960901358,23490.048285754092,0.9981955171950552,0.0009832557495744,0.1093216365169734,0.036758167102711,test,ef39a7fefc5e6de6ad76334bdd96020c7c96d507cd0be0ec479c5590d7d057b1,True,0.0010171590293898,0.0021598611192831,3.751953879654012e-05,0.0019778161123685,0.0019744414385554,6.156029703147277e-05,,0.0008289865155862,0.0009795325027759,0.0009695852343403
final,2026-09-10,2026-09-29,0.0520547945205479,24450.0,CE,16.85,-0.040053361664514,23490.048285754092,0.9981955171950552,0.0006904073824422,0.1143198133940945,0.0285582736253885,test,ef39a7fefc5e6de6ad76334bdd96020c7c96d507cd0be0ec479c5590d7d057b1,True,0.0007186217880594,0.0013363007228992,3.924077234926555e-06,0.0011971518496412,0.0011954487943136,1.2530735557868268e-05,,0.0004547739688362,0.0005572146455497,0.0005503481730491
final,2026-09-10,2026-09-29,0.0520547945205479,24600.0,CE,12.6,-0.0461695886819501,23490.048285754092,0.9981955171950552,0.0005131210400448,0.1203416831480388,0.0226525949583621,test,ef39a7fefc5e6de6ad76334bdd96020c7c96d507cd0be0ec479c5590d7d057b1,True,0.0005373670343946,0.0007788370248432,1.5913281070287482e-07,0.0006806993079983,0.0006812781641316,1.95966693259937e-06,,0.0002374783846478,0.0003030252889039,0.0002985586235566
final,2026-09-10,2026-09-29,0.0520547945205479,24750.0,CE,10.35,-0.0522486347583324,23490.048285754092,0.9981955171950552,0.0004189377842097,0.1280861353896644,0.0188934929063321,test,ef39a7fefc5e6de6ad76334bdd96020c7c96d507cd0be0ec479c5590d7d057b1,True,0.0004414086353955,0.0004238344910748,1.5940052427277456e-09,0.0003607645088364,0.0003626241917761,2.375365981737229e-07,,0.0001179816593688,0.0001574657385976,0.0001547246141548
final,2026-09-10,2026-09-29,0.0520547945205479,24900.0,CE,8.35,-0.058290949214295,23490.048285754092,0.9981955171950552,0.000335947577088,0.13491717460812,0.015597770342437,test,ef39a7fefc5e6de6ad76334bdd96020c7c96d507cd0be0ec479c5590d7d057b1,True,0.0003561122807297,0.0002130667955462,2.7471562641930118e-12,0.0001767319374645,0.0001787439381793,2.2729172953023192e-08,,5.574875310790459e-05,7.816622400495105e-05,7.657754977573837e-05
final,2026-09-10,2026-09-29,0.0520547945205479,25100.0,CE,7.1,-0.0662909918813712,23490.048285754092,0.9981955171950552,0.0002833798800171,0.1462005889512792,0.0130567845790533,test,ef39a7fefc5e6de6ad76334bdd96020c7c96d507cd0be0ec479c5590d7d057b1,True,0.0003028020590635,7.358464765984223e-05,1.012194977043822e-16,5.947561038450317e-05,6.081619091680005e-05,7.171036064932676e-10,,1.897466291143467e-05,2.8605766346842445e-05,2.7902172136810236e-05
final,2026-09-10,2026-09-29,0.0520547945205479,25400.0,CE,5.8,-0.0781723197681239,23490.048285754092,0.9981955171950552,0.0002287592488238,0.1628687920154341,0.0103523608642003,test,ef39a7fefc5e6de6ad76334bdd96020c7c96d507cd0be0ec479c5590d7d057b1,True,0.0002473594285307,1.003011283356092e-05,2.644831631461841e-16,8.291371685417367e-06,8.660178423546793e-06,2.2402742151622147e-12,,3.187447746923286e-06,5.435409931643892e-06,5.2625238580679455e-06
final,2026-09-10,2026-09-29,0.0520547945205479,25800.0,CE,4.35,-0.0937976376712047,23490.048285754092,0.9981955171950552,0.0001689094453525,0.1827887837935472,0.007602719558691,test,ef39a7fefc5e6de6ad76334bdd96020c7c96d507cd0be0ec479c5590d7d057b1,True,0.0001855195713981,2.407015383617834e-07,1.1007584936493664e-14,2.9236061545336836e-07,3.180460355663478e-07,6.606354609933617e-16,,2.1684527460931897e-07,4.474854583245855e-07,4.283060488289019e-07
final,2026-09-10,2026-09-29,0.0520547945205479,26300.0,CE,2.5,-0.1129920849273519,23490.048285754092,0.9981955171950552,9.522887308454766e-05,0.2005522908653665,0.0045647949852678,test,ef39a7fefc5e6de6ad76334bdd96020c7c96d507cd0be0ec479c5590d7d057b1,True,0.0001066204433322,1.2263235524474027e-10,-3.063718335440495e-12,1.299497391306795e-09,1.6415727210288275e-09,1.3758396000608664e-16,,4.631994621215806e-09,1.2642650795049282e-08,1.1898882958002537e-08
final,2026-09-10,2026-09-29,0.0520547945205479,27000.0,CE,2.0,-0.1392600117479621,23490.048285754092,0.9981955171950552,7.420798109995862e-05,0.2351365271991367,0.0033574963952505,test,ef39a7fefc5e6de6ad76334bdd96020c7c96d507cd0be0ec479c5590d7d057b1,True,8.529635466581847e-05,-8.436407279532658e-14,-3.019832083220195e-13,6.150862288831636e-14,7.68041720629723e-13,4.976783139490144e-17,,8.87132211700363e-12,3.853132141240465e-11,3.526512751679185e-11
final,2026-09-10,2026-10-06,0.0712328767123287,23400.0,PE,213.15,0.0050288845048965,23517.97228328496,0.9932300114329556,0.014212612913939,0.1078943249454846,0.1045901566335302,test,ef39a7fefc5e6de6ad76334bdd96020c7c96d507cd0be0ec479c5590d7d057b1,True,0.0141413187404147,0.0188202606932285,0.0127180170057707,0.0184358140647472,0.0184402624885689,0.0126244757460203,,0.0137646020544798,0.014182597180261,0.0138369620634418
final,2026-09-10,2026-10-06,0.0712328767123287,23550.0,CE,245.5,-0.0013609135938745,23517.97228328496,0.9932300114329556,0.0104956841115446,0.1049109081625763,0.1064119233160322,test,ef39a7fefc5e6de6ad76334bdd96020c7c96d507cd0be0ec479c5590d7d057b1,True,0.0105099775545934,0.0153441273526077,0.0090980710661366,0.0149415380209019,0.0149406131495189,0.009008153152341,,0.0104439700277189,0.0108694558871037,0.010517660572159
final,2026-09-10,2026-10-06,0.0712328767123287,23700.0,CE,174.35,-0.0077101412725332,23517.97228328496,0.9932300114329556,0.0074066832452784,0.1019751810051763,0.1026733793115274,test,ef39a7fefc5e6de6ad76334bdd96020c7c96d507cd0be0ec479c5590d7d057b1,True,0.0074640105362254,0.0122678643435755,0.0061331963544684,0.0118587389179521,0.0118549085580915,0.0060609593496204,,0.007701954060258,0.0081137839162098,0.0077731991252612
final,2026-09-10,2026-10-06,0.0712328767123287,23850.0,CE,123.45,-0.0140193104657979,23517.97228328496,0.9932300114329556,0.0052113816229366,0.1018748245777403,0.0938697181826897,test,ef39a7fefc5e6de6ad76334bdd96020c7c96d507cd0be0ec479c5590d7d057b1,True,0.0052849561267395,0.0095975691837848,0.0038428190047248,0.0091950255259553,0.0091890037439802,0.0038007147626013,,0.0055124236516407,0.0058918118447669,0.0055778803577895
final,2026-09-10,2026-10-06,0.0712328767123287,24000.0,CE,87.0,-0.0202889234793932,23517.97228328496,0.9932300114329556,0.0036497084847145,0.103076851286839,0.0819425660432943,test,ef39a7fefc5e6de6ad76334bdd96020c7c96d507cd0be0ec479c5590d7d057b1,True,0.0037245134307519,0.0073292493220768,0.0021985622066533,0.0069468223510369,0.0069410918090063,0.0021921186759626,,0.0038242866264144,0.0041572446975397,0.00388149064941
final,2026-09-10,2026-10-06,0.0712328767123287,24200.0,CE,52.75,-0.0285877262940884,23517.97228328496,0.9932300114329556,0.0021946095476625,0.1046770311514331,0.0639804360727873,test,ef39a7fefc5e6de6ad76334bdd96020c7c96d507cd0be0ec479c5590d7d057b1,True,0.0022582538330134,0.0049035842387828,0.0008699016263783,0.0045672780285215,0.0045607240647461,0.0009013444739748,,0.0022335778290497,0.0024934289807469,0.002277866731914
final,2026-09-10,2026-10-27,0.1287671232876712,22250.0,PE,54.35,0.0586994472057166,23595.156450460396,0.9824311741671854,0.0629428490793855,0.1314631905652941,0.0640820772289967,test,ef39a7fefc5e6de6ad76334bdd96020c7c96d507cd0be0ec479c5590d7d057b1,True,0.0593544863733675,0.0624383029922774,0.0593215420590009,0.0620356848399787,0.0620337241412712,0.0591861213113183,,0.05796970507296,0.0580891589565634,0.0580460388751582
final,2026-09-10,2026-10-27,0.1287671232876712,22900.0,PE,132.25,0.0299045452577718,23595.156450460396,0.9824311741671854,0.036234562377357,0.1162505299531102,0.1090516403894684,test,ef39a7fefc5e6de6ad76334bdd96020c7c96d507cd0be0ec479c5590d7d057b1,True,0.0351670259183759,0.0408302300238235,0.0359490097022071,0.0402111679122959,0.0402215446797035,0.0356858417709556,,0.0340266305154772,0.0343149861407759,0.0342123781393659
final,2026-09-10,2026-10-27,0.1287671232876712,23200.0,PE,207.85,0.0168891771457015,23595.156450460396,0.9824311741671854,0.026151872152811,0.1124518158698734,0.1300221534633444,test,ef39a7fefc5e6de6ad76334bdd96020c7c96d507cd0be0ec479c5590d7d057b1,True,0.0257138974780299,0.0322003912499039,0.0266554567076109,0.0314999941415898,0.0315169499864969,0.026346196901728,,0.0248174772591253,0.0251744498549032,0.0250478620662913
final,2026-09-10,2026-10-27,0.1287671232876712,23400.0,PE,275.75,0.00830543345431,23595.156450460396,0.9824311741671854,0.0203349440289435,0.1100308901885633,0.1394171406357623,test,ef39a7fefc5e6de6ad76334bdd96020c7c96d507cd0be0ec479c5590d7d057b1,True,0.0201667529213604,0.027007761057355,0.0211616856840307,0.0262694350661124,0.0262841203743971,0.0208386447161087,,0.0195381379378951,0.0199239852820146,0.0197873256021217
final,2026-09-10,2026-10-27,0.1287671232876712,23550.0,PE,338.3,0.0019156353555389,23595.156450460396,0.9824311741671854,0.016539544480235,0.1086086996445531,0.1428201580356135,test,ef39a7fefc5e6de6ad76334bdd96020c7c96d507cd0be0ec479c5590d7d057b1,True,0.0165078910719379,0.0234285986154213,0.0174567256447574,0.0226732109115628,0.0226840688145817,0.0171359347642302,,0.0160664585706574,0.016462227607921,0.0163221057359964
final,2026-09-10,2026-10-27,0.1287671232876712,23700.0,CE,301.0,-0.0044335923231198,23595.156450460396,0.9824311741671854,0.0129275437047226,0.1052706625812778,0.1424644919839833,test,ef39a7fefc5e6de6ad76334bdd96020c7c96d507cd0be0ec479c5590d7d057b1,True,0.0129849864079179,0.0201299431595628,0.014131691480972,0.0193687796655591,0.0193756003338332,0.0138255218006393,,0.0130201922919329,0.0134150686160897,0.0132752501385451
final,2026-09-10,2026-10-27,0.1287671232876712,23850.0,CE,238.2,-0.0107427615163845,23595.156450460396,0.9824311741671854,0.0101660265332217,0.104669719548077,0.1381353423196832,test,ef39a7fefc5e6de6ad76334bdd96020c7c96d507cd0be0ec479c5590d7d057b1,True,0.0102758264530433,0.0171177702930699,0.011200559507444,0.0163630748187986,0.0163651924659038,0.010921682649695,,0.0103930118027882,0.0107764540711454,0.010640610488499
final,2026-09-10,2026-10-27,0.1287671232876712,24000.0,CE,185.35,-0.0170123745299799,23595.156450460396,0.9824311741671854,0.0078610256573071,0.1042016670829094,0.1301609874789396,test,ef39a7fefc5e6de6ad76334bdd96020c7c96d507cd0be0ec479c5590d7d057b1,True,0.0079959044209553,0.0143946719942182,0.0086686746225364,0.0136591392852884,0.0136562015100302,0.0084287058152375,,0.0081674318214123,0.0085299920167438,0.0084014197416973
final,2026-09-10,2026-10-27,0.1287671232876712,24150.0,CE,141.1,-0.0232429242806159,23595.156450460396,0.9824311741671854,0.0059471342697085,0.1035982950236135,0.1190969701168042,test,ef39a7fefc5e6de6ad76334bdd96020c7c96d507cd0be0ec479c5590d7d057b1,True,0.0060869820005223,0.0119595870835836,0.0065315741115524,0.0112557646209511,0.0112500691804113,0.0063395864547268,,0.0063164007243181,0.0066503790541257,0.0065317743394098
final,2026-09-10,2026-10-27,0.1287671232876712,24300.0,CE,105.7,-0.029434894528537,23595.156450460396,0.9824311741671854,0.0044275816495445,0.1032143355906574,0.1059205660624881,test,ef39a7fefc5e6de6ad76334bdd96020c7c96d507cd0be0ec479c5590d7d057b1,True,0.0045598440641758,0.0098076496653461,0.0047744000932771,0.0091472845416294,0.0091407070782334,0.0046355634620156,,0.0048055148465826,0.0051053803729577,0.0049986935033801
final,2026-09-10,2026-10-27,0.1287671232876712,24450.0,CE,78.95,-0.0355887601029152,23595.156450460396,0.9824311741671854,0.0032867837867044,0.1034749814322395,0.092041446961139,test,ef39a7fefc5e6de6ad76334bdd96020c7c96d507cd0be0ec479c5590d7d057b1,True,0.0034058627139704,0.0079301757399268,0.0033720744020274,0.0073235553313862,0.0073159095247708,0.0032867244272628,,0.0035955659943876,0.0038581161827064,0.0037644942324651
final,2026-09-10,2026-10-27,0.1287671232876712,24600.0,CE,59.05,-0.0417049871203513,23595.156450460396,0.9824311741671854,0.0024433329959219,0.1042823243451603,0.0785377422151965,test,ef39a7fefc5e6de6ad76334bdd96020c7c96d507cd0be0ec479c5590d7d057b1,True,0.0025473868683971,0.0063148018727046,0.0022903457428958,0.0057701461709825,0.0057618664407992,0.0022537691675239,,0.002645125462134,0.0028693993160512,0.0027892128928884
final,2026-09-10,2026-10-27,0.1287671232876712,24800.0,CE,40.75,-0.0498021973529708,23595.156450460396,0.9824311741671854,0.0016725295415052,0.1062813788111874,0.0625556508714593,test,ef39a7fefc5e6de6ad76334bdd96020c7c96d507cd0be0ec479c5590d7d057b1,True,0.0017579342063874,0.0045410316030717,0.0012743078851,0.0040873037468602,0.0040815868200747,0.0012880723463588,,0.0017104601847418,0.0018855261212472,0.0018226721725111
final,2026-09-10,2026-10-27,0.1287671232876712,25500.0,CE,16.05,-0.0776369963464147,23595.156450460396,0.9824311741671854,0.0006406675411531,0.1219358577618739,0.0308271165968615,test,ef39a7fefc5e6de6ad76334bdd96020c7c96d507cd0be0ec479c5590d7d057b1,True,0.0006923888101231,0.0010750758916161,6.652781394270516e-05,0.0009213127787154,0.0009264303413502,0.0001020122297042,,0.0002916461117524,0.0003448445191314,0.0003253634218661
final,2026-09-10,2026-10-27,0.1287671232876712,26500.0,CE,7.3,-0.1161032771742108,23595.156450460396,0.9824311741671854,0.0002803979610548,0.1500139452803113,0.0148163764623527,test,ef39a7fefc5e6de6ad76334bdd96020c7c96d507cd0be0ec479c5590d7d057b1,True,0.0003149182750092,4.325644720101947e-05,6.103058970365296e-09,4.195866900047213e-05,4.3266922821807965e-05,5.064029629377556e-07,,1.2107140873216654e-05,1.6424335896071066e-05,1.4777896746276085e-05
final,2026-09-10,2026-11-23,0.2027397260273972,22500.0,PE,121.75,0.0518136790311879,23696.5386331709,0.9752299271187156,0.0587280438837074,0.1247062441634436,0.114303876722097,test,ef39a7fefc5e6de6ad76334bdd96020c7c96d507cd0be0ec479c5590d7d057b1,True,0.0557626161288265,0.0619338542040838,0.0580074991244491,0.0610738024744833,0.061076144982396,0.057542078019302,,0.0539437198173777,0.0540018642425879,0.0541498811979629
final,2026-09-10,2026-11-23,0.2027397260273972,23200.0,PE,272.5,0.0211767095692981,23696.5386331709,0.9752299271187156,0.0334465482232768,0.1158838948611392,0.1636311263075687,test,ef39a7fefc5e6de6ad76334bdd96020c7c96d507cd0be0ec479c5590d7d057b1,True,0.0327457073284879,0.0411916390700373,0.036177650870494,0.0401309862449845,0.0401432918908481,0.0355877926114654,,0.0314153278731571,0.0315100649866937,0.0317490998070248
final,2026-09-10,2026-11-23,0.2027397260273972,23400.0,PE,334.2,0.0125929658779066,23696.5386331709,0.9752299271187156,0.0273173953092822,0.1126245348775593,0.1730272849089136,test,ef39a7fefc5e6de6ad76334bdd96020c7c96d507cd0be0ec479c5590d7d057b1,True,0.0269755452529425,0.0360178701583256,0.0308053503146409,0.0349275057597771,0.0349446093272031,0.0302074602708722,,0.0261251317776916,0.0262262906700186,0.0264812346562475
final,2026-09-10,2026-11-23,0.2027397260273972,23600.0,PE,413.1,0.004082276209998,23696.5386331709,0.9752299271187156,0.0220394511933133,0.1107205961494617,0.1786084935135,test,ef39a7fefc5e6de6ad76334bdd96020c7c96d507cd0be0ec479c5590d7d057b1,True,0.021949663459882,0.0312116199716268,0.025873682759276,0.0301082283394746,0.0301276002245876,0.0252848224210922,,0.0214106992846261,0.0215153844255997,0.0217790666349488
final,2026-09-10,2026-11-23,0.2027397260273972,23750.0,CE,435.1,-0.0022535422390877,23696.5386331709,0.9752299271187156,0.0187853135866388,0.1108668209333954,0.1795936727868506,test,ef39a7fefc5e6de6ad76334bdd96020c7c96d507cd0be0ec479c5590d7d057b1,True,0.0188276948202949,0.0278558584897474,0.0224778959713676,0.0267546468377465,0.0267732311610606,0.0219078145742345,,0.0182594623920619,0.0183647373040256,0.0186298928276165
final,2026-09-10,2026-11-23,0.2027397260273972,23900.0,CE,355.5,-0.0085494706959026,23696.5386331709,0.9752299271187156,0.0152522770003519,0.1074065053847109,0.1775508371222638,test,ef39a7fefc5e6de6ad76334bdd96020c7c96d507cd0be0ec479c5590d7d057b1,True,0.015383234908331,0.0247177715178641,0.0193495839037588,0.0236294579241264,0.0236456620737354,0.0188086549637906,,0.0154358382608548,0.0155399371102046,0.0158022013616475
final,2026-09-10,2026-11-23,0.2027397260273972,24200.0,CE,241.3,-0.0210236449210783,23696.5386331709,0.9752299271187156,0.0102243318246236,0.1059196673669217,0.1646738215059442,test,ef39a7fefc5e6de6ad76334bdd96020c7c96d507cd0be0ec479c5590d7d057b1,True,0.0104415600095085,0.0191021578419812,0.0139088882610156,0.0180719860473919,0.0180799694776748,0.0134549906800919,,0.0107356609173291,0.0108325504877926,0.011077009978061
final,2026-09-10,2026-11-23,0.2027397260273972,24400.0,CE,176.85,-0.0292541440575937,23696.5386331709,0.9752299271187156,0.0074320430681264,0.103707727755147,0.1497574302995394,test,ef39a7fefc5e6de6ad76334bdd96020c7c96d507cd0be0ec479c5590d7d057b1,True,0.0076526725556633,0.0158468427843057,0.0108838791385478,0.014878191855685,0.0148807652792352,0.0105050954144751,,0.0082553286359048,0.0083444665133239,0.0085697381588557
final,2026-09-10,2026-11-23,0.2027397260273972,24550.0,CE,143.1,-0.0353828659989671,23696.5386331709,0.9752299271187156,0.005976970566814,0.1040114938622688,0.1374029070429882,test,ef39a7fefc5e6de6ad76334bdd96020c7c96d507cd0be0ec479c5590d7d057b1,True,0.0061922388618345,0.0136575355683818,0.0089227574450019,0.0127456140011123,0.01274628663791,0.0086059954654902,,0.0067044184819016,0.0067866453598518,0.0069947788976037
final,2026-09-10,2026-11-23,0.2027397260273972,25500.0,CE,39.15,-0.073349463922818,23696.5386331709,0.9752299271187156,0.0015742893803341,0.1119241371349214,0.064589959083246,test,ef39a7fefc5e6de6ad76334bdd96020c7c96d507cd0be0ec479c5590d7d057b1,True,0.0016941030848414,0.0043517705414846,0.0017474490477687,0.0039090183166874,0.0039189393878713,0.001771535123353,,0.0014324513606664,0.0014674580609163,0.0015575356023559
final,2026-09-11,2026-09-22,0.0301369863013698,22050.0,PE,11.4,0.0621259561143841,23463.324864369253,0.9936347194456252,0.0646166845087508,0.1996670098005859,0.0134689543746597,test,532f111f183057b70433da2f7497a73a85da7a93c0a6230dbd898e9fef3463a2,True,0.0607244668713432,0.0603955910450161,0.0602362696788502,0.0603960512840348,0.0603976405074612,0.0602377226832056,0.0602380357247397,0.0602366181909266,0.0602394703602419,0.0602407146334703
final,2026-09-11,2026-09-22,0.0301369863013698,22250.0,PE,14.3,0.05309654939499,23463.324864369253,0.9936347194456252,0.0551782683587855,0.1834145143489925,0.0167895172989507,test,532f111f183057b70433da2f7497a73a85da7a93c0a6230dbd898e9fef3463a2,True,0.0523249146521153,0.0520466339772862,0.0517151236740526,0.0520442244384204,0.052048277620445,0.0517200074483593,0.0517209014854512,0.0517189912266838,0.0517313636481224,0.0517360500556345
final,2026-09-11,2026-09-22,0.0301369863013698,22500.0,PE,20.95,0.0419232487968647,23463.324864369253,0.9936347194456252,0.0437515142782839,0.165255502942877,0.0233128482441492,test,532f111f183057b70433da2f7497a73a85da7a93c0a6230dbd898e9fef3463a2,True,0.0419552248861491,0.041843899533807,0.0410781785724376,0.0418319467178245,0.041838416301931,0.0410976292753005,0.0411007757158102,0.0411130169210364,0.041168718415143,0.0411868778355031
final,2026-09-11,2026-09-22,0.0301369863013698,22750.0,PE,32.6,0.0308734126102797,23463.324864369253,0.9936347194456252,0.0327970857944755,0.1475094514888495,0.0329675055186298,test,532f111f183057b70433da2f7497a73a85da7a93c0a6230dbd898e9fef3463a2,True,0.0317999987698834,0.0321118072101569,0.0305152483134729,0.0320796598409268,0.0320822755113933,0.0305798739068224,0.0305877383702891,0.0307040020809979,0.0308791163112716,0.0309298675816183
final,2026-09-11,2026-09-22,0.0301369863013698,22900.0,PE,44.85,0.0243016474470452,23463.324864369253,0.9936347194456252,0.026570400699624,0.1381324272495667,0.0409389248851192,test,532f111f183057b70433da2f7497a73a85da7a93c0a6230dbd898e9fef3463a2,True,0.0259324788596088,0.0266300446592525,0.0242944260149911,0.0265796634181636,0.0265766681813406,0.0244137308679388,0.02442240645823,0.0247181964880418,0.025012251856269,0.0250929783550131
final,2026-09-11,2026-09-22,0.0301369863013698,23050.0,PE,63.8,0.0177727885645817,23463.324864369253,0.9936347194456252,0.020717291574825,0.1297650670723343,0.0502819987778949,test,532f111f183057b70433da2f7497a73a85da7a93c0a6230dbd898e9fef3463a2,True,0.0203523402399327,0.02151878506093,0.0182905164088347,0.021446277775992,0.0214388427657878,0.0184901022917985,0.0184940596449403,0.019111112235093,0.0195471474761376,0.0196619808474158
final,2026-09-11,2026-09-22,0.0301369863013698,23200.0,PE,92.0,0.0112862793349748,23463.324864369253,0.9936347194456252,0.0153411302415691,0.1218392412497355,0.0597251709120965,test,532f111f183057b70433da2f7497a73a85da7a93c0a6230dbd898e9fef3463a2,True,0.0151689593722023,0.0168672959005601,0.0127080320857715,0.0167708275491443,0.0167627807080192,0.0130045448976638,0.0130047526016397,0.0140748822150665,0.0146469747645078,0.0147933709348556
final,2026-09-11,2026-09-22,0.0301369863013698,23350.0,PE,135.45,0.0048415738923328,23463.324864369253,0.9936347194456252,0.0106913303972965,0.1157025977760393,0.0671073619973247,test,532f111f183057b70433da2f7497a73a85da7a93c0a6230dbd898e9fef3463a2,True,0.0106396926360583,0.0127588467836701,0.0078523258906462,0.0126399618731893,0.01263238401976,0.0082329769173771,0.0082388875886569,0.0097930523933922,0.0104585780167136,0.0106261912850833
final,2026-09-11,2026-09-22,0.0301369863013698,23500.0,CE,159.9,-0.0015618631428741,23463.324864369253,0.9936347194456252,0.0068478437659114,0.1098633396179443,0.0690753568402531,test,532f111f183057b70433da2f7497a73a85da7a93c0a6230dbd898e9fef3463a2,True,0.0068585475174191,0.0092587029472982,0.0040766554166911,0.009123138604433,0.0091183467248168,0.0044830935337122,0.0044997826462899,0.0063874211475478,0.007075361016909,0.007248061191109
final,2026-09-11,2026-09-22,0.0301369863013698,23650.0,CE,95.4,-0.0079245569307027,23463.324864369253,0.9936347194456252,0.004059667561464,0.1064207427347595,0.0634174846348399,test,532f111f183057b70433da2f7497a73a85da7a93c0a6230dbd898e9fef3463a2,True,0.0040919664362838,0.0064021749821676,0.0016253314098539,0.0062596210945368,0.0062605769314103,0.0019666439616717,0.0019875765698574,0.003878300418668,0.0045115664307173,0.0046720213718951
final,2026-09-11,2026-09-22,0.0301369863013698,23800.0,CE,53.45,-0.0142470226701898,23463.324864369253,0.9936347194456252,0.0022601850311558,0.1052606245310481,0.051467904937807,test,532f111f183057b70433da2f7497a73a85da7a93c0a6230dbd898e9fef3463a2,True,0.0022926164152973,0.0041857820531834,0.0004282843846364,0.0040482937369966,0.0040543476901538,0.0006347728559285,0.0006457088208238,0.0021791405992736,0.0026994497957658,0.0028341417498301
final,2026-09-11,2026-09-22,0.0301369863013698,23950.0,CE,27.9,-0.020529765849685,23463.324864369253,0.9936347194456252,0.0011723895193159,0.1049275997001797,0.0370739607472508,test,532f111f183057b70433da2f7497a73a85da7a93c0a6230dbd898e9fef3463a2,True,0.0011967071653282,0.0025645338799424,5.686062219472515e-05,0.0024438308953947,0.002452156247899,0.0001345917171202,0.0001374775133883,0.0011275840112021,0.0015100478145551,0.0016123990870946
final,2026-09-11,2026-09-22,0.0301369863013698,24100.0,CE,14.9,-0.0267732824893701,23463.324864369253,0.9936347194456252,0.0006222178526085,0.1073737278886923,0.025019101868117,test,532f111f183057b70433da2f7497a73a85da7a93c0a6230dbd898e9fef3463a2,True,0.0006391016761071,0.0014570969053665,2.2206164673806584e-06,0.0013615988081891,0.0013685154840818,1.673892047457902e-05,1.7152950788195328e-05,0.0005352764784313,0.000787397025869,0.0008579354242184
final,2026-09-11,2026-09-22,0.0301369863013698,24250.0,CE,9.35,-0.032978059376253,23463.324864369253,0.9936347194456252,0.0003880369745175,0.1141065049994318,0.01760985770186,test,532f111f183057b70433da2f7497a73a85da7a93c0a6230dbd898e9fef3463a2,True,0.0004010470249397,0.0007583409000091,8.722011781178601e-09,0.0006911258407796,0.0006963144443698,1.1361099130424235e-06,1.1429003346209724e-06,0.0002324487691002,0.0003818553219742,0.0004260265780471
final,2026-09-11,2026-09-22,0.0301369863013698,24400.0,CE,6.7,-0.0391445742919169,23463.324864369253,0.9936347194456252,0.0002763492041498,0.1231223015460812,0.0132011580130591,test,532f111f183057b70433da2f7497a73a85da7a93c0a6230dbd898e9fef3463a2,True,0.0002873812905985,0.0003562276972579,9.168306989111373e-13,0.0003148433769647,0.000319197258865,4.1873929662281676e-08,4.0065435105314986e-08,9.215150122831792e-05,0.0001719408306556,0.0001971187881389
final,2026-09-11,2026-09-22,0.0301369863013698,24550.0,CE,5.0,-0.0452732962332903,23463.324864369253,0.9936347194456252,0.0002049706836871,0.1322089470925009,0.0101237064650954,test,532f111f183057b70433da2f7497a73a85da7a93c0a6230dbd898e9fef3463a2,True,0.0002144636497003,0.0001483465923911,1.4168164345101411e-18,0.0001265433994884,0.0001298289768094,8.815666288028573e-10,9.918337416134307e-10,3.3304601942090416e-05,7.180066531302723e-05,8.488756389133864e-05
final,2026-09-11,2026-09-22,0.0301369863013698,24700.0,CE,3.4,-0.0513646856266923,23463.324864369253,0.9936347194456252,0.0001385336272661,0.138717306693776,0.0073056796513144,test,532f111f183057b70433da2f7497a73a85da7a93c0a6230dbd898e9fef3463a2,True,0.0001458352817962,5.356115477165787e-05,2.1911879364829344e-16,4.402050452755914e-05,4.5952995073742e-05,1.1442698000631404e-11,5.912292608757269e-11,1.0964139589677084e-05,2.7786034439594536e-05,3.399961403602672e-05
final,2026-09-11,2026-09-22,0.0301369863013698,25000.0,CE,2.4,-0.0634372668609615,23463.324864369253,0.9936347194456252,9.661498146276624e-05,0.1586226990153069,0.0050323266734626,test,532f111f183057b70433da2f7497a73a85da7a93c0a6230dbd898e9fef3463a2,True,0.0001029425518561,4.034335098715902e-06,-2.591031807097228e-16,3.1733975441067697e-06,3.448429214418447e-06,4.4584594101585914e-15,6.341930630269239e-11,8.970643925827119e-07,3.3076761640090345e-06,4.382548732789391e-06
final,2026-09-11,2026-09-22,0.0301369863013698,25200.0,CE,2.0,-0.0714054365101384,23463.324864369253,0.9936347194456252,7.987349657966786e-05,0.1718547624619197,0.0040925404096938,test,532f111f183057b70433da2f7497a73a85da7a93c0a6230dbd898e9fef3463a2,True,8.578545988016515e-05,4.177388175730448e-07,-3.8656676948358846e-16,3.4968102204530884e-07,3.879709362757642e-07,-1.3212578831395862e-14,1.0171187236443356e-10,1.3734853779093621e-07,6.753350342020715e-07,9.510628656435836e-07
final,2026-09-11,2026-09-22,0.0301369863013698,25550.0,CE,1.45,-0.0851987586424743,23463.324864369253,0.9936347194456252,5.711502084189948e-05,0.1933132118543533,0.0028795112360123,test,532f111f183057b70433da2f7497a73a85da7a93c0a6230dbd898e9fef3463a2,True,6.219445841311973e-05,1.585445134549857e-09,1.0055855790680552e-15,2.691792638508545e-09,3.169852347776122e-09,4.4886502601061993e-14,1.4888484035315575e-10,3.465281909398711e-09,3.0282218415701784e-08,4.816675201686307e-08
final,2026-09-11,2026-09-29,0.0493150684931506,19500.0,PE,3.2,0.1860571565126494,23487.57650696284,0.9985052197757204,0.2046554511497559,0.3353072974650645,0.0035558337022444,test,532f111f183057b70433da2f7497a73a85da7a93c0a6230dbd898e9fef3463a2,True,0.1699103054006947,0.1697739795938273,0.1697738592334938,0.1697740034044681,0.1697739802953368,0.1697738593421199,0.1697738593838343,0.1697738592051305,0.1697738592051306,0.1697738592051308
final,2026-09-11,2026-09-29,0.0493150684931506,21800.0,PE,15.25,0.0745616522873072,23487.57650696284,0.9985052197757204,0.0781123548846964,0.1911240152396705,0.0182371232103735,test,532f111f183057b70433da2f7497a73a85da7a93c0a6230dbd898e9fef3463a2,True,0.0725000016915996,0.0722014334930024,0.0718608487128964,0.0721914105833282,0.072194370763428,0.0718685216581309,0.0718689089704732,0.0718534046948289,0.0718599721625704,0.0718617894178919
final,2026-09-11,2026-09-29,0.0493150684931506,22200.0,PE,22.05,0.0563793332041166,23487.57650696284,0.9985052197757204,0.058993671901277,0.1644275397541011,0.0261456878383913,test,532f111f183057b70433da2f7497a73a85da7a93c0a6230dbd898e9fef3463a2,True,0.0557596700459966,0.0558134477033084,0.0548906507842965,0.055779041329295,0.0557861526408314,0.0549215081055839,0.0549248440783323,0.0548728850435544,0.05492376341819,0.0549355755813374
final,2026-09-11,2026-09-29,0.0493150684931506,22400.0,PE,28.75,0.0474106632213563,23487.57650696284,0.9985052197757204,0.0498379261709165,0.1529056837194541,0.0326371162492513,test,532f111f183057b70433da2f7497a73a85da7a93c0a6230dbd898e9fef3463a2,True,0.0475302143623708,0.0479076642578412,0.0464735546265229,0.0478512624756882,0.047857633134253,0.0465301883026605,0.0465365552413806,0.0464691504030039,0.0465828399447549,0.046607420850248
final,2026-09-11,2026-09-29,0.0493150684931506,22600.0,PE,39.85,0.0385217158041102,23487.57650696284,0.9985052197757204,0.0410392107578597,0.142951913122806,0.0416134442304465,test,532f111f183057b70433da2f7497a73a85da7a93c0a6230dbd898e9fef3463a2,True,0.0394883721976457,0.0403037982785146,0.0381732487422777,0.0402174923952947,0.0402206572442033,0.0382702652990446,0.0382785378816531,0.0382344670799046,0.0384547995078339,0.0384996852461678
final,2026-09-11,2026-09-29,0.0493150684931506,22750.0,PE,52.15,0.0319064766853911,23487.57650696284,0.9985052197757204,0.0347166846790444,0.1360472050688458,0.0499152959394272,test,532f111f183057b70433da2f7497a73a85da7a93c0a6230dbd898e9fef3463a2,True,0.0336264823326546,0.0348618908795663,0.0320900812970088,0.0347481806063122,0.0347490009738943,0.0322281405654958,0.032234719757364,0.0322669158378317,0.0325971522468151,0.0326619974397505
final,2026-09-11,2026-09-29,0.0493150684931506,22900.0,PE,69.9,0.0253347115221566,23487.57650696284,0.9985052197757204,0.02871533399636,0.1299702639743732,0.059503782172987,test,532f111f183057b70433da2f7497a73a85da7a93c0a6230dbd898e9fef3463a2,True,0.0279969773944836,0.0296986271660025,0.0262097769789836,0.0295542278798072,0.0295544398799193,0.0263968789362643,0.0263992953795073,0.0265851594049735,0.0270434211498433,0.0271307481785371
final,2026-09-11,2026-09-29,0.0493150684931506,23050.0,PE,93.55,0.0188058526396929,23487.57650696284,0.9985052197757204,0.0230484404768266,0.1236785323884965,0.0694176005857502,test,532f111f183057b70433da2f7497a73a85da7a93c0a6230dbd898e9fef3463a2,True,0.022619045129384,0.0248659440082971,0.0206366231448088,0.024689291500106,0.0246905676140603,0.0208767913412197,0.020877042828653,0.0213045128853756,0.0218940594869817,0.0220038359282781
final,2026-09-11,2026-09-29,0.0493150684931506,23200.0,PE,127.3,0.0123193434100861,23487.57650696284,0.9985052197757204,0.0178908222994064,0.1184159525027048,0.0788914505576017,test,532f111f183057b70433da2f7497a73a85da7a93c0a6230dbd898e9fef3463a2,True,0.0176717711690341,0.0204148786323983,0.0155041257836802,0.0202069132544916,0.0202083320791666,0.0157942436889292,0.0157980960602956,0.0165428102007493,0.0172468806769,0.0173758640647818
final,2026-09-11,2026-09-29,0.0493150684931506,23350.0,PE,173.75,0.0058746379674442,23487.57650696284,0.9985052197757204,0.0133441804637863,0.1139726644327348,0.085978686492824,test,532f111f183057b70433da2f7497a73a85da7a93c0a6230dbd898e9fef3463a2,True,0.0132660180473298,0.0163917702823231,0.0109656631128879,0.0161565556682046,0.0161544509992258,0.0112930514841815,0.011304956375684,0.0124009608539092,0.0131825677901892,0.0133244030064959
final,2026-09-11,2026-09-29,0.0493150684931506,23500.0,CE,222.15,-0.0005287990677627,23487.57650696284,0.9985052197757204,0.0094673430865839,0.1098528123390408,0.0885891174345663,test,532f111f183057b70433da2f7497a73a85da7a93c0a6230dbd898e9fef3463a2,True,0.0094723507326848,0.0128340274969824,0.0071719133927952,0.0125790039644073,0.0125737062150082,0.0075139504300428,0.007531269318429,0.0089436811101624,0.0097513222564523,0.0098974756120726
final,2026-09-11,2026-09-29,0.0493150684931506,23650.0,CE,151.75,-0.0068914928555914,23487.57650696284,0.9985052197757204,0.006426096087609,0.1072218650339701,0.0852462921172525,test,532f111f183057b70433da2f7497a73a85da7a93c0a6230dbd898e9fef3463a2,True,0.006470534430272,0.0097659524135843,0.0042344530637364,0.0095016410236414,0.0094958565530184,0.0045614960723342,0.0045825975913455,0.0061864690086963,0.0069643117079024,0.0071056124034357
final,2026-09-11,2026-09-29,0.0493150684931506,23800.0,CE,98.7,-0.0132139585950784,23487.57650696284,0.9985052197757204,0.0041532670449743,0.1054062331379037,0.076039493824934,test,532f111f183057b70433da2f7497a73a85da7a93c0a6230dbd898e9fef3463a2,True,0.0042085123444338,0.0071952477325598,0.0021835508793973,0.0069343018121049,0.0069293473049,0.0024650984278051,0.0024848366956687,0.0040931152316791,0.0047923056588229,0.0049206317398564
final,2026-09-11,2026-09-29,0.0493150684931506,23950.0,CE,63.75,-0.0194967017745737,23487.57650696284,0.9985052197757204,0.0026657801625674,0.1060097826250767,0.0634841930508688,test,532f111f183057b70433da2f7497a73a85da7a93c0a6230dbd898e9fef3463a2,True,0.0027182640522559,0.0051108712941265,0.0009385060638959,0.0048665197728799,0.0048640110913727,0.001151210403847,0.0011628501225004,0.0025843215356694,0.0031716992660445,0.0032813050078857
final,2026-09-11,2026-09-29,0.0493150684931506,24100.0,CE,40.65,-0.0257402184142588,23487.57650696284,0.9985052197757204,0.0016892470447777,0.1075274398599,0.0501918510037237,test,532f111f183057b70433da2f7497a73a85da7a93c0a6230dbd898e9fef3463a2,True,0.0017332930780267,0.0034828040253407,0.0003139713904308,0.0032669201720447,0.0032652133076768,0.0004492417444773,0.0004531354473049,0.0015541502836893,0.0020159419723612,0.0021040875748372
final,2026-09-11,2026-09-29,0.0493150684931506,24250.0,CE,27.2,-0.0319449953011417,23487.57650696284,0.9985052197757204,0.0011233286139335,0.1112487960726624,0.0390152220264596,test,532f111f183057b70433da2f7497a73a85da7a93c0a6230dbd898e9fef3463a2,True,0.0011597926622958,0.0022640411521647,7.364971849469631e-05,0.002085245674721,0.0020827042534257,0.000141576391018,0.0001420675139603,0.0008888554444772,0.0012290830217976,0.001295903120334
final,2026-09-11,2026-09-29,0.0493150684931506,24400.0,CE,19.25,-0.0381115102168056,23487.57650696284,0.9985052197757204,0.0007901154752167,0.1164830421176638,0.0304978873891026,test,532f111f183057b70433da2f7497a73a85da7a93c0a6230dbd898e9fef3463a2,True,0.0008208091451909,0.0013947277717952,1.0265649411297928e-05,0.0012570212059021,0.0012555251462067,3.4997401689220234e-05,3.4872520584094307e-05,0.0004828908950726,0.0007181113343881,0.0007659117918988
final,2026-09-11,2026-09-29,0.0493150684931506,24550.0,CE,14.25,-0.044240232158179,23487.57650696284,0.9985052197757204,0.0005813170063382,0.1225094913474758,0.0241411163301475,test,532f111f183057b70433da2f7497a73a85da7a93c0a6230dbd898e9fef3463a2,True,0.0006076119646218,0.0008079121126429,6.514990099003e-07,0.0007102599740096,0.0007108633211742,6.6629095883770015e-06,6.525547229564081e-06,0.0002489819910511,0.0004017909361539,0.0004340940469361
final,2026-09-11,2026-09-29,0.0493150684931506,24700.0,CE,11.3,-0.050331621551581,23487.57650696284,0.9985052197757204,0.0004581747490967,0.1297582863136991,0.0197598443780923,test,532f111f183057b70433da2f7497a73a85da7a93c0a6230dbd898e9fef3463a2,True,0.0004818256280861,0.0004359983803638,1.2635805465472412e-08,0.0003730432508718,0.0003749632862444,9.724866439787664e-07,9.124648161623684e-07,0.0001217656820421,0.0002151716719232,0.000235816090269
final,2026-09-11,2026-09-29,0.0493150684931506,24850.0,CE,8.8,-0.0563861304602872,23487.57650696284,0.9985052197757204,0.0003546548795914,0.1360801910005903,0.0159801591163966,test,532f111f183057b70433da2f7497a73a85da7a93c0a6230dbd898e9fef3463a2,True,0.0003752270378016,0.0002167736777369,4.850350399006933e-11,0.0001804821896643,0.0001825756090878,1.097694474472063e-07,9.542764258512506e-08,5.64619701556102e-05,0.0001102560246563,0.0001227458304309
final,2026-09-11,2026-09-29,0.0493150684931506,25000.0,CE,7.65,-0.0624042027858502,23487.57650696284,0.9985052197757204,0.0003064580874887,0.1445476364332091,0.0138102817599957,test,532f111f183057b70433da2f7497a73a85da7a93c0a6230dbd898e9fef3463a2,True,0.0003261916862706,9.795427707902718e-05,3.2417187397436446e-14,7.966729895686302e-05,8.126557402475555e-05,9.551014043224358e-09,7.878815051272437e-09,2.4818829573401095e-05,5.404725022301917e-05,6.120773602418927e-05
final,2026-09-11,2026-09-29,0.0493150684931506,25150.0,CE,6.45,-0.0683862744633977,23487.57650696284,0.9985052197757204,0.0002568451596697,0.1518728847071453,0.0117325481784841,test,532f111f183057b70433da2f7497a73a85da7a93c0a6230dbd898e9fef3463a2,True,0.000275024362934,3.95593603889138e-05,1.1214269063299914e-16,3.1772428612571006e-05,3.2733728923241496e-05,6.982817194929307e-10,5.989732764723204e-10,1.034168055292009e-05,2.5344107875852843e-05,2.9238078550367606e-05
final,2026-09-11,2026-09-29,0.0493150684931506,25300.0,CE,5.65,-0.074332773651124,23487.57650696284,0.9985052197757204,0.0002236544723851,0.1597195025719985,0.0102271800529271,test,532f111f183057b70433da2f7497a73a85da7a93c0a6230dbd898e9fef3463a2,True,0.000240912814043,1.398269495977598e-05,1.1958936042077242e-16,1.134040703869299e-05,1.181500805648978e-05,4.1260177787080816e-11,5.508825201253087e-11,4.0854000576527215e-06,1.1369419998966169e-05,1.3380024678874732e-05
final,2026-09-11,2026-09-29,0.0493150684931506,25600.0,CE,4.4,-0.0861207294031663,23487.57650696284,0.9985052197757204,0.0001721322999579,0.1747771537511102,0.0078870216024315,test,532f111f183057b70433da2f7497a73a85da7a93c0a6230dbd898e9fef3463a2,True,0.0001876135189007,1.0464312299887733e-06,-4.782732430725621e-15,1.0022799419897026e-06,1.0729432372905924e-06,8.86186930329135e-14,5.566380699804402e-12,5.438179360217811e-07,2.0046178939667355e-06,2.4651749844756374e-06
final,2026-09-11,2026-09-29,0.0493150684931506,26000.0,CE,3.1,-0.1016249159391315,23487.57650696284,0.9985052197757204,0.0001194092598309,0.1927178516298343,0.0055583496394605,test,532f111f183057b70433da2f7497a73a85da7a93c0a6230dbd898e9fef3463a2,True,0.0001321822519527,6.945933243487201e-09,-6.406186611765277e-17,1.7427645584652896e-08,1.9949025618852303e-08,-2.010750539253109e-16,8.590743111229213e-12,2.6696010518153585e-08,1.511572690871667e-07,1.987818434322477e-07
final,2026-09-11,2026-09-29,0.0493150684931506,27000.0,CE,1.8,-0.1393652439219785,23487.57650696284,0.9985052197757204,6.67664678624725e-05,0.2390234629645296,0.0030239598034921,test,532f111f183057b70433da2f7497a73a85da7a93c0a6230dbd898e9fef3463a2,True,7.675098500487492e-05,-4.2755749492881424e-14,1.383673035063205e-13,-5.18966896018295e-15,3.1545932457135057e-13,-3.0245981617956243e-16,1.1292265393746795e-11,2.982597502181756e-12,6.394615978214692e-11,1.0352224578785027e-10
final,2026-09-11,2026-10-27,0.1260273972602739,22250.0,PE,61.9,0.0587963983628097,23597.4441390753,0.98324863460268,0.0633887062546553,0.1380061262319295,0.0669109372675246,test,532f111f183057b70433da2f7497a73a85da7a93c0a6230dbd898e9fef3463a2,True,0.0597691303284233,0.0623447751360379,0.0594323536976432,0.061958395728374,0.061956618244376,0.0594351930524789,0.059442557518101,0.0580073304921097,0.0583351069734638,0.0583105124221667
final,2026-09-11,2026-10-27,0.1260273972602739,22600.0,PE,94.7,0.0431885006968187,23597.4441390753,0.98324863460268,0.0483963504295093,0.1281595248566643,0.0883043506938097,test,532f111f183057b70433da2f7497a73a85da7a93c0a6230dbd898e9fef3463a2,True,0.046350677355593,0.0502247561986951,0.0464009542523823,0.0497211512718944,0.0497218424237937,0.0463903751544395,0.0463969175055882,0.0445290501282928,0.0450897790177247,0.0450490396700474
final,2026-09-11,2026-10-27,0.1260273972602739,22950.0,PE,153.5,0.0278204704685047,23597.4441390753,0.98324863460268,0.035013476290169,0.1210804674171232,0.1132496821967784,test,532f111f183057b70433da2f7497a73a85da7a93c0a6230dbd898e9fef3463a2,True,0.0340528099621075,0.0391499316715105,0.0344438629419348,0.0385333305700964,0.0385453092816728,0.034418159836802,0.0344291436964255,0.0323391213472818,0.0331514569526784,0.0330937420723845
final,2026-09-11,2026-10-27,0.1260273972602739,23100.0,PE,188.45,0.0213057894473111,23597.4441390753,0.98324863460268,0.029831372961989,0.1182806595785192,0.1231727123549989,test,532f111f183057b70433da2f7497a73a85da7a93c0a6230dbd898e9fef3463a2,True,0.0292025149571537,0.0347785494289576,0.0297455760875687,0.0341198421742243,0.0341360565032631,0.0297151259600312,0.0297269349199511,0.0276496284033809,0.0285561973444339,0.0284922107995915
final,2026-09-11,2026-10-27,0.1260273972602739,23250.0,PE,231.5,0.0148332749416936,23597.4441390753,0.98324863460268,0.0250704579653457,0.115897772559359,0.1317061304973194,test,532f111f183057b70433da2f7497a73a85da7a93c0a6230dbd898e9fef3463a2,True,0.0247013254596109,0.0306555125480194,0.0253486938623572,0.0299611002643194,0.0299779482848816,0.0253159797025387,0.0253307878933732,0.0233374083842516,0.0243205469684339,0.0242514905474111
final,2026-09-11,2026-10-27,0.1260273972602739,23400.0,PE,284.0,0.0084023846114031,23597.4441390753,0.98324863460268,0.0207813067219959,0.1140139328254715,0.1379974796987471,test,532f111f183057b70433da2f7497a73a85da7a93c0a6230dbd898e9fef3463a2,True,0.0206074257207145,0.026794961568803,0.0212828697388537,0.0260730502558221,0.0260876384923278,0.0212514273199488,0.0212711517650288,0.0194311883602668,0.0204677872748018,0.0203952005256897
final,2026-09-11,2026-10-27,0.1260273972602739,23550.0,PE,340.65,0.0020125865126322,23597.4441390753,0.98324863460268,0.0167260173853691,0.1107379656286675,0.1412708315977787,test,532f111f183057b70433da2f7497a73a85da7a93c0a6230dbd898e9fef3463a2,True,0.0166923886800597,0.0232088642584281,0.0175742633184288,0.0224693234577849,0.0224799048310747,0.0175485267162508,0.0175669887210105,0.0159490075228806,0.0170122163628398,0.0169378688197474
final,2026-09-11,2026-10-27,0.1260273972602739,23700.0,CE,312.95,-0.0043366411660265,23597.4441390753,0.98324863460268,0.0134296055804306,0.1096677277445528,0.1410287641610914,test,532f111f183057b70433da2f7497a73a85da7a93c0a6230dbd898e9fef3463a2,True,0.0134879714252256,0.0199065189339591,0.0142437965704556,0.0191606137295315,0.0191670567273125,0.0142287426279925,0.0142420868282961,0.0128968980869564,0.0139582616383892,0.0138840204427539
final,2026-09-11,2026-10-27,0.1260273972602739,23850.0,CE,250.3,-0.0106458103592912,23597.4441390753,0.98324863460268,0.0106735555387718,0.109267829246846,0.1370935854657406,test,532f111f183057b70433da2f7497a73a85da7a93c0a6230dbd898e9fef3463a2,True,0.0107877911734589,0.0168941005901187,0.0113054278663672,0.0161540944783032,0.0161558316053623,0.0113060130521835,0.0113156824761782,0.0102685966759696,0.0113003354297569,0.0112280250719741
final,2026-09-11,2026-10-27,0.1260273972602739,24000.0,CE,193.1,-0.0169154233728866,23597.4441390753,0.98324863460268,0.0081829082189212,0.1076131993827893,0.1294686028788362,test,532f111f183057b70433da2f7497a73a85da7a93c0a6230dbd898e9fef3463a2,True,0.008322502898901,0.0141742780635311,0.0087646113234381,0.0134529161602998,0.0134496268739513,0.0087850402427713,0.0087926219401594,0.0080462950653231,0.0090234284702481,0.0089547000021403
final,2026-09-11,2026-10-27,0.1260273972602739,24150.0,CE,148.15,-0.0231459731235227,23597.4441390753,0.98324863460268,0.0062390888260293,0.1070168038179924,0.1189844064576885,test,532f111f183057b70433da2f7497a73a85da7a93c0a6230dbd898e9fef3463a2,True,0.0063851828299957,0.0117459304849318,0.0066171334784672,0.0110558264007087,0.0110498817111315,0.0066600556490126,0.0066688004814153,0.0062022959434185,0.0071043477270568,0.0070405724776514
final,2026-09-11,2026-10-27,0.1260273972602739,24300.0,CE,111.45,-0.0293379433714438,23597.4441390753,0.98324863460268,0.0046645574595074,0.1064387587419838,0.1062998985427733,test,532f111f183057b70433da2f7497a73a85da7a93c0a6230dbd898e9fef3463a2,True,0.0048034331853056,0.0096039891771019,0.0048485230687564,0.0089569533896518,0.008950148533721,0.0049143110623933,0.0049243729413973,0.0047013274272732,0.0055134357552875,0.0054556339694901
final,2026-09-11,2026-10-27,0.1260273972602739,24450.0,CE,84.0,-0.035491808945822,23597.4441390753,0.98324863460268,0.0034941140024813,0.1067424357175542,0.092956954572313,test,532f111f183057b70433da2f7497a73a85da7a93c0a6230dbd898e9fef3463a2,True,0.0036203534101899,0.0077394266927625,0.0034342039524258,0.0071457875462054,0.0071378236804112,0.0035205017698728,0.0035309668912803,0.0035032073878046,0.0042165681778976,0.0041653771563913
final,2026-09-11,2026-10-27,0.1260273972602739,24600.0,CE,64.0,-0.0416080359632581,23597.4441390753,0.98324863460268,0.0026459492794632,0.1079140232081093,0.0801588890924148,test,532f111f183057b70433da2f7497a73a85da7a93c0a6230dbd898e9fef3463a2,True,0.0027583645030018,0.0061394077753076,0.0023404998805015,0.0056073860765622,0.0055987791373072,0.0024422216206504,0.0024519128338095,0.0025655410068352,0.0031772174004682,0.0031328978460101
final,2026-09-11,2026-10-27,0.1260273972602739,24750.0,CE,49.2,-0.0476870820396403,23597.4441390753,0.98324863460268,0.0020217457903534,0.1096032187184637,0.0684298074497287,test,532f111f183057b70433da2f7497a73a85da7a93c0a6230dbd898e9fef3463a2,True,0.0021204927116826,0.0047876078233887,0.0015265020242312,0.0043228099872038,0.004315860327586,0.0016363887056267,0.0016438503931457,0.0018461762862712,0.0023583914822635,0.0023208658960254
final,2026-09-11,2026-10-27,0.1260273972602739,24900.0,CE,38.8,-0.0537293964956029,23597.4441390753,0.98324863460268,0.001584780163317,0.1121183175733702,0.0584829312439882,test,532f111f183057b70433da2f7497a73a85da7a93c0a6230dbd898e9fef3463a2,True,0.0016722584799448,0.003664693384545,0.0009466833950897,0.0032697840457814,0.0032663919031047,0.0010563892942093,0.0010610744088558,0.0013052175769752,0.0017242997009307,0.0016932135087617
final,2026-09-11,2026-10-27,0.1260273972602739,25100.0,CE,29.45,-0.0617294391626791,23597.4441390753,0.98324863460268,0.0011932961121095,0.1164599505212681,0.0479038088175715,test,532f111f183057b70433da2f7497a73a85da7a93c0a6230dbd898e9fef3463a2,True,0.0012692786658344,0.0024857297108078,0.0004567592297827,0.0021829088808556,0.0021843268686055,0.0005540179312661,0.0005559921530477,0.0007995854196267,0.001109144742631,0.0010857516211658
final,2026-09-11,2026-10-27,0.1260273972602739,25500.0,CE,17.75,-0.0775400451893215,23597.4441390753,0.98324863460268,0.0007079373485769,0.1254410444732602,0.0323232103447353,test,532f111f183057b70433da2f7497a73a85da7a93c0a6230dbd898e9fef3463a2,True,0.0007650151551293,0.0010077729616722,7.083791429488354e-05,0.0008619322031333,0.0008668634058448,0.0001211932455522,0.0001216746094851,0.0002727742432936,0.0004229791981681,0.0004111209417814
final,2026-09-11,2026-10-27,0.1260273972602739,27000.0,CE,5.1,-0.13469845902927,23597.4441390753,0.98324863460268,0.0001921069424776,0.1640734376337647,0.0104453939717335,test,532f111f183057b70433da2f7497a73a85da7a93c0a6230dbd898e9fef3463a2,True,0.0002198071713328,2.961613007726341e-06,6.710263408758252e-13,4.3990005506420885e-06,4.583673893843868e-06,2.4663687739999367e-08,1.9343054362013187e-08,1.5834704728431262e-06,4.378730062802182e-06,4.102088684365267e-06
final,2026-09-11,2026-11-23,0.2,22500.0,PE,132.05,0.0520135140732735,23701.274505146772,0.9747808871369016,0.0594107042705832,0.1297611997780036,0.1162784542791817,test,532f111f183057b70433da2f7497a73a85da7a93c0a6230dbd898e9fef3463a2,True,0.0563995343709405,0.0619041244088055,0.0581995788838221,0.0610590783191101,0.0610611940332536,0.0579088775227757,0.0579124533793323,0.0540238523072073,0.0545621479579234,0.0545460051530188
final,2026-09-11,2026-11-23,0.2,23000.0,PE,224.15,0.0300346073544983,23701.274505146772,0.9747808871369016,0.0404879833813395,0.1212460022851541,0.1507020329906487,test,532f111f183057b70433da2f7497a73a85da7a93c0a6230dbd898e9fef3463a2,True,0.0392900228875283,0.0466433140584345,0.0421481843302349,0.0456403780937509,0.0456490921667747,0.0417962679684216,0.0418048703768609,0.0372729328414392,0.0380613822812025,0.0380381390532466
final,2026-09-11,2026-11-23,0.2,23250.0,PE,289.6,0.0192236912502826,23701.274505146772,0.9747808871369016,0.0321878241758363,0.1170142953883686,0.1651195485401908,test,532f111f183057b70433da2f7497a73a85da7a93c0a6230dbd898e9fef3463a2,True,0.0315749649634109,0.0397720336049477,0.0349743223667861,0.0387148700423308,0.0387282687178115,0.0346099677148696,0.0346227266655033,0.0300295684650717,0.0309140085893679,0.0308880676216557
final,2026-09-11,2026-11-23,0.2,23400.0,PE,339.55,0.0127928009199921,23701.274505146772,0.9747808871369016,0.027761076797272,0.115235688256116,0.171839175063019,test,532f111f183057b70433da2f7497a73a85da7a93c0a6230dbd898e9fef3463a2,True,0.0274081968425411,0.0359151184939293,0.0309799036439378,0.0348363552409866,0.0348532683733686,0.0306163020795083,0.0306347059517758,0.0260989112594275,0.0270245668399408,0.0269974703169384
final,2026-09-11,2026-11-23,0.2,23550.0,PE,395.5,0.0064030028212213,23701.274505146772,0.9747808871369016,0.0236520896581622,0.1133100624068261,0.176371440705095,test,532f111f183057b70433da2f7497a73a85da7a93c0a6230dbd898e9fef3463a2,True,0.0235011290776268,0.0322662046712078,0.0272325132119506,0.0311752159184386,0.0311942207955593,0.0268766412664617,0.0268973394144011,0.0224944356714352,0.0234467700106775,0.0234189251672056
final,2026-09-11,2026-11-23,0.2,23700.0,PE,462.25,5.3775142562491434e-05,23701.274505146772,0.9747808871369016,0.0200626007936421,0.1123087124447827,0.1783512637660848,test,532f111f183057b70433da2f7497a73a85da7a93c0a6230dbd898e9fef3463a2,True,0.0200615219534319,0.0288309865532038,0.0237420214325857,0.0277378970681372,0.0277566339845588,0.0234012359256532,0.0234187105200718,0.0192216940764089,0.0201851433310253,0.0201569845354539
final,2026-09-11,2026-11-23,0.2,23850.0,CE,391.5,-0.0062553940507022,23701.274505146772,0.9747808871369016,0.0168397786171583,0.1113470545432645,0.1775097011880908,test,532f111f183057b70433da2f7497a73a85da7a93c0a6230dbd898e9fef3463a2,True,0.0169454482260863,0.0256138240852335,0.0205160885261211,0.0245292778553821,0.024546180394251,0.0201978066660044,0.0202110675583168,0.0162804734917609,0.0172392227169791,0.0172111908121569
final,2026-09-11,2026-11-23,0.2,24000.0,CE,321.45,-0.0125250070642975,23701.274505146772,0.9747808871369016,0.0137402673531481,0.1090317394826071,0.1736553355880038,test,532f111f183057b70433da2f7497a73a85da7a93c0a6230dbd898e9fef3463a2,True,0.0139134465703076,0.0226176056212761,0.0175598178706221,0.0215524931213549,0.0215659257554966,0.0172711451001951,0.0172813802653515,0.0136649137100374,0.0146036692554597,0.014576191039072
final,2026-09-11,2026-11-23,0.2,24200.0,CE,246.6,-0.0208238098789927,23701.274505146772,0.9747808871369016,0.0104537160905545,0.1076576891444641,0.1641344277218694,test,532f111f183057b70433da2f7497a73a85da7a93c0a6230dbd898e9fef3463a2,True,0.0106736846297646,0.0189683493205703,0.0140410444180668,0.0179459397895328,0.017953543820396,0.0138016080634179,0.0138091508396309,0.0106642051620451,0.011554723632867,0.0115285884101193
final,2026-09-11,2026-11-23,0.2,24400.0,CE,187.8,-0.0290543090155081,23701.274505146772,0.9747808871369016,0.0078958475828162,0.1072360774211312,0.1506289004822253,test,532f111f183057b70433da2f7497a73a85da7a93c0a6230dbd898e9fef3463a2,True,0.0081286211414022,0.0157124388599616,0.011002048514024,0.0147509000253138,0.0147531460955317,0.0108203555077285,0.010826928509923,0.0081834621231571,0.0090052817147295,0.008981068109638
final,2026-09-11,2026-11-23,0.2,24800.0,CE,103.5,-0.0453148298872885,23701.274505146772,0.9747808871369016,0.0042813591770681,0.1067749112667247,0.116302037134084,test,532f111f183057b70433da2f7497a73a85da7a93c0a6230dbd898e9fef3463a2,True,0.0044798311402297,0.010347033854953,0.0062992922456969,0.0095523749106948,0.0095529592189802,0.006242201003456,0.0062538072853538,0.0045761145511503,0.0052222900204708,0.0052030313691687
final,2026-09-11,2026-11-23,0.2,26000.0,CE,27.9,-0.092567714737834,23701.274505146772,0.9747808871369016,0.001100839108806,0.1253498010426851,0.0477808493143175,test,532f111f183057b70433da2f7497a73a85da7a93c0a6230dbd898e9fef3463a2,True,0.0012076066551923,0.0019416340292931,0.0005399379014322,0.0017255212358914,0.0017362176163224,0.0006488321026479,0.0006529722430044,0.0005236608034231,0.0006971735183491,0.0006916763868752
final,2026-09-15,2026-09-29,0.0383561643835616,19500.0,PE,2.95,0.1748595634581049,23226.039210264775,0.9960675995131358,0.1912308131612533,0.3568594708251831,0.0031284505149726,test,a45f7cad1a76fc2b289c079aa41d181788a9e23efe3b000b95ecc25e11b37231,True,0.1605525945636225,0.1604251022237073,0.1604250805720467,0.1604251089928152,0.1604251067182714,0.1604250808477414,0.1604250810161649,0.1604250805112758,0.1604250805112773,0.1604250805113042
final,2026-09-15,2026-09-29,0.0383561643835616,22000.0,PE,23.4,0.0542315756694902,23226.039210264775,0.9960675995131358,0.0567968905325925,0.1838055902745488,0.0244422301788949,test,a45f7cad1a76fc2b289c079aa41d181788a9e23efe3b000b95ecc25e11b37231,True,0.0537987377186895,0.0533933356835431,0.0528910559508944,0.0533804767454317,0.0533863202344142,0.052932826094331,0.0529365329543934,0.0528099417996823,0.0528996628595067,0.052956342213465
final,2026-09-15,2026-09-29,0.0383561643835616,22200.0,PE,30.65,0.0451817401495721,23226.039210264775,0.9960675995131358,0.0476040637016005,0.1704570620279434,0.0305633957122841,test,a45f7cad1a76fc2b289c079aa41d181788a9e23efe3b000b95ecc25e11b37231,True,0.045501094896476,0.0452582658596639,0.0444207522589044,0.0452317019831881,0.0452385932233148,0.0444967649267628,0.0445032969871256,0.044265440746673,0.04448255942735,0.0445977985644732
final,2026-09-15,2026-09-29,0.0383561643835616,22500.0,PE,52.4,0.0317587198174315,23226.039210264775,0.9960675995131358,0.0346064925133792,0.1547131277484383,0.0443940992463224,test,a45f7cad1a76fc2b289c079aa41d181788a9e23efe3b000b95ecc25e11b37231,True,0.0335247036527394,0.03366058527698,0.0320580019466331,0.033598848038591,0.0336005695519753,0.0322188492798053,0.0322248356726733,0.0317611220199738,0.032367657664108,0.0326284683839511
final,2026-09-15,2026-09-29,0.0383561643835616,22650.0,PE,71.25,0.025114177098763,23226.039210264775,0.9960675995131358,0.0285903090482619,0.1484549510686729,0.0531261864112946,test,a45f7cad1a76fc2b289c079aa41d181788a9e23efe3b000b95ecc25e11b37231,True,0.0278812282232322,0.0282614053662273,0.0261747848336798,0.028175393515923,0.0281730496191895,0.0263916021565779,0.0263936352611166,0.0258378174972948,0.0267246522451929,0.0270766799846766
final,2026-09-15,2026-09-29,0.0383561643835616,22800.0,PE,97.45,0.0185134930674109,23226.039210264775,0.9960675995131358,0.0229769269993974,0.1426742509557492,0.0621499209458758,test,a45f7cad1a76fc2b289c079aa41d181788a9e23efe3b000b95ecc25e11b37231,True,0.0225554572970295,0.0232195633111088,0.0206250772489576,0.0231062185707424,0.0231015955019228,0.0209008757009806,0.0209007018224617,0.0203116509850208,0.0214985192502527,0.0219413084521288
final,2026-09-15,2026-09-29,0.0383561643835616,22950.0,PE,134.9,0.0119560925212517,23226.039210264775,0.9960675995131358,0.0179290538295916,0.1383387796418906,0.0704537778014684,test,a45f7cad1a76fc2b289c079aa41d181788a9e23efe3b000b95ecc25e11b37231,True,0.017715968773844,0.0186056043088808,0.0155411861314078,0.01846426103612,0.0184594134335729,0.0158700563014347,0.015871850475261,0.0153404377011842,0.0167955535769938,0.0173152619123667
final,2026-09-15,2026-09-29,0.0383561643835616,23100.0,PE,183.65,0.005441411500058,23226.039210264775,0.9960675995131358,0.0134378461795673,0.1338300082131005,0.0762517200173628,test,a45f7cad1a76fc2b289c079aa41d181788a9e23efe3b000b95ecc25e11b37231,True,0.0133649239088004,0.0144845030592605,0.0110677344351065,0.0143178817570731,0.0143115519867234,0.0114324273328897,0.0114344300378901,0.0110672428625738,0.0127032974672112,0.0132732412643925
final,2026-09-15,2026-09-29,0.0383561643835616,23250.0,CE,223.05,-0.0010311030055593,23226.039210264775,0.9960675995131358,0.0096314229995895,0.1298303471979984,0.0781014991678306,test,a45f7cad1a76fc2b289c079aa41d181788a9e23efe3b000b95ecc25e11b37231,True,0.0096413591104887,0.0109080456635869,0.0073382224528478,0.0107227873180352,0.0107158854718085,0.0077107034076118,0.0077115961438904,0.0075858750765449,0.0092750612211595,0.0098598169979191
final,2026-09-15,2026-09-29,0.0383561643835616,23400.0,CE,151.75,-0.0074619933358497,23226.039210264775,0.9960675995131358,0.0065106451993946,0.1256637233286607,0.0748950117739087,test,a45f7cad1a76fc2b289c079aa41d181788a9e23efe3b000b95ecc25e11b37231,True,0.0065594093029216,0.0079072513596983,0.0044423960023605,0.0077136456050966,0.0077088616570767,0.0047886465853319,0.0047930555162163,0.0049161856897845,0.0065202069747342,0.0070822128607155
final,2026-09-15,2026-09-29,0.0383561643835616,23550.0,CE,98.25,-0.0138517914346207,23226.039210264775,0.9960675995131358,0.0041884451661033,0.1228033020147359,0.0666460689756392,test,a45f7cad1a76fc2b289c079aa41d181788a9e23efe3b000b95ecc25e11b37231,True,0.0042468663196839,0.0054863530295276,0.002393186289016,0.0052970646362906,0.0052956363903551,0.0026817684913877,0.0026873985291013,0.0029997578358432,0.0044030940249126,0.0049097089864036
final,2026-09-15,2026-09-29,0.0383561643835616,23700.0,CE,61.1,-0.0202010191132795,23226.039210264775,0.9960675995131358,0.0025882370563906,0.1213683629727059,0.0549976762501772,test,a45f7cad1a76fc2b289c079aa41d181788a9e23efe3b000b95ecc25e11b37231,True,0.0026410537621648,0.0036199082794936,0.0011081305068845,0.0034478115423321,0.0034499374801039,0.001319561869457,0.0013231888739001,0.0017173674694694,0.0028507694892294,0.0032796399449009
final,2026-09-15,2026-09-29,0.0383561643835616,23850.0,CE,39.2,-0.0265101883065442,23226.039210264775,0.9960675995131358,0.0016500947032353,0.1234874578052188,0.0434147695484677,test,a45f7cad1a76fc2b289c079aa41d181788a9e23efe3b000b95ecc25e11b37231,True,0.0016944240176245,0.0022542012855338,0.0004202005295828,0.0021098118720299,0.002112393737818,0.0005526924480288,0.000556265744414,0.0009198997835094,0.0017667493784504,0.0021081140579143
final,2026-09-15,2026-09-29,0.0383561643835616,24000.0,CE,24.75,-0.0327798013201396,23226.039210264775,0.9960675995131358,0.0010353212979762,0.1258478005399574,0.0327956367566457,test,a45f7cad1a76fc2b289c079aa41d181788a9e23efe3b000b95ecc25e11b37231,True,0.0010698212866379,0.0013132092881394,0.0001216836417697,0.0012024945971936,0.0012044280943048,0.00018990978457,0.0001925268126407,0.0004600162001964,0.0010467304851821,0.0013025195192871
final,2026-09-15,2026-09-29,0.0383561643835616,24150.0,CE,16.55,-0.0390103510707757,23226.039210264775,0.9960675995131358,0.0006880057210718,0.130352831665293,0.0247872461919304,test,a45f7cad1a76fc2b289c079aa41d181788a9e23efe3b000b95ecc25e11b37231,True,0.0007153754462164,0.0007082316915542,2.423041593648933e-05,0.0006315942780441,0.0006341290887117,5.1450695143341954e-05,5.279152669208056e-05,0.0002144167015537,0.0005922507094535,0.0007728998339089
final,2026-09-15,2026-09-29,0.0383561643835616,24300.0,CE,12.2,-0.0452023213186967,23226.039210264775,0.9960675995131358,0.0005040396991269,0.1373333204889403,0.0194662190250072,test,a45f7cad1a76fc2b289c079aa41d181788a9e23efe3b000b95ecc25e11b37231,True,0.000527346250383,0.0003491851109243,2.8197316986437737e-06,0.0003020470605261,0.0003050527079056,1.0589273239851402e-05,1.1078169163430628e-05,9.304715409311042e-05,0.0003197882755054,0.0004401790650043
final,2026-09-15,2026-09-29,0.0383561643835616,24450.0,CE,9.5,-0.051356186893075,23226.039210264775,0.9960675995131358,0.0003900820159692,0.1452232535229059,0.0157013521263876,test,a45f7cad1a76fc2b289c079aa41d181788a9e23efe3b000b95ecc25e11b37231,True,0.0004106384736589,0.0001549950057133,1.4896228435369444e-07,0.0001297631489904,0.0001323219898063,1.6105514599945104e-06,1.7339696342725604e-06,3.756544027192724e-05,0.0001646944399399,0.0002404928519298
final,2026-09-15,2026-09-29,0.0383561643835616,24600.0,CE,7.5,-0.057472413910511,23226.039210264775,0.9960675995131358,0.0003060816845458,0.1529172154962228,0.0127515306879361,test,a45f7cad1a76fc2b289c079aa41d181788a9e23efe3b000b95ecc25e11b37231,True,0.0003241882686781,6.077420152290902e-05,2.494844708282505e-09,4.9352025782179246e-05,5.097314737909253e-05,1.7850798130236465e-07,2.004270166581813e-07,1.4104011797050776e-05,8.087464530505233e-05,0.0001260119326958
final,2026-09-15,2026-09-29,0.0383561643835616,24750.0,CE,6.45,-0.0635514599868933,23226.039210264775,0.9960675995131358,0.0002616349138687,0.1622768388310936,0.010921899457935,test,a45f7cad1a76fc2b289c079aa41d181788a9e23efe3b000b95ecc25e11b37231,True,0.0002788019110631,2.0553853918406015e-05,9.119097931530848e-12,1.636273817931782e-05,1.714990724156013e-05,1.4513427390860952e-08,1.7390897697118244e-08,4.923948037863484e-06,3.786103624268348e-05,6.3312419875226e-05
final,2026-09-15,2026-09-29,0.0383561643835616,25000.0,CE,5.25,-0.0736017958403947,23226.039210264775,0.9960675995131358,0.0002108290643151,0.1780250607299022,0.0087309161411367,test,a45f7cad1a76fc2b289c079aa41d181788a9e23efe3b000b95ecc25e11b37231,True,0.0002269317880746,2.2272115477134195e-06,-5.1712964345851746e-17,1.8387642824267256e-06,1.976229215901003e-06,1.1621816288751536e-10,2.1001238441118907e-10,7.253924547347026e-07,9.609596930996436e-06,1.8312285980328323e-05
final,2026-09-15,2026-09-29,0.0383561643835616,25200.0,CE,4.25,-0.0815699654895716,23226.039210264775,0.9960675995131358,0.0001693166143876,0.1886189714628871,0.0071068703895571,test,a45f7cad1a76fc2b289c079aa41d181788a9e23efe3b000b95ecc25e11b37231,True,0.0001837066855842,2.3003132412678057e-07,-2.1260891639186654e-16,2.2636028517210603e-07,2.488118984643377e-07,1.4706647684554593e-12,8.891466776326207e-12,1.35694515805934e-07,2.917195319755662e-06,6.242699200682432e-06
final,2026-09-15,2026-09-29,0.0383561643835616,25500.0,CE,3.6,-0.0934044231365744,23226.039210264775,0.9960675995131358,0.0001417338247496,0.2073289856802682,0.0058074267138981,test,a45f7cad1a76fc2b289c079aa41d181788a9e23efe3b000b95ecc25e11b37231,True,0.0001556103689654,2.3240853880973464e-09,-5.940532314403428e-17,5.254646519014769e-09,6.164023645059273e-09,-3.1131295662847075e-11,1.821256745197666e-12,8.659269674651546e-09,4.169498494568643e-07,1.081954080955487e-06
final,2026-09-15,2026-09-29,0.0383561643835616,25800.0,CE,2.8,-0.1051004628997657,23226.039210264775,0.9960675995131358,0.0001089555887933,0.2226145062465291,0.00450460579202,test,a45f7cad1a76fc2b289c079aa41d181788a9e23efe3b000b95ecc25e11b37231,True,0.0001210302869731,2.907982101660424e-12,2.1035407043332403e-15,5.773141991868782e-11,9.0864195489106e-11,-1.845560390673573e-17,3.0104886404951047e-12,4.1769909867084565e-10,4.9481864879184176e-08,1.591772698037247e-07
final,2026-09-15,2026-09-29,0.0383561643835616,26300.0,CE,1.5,-0.1242949101559128,23226.039210264775,0.9960675995131358,5.7259387375110825e-05,0.2405266557299568,0.0025578781122605,test,a45f7cad1a76fc2b289c079aa41d181788a9e23efe3b000b95ecc25e11b37231,True,6.483765373563438e-05,-1.201733380759162e-13,8.99760045872903e-15,-4.882607529765019e-14,2.278736355851915e-13,1.8122722913547983e-16,6.521412484150357e-12,1.4590904995104277e-12,9.477809902649336e-10,4.573734761357298e-09
final,2026-09-15,2026-10-06,0.0575342465753424,23000.0,PE,179.35,0.0110276432398003,23255.039451975616,0.988706563983857,0.0189755680700928,0.1316450586406027,0.089524209171247,test,a45f7cad1a76fc2b289c079aa41d181788a9e23efe3b000b95ecc25e11b37231,True,0.0187674618447081,0.0206833199926741,0.017149976310727,0.0204157442557418,0.020420796099957,0.0174436385380803,0.017452509850722,0.0163385098288351,0.0181869573329015,0.0182546967477066
final,2026-09-15,2026-10-06,0.0575342465753424,23200.0,PE,256.1,0.0023695804966858,23255.039451975616,0.988706563983857,0.0135372731665449,0.1285446605069648,0.0952850152586689,test,a45f7cad1a76fc2b289c079aa41d181788a9e23efe3b000b95ecc25e11b37231,True,0.013505233483367,0.0155416885386552,0.0117220583557512,0.0152400483801895,0.015238312240626,0.0120297290310686,0.0120372454880505,0.0111750735759295,0.0131808637367873,0.0132533921419992
final,2026-09-15,2026-10-06,0.0575342465753424,23350.0,CE,231.65,-0.0040751249459562,23255.039451975616,0.988706563983857,0.010034090233982,0.1252194964271495,0.0949974433910831,test,a45f7cad1a76fc2b289c079aa41d181788a9e23efe3b000b95ecc25e11b37231,True,0.0100750638349734,0.0122081695011523,0.0083508308503232,0.0118921626231737,0.0118875209799652,0.0086527792198929,0.0086598792044386,0.0080699700541678,0.0100675301989235,0.0101398528744552
final,2026-09-15,2026-10-06,0.0575342465753424,23500.0,CE,169.2,-0.0104785619811632,23255.039451975616,0.988706563983857,0.0072822415287591,0.1236169203441702,0.090361167654988,test,a45f7cad1a76fc2b289c079aa41d181788a9e23efe3b000b95ecc25e11b37231,True,0.0073589501440858,0.0093396366551673,0.0056218021524596,0.0090216289285333,0.0090161051445371,0.0059036720893315,0.0059105926673556,0.0056135002264317,0.007496699275523,0.0075656184776731
final,2026-09-15,2026-10-06,0.0575342465753424,23650.0,CE,114.7,-0.0168412557689919,23255.039451975616,0.988706563983857,0.0049052918918761,0.1196694016514701,0.0812335979168693,test,a45f7cad1a76fc2b289c079aa41d181788a9e23efe3b000b95ecc25e11b37231,True,0.0049886027276988,0.0069358884093526,0.0035336551908573,0.0066295194686131,0.0066246165429363,0.0037828014826304,0.0037890078955599,0.0037537826377697,0.0054363732442411,0.0054991908147828
final,2026-09-15,2026-10-06,0.0575342465753424,23800.0,CE,82.05,-0.0231637215084789,23255.039451975616,0.988706563983857,0.0034868575947402,0.1213904740530544,0.0705389772474324,test,a45f7cad1a76fc2b289c079aa41d181788a9e23efe3b000b95ecc25e11b37231,True,0.0035685689085238,0.004981227548149,0.0020426200727481,0.0046998121240637,0.0046964016187374,0.0022497994476168,0.002252720087572,0.0024090641569831,0.0038355930891544,0.0038904036485925
final,2026-09-15,2026-10-06,0.0575342465753424,23950.0,CE,55.55,-0.0294464646879741,23255.039451975616,0.988706563983857,0.0023459088200102,0.1215084104953186,0.0582860126035019,test,a45f7cad1a76fc2b289c079aa41d181788a9e23efe3b000b95ecc25e11b37231,True,0.0024160146601888,0.0034448266762431,0.001064882994444,0.0031995773770965,0.0031951058883872,0.0012253618493327,0.0012278646293208,0.0014817465483587,0.0026308625002579,0.0026766817715421
final,2026-09-15,2026-10-06,0.0575342465753424,24100.0,CE,37.85,-0.0356899813276592,23255.039451975616,0.988706563983857,0.0015884788028096,0.1228840265974384,0.0467959118585355,test,a45f7cad1a76fc2b289c079aa41d181788a9e23efe3b000b95ecc25e11b37231,True,0.0016461954075274,0.0022826790898743,0.0004880662645514,0.0020811101829814,0.0020763453782804,0.0006020729992077,0.0006043154827072,0.0008725113948084,0.0017531822477113,0.0017899090754915
final,2026-09-15,2026-10-27,0.1150684931506849,22200.0,PE,96.0,0.0497824834266451,23333.14244233221,0.9858102715363026,0.0554290208981122,0.1483555725186954,0.0808999632995269,test,a45f7cad1a76fc2b289c079aa41d181788a9e23efe3b000b95ecc25e11b37231,True,0.0527371856139535,0.0544787632783968,0.0521219118354865,0.0540906922986942,0.0540889902769182,0.0521589342814493,0.0521593237203621,0.0498582163663778,0.05101916746185,0.0509434588580914
final,2026-09-15,2026-10-27,0.1150684931506849,22700.0,PE,177.1,0.027509847817522,23333.14244233221,0.9858102715363026,0.0358057980315229,0.1358126063466632,0.1116534311053381,test,a45f7cad1a76fc2b289c079aa41d181788a9e23efe3b000b95ecc25e11b37231,True,0.0348342113508449,0.0379485224555471,0.0346683009807164,0.0373985628913119,0.0374102005002584,0.0346936295499086,0.0347015952199089,0.0315955323411464,0.0336605079082209,0.0335365284530868
final,2026-09-15,2026-10-27,0.1150684931506849,22950.0,PE,239.95,0.0165568357983247,23333.14244233221,0.9858102715363026,0.0273004913572187,0.1298393282258171,0.1250263967919102,test,a45f7cad1a76fc2b289c079aa41d181788a9e23efe3b000b95ecc25e11b37231,True,0.026852202963946,0.0306664808598522,0.0270120377074943,0.030048529701711,0.0300658076288379,0.0270302926306782,0.0270447729166765,0.0238323115470624,0.0262662379112945,0.026123536008953
final,2026-09-15,2026-10-27,0.1150684931506849,23100.0,PE,292.2,0.010042154777131,23333.14244233221,0.9858102715363026,0.022924171508447,0.1280476038808339,0.131068560422415,test,a45f7cad1a76fc2b289c079aa41d181788a9e23efe3b000b95ecc25e11b37231,True,0.0226951154630758,0.0266611772504615,0.0228406153355155,0.0260117991217403,0.0260267597019688,0.0228559742120622,0.0228738188091061,0.0197288901737979,0.0223142797176436,0.0221639934453413
final,2026-09-15,2026-10-27,0.1150684931506849,23250.0,PE,349.15,0.0035696402715136,23333.14244233221,0.9858102715363026,0.0188093805903169,0.1251211979068142,0.134579642140226,test,a45f7cad1a76fc2b289c079aa41d181788a9e23efe3b000b95ecc25e11b37231,True,0.0187423575630971,0.0229473339631568,0.0190180377588249,0.022275953226757,0.0222863560674276,0.0190324875852554,0.0190499228022343,0.0160746884723871,0.0187449138370091,0.0185903741956315
final,2026-09-15,2026-10-27,0.1150684931506849,23400.0,CE,350.05,-0.0028612500587768,23333.14244233221,0.9858102715363026,0.0151747269645392,0.1225835310610506,0.1351722679216241,test,a45f7cad1a76fc2b289c079aa41d181788a9e23efe3b000b95ecc25e11b37231,True,0.0152182078281062,0.0195366410513704,0.0155653126020611,0.0188543872591344,0.0188600444512459,0.0155815407492017,0.0155955344663479,0.012880959956553,0.0155638126865511,0.0154085774157826
final,2026-09-15,2026-10-27,0.1150684931506849,23550.0,CE,280.05,-0.0092510481575478,23333.14244233221,0.9858102715363026,0.012062888862672,0.1206705623117824,0.132499730349265,test,a45f7cad1a76fc2b289c079aa41d181788a9e23efe3b000b95ecc25e11b37231,True,0.0121750010063167,0.0164371208262835,0.0124971567628016,0.0157564251392415,0.0157575395314925,0.0125182967966965,0.0125284848363733,0.0101441419883259,0.0127677616567259,0.0126153686376195
final,2026-09-15,2026-10-27,0.1150684931506849,23700.0,CE,220.75,-0.0156002758362065,23333.14244233221,0.9858102715363026,0.0094484164554763,0.1192512803697048,0.1265878208430952,test,a45f7cad1a76fc2b289c079aa41d181788a9e23efe3b000b95ecc25e11b37231,True,0.0095969700844292,0.0136526027289536,0.0098205653223218,0.012986637132913,0.0129826796319263,0.0098497891838125,0.0098562664441091,0.0078464673944551,0.0103450416197863,0.0101987721575483
final,2026-09-15,2026-10-27,0.1150684931506849,23850.0,CE,169.85,-0.0219094450294712,23333.14244233221,0.9858102715363026,0.007224101327638,0.1176246748465678,0.1176484465110537,test,a45f7cad1a76fc2b289c079aa41d181788a9e23efe3b000b95ecc25e11b37231,True,0.0073841239811565,0.0111823275977563,0.0075336899737007,0.0105443112224131,0.0105377020083957,0.007573681314712,0.0075790943031985,0.0059578563192482,0.0082763545991625,0.0081390321413753
final,2026-09-15,2026-10-27,0.1150684931506849,24000.0,CE,132.45,-0.0281790580430666,23333.14244233221,0.9858102715363026,0.0055981867498697,0.1179780165022876,0.1070931654506587,test,a45f7cad1a76fc2b289c079aa41d181788a9e23efe3b000b95ecc25e11b37231,True,0.0057581820506575,0.0090207207981713,0.005625193845033,0.008423138240507,0.008415694056114,0.0056775794261681,0.0056823018568734,0.0044387665210046,0.0065361768776118,0.0064100202912626
final,2026-09-15,2026-10-27,0.1150684931506849,24150.0,CE,101.05,-0.0344096077937027,23333.14244233221,0.9858102715363026,0.0042444932165609,0.1179204477098751,0.0950795193608234,test,a45f7cad1a76fc2b289c079aa41d181788a9e23efe3b000b95ecc25e11b37231,True,0.004393086419169,0.0071573672105181,0.0040742316405382,0.006611163428055,0.0066022493537214,0.0041390861908523,0.0041432402245465,0.0032435698193871,0.0050943882046674,0.0049809300354162
final,2026-09-15,2026-10-27,0.1150684931506849,24300.0,CE,77.35,-0.0406015780416238,23333.14244233221,0.9858102715363026,0.0032289454309051,0.1186253493241696,0.0829941454702468,test,a45f7cad1a76fc2b289c079aa41d181788a9e23efe3b000b95ecc25e11b37231,True,0.0033627435380774,0.0055772104942664,0.0028511584841561,0.0050910420951754,0.005081315385138,0.0029267186008767,0.0029314833702974,0.0023239997162338,0.0039180127370478,0.0038180836059883
final,2026-09-15,2026-10-27,0.1150684931506849,24450.0,CE,58.7,-0.0467554436160021,23333.14244233221,0.9858102715363026,0.0024353753102699,0.1194012405117766,0.0711357617196562,test,a45f7cad1a76fc2b289c079aa41d181788a9e23efe3b000b95ecc25e11b37231,True,0.0025519462919863,0.0042609846152812,0.0019189966102583,0.0038406143660868,0.0038327970410781,0.0020017050270107,0.0020066876449086,0.0016322727501371,0.0029729160788232,0.0028866881277834
final,2026-09-15,2026-10-27,0.1150684931506849,24600.0,CE,45.85,-0.0528716706334381,23333.14244233221,0.9858102715363026,0.0018906489331935,0.1214257767123978,0.0609525773907207,test,a45f7cad1a76fc2b289c079aa41d181788a9e23efe3b000b95ecc25e11b37231,True,0.001993300468272,0.0031858681131345,0.001235590645631,0.0028337846529603,0.0028298490521643,0.0013205326997343,0.0013244819819043,0.001123599718956,0.0022253290516472,0.00215240530581
final,2026-09-15,2026-10-27,0.1150684931506849,24750.0,CE,36.6,-0.0589507167098204,23333.14244233221,0.9858102715363026,0.0015000735146361,0.1241549629183156,0.0523170913037419,test,a45f7cad1a76fc2b289c079aa41d181788a9e23efe3b000b95ecc25e11b37231,True,0.0015911624239642,0.0023263323458311,0.0007562715418172,0.0020416581409118,0.0020415895852271,0.0008379641508716,0.0008403621217949,0.0007579405776897,0.0016431062649414,0.0015826395375019
final,2026-09-15,2026-10-27,0.1150684931506849,25000.0,CE,26.75,-0.0690010525633218,23333.14244233221,0.9858102715363026,0.0010854015533156,0.1302605251383695,0.0413755790516145,test,a45f7cad1a76fc2b289c079aa41d181788a9e23efe3b000b95ecc25e11b37231,True,0.0011629397497552,0.0012985306543583,0.0002919746219883,0.0011159589745179,0.001119556454945,0.0003576191385878,0.0003583755235376,0.0003758723465276,0.0009613040506497,0.00091891002384
final,2026-09-15,2026-10-27,0.1150684931506849,25300.0,CE,18.7,-0.0809296234285956,23333.14244233221,0.9858102715363026,0.0007497694598279,0.137441105900754,0.0312276867920547,test,a45f7cad1a76fc2b289c079aa41d181788a9e23efe3b000b95ecc25e11b37231,True,0.0008129709652494,0.000575872001889,7.060288318823556e-05,0.000486659292269,0.0004908271036644,0.0001088956505829,0.0001092073029224,0.0001503462117252,0.0004803820314278,0.0004545361790661
final,2026-09-15,2026-10-27,0.1150684931506849,25800.0,CE,13.1,-0.1004997196226927,23333.14244233221,0.9858102715363026,0.0005150605067171,0.1539556944629647,0.0223313659239831,test,a45f7cad1a76fc2b289c079aa41d181788a9e23efe3b000b95ecc25e11b37231,True,0.0005695144195062,0.0001045609159822,2.4885422338548563e-06,9.13897326722552e-05,9.358383831673088e-05,9.701830639019788e-06,9.702799249477382e-06,2.727047491203009e-05,0.0001338431385496,0.0001241861145008
final,2026-09-15,2026-10-27,0.1150684931506849,27000.0,CE,4.95,-0.1459620936994502,23333.14244233221,0.9858102715363026,0.0001859722287612,0.1835543443053504,0.0093234275673036,test,a45f7cad1a76fc2b289c079aa41d181788a9e23efe3b000b95ecc25e11b37231,True,0.0002151981966836,8.046034253777344e-08,7.517799464008263e-15,3.0385105657030313e-07,3.160427727866186e-07,3.376591439061688e-09,2.7011787426156015e-09,1.861213303485404e-07,3.4045297189085316e-06,2.9758278087138883e-06
final,2026-09-15,2026-11-23,0.1890410958904109,22050.0,PE,123.3,0.061307789752825,23444.135812223805,0.978563043262307,0.0689404486130663,0.1450891198890019,0.1048484793113178,test,a45f7cad1a76fc2b289c079aa41d181788a9e23efe3b000b95ecc25e11b37231,True,0.0648408158054395,0.0681400258072049,0.0657714570216465,0.0674272370038491,0.0674249690115547,0.0655350974013487,0.0655342120029485,0.0614546093529581,0.0628986397821502,0.0628579823295185
final,2026-09-15,2026-11-23,0.1890410958904109,22200.0,PE,143.7,0.0545281027674463,23444.135812223805,0.978563043262307,0.062656927291988,0.1423807524243495,0.114462752791581,test,a45f7cad1a76fc2b289c079aa41d181788a9e23efe3b000b95ecc25e11b37231,True,0.059331843025618,0.063054544765232,0.0604929767884261,0.062285249857823,0.0622856803336555,0.0602328829830247,0.0602350274169523,0.0557697289368903,0.0574600263784612,0.0574134218559565
final,2026-09-15,2026-11-23,0.1890410958904109,22350.0,PE,165.25,0.0477940705861022,23444.135812223805,0.978563043262307,0.0565103298612103,0.1389706426987436,0.1238080853485114,test,a45f7cad1a76fc2b289c079aa41d181788a9e23efe3b000b95ecc25e11b37231,True,0.0538729976022198,0.0581251685055502,0.0553744986195705,0.0573011913927976,0.0573042840334698,0.0550915735918675,0.0550970583381275,0.0502766323611171,0.052218429331409,0.0521658739454939
final,2026-09-15,2026-11-23,0.1890410958904109,22750.0,PE,249.95,0.0300552462487206,23444.135812223805,0.978563043262307,0.0417389608180842,0.1328204218701801,0.1491636142834793,test,a45f7cad1a76fc2b289c079aa41d181788a9e23efe3b000b95ecc25e11b37231,True,0.0405031503919335,0.0458292482973261,0.0426222467857096,0.0448777902089339,0.0448870801833798,0.0422891616518981,0.0422975139136161,0.036796286813205,0.0393669817144887,0.0392999724902883
final,2026-09-15,2026-11-23,0.1890410958904109,22900.0,PE,285.3,0.023483481085486,23444.135812223805,0.978563043262307,0.036492827762011,0.1291138482387257,0.1570067305844759,test,a45f7cad1a76fc2b289c079aa41d181788a9e23efe3b000b95ecc25e11b37231,True,0.0356458332456137,0.0415673061212255,0.038218762867195,0.0405786281309141,0.0405905167719603,0.0378734468654969,0.0378837447509861,0.0322593861904388,0.0350236652294472,0.0349523036803799
final,2026-09-15,2026-11-23,0.1890410958904109,23100.0,PE,348.5,0.0147877741179323,23444.135812223805,0.978563043262307,0.030314729470816,0.1263173444866278,0.1659856946648941,test,a45f7cad1a76fc2b289c079aa41d181788a9e23efe3b000b95ecc25e11b37231,True,0.0298697404069263,0.0362060861448615,0.0327045601238041,0.0351800649669219,0.0351958029924049,0.0323507983512654,0.0323676020810352,0.0267098570766011,0.0296744159257446,0.0295985838697748
final,2026-09-15,2026-11-23,0.1890410958904109,23250.0,PE,407.05,0.0083152596123147,23444.135812223805,0.978563043262307,0.0262409840974504,0.1252440324409476,0.1706704144046135,test,a45f7cad1a76fc2b289c079aa41d181788a9e23efe3b000b95ecc25e11b37231,True,0.0260236881901875,0.032436941528021,0.0288524482607525,0.0313935994822016,0.0314115703041543,0.0284992183698253,0.0285204408246039,0.0229427908751775,0.0260059659340475,0.0259279349610151
final,2026-09-15,2026-11-23,0.1890410958904109,23400.0,PE,465.3,0.0018843692820244,23444.135812223805,0.978563043262307,0.0222063648626301,0.1224086663977914,0.1731222991614817,test,a45f7cad1a76fc2b289c079aa41d181788a9e23efe3b000b95ecc25e11b37231,True,0.0221645592717735,0.0288913049284041,0.025254833631935,0.0278408593854605,0.0278587108293806,0.0249086425970759,0.0249294749452718,0.0195243962336597,0.0226374500398571,0.0225582924817692
final,2026-09-15,2026-11-23,0.1890410958904109,23550.0,CE,428.9,-0.0045054288167466,23444.135812223805,0.978563043262307,0.0186112835043691,0.1200931094427265,0.1731417466040362,test,a45f7cad1a76fc2b289c079aa41d181788a9e23efe3b000b95ecc25e11b37231,True,0.0186953244955766,0.0255745336114699,0.0219198081042444,0.0245279016792363,0.0245439826756923,0.0215874614115207,0.0216054505503232,0.0164565874691698,0.0195693037745249,0.0194901180437099
final,2026-09-15,2026-11-23,0.1890410958904109,23700.0,CE,361.75,-0.0108546564954054,23444.135812223805,0.978563043262307,0.0155980886313497,0.1191101567585165,0.1705532451288083,test,a45f7cad1a76fc2b289c079aa41d181788a9e23efe3b000b95ecc25e11b37231,True,0.0157683227705172,0.0224903424970657,0.018853045890776,0.0214588514657683,0.0214715410497201,0.0185413469574103,0.0185555158306239,0.0137347081535865,0.0167978364605134,0.0167197014081831
final,2026-09-15,2026-11-23,0.1890410958904109,23900.0,CE,283.1,-0.0192580672917848,23444.135812223805,0.978563043262307,0.0121046756936882,0.1177508226657556,0.1631182157118477,test,a45f7cad1a76fc2b289c079aa41d181788a9e23efe3b000b95ecc25e11b37231,True,0.0123400474812258,0.0187429326294866,0.0151860219709802,0.0177493285565317,0.0177559601427108,0.0149117885194423,0.014920391211411,0.0106240902750093,0.0135504120656289,0.0134752426371116
final,2026-09-15,2026-11-23,0.1890410958904109,24150.0,CE,202.2,-0.0296639884529015,23444.135812223805,0.978563043262307,0.0085560872803256,0.1160913911390855,0.1480785095003609,test,a45f7cad1a76fc2b289c079aa41d181788a9e23efe3b000b95ecc25e11b37231,True,0.0088136969293671,0.0146428916830126,0.0112770260467657,0.0137236982976124,0.013724070776575,0.0110628299704023,0.0110665729371765,0.0075096352282196,0.0101704649373958,0.0101011506718331
final,2026-09-15,2026-11-23,0.1890410958904109,24500.0,CE,125.15,-0.0440527259050011,23444.135812223805,0.978563043262307,0.0052200655854288,0.1161754987504094,0.1211858488546033,test,a45f7cad1a76fc2b289c079aa41d181788a9e23efe3b000b95ecc25e11b37231,True,0.0054551640490123,0.0099618441734455,0.0070143244195596,0.009188914999151,0.0091884129445202,0.0068976604780552,0.0069030751312015,0.0043965318415628,0.0065716622368734,0.0065133366052861
final,2026-09-15,2026-11-23,0.1890410958904109,24800.0,CE,82.2,-0.0562232615252563,23444.135812223805,0.978563043262307,0.0033871257982341,0.1173146085971433,0.0971459227982597,test,a45f7cad1a76fc2b289c079aa41d181788a9e23efe3b000b95ecc25e11b37231,True,0.0035830162591195,0.0068689805097038,0.0043840528275918,0.0062465244521753,0.0062487086500116,0.0043485884238028,0.0043573967394886,0.0026509343190899,0.0043728360417623,0.0043251209242792
final,2026-09-15,2026-11-23,0.1890410958904109,26000.0,CE,24.9,-0.1034761463758019,23444.135812223805,0.978563043262307,0.0009786720582657,0.1379425353498748,0.0412183877368762,test,a45f7cad1a76fc2b289c079aa41d181788a9e23efe3b000b95ecc25e11b37231,True,0.0010853662390763,0.0009389802957923,0.0002937969508336,0.0008344075822082,0.000841757375163,0.0003665654735651,0.0003684436262247,0.0002258154762866,0.000630259602699,0.0006166650047586
final,2026-09-16,2026-09-29,0.0356164383561643,19500.0,PE,2.05,0.1767852411485284,23270.808167265262,0.9959643865392844,0.1934803319894768,0.3591566602660762,0.0022958099872576,test,a787e7c68763f27a24749f60c805ece2f465886386a9b897a8a96b326d27c5b6,True,0.1621287256839682,0.1620402827926335,0.1620402755394775,0.1620402855663572,0.1620402856361326,0.1620402755842465,0.1620402756580113,0.1620402755315394,0.1620402755315394,0.1620402755315397
final,2026-09-16,2026-09-29,0.0356164383561643,22000.0,PE,18.7,0.0561572533599136,23270.808167265262,0.9959643865392844,0.0586174517737499,0.1866507022561834,0.0205389753985936,test,a787e7c68763f27a24749f60c805ece2f465886386a9b897a8a96b326d27c5b6,True,0.0554163796011407,0.0550434087899607,0.0546640487189041,0.0550366679155693,0.0550412999537955,0.0546884681215683,0.0546909137937794,0.0546206052459822,0.0546616356309118,0.0546883603574253
final,2026-09-16,2026-09-29,0.0356164383561643,22300.0,PE,29.25,0.0426130282521565,23270.808167265262,0.9959643865392844,0.0448509725228643,0.1672032327175645,0.029609032497599,test,a787e7c68763f27a24749f60c805ece2f465886386a9b897a8a96b326d27c5b6,True,0.0429798862192852,0.0428041585725051,0.0419380547413498,0.0427802081751498,0.0427869052318482,0.0420039306479036,0.0420105616746018,0.0418154565092996,0.0419935051273556,0.042083548203281
final,2026-09-16,2026-09-29,0.0356164383561643,22600.0,PE,52.7,0.0292498004399894,23270.808167265262,0.9959643865392844,0.0320230843298162,0.1521253774376992,0.0441512494925555,test,a787e7c68763f27a24749f60c805ece2f465886386a9b897a8a96b326d27c5b6,True,0.031099981601494,0.0313008549888369,0.0296024542364834,0.0312426655729523,0.0312430326284137,0.0297482775066554,0.0297542809909316,0.0293905506183447,0.0299079359962413,0.0301238438811305
final,2026-09-16,2026-09-29,0.0356164383561643,22750.0,PE,72.15,0.0226345613212701,23270.808167265262,0.9959643865392844,0.0260769457839693,0.1452543056046453,0.0529341290426589,test,a787e7c68763f27a24749f60c805ece2f465886386a9b897a8a96b326d27c5b6,True,0.0254933353547995,0.0259831457879621,0.0237591775367504,0.0259012614575948,0.0258971345841967,0.0239580373613811,0.023959857046935,0.023553887915431,0.0243138981828552,0.0246093498258886
final,2026-09-16,2026-09-29,0.0356164383561643,22900.0,PE,100.35,0.0160627961580356,23270.808167265262,0.9959643865392844,0.0205923485596509,0.1394507001505274,0.0619894632419419,test,a787e7c68763f27a24749f60c805ece2f465886386a9b897a8a96b326d27c5b6,True,0.0202642202465211,0.021053971121613,0.018288638436288,0.0209456795901061,0.0209395216388278,0.0185422578040621,0.0185422076840373,0.0181666737094121,0.0191788973794435,0.0195519766104063
final,2026-09-16,2026-09-29,0.0356164383561643,23050.0,PE,138.3,0.0095339372755719,23270.808167265262,0.9959643865392844,0.0156038418269664,0.1335072517941368,0.0697492097889474,test,a787e7c68763f27a24749f60c805ece2f465886386a9b897a8a96b326d27c5b6,True,0.0154557826924772,0.0165884795138784,0.0133446323702745,0.016453777861505,0.0164474127602824,0.0136446204139987,0.0136463902718223,0.0133973232577525,0.0146211141971466,0.0150564954581516
final,2026-09-16,2026-09-29,0.0356164383561643,23200.0,PE,189.55,0.0030474280459653,23270.808167265262,0.9959643865392844,0.0112554404030173,0.1280155029192148,0.0745739079543932,test,a787e7c68763f27a24749f60c805ece2f465886386a9b897a8a96b326d27c5b6,True,0.0112211924688255,0.0126531479012101,0.0090911399438224,0.0124957234731966,0.0124884308222673,0.009416935790146,0.0094174500577822,0.0093871821839296,0.010732190251389,0.0112024533814852
final,2026-09-16,2026-09-29,0.0356164383561643,23350.0,CE,178.1,-0.0033972773966767,23270.808167265262,0.9959643865392844,0.0076583149926467,0.1231416060396675,0.0746110739456715,test,a787e7c68763f27a24749f60c805ece2f465886386a9b897a8a96b326d27c5b6,True,0.0076843766573541,0.0092967859052639,0.0056688228795737,0.0091243736753868,0.0091184230145569,0.0059896890485938,0.0059931317951543,0.0062126353938195,0.0075585875032378,0.0080294071032043
final,2026-09-16,2026-09-29,0.0356164383561643,23500.0,CE,114.6,-0.0098007144318837,23270.808167265262,0.9959643865392844,0.0048963555430187,0.1193153253838093,0.0688176011005091,test,a787e7c68763f27a24749f60c805ece2f465886386a9b897a8a96b326d27c5b6,True,0.0049445792528511,0.006542193937426,0.0031512056294713,0.0063659462186493,0.0063637347373209,0.0034333899758707,0.0034400894870307,0.0038635221908787,0.0050921017580904,0.0055296659463529
final,2026-09-16,2026-09-29,0.0356164383561643,23650.0,CE,68.05,-0.0161634082197123,23270.808167265262,0.9959643865392844,0.0028890374740367,0.1156985896499373,0.0577069888253777,test,a787e7c68763f27a24749f60c805ece2f465886386a9b897a8a96b326d27c5b6,True,0.0029361135964792,0.0043804519303243,0.0015066464256185,0.0042132022866125,0.0042150879715628,0.0017238339119569,0.0017294792436549,0.0022477209748144,0.0032726737005583,0.0036507028206625
final,2026-09-16,2026-09-29,0.0356164383561643,23800.0,CE,38.4,-0.0224858739591994,23270.808167265262,0.9959643865392844,0.0016199830033657,0.113879991089899,0.0440446680288667,test,a787e7c68763f27a24749f60c805ece2f465886386a9b897a8a96b326d27c5b6,True,0.0016568223674474,0.0027696538694514,0.0005892442402083,0.0026233678695591,0.0026277692306877,0.0007315163627167,0.0007359596219729,0.0012189530780821,0.0020021283340818,0.0023061601451898
final,2026-09-16,2026-09-29,0.0356164383561643,23950.0,CE,22.3,-0.0287686171386946,23270.808167265262,0.9959643865392844,0.0009348792832358,0.1154092099587618,0.0319236241450702,test,a787e7c68763f27a24749f60c805ece2f465886386a9b897a8a96b326d27c5b6,True,0.0009621650727624,0.0016390883646998,0.0001752152655632,0.0015222230572632,0.0015258383234417,0.0002513076667704,0.0002546467945212,0.0006144452968256,0.0011638082297292,0.0013917524480199
final,2026-09-16,2026-09-29,0.0356164383561643,24100.0,CE,13.55,-0.0350121337783797,23270.808167265262,0.9959643865392844,0.000564518843745,0.1189976955456573,0.0227257071129831,test,a787e7c68763f27a24749f60c805ece2f465886386a9b897a8a96b326d27c5b6,True,0.0005846339343466,0.000898502529348,3.5441421323447256e-05,0.0008142116508398,0.0008173568341349,6.660542222863483e-05,6.832073139998411e-05,0.0002872738401674,0.0006418837671711,0.0008014169056257
final,2026-09-16,2026-09-29,0.0356164383561643,24250.0,CE,9.15,-0.0412169106652625,23270.808167265262,0.9959643865392844,0.0003788484736286,0.1251554109922882,0.0167656640839114,test,a787e7c68763f27a24749f60c805ece2f465886386a9b897a8a96b326d27c5b6,True,0.0003947897047433,0.0004505690986349,4.087944437411364e-06,0.00039648972964,0.0003999032635997,1.2991596224652506e-05,1.3601122345135009e-05,0.0001243798713006,0.0003355465292068,0.0004399162511432
final,2026-09-16,2026-09-29,0.0356164383561643,24400.0,CE,7.15,-0.0473834255809265,23270.808167265262,0.9959643865392844,0.0002942201456655,0.1341568334331743,0.0133793122845506,test,a787e7c68763f27a24749f60c805ece2f465886386a9b897a8a96b326d27c5b6,True,0.0003084968731054,0.0002035915861255,2.02515981486903e-07,0.0001733212015534,0.0001763956744378,1.798215192101347e-06,1.941809043334917e-06,4.9818368603007576e-05,0.0001661262820194,0.0002300378539058
final,2026-09-16,2026-09-29,0.0356164383561643,24550.0,CE,5.85,-0.0535121475222999,23270.808167265262,0.9959643865392844,0.0002392547453736,0.1435530718759166,0.0109930965996302,test,a787e7c68763f27a24749f60c805ece2f465886386a9b897a8a96b326d27c5b6,True,0.0002524065325408,8.136125479636311e-05,2.828497412360765e-09,6.695958711924917e-05,6.904668248654912e-05,1.734075727761878e-07,1.9597024742774065e-07,1.8447648185366053e-05,7.785642352576248e-05,0.0001145371102878
final,2026-09-16,2026-09-29,0.0356164383561643,24700.0,CE,4.95,-0.0596035369157019,23270.808167265262,0.9959643865392844,0.000201216891897,0.1531405146596929,0.0092484135136509,test,a787e7c68763f27a24749f60c805ece2f465886386a9b897a8a96b326d27c5b6,True,0.0002135747583037,2.8092230568366877e-05,7.0876141959672586e-12,2.248057264255844e-05,2.355331156915774e-05,1.1699180591534165e-08,1.4258690437266776e-08,6.313658264615971e-06,3.4530160672294544e-05,5.4286733175140135e-05
final,2026-09-16,2026-09-29,0.0356164383561643,24900.0,CE,3.8,-0.0676680967524323,23270.808167265262,0.9959643865392844,0.0001532288140315,0.1641840824999793,0.0071735666986554,test,a787e7c68763f27a24749f60c805ece2f465886386a9b897a8a96b326d27c5b6,True,0.0001639563801119,5.142434564818022e-06,-6.472491671671348e-17,4.092636909251929e-06,4.383514083390144e-06,1.913575740897515e-10,3.2727570736349414e-10,1.337194720890146e-06,1.0717256091077527e-05,1.85779323895398e-05
final,2026-09-16,2026-09-29,0.0356164383561643,25050.0,CE,3.45,-0.0736741208126442,23270.808167265262,0.9959643865392844,0.0001382826060445,0.1743000723310108,0.0063591195602363,test,a787e7c68763f27a24749f60c805ece2f465886386a9b897a8a96b326d27c5b6,True,0.0001488551345753,1.1069155402869337e-06,-9.404567042009467e-17,9.270748664545748e-07,1.0086817024297024e-06,6.184917895522313e-12,2.340211441125575e-11,3.8094967278228724e-07,4.17881360282148e-06,7.847533164495688e-06
final,2026-09-16,2026-09-29,0.0356164383561643,25250.0,CE,2.9,-0.0816264490031392,23270.808167265262,0.9959643865392844,0.0001153168594186,0.1861667648868021,0.0052759692448547,test,a787e7c68763f27a24749f60c805ece2f465886386a9b897a8a96b326d27c5b6,True,0.0001251246058749,9.053371258488359e-08,1.0357536187161121e-16,9.467099388581969e-08,1.0548051922307812e-07,-5.635800935380561e-10,2.904758217947241e-12,6.325909830343638e-08,1.0929622503375524e-06,2.3042910334935933e-06
final,2026-09-16,2026-09-29,0.0356164383561643,25500.0,CE,2.4,-0.0914787454461509,23270.808167265262,0.9959643865392844,9.449900852967014e-05,0.2008245419920852,0.004280189987761,test,a787e7c68763f27a24749f60c805ece2f465886386a9b897a8a96b326d27c5b6,True,0.0001035513979654,1.459931300408522e-09,3.289320476125604e-09,3.28039974107588e-09,3.887905103139125e-09,4.153257378242573e-16,3.174118798912746e-12,5.5302518509349455e-09,1.7843195638074318e-07,4.4095530985885e-07
final,2026-09-16,2026-10-06,0.0547945205479452,22800.0,PE,111.0,0.0215521825749193,23296.72327098159,0.9996444004946006,0.0266562612529712,0.1372073038111814,0.0737502868999888,test,a787e7c68763f27a24749f60c805ece2f465886386a9b897a8a96b326d27c5b6,True,0.026087907277706,0.0275164491418203,0.0245330389059086,0.0273199625084937,0.0273232243365429,0.0247475907599643,0.0247463894082315,0.0238071611315638,0.0249594357093771,0.0249886485189285
final,2026-09-16,2026-10-06,0.0547945205479452,23050.0,PE,172.45,0.0106469490926569,23296.72327098159,0.9996444004946006,0.0181880527518668,0.1287777566494316,0.0872627290945705,test,a787e7c68763f27a24749f60c805ece2f465886386a9b897a8a96b326d27c5b6,True,0.0179954327076,0.0200784898700969,0.016443933767488,0.0198272264533244,0.0198307747399423,0.0166974749081575,0.0167055735101729,0.0158664509050281,0.0173588587956178,0.0173953298335024
final,2026-09-16,2026-10-06,0.0547945205479452,23200.0,PE,224.05,0.0041604398630501,23296.72327098159,0.9996444004946006,0.0138298694565603,0.1242464169866242,0.0922328769623043,test,a787e7c68763f27a24749f60c805ece2f465886386a9b897a8a96b326d27c5b6,True,0.013772450642956,0.0161691382733798,0.012283795832545,0.0158915848122416,0.0158902806673661,0.0125476851240006,0.0125560704939677,0.0119103160307771,0.0135150894286242,0.013553910780362
final,2026-09-16,2026-10-06,0.0547945205479452,23350.0,CE,237.65,-0.0022842655795917,23296.72327098159,0.9996444004946006,0.0101813506759841,0.1209907781698516,0.0931791087402092,test,a787e7c68763f27a24749f60c805ece2f465886386a9b897a8a96b326d27c5b6,True,0.010204634167602,0.0127145279486365,0.0087393122289514,0.0124195689330386,0.0124148785745626,0.0090008758586298,0.0090083987583947,0.0086238561191106,0.0102479301662853,0.0102871681972794
final,2026-09-16,2026-10-06,0.0547945205479452,23500.0,CE,169.35,-0.0086877026147988,23296.72327098159,0.9996444004946006,0.0072089464765249,0.1182747329090431,0.0892774518971269,test,a787e7c68763f27a24749f60c805ece2f465886386a9b897a8a96b326d27c5b6,True,0.0072718485010873,0.009733283815334,0.0058596337883008,0.0094325595269316,0.0094270747454155,0.0061057070762887,0.0061139432184045,0.0060074959304837,0.0075561783777277,0.0075938737613531
final,2026-09-16,2026-10-06,0.0547945205479452,23650.0,CE,116.1,-0.0150503964026274,23296.72327098159,0.9996444004946006,0.0049108372003704,0.1162248635471856,0.0807334559178624,test,a787e7c68763f27a24749f60c805ece2f465886386a9b897a8a96b326d27c5b6,True,0.0049853062354664,0.0072290410422671,0.003654082638906,0.0069358844150643,0.0069307914541509,0.0038728978727716,0.0038809507084663,0.0040172021481496,0.0054103806409763,0.0054448341861486
final,2026-09-16,2026-10-06,0.0547945205479452,23800.0,CE,76.65,-0.0213728621421145,23296.72327098159,0.9996444004946006,0.0032217338822691,0.114794314455326,0.0687871569622528,test,a787e7c68763f27a24749f60c805ece2f465886386a9b897a8a96b326d27c5b6,True,0.0032913326696683,0.0051889243177429,0.002083984036345,0.0049167942870161,0.0049136803110749,0.00226675058864,0.0022712515366391,0.0025737507422742,0.0037575693383028,0.0037875578635274
final,2026-09-16,2026-10-06,0.0547945205479452,23950.0,CE,50.35,-0.0276556053216097,23296.72327098159,0.9996444004946006,0.0021030442924496,0.1150729836469356,0.0558919592478245,test,a787e7c68763f27a24749f60c805ece2f465886386a9b897a8a96b326d27c5b6,True,0.0021620169591363,0.0035835968766664,0.0010634886949613,0.0033442428232322,0.003340804765975,0.0012053715553122,0.0012086213454975,0.0015774021906334,0.0025288048187595,0.0025536849665654
final,2026-09-16,2026-10-06,0.0547945205479452,24200.0,CE,23.7,-0.0380399146273261,23296.72327098159,0.9996444004946006,0.0009796872192658,0.1161400346312298,0.0357567796177936,test,a787e7c68763f27a24749f60c805ece2f465886386a9b897a8a96b326d27c5b6,True,0.0010176723323045,0.0017496463783228,0.0002490980985926,0.0015811030502858,0.0015777959540539,0.0003240763270265,0.0003258120781376,0.0006299945044355,0.0012161102409459,0.0012325338780869
final,2026-09-16,2026-10-13,0.073972602739726,23000.0,PE,189.85,0.0141230643219937,23327.13511701709,1.0016824442199297,0.0224637496292281,0.1302852549588592,0.0994983767347902,test,a787e7c68763f27a24749f60c805ece2f465886386a9b897a8a96b326d27c5b6,True,0.0221487224590789,0.0247034549556384,0.0209958071121667,0.0243415622074225,0.024354159725027,0.0211682525912862,0.0211787188045653,0.0196159263784645,0.0212752129891584,0.0213346803638034
final,2026-09-16,2026-10-13,0.073972602739726,23250.0,PE,275.95,0.003312148217778,23327.13511701709,1.0016824442199297,0.0151665215626588,0.1236911745047709,0.1077854109507386,test,a787e7c68763f27a24749f60c805ece2f465886386a9b897a8a96b326d27c5b6,True,0.0151163708943658,0.0181900130261322,0.0141348905600966,0.0177813758138859,0.0177848178971443,0.0143117314247124,0.0143245278101235,0.0130307400772956,0.0148754107157623,0.0149405660313803
final,2026-09-16,2026-10-13,0.073972602739726,23400.0,CE,269.9,-0.0031187421125122,23327.13511701709,1.0016824442199297,0.0115148150002473,0.1201190114071864,0.108164792964013,test,a787e7c68763f27a24749f60c805ece2f465886386a9b897a8a96b326d27c5b6,True,0.0115507827966935,0.0147932643509976,0.0106823895778258,0.0143695175958463,0.0143681231942086,0.0108563656141661,0.0108673624261199,0.009843502993184,0.011695342843675,0.0117607450780957
final,2026-09-16,2026-10-13,0.073972602739726,23550.0,CE,202.7,-0.0095085402112833,23327.13511701709,1.0016824442199297,0.0085927618411589,0.1182613999184466,0.10434633844542,test,a787e7c68763f27a24749f60c805ece2f465886386a9b897a8a96b326d27c5b6,True,0.0086748561426075,0.0117970399105484,0.0077667735546595,0.0113705416012517,0.0113662043291706,0.007934326926102,0.0079439396571446,0.0072290074264415,0.0090085231727434,0.0090717648389943
final,2026-09-16,2026-10-13,0.073972602739726,23700.0,CE,147.65,-0.015857767889942,23327.13511701709,1.0016824442199297,0.0062194938544209,0.1165703367661908,0.0964962545999271,test,a787e7c68763f27a24749f60c805ece2f465886386a9b897a8a96b326d27c5b6,True,0.0063189072987469,0.0092049070649425,0.0053959548200588,0.0087892403860195,0.0087829270619217,0.005554090037206,0.0055630157536859,0.0051543754738946,0.0067926771028999,0.0068516280534287
final,2026-09-16,2026-10-27,0.1123287671232876,22000.0,PE,69.9,0.0607932101099638,23378.941083562186,0.9863047280024988,0.0659005307089417,0.1554266403401278,0.0656233910209307,test,a787e7c68763f27a24749f60c805ece2f465886386a9b897a8a96b326d27c5b6,True,0.0620135732587172,0.0631207559833028,0.0611884696364687,0.0628243506396449,0.0628243756555645,0.0612112368351996,0.0612147382751713,0.0595725936850792,0.0601566394916656,0.0602061198229439
final,2026-09-16,2026-10-27,0.1123287671232876,22500.0,PE,125.3,0.0383203542579051,23378.941083562186,0.9863047280024988,0.0447102635020974,0.1406634400283535,0.0942419248229254,test,a787e7c68763f27a24749f60c805ece2f465886386a9b897a8a96b326d27c5b6,True,0.0430293624164398,0.0454952659750531,0.0425828747128987,0.04503995649371,0.0450420897733067,0.0425906649510805,0.0425929777410319,0.0400334622001268,0.0413103423957835,0.0414077191126228
final,2026-09-16,2026-10-27,0.1123287671232876,22650.0,PE,151.15,0.0316758115392366,23378.941083562186,0.9863047280024988,0.0389487800149799,0.1368743516243938,0.1036647219283803,test,a787e7c68763f27a24749f60c805ece2f465886386a9b897a8a96b326d27c5b6,True,0.0377343808766242,0.0406387142459052,0.0374353707011745,0.0401352836368862,0.040142781055484,0.0374362517457742,0.037441626229889,0.0346776478979232,0.0361833212885793,0.0362955939718511
final,2026-09-16,2026-10-27,0.1123287671232876,22800.0,PE,181.7,0.0250751275078845,23378.941083562186,0.9863047280024988,0.0334721082208115,0.1329393127531062,0.1126745603078729,test,a787e7c68763f27a24749f60c805ece2f465886386a9b897a8a96b326d27c5b6,True,0.0326432264278678,0.0360179902864141,0.0325437348289113,0.0354691256023473,0.03548271392199,0.032537376749314,0.032546218584632,0.0296477134130601,0.031368436834972,0.0314944267471593
final,2026-09-16,2026-10-27,0.1123287671232876,22950.0,PE,220.6,0.0185177269617255,23378.941083562186,0.9863047280024988,0.0284359133301637,0.1298951700671948,0.1209885452931192,test,a787e7c68763f27a24749f60c805ece2f465886386a9b897a8a96b326d27c5b6,True,0.0279141903217381,0.0316528460701822,0.0279401619269152,0.0310632007862009,0.0310803827021916,0.027927011490511,0.0279397246064993,0.0249925874194868,0.0268994542503527,0.0270371334722615
final,2026-09-16,2026-10-27,0.1123287671232876,23100.0,PE,266.75,0.0120030459405317,23378.941083562186,0.9863047280024988,0.0237833343652398,0.1269144961102357,0.1276908461854256,test,a787e7c68763f27a24749f60c805ece2f465886386a9b897a8a96b326d27c5b6,True,0.0234995683454337,0.0275614844931854,0.0236556897281267,0.0269377686971317,0.0269536882615099,0.023637133969353,0.0236539058182205,0.0207535594654937,0.0228037343401695,0.0229503211375234
final,2026-09-16,2026-10-27,0.1123287671232876,23250.0,PE,320.85,0.0055305314349142,23378.941083562186,0.9863047280024988,0.0195374720847155,0.1239479216268812,0.1321332748325226,test,a787e7c68763f27a24749f60c805ece2f465886386a9b897a8a96b326d27c5b6,True,0.019429717725283,0.0237598662815177,0.0197186492486662,0.0231108104034285,0.0231224636773968,0.0196970841942555,0.019715383158304,0.0169607115944598,0.019100434594086,0.0192525708623398
final,2026-09-16,2026-10-27,0.1123287671232876,23400.0,CE,363.7,-0.000900358895376,23378.941083562186,0.9863047280024988,0.015758552708363,0.1212570109497326,0.1337072113431968,test,a787e7c68763f27a24749f60c805ece2f465886386a9b897a8a96b326d27c5b6,True,0.0157727474506945,0.020261013716843,0.016152957270592,0.0195971808219556,0.0196037584654179,0.0161317136792851,0.0161469638178658,0.013630287439713,0.0157992769839618,0.0159532677392448
final,2026-09-16,2026-10-27,0.1123287671232876,23550.0,CE,288.95,-0.007290156994147,23378.941083562186,0.9863047280024988,0.0124400083640137,0.1186597630420863,0.1319337716483544,test,a787e7c68763f27a24749f60c805ece2f465886386a9b897a8a96b326d27c5b6,True,0.0125310293535281,0.017074349703936,0.0129763637145581,0.0164077812804021,0.0164099829819021,0.0129594524495289,0.0129712997923991,0.0107633805850894,0.0129000126687475,0.0130520982781655
final,2026-09-16,2026-10-27,0.1123287671232876,23700.0,CE,226.2,-0.0136393846728057,23378.941083562186,0.9863047280024988,0.0096768306249508,0.1168644575894395,0.1266781709070941,test,a787e7c68763f27a24749f60c805ece2f465886386a9b897a8a96b326d27c5b6,True,0.0098097208505557,0.0142051153312292,0.0101988047666608,0.0135488101862085,0.0135459022836191,0.0101904698744668,0.010198518262002,0.0083461104857507,0.0103926268058204,0.0105392544901272
final,2026-09-16,2026-10-27,0.1123287671232876,23850.0,CE,173.2,-0.0199485538660704,23378.941083562186,0.9863047280024988,0.0073628913064676,0.1151762448161823,0.1181450357882931,test,a787e7c68763f27a24749f60c805ece2f465886386a9b897a8a96b326d27c5b6,True,0.0075112451428658,0.0116539110108677,0.0078210423576384,0.011021155739229,0.0110148114281225,0.0078251505587682,0.0078316461953482,0.0063512127477273,0.0082582361439557,0.0083962988378233
final,2026-09-16,2026-10-27,0.1123287671232876,24000.0,CE,131.8,-0.0262181668796659,23378.941083562186,0.9863047280024988,0.0055679208572675,0.1145123240008388,0.1072587814003196,test,a787e7c68763f27a24749f60c805ece2f465886386a9b897a8a96b326d27c5b6,True,0.0057158320428967,0.0094164047018211,0.0058337836956017,0.0088199956661828,0.0088126785453173,0.0058531304550773,0.0058591143042506,0.0047407551668009,0.0064705532181942,0.006597570503547
final,2026-09-16,2026-10-27,0.1123287671232876,24150.0,CE,98.0,-0.0324487166303019,23378.941083562186,0.9863047280024988,0.0041143177146794,0.1137296157566519,0.0945707254032546,test,a787e7c68763f27a24749f60c805ece2f465886386a9b897a8a96b326d27c5b6,True,0.0042500116859171,0.0074832449738155,0.0042174625773986,0.0069346632555665,0.0069260488918723,0.004253126138492,0.0042582423024649,0.0034695456621714,0.0049977357118537,0.0051119616215738
final,2026-09-16,2026-10-27,0.1123287671232876,24300.0,CE,72.7,-0.038640686878223,23378.941083562186,0.9863047280024988,0.0030333115743895,0.1137211137850226,0.0815228669839462,test,a787e7c68763f27a24749f60c805ece2f465886386a9b897a8a96b326d27c5b6,True,0.0031528147914915,0.0058402064372385,0.0029428200540229,0.005348825261377,0.0053388801476683,0.0029937280419685,0.0029990327692345,0.0024887461198788,0.0038044144106586,0.0039048682773593
final,2026-09-16,2026-10-27,0.1123287671232876,24450.0,CE,52.65,-0.0447945524526013,23378.941083562186,0.9863047280024988,0.0021832747750179,0.1134814837493556,0.0683278850001085,test,a787e7c68763f27a24749f60c805ece2f465886386a9b897a8a96b326d27c5b6,True,0.0022832970945258,0.0044685804778884,0.0019723426533052,0.0040409950592152,0.0040321981747967,0.0020352098678011,0.0020404857722162,0.001749245610671,0.002853698541913,0.0029401255905113
final,2026-09-16,2026-10-27,0.1123287671232876,24600.0,CE,39.5,-0.0509107794700374,23378.941083562186,0.9863047280024988,0.0016279867786525,0.1148550468581609,0.0571881489081,test,a787e7c68763f27a24749f60c805ece2f465886386a9b897a8a96b326d27c5b6,True,0.0017130149142216,0.003345805998406,0.0012625052385071,0.0029853745545396,0.0029801670167225,0.0013322393769026,0.0013362653701145,0.0012044552798281,0.0021089881716247,0.0021817645448693
final,2026-09-16,2026-10-27,0.1123287671232876,24750.0,CE,30.9,-0.0569898255464195,23378.941083562186,0.9863047280024988,0.0012658206059838,0.1175450437539119,0.0483097698975416,test,a787e7c68763f27a24749f60c805ece2f465886386a9b897a8a96b326d27c5b6,True,0.0013400547050493,0.0024463143160258,0.000766635252083,0.0021529831474411,0.0021518325342999,0.000837188989091,0.0008394690172034,0.0008123317084904,0.0015354711223345,0.0015954725541865
final,2026-09-16,2026-10-27,0.1123287671232876,25000.0,CE,21.25,-0.067040161399921,23378.941083562186,0.9863047280024988,0.0008618026213069,0.1227443607046064,0.0366393137418167,test,a787e7c68763f27a24749f60c805ece2f465886386a9b897a8a96b326d27c5b6,True,0.000921558656385,0.0013680469387906,0.0002903039458302,0.0011777786643865,0.0011808886613154,0.0003497682146824,0.000350291781492,0.00040228613447,0.0008749921336793,0.0009165379625863
final,2026-09-16,2026-10-27,0.1123287671232876,25500.0,CE,11.65,-0.0868427886961008,23378.941083562186,0.9863047280024988,0.0004632064838858,0.1353890675944978,0.0223635956213973,test,a787e7c68763f27a24749f60c805ece2f465886386a9b897a8a96b326d27c5b6,True,0.0005052309810298,0.0003258418794036,2.030691909642255e-05,0.0002745953485633,0.0002781507738688,4.058812744945923e-05,4.0666728482602265e-05,8.29162160501289e-05,0.0002506007735763,0.0002674763969239
final,2026-09-16,2026-10-27,0.1123287671232876,27000.0,CE,3.7,-0.1440012025360493,23378.941083562186,0.9863047280024988,0.0001389398561584,0.1771186873353261,0.0075756906014773,test,a787e7c68763f27a24749f60c805ece2f465886386a9b897a8a96b326d27c5b6,True,0.0001604596248764,8.072256575829052e-08,1.7301258374176847e-14,2.952944177767825e-07,3.086256748079464e-07,2.172666686245191e-09,1.705667437403476e-09,1.8693779424201634e-07,2.2014254638141515e-06,2.5379344509175164e-06
final,2026-09-16,2026-11-23,0.1863013698630137,22500.0,PE,180.6,0.0427811211994904,23483.462039572685,0.9780927912467696,0.0519158709955447,0.1363709333067707,0.1293691764843075,test,a787e7c68763f27a24749f60c805ece2f465886386a9b897a8a96b326d27c5b6,True,0.0497416903619808,0.0543509711151756,0.051370538840074,0.0535018933184405,0.0535066635891871,0.0510510330587676,0.0510584024065264,0.0462077453047913,0.0478732173595973,0.0476639365623841
final,2026-09-16,2026-11-23,0.1863013698630137,22900.0,PE,268.1,0.0251595198496708,23483.462039572685,0.9780927912467696,0.0374483367789717,0.128736947723482,0.1534154366551842,test,a787e7c68763f27a24749f60c805ece2f465886386a9b897a8a96b326d27c5b6,True,0.0365179082536186,0.042422380787512,0.0389922975813165,0.0414555297560392,0.0414669156222802,0.0386236225151536,0.0386331260056164,0.0332570349468811,0.0354076233678682,0.0351442767573321
final,2026-09-16,2026-11-23,0.1863013698630137,23100.0,PE,327.65,0.0164638128821169,23483.462039572685,0.9780927912467696,0.031101762174154,0.1255984500455231,0.1630255970004392,test,a787e7c68763f27a24749f60c805ece2f465886386a9b897a8a96b326d27c5b6,True,0.030593900720953,0.0369899415437795,0.0333898707647908,0.0359823130912175,0.035997302615756,0.0330087803345466,0.0330239434931748,0.0275920867053913,0.0299195350405407,0.0296367668986111
final,2026-09-16,2026-11-23,0.1863013698630137,23300.0,PE,398.85,0.0078430698382098,23483.462039572685,0.9780927912467696,0.0253753405817407,0.1226847088164298,0.1695896035581719,test,a787e7c68763f27a24749f60c805ece2f465886386a9b897a8a96b326d27c5b6,True,0.0251770984430759,0.0319405824180433,0.0282204625249593,0.0309080894651744,0.0309259589149022,0.0278378815069632,0.0278591700531587,0.022527828749569,0.0249686472806702,0.0246734583206444
final,2026-09-16,2026-11-23,0.1863013698630137,23450.0,PE,458.5,0.0014259355175763,23483.462039572685,0.9780927912467696,0.0214171202271835,0.1201167042480338,0.1719484524188592,test,a787e7c68763f27a24749f60c805ece2f465886386a9b897a8a96b326d27c5b6,True,0.0213866025580524,0.0284151824083775,0.0246430306312452,0.0273758937589988,0.0273933591373249,0.0242674258081688,0.0242878907833225,0.0191378791568174,0.0216167937969395,0.0213173869526939
final,2026-09-16,2026-11-23,0.1863013698630137,23600.0,CE,412.25,-0.0049502816216995,23483.462039572685,0.9780927912467696,0.0178594715095654,0.117802982792206,0.1717491064812882,test,a787e7c68763f27a24749f60c805ece2f465886386a9b897a8a96b326d27c5b6,True,0.0179481001104304,0.0251200925235386,0.0213317463829659,0.0240849686259197,0.0241004768896176,0.0209704467579422,0.0209878014773196,0.0161001666360933,0.0185754870372506,0.0182763674369604
final,2026-09-16,2026-11-23,0.1863013698630137,23750.0,CE,343.0,-0.0112861000707853,23483.462039572685,0.9780927912467696,0.0147655778596922,0.1160852780527684,0.1687778039006598,test,a787e7c68763f27a24749f60c805ece2f465886386a9b897a8a96b326d27c5b6,True,0.014933167587332,0.0220589609070483,0.0182922881818088,0.0210393668426667,0.0210513033047745,0.0179526223233545,0.0179661168572999,0.0134095332841369,0.0158405333661139,0.0155461086797942
final,2026-09-16,2026-11-23,0.1863013698630137,23900.0,CE,284.2,-0.0175820285276001,23483.462039572685,0.9780927912467696,0.012157551405694,0.1151603107676379,0.1631297027363957,test,a787e7c68763f27a24749f60c805ece2f465886386a9b897a8a96b326d27c5b6,True,0.0123731960009323,0.0192336027853948,0.0155274925281881,0.0182409672551631,0.0182483194887662,0.0152164130022938,0.015225875496013,0.0110545554317793,0.0134034354106372,0.0131178266109085
final,2026-09-16,2026-11-23,0.1863013698630137,24050.0,CE,232.55,-0.0238385661419053,23483.462039572685,0.9780927912467696,0.0098860136338527,0.1142322169106668,0.1549896258267784,test,a787e7c68763f27a24749f60c805ece2f465886386a9b897a8a96b326d27c5b6,True,0.0101245134764841,0.016643884663409,0.0130371089894352,0.0156893264708189,0.0156921777446595,0.0127607937129322,0.0127661874856917,0.0090182785619568,0.0112518312925673,0.0109787097223508
final,2026-09-16,2026-11-23,0.1863013698630137,24200.0,CE,187.15,-0.0300562027527759,23483.462039572685,0.9780927912467696,0.0079066844614224,0.1131119676504837,0.1445830211783987,test,a787e7c68763f27a24749f60c805ece2f465886386a9b897a8a96b326d27c5b6,True,0.0081479367754203,0.0142876497144602,0.0108176407584317,0.013381588735136,0.013381456396259,0.0105811013682537,0.01058498775046,0.0072792002325072,0.0093700699036277,0.0091125304235151
final,2026-09-16,2026-11-23,0.1863013698630137,24400.0,CE,138.45,-0.0382867018892913,23483.462039572685,0.9780927912467696,0.0058012699599145,0.1121659572340808,0.1283514738728594,test,a787e7c68763f27a24749f60c805ece2f465886386a9b897a8a96b326d27c5b6,True,0.0060276881996096,0.0115016334422464,0.008267550530931,0.0106745197932465,0.0106734679873021,0.0080891808451279,0.0080938885322904,0.0053793431677446,0.0072489420679326,0.007015843205384
final,2026-09-16,2026-11-23,0.1863013698630137,24800.0,CE,77.65,-0.0545472227610716,23483.462039572685,0.9780927912467696,0.0032011772452648,0.1136843239998379,0.095366101437242,test,a787e7c68763f27a24749f60c805ece2f465886386a9b897a8a96b326d27c5b6,True,0.0033806427497268,0.0070835097251444,0.0044654911225691,0.0064489492191079,0.0064503097987883,0.0044045159971353,0.0044132765261867,0.0027705552058993,0.0041517989169213,0.0039739440621093
final,2026-09-16,2026-11-23,0.1863013698630137,26000.0,CE,21.65,-0.1018001076116172,23483.462039572685,0.9780927912467696,0.0008513428533001,0.1335535894705281,0.0380831549638326,test,a787e7c68763f27a24749f60c805ece2f465886386a9b897a8a96b326d27c5b6,True,0.0009425745722032,0.0009724813935165,0.0002903775548845,0.0008616378035748,0.000869073071649,0.0003585981352583,0.0003603260861429,0.0002352134886076,0.0005463666612586,0.0004997928799477
